1.526562097898799264e+00 1.613806673130026681e+00 1.696810980358754550e+00 1.872381267409879202e+00 1.906502708199699692e+00 2.081714985220264769e+00 2.509081151135224896e+00 2.628994878109689015e+00 3.128858792238352837e+00 3.199821130046163642e+00 3.323669948956173403e+00 3.553971851968550144e+00 3.584770237430682016e+00 3.638859186330142936e+00 3.844767549600604628e+00 4.081993621116293269e+00 4.136291218220137011e+00 4.324313036442029023e+00 4.547512664664935755e+00 4.713414016658034278e+00 4.793933748936211714e+00 4.854368393336364385e+00 5.027335769506513508e+00 5.227946355294576186e+00 5.333823668725628409e+00 5.711932101326198108e+00 6.058349377127050239e+00 6.373141736836805293e+00 6.526785457142274538e+00 6.859063130147913689e+00 7.329031652737790559e+00 7.684909927964517884e+00 7.790999338569552179e+00 7.944353158727462727e+00 8.105278414162938816e+00 8.227753687595194876e+00 8.274869743061556093e+00 8.486598472254929248e+00 9.513400537378164046e+00 9.712279077990032761e+00 1.059022874337161113e+01 1.127473031421664729e+01 1.161179697522593379e+01 1.197704247857793014e+01 1.233757837621434739e+01 1.260938665764421884e+01 1.309896790827293600e+01 1.321584506800260250e+01 1.349790549158518971e+01 1.364630441228407953e+01 1.392366041843919611e+01 1.409948564541469196e+01 1.425094885484793750e+01 1.437773850114907326e+01 1.458509411381024812e+01 1.486007065153937035e+01 1.501412928703859961e+01 1.573316202173039713e+01 1.590494333929666482e+01 1.720278097280138496e+01 1.836573342692409128e+01 1.957782394757579425e+01 1.962783829556521553e+01 1.972174440750632840e+01 1.983629843058576370e+01 1.997023785791314054e+01 2.059590509383672341e+01 2.129386951069999867e+01 2.182034028695213834e+01 2.271186833806706318e+01 2.327429257072279967e+01 2.753564092620334591e+01
1.499694683071253865e+00 1.556617383963474932e+00 1.721248964583050434e+00 1.852978608635992286e+00 1.935953114710129874e+00 2.098278967422774866e+00 2.463663860268917372e+00 2.675330139482107850e+00 3.086272868512663248e+00 3.224659871497105090e+00 3.317772784301678435e+00 3.543698304082011141e+00 3.586438953299171839e+00 3.641210008010606902e+00 3.855004660351456724e+00 4.038285261337319909e+00 4.131442473189936848e+00 4.284706924004119344e+00 4.525703489143546143e+00 4.660449664247196644e+00 4.793023359686798379e+00 4.872901316356735180e+00 5.031505281017862430e+00 5.268003666365276949e+00 5.400197405961149499e+00 5.709823027163534626e+00 6.064104910038754959e+00 6.370469171339038894e+00 6.531106254019444890e+00 6.849409212889093546e+00 7.318974025063638145e+00 7.682430582168141342e+00 7.808505699184525639e+00 7.950236761776954708e+00 8.111105146829959978e+00 8.225226298668532721e+00 8.288169078886923558e+00 8.501664387062380257e+00 9.515342038068032693e+00 9.713077511434475397e+00 1.059400422105549566e+01 1.124727971601631893e+01 1.162528593787450504e+01 1.196658918998554455e+01 1.233986564736305880e+01 1.262247545480510524e+01 1.310476151561305613e+01 1.321915546124830065e+01 1.349481475221258719e+01 1.363984978498329959e+01 1.389591912058993017e+01 1.412028855577408848e+01 1.424304100627513847e+01 1.438763030593754344e+01 1.457757288266257234e+01 1.486272310552264564e+01 1.501674732839243909e+01 1.572777333724764937e+01 1.589627085388882932e+01 1.721623638672560830e+01 1.835902641020723891e+01 1.957457587660586640e+01 1.961882968788298243e+01 1.968429413880214796e+01 1.983188214686111905e+01 1.996435877992746910e+01 2.058933661968474738e+01 2.129765986426584945e+01 2.180463625116493986e+01 2.269370236227589288e+01 2.327120825137470561e+01 2.748488823283711113e+01
1.427571592963661873e+00 1.455029629633686872e+00 1.720523995647510462e+00 1.822712613801492854e+00 1.984174534629260744e+00 2.137290466413138468e+00 2.391547076367450675e+00 2.733550749703826721e+00 2.997788308808503110e+00 3.243670936548769035e+00 3.311220975520499987e+00 3.525908468997549061e+00 3.589850032788573841e+00 3.627713867507805112e+00 3.870935123330481620e+00 3.946051089170474757e+00 4.099376088125827877e+00 4.221715432244486976e+00 4.444964667482919296e+00 4.598683998319747168e+00 4.757002067405792012e+00 4.847863213771002044e+00 5.166797325854886047e+00 5.312485004014945389e+00 5.541271778807903559e+00 5.706515907238036256e+00 6.081725758064351339e+00 6.366258475680115936e+00 6.537279803758800689e+00 6.827604362086892031e+00 7.294527575209047932e+00 7.675234469916210500e+00 7.846770395653920538e+00 7.967201662624567859e+00 8.138953991919668951e+00 8.233188387884517567e+00 8.310599894064115034e+00 8.543337327324776354e+00 9.520957009145710970e+00 9.714969174110921202e+00 1.060428263867006216e+01 1.117776373428546499e+01 1.164556275105983296e+01 1.193579621070512076e+01 1.234978655903655032e+01 1.265834075969677386e+01 1.312100290873800823e+01 1.322557947864596350e+01 1.348233750015020327e+01 1.361409981116222312e+01 1.384493829550480903e+01 1.415990821182159287e+01 1.422847010782486699e+01 1.440764406837353029e+01 1.456113549510333982e+01 1.486903816379611776e+01 1.502185207870221717e+01 1.570590888254131023e+01 1.587448751205836572e+01 1.725334831230715338e+01 1.833273118684512681e+01 1.952123276189574597e+01 1.958954711960234008e+01 1.964202242876050519e+01 1.979180791426247765e+01 1.994857852595863079e+01 2.058432852915810329e+01 2.129771236938912082e+01 2.176312824295844095e+01 2.265610074467373281e+01 2.326200358023503156e+01 2.733611710805663719e+01
1.321070969144827911e+00 1.334659808208757070e+00 1.688488367956814562e+00 1.778253325195776169e+00 2.017024980506686216e+00 2.168595656119534532e+00 2.315661575104015935e+00 2.720543229872997681e+00 2.879798331507553488e+00 3.222049625296496966e+00 3.323500547005449057e+00 3.512763296254579615e+00 3.582358264772454781e+00 3.597737521741356304e+00 3.774653081146702949e+00 3.938245952204606493e+00 4.069542309800854518e+00 4.184430044056191456e+00 4.330882982981966833e+00 4.504246999967477016e+00 4.748109064904324050e+00 4.874391596306871577e+00 5.290187162716311065e+00 5.369020513845766729e+00 5.657047006850785209e+00 5.727727359150592612e+00 6.108610052432537962e+00 6.368697439392246196e+00 6.527021747298097587e+00 6.814470933112938056e+00 7.269351249352827615e+00 7.664991570904239104e+00 7.878829402186513953e+00 7.991947547033907640e+00 8.185966248965325320e+00 8.276386632293196044e+00 8.333617400417807630e+00 8.602986495193292171e+00 9.529217218857015226e+00 9.716553633214555674e+00 1.061783619472553397e+01 1.108396990770899038e+01 1.163733946842425127e+01 1.189282235791387343e+01 1.236103224044695281e+01 1.271157035217298592e+01 1.313926202636282703e+01 1.322758513978432049e+01 1.345324242777332913e+01 1.356449173509016681e+01 1.381018717067117585e+01 1.418389508351969042e+01 1.422733263442770912e+01 1.442884025120001823e+01 1.454796460988139906e+01 1.487669135671607634e+01 1.502315429723066131e+01 1.565513739706622864e+01 1.585203441236044597e+01 1.729326603942701013e+01 1.826692871113278471e+01 1.936350248432894361e+01 1.958068062267696874e+01 1.961547143756147804e+01 1.972066551285916347e+01 1.993791095258859514e+01 2.059932694914979834e+01 2.127915019949347197e+01 2.170976129174795233e+01 2.263322782034100555e+01 2.325007897324572426e+01 2.709926373061957250e+01
1.186132770489047417e+00 1.199439883276992358e+00 1.640521626716999526e+00 1.718985731687328045e+00 2.007135443936050923e+00 2.160850777203362938e+00 2.230441081201916642e+00 2.542070182663122235e+00 2.784867324506184794e+00 3.176125214956754483e+00 3.333028078939655359e+00 3.498975981618381415e+00 3.558323472774511664e+00 3.568527784157703220e+00 3.687357535679669507e+00 3.911164573146050039e+00 4.068476929353889382e+00 4.166645677338220111e+00 4.234954471832727663e+00 4.455712254530834748e+00 4.747451754727852524e+00 4.910886509025110591e+00 5.345545907799083452e+00 5.447182654628772269e+00 5.705750343338005237e+00 5.799668600736018753e+00 6.137997016605223344e+00 6.382807416811815848e+00 6.488103877588176083e+00 6.828415293257179997e+00 7.260560842268319881e+00 7.654623801837070474e+00 7.896836790930065852e+00 8.019850972705212300e+00 8.217847615871406219e+00 8.329563107198000083e+00 8.398167725859225996e+00 8.678642792339875456e+00 9.538202791408860293e+00 9.715211398003612331e+00 1.062814966880881506e+01 1.097794587032795377e+01 1.157666384383344393e+01 1.185386458757469264e+01 1.234560354546119498e+01 1.277129215604178647e+01 1.312415878839834171e+01 1.322698838654534192e+01 1.340968265118033287e+01 1.352701945343346956e+01 1.379311996672612040e+01 1.417090796509549655e+01 1.424828673631677489e+01 1.444905791029680486e+01 1.454940141606218873e+01 1.488490056016675211e+01 1.501501772492582631e+01 1.557606055648282961e+01 1.583666581359317149e+01 1.725835828696595442e+01 1.814824506651001457e+01 1.918470360372531047e+01 1.954966432339940141e+01 1.959372180217487269e+01 1.968162866031243041e+01 1.993477700484659110e+01 2.063105103678509877e+01 2.125107877999312578e+01 2.165715313490196792e+01 2.264728702842777608e+01 2.324444176552695751e+01 2.678947891872761389e+01
1.030460694402213218e+00 1.044918937423164884e+00 1.582106809187806107e+00 1.648797560721740219e+00 1.931478160924773535e+00 2.060865306915059758e+00 2.137118935160748023e+00 2.289573483926445885e+00 2.681991694943417048e+00 3.134949337959980209e+00 3.324080007486485577e+00 3.453185157352104184e+00 3.540526751995596300e+00 3.561621744488568719e+00 3.659204082120015133e+00 3.846956305446060931e+00 4.041519122370701211e+00 4.119328702361436001e+00 4.277540537306887103e+00 4.461295260060590628e+00 4.738729092744907057e+00 4.930473875015806584e+00 5.357823732764057212e+00 5.515626642525318424e+00 5.758618808362946595e+00 5.836267274578486486e+00 6.165456203513857147e+00 6.376425097997999281e+00 6.465380115817146667e+00 6.861430499105004799e+00 7.283291164250688787e+00 7.646945434030744337e+00 7.905892824069391089e+00 8.049330603949416130e+00 8.241775415309223973e+00 8.347554010468170915e+00 8.492027479485846797e+00 8.782351051165813161e+00 9.546495521562880171e+00 9.705965454103514745e+00 1.061988830328213851e+01 1.087826344446226656e+01 1.146683068660793481e+01 1.182054028311944016e+01 1.226749236351385086e+01 1.280234528125555826e+01 1.306126935229888630e+01 1.320818371186857654e+01 1.340256698907013622e+01 1.352793708711034348e+01 1.377546900130881014e+01 1.414389097205551771e+01 1.426386748565908569e+01 1.444930097380793121e+01 1.457710820609683822e+01 1.489346570049008811e+01 1.499641005086112955e+01 1.548776964221477037e+01 1.582312880297630642e+01 1.699059119391795036e+01 1.805784021378305582e+01 1.907381774077041925e+01 1.951234289905546504e+01 1.959097457736186598e+01 1.966931258972870111e+01 1.993511265897876328e+01 2.066806676427252398e+01 2.123732594099851667e+01 2.161299354678276785e+01 2.269942215273514918e+01 2.325597368781810204e+01 2.642587416382480470e+01
8.407667652327387442e-01 8.823519227611310578e-01 1.507989638909932761e+00 1.570393888495491996e+00 1.787211000856724574e+00 1.836455434544906007e+00 1.918604214997351676e+00 2.220195982835218906e+00 2.576390965861939275e+00 3.119718370334824353e+00 3.298389645089133904e+00 3.398519597426155503e+00 3.531457278351060047e+00 3.567954648297252174e+00 3.643834665901104497e+00 3.790345844323562474e+00 3.969837569742789896e+00 4.156884503165827027e+00 4.327860488679446505e+00 4.517583360478952592e+00 4.721486354482785863e+00 4.923340274581772924e+00 5.348083628042333615e+00 5.567710727871753029e+00 5.793816130568313127e+00 5.843455155803864542e+00 6.172763393026277079e+00 6.330469191324730183e+00 6.506936986002848755e+00 6.897058363328210540e+00 7.340887381937255540e+00 7.643653989496594470e+00 7.908809554764232530e+00 8.079686679126208304e+00 8.263387056292565092e+00 8.360439587041014420e+00 8.550622104899380460e+00 8.908059515867099876e+00 9.554304011937338359e+00 9.682118791361586929e+00 1.056540415598521676e+01 1.081890411664151230e+01 1.132788074588654936e+01 1.177235422504766404e+01 1.210794486249035629e+01 1.274757324696871486e+01 1.301044851539434077e+01 1.317110196258690635e+01 1.342696530196876381e+01 1.356594426367087713e+01 1.374768338143587698e+01 1.411002256182149850e+01 1.427089669809469896e+01 1.442432046409181190e+01 1.461101068845327333e+01 1.490118866132628384e+01 1.497483025618898544e+01 1.540438002090876424e+01 1.579780468125792403e+01 1.649948819193488347e+01 1.805692997813960687e+01 1.903992610873994096e+01 1.950650373843522445e+01 1.959179372833890298e+01 1.966454827016782048e+01 1.993706994175788694e+01 2.070562993477745550e+01 2.124618766497804145e+01 2.158656970909947503e+01 2.278086239146060521e+01 2.329183290216020197e+01 2.603066425459662980e+01
6.166711519457868107e-01 7.153879264365554658e-01 1.345693312311868173e+00 1.492690018088999482e+00 1.538149317890865841e+00 1.644551919018116592e+00 1.795271562260903009e+00 2.206242122588723653e+00 2.503470274391797368e+00 3.123026706181048606e+00 3.259799099228562813e+00 3.359145765374245585e+00 3.503968458595777768e+00 3.571599537535988578e+00 3.641452967360178761e+00 3.765886996511286000e+00 3.915634146222731538e+00 4.207275117715655988e+00 4.369385369553519638e+00 4.590567414024777193e+00 4.716451635706976120e+00 4.897492243279477186e+00 5.315428417803838457e+00 5.602802624644764862e+00 5.766970754853101511e+00 5.872822743619224184e+00 6.128493534989663871e+00 6.328672353789320582e+00 6.564062829977361346e+00 6.929756725242883775e+00 7.422046456078814636e+00 7.645183813883642543e+00 7.906235972691035840e+00 8.109748038020970995e+00 8.280605439853044203e+00 8.370559330292071110e+00 8.585319976795494412e+00 9.014032334342962471e+00 9.558347170008735461e+00 9.646137039358610110e+00 1.047102087102573620e+01 1.079804589907515400e+01 1.118006063341139011e+01 1.164312770052589663e+01 1.193119630181867841e+01 1.257717347588850210e+01 1.296842566760829385e+01 1.316516882079491779e+01 1.343264411115619872e+01 1.362442143954473295e+01 1.371827893229144557e+01 1.407295713157266093e+01 1.426793698447648140e+01 1.439007212001624048e+01 1.461127949366371226e+01 1.490523584153207892e+01 1.496608135727680100e+01 1.531312436181948655e+01 1.571429449005127843e+01 1.607047207111312659e+01 1.808586392350522587e+01 1.903693937253751045e+01 1.953229239181009547e+01 1.959615005711952662e+01 1.966285512959701265e+01 1.994002948085671534e+01 2.074375500325919930e+01 2.126632272212195929e+01 2.158791492233497067e+01 2.288209992024747308e+01 2.335215141103812186e+01 2.562862261924805196e+01
3.964315014831646944e-01 5.435295292380002419e-01 1.021254307721987997e+00 1.399672639060046908e+00 1.441767481947858087e+00 1.564281303120150346e+00 1.725992563432103610e+00 2.193463325147527954e+00 2.482330627649321109e+00 3.130303158745445735e+00 3.221345725008720073e+00 3.330245723736546815e+00 3.466646926548528462e+00 3.580272124876962003e+00 3.647236119628435969e+00 3.759046197010306845e+00 3.881960185031404720e+00 4.245548464014143875e+00 4.421429753166558285e+00 4.604261891753953506e+00 4.763653315103833386e+00 4.886632339931602509e+00 5.251639315310426603e+00 5.614156196933967280e+00 5.740304947500331600e+00 5.868275459026058627e+00 6.083358946951578972e+00 6.357233743133722470e+00 6.618914821338178101e+00 6.960007269948870423e+00 7.510411698893654453e+00 7.651753865854773906e+00 7.898799472383927878e+00 8.137967389707808863e+00 8.288603437873069524e+00 8.377877641544314358e+00 8.616018017365405512e+00 9.057766123695317972e+00 9.536334085044009257e+00 9.632273162719187098e+00 1.037072383735074688e+01 1.075203796963438485e+01 1.105716347453818393e+01 1.137999186737254398e+01 1.182231055169789258e+01 1.229624648881411098e+01 1.294330838904007130e+01 1.317856208502458948e+01 1.342247548963560355e+01 1.364522390928679663e+01 1.372898908836962839e+01 1.403803738770466403e+01 1.425436046333797435e+01 1.435949389835023204e+01 1.456062017318860491e+01 1.490695058625732905e+01 1.497404745552871574e+01 1.518518988715983120e+01 1.556414186169093306e+01 1.592573573166694878e+01 1.811125863099347555e+01 1.903477016174881342e+01 1.956413347658708091e+01 1.961245496778851205e+01 1.966468454182496828e+01 1.994371707040524200e+01 2.077979925070195222e+01 2.128581188847613959e+01 2.161706366092577625e+01 2.299265121837341752e+01 2.343091733943760602e+01 2.524678513588332862e+01
2.246601973263236685e-01 3.679025353071121440e-01 6.748462489812814269e-01 1.371961706612487175e+00 1.402812772262657548e+00 1.534919422815939960e+00 1.703621908430280385e+00 2.183131409413549218e+00 2.521277403974132358e+00 3.129820600487878135e+00 3.199020777000693538e+00 3.306148603248558526e+00 3.438445470951531746e+00 3.589553911957717336e+00 3.651881167742128564e+00 3.758493847639162055e+00 3.868029585847686747e+00 4.260448835216439356e+00 4.488084449990972224e+00 4.589927902230964030e+00 4.772270622710286681e+00 4.949450148007687567e+00 5.174271925744832856e+00 5.587254145436331143e+00 5.726308438414621449e+00 5.833386855704742580e+00 6.078289397000760097e+00 6.388876016850202788e+00 6.663676477680953170e+00 6.987848630405926187e+00 7.589103538125117510e+00 7.666460321158002245e+00 7.887865720762166077e+00 8.161525834783532218e+00 8.284254939960705499e+00 8.383463766550026008e+00 8.653177878173600845e+00 9.023382043140735220e+00 9.504201385184314788e+00 9.625109583673582492e+00 1.027111979022391353e+01 1.061816929292838552e+01 1.096929732169536287e+01 1.115373989856264991e+01 1.167639876800629928e+01 1.205651444868593636e+01 1.293824005029791913e+01 1.318679823370966098e+01 1.341677709917177630e+01 1.363245376038232948e+01 1.376260597861291402e+01 1.401316593288381007e+01 1.423638737076655403e+01 1.433266670169250645e+01 1.449214766716301561e+01 1.490922536161591161e+01 1.497880053734028571e+01 1.508235932858758233e+01 1.549120475000013819e+01 1.589283791849183380e+01 1.812809735937517530e+01 1.902830296418924760e+01 1.957595697107707267e+01 1.963719636655774536e+01 1.967671431706195762e+01 1.994764369472418153e+01 2.080867726118579597e+01 2.130176564761739400e+01 2.165914645480681955e+01 2.309687281966245820e+01 2.351889403471169970e+01 2.491553360809452400e+01
5.165268231441941943e-02 1.888546085861881052e-01 3.455364582634374848e-01 1.370024148313480961e+00 1.398454921399688411e+00 1.539028606072518235e+00 1.702669646342056531e+00 2.178765201253897832e+00 2.595900684600438435e+00 3.122722018135941191e+00 3.192688593997619950e+00 3.287791594016088226e+00 3.422376050704980077e+00 3.596305129913110132e+00 3.654742584692146412e+00 3.759477997397989490e+00 3.869021158723987330e+00 4.258229122542376288e+00 4.531011653902040415e+00 4.606410957210646195e+00 4.763755732036431212e+00 4.959889537486689370e+00 5.180206017973152832e+00 5.511009649064067872e+00 5.719327068207695319e+00 5.819163985077230983e+00 6.089083628921507341e+00 6.413410080727126150e+00 6.692892365767777463e+00 7.010457373935766512e+00 7.634734131406975877e+00 7.698002499307342816e+00 7.875686973490770626e+00 8.175341165719265391e+00 8.273188043686115378e+00 8.386667208863487488e+00 8.696804284058261558e+00 8.947451834408324700e+00 9.488986673509572256e+00 9.552980965416665526e+00 1.020798686005761802e+01 1.046958574833129241e+01 1.082568428430165852e+01 1.114910622604691071e+01 1.147442260843718032e+01 1.196960198610446824e+01 1.294108269715943216e+01 1.318753702975627107e+01 1.342076284547501253e+01 1.362089245004387728e+01 1.377795403972070254e+01 1.400313577927973441e+01 1.422169969922455124e+01 1.430824322945600713e+01 1.445033994259990529e+01 1.491061138296130117e+01 1.496331220579005716e+01 1.505288434920583995e+01 1.546600108627161418e+01 1.588180375518675902e+01 1.813757594707684362e+01 1.902176886719020388e+01 1.957902491918714460e+01 1.964570002333544352e+01 1.969741377357788181e+01 1.995081085672646282e+01 2.082683651336266450e+01 2.131314941454916223e+01 2.169435178458905611e+01 2.317300246717215373e+01 2.359998045249247056e+01 2.467465080246944709e+01
-6.660946025248188794e-04 -5.551541601853358932e-04 -1.341063658103074487e-07 1.363307716136928693e+00 1.404657598772491855e+00 1.550599984569990708e+00 1.702815169715008015e+00 2.177917733374736819e+00 2.635464130647792835e+00 3.119646768287710703e+00 3.191146541088972999e+00 3.280646873999566004e+00 3.417328371499959161e+00 3.598736480816310923e+00 3.655946284104181654e+00 3.759893332010461720e+00 3.872403966179072121e+00 4.254516794073927244e+00 4.535384074306841207e+00 4.630720180385656803e+00 4.772970851517521318e+00 4.917768899927065895e+00 5.235511742538927038e+00 5.450623000163626664e+00 5.718283516097440788e+00 5.818742589647887264e+00 6.094865636125419428e+00 6.423040936290854930e+00 6.703000557935012260e+00 7.019971134094341814e+00 7.646225541565437211e+00 7.720098078532767971e+00 7.868907269892424061e+00 8.178246730079173687e+00 8.267711078067979003e+00 8.387181230075384519e+00 8.723524840144582626e+00 8.903273537947917760e+00 9.483734689980103383e+00 9.491804548114812334e+00 1.021096322149309188e+01 1.039779355341880951e+01 1.076536894364354957e+01 1.119697890227921278e+01 1.136295189130982841e+01 1.195152617129942918e+01 1.294303114909185304e+01 1.318685911131369615e+01 1.342425828051849557e+01 1.361623128000269212e+01 1.378053140093279794e+01 1.400182126446775221e+01 1.421580047770576805e+01 1.429781673066587189e+01 1.443858565197515453e+01 1.491070814442489834e+01 1.495372145555698218e+01 1.505083999414163287e+01 1.545969777017257663e+01 1.587884587571022976e+01 1.814065756601268831e+01 1.901912464508637157e+01 1.957972568294787408e+01 1.964712464754522259e+01 1.970626229839592725e+01 1.995204460023809290e+01 2.083297503074742352e+01 2.131740036252558568e+01 2.170787921984459601e+01 2.320098074700427304e+01 2.363708053077019500e+01 2.458167179004606595e+01
1.707061372686648759e-01 1.862488303633677289e-01 4.636383982824436867e-01 1.232417882440245416e+00 1.383904355752853421e+00 1.546932307945051877e+00 1.832702041202980858e+00 2.170644963483280065e+00 2.619482836204799270e+00 2.907088538012187584e+00 3.207091984790499062e+00 3.371299132423778211e+00 3.462593266430657124e+00 3.598325407626918881e+00 3.671966108350070090e+00 3.771452322682725455e+00 3.873949861385037607e+00 4.254261868363438559e+00 4.540432262533943941e+00 4.624990866753581287e+00 4.770234444450635714e+00 4.930339775932762514e+00 5.224703900448849581e+00 5.417229975722221091e+00 5.704659993648627747e+00 5.818130281584415364e+00 6.116024628024764986e+00 6.436788507915006896e+00 6.690798415450982084e+00 7.043317551013507760e+00 7.680929003706480351e+00 7.725434380673367407e+00 7.889741159886832556e+00 8.174004084099506073e+00 8.295780123375179116e+00 8.382710904867037627e+00 8.721223233712377620e+00 8.885096457146117288e+00 9.484203547731908657e+00 9.500800025434758211e+00 1.020573153969915481e+01 1.042371409738153432e+01 1.077348482938023899e+01 1.116232879226651775e+01 1.137904761511342855e+01 1.199361057062353453e+01 1.288711002239426584e+01 1.321531379692192232e+01 1.343295671737987718e+01 1.363701880705271563e+01 1.383843793666342492e+01 1.399375056922108840e+01 1.426002144187803111e+01 1.436725565293871654e+01 1.450137640433502995e+01 1.490800714187838594e+01 1.495659254782267311e+01 1.504585566687314468e+01 1.547309093185004691e+01 1.588122536891884273e+01 1.812574606666718680e+01 1.904825348532724050e+01 1.957912489796460065e+01 1.964607168180715391e+01 1.969402261029920709e+01 1.994886200540502941e+01 2.080103497467294105e+01 2.122927857610472557e+01 2.171214034224130529e+01 2.306681179055583897e+01 2.367702485076734220e+01 2.458330724331197814e+01
3.458095528743184155e-01 3.729432499056870576e-01 9.107592434185506347e-01 1.076234557965639160e+00 1.183498534738338215e+00 1.665744922759458069e+00 1.983010682723047813e+00 2.163865790495549835e+00 2.544941172001351504e+00 2.619956972281491936e+00 3.217990503205756081e+00 3.422246919637351503e+00 3.519864198424563995e+00 3.594959015473960573e+00 3.701490301900268953e+00 3.789881592153601986e+00 3.926368027143238848e+00 4.250770536509794972e+00 4.544368997343702254e+00 4.612337832752094968e+00 4.779929686457231597e+00 4.956914102832187474e+00 5.191194830748838918e+00 5.337087668744393554e+00 5.679176921918885235e+00 5.819178220554211300e+00 6.161798363286627556e+00 6.467088401943139608e+00 6.656279030860110524e+00 7.103852277525048109e+00 7.696266646204415807e+00 7.743054615439353583e+00 7.964274450045745191e+00 8.168240120950510885e+00 8.362825492862398846e+00 8.380851381512487208e+00 8.711277444657063995e+00 8.842731455659704309e+00 9.483307163428214892e+00 9.521263766112639360e+00 1.020011482012353454e+01 1.047368637093155286e+01 1.079370210756627557e+01 1.109703242147191382e+01 1.140198138196751998e+01 1.210371926236815376e+01 1.276035029788700115e+01 1.326891330191306650e+01 1.343327045201846559e+01 1.368886015932463351e+01 1.389837528386294885e+01 1.397793777446768182e+01 1.426986365979781191e+01 1.443865178260642779e+01 1.474435671722412522e+01 1.495819151178558748e+01 1.501783803648359594e+01 1.514051689154117675e+01 1.557438762986084413e+01 1.588743460957704912e+01 1.810078840825428514e+01 1.910988042882851090e+01 1.957621675133914962e+01 1.963036628342324619e+01 1.966240308138052839e+01 1.994117062943616503e+01 2.060653988495561251e+01 2.104828839152880349e+01 2.172073249854475208e+01 2.283035460540399342e+01 2.371389096736457347e+01 2.458498340154095629e+01
5.254527884629538459e-01 5.605369784990075210e-01 8.925241488314669125e-01 9.760299328705975830e-01 1.357437212185132580e+00 1.763359097281346877e+00 2.011072745827028108e+00 2.213589742012697759e+00 2.258896775740312890e+00 2.516199816481427654e+00 3.227946435452144769e+00 3.470221777078625447e+00 3.528201028089044566e+00 3.584792564741599907e+00 3.712446383375877623e+00 3.778471193039464993e+00 4.043000830456521477e+00 4.237430865689540305e+00 4.523222471416661783e+00 4.611528115506128067e+00 4.821641934870748436e+00 4.973952351105025649e+00 5.138617939388736566e+00 5.262572343059173541e+00 5.659958977284811787e+00 5.821226253820549701e+00 6.204753328174398064e+00 6.504240177946940982e+00 6.606627447193770486e+00 7.171975028987015222e+00 7.665201414335631291e+00 7.766491544238301792e+00 8.032666721059666060e+00 8.164695404233279774e+00 8.352144348965103049e+00 8.476084853066465641e+00 8.684720242534572421e+00 8.804021548195949620e+00 9.481408688118133199e+00 9.538972664096995402e+00 1.019954792459777870e+01 1.051208011598126468e+01 1.081449829546686559e+01 1.104280655798809718e+01 1.141610433810552472e+01 1.224956548199723549e+01 1.260841978825091481e+01 1.331011025282739979e+01 1.342539376146448937e+01 1.374420299458905248e+01 1.391588938452036572e+01 1.396298286248646647e+01 1.427190362685863789e+01 1.448586833766746373e+01 1.471645353681072699e+01 1.495982729186267690e+01 1.502019442177736330e+01 1.536758077502961051e+01 1.588841895236504342e+01 1.621263667048717139e+01 1.811914133689119311e+01 1.910729328423487416e+01 1.951481121593823786e+01 1.958184954128136823e+01 1.965387793721846776e+01 1.993246838807294452e+01 2.017218343533625458e+01 2.097277478755007962e+01 2.172717125544764727e+01 2.266549864312381146e+01 2.371950813539903535e+01 2.458428893355412015e+01
6.750109323077588819e-01 7.219259390599084281e-01 7.379111371134358111e-01 8.162831361567339794e-01 1.690512876124683928e+00 1.802513466743263848e+00 1.850132660789901351e+00 2.084264556760634157e+00 2.307508413168976258e+00 2.458092314198619288e+00 3.232025700065479068e+00 3.504500488771030930e+00 3.518173420471787161e+00 3.575739478494830870e+00 3.714143060849626199e+00 3.770480720881868919e+00 4.109474073484885359e+00 4.219822740853810927e+00 4.505866220251739662e+00 4.614347948741903238e+00 4.861141951757602442e+00 4.964735773861295165e+00 5.110536136682722663e+00 5.234776955231757789e+00 5.653124589181325987e+00 5.822145961141067971e+00 6.222399916626137895e+00 6.542184397426718867e+00 6.561612909325356569e+00 7.203497030907154652e+00 7.646350038064298360e+00 7.775843659374857886e+00 8.056490605621206669e+00 8.163216962903614871e+00 8.344502373187264510e+00 8.533557132630207320e+00 8.656637753020067549e+00 8.790382655992928562e+00 9.480405121181743056e+00 9.545624339504742650e+00 1.020016352482167044e+01 1.052566143284505529e+01 1.082326181140329702e+01 1.102187521275124205e+01 1.142071640645509945e+01 1.236523779277818491e+01 1.249176337465523545e+01 1.332547119036258287e+01 1.342076330482804991e+01 1.376975613076207416e+01 1.391630317684064799e+01 1.395711225873110095e+01 1.427252031680339783e+01 1.451498172939324860e+01 1.468131498325281470e+01 1.495995809693453893e+01 1.501876995260249714e+01 1.539131992729494236e+01 1.589183594384257425e+01 1.668693342831295823e+01 1.820413741164403376e+01 1.893600311273293713e+01 1.943680159282405739e+01 1.957830176165795777e+01 1.965295646474498881e+01 1.992177239296249169e+01 1.998256378739202788e+01 2.095860165480495851e+01 2.172921089780313864e+01 2.261251476870321753e+01 2.371722085016878623e+01 2.458349669498162626e+01
9.202289512873592647e-01 1.546275006095566118e+00 1.659338306851470879e+00 1.935870592166296866e+00 2.014141027969797104e+00 2.294259465621542482e+00 2.438772095007176954e+00 2.726798923604067060e+00 3.168100971538414079e+00 3.306207671171318196e+00 3.369460589164075426e+00 3.419473756315646540e+00 3.498016083519122521e+00 3.661313097339900402e+00 3.757223538161070575e+00 4.063937954809501818e+00 4.322695261616019913e+00 4.363819981036973772e+00 4.424944463255307880e+00 4.681848417823153419e+00 4.775556936962291665e+00 4.954989440186634120e+00 4.988215012990021791e+00 5.220839517137826569e+00 5.272275065573647446e+00 5.924344231711106801e+00 6.004539019041404302e+00 6.248921246628500015e+00 6.690932155485898036e+00 7.008212625107299587e+00 7.124546951781181470e+00 7.527807094481689276e+00 7.672303371300217556e+00 7.913327909270513771e+00 8.122234240406118744e+00 8.240666464139813741e+00 8.415067211308755901e+00 8.642187793344008995e+00 9.472886283116459083e+00 9.651712404286751479e+00 1.054695615709457002e+01 1.130344608765940073e+01 1.176754283583523808e+01 1.200870880822256304e+01 1.235974209054518802e+01 1.242120297913152527e+01 1.267876448909269627e+01 1.315274941487537141e+01 1.337779845054562422e+01 1.357809894283173513e+01 1.387432226421869252e+01 1.398076560997997220e+01 1.432149999446476585e+01 1.444508638826127722e+01 1.463132563018247900e+01 1.487652729377842675e+01 1.498737237938792433e+01 1.574759268963945225e+01 1.650270278066696861e+01 1.756133150650127916e+01 1.827912810428662382e+01 1.894883803367165243e+01 1.958052167740153138e+01 1.965396555920927213e+01 1.991820056878277256e+01 1.999678810485745473e+01 2.092737980250538499e+01 2.143011607693654597e+01 2.173267934683869029e+01 2.258451958920940683e+01 2.330346387238532913e+01 2.758243501529278063e+01
9.317938981573581358e-01 1.517712576138880998e+00 1.647640633104413554e+00 1.935114724124485264e+00 2.014464957635118125e+00 2.212395998036902789e+00 2.513535452650228486e+00 2.736217220426309993e+00 3.170579645671288915e+00 3.296020690633909567e+00 3.366887446509881254e+00 3.430302988381479068e+00 3.494309436320672813e+00 3.659094504878027898e+00 3.744369321263780304e+00 4.003706516813412719e+00 4.222845103858436921e+00 4.362999271541686319e+00 4.506693086906852663e+00 4.650156880723536723e+00 4.753751086754187227e+00 4.868776533023172703e+00 5.044746050640557478e+00 5.248708118764121799e+00 5.373950928659963822e+00 5.916452094239980752e+00 6.001536155438977893e+00 6.256145934436982969e+00 6.678110451405445680e+00 7.002233493149768506e+00 7.132168472229013290e+00 7.535116172011172786e+00 7.694718490498999586e+00 7.923300460643208254e+00 8.111059850379833236e+00 8.238138343965134780e+00 8.416902216761537048e+00 8.659125605217987243e+00 9.479080447498603235e+00 9.654820341323247845e+00 1.055108844978896343e+01 1.127606181453316481e+01 1.177827221224349685e+01 1.199888196949806840e+01 1.230831926389333475e+01 1.249190628491931143e+01 1.269107713505569279e+01 1.316335696083680595e+01 1.338068411938435887e+01 1.357935793434688243e+01 1.387304035760952381e+01 1.398896166232626115e+01 1.431953212113591256e+01 1.444457526563976657e+01 1.462891425679484847e+01 1.487498021854888108e+01 1.498789377213903329e+01 1.574414108167384008e+01 1.646812251618084488e+01 1.753512442757293854e+01 1.828422812532714659e+01 1.895358063407778815e+01 1.958019956048379484e+01 1.965387976537727255e+01 1.991535597034921778e+01 1.997687497914105137e+01 2.089886147712081055e+01 2.143270760283963483e+01 2.172411807850454935e+01 2.257646027047639947e+01 2.328805979505623824e+01 2.752933283420907884e+01
9.526211962410642276e-01 1.442198132792803511e+00 1.610727320227568704e+00 1.918924852965883776e+00 2.013504309661855007e+00 2.107881590083339862e+00 2.595398563687324245e+00 2.750318641564978961e+00 3.172455856127538443e+00 3.271622114252703550e+00 3.355172483902365332e+00 3.450468116846038491e+00 3.476714273417403689e+00 3.641470858765277097e+00 3.705573596406511960e+00 3.854347007595926300e+00 4.178459697079853541e+00 4.321936905963163156e+00 4.479537678373453069e+00 4.590834885656136954e+00 4.707257653801045549e+00 4.840782583492738489e+00 5.161987331489262587e+00 5.312535887396376388e+00 5.537598408758552360e+00 5.886781501287941865e+00 5.999587821783064712e+00 6.277336552797427416e+00 6.646469223114455538e+00 6.982416673708578436e+00 7.152127058062435871e+00 7.554001309388901575e+00 7.760086532480249488e+00 7.951647238791881733e+00 8.085540446944818882e+00 8.239936597305174359e+00 8.421381343689590793e+00 8.699001799858219641e+00 9.494225231435537538e+00 9.664855353786135694e+00 1.056300859515700985e+01 1.120716324345083059e+01 1.179210707883618525e+01 1.196254830420052784e+01 1.225005971238757496e+01 1.259682005458605403e+01 1.273209851059671571e+01 1.319268546695704813e+01 1.338841597814614381e+01 1.358369859871077345e+01 1.387066128779825114e+01 1.401485085112742546e+01 1.431439416694902889e+01 1.444282116471910271e+01 1.462123031593334765e+01 1.487092180424075494e+01 1.498934921446764790e+01 1.573301123699986270e+01 1.636220194411212958e+01 1.746537380341998968e+01 1.829590091999433810e+01 1.896434988403304445e+01 1.957900901959008166e+01 1.965354065241083248e+01 1.988398515505147301e+01 1.993921120296587901e+01 2.082184399270733266e+01 2.143480082068144199e+01 2.170133753260955345e+01 2.256170260981219400e+01 2.324745109409817800e+01 2.737367735370413513e+01
9.532127268551456867e-01 1.334838682905273410e+00 1.553151409295244534e+00 1.855898200165849277e+00 2.002385877252490509e+00 2.058886273273035528e+00 2.591535020671882350e+00 2.752637285283535906e+00 3.104814943130177252e+00 3.237885950745137187e+00 3.303271315236666172e+00 3.447787347703378025e+00 3.469957063925070084e+00 3.595124735757420087e+00 3.662964957129036137e+00 3.796461726132878578e+00 4.143595586016388665e+00 4.267146658076576671e+00 4.362578910430512380e+00 4.492523402035124569e+00 4.705427912667837553e+00 4.920138206520729973e+00 5.269829563279828655e+00 5.402831295479528784e+00 5.666444795507378451e+00 5.844281355783578213e+00 6.006632930159637951e+00 6.307603448117076184e+00 6.608517216663030602e+00 6.951961667890387275e+00 7.180116915360582830e+00 7.578829553758128945e+00 7.848496977004279174e+00 7.984770285276719726e+00 8.081402129701007908e+00 8.256678586687128174e+00 8.430149252134709670e+00 8.743641659476846684e+00 9.510165887842861210e+00 9.683276165782947587e+00 1.058091793828165628e+01 1.111385549135151329e+01 1.177008436840538153e+01 1.190440702412283969e+01 1.219678810124110235e+01 1.268397009948614595e+01 1.280997230561596467e+01 1.323440620097399112e+01 1.339665237219099936e+01 1.359307056656201240e+01 1.386930805745880768e+01 1.406168883169870121e+01 1.431024149896247089e+01 1.443875389696812661e+01 1.460689035643481049e+01 1.486633747136339601e+01 1.499078516261794114e+01 1.571061090058393361e+01 1.619709852199767042e+01 1.734670812889014258e+01 1.830436721069124673e+01 1.897351201942790411e+01 1.957593760624536472e+01 1.965240472888564582e+01 1.978633957368997542e+01 1.993154195889313840e+01 2.072343812233796356e+01 2.142454971352139026e+01 2.167307316509825199e+01 2.255795891186886237e+01 2.319800167553372816e+01 2.712652503178438934e+01
9.078265681581271229e-01 1.204771167588720049e+00 1.485573066096622430e+00 1.764229155375069302e+00 1.960186327119598282e+00 2.061886820721068325e+00 2.464148615845321633e+00 2.717580203933676053e+00 2.842247085830703845e+00 3.204721901545126705e+00 3.274604472110233200e+00 3.441653710356309404e+00 3.486881077535077367e+00 3.577573720279169311e+00 3.641485575997330137e+00 3.800383517427089686e+00 4.065146444627592004e+00 4.212666007314342487e+00 4.309950835089834342e+00 4.430709844958520272e+00 4.722961466475761760e+00 4.989547438297012860e+00 5.353784468378940176e+00 5.494579745509386548e+00 5.686852885336667107e+00 5.860952445561690816e+00 6.020019255709498474e+00 6.336889091081288505e+00 6.575024630587619434e+00 6.923644923287186614e+00 7.218029491422064403e+00 7.604818014929883851e+00 7.909005796787798026e+00 8.000111422588307875e+00 8.140708467474739862e+00 8.297127209708072826e+00 8.455434411217915169e+00 8.783639442923467655e+00 9.519679118791216865e+00 9.709187227100299467e+00 1.060030824214171652e+01 1.100081429211487283e+01 1.167279591841211861e+01 1.185467152004631686e+01 1.213775578117037846e+01 1.273804923924046406e+01 1.290465447044998903e+01 1.327830402933561693e+01 1.339719384694392623e+01 1.360857976602865804e+01 1.386899503694296598e+01 1.412499323928595629e+01 1.431854772734246950e+01 1.443017190766460978e+01 1.458386343941626428e+01 1.486404692247793236e+01 1.498987460815118133e+01 1.566713623239889230e+01 1.601787128512199132e+01 1.711707826915139563e+01 1.829953526059531299e+01 1.897976630523533714e+01 1.956821792992633746e+01 1.964636392458342229e+01 1.969382242147728235e+01 1.993199168269981669e+01 2.064008652554305456e+01 2.139396960457295194e+01 2.164998411478046947e+01 2.257487345864642236e+01 2.316340993454165087e+01 2.680597596205294408e+01
8.013014168568343143e-01 1.055449236313015682e+00 1.417795020768910508e+00 1.670343982121687665e+00 1.892673065314648850e+00 2.060978165126566175e+00 2.243395072723049388e+00 2.441503343729915176e+00 2.696543748744819169e+00 3.159175255789806958e+00 3.264527518942559325e+00 3.429063202912298713e+00 3.496891434078739813e+00 3.575795656599809469e+00 3.644251548351750358e+00 3.798282158671051789e+00 3.983614767550463842e+00 4.175073237439661966e+00 4.327891483010394502e+00 4.431934106246742999e+00 4.734249633347130448e+00 5.017662865143790896e+00 5.398481155574481605e+00 5.552545722909390413e+00 5.673587038409102057e+00 5.910993025438501469e+00 6.022420645506988635e+00 6.356085743882895045e+00 6.560530901406935733e+00 6.910334363795688439e+00 7.271652398631664127e+00 7.628134779875004767e+00 7.917899335273777872e+00 8.031120653936870468e+00 8.199709358838450868e+00 8.346585208208233908e+00 8.529069205603427406e+00 8.823911309165263006e+00 9.521520287923188164e+00 9.734368459167802357e+00 1.060736912346406946e+01 1.087533810809818036e+01 1.152436289941159053e+01 1.179203303209533615e+01 1.207421448575843925e+01 1.276561658460317084e+01 1.298567322295593840e+01 1.331058318016785336e+01 1.338481052986139552e+01 1.362585303659158775e+01 1.386745284681315837e+01 1.417665368664171766e+01 1.435135537907118497e+01 1.441786140047556053e+01 1.454875219053410795e+01 1.486559263955757615e+01 1.498403208041758994e+01 1.558938626170212238e+01 1.587030260487831690e+01 1.671541606049558837e+01 1.828173514962369239e+01 1.899566026558835219e+01 1.955890450602163710e+01 1.962969347562050260e+01 1.966893486542306491e+01 1.993463226654993292e+01 2.059577127186808454e+01 2.134514122196780050e+01 2.163948174751513776e+01 2.261430814998924888e+01 2.316455790570632445e+01 2.643524328546883950e+01
6.213488091483941878e-01 8.900359467000283908e-01 1.356082788129244765e+00 1.575163818849338426e+00 1.782230243715451135e+00 1.911973709358926854e+00 2.036559414680123137e+00 2.181328511367800704e+00 2.609459063521545996e+00 3.105839822748265977e+00 3.253693716968307559e+00 3.407522446930928872e+00 3.499398058149052471e+00 3.581711797711717438e+00 3.661073130561259603e+00 3.775689479639270374e+00 3.936079165839577954e+00 4.166331082774594741e+00 4.364410367030942872e+00 4.492520515547942850e+00 4.737419599548363003e+00 4.988064296476928838e+00 5.385811189874526228e+00 5.585906945763733589e+00 5.710049671594793708e+00 5.945406195564721941e+00 5.985836198451858436e+00 6.365547151990899266e+00 6.577257803632164723e+00 6.914756101106643627e+00 7.344077132375383954e+00 7.645994732342013656e+00 7.910649303763095830e+00 8.068140357117396633e+00 8.235127295123602309e+00 8.370305657838706281e+00 8.621756281059655080e+00 8.891684294969660840e+00 9.519808490576501470e+00 9.740188825485383006e+00 1.055529678531155824e+01 1.079150523247969318e+01 1.136315082032434276e+01 1.168226979912592789e+01 1.201901996095437219e+01 1.276522328648673721e+01 1.302951641308089314e+01 1.331164729256907187e+01 1.337027776013790970e+01 1.363754243514734199e+01 1.385954733613244549e+01 1.419333554784070550e+01 1.433801282016649026e+01 1.444446767663969133e+01 1.449565208998919807e+01 1.486934574096053119e+01 1.497378803863794694e+01 1.547815331177455889e+01 1.572608466142549588e+01 1.625374277724399263e+01 1.825657233913750588e+01 1.902112482805128124e+01 1.956352947063525960e+01 1.963108987665451721e+01 1.967313472670106833e+01 1.993876316513104996e+01 2.059747570190164012e+01 2.129129543011192638e+01 2.164473196338166616e+01 2.268090059723138907e+01 2.320734101102582869e+01 2.603930759398997807e+01
3.573390013548386479e-01 7.177749917836412363e-01 1.296453831142142077e+00 1.436683447125899127e+00 1.566548945670459769e+00 1.742492074130506774e+00 1.813403011050538804e+00 2.156797943064837852e+00 2.536659942023500758e+00 3.062770332266590678e+00 3.240528261218851735e+00 3.386187261505800628e+00 3.493291118909175985e+00 3.588092685070905841e+00 3.679118288369803036e+00 3.751282337275799961e+00 3.904381502620022815e+00 4.192444434180864654e+00 4.392100248355403913e+00 4.580711884723339011e+00 4.747366932550525220e+00 4.914783781702124266e+00 5.345307861049803932e+00 5.615411073122896113e+00 5.746312024970456456e+00 5.900481491502300280e+00 5.984579169828901257e+00 6.374228066965448747e+00 6.613698461626737135e+00 6.932105065552264023e+00 7.431813661184669684e+00 7.657499934128892072e+00 7.902560255506737796e+00 8.102749594490701313e+00 8.258103938252439491e+00 8.380432382475078157e+00 8.662051382523173970e+00 8.996294374330618737e+00 9.520144059110311474e+00 9.702480041491295282e+00 1.044023272052020701e+01 1.078866010830791211e+01 1.120402135479456973e+01 1.151642348369957425e+01 1.197520888301635367e+01 1.269574977479355660e+01 1.298865180783396234e+01 1.327360047886964090e+01 1.337302480825018236e+01 1.363893599230466869e+01 1.383422871222758310e+01 1.414475597955965647e+01 1.426244145359779480e+01 1.443797300247438109e+01 1.448482623404549585e+01 1.487216650084955560e+01 1.496757154792269873e+01 1.531003196170360248e+01 1.556020757625067752e+01 1.600802050923375930e+01 1.822559570398741613e+01 1.903793955099153123e+01 1.957191978596599569e+01 1.964101004256258776e+01 1.969145800575997995e+01 1.994386090949008405e+01 2.063988628300028694e+01 2.125368153829369078e+01 2.166272989633745638e+01 2.278186730262957127e+01 2.328250054637764777e+01 2.564198048425081211e+01
-1.105339829533133478e-01 5.445230243166089279e-01 1.081382040668765754e+00 1.302087417788526880e+00 1.466381818539321369e+00 1.635567237156221543e+00 1.702828730664374124e+00 2.161380792439075549e+00 2.506903109779381467e+00 3.043989027544811599e+00 3.227643033445713794e+00 3.363436164975914355e+00 3.476955437898988865e+00 3.591868194249103752e+00 3.688119674475712984e+00 3.739357637627436226e+00 3.877698730630533053e+00 4.238960400343593449e+00 4.424891961069336688e+00 4.608935850739515061e+00 4.798406635024396572e+00 4.859793593219269070e+00 5.282463148185884805e+00 5.626590653591102331e+00 5.757637785413887599e+00 5.818491531156587016e+00 6.021831077754672634e+00 6.386584109788985053e+00 6.650999891043435142e+00 6.957139771374142967e+00 7.524584610749480262e+00 7.663938726984686589e+00 7.894068572466155231e+00 8.134921408335131332e+00 8.270034035480046342e+00 8.385331234231435005e+00 8.670780541768467131e+00 9.069822510571462715e+00 9.521321732932149118e+00 9.634201041538725363e+00 1.034588243902268268e+01 1.079222861784444554e+01 1.105742467989257882e+01 1.130217810626515984e+01 1.192760209053948017e+01 1.237846778639667633e+01 1.292202692627174088e+01 1.324332919518853657e+01 1.338368443040027422e+01 1.363196558585778995e+01 1.379314146826976994e+01 1.404405997605186052e+01 1.423798960955894444e+01 1.439416108146973805e+01 1.449196501098946399e+01 1.487753080721265952e+01 1.497186297638750574e+01 1.515351244936443820e+01 1.548651012406822147e+01 1.593049256353993925e+01 1.819277780833386515e+01 1.903935538939581562e+01 1.957621947626930492e+01 1.964566053028871551e+01 1.971009115297052006e+01 1.994843715685252761e+01 2.070546019746281985e+01 2.124826983693688831e+01 2.168454659693910713e+01 2.291483227297508662e+01 2.337679491176274382e+01 2.526541440917493730e+01
-1.576736439608319162e-01 3.690323142425042113e-01 7.282539471693194599e-01 1.297406819198568595e+00 1.443643436558006643e+00 1.582677309616671302e+00 1.667187408221370237e+00 2.168626280601636314e+00 2.535157135085174485e+00 3.055345411418679991e+00 3.215373566293424634e+00 3.334972135359731915e+00 3.452257553815780255e+00 3.595186340890180077e+00 3.677235674442420166e+00 3.745381089329259616e+00 3.863933900755327500e+00 4.267845170684967826e+00 4.483982246992739285e+00 4.584136859428967981e+00 4.773419221590125439e+00 4.946117528473187974e+00 5.200808293097614943e+00 5.593443801849176999e+00 5.726239458993154230e+00 5.803371312493292855e+00 6.058192216363138094e+00 6.402056200363682947e+00 6.679678126580835595e+00 6.985227598845153985e+00 7.605740358958292369e+00 7.670596697128024388e+00 7.884147334591050438e+00 8.162176751441041489e+00 8.271253339280232098e+00 8.387272804693756356e+00 8.680366624004955511e+00 9.045859696867008637e+00 9.503182113581841506e+00 9.608910741658220900e+00 1.026896091791654442e+01 1.066930650497700128e+01 1.098011095110027568e+01 1.109825737617797436e+01 1.177089109500863628e+01 1.203094036630598751e+01 1.291794691363425684e+01 1.321877263418087622e+01 1.340088374623711687e+01 1.362443760086909528e+01 1.377432358093931342e+01 1.400580637140478935e+01 1.422776806115522419e+01 1.435395105076101707e+01 1.447221400102970890e+01 1.488908595441830407e+01 1.497474083936112521e+01 1.507768207617562517e+01 1.546335104935488403e+01 1.589880397456668426e+01 1.816484154552043861e+01 1.903151821633537466e+01 1.957827813005350492e+01 1.964703813977077829e+01 1.971415146224629567e+01 1.995102121995116917e+01 2.077068916263791110e+01 2.127170824371897950e+01 2.170054982305516234e+01 2.305599792732358111e+01 2.348172994597107888e+01 2.493349128315885466e+01
-1.135217596201509027e-01 1.910029670741743013e-01 3.714287149617654382e-01 1.329930942995257492e+00 1.433951270942744882e+00 1.551193838973683237e+00 1.687828405155894718e+00 2.175304421441628833e+00 2.600094580470447614e+00 3.091480960543169676e+00 3.202021764241848700e+00 3.300828601511586857e+00 3.427652046539219732e+00 3.597947681318051316e+00 3.661651577471598085e+00 3.755818718738218376e+00 3.866874725663290047e+00 4.262943358190447007e+00 4.535801369909651548e+00 4.593589776842779138e+00 4.759096834823527189e+00 4.968604606861851458e+00 5.187721240252801458e+00 5.508766786739843546e+00 5.717415455906450283e+00 5.813306967094614031e+00 6.084842970447000177e+00 6.416625319439885011e+00 6.697141226548485982e+00 7.009641414310851637e+00 7.642550134818537622e+00 7.698301543827057891e+00 7.873944283536184585e+00 8.176559704048354860e+00 8.268405220669690081e+00 8.387516616519340218e+00 8.703555089193363514e+00 8.956125408404847832e+00 9.489701057086776359e+00 9.555719435184098387e+00 1.020370389926369015e+01 1.048447453758728720e+01 1.083197675056647569e+01 1.112654905653422865e+01 1.149653851868079535e+01 1.196306153831756980e+01 1.293385753329980581e+01 1.319657313848567881e+01 1.341746084195147226e+01 1.361867275556827650e+01 1.377686279909844735e+01 1.399999867389462160e+01 1.421970632573687077e+01 1.431563739075303765e+01 1.444823607530851461e+01 1.490291267479384985e+01 1.496342444732624344e+01 1.505400749265754712e+01 1.545930725872918821e+01 1.588360562966591338e+01 1.814679718219909432e+01 1.902276964539315074e+01 1.957935871431075725e+01 1.964720633305080355e+01 1.970932868689137152e+01 1.995189109959885698e+01 2.081664492063995553e+01 2.130305648843801691e+01 2.170699443152243191e+01 2.316259211685001773e+01 2.358554831109072936e+01 2.468284299133946291e+01
-6.660946025248188794e-04 -5.551541601853358932e-04 -1.341063658103074487e-07 1.363307716136928693e+00 1.404657598772491855e+00 1.550599984569990708e+00 1.702815169715008015e+00 2.177917733374736819e+00 2.635464130647792835e+00 3.119646768287710703e+00 3.191146541088972999e+00 3.280646873999566004e+00 3.417328371499959161e+00 3.598736480816310923e+00 3.655946284104181654e+00 3.759893332010461720e+00 3.872403966179072121e+00 4.254516794073927244e+00 4.535384074306841207e+00 4.630720180385656803e+00 4.772970851517521318e+00 4.917768899927065895e+00 5.235511742538927038e+00 5.450623000163626664e+00 5.718283516097440788e+00 5.818742589647887264e+00 6.094865636125419428e+00 6.423040936290854930e+00 6.703000557935012260e+00 7.019971134094341814e+00 7.646225541565437211e+00 7.720098078532767971e+00 7.868907269892424061e+00 8.178246730079173687e+00 8.267711078067979003e+00 8.387181230075384519e+00 8.723524840144582626e+00 8.903273537947917760e+00 9.483734689980103383e+00 9.491804548114812334e+00 1.021096322149309188e+01 1.039779355341880951e+01 1.076536894364354957e+01 1.119697890227921278e+01 1.136295189130982841e+01 1.195152617129942918e+01 1.294303114909185304e+01 1.318685911131369615e+01 1.342425828051849557e+01 1.361623128000269212e+01 1.378053140093279794e+01 1.400182126446775221e+01 1.421580047770576805e+01 1.429781673066587189e+01 1.443858565197515453e+01 1.491070814442489834e+01 1.495372145555698218e+01 1.505083999414163287e+01 1.545969777017257663e+01 1.587884587571022976e+01 1.814065756601268831e+01 1.901912464508637157e+01 1.957972568294787408e+01 1.964712464754522259e+01 1.970626229839592725e+01 1.995204460023809290e+01 2.083297503074742352e+01 2.131740036252558568e+01 2.170787921984459601e+01 2.320098074700427304e+01 2.363708053077019500e+01 2.458167179004606595e+01
1.431162729326624639e-01 1.907675090080260538e-01 4.509328922518974769e-01 1.392422925664784206e+00 1.427909391863377842e+00 1.588896999457034775e+00 1.708224261180498749e+00 2.201447428150368424e+00 2.633614307864276860e+00 3.107400336663981744e+00 3.184094915982320639e+00 3.310955675488875816e+00 3.425439248934375680e+00 3.603144271195744874e+00 3.670860895993636852e+00 3.762426180614602877e+00 3.897664760685282559e+00 4.264150454253350375e+00 4.541870541879404755e+00 4.626591675994547792e+00 4.770898810479847540e+00 4.929262429769739384e+00 5.233833349314257255e+00 5.447742790450083916e+00 5.718841977307177693e+00 5.817664347502685018e+00 6.098865416099626735e+00 6.427895813367964450e+00 6.709108240634702014e+00 7.022620053601803747e+00 7.630939270959204102e+00 7.712283106226086815e+00 7.893361650869716861e+00 8.175165249368800957e+00 8.278545593186544593e+00 8.395423253048930334e+00 8.734167610644945512e+00 8.910821694124134495e+00 9.474775723030452568e+00 9.526857018805628741e+00 1.020742507332496984e+01 1.040390521615388764e+01 1.075776374596456542e+01 1.121293926094321058e+01 1.137529052491029979e+01 1.195038286430122909e+01 1.293916186284654835e+01 1.317912931317897929e+01 1.341702732850466617e+01 1.361386421619235243e+01 1.379961655237977070e+01 1.402160693330353958e+01 1.423532399215316957e+01 1.430521206267653511e+01 1.444123143864876901e+01 1.489685396053611477e+01 1.498184645521776481e+01 1.505401120644017965e+01 1.546685267040480483e+01 1.589146440781429348e+01 1.812903276152093923e+01 1.901758904885699408e+01 1.957250589137291286e+01 1.961196959247851268e+01 1.975947489645928101e+01 2.000297447984294763e+01 2.085531952912346654e+01 2.131615439670755308e+01 2.171713078939915675e+01 2.318944474338931983e+01 2.362254790474260702e+01 2.459480165733205936e+01
2.893820964798045070e-01 3.829941200315755689e-01 8.859346623503124851e-01 1.451780044395939662e+00 1.499292918340630720e+00 1.697249965145426698e+00 1.733076019719115068e+00 2.266341888537144467e+00 2.628427195262319493e+00 3.084488629746593880e+00 3.171277891346578670e+00 3.371670331316503955e+00 3.475816651770276433e+00 3.611338153889355418e+00 3.728250628212451900e+00 3.792151268741395409e+00 3.956063295965348114e+00 4.289353852319538696e+00 4.558155692779074286e+00 4.621391564727822754e+00 4.776146991146593024e+00 4.959047544149321141e+00 5.230136049070629234e+00 5.440171419673944797e+00 5.721653788985927136e+00 5.818514543077236034e+00 6.107549293858383521e+00 6.442795182335271598e+00 6.726724485726979452e+00 7.030321619421378010e+00 7.592582400655559560e+00 7.695720792183899484e+00 7.947493982557633174e+00 8.146930421290166535e+00 8.321562325546143057e+00 8.423785633994262056e+00 8.756225210543263415e+00 8.940638535237908968e+00 9.464156803903856385e+00 9.605890994408136763e+00 1.019829813953883857e+01 1.042004726315463969e+01 1.073853341984855803e+01 1.123409974683965906e+01 1.142819439144989069e+01 1.194937906572122976e+01 1.292588539963239391e+01 1.315708626539557535e+01 1.338656061512748963e+01 1.360529750919385350e+01 1.382908523890939811e+01 1.407664096227814454e+01 1.428178805574777854e+01 1.433484546471006027e+01 1.444953826472014136e+01 1.487167696972345610e+01 1.501106492804405512e+01 1.508500544570239654e+01 1.554374858373554424e+01 1.593363152101712110e+01 1.810388062093799988e+01 1.901368864057864272e+01 1.954577253934807857e+01 1.960359293765885624e+01 1.979964750393487805e+01 2.016583809904888014e+01 2.091857544212820130e+01 2.131341997183267267e+01 2.174709601089398703e+01 2.315602778564893072e+01 2.358145505208861081e+01 2.463396014079414442e+01
4.434902218084691428e-01 5.717203426492576401e-01 1.284037086317097787e+00 1.506037515610569200e+00 1.611668960226860792e+00 1.786213804553234530e+00 1.862474160425397374e+00 2.355259257565747610e+00 2.627261423969198262e+00 3.062215106033083334e+00 3.191998816696990371e+00 3.438184959171656452e+00 3.587140185262831515e+00 3.642696058863734265e+00 3.827664391858834225e+00 3.868751766150332116e+00 4.032648898176748986e+00 4.322597622140256668e+00 4.571163888426305277e+00 4.642589637773070876e+00 4.800776032645315716e+00 5.002754953398301119e+00 5.228358201319380782e+00 5.430641598866472464e+00 5.729389384190513468e+00 5.825854689771463590e+00 6.116102527651541720e+00 6.467599662491323009e+00 6.753111832657650915e+00 7.043075558717095674e+00 7.543119657659572930e+00 7.673785731981115354e+00 7.994329720656661031e+00 8.126528200252664647e+00 8.348997745445606355e+00 8.485669932036739027e+00 8.777265967136736791e+00 9.003362517715002511e+00 9.452551563304364635e+00 9.704092240563802818e+00 1.018943087150990756e+01 1.044129096844362792e+01 1.071404293180641609e+01 1.122842274378847272e+01 1.152243726332353724e+01 1.195852766148843216e+01 1.289578237012819883e+01 1.312426818840174292e+01 1.332350932008771593e+01 1.358062089165696307e+01 1.383304800082039776e+01 1.413431743901673876e+01 1.433012913191567783e+01 1.438647339385903301e+01 1.445971771569763753e+01 1.485902570261993816e+01 1.491276652890728904e+01 1.526103051880493844e+01 1.573754011833454491e+01 1.605061043767821971e+01 1.808296837049170236e+01 1.900988963584735103e+01 1.951981836737008891e+01 1.961162199583562682e+01 1.981164149635057470e+01 2.040582205378699143e+01 2.101004192386729130e+01 2.131758366250997838e+01 2.180129807260288999e+01 2.310443203508152976e+01 2.352126879363416734e+01 2.469826663668710154e+01
6.108640838283398988e-01 7.645156831946270382e-01 1.529192601460341860e+00 1.640182737547252412e+00 1.717357809602187091e+00 1.926778348505891580e+00 2.038316464170603304e+00 2.434024787343101792e+00 2.663660928305970010e+00 3.069750518475741874e+00 3.266619585076450338e+00 3.521574290628297632e+00 3.706682248304765004e+00 3.744801618150557232e+00 3.954858723151843503e+00 3.995896311583081673e+00 4.125113973498794273e+00 4.359972699561212472e+00 4.589468795503553800e+00 4.702634563231952392e+00 4.843477109484278564e+00 5.059976921845628084e+00 5.234893515310292678e+00 5.422449951754851227e+00 5.744450545086655424e+00 5.839662104936429898e+00 6.123060606512237491e+00 6.499987509079986125e+00 6.784064216623488797e+00 7.060917292137555812e+00 7.488162742411270223e+00 7.648152437327733644e+00 7.993679154649672824e+00 8.160717244824100547e+00 8.353522244467773916e+00 8.553656828030764103e+00 8.801598167933464723e+00 9.095925374369262073e+00 9.444704415313035284e+00 9.788298639755650399e+00 1.019427434791478149e+01 1.046240502423536611e+01 1.069019205671791006e+01 1.119950244314787469e+01 1.160491000244123150e+01 1.199946209809979436e+01 1.283483595152181067e+01 1.308666225853245280e+01 1.323271484875328419e+01 1.353601745591431182e+01 1.380662091859148077e+01 1.415813145758590430e+01 1.434379695627685436e+01 1.442592980411379600e+01 1.446286193151587796e+01 1.473948097036700666e+01 1.493847253969647326e+01 1.553210690112509873e+01 1.591775728444340565e+01 1.638758095557504291e+01 1.807628573000812722e+01 1.900988068854654500e+01 1.949465355167310321e+01 1.962222689969256706e+01 1.981146310379895681e+01 2.067681494510041418e+01 2.110524742231710604e+01 2.135590618797939655e+01 2.187971221320101378e+01 2.304143506346822790e+01 2.345371174834840033e+01 2.478585732833856525e+01
7.926797506777040203e-01 9.698423088420323745e-01 1.622968403603158638e+00 1.765295846787146461e+00 1.882281928975569230e+00 2.104778692577295995e+00 2.254658534938210668e+00 2.480197155985258917e+00 2.769508487451294076e+00 3.125408049720756587e+00 3.384623884979794273e+00 3.619407483931187830e+00 3.825821613555175915e+00 3.908777082203311881e+00 4.098986401398001966e+00 4.156849970283469808e+00 4.232845608962355399e+00 4.407927831189999424e+00 4.643345908805279976e+00 4.793589799988557942e+00 4.901095266230087510e+00 5.127146194878992702e+00 5.259318527423795686e+00 5.419119538868051755e+00 5.768295251588568817e+00 5.859114298088222483e+00 6.129652081561457244e+00 6.534796678416399551e+00 6.817175591393433542e+00 7.081821686866623722e+00 7.428293243697394743e+00 7.625231515180243669e+00 7.974739539205621064e+00 8.208252677246340667e+00 8.356095299888592010e+00 8.606880338122266494e+00 8.836289513809438390e+00 9.203643973781918675e+00 9.448789588548640594e+00 9.829405593479178194e+00 1.023074083769632026e+01 1.047712947867962008e+01 1.067561757987616033e+01 1.115396033380575247e+01 1.163204658040412554e+01 1.208158706818838901e+01 1.273457876193688953e+01 1.303890802197248355e+01 1.313522740748772044e+01 1.347877593330509072e+01 1.375583250841499172e+01 1.415099669673509553e+01 1.431486278149750646e+01 1.439424697187783231e+01 1.445815610507940718e+01 1.459957894645686238e+01 1.504610909269430685e+01 1.587395105509903104e+01 1.608000385014267053e+01 1.691997081424183946e+01 1.808634896621586918e+01 1.901537047243120782e+01 1.946785610027095004e+01 1.963004784896022059e+01 1.980522432772070829e+01 2.093698490305770932e+01 2.119499370743505295e+01 2.145930547317605175e+01 2.197831472115039730e+01 2.297793160871749762e+01 2.339254365654047518e+01 2.489369558865726972e+01
9.825568795113677201e-01 1.189117531145000628e+00 1.727218965831341713e+00 1.870504423162214325e+00 2.016427022044351869e+00 2.249116812279460920e+00 2.447431803147138041e+00 2.577063640391549892e+00 2.914133071823993504e+00 3.227417874590813529e+00 3.516660417989081466e+00 3.720275265580892388e+00 3.981970841841277586e+00 4.072532410403362668e+00 4.232795721875445949e+00 4.300667805559353241e+00 4.378365616180443176e+00 4.487125467997643113e+00 4.755721389777442631e+00 4.910437134838673501e+00 4.979435869342076160e+00 5.196405299323435756e+00 5.312969844976545453e+00 5.425773073977972594e+00 5.799976121226003478e+00 5.886832601918823293e+00 6.138364998920644133e+00 6.564585635719962120e+00 6.854767692692387726e+00 7.101216795840898932e+00 7.362755884789323524e+00 7.613460552827496564e+00 7.964312497860187356e+00 8.215058673938020917e+00 8.377675127010736134e+00 8.654354558441148981e+00 8.877341087914393469e+00 9.303031728128921429e+00 9.480932948852840880e+00 9.823410629111881676e+00 1.029761408760412955e+01 1.047957408865789120e+01 1.068359978942954136e+01 1.109541798539036250e+01 1.161374043467892925e+01 1.217075745978101686e+01 1.260600106197610515e+01 1.294726272677354828e+01 1.306846269746295874e+01 1.341836368783403088e+01 1.368750039230748783e+01 1.411682561324017904e+01 1.424159256507908999e+01 1.432228909329860045e+01 1.441692264242400867e+01 1.453806942219391019e+01 1.512554970974411184e+01 1.623967080528268525e+01 1.630098350454324674e+01 1.748849854348353006e+01 1.814181742386302432e+01 1.902304454036162440e+01 1.944909113336430906e+01 1.963641728259856478e+01 1.979343422820713982e+01 2.112567442722164657e+01 2.134631576388265728e+01 2.161538115428251672e+01 2.209223939584279961e+01 2.292913742670142696e+01 2.335021914072295601e+01 2.501753806960119064e+01
1.171087465606698075e+00 1.412720171603484953e+00 1.840785921803326008e+00 1.985234996161578724e+00 2.134481060392713125e+00 2.365182377248214340e+00 2.512620037563043418e+00 2.785660034320452727e+00 3.063806362040222275e+00 3.368673934386410718e+00 3.630324919241189718e+00 3.822990404645950857e+00 4.129423675194175303e+00 4.228831610265790353e+00 4.328865433623085401e+00 4.417801371452471315e+00 4.546865939803450551e+00 4.620597059577837840e+00 4.927902753113450274e+00 5.040912653683018441e+00 5.094883534517421708e+00 5.271011353236037422e+00 5.391777456471113616e+00 5.457200326826813885e+00 5.832148130522969431e+00 5.932200341035389179e+00 6.152488511630766155e+00 6.582824672469206995e+00 6.901683305122316092e+00 7.115146444012722782e+00 7.293901330320640142e+00 7.615258843307548098e+00 7.965401743882026153e+00 8.181040142412003391e+00 8.409583058549406687e+00 8.706621044501520856e+00 8.916960565937920080e+00 9.370159411950181649e+00 9.558060535791138790e+00 9.790558225694869776e+00 1.035293573923888033e+01 1.049376623969492606e+01 1.072118558496256568e+01 1.102795910645536814e+01 1.157441406682780816e+01 1.222466946068762006e+01 1.247473856214816657e+01 1.283011794406675676e+01 1.301240073494953187e+01 1.335705680000679152e+01 1.361774685330222923e+01 1.404420472437159262e+01 1.416173582764501937e+01 1.423898511916670095e+01 1.435437392708412041e+01 1.453493299088813728e+01 1.514860363541424704e+01 1.648057123043658834e+01 1.667003378659110169e+01 1.780569122408505933e+01 1.840615432043985322e+01 1.904476434541931340e+01 1.945760713803720421e+01 1.965309169177342952e+01 1.978757065517312341e+01 2.126544531800474758e+01 2.155750712330292274e+01 2.180181069881942690e+01 2.221880517315524628e+01 2.291158458163061340e+01 2.333515846494842094e+01 2.515199118290831848e+01
1.350706163726652642e+00 1.624854466575480494e+00 1.948592464417236103e+00 2.096462543375103404e+00 2.259594469919616877e+00 2.460614703560907834e+00 2.583299733046190649e+00 2.965961389217043553e+00 3.191466395948663326e+00 3.542046674454311539e+00 3.711042943544717865e+00 3.927896876780649915e+00 4.215284653656657277e+00 4.357228203765160401e+00 4.431613916035912482e+00 4.532075756803756406e+00 4.675923310561093338e+00 4.806199829173383620e+00 5.116531599557657906e+00 5.177948136183945671e+00 5.253919365771531069e+00 5.363297790418828370e+00 5.463362655937011425e+00 5.556775743715826721e+00 5.858881033678333239e+00 6.001578131887099765e+00 6.176860777215535947e+00 6.589179223416984144e+00 6.958887501916763973e+00 7.119043928633577600e+00 7.232797749759032335e+00 7.624910533240184307e+00 7.967151245666411974e+00 8.136264759046332173e+00 8.435863288990292475e+00 8.759179663213872757e+00 8.951699831691383835e+00 9.418706268318519648e+00 9.650179470849913343e+00 9.759762289637921029e+00 1.033944015241374359e+01 1.056969437027534831e+01 1.078582080203259785e+01 1.095856197155523049e+01 1.152933523228862001e+01 1.220673332597881000e+01 1.237659294456534731e+01 1.272389611066316917e+01 1.293925029323159848e+01 1.329013427815335113e+01 1.356917530396741078e+01 1.394018543203132587e+01 1.410811076179654222e+01 1.414192853767608682e+01 1.428656742038369742e+01 1.455116109181415318e+01 1.512816151566235057e+01 1.664967200973648076e+01 1.703621613812643787e+01 1.784596324112152033e+01 1.866829391552961681e+01 1.917030054219603841e+01 1.949044306875397581e+01 1.967615719549658593e+01 1.991587156635078060e+01 2.142806175786486733e+01 2.176715844054086091e+01 2.200375050081562378e+01 2.235771458964952529e+01 2.293723550387134580e+01 2.335076477492788172e+01 2.529067714235839048e+01
1.515571396022890927e+00 1.802677451771486306e+00 2.044378277836560009e+00 2.213789963285067053e+00 2.379672606067799290e+00 2.541032151997623778e+00 2.686111913933173945e+00 3.102380462859933186e+00 3.283996361022769150e+00 3.707182361067479892e+00 3.788845232524004736e+00 4.014093263939408907e+00 4.274646585551837852e+00 4.455577163769930849e+00 4.493279027731564845e+00 4.660434807928140799e+00 4.802154789210904440e+00 4.975800645846123693e+00 5.230710362845226946e+00 5.366852769342124851e+00 5.412812817715333402e+00 5.475775816421336373e+00 5.563821246589533587e+00 5.710313310267061127e+00 5.891720061216394022e+00 6.085217651203943312e+00 6.219859093309032083e+00 6.591077593119736733e+00 7.020110577639020910e+00 7.093959171338065417e+00 7.209710587756164024e+00 7.636144374470488216e+00 7.940353412699918678e+00 8.113604727395891558e+00 8.459602691067683367e+00 8.798937263746777759e+00 8.983344037157335649e+00 9.469534653744171138e+00 9.665077440916441276e+00 9.805946707877827961e+00 1.029454955362285773e+01 1.065665314280108156e+01 1.085468339821235162e+01 1.092631815863659916e+01 1.148726636330581385e+01 1.212462886231126724e+01 1.231412939030986031e+01 1.264149502112762846e+01 1.285774520820609901e+01 1.321859177163401711e+01 1.354473168424395801e+01 1.383094285767058551e+01 1.402849840036943263e+01 1.406150437991890456e+01 1.422086691365942634e+01 1.457407016081013573e+01 1.508156523769675772e+01 1.672700887361516919e+01 1.731133785120037416e+01 1.785871449531816779e+01 1.868187815975930377e+01 1.928979788200372170e+01 1.950032592444063795e+01 1.968801758907671129e+01 2.037541615163231512e+01 2.162176479895515513e+01 2.197525604540584254e+01 2.220516934292551170e+01 2.250730631377410873e+01 2.300934496240252258e+01 2.339620744233248217e+01 2.542656540888877004e+01
1.659498813610088996e+00 1.911858975970547991e+00 2.158189333863169246e+00 2.340392983188623877e+00 2.479475891739625570e+00 2.619659109860347890e+00 2.805898114015155986e+00 3.200409841437764857e+00 3.349301996106301083e+00 3.759509446550384215e+00 3.951622328242803572e+00 4.063301903138191840e+00 4.347623757442661052e+00 4.466786086029004288e+00 4.593383690016322518e+00 4.767983344037717508e+00 4.925443624694985978e+00 5.097811002836096783e+00 5.313084630972874756e+00 5.508903464393887006e+00 5.531845640332155867e+00 5.633810960510061250e+00 5.709877693801002074e+00 5.851994964401495913e+00 5.977516816866996763e+00 6.172967071195171407e+00 6.289653919790102243e+00 6.600813938938157932e+00 7.028825699949961425e+00 7.091048286607945172e+00 7.229241769917249982e+00 7.647792048420901878e+00 7.876673100153286811e+00 8.116409638028120099e+00 8.489759536295512277e+00 8.818286200925189888e+00 9.015493620311429979e+00 9.525001909901000374e+00 9.632961903805805193e+00 9.888842209794288962e+00 1.025418416723506709e+01 1.070228765552993444e+01 1.082686534407976708e+01 1.105426485543582871e+01 1.145221631624341363e+01 1.203798093255457680e+01 1.225339005335698950e+01 1.257448840407139912e+01 1.279272492543767470e+01 1.314803815916837593e+01 1.352320726050509414e+01 1.372406211908569063e+01 1.391189669468849921e+01 1.400158745018683248e+01 1.416754044811659696e+01 1.459648042159118475e+01 1.502245850684734485e+01 1.669488534724099438e+01 1.743304713578318399e+01 1.792142805463210564e+01 1.865082487625478436e+01 1.932117217159531819e+01 1.948054272536638720e+01 1.972527811993677105e+01 2.097354225778882864e+01 2.184062196149092827e+01 2.218936312749977446e+01 2.239780793990558649e+01 2.266082488703872144e+01 2.312304749263036996e+01 2.346881179525179562e+01 2.555249132726747519e+01
1.771461117604743007e+00 1.962992668567668408e+00 2.293790473985528600e+00 2.462471750850147689e+00 2.565600896576433865e+00 2.699567072926898348e+00 2.917227288819107311e+00 3.270379980840584455e+00 3.397583887359650667e+00 3.772221801207599423e+00 4.051099617819793330e+00 4.145082201114958842e+00 4.404569153143096827e+00 4.473204128003456681e+00 4.704338857604627222e+00 4.846490664539920168e+00 5.027765627471456611e+00 5.175545359528800127e+00 5.387660680103111055e+00 5.579387612005158203e+00 5.640559241740730201e+00 5.782481467552059939e+00 5.842118390682547791e+00 5.953623072683472905e+00 6.140664518094189894e+00 6.274883418431722149e+00 6.380224377855520324e+00 6.630780749405978725e+00 6.975648730628181582e+00 7.140605876298897314e+00 7.265264390228872493e+00 7.659153325809640478e+00 7.802387319626014950e+00 8.118671016676195507e+00 8.530851227422063587e+00 8.821433118342939750e+00 9.050000515958368297e+00 9.574240680595256237e+00 9.607753804863202518e+00 9.946290637322139361e+00 1.024015269867699729e+01 1.068737909562739752e+01 1.082481255298060674e+01 1.122181088170956897e+01 1.142693360901022004e+01 1.197156228707478220e+01 1.219802663424611566e+01 1.251867226110062070e+01 1.275391926071981352e+01 1.308125311077631636e+01 1.346674447331882973e+01 1.363368066251623922e+01 1.380072541627559168e+01 1.393336655688029779e+01 1.413029715018607924e+01 1.461191802786972360e+01 1.496305689636133351e+01 1.657263290327065519e+01 1.743471190826402761e+01 1.797380554091768445e+01 1.865948447115458819e+01 1.932500075742148127e+01 1.945501368998329639e+01 1.977733869495731156e+01 2.153740094557035079e+01 2.209008117622375167e+01 2.240296370334332465e+01 2.258147560961812061e+01 2.280898667759825926e+01 2.326773282513712715e+01 2.356682925566396491e+01 2.566183680860586946e+01
1.830857970345796337e+00 2.011005859899360537e+00 2.416958861773908840e+00 2.566280428347484044e+00 2.653532925521436159e+00 2.774180294090155208e+00 2.999006411688434959e+00 3.328983572996247808e+00 3.432918349387907853e+00 3.772061816645417842e+00 4.058043295437521181e+00 4.253652867393560300e+00 4.397208716018787378e+00 4.556268498481633067e+00 4.803465485842815852e+00 4.906695380226542724e+00 5.095476427173296408e+00 5.231326703154670632e+00 5.455421505746943289e+00 5.621286754742579994e+00 5.724517509785016500e+00 5.870883080402045096e+00 5.924322465676887361e+00 6.086598397167151120e+00 6.292659192464784113e+00 6.399117945481616943e+00 6.484129602246406776e+00 6.684215269374111479e+00 6.935012643825221090e+00 7.176348475735944810e+00 7.307089485584663535e+00 7.648696015455449526e+00 7.752119903936350198e+00 8.113631173055477319e+00 8.576747367705150893e+00 8.820703332068710267e+00 9.087951632540335112e+00 9.581305785484676818e+00 9.618165172188978929e+00 9.973767766180673178e+00 1.025563420814685323e+01 1.064418942496883425e+01 1.085299505220218030e+01 1.133513402440367912e+01 1.145630152299481530e+01 1.192914881867960375e+01 1.215908838317547591e+01 1.248726183466803796e+01 1.272907482783416455e+01 1.302030954848079070e+01 1.334804928911424504e+01 1.357212620800706482e+01 1.370392157998431237e+01 1.387265057429772419e+01 1.410408774320445779e+01 1.461349469593552364e+01 1.491611087780853850e+01 1.640107280629520758e+01 1.737740438690178024e+01 1.796759870359840150e+01 1.870767687824522341e+01 1.932675637170379446e+01 1.943511859140586751e+01 1.982812256206816315e+01 2.197645732866414292e+01 2.237389799848385863e+01 2.261722671907233106e+01 2.275611913461876057e+01 2.294578659463316228e+01 2.343024469700272761e+01 2.368914119856860623e+01 2.574932992233535956e+01
1.837050146052387589e+00 2.074146783106702419e+00 2.510349540471382923e+00 2.651168790057058633e+00 2.743116028266260109e+00 2.837788090170128008e+00 3.041508256650693021e+00 3.383725627805719505e+00 3.460955057539760737e+00 3.764417490640445063e+00 4.055352103357608762e+00 4.279599589750778144e+00 4.413761596080966854e+00 4.663615030300720221e+00 4.875244969418300656e+00 4.959637841778386402e+00 5.129682668953262414e+00 5.281219300684709239e+00 5.508173993565441684e+00 5.650730528117569484e+00 5.780254446169687199e+00 5.906932323686279851e+00 5.997218360938549431e+00 6.208778909584884431e+00 6.399237009264163056e+00 6.525037157986974812e+00 6.602351238604065919e+00 6.746310157817956288e+00 6.925355491675714070e+00 7.193464028328281579e+00 7.350914496218940108e+00 7.589844342340120953e+00 7.747603653074048857e+00 8.111876609886593315e+00 8.611863227840911961e+00 8.832084582065437672e+00 9.130129533405597186e+00 9.573359703575862412e+00 9.626373235061160827e+00 9.992431275564761961e+00 1.027794309234787917e+01 1.060127130326855216e+01 1.089859258503060602e+01 1.132398824506988078e+01 1.158339354339724458e+01 1.191186694533228163e+01 1.214295433837920335e+01 1.248492026644198560e+01 1.270191309784944167e+01 1.296937494238064303e+01 1.319971535172634525e+01 1.350900683935130786e+01 1.362709778523252879e+01 1.383217414163023129e+01 1.408412712747811746e+01 1.459726730064496003e+01 1.489149927156049635e+01 1.621750857725920270e+01 1.729128546579131864e+01 1.793184811314588956e+01 1.875676786889066605e+01 1.933361461161647199e+01 1.942279429469547836e+01 1.986986833039039624e+01 2.227176925310813616e+01 2.261400369050917547e+01 2.283925260829393977e+01 2.294355112639098948e+01 2.307207393581125388e+01 2.360191885545420831e+01 2.382929463893795941e+01 2.581193360382623325e+01
1.817866533520231087e+00 2.133301851354103995e+00 2.574607513427953354e+00 2.721222643333742308e+00 2.820261841547300197e+00 2.888663066760798870e+00 3.051113478042940308e+00 3.415891080584934070e+00 3.499075377978202450e+00 3.753336466370333468e+00 4.052409119799996517e+00 4.262157877019491892e+00 4.442010071781114178e+00 4.768516296997841408e+00 4.918072909049077346e+00 5.001414371337938647e+00 5.143797106998394320e+00 5.331255879664132280e+00 5.540877814240184662e+00 5.671753862052414163e+00 5.804589717195599796e+00 5.942290751686972072e+00 6.049782176021325064e+00 6.298282186338044042e+00 6.462001875900198478e+00 6.635142579943853924e+00 6.716074256084916705e+00 6.796573135725587633e+00 6.961529977059681684e+00 7.195891831032072083e+00 7.390685026189970586e+00 7.519762375212995842e+00 7.742304383217549990e+00 8.126358936321450344e+00 8.623402182080679879e+00 8.865281176762470849e+00 9.175745386622196520e+00 9.563343527933740873e+00 9.618722900008135568e+00 1.001292980878526606e+01 1.029014786634730605e+01 1.056606572999857185e+01 1.095837621105001425e+01 1.128756046174470029e+01 1.169042182472144198e+01 1.192446105543350576e+01 1.215492281676289643e+01 1.249296784456006826e+01 1.265623887566983719e+01 1.293515579996222087e+01 1.306603162634454662e+01 1.342445684852786236e+01 1.358006849515790293e+01 1.380924875665900942e+01 1.406846038360189333e+01 1.456897692700326097e+01 1.488841888178161099e+01 1.604878291561350423e+01 1.719937300347736198e+01 1.789342639981374816e+01 1.878744505399292919e+01 1.934512943363198900e+01 1.941630932281439925e+01 1.990040244503589051e+01 2.247229701400906876e+01 2.276797828917721134e+01 2.297450842531876347e+01 2.313001800696604349e+01 2.323929331121568609e+01 2.377563784695802340e+01 2.397331757692240117e+01 2.584978661516595366e+01
1.792272003489231658e+00 2.177351924232539648e+00 2.617496776864384422e+00 2.772498829796693265e+00 2.876562187954498917e+00 2.928207926965740171e+00 3.040730184307618433e+00 3.421810860024386169e+00 3.544712935446409308e+00 3.743027651409337686e+00 4.051328564846951252e+00 4.244884846732262851e+00 4.459557707270604077e+00 4.852598530000680199e+00 4.944015896100792951e+00 5.021595832553727767e+00 5.149030389153518072e+00 5.381432344945848101e+00 5.559307975429491400e+00 5.676781668920833468e+00 5.810025023691778756e+00 5.982542684151757939e+00 6.083951008640914537e+00 6.355139072868051464e+00 6.489491326177470043e+00 6.719412067600504024e+00 6.802302183979763939e+00 6.844687685413596512e+00 7.025704691012730763e+00 7.188586524919605480e+00 7.393574928436845717e+00 7.487587150550982784e+00 7.717058682919764045e+00 8.156246130187753351e+00 8.616471660699577484e+00 8.909802705308456083e+00 9.221995415864510548e+00 9.537610115097955088e+00 9.615882179407304164e+00 1.003054089241859614e+01 1.029217760985679853e+01 1.054089525246647518e+01 1.102415213065844668e+01 1.124469963375247694e+01 1.175392578331328863e+01 1.197055926663648506e+01 1.219354402654762382e+01 1.248005811457550962e+01 1.257717051933203045e+01 1.292180680203053456e+01 1.299293932144483676e+01 1.332692861360654568e+01 1.355998087501383331e+01 1.379506483203144107e+01 1.405688732837950994e+01 1.454050550758589999e+01 1.489729374492813818e+01 1.591374019340332602e+01 1.712092824303109495e+01 1.786268246583568953e+01 1.880127308367294603e+01 1.935758478171645081e+01 1.941314906444022625e+01 1.992042265038005766e+01 2.260300954707332011e+01 2.287588688128012393e+01 2.305387085083679466e+01 2.321054079419350558e+01 2.343616457211912874e+01 2.392489915815210111e+01 2.410773078897735644e+01 2.586697810912200879e+01
1.771647964057089908e+00 2.203694489618214014e+00 2.643221657207323716e+00 2.802382771915764792e+00 2.910639550299307210e+00 2.957355037359030714e+00 3.022085146720161486e+00 3.419819919169704292e+00 3.577062016037415138e+00 3.736593352084449204e+00 4.051796318487091320e+00 4.234935981965906926e+00 4.468419435708506526e+00 4.904771744677017153e+00 4.961743846504734989e+00 5.024329092151891274e+00 5.150706742966746354e+00 5.422281520520272124e+00 5.569634958513205447e+00 5.669260122466828200e+00 5.809301720339003161e+00 6.016053158872082030e+00 6.101083742865502479e+00 6.390072726789610691e+00 6.490962178026228102e+00 6.769844974099868296e+00 6.858268398827300771e+00 6.889654617366960387e+00 7.087491226574180736e+00 7.177495634437180527e+00 7.341094263137579290e+00 7.518188368015226608e+00 7.680161161559664329e+00 8.185889709984103035e+00 8.604681685868698082e+00 8.946163592050041302e+00 9.262307387677225279e+00 9.503332710638925818e+00 9.620112289739818578e+00 1.004075903190913266e+01 1.029022640376773445e+01 1.052626232279177110e+01 1.108703190726788712e+01 1.119810373039304530e+01 1.178348472094413069e+01 1.204044647362014864e+01 1.223928533648876282e+01 1.243056970501660174e+01 1.249059954020085605e+01 1.291157397112777616e+01 1.300353395187151939e+01 1.323415798784230368e+01 1.355538379120904224e+01 1.378552953176955675e+01 1.404979152707375079e+01 1.452077468099447088e+01 1.490785791739868849e+01 1.582618823319597290e+01 1.706910170202054289e+01 1.784324241384049614e+01 1.880570696576300449e+01 1.936698784993974698e+01 1.941156780042991770e+01 1.993153628452619941e+01 2.267487688386303546e+01 2.294509483477464684e+01 2.309895219686307755e+01 2.325191568380147444e+01 2.356120731533595603e+01 2.401730486159342703e+01 2.421190623502682726e+01 2.587131191328383295e+01
1.763779787861321280e+00 2.212385101721269454e+00 2.651969368554640827e+00 2.811991143209916277e+00 2.922375237297736739e+00 2.971119920326852348e+00 3.010106205700068482e+00 3.418473827052123770e+00 3.588248487443464363e+00 3.734602327673671507e+00 4.052249426594327630e+00 4.231814342426892139e+00 4.471147743984452028e+00 4.921156705365682171e+00 4.970599500073462629e+00 5.022060923141484778e+00 5.151091533637289110e+00 5.438653099215042808e+00 5.573358443880136015e+00 5.663654005287717119e+00 5.808423750876603897e+00 6.029565003265707546e+00 6.105406148167737079e+00 6.404315775024186586e+00 6.486123830634623388e+00 6.786309869300705344e+00 6.880363669125249437e+00 6.907066523034981032e+00 7.116098581445846172e+00 7.173444928641436569e+00 7.309679654818454608e+00 7.541124543951691628e+00 7.657950361467455558e+00 8.198209510813155632e+00 8.599193645723401502e+00 8.959991585024619454e+00 9.280477856333625652e+00 9.486091983253793103e+00 9.622640269133862390e+00 1.004382007401413368e+01 1.028905748023278477e+01 1.052154505046324573e+01 1.113402925198840876e+01 1.115684549693777328e+01 1.179185714572804855e+01 1.208551319423226644e+01 1.225571016295172022e+01 1.239380171590300783e+01 1.245474132357790076e+01 1.290610423654320194e+01 1.303239537953275118e+01 1.318460707618644356e+01 1.355546466029925057e+01 1.378183981082771936e+01 1.404741392161917446e+01 1.451385400082592625e+01 1.491239923242386922e+01 1.579576600860332469e+01 1.705107868579927199e+01 1.783661069006830147e+01 1.880651367428554011e+01 1.937049117959193367e+01 1.941102368483371166e+01 1.993507544731722092e+01 2.269752379984807078e+01 2.296925283945525464e+01 2.311381165708327146e+01 2.326499787081382209e+01 2.360343165707161006e+01 2.404712810801112965e+01 2.425208276652268680e+01 2.587143682042106718e+01
1.099744054506961666e+00 2.090654311132934762e+00 2.317481782731067419e+00 2.468595776756588922e+00 2.798799537601561305e+00 2.873853703081607147e+00 3.133690827627866327e+00 3.330624366991923768e+00 3.699711842341706358e+00 3.917590972165251983e+00 3.986763637434639129e+00 4.058414317636402480e+00 4.445849190283777119e+00 4.486936670005182926e+00 4.706301804810200551e+00 4.890975705442957455e+00 5.006467314379692723e+00 5.181002840391211173e+00 5.325271150252772756e+00 5.632675100746117991e+00 5.732753137848900060e+00 5.965884301439203341e+00 6.147608448597774000e+00 6.379904057595711109e+00 6.682310990395849082e+00 6.811813230622505877e+00 6.899535978474069076e+00 7.011856872774758997e+00 7.109344131778765785e+00 7.226024509567904097e+00 7.449365146919361358e+00 7.547249303449947710e+00 7.628699332609271799e+00 8.116745793617900162e+00 8.490947854719571808e+00 8.889660198773336575e+00 9.175929784896606378e+00 9.275861780630249243e+00 9.407974530048532458e+00 9.857934593051147942e+00 9.970721373821259448e+00 1.003831142591006120e+01 1.034422303753021488e+01 1.086560805277797037e+01 1.104853774855050830e+01 1.142486732632681523e+01 1.198249200683762794e+01 1.233276441951659663e+01 1.265454498517998871e+01 1.274000243902375296e+01 1.320348822809669720e+01 1.338454044432797829e+01 1.344454868797123481e+01 1.399774033804730067e+01 1.409251725478708295e+01 1.446704450936389108e+01 1.515124034621318216e+01 1.596781277099382557e+01 1.727273972509050282e+01 1.815398816438431950e+01 1.859012662232317226e+01 1.922363133459064244e+01 1.932360922194810726e+01 1.985664603268520523e+01 2.221018061546950051e+01 2.235856677552609284e+01 2.276544781282086660e+01 2.311022174804947937e+01 2.323473083943105877e+01 2.402611137987420520e+01 2.417789185204381752e+01 2.562047678916595572e+01
1.194329592937611872e+00 2.108594339676602480e+00 2.303999879227433656e+00 2.483271020286998532e+00 2.797041788150792740e+00 2.877048938403356182e+00 3.131708309125051493e+00 3.331644530665622828e+00 3.697138370135907515e+00 3.894789047417542616e+00 4.002582282914611156e+00 4.061836534818811018e+00 4.416770607978229179e+00 4.475519471233394775e+00 4.724494520136363285e+00 4.886044384226034154e+00 5.001406831240905682e+00 5.178148304377732991e+00 5.338852499703730992e+00 5.632272404086905659e+00 5.734645076470243907e+00 5.961533249260280165e+00 6.137590594073680350e+00 6.379308617020969407e+00 6.647308068467830289e+00 6.801333700969885321e+00 6.883087358620816332e+00 7.000400176312845169e+00 7.121700223525708751e+00 7.210921714169286290e+00 7.473717655023658146e+00 7.530895710430299594e+00 7.639728193278688018e+00 8.113246453912035250e+00 8.489428223300169662e+00 8.860985271680581477e+00 9.171777267325140315e+00 9.279254374767972990e+00 9.401486714222343721e+00 9.826981937407714085e+00 9.955687090035837628e+00 1.010010993858093187e+01 1.035807301581491302e+01 1.089412984412466656e+01 1.104565900806954915e+01 1.144671999274870444e+01 1.198017564243773769e+01 1.233194487594869493e+01 1.262851613833885978e+01 1.277827694345316800e+01 1.321272292734313325e+01 1.339066650821532534e+01 1.346180807933967749e+01 1.399899282265844747e+01 1.410836465445997945e+01 1.448577865623745531e+01 1.514074070631318847e+01 1.599232605797625517e+01 1.726970066736236475e+01 1.814524624492900173e+01 1.861676443780968526e+01 1.921130844347750610e+01 1.933340362541698809e+01 1.985348949829516485e+01 2.219227589108463405e+01 2.235678281031764669e+01 2.276516769244991778e+01 2.310212515304852943e+01 2.322007823433130369e+01 2.400544779476536306e+01 2.416153243800043882e+01 2.560215613884537689e+01
1.411468405604149767e+00 2.149467507429838165e+00 2.274173858315265306e+00 2.524282501248745536e+00 2.788731254311179963e+00 2.887258624591148681e+00 3.125803512650191074e+00 3.334052950212621713e+00 3.688278646657891180e+00 3.852619046703940953e+00 4.026563238684435220e+00 4.069425034427355037e+00 4.347938945011779133e+00 4.446244229744730880e+00 4.742484595000012959e+00 4.884741285581704950e+00 4.996812016737795403e+00 5.167749170381177315e+00 5.367315246911530835e+00 5.633088185389530267e+00 5.738823287436684240e+00 5.948737615926833477e+00 6.108890331123146389e+00 6.374831106675055814e+00 6.563957846991629097e+00 6.768121782205526848e+00 6.843006027436014271e+00 6.966690358049304699e+00 7.096062379643081286e+00 7.211362764640995238e+00 7.485461469086039266e+00 7.547093485010150538e+00 7.662117577805745761e+00 8.106160820408835121e+00 8.485020227470927878e+00 8.800539566789481682e+00 9.159969820161970588e+00 9.266453411607045609e+00 9.395684061047928637e+00 9.774691396693873102e+00 9.953283943755264929e+00 1.019583472072260655e+01 1.040079781665131442e+01 1.097202376262807633e+01 1.104022667651412171e+01 1.151025958985735187e+01 1.197336820859318252e+01 1.232808463835920776e+01 1.259276350430852531e+01 1.284918720646303392e+01 1.323964128197505374e+01 1.341549544346649370e+01 1.350661548173265203e+01 1.400711522018699995e+01 1.415067049833953128e+01 1.453852820403953494e+01 1.511437167117555092e+01 1.605871749189135400e+01 1.726255560603035732e+01 1.812383271012530628e+01 1.868647958064851622e+01 1.918312819226565580e+01 1.935581211078029895e+01 1.984440072103826580e+01 2.214304315085120933e+01 2.234689024782484879e+01 2.276363876687048915e+01 2.307727066382153325e+01 2.317577331901326332e+01 2.394454354152448872e+01 2.411090243689034907e+01 2.554775877247171678e+01
1.635459672966272038e+00 2.174807347945167724e+00 2.255062221334908301e+00 2.586457246101375507e+00 2.768997255846104455e+00 2.902308518909662904e+00 3.117174753385795416e+00 3.335652915116972483e+00 3.670052921021051962e+00 3.809902865520262694e+00 4.046893284951643466e+00 4.070967139935087076e+00 4.272146898484491473e+00 4.396424318943437548e+00 4.719679535254227787e+00 4.905895311428216665e+00 5.003272097562855514e+00 5.151690308411889241e+00 5.384727357696902139e+00 5.640033217490200812e+00 5.739799350902231367e+00 5.928656086975895079e+00 6.064288178543569607e+00 6.357287186761940490e+00 6.468615429645678816e+00 6.706837837953017356e+00 6.786542800565238842e+00 6.914787542971195577e+00 7.007509511937834112e+00 7.234206064262769686e+00 7.448368583157346734e+00 7.627095474149059307e+00 7.695830866125874969e+00 8.102386757751109059e+00 8.476806693180538588e+00 8.747984073908801506e+00 9.148674653834833137e+00 9.219776783022890498e+00 9.401888163626935579e+00 9.736978826666410569e+00 9.955942553634814729e+00 1.028589439384469095e+01 1.047489093823615391e+01 1.103074806162471155e+01 1.108931786154206733e+01 1.161065804057759010e+01 1.196366415292182772e+01 1.231967918409769780e+01 1.256519547567807926e+01 1.292887466244200034e+01 1.328303059498349903e+01 1.346166078390143817e+01 1.357351325222747640e+01 1.402703909887721068e+01 1.421012796153691227e+01 1.461654878341090757e+01 1.508234189985210705e+01 1.615111203610644708e+01 1.725640918440573657e+01 1.809472545951948419e+01 1.877868116352954786e+01 1.915143151482720185e+01 1.938428773587126486e+01 1.983044327281178099e+01 2.206994948418389058e+01 2.232160871635758070e+01 2.275646580478233716e+01 2.303359926070420372e+01 2.310219358459649541e+01 2.384507165945471030e+01 2.402401358498766015e+01 2.545958888747930615e+01
1.781910766591729534e+00 2.162233910463418951e+00 2.266990403582733737e+00 2.640993476347744728e+00 2.742838464011639665e+00 2.910034107263283154e+00 3.111471641142216527e+00 3.331189375084792736e+00 3.640068853957459272e+00 3.773178173274860825e+00 4.040924672509304649e+00 4.067741540088066543e+00 4.216395499580745998e+00 4.328669451910960753e+00 4.669264326425614620e+00 4.929924421511341137e+00 5.016337365261865244e+00 5.136567443885938999e+00 5.375276230147686185e+00 5.651836975647508865e+00 5.725860573142932175e+00 5.904705365531751404e+00 6.006801628548209315e+00 6.304903065193000700e+00 6.388244181633638163e+00 6.625406492918994417e+00 6.707031628236686416e+00 6.854045957803607259e+00 6.891785627405449866e+00 7.233945845573575895e+00 7.432470419196112843e+00 7.681163719463500961e+00 7.767326485526761637e+00 8.104469816059802767e+00 8.462438322700680970e+00 8.727243118423437807e+00 9.141643841809468540e+00 9.166497586181494128e+00 9.409804713164557910e+00 9.721420075624269685e+00 9.957947420130643934e+00 1.036559055030029874e+01 1.058148285427505186e+01 1.103602739910248864e+01 1.121469204533517505e+01 1.174243488648353129e+01 1.195608008953642454e+01 1.230855088409345832e+01 1.254496742024718969e+01 1.300734285245496302e+01 1.334285961042322022e+01 1.352368869081166203e+01 1.366185728395075216e+01 1.405874461704125622e+01 1.427723393937232821e+01 1.470851548943490883e+01 1.505281314521583802e+01 1.625282615056368130e+01 1.725775927083041950e+01 1.805440466865754345e+01 1.887170280551434232e+01 1.912866817264670516e+01 1.941751075835795959e+01 1.981312298986966169e+01 2.197878116122486247e+01 2.227588880984104236e+01 2.272959881806301397e+01 2.296113781855486735e+01 2.300977184260973729e+01 2.370663029232225583e+01 2.390460318279253826e+01 2.534337445905481090e+01
1.814795994293026293e+00 2.137200299218386057e+00 2.291618491238773814e+00 2.623577529160169508e+00 2.739436894070156114e+00 2.888084576128369996e+00 3.115902988283893116e+00 3.309819822040591220e+00 3.600932378962860891e+00 3.742606162566754602e+00 3.979930004270458177e+00 4.077005484784974598e+00 4.176189259790286101e+00 4.266147107575912756e+00 4.607584476461530798e+00 4.943133385077579156e+00 5.012584138142059054e+00 5.131960102456321948e+00 5.346271994091988944e+00 5.649992065249272777e+00 5.686237273120054780e+00 5.875768787139318938e+00 5.943706785255358227e+00 6.205922857349376542e+00 6.319799764622142213e+00 6.539666303147508408e+00 6.603330640115625094e+00 6.751185161005868629e+00 6.807000497871625200e+00 7.203178153182726362e+00 7.446792273818528152e+00 7.712321561012090321e+00 7.857130991419984944e+00 8.106421760810569310e+00 8.445799654078058438e+00 8.739947764186140944e+00 9.095730533907429916e+00 9.172585783810138338e+00 9.418184821805176909e+00 9.728867467461130403e+00 9.961318277819838585e+00 1.043660326081543133e+01 1.072092060279509695e+01 1.105286786813667099e+01 1.134243068640435403e+01 1.189591117296405010e+01 1.196345924939552852e+01 1.229940987649648854e+01 1.252997250600545698e+01 1.307670192594588521e+01 1.341695772552779786e+01 1.359894238311794190e+01 1.376717085525508466e+01 1.409944583006378416e+01 1.434224658547844200e+01 1.480180241254052120e+01 1.503084560862161467e+01 1.634870833710916216e+01 1.727265852233047028e+01 1.799304911157727815e+01 1.894152383314228771e+01 1.913293790141786488e+01 1.945508188957242268e+01 1.979394985058289436e+01 2.187408449413526768e+01 2.220559271213348396e+01 2.265290034819850007e+01 2.283992889422449224e+01 2.292321636128052376e+01 2.352850251969028150e+01 2.376769288121348112e+01 2.521029565425434527e+01
1.764064903194226819e+00 2.075757477919407012e+00 2.317049548146512095e+00 2.551050965294398232e+00 2.729592910996242683e+00 2.824069428515438851e+00 3.119147305432155903e+00 3.258738144995777297e+00 3.556864052304670842e+00 3.714869495488851037e+00 3.899592086761846765e+00 4.056656106003218909e+00 4.123011752431709809e+00 4.245538893002384739e+00 4.544045337683420449e+00 4.932080031385727814e+00 4.989235345292035717e+00 5.127903583490332373e+00 5.317055981921277485e+00 5.595163237192082306e+00 5.636688399380379799e+00 5.815620353144363541e+00 5.895153383333525454e+00 6.072633132563506564e+00 6.241548144270508303e+00 6.445146760791251594e+00 6.502027203034773883e+00 6.614338067719065961e+00 6.760216035524192257e+00 7.165970551856694293e+00 7.470929580237140932e+00 7.736298791169323508e+00 7.929832558518306485e+00 8.104091816283110816e+00 8.439073565696711299e+00 8.766333996190105893e+00 9.049058702020662537e+00 9.199945116672159529e+00 9.437604256711782824e+00 9.752625394974375084e+00 9.973216221425381889e+00 1.049726945335291362e+01 1.089163285290346295e+01 1.108854162910014551e+01 1.146000894067881504e+01 1.197107352058809759e+01 1.208660994926730936e+01 1.229971191274592535e+01 1.252140917037256429e+01 1.313568297478437152e+01 1.349620592225980076e+01 1.368910882970805964e+01 1.388150662524947165e+01 1.414655064469421042e+01 1.439656371973394400e+01 1.487771245169958156e+01 1.502590042642707502e+01 1.642467169776664093e+01 1.730320587188154136e+01 1.790155880184372705e+01 1.897598424552968055e+01 1.917224628039487300e+01 1.949514383406238593e+01 1.977379202988355544e+01 2.175964123902997116e+01 2.210491546467208934e+01 2.248772475474843091e+01 2.268676165404217215e+01 2.282106405200851640e+01 2.332713759598952308e+01 2.363523601996019607e+01 2.507747330169409494e+01
1.671303945369125188e+00 1.959022957891895178e+00 2.305578565369074795e+00 2.471094806112065889e+00 2.684912329614530080e+00 2.722730638414744497e+00 3.097049357079651788e+00 3.176809049105618232e+00 3.502758569233296093e+00 3.685030736025972864e+00 3.800433356706198751e+00 3.993664105653704333e+00 4.085053033292762592e+00 4.249176507584064844e+00 4.487337234275766029e+00 4.871449862448962165e+00 4.979049132409932632e+00 5.094961260039616135e+00 5.296856794743753483e+00 5.494942959558287932e+00 5.555578597783575212e+00 5.722774244563019863e+00 5.826415594311807666e+00 5.941666348601582825e+00 6.154960991704169437e+00 6.327329026644938459e+00 6.437876692656430144e+00 6.484815655600923989e+00 6.719997668429405380e+00 7.143087229803889215e+00 7.489544528122888067e+00 7.747706019073714145e+00 7.963538210584611754e+00 8.114530654592673642e+00 8.448470052344509540e+00 8.781337940294875466e+00 9.010498637014755730e+00 9.225508730619225162e+00 9.478912869586709533e+00 9.779796744503482131e+00 1.000015789251260045e+01 1.054266031903053680e+01 1.106482484872851124e+01 1.116648042234975335e+01 1.155633757871133938e+01 1.202321168710535382e+01 1.223227961726794533e+01 1.234298968247404638e+01 1.253018553469094343e+01 1.318786969294350619e+01 1.357014603096399163e+01 1.379380284162817460e+01 1.399746731749871742e+01 1.419882857829853684e+01 1.443532896888581085e+01 1.490211540180862393e+01 1.506364633931132069e+01 1.646858579435021497e+01 1.733496880129831652e+01 1.778572474669088521e+01 1.899456211558143792e+01 1.922161530152738251e+01 1.953358396045828016e+01 1.975231926344413580e+01 2.163822608814308524e+01 2.196185276630269456e+01 2.221276686056352290e+01 2.249649552997365731e+01 2.268136287358709069e+01 2.314996565790740135e+01 2.352315822873342555e+01 2.496432432464213491e+01
1.552871274269352231e+00 1.785775655471649737e+00 2.215013468872759628e+00 2.413494815175597719e+00 2.589056433932638512e+00 2.613715087867961362e+00 3.028298036248416203e+00 3.082721370839744512e+00 3.421000534336845700e+00 3.622420356325387392e+00 3.706269493687154526e+00 3.946955751790712785e+00 4.024314017191593429e+00 4.262164916058841513e+00 4.441771546266176429e+00 4.780460192781998963e+00 4.968666392379385677e+00 5.026563899965146298e+00 5.254293971447896006e+00 5.373028910220187804e+00 5.420946985511185368e+00 5.587140370871566120e+00 5.697397291853611101e+00 5.883031144260931100e+00 6.063610727835979652e+00 6.215636904398571971e+00 6.358346026418548291e+00 6.416117780993022102e+00 6.684365688009702211e+00 7.141292031736980128e+00 7.497492703622646637e+00 7.735442045541764955e+00 7.967979484609874596e+00 8.149302135452034079e+00 8.467951973035180657e+00 8.766087476879325990e+00 8.978912362647518464e+00 9.242968910815804406e+00 9.535786533048019820e+00 9.809529980742322408e+00 1.003703656237318853e+01 1.056924259335479377e+01 1.116319366662010104e+01 1.133440569910210982e+01 1.162888283845871840e+01 1.209540559729355991e+01 1.227447125876759415e+01 1.246833936675129806e+01 1.259339369817227094e+01 1.323588545593415056e+01 1.363408295045455176e+01 1.390906355448492704e+01 1.410876875404580311e+01 1.425595944176400920e+01 1.445941944028299275e+01 1.488064402837237310e+01 1.513242307640385853e+01 1.647267423669259756e+01 1.729879285267077904e+01 1.770244423701133840e+01 1.901083301136756987e+01 1.925825086238411643e+01 1.956459475303346807e+01 1.972841865332653555e+01 2.150915167415179852e+01 2.171230348271021882e+01 2.186605869665065072e+01 2.227514429091825576e+01 2.252145913716493553e+01 2.302577551235385656e+01 2.343648768521914505e+01 2.488466952517761044e+01
1.406610933672166608e+00 1.565840337757641088e+00 2.055594248226120691e+00 2.342187281746974215e+00 2.459981684277675384e+00 2.515172773290482500e+00 2.911863888198895634e+00 2.984404172265791910e+00 3.292190410817706248e+00 3.506951864706362443e+00 3.653454695817516917e+00 3.914907405321149447e+00 3.950146624548298568e+00 4.265016296747415225e+00 4.411403756301002232e+00 4.673052611754267893e+00 4.916254943366272556e+00 4.958453798491515130e+00 5.121525520994973490e+00 5.205541572925429072e+00 5.305644115383181258e+00 5.388614917511674207e+00 5.596279094115072184e+00 5.859577317199093471e+00 5.972484393490042898e+00 6.113442735865676880e+00 6.268944761047831271e+00 6.407447609459911320e+00 6.657417704960550076e+00 7.155374372252316206e+00 7.493527772359995787e+00 7.701225359538303117e+00 7.976356094575155709e+00 8.194182763797201119e+00 8.487403785004865142e+00 8.714268817070770723e+00 8.952923446149265274e+00 9.248994642136098676e+00 9.589762496880366527e+00 9.855490841458905749e+00 1.007150572397534560e+01 1.057779712261014105e+01 1.122915103830430006e+01 1.148263329070990402e+01 1.170151583511284699e+01 1.214403958538237127e+01 1.232625419624353569e+01 1.256417581001429973e+01 1.273146797762130156e+01 1.328043764679747696e+01 1.368698986428200293e+01 1.403072599424449862e+01 1.420926029546925307e+01 1.431784717007073837e+01 1.447535811772750414e+01 1.484325781508229092e+01 1.519912508167058363e+01 1.643389033602123206e+01 1.711231194936256372e+01 1.771578251392327985e+01 1.901884578233880774e+01 1.927464531260447700e+01 1.957937493249598049e+01 1.970322196065009024e+01 2.118972838339137610e+01 2.139450194153592122e+01 2.161297262628041693e+01 2.205648150009200492e+01 2.236239727000526756e+01 2.294529352876823225e+01 2.337466195408058312e+01 2.483999005215551037e+01
1.194321921347086146e+00 1.342039158396312271e+00 1.850780194626793218e+00 2.211662887149753232e+00 2.345376465926560350e+00 2.419170552464666724e+00 2.772485474475120615e+00 2.857054130764429267e+00 3.131192397850354414e+00 3.391160346755501820e+00 3.588978655821593922e+00 3.848385776821231730e+00 3.914471924870858821e+00 4.242012589546200196e+00 4.391317875995221165e+00 4.558352139389252322e+00 4.786178006726621526e+00 4.880324100553671052e+00 4.953323013049500290e+00 5.007683643153177044e+00 5.146715889162754465e+00 5.253868778867063050e+00 5.504014656159591290e+00 5.843998531627786264e+00 5.897789308938357067e+00 6.010682296220929643e+00 6.212238440397376493e+00 6.414078890869329364e+00 6.642944444960670936e+00 7.174224112742071391e+00 7.478129936494726238e+00 7.666904449657285348e+00 7.993440729097041064e+00 8.242286116150745912e+00 8.498631435355973096e+00 8.636017707888910877e+00 8.926042998129020134e+00 9.236627144340811668e+00 9.631394107026466145e+00 9.918600834581612347e+00 1.009950839856734639e+01 1.057208086328686747e+01 1.126869221841598900e+01 1.153619773477924859e+01 1.179040042188372972e+01 1.214210930700397739e+01 1.243724467070274642e+01 1.265690963578141748e+01 1.287658979484366917e+01 1.332482871358721077e+01 1.372840088955305937e+01 1.415166282873708603e+01 1.429274701402681380e+01 1.438362574851441522e+01 1.449417184550566340e+01 1.480431395330569089e+01 1.524671812751928179e+01 1.635255448820317170e+01 1.682295844382344896e+01 1.775148790567375556e+01 1.899521881826676051e+01 1.927758157155660612e+01 1.955585467331298588e+01 1.968659207067555172e+01 2.059518115114302006e+01 2.124913118458989914e+01 2.139469232836464485e+01 2.185267776709912368e+01 2.221362616300562465e+01 2.289954559045839488e+01 2.333901015756668684e+01 2.481994093598556717e+01
8.793877377157717223e-01 1.154371062690298322e+00 1.621008089640338934e+00 2.056222720274192284e+00 2.211357975545212629e+00 2.328679227821092379e+00 2.598720694238143558e+00 2.712202748949895437e+00 2.978179443899405587e+00 3.276275073425206852e+00 3.502025533010424407e+00 3.775060398525353467e+00 3.878442144275196846e+00 4.200717414588029719e+00 4.325161507384933657e+00 4.454047472944862029e+00 4.586141213100956016e+00 4.733438563072225769e+00 4.808002729426584132e+00 4.860016522793641158e+00 4.998464033372979287e+00 5.165827404204165418e+00 5.408589192732728534e+00 5.785715538202534702e+00 5.877737643680643664e+00 5.919293963907398926e+00 6.178698266066511735e+00 6.422848130677560441e+00 6.641768961466148369e+00 7.184520435528250815e+00 7.459318702369715837e+00 7.650512445591655997e+00 8.012278401292171282e+00 8.290110558431003085e+00 8.484025089451492363e+00 8.560449935250911579e+00 8.892092296948739261e+00 9.202825450026915988e+00 9.660805451112310038e+00 9.971369700559979066e+00 1.013380695091743355e+01 1.055614410852085250e+01 1.125614104990657260e+01 1.153895954313621530e+01 1.182369792068836389e+01 1.213853823983118296e+01 1.256225306659671759e+01 1.275774709837857479e+01 1.301047895053716275e+01 1.337874721651752274e+01 1.375825676849041557e+01 1.425456260313199230e+01 1.435656835626736694e+01 1.444548253092163037e+01 1.453126504224353788e+01 1.477336024226224254e+01 1.525995680140768940e+01 1.623331377346758941e+01 1.648553725053468710e+01 1.770928545452807867e+01 1.890382205131231430e+01 1.927600813813857883e+01 1.945835811186274000e+01 1.968283547014495127e+01 2.007523038566797524e+01 2.107733809934258318e+01 2.124199017477286233e+01 2.166260031278620346e+01 2.208037896171106595e+01 2.288505423423277563e+01 2.333272419191467151e+01 2.480896883320287927e+01
4.955734004365195400e-01 9.722012027288085001e-01 1.395605445383457210e+00 1.905288257504825111e+00 2.053089126605695647e+00 2.215748984198969485e+00 2.377284014021756597e+00 2.594464835272840109e+00 2.839803214365042017e+00 3.168745773560922796e+00 3.403473556354760454e+00 3.700900891947263016e+00 3.820711901711658864e+00 4.123682419078227746e+00 4.192839267525343416e+00 4.287514061340932159e+00 4.439824844425073636e+00 4.567864051188661456e+00 4.679750960311260144e+00 4.773954536137296145e+00 4.921252408858276084e+00 5.087987416708597443e+00 5.308642659290947918e+00 5.713801063729839314e+00 5.839032114741573132e+00 5.886260894379959474e+00 6.154789037748496838e+00 6.426248038757981007e+00 6.651588856564615959e+00 7.174657584747377470e+00 7.454334478857054691e+00 7.653086717556427665e+00 8.026740774564038006e+00 8.329280454595869188e+00 8.410560940657795470e+00 8.536310987282792695e+00 8.849120116329102004e+00 9.152046271544071132e+00 9.674534131150588578e+00 9.980069147093303172e+00 1.019154372464232239e+01 1.053331582623914997e+01 1.117626495640658568e+01 1.153169066470498194e+01 1.177175746887071028e+01 1.213884438621355066e+01 1.266649106431734673e+01 1.287182598642313458e+01 1.313380110661975841e+01 1.345069825588972456e+01 1.377799541812381534e+01 1.431667543613013294e+01 1.440359209502624260e+01 1.449151858716180286e+01 1.458549792626462960e+01 1.476656374735547850e+01 1.522110603883120383e+01 1.606683427636810890e+01 1.616152541547850063e+01 1.747481537465222701e+01 1.873151248871164753e+01 1.915339855552231896e+01 1.939612223743654695e+01 1.967115458311153020e+01 1.983112254436840516e+01 2.088294162930671050e+01 2.116420813998751882e+01 2.148803454481982200e+01 2.196503497200488297e+01 2.289983997751295419e+01 2.335608500704255519e+01 2.479328140393754509e+01
-2.024632455466800762e-01 7.957707022223897697e-01 1.214547022461107240e+00 1.756048902133082512e+00 1.875126963066341856e+00 2.057766889797298493e+00 2.162242217821713552e+00 2.508348413285478973e+00 2.706310549265164234e+00 3.087375938679168819e+00 3.304601865037173347e+00 3.617408397808238973e+00 3.746996378274928929e+00 3.974423025534955745e+00 4.040214853962412533e+00 4.123937527526974733e+00 4.290447265843109648e+00 4.455805183836808681e+00 4.599840313679401049e+00 4.748047720027947172e+00 4.866618825156982631e+00 5.025275115210263266e+00 5.215952881958025422e+00 5.649463089097980451e+00 5.786993106960338196e+00 5.883332936371157729e+00 6.133473352752329966e+00 6.424163771855198490e+00 6.666949184357792824e+00 7.144995319061096417e+00 7.471645582036681610e+00 7.667488130740530039e+00 8.029835566993513751e+00 8.304322230058907905e+00 8.374417389482307073e+00 8.528317699592877332e+00 8.799805093432791381e+00 9.092483565162762460e+00 9.666908533298865791e+00 9.945415857200240239e+00 1.025491353274217232e+01 1.050722947444234023e+01 1.104866412699240819e+01 1.150912978679103382e+01 1.167578853082154922e+01 1.211283066584350543e+01 1.275583491011748194e+01 1.298014074448817112e+01 1.324527627521537099e+01 1.353266903934529353e+01 1.379186170999433259e+01 1.433623314587067554e+01 1.442867068965976252e+01 1.451949943289945821e+01 1.460084656230401023e+01 1.481910383638866158e+01 1.512370088823146830e+01 1.575989348953832270e+01 1.600148262301146929e+01 1.699979261040331480e+01 1.852697504609329116e+01 1.900984875026199106e+01 1.944232170194057829e+01 1.964291672513271081e+01 1.978008385268909208e+01 2.068145010121329364e+01 2.112884082966894894e+01 2.134266381913974442e+01 2.186910210096072049e+01 2.294090942046218018e+01 2.340388496893262271e+01 2.476500064551826341e+01
-3.317056902003642227e-01 6.450346961040941407e-01 1.137060035250813117e+00 1.529357212427149282e+00 1.740329232224535616e+00 1.870862165351053319e+00 1.985313049638289584e+00 2.440662023124193336e+00 2.594558600482707256e+00 3.045444364052321884e+00 3.217681995546382012e+00 3.527795813864389007e+00 3.662130261674528153e+00 3.814679358559219136e+00 3.911386897209365276e+00 3.979984275233774849e+00 4.131707295718732631e+00 4.398566128963893540e+00 4.567784306022310226e+00 4.698612703243488120e+00 4.867877742103148719e+00 4.959849570151571463e+00 5.156709140467049757e+00 5.594866436662967679e+00 5.750002632258554236e+00 5.874695133859631824e+00 6.114458531118778239e+00 6.420561201943325358e+00 6.681887451723266480e+00 7.107020534450207094e+00 7.505786210456018459e+00 7.686459757250391434e+00 8.010953772013682084e+00 8.241328671613302959e+00 8.378015211574574295e+00 8.512022284889727786e+00 8.753691429433294147e+00 9.032878651791181213e+00 9.635847368162188786e+00 9.875857106675153929e+00 1.029415475376205258e+01 1.048294245719553075e+01 1.091275762376354663e+01 1.144768060032959056e+01 1.158260828436105427e+01 1.206451995887048056e+01 1.283383747652517393e+01 1.306333082684162505e+01 1.334067499351326269e+01 1.359918282084579211e+01 1.380693169037566825e+01 1.432741131069820639e+01 1.442095520064632908e+01 1.450136659882558021e+01 1.456811433813263079e+01 1.490774330756908839e+01 1.501397698793855540e+01 1.545815005369954598e+01 1.589263821905349872e+01 1.643780190710688061e+01 1.835591987852166085e+01 1.896448768041384625e+01 1.949619214157225144e+01 1.961900715761806424e+01 1.977788518781314053e+01 2.047547603696553153e+01 2.107575837020597476e+01 2.127048576040182937e+01 2.179478147214041428e+01 2.300182855198536913e+01 2.346632451747381154e+01 2.472345670604730472e+01
-3.024314182859672018e-01 5.054985575286718991e-01 1.166963826950860650e+00 1.245842607604197516e+00 1.641003591910041637e+00 1.722473146352663242e+00 1.826966867542415995e+00 2.355946465453389926e+00 2.556663953309423754e+00 3.043561718326041721e+00 3.161344910799406716e+00 3.444551156366447042e+00 3.569543188829630509e+00 3.700774351688846497e+00 3.806996540214108826e+00 3.864394045593252169e+00 4.008442347477236822e+00 4.352890800660880188e+00 4.558290523185157816e+00 4.646081304847254678e+00 4.872466246237165954e+00 4.909542058927398145e+00 5.144974111338980194e+00 5.547912459647897698e+00 5.727416314905741324e+00 5.858639110076843792e+00 6.101222071798256152e+00 6.418818857423352675e+00 6.692795790437748416e+00 7.071227659489793815e+00 7.548834812735869093e+00 7.704297600213156016e+00 7.967105196465590566e+00 8.210818014326948244e+00 8.357748040752182916e+00 8.477789293816085703e+00 8.725051522883282118e+00 8.980740078889144939e+00 9.585280225968961787e+00 9.774725569459763008e+00 1.029249615923394856e+01 1.045939823167146088e+01 1.081297013181919731e+01 1.135242238832367434e+01 1.150891056334496909e+01 1.201530122166233205e+01 1.289122077114766896e+01 1.312193958267723737e+01 1.340676370929737082e+01 1.362912086320986482e+01 1.382554944654661000e+01 1.429228554984689659e+01 1.436504887029627575e+01 1.441667364415989638e+01 1.451762394620879171e+01 1.491174259413343428e+01 1.502881039056996926e+01 1.522450269015132029e+01 1.572732729750591929e+01 1.604896019159839327e+01 1.823799323039020948e+01 1.896965985484527195e+01 1.953473323194509348e+01 1.960592662130570218e+01 1.978521192448252819e+01 2.027378321639952574e+01 2.098396525490189646e+01 2.127592867390298537e+01 2.174456119901919848e+01 2.307186705690372364e+01 2.353134357243611774e+01 2.467437373300341363e+01
-2.381284365776451806e-01 3.540212204771934767e-01 8.249712187500954919e-01 1.337785877006857360e+00 1.511578751992630032e+00 1.624058298462506267e+00 1.731608367691459760e+00 2.264606609501737200e+00 2.583488244794835964e+00 3.068812211363618481e+00 3.152084645713401301e+00 3.374359001516918255e+00 3.482278085313711635e+00 3.639220510956029386e+00 3.721502296335197801e+00 3.795522567960512461e+00 3.930183718927661829e+00 4.306388837072145925e+00 4.551384840438674750e+00 4.622636240237858019e+00 4.819897751288126031e+00 4.917925058804176075e+00 5.171712983522549933e+00 5.505533202951782279e+00 5.717879739502997438e+00 5.839188563262944776e+00 6.095457271983690362e+00 6.419771857591465292e+00 6.699095484087307817e+00 7.043380954913367908e+00 7.593533598002403018e+00 7.716616405792144029e+00 7.917146751203465449e+00 8.201693340207283356e+00 8.313357615899727548e+00 8.435320121786890724e+00 8.717051395009276504e+00 8.940437002792025467e+00 9.527438765911757201e+00 9.655428326895444613e+00 1.026082770446671155e+01 1.042975420990374857e+01 1.077135466071305459e+01 1.126612355619071160e+01 1.144075135550608380e+01 1.197891299567394086e+01 1.292469923508792817e+01 1.316014867221593576e+01 1.343331685412515952e+01 1.362687104239948077e+01 1.383387952868641690e+01 1.417947437080879780e+01 1.429235631115948202e+01 1.433126236762305794e+01 1.447324896811009154e+01 1.490153698416814798e+01 1.503616440254638853e+01 1.510096698535387638e+01 1.552738539310322885e+01 1.592963294445644351e+01 1.817275612689876496e+01 1.899138765342605595e+01 1.955904192618405446e+01 1.960270605045569070e+01 1.978467850990350385e+01 2.009754291472816590e+01 2.090224403423252753e+01 2.129806240319870625e+01 2.171819577146731106e+01 2.313728906224120152e+01 2.358708407026649567e+01 2.462760018712771526e+01
-1.529732553820473406e-01 1.978245589367707835e-01 4.213778292683682536e-01 1.387567547883054253e+00 1.421970492986498469e+00 1.554658867013954726e+00 1.707593199167654285e+00 2.200538247650122958e+00 2.620389586960199857e+00 3.100608807039642034e+00 3.176996359483440280e+00 3.312580688066768531e+00 3.430321749522067254e+00 3.609640144712922716e+00 3.670193525798898015e+00 3.766225040881070463e+00 3.886930914432833895e+00 4.268957078450953624e+00 4.540175897128779781e+00 4.626077823080825269e+00 4.784337549596014760e+00 4.919202529543491131e+00 5.213663080089816049e+00 5.468315907050484093e+00 5.717207152815853455e+00 5.824114047524901139e+00 6.094607468517502014e+00 6.421947324436332316e+00 6.702097713189543171e+00 7.025935695588612973e+00 7.630598071731800935e+00 7.720736905382103998e+00 7.881354678084965037e+00 8.189980161304278639e+00 8.275836695412733590e+00 8.401196617866675709e+00 8.720320967281400826e+00 8.913471839240358463e+00 9.485387219632432476e+00 9.548857672596058777e+00 1.022572380053139796e+01 1.040598640311167422e+01 1.076473605745328932e+01 1.121337482103518823e+01 1.138527799818645825e+01 1.195815272317346967e+01 1.293940699233379732e+01 1.318066553619909165e+01 1.343022125748018425e+01 1.361694306866162307e+01 1.381031480526934274e+01 1.404561041799926002e+01 1.423495590266086097e+01 1.430360652892329654e+01 1.444722246170121593e+01 1.490753603142066375e+01 1.497459946524548791e+01 1.506683259548880649e+01 1.546417354730023597e+01 1.589023706424361215e+01 1.814648618188046214e+01 1.901129802151778136e+01 1.957587309173395695e+01 1.961643330115603945e+01 1.975186633657119728e+01 1.998431816342157674e+01 2.085043452133217912e+01 2.131280794106024246e+01 2.170926263815040258e+01 2.318399504737227801e+01 2.362416110510987366e+01 2.459393099314002384e+01
-6.660946025248188794e-04 -5.551541601853358932e-04 -1.341063658103074487e-07 1.363307716136928693e+00 1.404657598772491855e+00 1.550599984569990708e+00 1.702815169715008015e+00 2.177917733374736819e+00 2.635464130647792835e+00 3.119646768287710703e+00 3.191146541088972999e+00 3.280646873999566004e+00 3.417328371499959161e+00 3.598736480816310923e+00 3.655946284104181654e+00 3.759893332010461720e+00 3.872403966179072121e+00 4.254516794073927244e+00 4.535384074306841207e+00 4.630720180385656803e+00 4.772970851517521318e+00 4.917768899927065895e+00 5.235511742538927038e+00 5.450623000163626664e+00 5.718283516097440788e+00 5.818742589647887264e+00 6.094865636125419428e+00 6.423040936290854930e+00 6.703000557935012260e+00 7.019971134094341814e+00 7.646225541565437211e+00 7.720098078532767971e+00 7.868907269892424061e+00 8.178246730079173687e+00 8.267711078067979003e+00 8.387181230075384519e+00 8.723524840144582626e+00 8.903273537947917760e+00 9.483734689980103383e+00 9.491804548114812334e+00 1.021096322149309188e+01 1.039779355341880951e+01 1.076536894364354957e+01 1.119697890227921278e+01 1.136295189130982841e+01 1.195152617129942918e+01 1.294303114909185304e+01 1.318685911131369615e+01 1.342425828051849557e+01 1.361623128000269212e+01 1.378053140093279794e+01 1.400182126446775221e+01 1.421580047770576805e+01 1.429781673066587189e+01 1.443858565197515453e+01 1.491070814442489834e+01 1.495372145555698218e+01 1.505083999414163287e+01 1.545969777017257663e+01 1.587884587571022976e+01 1.814065756601268831e+01 1.901912464508637157e+01 1.957972568294787408e+01 1.964712464754522259e+01 1.970626229839592725e+01 1.995204460023809290e+01 2.083297503074742352e+01 2.131740036252558568e+01 2.170787921984459601e+01 2.320098074700427304e+01 2.363708053077019500e+01 2.458167179004606595e+01
1.613342399731944599e-01 1.837754011484465377e-01 4.451631799764367847e-01 1.376088549573836417e+00 1.450367715291409842e+00 1.574611768011469515e+00 1.718793152970246041e+00 2.202819982141315247e+00 2.630993369919640390e+00 3.130109135528329478e+00 3.184555097032126803e+00 3.290532102229925648e+00 3.416633961550044507e+00 3.604281453510482791e+00 3.670538231587041622e+00 3.766085702870275220e+00 3.900045734265097597e+00 4.263086821486150590e+00 4.542475572437584042e+00 4.624651102619892207e+00 4.777457707051588010e+00 4.923031297011205787e+00 5.234282281274563964e+00 5.449759379491628586e+00 5.717389203349813265e+00 5.817703497795078782e+00 6.102383371042652271e+00 6.425378884106589084e+00 6.710169142483962901e+00 7.019186302062076166e+00 7.628819889479299121e+00 7.719259471555053764e+00 7.892806516050058008e+00 8.174021061075078975e+00 8.282935778973635976e+00 8.393666913897670057e+00 8.734817364214341850e+00 8.904992311440324215e+00 9.476867764556121898e+00 9.525824784946118839e+00 1.020837451793028272e+01 1.040068385049625732e+01 1.076190604549536900e+01 1.121680101387635986e+01 1.136931813188675733e+01 1.195330808279366508e+01 1.293574886560206494e+01 1.318028069401184865e+01 1.341757530624771100e+01 1.361862815868244958e+01 1.378608995611451604e+01 1.402550822642055017e+01 1.425074127354460707e+01 1.431351327941345808e+01 1.444225884016549522e+01 1.489909043212304418e+01 1.498127541095763249e+01 1.504841037330833053e+01 1.546913304726626492e+01 1.589027316446255966e+01 1.811890017124436980e+01 1.902419121154597192e+01 1.957098568704168073e+01 1.960996441433086090e+01 1.975681279891731279e+01 2.000397156902703344e+01 2.085422944025264513e+01 2.131801248275057503e+01 2.171611316768686351e+01 2.318493313223761021e+01 2.362596367652217211e+01 2.459254125374489774e+01
3.273195007645721133e-01 3.648841783786971882e-01 8.739892574835803618e-01 1.406189756243724664e+00 1.564706560056770002e+00 1.644018503427540745e+00 1.775769542707005488e+00 2.271530099604114561e+00 2.618509202603928276e+00 3.138981596140486996e+00 3.185204597165651297e+00 3.318442531899152392e+00 3.436761779019227081e+00 3.617906646962277595e+00 3.728148194260107573e+00 3.804518362202776949e+00 3.962043360532463865e+00 4.287471881046846178e+00 4.560494143763198949e+00 4.616160172539666817e+00 4.794454441303716230e+00 4.938172039741372643e+00 5.231836622455710462e+00 5.447704650358700995e+00 5.717534380729507149e+00 5.818630354291071782e+00 6.120977701869730225e+00 6.432902365899145103e+00 6.730354370128519115e+00 7.016933385094109354e+00 7.588580543074832541e+00 7.714831971815443445e+00 7.946956080421877289e+00 8.150014158204797354e+00 8.330973426352567657e+00 8.417648990412798682e+00 8.758025396141754015e+00 8.921775266272154781e+00 9.467742838863337340e+00 9.603517248495876402e+00 1.019926919656188247e+01 1.041166078362489067e+01 1.075305975720528551e+01 1.125242672464514726e+01 1.139978783818797758e+01 1.196365501022412836e+01 1.291004048679724114e+01 1.316433734034024994e+01 1.338998460717751193e+01 1.361479589786376465e+01 1.379216486685645471e+01 1.408056876981977723e+01 1.431485389362349991e+01 1.438836875609927723e+01 1.445888605520703862e+01 1.487987381089863703e+01 1.499723546923743811e+01 1.508454839345736964e+01 1.554588396337627643e+01 1.593152436262820970e+01 1.806628230263466861e+01 1.903579260818491647e+01 1.953182283897684357e+01 1.960187775944424970e+01 1.979591348693077180e+01 2.016469901760336469e+01 2.091120109828325724e+01 2.132274873000626059e+01 2.174427047734787877e+01 2.313896131791235788e+01 2.359353752903131607e+01 2.462632056945522052e+01
4.960466886452077895e-01 5.421388384593396337e-01 1.263382601989926135e+00 1.452347105431928131e+00 1.682289969194731727e+00 1.760502238822434506e+00 1.894154075350120925e+00 2.364389571171912952e+00 2.608103912135340430e+00 3.110451551186971475e+00 3.248321229896321771e+00 3.379657304272815299e+00 3.492266428153227853e+00 3.660062165474744056e+00 3.828870733900411327e+00 3.889217079669426980e+00 4.037721120745745296e+00 4.324514260645338837e+00 4.570025438996671241e+00 4.643258953849518811e+00 4.825320134514858417e+00 4.962823229870700459e+00 5.232249654584338217e+00 5.446093645047834109e+00 5.723034343028491122e+00 5.827136416483936543e+00 6.144183909675329680e+00 6.446683363225318431e+00 6.759882462464470443e+00 7.014015423887979495e+00 7.539223249906986446e+00 7.702489425516787058e+00 8.000389934441708206e+00 8.136920956544123840e+00 8.357071762148430949e+00 8.478296856657292935e+00 8.774208778672180742e+00 8.976078630637797318e+00 9.457286219028024021e+00 9.695961922385333054e+00 1.018277973862565489e+01 1.043613242752737769e+01 1.074087500772825976e+01 1.126324128229219923e+01 1.145864302928588074e+01 1.199875012090351944e+01 1.285674640282724290e+01 1.314479176645636649e+01 1.333214902347723374e+01 1.358687785457122033e+01 1.378168887770729256e+01 1.413503985483608716e+01 1.437247122064812288e+01 1.443923815633795549e+01 1.453693014761530122e+01 1.487154777563552877e+01 1.491426415324693977e+01 1.526086583758904247e+01 1.573290657823278949e+01 1.605881210815600824e+01 1.800617065014676044e+01 1.904726519361231141e+01 1.948788123937924865e+01 1.960885929775978553e+01 1.980836975971505254e+01 2.039951064873100606e+01 2.098053196892456995e+01 2.134809204012218586e+01 2.179819935337069481e+01 2.306946904799476528e+01 2.354386643340577479e+01 2.468501747218307685e+01
6.712087674100520873e-01 7.255841917233569749e-01 1.470450627159785917e+00 1.630956706020839642e+00 1.764716533290714429e+00 1.934606463885793159e+00 2.063238933535226582e+00 2.437578572547674849e+00 2.643158291660135273e+00 3.112239138535277672e+00 3.346763460784597299e+00 3.482778607978280760e+00 3.585777990431822548e+00 3.739730647383774365e+00 3.955411662657724925e+00 4.021090564386725852e+00 4.123166515796810927e+00 4.370808290985267242e+00 4.584080534486403735e+00 4.714297202493566097e+00 4.866997653736255813e+00 4.997432078886003382e+00 5.242185516878826945e+00 5.447713752940968490e+00 5.734023089703175202e+00 5.846796186617251756e+00 6.167782560564719851e+00 6.467456105187474158e+00 6.793545728885715285e+00 7.012148552517213140e+00 7.485275276173025460e+00 7.681906963493911000e+00 8.018481386967270197e+00 8.174060167801579624e+00 8.362803914656334214e+00 8.542039931953379295e+00 8.788634371262311618e+00 9.064781580116470394e+00 9.451156253462508872e+00 9.773291394611819172e+00 1.016368129939908549e+01 1.047960237037348641e+01 1.072546816585039409e+01 1.125018028592983832e+01 1.149904377558114099e+01 1.207736112403545903e+01 1.276951761827352883e+01 1.311810580491266442e+01 1.324952820990681523e+01 1.352605834241654215e+01 1.375647451175339064e+01 1.416103571166087960e+01 1.440160510874910216e+01 1.444207513043926738e+01 1.458034025024132596e+01 1.476575947309835435e+01 1.499063804032739888e+01 1.553134933502274606e+01 1.591007701441904665e+01 1.642965272623155215e+01 1.795515404518787506e+01 1.905151999937407226e+01 1.944638143177010292e+01 1.961472603603085219e+01 1.980874596998619452e+01 2.066578688917647355e+01 2.102997680437678696e+01 2.142591793168953274e+01 2.187891418689035561e+01 2.298722096093211675e+01 2.348557032172994496e+01 2.476888457882420269e+01
8.545834226032625880e-01 9.260214031780485966e-01 1.569512824480580937e+00 1.800222270914674239e+00 1.883551174736060263e+00 2.138730231394028625e+00 2.263989658040848063e+00 2.470242264397967791e+00 2.754713161145980749e+00 3.164122640960874477e+00 3.469650348152252040e+00 3.615573155888466950e+00 3.722187930419389446e+00 3.849660082234670710e+00 4.088616843703074544e+00 4.184366788683253624e+00 4.227212201924250401e+00 4.424343729137621750e+00 4.636103842590871160e+00 4.811133705751665879e+00 4.923002875436831793e+00 5.042181771820616554e+00 5.269044213252754183e+00 5.456951121492361167e+00 5.747678109023983239e+00 5.880840851194074403e+00 6.189351894499084850e+00 6.494459350805342979e+00 6.826539437276101019e+00 7.013223370106683952e+00 7.427354760507548725e+00 7.658706799722748038e+00 8.012530608838424939e+00 8.233224813731521152e+00 8.375718826296219888e+00 8.581867893174839779e+00 8.819921887264367655e+00 9.158971123848699492e+00 9.462021466242363843e+00 9.815935731456404412e+00 1.015397935254398654e+01 1.054440298223407702e+01 1.070571846648892311e+01 1.122369708563117108e+01 1.149318097284967344e+01 1.219085083960490046e+01 1.265121492840958517e+01 1.306426380480135840e+01 1.316542521165046686e+01 1.343388954736512986e+01 1.372857226220413729e+01 1.415150032721676787e+01 1.437456085332286548e+01 1.440760601771972560e+01 1.449940931655411447e+01 1.475741484482917443e+01 1.511067204387206431e+01 1.586895305444894433e+01 1.608851770768770706e+01 1.699575549252942608e+01 1.793178878037809554e+01 1.904008131665883852e+01 1.941259157739723307e+01 1.961435662086834597e+01 1.980699960228782430e+01 2.091611734666984290e+01 2.107985787150809642e+01 2.156148778918527142e+01 2.198167670508028237e+01 2.290777335931768022e+01 2.343034990688618535e+01 2.487540063326629536e+01
1.043518558512058547e+00 1.142961053375751046e+00 1.694880572331497914e+00 1.901265071694809405e+00 1.998329601173667980e+00 2.316551222768315821e+00 2.457913458216198777e+00 2.544173983995928978e+00 2.899486034383798927e+00 3.260042571632300490e+00 3.599206090516561929e+00 3.750267550611534606e+00 3.884649926980545231e+00 3.995344483578888717e+00 4.203126861741430353e+00 4.336859293865225951e+00 4.372158949277687334e+00 4.493888092080844388e+00 4.745782850369713479e+00 4.916235557666970735e+00 5.000394108389786929e+00 5.109639189923194103e+00 5.317968913021868360e+00 5.479952082001623204e+00 5.763152641688398248e+00 5.930927737537115441e+00 6.207807602373045519e+00 6.524106367090049652e+00 6.857979981547787318e+00 7.018192848348707713e+00 7.365789124022414924e+00 7.639504555983346989e+00 8.000862262341149389e+00 8.263099355682269831e+00 8.415869931706541962e+00 8.609900422087825689e+00 8.868951824936637252e+00 9.223695183235170347e+00 9.510767471537667106e+00 9.819034158427010439e+00 1.016856686613629179e+01 1.062637127573699836e+01 1.068107242864076056e+01 1.118854818433220721e+01 1.145272980531081863e+01 1.230159041166051637e+01 1.251632747635738241e+01 1.296971597116347041e+01 1.309656127519031799e+01 1.331988241899012415e+01 1.370529449990460336e+01 1.411164622877940111e+01 1.427013400752013439e+01 1.433550387797196812e+01 1.442306463744426814e+01 1.481377523201149060e+01 1.519006038135986714e+01 1.621244319776491238e+01 1.634656359817212490e+01 1.750095367566271776e+01 1.804522142851057254e+01 1.902065325460563017e+01 1.939452889502657484e+01 1.961332793573025768e+01 1.981257964940330396e+01 2.102725937048671057e+01 2.126936676809864224e+01 2.172876856916223787e+01 2.209979632805620042e+01 2.285052276104648428e+01 2.338963916090227357e+01 2.499982420333007482e+01
1.231662030792404883e+00 1.364388174591685932e+00 1.832488803069222350e+00 2.015215329640732023e+00 2.085942034749166840e+00 2.434679169501114515e+00 2.565790456745333792e+00 2.725949592532931565e+00 3.052015390046094456e+00 3.390927095566434790e+00 3.712701532970890117e+00 3.863043660146095348e+00 4.042161600909326857e+00 4.175889411999853529e+00 4.290009991812088863e+00 4.450384496337474793e+00 4.515153182303862422e+00 4.629711398375442322e+00 4.909646850230633852e+00 5.007416660747314729e+00 5.098069741081730832e+00 5.230461623893853051e+00 5.392397471166916922e+00 5.523629040217561403e+00 5.784373907395488068e+00 5.995469626720891121e+00 6.223934057932030584e+00 6.550322931223986345e+00 6.892869566462934472e+00 7.026743919170117536e+00 7.302475906706593634e+00 7.626498784653917618e+00 7.984002724339509527e+00 8.262317947810618790e+00 8.460790870107226525e+00 8.656105005035353628e+00 8.922440306047311864e+00 9.247678374067929141e+00 9.598181381708352333e+00 9.794575498417907866e+00 1.021705049344902605e+01 1.064740243200037462e+01 1.071986070412219227e+01 1.114879665672886411e+01 1.139724782396138636e+01 1.232186595020807118e+01 1.243576593763561355e+01 1.285873986539107605e+01 1.302886243519313503e+01 1.319620500756654202e+01 1.368846917007260267e+01 1.405182355006489026e+01 1.413148975837704668e+01 1.425313172365325620e+01 1.436922256528176689e+01 1.486596499653965608e+01 1.522856380118985342e+01 1.645867774903600633e+01 1.669109756589117310e+01 1.765578399673238508e+01 1.839896132931693273e+01 1.909735063133262400e+01 1.938836568166746588e+01 1.962546665165406168e+01 1.985899221030794948e+01 2.109407530213312043e+01 2.151909781101526775e+01 2.190767107286831816e+01 2.222817528916753815e+01 2.283420555223417736e+01 2.337191393516791749e+01 2.513605886538803702e+01
1.412062235045864478e+00 1.575768902473145605e+00 1.951526305669252892e+00 2.120523732992980470e+00 2.200041319662457973e+00 2.520095372448381887e+00 2.677630868007406129e+00 2.884243072834018040e+00 3.190950743650535326e+00 3.552200404040823045e+00 3.799992968424296347e+00 3.946656967245206982e+00 4.180111592570239232e+00 4.321174804994240226e+00 4.402888186307365892e+00 4.508554418785139184e+00 4.644057935858055153e+00 4.825206007590826296e+00 5.059797493143572744e+00 5.099311153414093134e+00 5.248202274353929830e+00 5.385555621699309903e+00 5.491553588463713886e+00 5.603031022459502353e+00 5.819556771935069150e+00 6.068535521618512618e+00 6.241896771699872559e+00 6.569456558494294995e+00 6.936569390497718146e+00 7.039028160085158525e+00 7.241414694373455418e+00 7.617427882486691892e+00 7.958931953404502657e+00 8.246924745417860692e+00 8.491595764359178844e+00 8.726206436761465568e+00 8.969741867684666303e+00 9.251214950943513315e+00 9.683367284473620273e+00 9.773870442955194804e+00 1.030245078159090255e+01 1.061240857734787291e+01 1.080262113650865352e+01 1.111303148460132384e+01 1.134400172359035253e+01 1.220281798962473729e+01 1.244981225405376613e+01 1.274570953388321293e+01 1.297205017353907053e+01 1.307588622845453408e+01 1.367347998612673088e+01 1.396471370194278272e+01 1.402898639217930388e+01 1.415216974056878918e+01 1.431214228685984402e+01 1.488422807638248102e+01 1.525785362797330613e+01 1.655791289306051439e+01 1.702353624657095565e+01 1.773855010481561933e+01 1.852343676783689475e+01 1.930692680276548145e+01 1.941933275524634084e+01 1.964408256807487518e+01 2.010673277920570712e+01 2.119736047932946477e+01 2.175673296338441176e+01 2.209029352098740162e+01 2.236488866195184499e+01 2.286949002761339855e+01 2.338151885621723736e+01 2.527725013552292666e+01
1.579145458102673372e+00 1.757244204028825640e+00 2.042874459958214040e+00 2.211954544088644781e+00 2.353631779678293068e+00 2.598522815883971937e+00 2.786324244403168393e+00 3.007486703898381020e+00 3.293404817667319406e+00 3.731397560034681149e+00 3.871790180613154941e+00 3.998838859266852896e+00 4.272632846483802815e+00 4.427665052420061365e+00 4.487015013325596158e+00 4.607246455828381215e+00 4.773741932113257036e+00 4.974182744159876712e+00 5.136388440460328830e+00 5.266635866945894584e+00 5.426824996557867209e+00 5.524903306783801149e+00 5.611614175809681804e+00 5.748372967353474472e+00 5.877761983133598100e+00 6.137355336597904554e+00 6.272378370241218803e+00 6.586722393869344216e+00 6.983755669512961894e+00 7.057670968177590431e+00 7.190191130636902628e+00 7.609658063766983283e+00 7.923284547245843079e+00 8.219094496527000970e+00 8.525993899132407350e+00 8.793568460890870853e+00 9.008388742082647838e+00 9.252244465580483634e+00 9.684619107749604439e+00 9.832323313024110334e+00 1.041612183676351044e+01 1.058079791335307185e+01 1.084876207629296196e+01 1.110323895904038238e+01 1.130719020680659348e+01 1.208720933847781787e+01 1.242602451560021493e+01 1.262707714406608162e+01 1.294373140005069089e+01 1.297636039098308913e+01 1.364992332062825398e+01 1.384759690987628211e+01 1.396730159851755282e+01 1.404574219542624469e+01 1.424726011862229491e+01 1.485656783072448484e+01 1.529445638235593741e+01 1.648245572568015049e+01 1.730187285314007184e+01 1.783685496410373261e+01 1.854493573178175225e+01 1.930605844595057619e+01 1.951581572542169241e+01 1.965941963651118485e+01 2.064931757436758630e+01 2.135332508206334268e+01 2.197676736137147557e+01 2.227518837350474712e+01 2.250934876565779774e+01 2.295488731560051221e+01 2.341887268644573084e+01 2.541616905928931303e+01
1.726783252580082584e+00 1.874996254039669852e+00 2.143726748453393505e+00 2.317738146499258356e+00 2.499443608837704112e+00 2.670714921113900964e+00 2.886175603159752523e+00 3.106715657858863722e+00 3.357825418806234197e+00 3.869258651672118354e+00 3.966651907206401706e+00 4.035884380700224483e+00 4.318704750340477183e+00 4.469434967762289546e+00 4.579631446820032536e+00 4.737864770467197673e+00 4.902612267031242865e+00 5.036759219407142218e+00 5.239610149164961150e+00 5.407071955118621709e+00 5.564492274848280573e+00 5.659833151514376048e+00 5.765637343845044782e+00 5.935232508484165059e+00 5.964827136075073533e+00 6.192484615422775285e+00 6.327161942572115727e+00 6.614342935119687183e+00 7.014495852421930522e+00 7.080380455979125465e+00 7.169429002854774247e+00 7.603742172840486369e+00 7.876344419350609805e+00 8.178839094108690588e+00 8.576609009502544012e+00 8.835872966677584373e+00 9.037922065332049115e+00 9.263927188502808718e+00 9.654032575927171678e+00 9.918616561784684649e+00 1.048745810643448451e+01 1.061292322296868385e+01 1.083749333010633897e+01 1.113438564401119457e+01 1.129616840112542420e+01 1.200028141906770607e+01 1.237701009195835056e+01 1.250960038666630147e+01 1.286469368173599648e+01 1.297357591183750003e+01 1.360885265545702616e+01 1.372744059876314893e+01 1.385831766800878739e+01 1.399900574376027329e+01 1.417512973830494261e+01 1.479320264595791024e+01 1.532682809894274634e+01 1.629854028507579855e+01 1.751679668937439871e+01 1.785552215634512052e+01 1.862982957134292761e+01 1.926619692152480212e+01 1.953124354676499053e+01 1.970581097785661129e+01 2.124269077599437949e+01 2.157787287729510695e+01 2.218582993643104118e+01 2.246133792060743062e+01 2.265729517311520524e+01 2.308174505447191294e+01 2.348199568233120615e+01 2.554556347676745176e+01
1.833468448208382950e+00 1.940643823522914202e+00 2.273795592512566355e+00 2.428492602830910396e+00 2.616928249921380623e+00 2.736603568545321163e+00 2.974289686672887623e+00 3.188731774179436762e+00 3.395242362572574280e+00 3.926974050498260205e+00 4.014055472986395756e+00 4.159297790368270853e+00 4.337708043655983836e+00 4.479083863679414357e+00 4.696185235133102154e+00 4.839664832993878285e+00 4.993277100967241644e+00 5.108697973211837606e+00 5.311218393083627198e+00 5.503148902954180244e+00 5.658970059717235657e+00 5.806382753409947028e+00 5.908450209638142603e+00 6.062459568693552292e+00 6.129355317880214926e+00 6.258350400402055591e+00 6.402178418211908806e+00 6.660284461417327329e+00 7.014735998780673221e+00 7.095975832779210180e+00 7.200172145985812122e+00 7.603198469530807913e+00 7.819387373655762197e+00 8.130148537409553455e+00 8.642560060061377669e+00 8.851991208833277724e+00 9.050279467876867656e+00 9.296686367799280148e+00 9.628402388083626917e+00 9.996285363579250571e+00 1.046884873386632719e+01 1.072715786302958207e+01 1.080762269376422324e+01 1.117583817929866008e+01 1.131373623673985485e+01 1.194972890833951951e+01 1.232210372485533867e+01 1.241976893372068780e+01 1.278517879702623539e+01 1.299489947210243912e+01 1.354594143423929076e+01 1.361410237044079174e+01 1.370505852689412762e+01 1.399994761140133370e+01 1.409984412137018239e+01 1.471060793300094538e+01 1.533174069302026687e+01 1.609197423151110939e+01 1.761897598675720999e+01 1.784314283989129635e+01 1.873549903756205737e+01 1.923250101315191785e+01 1.951442494399689664e+01 1.976823632764495287e+01 2.170748818116519274e+01 2.191134503721081828e+01 2.239866886734111162e+01 2.264566575115062719e+01 2.279865094046437335e+01 2.324186569454515094e+01 2.356880714331860815e+01 2.565862062202525706e+01
1.859617171304600136e+00 2.030193599995923748e+00 2.399195600199127032e+00 2.531242515554702699e+00 2.699244764705345467e+00 2.800527035292189382e+00 3.047082085262579287e+00 3.256120956775752973e+00 3.417440944290179416e+00 3.957621964582626717e+00 4.025288851929704315e+00 4.256150495650744325e+00 4.384510539915991600e+00 4.506594905800962003e+00 4.785281426999699050e+00 4.906529251474125886e+00 5.048093975489738483e+00 5.205050945877053969e+00 5.359230239222838144e+00 5.565133628349487438e+00 5.731140244729014732e+00 5.917021347341499649e+00 6.015991263651319088e+00 6.152338321828445089e+00 6.297639335096386404e+00 6.359891698444020136e+00 6.496469520736734005e+00 6.720415449791942386e+00 7.001444657414204187e+00 7.120664623117393788e+00 7.246945610797330239e+00 7.608543809358198295e+00 7.757458587006082595e+00 8.079832913657376992e+00 8.715374193758085752e+00 8.854610270189803956e+00 9.046088623061626421e+00 9.345524649612437784e+00 9.611352916125884605e+00 1.005812510811846749e+01 1.044250295046764343e+01 1.072614967183177015e+01 1.088511188848197264e+01 1.120598001436953695e+01 1.134973728406902005e+01 1.193747936210991156e+01 1.226547312213412866e+01 1.237751200742056490e+01 1.272590938755193690e+01 1.300645523764909939e+01 1.345203434524432318e+01 1.352682676059321309e+01 1.354101436528017999e+01 1.398773233179726105e+01 1.404894063421789063e+01 1.462325300304526010e+01 1.528592857901216284e+01 1.592760163061450918e+01 1.755288382236981093e+01 1.791444580818362908e+01 1.878515853877366837e+01 1.922935254028967123e+01 1.949480770607409497e+01 1.982450674288975989e+01 2.202830135674765444e+01 2.228055689967681730e+01 2.263870454655189235e+01 2.282338356032839854e+01 2.292264296575797999e+01 2.342680536999948870e+01 2.367890445190726822e+01 2.574965397541257772e+01
1.843740190484503660e+00 2.127350983135927631e+00 2.496613856158640843e+00 2.612164434234828470e+00 2.760427055819768327e+00 2.859617653235813073e+00 3.102649549135136908e+00 3.306169408334251880e+00 3.433771472344792741e+00 3.976432515378352850e+00 4.040702114605516648e+00 4.258049203648256231e+00 4.459135653121277798e+00 4.577563057804062474e+00 4.834245323773090242e+00 4.948979167104437416e+00 5.102317526229099620e+00 5.283988331491444868e+00 5.399651031693033509e+00 5.611919499560109159e+00 5.776393517147024426e+00 5.988423393143428974e+00 6.092703909781850946e+00 6.218614821918698965e+00 6.432563136078133681e+00 6.468373003665111476e+00 6.609596178631407248e+00 6.786402128522874833e+00 7.002330023270094017e+00 7.152290303137922578e+00 7.287301407159391786e+00 7.601097870771283738e+00 7.707987169828344420e+00 8.036975661101783075e+00 8.778795063897387507e+00 8.858018483988356451e+00 9.040124425696344446e+00 9.396167903168544555e+00 9.602269646460957375e+00 1.009897850417916310e+01 1.042219018299700650e+01 1.068750935471047114e+01 1.098202579225634068e+01 1.122601936453947502e+01 1.138506932866157584e+01 1.196103766095461118e+01 1.222799404536547030e+01 1.236174829428254895e+01 1.269343532290027987e+01 1.299134685333600459e+01 1.333828574410198087e+01 1.338363081681520939e+01 1.347334011929652853e+01 1.391531155775721729e+01 1.405664795889606467e+01 1.454542463634657068e+01 1.518695443090819985e+01 1.583400149518374000e+01 1.743457408481874538e+01 1.799428607691118742e+01 1.876732508499748420e+01 1.925967325410119457e+01 1.947840854720090320e+01 1.986720416561081848e+01 2.228946205186320384e+01 2.255203159862991669e+01 2.289339855140180546e+01 2.299688165262440265e+01 2.302392746883837304e+01 2.361791722462065835e+01 2.381334143160727024e+01 2.581509203087571791e+01
1.816340099123201490e+00 2.210948396718722897e+00 2.555478243184042597e+00 2.667482017180218268e+00 2.818032358785200753e+00 2.907440674539256253e+00 3.141028949173732432e+00 3.335309434693884079e+00 3.449189435626988320e+00 3.996858538999622290e+00 4.057458345818324652e+00 4.244193269755897724e+00 4.485345437645277045e+00 4.680316107361198519e+00 4.858044870889182576e+00 4.973136618838489120e+00 5.148930151804073319e+00 5.344410022413828898e+00 5.433756376576431180e+00 5.640737280055217795e+00 5.814220616105695960e+00 6.026675045924429597e+00 6.150049851096579090e+00 6.269983440442931766e+00 6.487185248120500347e+00 6.586592587003727850e+00 6.723154253120798174e+00 6.856582462138529621e+00 7.025509595879064761e+00 7.183768583531224827e+00 7.321843214921072374e+00 7.550656729345361917e+00 7.689332642452555433e+00 8.013084899216410761e+00 8.805999708108485535e+00 8.877988297270077211e+00 9.048453644067128820e+00 9.439685645261914004e+00 9.598928182227224326e+00 1.011724010260449980e+01 1.040748238001059889e+01 1.066042154034530931e+01 1.105426209472757115e+01 1.124171295946474736e+01 1.140564991445956622e+01 1.201342090125162620e+01 1.221626945719899027e+01 1.235756262073295630e+01 1.267595585087579124e+01 1.294186604596862189e+01 1.319340694144273662e+01 1.329909841446639618e+01 1.344063755410891758e+01 1.383064263756085488e+01 1.406560121584604417e+01 1.449148353354797258e+01 1.506776582142552812e+01 1.579292733631843326e+01 1.732084399142510023e+01 1.805368570262089278e+01 1.871528759976719058e+01 1.930127144564250230e+01 1.946524503934906392e+01 1.989603855342993555e+01 2.248161387572192993e+01 2.275471017496205661e+01 2.305852301468307530e+01 2.310378717076575228e+01 2.320978491772994445e+01 2.378571985894586405e+01 2.396512967632377311e+01 2.585471852601544285e+01
1.788756310108766678e+00 2.275229865810338925e+00 2.577635743523865486e+00 2.708491537300418361e+00 2.866789723214556496e+00 2.942924033372552817e+00 3.163581815344407744e+00 3.347308482267224772e+00 3.462793845307530205e+00 4.023288510780180793e+00 4.071602344458375100e+00 4.230295951471579663e+00 4.492645107068108601e+00 4.760465922551154527e+00 4.874334872788285367e+00 4.991876909256422579e+00 5.168417215827703082e+00 5.393835745045511665e+00 5.466310820279690397e+00 5.643232386646967136e+00 5.856247029432322115e+00 6.043450527665937599e+00 6.187057173366324214e+00 6.315673066163494553e+00 6.491450293426291651e+00 6.672494073249008117e+00 6.826289665172874166e+00 6.927458168865497257e+00 7.057374743381670257e+00 7.207082740665170739e+00 7.356410138929872389e+00 7.484044291712467434e+00 7.668239819438890770e+00 8.013840644114980094e+00 8.804572121029165643e+00 8.899264132607461519e+00 9.075540202201404227e+00 9.473681695430368421e+00 9.597472198762677209e+00 1.011817081582972655e+01 1.039563317836627476e+01 1.064766714116389501e+01 1.110142060741060455e+01 1.126051184475363875e+01 1.140918685188396609e+01 1.207534362301799646e+01 1.221881761263831656e+01 1.238364297277231429e+01 1.263271465441273556e+01 1.286801556419026582e+01 1.308694213161594355e+01 1.324344845878330545e+01 1.344217850603817155e+01 1.374471659944965296e+01 1.406301224526166749e+01 1.446830522578826184e+01 1.496298819996122376e+01 1.577669253577193942e+01 1.723000997467255857e+01 1.809432420368233352e+01 1.865929986254676720e+01 1.933792033338443161e+01 1.945439229466511577e+01 1.991363139436482754e+01 2.260595486146336697e+01 2.290595708550874932e+01 2.313138632939917727e+01 2.317333726636249125e+01 2.341483158498591877e+01 2.391769720706583513e+01 2.410151701208671682e+01 2.587272278440592643e+01
1.768626118056665808e+00 2.316351530884798837e+00 2.580688737460736792e+00 2.736097448683012523e+00 2.897251457069402569e+00 2.965692319174876967e+00 3.173988926471599914e+00 3.350281458146229685e+00 3.471985175663975021e+00 4.047417563449898559e+00 4.082530183117607514e+00 4.217954848065692097e+00 4.493243647705430277e+00 4.805593342833502035e+00 4.880636553838058056e+00 5.021973593164908323e+00 5.158631532892644422e+00 5.426486590912318775e+00 5.502494070383693092e+00 5.626922262591969037e+00 5.891192534346620491e+00 6.049812085994626720e+00 6.201994685797888707e+00 6.362968273921681295e+00 6.466665630068689552e+00 6.720943527608777224e+00 6.908255092747160653e+00 6.977644665804541901e+00 7.086574613084861696e+00 7.217325189275547004e+00 7.365124307044751184e+00 7.455550304006057338e+00 7.633035421270079723e+00 8.027114835487632050e+00 8.797663668142282845e+00 8.909154260407772696e+00 9.104321318159033893e+00 9.497864143032265005e+00 9.594462832237409700e+00 1.011211459169113169e+01 1.038678249528306274e+01 1.064429051554205863e+01 1.112517654019974600e+01 1.128226197673671471e+01 1.140367222625328480e+01 1.210714634247462484e+01 1.225089653854622007e+01 1.244598408436033665e+01 1.255716462608267570e+01 1.276525990321576920e+01 1.306910143774393696e+01 1.319255269857452362e+01 1.347409819108357709e+01 1.366502840620335313e+01 1.405505522827743192e+01 1.446688471261716735e+01 1.489189401880177677e+01 1.577062415168382437e+01 1.717186112878975379e+01 1.811886049540043686e+01 1.861794057251745116e+01 1.936313660588275809e+01 1.944586501461768790e+01 1.992286971650512939e+01 2.267549314764767487e+01 2.300157536460990571e+01 2.316013019553071572e+01 2.322094638655442722e+01 2.355188428941590928e+01 2.401102153537572548e+01 2.418804783308930340e+01 2.587734978024997545e+01
1.761262096194956328e+00 2.330649733902414145e+00 2.579963793616167234e+00 2.745859538895781160e+00 2.907275105835044116e+00 2.973707537067994622e+00 3.176790292598767440e+00 3.350495587926503482e+00 3.475238574207868858e+00 4.056866757153173353e+00 4.087773478143731154e+00 4.212189232856558441e+00 4.492752254777800047e+00 4.820906054925258921e+00 4.879249148627016197e+00 5.043041587319214258e+00 5.145592420151771762e+00 5.437022824351065431e+00 5.523704830381934272e+00 5.613540085802938506e+00 5.904703415616118001e+00 6.051455066625387680e+00 6.204798745198530696e+00 6.395561410445790074e+00 6.440831370114461052e+00 6.736666473176321723e+00 6.944271022613316191e+00 6.989718346246539760e+00 7.103575470840560513e+00 7.218759368422287714e+00 7.347730503447016837e+00 7.468733340254344100e+00 7.610948568211612475e+00 8.034175665117567533e+00 8.794392072938949312e+00 8.911892426645396270e+00 9.116064779750697511e+00 9.507633462840786365e+00 9.592073535067200396e+00 1.010878679021271154e+01 1.038340666696419490e+01 1.064401602369907884e+01 1.113184927575252736e+01 1.129289439071527035e+01 1.139985935686886975e+01 1.210968603428957913e+01 1.228491174694653232e+01 1.247961375818847074e+01 1.252623348323028374e+01 1.269791464968593253e+01 1.308463261135680078e+01 1.316271756272428917e+01 1.350199824822006889e+01 1.362182477875852804e+01 1.405117300913922129e+01 1.446946516021117901e+01 1.486640105442029558e+01 1.576907547106238638e+01 1.715187631019843906e+01 1.812725964471194828e+01 1.860271733326731081e+01 1.937252769516119955e+01 1.944216277567099738e+01 1.992572251824635643e+01 2.269795752121083865e+01 2.303520276285296475e+01 2.316718147543200601e+01 2.323699208864609389e+01 2.359914335951468800e+01 2.404715440852239894e+01 2.421582600923220596e+01 2.587755651220538056e+01
9.974952395160806562e-01 1.995465602631083968e+00 2.119710779854645732e+00 2.643062369112326060e+00 2.826180222206454928e+00 2.957240886681148151e+00 3.244013122926810322e+00 3.306805246691567834e+00 3.563155120022740263e+00 3.707040937470865938e+00 3.911975424960703940e+00 4.406827625783377833e+00 4.435275122309655593e+00 4.565075750628570184e+00 4.762428923265100700e+00 4.961454483085693923e+00 5.030294874968992858e+00 5.130446145826565996e+00 5.372984257557904542e+00 5.432175141805291041e+00 5.808195680126519989e+00 5.854439028790506150e+00 6.059111133074935651e+00 6.446854651899051269e+00 6.618311792580795938e+00 6.664960143846004215e+00 7.042240226632111799e+00 7.082958470436412135e+00 7.115862573832574256e+00 7.232744820755750759e+00 7.411688655842199047e+00 7.641425367386623257e+00 7.684405063082978771e+00 7.999730850703724805e+00 8.675630005196236283e+00 8.759040060046217491e+00 9.006691737480375437e+00 9.403786473889585551e+00 9.508552097438062845e+00 9.640030315734104960e+00 9.999753623898158139e+00 1.009659510190824072e+01 1.049984087311933223e+01 1.079177760387442753e+01 1.105106929730808218e+01 1.151828009148267817e+01 1.185583024526995999e+01 1.220345045341679047e+01 1.272136011400335853e+01 1.289089609369481870e+01 1.297933710069674795e+01 1.339554771764417218e+01 1.360586692227713179e+01 1.386415540441273642e+01 1.407968008145646621e+01 1.454673810000540257e+01 1.489987808362986499e+01 1.623820953816669999e+01 1.731314850352759649e+01 1.798872325565228536e+01 1.866760055641300298e+01 1.920471988362896454e+01 1.935514927245219141e+01 1.985092431515081657e+01 2.216130239448872530e+01 2.241845920310326790e+01 2.274964215227891629e+01 2.310861178220833523e+01 2.324226170645524192e+01 2.403221994565119601e+01 2.418302138911812449e+01 2.562029396511933044e+01
1.089548080295440036e+00 1.999292581314922490e+00 2.139006519275375329e+00 2.647015679640774000e+00 2.826925607864774648e+00 2.957124183694343600e+00 3.239917254462245211e+00 3.308989085150463527e+00 3.557553840346354690e+00 3.705263436575588099e+00 3.914595899810564106e+00 4.389861982615656188e+00 4.421597635724460851e+00 4.544714118246030665e+00 4.773582501144203682e+00 4.966539290685678232e+00 5.042266286472284698e+00 5.132491532416596058e+00 5.364643981207692036e+00 5.431311097924355735e+00 5.808465731146429611e+00 5.855700196609371133e+00 6.054656392758764660e+00 6.439097429674492723e+00 6.606333984355176270e+00 6.656227062779080939e+00 7.020703964882018866e+00 7.066740052834125763e+00 7.117285126829627551e+00 7.210507066576258950e+00 7.429693507905530403e+00 7.638529341412534812e+00 7.693018914167090827e+00 7.999670161884506747e+00 8.652472870007342109e+00 8.754269757542481045e+00 9.006705902401380470e+00 9.392158767423723020e+00 9.505077324567288599e+00 9.634753654218561891e+00 1.000121524536855233e+01 1.012213529705936566e+01 1.050770186097556547e+01 1.080282044003566000e+01 1.108026402189092607e+01 1.152363270151079533e+01 1.185534309130066610e+01 1.220870183649095075e+01 1.270611203084488672e+01 1.290631989009802183e+01 1.300352319870589035e+01 1.340834280378417454e+01 1.361542028633494184e+01 1.386361648249273060e+01 1.409804250422585703e+01 1.456385147986653550e+01 1.489528209312249096e+01 1.624478297344591127e+01 1.732147641989405784e+01 1.799015417788410431e+01 1.867986991162570476e+01 1.920003954346898922e+01 1.935920102593729553e+01 1.984886757601553953e+01 2.213495596259795661e+01 2.243221996480866309e+01 2.274074759954395830e+01 2.310019012936204419e+01 2.322829831084694874e+01 2.401142157085725870e+01 2.416774710979425222e+01 2.560167730852047896e+01
1.293474200036945243e+00 2.008423566420482143e+00 2.194343607200968549e+00 2.658377172621046114e+00 2.828612786405114932e+00 2.956967906834025772e+00 3.228987774090557483e+00 3.313059233142832127e+00 3.541590524996191647e+00 3.700306523942333836e+00 3.921755845737624480e+00 4.349330808150580374e+00 4.370246992583130208e+00 4.512048797682104428e+00 4.785607832242257054e+00 4.977613152540412145e+00 5.065778995961132125e+00 5.146787530528374788e+00 5.342470171969785575e+00 5.427374663740439864e+00 5.809640209742084060e+00 5.855413336127901047e+00 6.042109554136946947e+00 6.413170156138771283e+00 6.569875990545038569e+00 6.635781147091484478e+00 6.961371327489946914e+00 7.025659443182688868e+00 7.081671762974782958e+00 7.191660394878550022e+00 7.452267938858533114e+00 7.647571084309072731e+00 7.713067170455158994e+00 8.001219822275498217e+00 8.604915030334323589e+00 8.736918490349566468e+00 9.008942464557149421e+00 9.359858483809455620e+00 9.497206409168235552e+00 9.622972508363721644e+00 1.000035028715447893e+01 1.018841388959682881e+01 1.053458025149614130e+01 1.083588721160016100e+01 1.114800813872588314e+01 1.154964903487550210e+01 1.185840260962200787e+01 1.221548342546349630e+01 1.268139576839767102e+01 1.293596491229673262e+01 1.307303688119418794e+01 1.344525697777877049e+01 1.364246885440899426e+01 1.386640913542204068e+01 1.414882089779679397e+01 1.461051481166075483e+01 1.488383464278295065e+01 1.626476454200604493e+01 1.734536785425692784e+01 1.799093697164668981e+01 1.871507264484051447e+01 1.918776526390077919e+01 1.937141388352457838e+01 1.984289412557981791e+01 2.207046733589126930e+01 2.245575501311638078e+01 2.271631681561989424e+01 2.307401630075613852e+01 2.318666680205636155e+01 2.395102799918101155e+01 2.411937036148971103e+01 2.554654961356666121e+01
1.485590782360727058e+00 2.027782931265019961e+00 2.267519131955309408e+00 2.673274295155616986e+00 2.828628361507853572e+00 2.957616194377978402e+00 3.213974817620045332e+00 3.313310346689329222e+00 3.517770176224488843e+00 3.693003330120113503e+00 3.931849513396425078e+00 4.278131402961886209e+00 4.308615113172498567e+00 4.482707348220266397e+00 4.781871461068174511e+00 4.987528942560857104e+00 5.069110908599578913e+00 5.186225834248052280e+00 5.314155970387744787e+00 5.419281079085413566e+00 5.810594988566413654e+00 5.844472814377525971e+00 6.023009740561567682e+00 6.363154357285898399e+00 6.510303768453610473e+00 6.612213517105017146e+00 6.878619870433802852e+00 6.949756440327482743e+00 7.002443735283544690e+00 7.196879660039217086e+00 7.452049632170091087e+00 7.681545501052657876e+00 7.747050401967335631e+00 8.008182393159755108e+00 8.567725712653007974e+00 8.712891778958864464e+00 9.013824088064094298e+00 9.313415050205859913e+00 9.490449097256309585e+00 9.610397412441244569e+00 9.998990600418569130e+00 1.026918055819313835e+01 1.058784583849137562e+01 1.088798844375941677e+01 1.121356207731350985e+01 1.161957249443549145e+01 1.187318580293345249e+01 1.220921470318572055e+01 1.266654892972815638e+01 1.297497493175286820e+01 1.317082802518005735e+01 1.350308909164724014e+01 1.368317950465314858e+01 1.388173976873528659e+01 1.422147238781468559e+01 1.467203437573575364e+01 1.487456537829081604e+01 1.629850994210124071e+01 1.738163144640093805e+01 1.798204262968953770e+01 1.876805407625308320e+01 1.917286036403125138e+01 1.939198921686849886e+01 1.983344946363221695e+01 2.198708326352633691e+01 2.245921074847187882e+01 2.268306996168645284e+01 2.302513440130109856e+01 2.312040575836430278e+01 2.385501052452324799e+01 2.403356554158195024e+01 2.545760993222961943e+01
1.589092699924326002e+00 2.062405649334421387e+00 2.328050064116624629e+00 2.677789718601527369e+00 2.823566461740601774e+00 2.957302904672364452e+00 3.196139657151626956e+00 3.303329696122989212e+00 3.490610000569581484e+00 3.684284287222890697e+00 3.942173262067672823e+00 4.180503071704533724e+00 4.257619258064343271e+00 4.451434995478344092e+00 4.762374569432272331e+00 4.987852267647695292e+00 5.051322606208049848e+00 5.217246339680115419e+00 5.300610885760174362e+00 5.408654678196860743e+00 5.801744905355751492e+00 5.819692153760245290e+00 5.995387462723711813e+00 6.284799326166318423e+00 6.432661041087510689e+00 6.585646071222820197e+00 6.778643543948415839e+00 6.844557048780406383e+00 6.908856210353897964e+00 7.199362667420531103e+00 7.439571162010689243e+00 7.716962972107632268e+00 7.803308130934788700e+00 8.027151997274707185e+00 8.555221137501504813e+00 8.699794509154473943e+00 9.015912682979081438e+00 9.263620546079694762e+00 9.491932111260293681e+00 9.600286760870687885e+00 1.000311415610398491e+01 1.034536568227104958e+01 1.067590099681873106e+01 1.095094800629852116e+01 1.126033389730888779e+01 1.173961739312990993e+01 1.190715015109674724e+01 1.218785488823571228e+01 1.266023227790495653e+01 1.302596294512388120e+01 1.327924347554734119e+01 1.357824934999329791e+01 1.373458701879103216e+01 1.391748049602201576e+01 1.430268637531067100e+01 1.471962176952202839e+01 1.488951348323763568e+01 1.634552662443955739e+01 1.742489146841544922e+01 1.795254700496592903e+01 1.883022706299592386e+01 1.916224631722611704e+01 1.942110886549813387e+01 1.982084946902521594e+01 2.189495531529530226e+01 2.241996686023423635e+01 2.264413625581067180e+01 2.293676777982773274e+01 2.304257386679040565e+01 2.372681908366566716e+01 2.391076954303565572e+01 2.534100652031226275e+01
1.602835838250121547e+00 2.085772271050710724e+00 2.355943984840870087e+00 2.648475447440139074e+00 2.814224210418642347e+00 2.945659565204201691e+00 3.168966218947951052e+00 3.276887347498417480e+00 3.466582836143543567e+00 3.675485162848361576e+00 3.942194051887446538e+00 4.080988672445514887e+00 4.207546035772465665e+00 4.418218756422298554e+00 4.726974253762578293e+00 4.968688598528993694e+00 5.023932644876707876e+00 5.205189941186859848e+00 5.317296403735078947e+00 5.401985670712728727e+00 5.754774629136194974e+00 5.797336257980026275e+00 5.950182112268518786e+00 6.177287004459041775e+00 6.348881778088331984e+00 6.539490337060872349e+00 6.662731179190318542e+00 6.727871893309345985e+00 6.821185739467462206e+00 7.192798819098044305e+00 7.424452610405392505e+00 7.743532561931724345e+00 7.858984650954580431e+00 8.071522347377815265e+00 8.546346628508176835e+00 8.724054252214694216e+00 9.005836786638198532e+00 9.224388228321654282e+00 9.508282262128929574e+00 9.596961401034619144e+00 1.001681244292601214e+01 1.041000987721187165e+01 1.080534393195023668e+01 1.101178025943026384e+01 1.130851899735531418e+01 1.187516735310429006e+01 1.197969057797822856e+01 1.216319885988835203e+01 1.265497698151635397e+01 1.308524975626259668e+01 1.338403926723377069e+01 1.366539328571555423e+01 1.379879926467437734e+01 1.397623052341224970e+01 1.437876222699013695e+01 1.473104729010800362e+01 1.494493664565299440e+01 1.640336482102098969e+01 1.746668245541455278e+01 1.789407794297216725e+01 1.889198018074764107e+01 1.916207321343675574e+01 1.945822254839050203e+01 1.980483253591649984e+01 2.179890203457173925e+01 2.233473873399955778e+01 2.258173166174249857e+01 2.279178322191711459e+01 2.296082977207290909e+01 2.357081903834757597e+01 2.376241909906532612e+01 2.520813709980644646e+01
1.560808545867851338e+00 2.057368005147635959e+00 2.351115890716465096e+00 2.574924773989309301e+00 2.787761592419901735e+00 2.920988030938195479e+00 3.118822811500455483e+00 3.228264547466024315e+00 3.448592402735921603e+00 3.667546405367274165e+00 3.890832606633520374e+00 4.008227583425227003e+00 4.162835934016282380e+00 4.383849093257704332e+00 4.671495267490812786e+00 4.928023250550537249e+00 4.991819955160289091e+00 5.182152098895562276e+00 5.314782511539012155e+00 5.410985043981324516e+00 5.679473954309261607e+00 5.749537500447559957e+00 5.877327715188766177e+00 6.049494634248242519e+00 6.268770093246604169e+00 6.451351140016314822e+00 6.537020495397849018e+00 6.620115617896049187e+00 6.760607954903305128e+00 7.181070380245403229e+00 7.405393188080611644e+00 7.762034788339482461e+00 7.894702894106553792e+00 8.142330875042752325e+00 8.524014585985788983e+00 8.777548644521088406e+00 8.981831510948733666e+00 9.205555240076240153e+00 9.531604507183716990e+00 9.615176519819044643e+00 1.004219144658721774e+01 1.046287179336830420e+01 1.097537439717460117e+01 1.106026831533460708e+01 1.137788048356632054e+01 1.196787987987213064e+01 1.211568303039396177e+01 1.216685791161040342e+01 1.264809366028472581e+01 1.314652791713299784e+01 1.347459390218585717e+01 1.375530452710916407e+01 1.388247414100554877e+01 1.405484761306577290e+01 1.443726185120092609e+01 1.472511986924123661e+01 1.501860120550847988e+01 1.646604588540863290e+01 1.749183205983528211e+01 1.780751037884918375e+01 1.894674557690036565e+01 1.917393291520697218e+01 1.950090076530228345e+01 1.978442974071931815e+01 2.170010058337567926e+01 2.220879935021035223e+01 2.246402469345618869e+01 2.259471118078966612e+01 2.285175670915269919e+01 2.340298974682898958e+01 2.361072508916901569e+01 2.507609074249390702e+01
1.485171567837255013e+00 1.957817513953896249e+00 2.319158830611450117e+00 2.465192646128858023e+00 2.713412739729825329e+00 2.893413599081890553e+00 3.043790563851681341e+00 3.156909568644762132e+00 3.429071498261637263e+00 3.652559143192561919e+00 3.776506736143649068e+00 3.964441271712543458e+00 4.131505487517923569e+00 4.343814344598995625e+00 4.592931011395801733e+00 4.872698472276854709e+00 4.956104695652486569e+00 5.156690922189492987e+00 5.284597896658274507e+00 5.418330562554837471e+00 5.576980226168349652e+00 5.651395615642542225e+00 5.761476068907671610e+00 5.939323988724588332e+00 6.183693167814117153e+00 6.336323430622831765e+00 6.418460788239916504e+00 6.530907933278403910e+00 6.726674521759451686e+00 7.169162731670088995e+00 7.382812225652283900e+00 7.770052208022929285e+00 7.922971764244178594e+00 8.216184367019648604e+00 8.498788662284095352e+00 8.801515477091344408e+00 8.964628186950399424e+00 9.207986524090932434e+00 9.541816039840380625e+00 9.671645928998000130e+00 1.007905622368900111e+01 1.050445655106614851e+01 1.108455194829115520e+01 1.118339726084595043e+01 1.146876225316183806e+01 1.203940389184493043e+01 1.216160257894968844e+01 1.232958585506444216e+01 1.264323566700082324e+01 1.320549811835099518e+01 1.354714985964334417e+01 1.384155986232705970e+01 1.398492641507156620e+01 1.414687389335690249e+01 1.447007599131926092e+01 1.471888443361341636e+01 1.509227375553196104e+01 1.652180703953500540e+01 1.746324083083139556e+01 1.772094307268703872e+01 1.899240870714573148e+01 1.919335445115022054e+01 1.954409928149555498e+01 1.975893491877978292e+01 2.159433581628386989e+01 2.202581943318277879e+01 2.225047992802476671e+01 2.237879745392102038e+01 2.269708128524022328e+01 2.325489150046891140e+01 2.347608464728324407e+01 2.496417131564346548e+01
1.384660561690880032e+00 1.787878729759336816e+00 2.250213666611215579e+00 2.340228815545275953e+00 2.588041944880389966e+00 2.836174467451062053e+00 2.966002896478479034e+00 3.065889763733975482e+00 3.393506702329103231e+00 3.562336369174649686e+00 3.706455469384368762e+00 3.918724636631662595e+00 4.099703556680628580e+00 4.295079387246646618e+00 4.497969417351264987e+00 4.805602674861538581e+00 4.916137015156120782e+00 5.117129087720761582e+00 5.236826330575439670e+00 5.370256159719072997e+00 5.443448973342473352e+00 5.521904643190334916e+00 5.599858548962076021e+00 5.879488529042792955e+00 6.083181792611389582e+00 6.224992626053195366e+00 6.323592461003829435e+00 6.466314681153711774e+00 6.705712621380981453e+00 7.158420543582455053e+00 7.363781915359947305e+00 7.767972587733358303e+00 7.953607937604782130e+00 8.274716443728598492e+00 8.480737096028294175e+00 8.763516599410523966e+00 8.965720281873965192e+00 9.223354118068822771e+00 9.546637592660340843e+00 9.750330966206846028e+00 1.012396436221498597e+01 1.053399198374793144e+01 1.110787269486481499e+01 1.136434582364467083e+01 1.158536170257717046e+01 1.211116239956624874e+01 1.222063617699111404e+01 1.251075679286672049e+01 1.265467257065026807e+01 1.326016624908356611e+01 1.360321748471520920e+01 1.392742090038928282e+01 1.409269345057715306e+01 1.424417292669099666e+01 1.447921180350239112e+01 1.471695048810860662e+01 1.515902684671404010e+01 1.655145892363838556e+01 1.732787192479035809e+01 1.768519741659234157e+01 1.902692617520221319e+01 1.921351449658789079e+01 1.958014310363115129e+01 1.973074161347454947e+01 2.145437971960151557e+01 2.170935474932014841e+01 2.199899528577713070e+01 2.217202989710865069e+01 2.252121469978029467e+01 2.313713696402835041e+01 2.336949597669187639e+01 2.488612615767915415e+01
1.259842674007320085e+00 1.557298404291346028e+00 2.105963814412047164e+00 2.241613341367312717e+00 2.428772262226658540e+00 2.727057074312511098e+00 2.890733992131849561e+00 2.962176385066281448e+00 3.304810993878415371e+00 3.424206400099884640e+00 3.697791742282791283e+00 3.870214886244409680e+00 4.041258652568832765e+00 4.239694943142277239e+00 4.406892171571700878e+00 4.727303503189060230e+00 4.860179873386101690e+00 5.050069106530214569e+00 5.149925517310391498e+00 5.216681342466701565e+00 5.291093367709716055e+00 5.372709012975549037e+00 5.482739705367650096e+00 5.850091611794876023e+00 5.990681569649674465e+00 6.119965900212820387e+00 6.250526240989530358e+00 6.432071886814507700e+00 6.691213004733683967e+00 7.145905498930262389e+00 7.358243377700616428e+00 7.759473481175350962e+00 7.985842319198425798e+00 8.313137624514435942e+00 8.472504940149136132e+00 8.691410888365215470e+00 8.963279841906912182e+00 9.232068080290222412e+00 9.557924571674869085e+00 9.833486234693213035e+00 1.017088798976622677e+01 1.055047579796339186e+01 1.112052647416601836e+01 1.146499186863179354e+01 1.174324881957059041e+01 1.219489714007814740e+01 1.228879176342675805e+01 1.264290343213583512e+01 1.272688069294453328e+01 1.330918930685917267e+01 1.364446830521673704e+01 1.401779416661191036e+01 1.419194799019163789e+01 1.433794415546589995e+01 1.448042169632499565e+01 1.471924901229808746e+01 1.521259018708750155e+01 1.653152389403133071e+01 1.710301270052013933e+01 1.768491210433815297e+01 1.904084007231193709e+01 1.923227125457451692e+01 1.959736289423602074e+01 1.970918096190945690e+01 2.107482521469522752e+01 2.142660289748544855e+01 2.177834373361781317e+01 2.197832091191676085e+01 2.235341743399945713e+01 2.304054646351991309e+01 2.329543464864431002e+01 2.484334671055094290e+01
1.094695379026285220e+00 1.289075192700444239e+00 1.911190061079573788e+00 2.136441218099303985e+00 2.266301044306923362e+00 2.586577657158133814e+00 2.784189260694617918e+00 2.845874690796259099e+00 3.142097593400537736e+00 3.335784748256615639e+00 3.685105046021364572e+00 3.810308175524428798e+00 3.955939233330467708e+00 4.172426188483461473e+00 4.339481018705225068e+00 4.637733986614944293e+00 4.766344055580961303e+00 4.907238721814758620e+00 4.997854695436648065e+00 5.045207479753003099e+00 5.149015498057078588e+00 5.243286994402355461e+00 5.402093132359098604e+00 5.823945351406511151e+00 5.932293872856408967e+00 6.020597346642449388e+00 6.196675395997856661e+00 6.417367460592648953e+00 6.683944769320041779e+00 7.129312334474333213e+00 7.370651602632983135e+00 7.748941981513018717e+00 8.015631202557997881e+00 8.335817173442036321e+00 8.466417766747628804e+00 8.610666884875378457e+00 8.949974876052442241e+00 9.218164687642769195e+00 9.580378122906584082e+00 9.908239332728248527e+00 1.021413286041685708e+01 1.055409087919593425e+01 1.112001555993027679e+01 1.150079922331019233e+01 1.188813268736297601e+01 1.225047226440844028e+01 1.236589060595208167e+01 1.274840207360536759e+01 1.285005418866887439e+01 1.335347477352540935e+01 1.367209426165041641e+01 1.411267318648687485e+01 1.427393729115860310e+01 1.441886574562196977e+01 1.449896337776324096e+01 1.472311077444513927e+01 1.524468479767728013e+01 1.644605390760699137e+01 1.681970673210627609e+01 1.768489684185799504e+01 1.901144541239217034e+01 1.925617082594049734e+01 1.958034007546891786e+01 1.970445376436619611e+01 2.047255239061293253e+01 2.125471999311029947e+01 2.156928261050489937e+01 2.180881441478327432e+01 2.220451870589045384e+01 2.296543158165501097e+01 2.325586212899812466e+01 2.482534227386076964e+01
8.187192933802940331e-01 1.056916506013677592e+00 1.694842753709673744e+00 1.991580416083456040e+00 2.131633317544112227e+00 2.424630185787410852e+00 2.630981710131657714e+00 2.710628292262795558e+00 2.985094689837842985e+00 3.259403691632085209e+00 3.640943551277214141e+00 3.726948318307320207e+00 3.865940192994557378e+00 4.100379598762796007e+00 4.279569508166572334e+00 4.516396444485871520e+00 4.603787306954117753e+00 4.739866529152609864e+00 4.798974924786058693e+00 4.928270196569036976e+00 5.024873673111264871e+00 5.172330337152059698e+00 5.316737719298751941e+00 5.786064049535493581e+00 5.882111672443882000e+00 5.954223199763946539e+00 6.158769993051722125e+00 6.409201451378319092e+00 6.686099510392246259e+00 7.109827757121251146e+00 7.396869420319165833e+00 7.740493115148945336e+00 8.038897605481022168e+00 8.345276425508863838e+00 8.441753128497753167e+00 8.550253209843070579e+00 8.925505114306302445e+00 9.181008059769013130e+00 9.609051072556736628e+00 9.960914330593464427e+00 1.025136757364579765e+01 1.054693957053414799e+01 1.110011424937815683e+01 1.150458384161253811e+01 1.195412827046143533e+01 1.225466555103861666e+01 1.245654072972606841e+01 1.287268713032549883e+01 1.297789579452633646e+01 1.340082104484273451e+01 1.369023041931193596e+01 1.420526514853240663e+01 1.433527285633086734e+01 1.447619212695593127e+01 1.455465899898710624e+01 1.472404995498181890e+01 1.524506735928759937e+01 1.629740702697570853e+01 1.649923651807037928e+01 1.763910065335478095e+01 1.890120448607488157e+01 1.927762520250940526e+01 1.950056020987161531e+01 1.970505497716956711e+01 1.993972167956397357e+01 2.107490476641200416e+01 2.138698419024175834e+01 2.165779400074029226e+01 2.207862993163517729e+01 2.291996908688900803e+01 2.325152175960319667e+01 2.481636723335970274e+01
4.006072193551975524e-01 8.750775962522625573e-01 1.479900018745577750e+00 1.838538173167849399e+00 1.998766748104906066e+00 2.244399061138728335e+00 2.417920596685673829e+00 2.599611052696677138e+00 2.844299783859618902e+00 3.190528130163041265e+00 3.543097301541180411e+00 3.639515994481015593e+00 3.776455673690400694e+00 4.021694902506630420e+00 4.195619267578664768e+00 4.318954118065173375e+00 4.444028118942796368e+00 4.571253372600077469e+00 4.678754354251406511e+00 4.836142429339908233e+00 4.932677533012141957e+00 5.110686240718391282e+00 5.240761649711104475e+00 5.738399397177659012e+00 5.814355512416947924e+00 5.930638733758524239e+00 6.132034952509976655e+00 6.402910995672774774e+00 6.695960371472531314e+00 7.089121879893196976e+00 7.430281591747486480e+00 7.736876490765670411e+00 8.051109200475714545e+00 8.322001381744797754e+00 8.405518864815613611e+00 8.529809402068803337e+00 8.888966631805240937e+00 9.129507319052509118e+00 9.633064935928327799e+00 9.977896313649244675e+00 1.028294277976489646e+01 1.053266313880627791e+01 1.105526182579905914e+01 1.148519346948688025e+01 1.192240959153549262e+01 1.221911656170185267e+01 1.255247452024777211e+01 1.298920557371678797e+01 1.311527310227564769e+01 1.346151215237534515e+01 1.370514160409867088e+01 1.428478988016659024e+01 1.437793339074341503e+01 1.451214319536258479e+01 1.463283342745088511e+01 1.472083688019860404e+01 1.520198986525964635e+01 1.607577670865242325e+01 1.620281435667083514e+01 1.744853339199706710e+01 1.865492912726567099e+01 1.918306126795413391e+01 1.942527367949833561e+01 1.967655235044876960e+01 1.976596147382545610e+01 2.088539540022279084e+01 2.124029685360171982e+01 2.152230678931852026e+01 2.197458549086672264e+01 2.291151913042294552e+01 2.328034290466187528e+01 2.480236816110925702e+01
-3.502567916293914951e-01 7.070500765510042696e-01 1.304434052670565336e+00 1.695525310135727493e+00 1.838450631634949151e+00 2.057687669550448462e+00 2.191503750385840554e+00 2.516476572734241302e+00 2.706494415800360986e+00 3.137498720979675859e+00 3.417423274569051816e+00 3.549268006800094799e+00 3.684926005405070537e+00 3.914294048798966141e+00 4.067171720338119023e+00 4.138900806395604093e+00 4.286882956784573651e+00 4.449081969016628335e+00 4.612283322178805101e+00 4.772743999770543866e+00 4.870720435669118942e+00 5.044724193794482225e+00 5.188002105009968723e+00 5.680105405777091221e+00 5.764432911993954356e+00 5.909920519693464769e+00 6.113702647352854846e+00 6.399466932885209403e+00 6.707631011569123558e+00 7.068394860141254732e+00 7.467142523282705113e+00 7.738052304780054236e+00 8.044700158947144075e+00 8.262775595744392021e+00 8.395091472368577001e+00 8.522452556933989953e+00 8.840732439307812385e+00 9.073844854365837875e+00 9.641919175563286259e+00 9.952065665731394617e+00 1.030443123748795387e+01 1.051538952725572962e+01 1.098570899944857793e+01 1.144113233621406067e+01 1.182984312071456934e+01 1.213981438806160007e+01 1.266429157595180044e+01 1.307504474021093799e+01 1.324584886352533708e+01 1.353289256562448983e+01 1.372261342282397756e+01 1.433710479251569225e+01 1.440301628770599685e+01 1.452524397868568151e+01 1.466787438628343310e+01 1.475660558691421720e+01 1.511467451401447626e+01 1.576049315532423556e+01 1.601901522811119705e+01 1.701138146147502539e+01 1.840004642764405673e+01 1.906752848559892399e+01 1.946619186690335823e+01 1.964028607816682737e+01 1.976003718068593784e+01 2.068883194983697038e+01 2.112684566864593805e+01 2.141157795353342053e+01 2.188825891851436367e+01 2.294059326249480790e+01 2.333657284864177583e+01 2.477510725303788774e+01
-4.195266700388906589e-01 5.576785368802630316e-01 1.220748497148769651e+00 1.494574014113206228e+00 1.704981226020241936e+00 1.884252292730058453e+00 1.977548663711050203e+00 2.448979321047618285e+00 2.592474980486073832e+00 3.106871119941728043e+00 3.300292104082535705e+00 3.456714483732425069e+00 3.592600229206704299e+00 3.794319400041084034e+00 3.935549653567204320e+00 3.991524102142650854e+00 4.134453924053451246e+00 4.396928562144471364e+00 4.571091523122461808e+00 4.695174113068339317e+00 4.865869012562380469e+00 4.974114827884210221e+00 5.162498472182641684e+00 5.619738272898000098e+00 5.733776613243447784e+00 5.883999377997534808e+00 6.102563832568967506e+00 6.400349651253714356e+00 6.715044511211823774e+00 7.049630578929736657e+00 7.506888292992169198e+00 7.741219316468874290e+00 8.011144039998795208e+00 8.218352312989722463e+00 8.384750112983383019e+00 8.507912236936851613e+00 8.787869613481419151e+00 9.021421572305637682e+00 9.628173042831932094e+00 9.884824862991823835e+00 1.030459619139458738e+01 1.049754327748316918e+01 1.090352562631994715e+01 1.137345775653518132e+01 1.170812157497913120e+01 1.205881627271868872e+01 1.277272041793609603e+01 1.312744303675030189e+01 1.334798429907915640e+01 1.359340764234999988e+01 1.374801352111149910e+01 1.434650094244078389e+01 1.440096825815264481e+01 1.451292704249708621e+01 1.461299698635231437e+01 1.484109298106846353e+01 1.503109057633655077e+01 1.545888905527218959e+01 1.588462560669103318e+01 1.645464362902934496e+01 1.825848899714015516e+01 1.901796922755607255e+01 1.951329170681113112e+01 1.961713956259934122e+01 1.977132555191190022e+01 2.048502245926207621e+01 2.103456350383144624e+01 2.134084541845023253e+01 2.181781604772251271e+01 2.299853857463859441e+01 2.341111553201510986e+01 2.473345306251910714e+01
-3.538286507834663697e-01 4.271614598650802508e-01 1.171023618327420301e+00 1.273411645953788085e+00 1.645679074912006268e+00 1.733292173596899355e+00 1.786050173024543941e+00 2.360299448012350254e+00 2.556530452838783329e+00 3.105514656931879891e+00 3.211525761245388466e+00 3.378208219589025507e+00 3.509281049911529227e+00 3.700964156142182659e+00 3.820205523374970991e+00 3.876005420626345899e+00 4.015113931237594969e+00 4.357172800951381042e+00 4.560124161014917021e+00 4.628179041124864668e+00 4.862499194598726149e+00 4.925583579179181548e+00 5.161933885880251260e+00 5.563606496132694978e+00 5.717259347769434008e+00 5.856942242843429902e+00 6.097208285127306837e+00 6.405489828456293111e+00 6.715462448900043846e+00 7.035214380526370270e+00 7.549503856096960952e+00 7.742388997655850424e+00 7.958875199248432786e+00 8.200861672599941699e+00 8.359988206942313482e+00 8.475729621179013407e+00 8.746406677762825765e+00 8.975764533642431431e+00 9.589627433732056616e+00 9.782047853045932939e+00 1.028110223452604366e+01 1.047383973969810000e+01 1.083210506429576192e+01 1.129668129902805873e+01 1.158135283869883381e+01 1.200347582555382964e+01 1.285807375218683113e+01 1.315677463070669262e+01 1.341000108499982701e+01 1.362329692964967620e+01 1.377949574603665184e+01 1.429385225460381292e+01 1.436413683998385160e+01 1.447155957761967038e+01 1.451449571658414861e+01 1.488429690395314431e+01 1.502943504202313640e+01 1.522422425970520443e+01 1.571150326658104746e+01 1.605968520335680694e+01 1.818482350230095079e+01 1.900545058038754931e+01 1.954368146929530070e+01 1.960428890299545657e+01 1.978389093842988800e+01 2.028254448731131632e+01 2.095366229919505585e+01 2.131265810066996380e+01 2.176468730427468401e+01 2.306984841647847162e+01 2.349214423342619895e+01 2.468269237314269304e+01
-2.595190764530886374e-01 2.999498217843410419e-01 8.160222830891136203e-01 1.344553010130374648e+00 1.557360175923763634e+00 1.613552727415292765e+00 1.695450795041743008e+00 2.266230010624590729e+00 2.583868795180500388e+00 3.130515566339969080e+00 3.161310541965442145e+00 3.323294425079363457e+00 3.449887524288856699e+00 3.643376880178947452e+00 3.726671282491404558e+00 3.801976118920731285e+00 3.935382757680312427e+00 4.309724802241984953e+00 4.560217124103033370e+00 4.600272065238068642e+00 4.821059589617690655e+00 4.921591205806305602e+00 5.184211925443512392e+00 5.512432710790839963e+00 5.712777666884909955e+00 5.835083085338802711e+00 6.095417325303181144e+00 6.413155509590038328e+00 6.710675393338464190e+00 7.026100547146483244e+00 7.592672104749135897e+00 7.737956537009137215e+00 7.910117865540597037e+00 8.196878971358172450e+00 8.316449392567776044e+00 8.433565369030262104e+00 8.726878134418852184e+00 8.938661296911364573e+00 9.534862616367918875e+00 9.659319095870515071e+00 1.024806455921395276e+01 1.043975933426570357e+01 1.078905524529641013e+01 1.123527916211027744e+01 1.147114244669065464e+01 1.197203898443450854e+01 1.291149829710953334e+01 1.317381135939270109e+01 1.343202310243862208e+01 1.362574136793032409e+01 1.380112590448519683e+01 1.417008658116078834e+01 1.431410764177506678e+01 1.436566945603052048e+01 1.446771976483534594e+01 1.489624024195787655e+01 1.503343124469975223e+01 1.509276523769209888e+01 1.552203621909580278e+01 1.593038662568250174e+01 1.815090467572657218e+01 1.900939038532019865e+01 1.956143141810354180e+01 1.960196932046307339e+01 1.978453339537854561e+01 2.010355243671872216e+01 2.088852291702930231e+01 2.131022864646619297e+01 2.173031127188125211e+01 2.313685234702094107e+01 2.356588639897339377e+01 2.463271454803868110e+01
-1.594440957801819270e-01 1.731029954121227066e-01 4.178796645499932572e-01 1.371638272670063996e+00 1.448950031902929814e+00 1.553838173100122289e+00 1.698126131511149994e+00 2.200918098075551388e+00 2.620484184943064676e+00 3.125956105135006435e+00 3.176890214209278529e+00 3.291530871389625190e+00 3.422319510928137021e+00 3.611151112058199164e+00 3.671512719797558333e+00 3.767734594382871283e+00 3.888464555757155772e+00 4.269945785965019169e+00 4.542444800663293591e+00 4.619153683196786098e+00 4.785643499836120363e+00 4.920074552774865495e+00 5.217717850049280237e+00 5.469713810380416597e+00 5.715773910120073964e+00 5.822470920480140144e+00 6.094984184489009138e+00 6.420172004580437353e+00 6.705241240043967821e+00 7.021407128228046801e+00 7.629612893846541510e+00 7.727462257495190556e+00 7.879049769719785878e+00 8.188604815991494590e+00 8.277275533457734369e+00 8.400335049509321195e+00 8.723011523557101299e+00 8.912898999402807831e+00 9.489198213213452249e+00 9.549255897353706501e+00 1.022124525542890616e+01 1.040929063964115997e+01 1.077037319834742846e+01 1.120411226249064640e+01 1.139280779785703679e+01 1.195631895778017295e+01 1.293645747380553779e+01 1.318361291999307205e+01 1.342901194623872740e+01 1.361858015156665935e+01 1.379581015993421289e+01 1.404701251117313987e+01 1.424444004427071775e+01 1.431061716773790771e+01 1.444596034386098893e+01 1.490660571142121782e+01 1.497471497800589191e+01 1.506219815364639381e+01 1.546353401024854435e+01 1.588976614190510261e+01 1.814134014102291914e+01 1.901624149492579363e+01 1.957591729888407528e+01 1.961617135646929810e+01 1.975190976339198912e+01 1.998641995172299701e+01 2.084704713340523696e+01 2.131501029524140378e+01 2.171286944784730366e+01 2.318403501096038255e+01 2.361810046803114105e+01 2.459552545350293329e+01
-6.660946025248188794e-04 -5.551541601853358932e-04 -1.341063658103074487e-07 1.363307716136928693e+00 1.404657598772491855e+00 1.550599984569990708e+00 1.702815169715008015e+00 2.177917733374736819e+00 2.635464130647792835e+00 3.119646768287710703e+00 3.191146541088972999e+00 3.280646873999566004e+00 3.417328371499959161e+00 3.598736480816310923e+00 3.655946284104181654e+00 3.759893332010461720e+00 3.872403966179072121e+00 4.254516794073927244e+00 4.535384074306841207e+00 4.630720180385656803e+00 4.772970851517521318e+00 4.917768899927065895e+00 5.235511742538927038e+00 5.450623000163626664e+00 5.718283516097440788e+00 5.818742589647887264e+00 6.094865636125419428e+00 6.423040936290854930e+00 6.703000557935012260e+00 7.019971134094341814e+00 7.646225541565437211e+00 7.720098078532767971e+00 7.868907269892424061e+00 8.178246730079173687e+00 8.267711078067979003e+00 8.387181230075384519e+00 8.723524840144582626e+00 8.903273537947917760e+00 9.483734689980103383e+00 9.491804548114812334e+00 1.021096322149309188e+01 1.039779355341880951e+01 1.076536894364354957e+01 1.119697890227921278e+01 1.136295189130982841e+01 1.195152617129942918e+01 1.294303114909185304e+01 1.318685911131369615e+01 1.342425828051849557e+01 1.361623128000269212e+01 1.378053140093279794e+01 1.400182126446775221e+01 1.421580047770576805e+01 1.429781673066587189e+01 1.443858565197515453e+01 1.491070814442489834e+01 1.495372145555698218e+01 1.505083999414163287e+01 1.545969777017257663e+01 1.587884587571022976e+01 1.814065756601268831e+01 1.901912464508637157e+01 1.957972568294787408e+01 1.964712464754522259e+01 1.970626229839592725e+01 1.995204460023809290e+01 2.083297503074742352e+01 2.131740036252558568e+01 2.170787921984459601e+01 2.320098074700427304e+01 2.363708053077019500e+01 2.458167179004606595e+01
