2.419406462755871734e-01 3.483407397711359987e-01 3.997325708957392143e-01 4.658884095758176191e-01 4.775234258087970862e-01 5.071220604943599275e-01 5.453886302672341646e-01 5.709974593081242888e-01 6.117208276945441670e-01 6.826285677755934422e-01 7.257225881145674684e-01 7.561182424817023406e-01 7.800723738589068201e-01 8.193452240083519689e-01 8.870014237742228635e-01 8.987341842443705708e-01 9.310674867325184900e-01 9.716147564296431227e-01 9.755895287479858791e-01 1.000995694804736047e+00 1.040925690878646614e+00 1.066590679462856128e+00 1.119349107632691132e+00 1.136961274495848162e+00 1.152795440550449246e+00 1.167966237042065147e+00 1.209767350438970990e+00 1.315510783863244493e+00 1.320445049998276055e+00 1.367386904528978375e+00 1.402049798593632435e+00 1.409162513691383678e+00 1.450222314763881970e+00 1.491393022513852751e+00 1.530379681504875133e+00 1.578636871185040924e+00 1.630037424811837221e+00 1.677502391442341700e+00 1.722105740004175045e+00 1.758692432063600375e+00 1.799698157908719676e+00 1.839175863385708043e+00 1.921572735701350565e+00 2.001255561059467336e+00 2.049825893887976758e+00 2.139491411948402089e+00 2.186208459754639843e+00 2.258892122625462573e+00 2.357499668258910663e+00 2.410070672240661960e+00 2.446568557323506532e+00 2.569613661818905381e+00 2.651964385499636201e+00 2.687312896245057647e+00 2.802241197044055721e+00 2.843274823300889320e+00 2.892385969406991109e+00 3.140481767257786938e+00 3.569600407031605638e+00 3.722804768557993693e+00
2.390146434103991024e-01 3.507606647946642231e-01 3.946172210326838736e-01 4.585544217838233294e-01 4.828227629480230099e-01 5.084238257756775736e-01 5.496327302987505936e-01 5.707209341661612090e-01 6.129063735567169546e-01 6.828050820006391630e-01 7.262581780642396456e-01 7.567210047716780297e-01 7.798028655425931488e-01 8.192833215768788868e-01 8.803630175670816849e-01 8.974563106266281176e-01 9.300410056889178989e-01 9.710429559592802518e-01 9.777961254120485224e-01 1.002425318646749108e+00 1.038470398151595919e+00 1.069591877276713454e+00 1.118215360980647555e+00 1.135333528497661781e+00 1.154092109661126742e+00 1.169408631693457101e+00 1.211095453829172053e+00 1.311942438159634738e+00 1.321658689933999042e+00 1.366792671995116226e+00 1.400964623035118706e+00 1.411228101077062425e+00 1.450959333208438062e+00 1.491525947276095110e+00 1.530152288367834679e+00 1.577592058518479501e+00 1.630269649385132080e+00 1.678286897178097314e+00 1.721658338201085492e+00 1.758987055148617085e+00 1.800661709390084742e+00 1.839027271265625041e+00 1.921306375085299889e+00 2.001237768370511372e+00 2.050045205366313184e+00 2.139414341020274613e+00 2.186106622988380987e+00 2.258928684741839277e+00 2.355035053800311307e+00 2.405299723139557422e+00 2.452912307059588848e+00 2.569210953394414965e+00 2.651273637323235288e+00 2.687042655642044586e+00 2.798703129818207014e+00 2.846830950681547456e+00 2.889034297424075248e+00 3.140021969384570344e+00 3.568658298620987157e+00 3.723090229254219619e+00
2.318760866191699743e-01 3.543861897007069550e-01 3.829703498696651609e-01 4.480159893337108956e-01 4.843564593733731272e-01 5.157002618081415468e-01 5.559702782017431621e-01 5.733909811264034095e-01 6.168313302453073410e-01 6.830310225108431332e-01 7.273282440498111123e-01 7.580880471159008316e-01 7.784185829354495212e-01 8.184688864176473677e-01 8.613448256260420877e-01 8.995239160181065508e-01 9.280307931170147517e-01 9.692137434272590779e-01 9.788139249718813550e-01 1.004917001618699013e+00 1.036986232766108795e+00 1.074681523362169155e+00 1.115303752783469049e+00 1.132193357216860319e+00 1.157261818721855740e+00 1.172946165043227129e+00 1.214776348635914216e+00 1.304792986991185622e+00 1.321475511332178110e+00 1.365689345250898690e+00 1.398585686481395030e+00 1.416091784496651407e+00 1.452888431944343139e+00 1.491935719028565144e+00 1.529600071736423539e+00 1.574765461464286531e+00 1.630870361071753871e+00 1.680499303895609531e+00 1.720455893868098052e+00 1.759865586643867719e+00 1.803380484059747602e+00 1.838630094230758960e+00 1.920465753865663316e+00 2.001310973873564603e+00 2.050680411454048002e+00 2.139203974156855814e+00 2.185775776115553626e+00 2.258985246535375691e+00 2.347840552407358228e+00 2.397368514524203853e+00 2.465411407985254488e+00 2.567895736866408818e+00 2.648947190539432839e+00 2.686409268683596974e+00 2.790469961179794289e+00 2.854785141933301684e+00 2.879790946005575947e+00 3.138656282528489605e+00 3.565895484173017049e+00 3.723846240499786742e+00
2.235617588757898566e-01 3.478884754850455341e-01 3.747739146724160531e-01 4.392061525875153305e-01 4.798156184749567399e-01 5.266167995423907122e-01 5.553910827871624267e-01 5.837791815119993677e-01 6.241882735675510219e-01 6.827057651132922844e-01 7.265932911645233139e-01 7.577636148195938670e-01 7.748036780478939622e-01 8.151617081483392147e-01 8.453845043268077841e-01 9.041401391455580194e-01 9.247613239403924545e-01 9.651989733121354442e-01 9.771349510321503118e-01 1.003827648155655616e+00 1.041642846149417156e+00 1.077917804266199653e+00 1.112111338326998267e+00 1.129724741745261385e+00 1.161514199979908124e+00 1.177296032014204075e+00 1.220200049801342557e+00 1.295669415585422701e+00 1.318173036657602992e+00 1.364915751921300435e+00 1.395622637868607185e+00 1.422151546010234302e+00 1.455344134872344597e+00 1.492576200568039857e+00 1.529099765420980139e+00 1.570968676774957551e+00 1.631645070418670240e+00 1.683758124942207779e+00 1.718851576580218810e+00 1.761313518511262277e+00 1.807301869421228391e+00 1.838164247592910527e+00 1.918983970031385544e+00 2.001802225917552747e+00 2.051686379922106340e+00 2.138908129314029072e+00 2.185159299715246473e+00 2.258917835075835878e+00 2.337330082202651038e+00 2.391081610410643599e+00 2.477927605335196404e+00 2.565351154616470009e+00 2.644373687282590701e+00 2.685787063758563686e+00 2.780558048845462871e+00 2.859157717007873689e+00 2.871101386223063212e+00 3.136428382252603786e+00 3.561493024489986947e+00 3.724799827530563157e+00
2.161823591686401203e-01 3.293584175129606884e-01 3.681690356160944866e-01 4.359557591652433728e-01 4.716068810756615104e-01 5.342576874545026389e-01 5.525700995262413651e-01 5.962005413564426259e-01 6.339821494108324185e-01 6.813985320962742120e-01 7.173658961935396317e-01 7.521634409329318594e-01 7.740781734019965832e-01 8.125902498833361687e-01 8.418848321891417852e-01 9.095114643778426933e-01 9.187225404106392768e-01 9.597646463867944844e-01 9.759196305938431237e-01 1.000166280644032790e+00 1.047557346892901364e+00 1.078805872318030490e+00 1.110256214152519849e+00 1.128683994622567299e+00 1.166421962995635164e+00 1.181541647825725683e+00 1.226805435391372878e+00 1.285317163400316209e+00 1.312171648054387685e+00 1.363905032101482062e+00 1.392635075851448967e+00 1.427972173792826593e+00 1.457718375916954301e+00 1.493205453996852450e+00 1.529092220218146059e+00 1.567368319930318332e+00 1.632422299598701443e+00 1.687538394927721175e+00 1.717263921997723264e+00 1.763293466996634029e+00 1.811396952627098100e+00 1.838039067160888385e+00 1.916918186445962791e+00 2.003098716182972971e+00 2.053050484271143894e+00 2.138557760825120280e+00 2.184232604534767752e+00 2.258549469690302569e+00 2.326051772140972584e+00 2.386391745340019632e+00 2.487803901129373330e+00 2.561124423102392189e+00 2.637102228260899572e+00 2.685333242318737934e+00 2.770688687234776459e+00 2.845534754717405690e+00 2.878156591803862518e+00 3.133414490698950061e+00 3.555724795991545673e+00 3.725580319912217941e+00
2.102437492104608507e-01 3.068175642570027950e-01 3.540267047665282552e-01 4.382490058407366718e-01 4.608658401773217950e-01 5.292210321126885608e-01 5.534162529331582148e-01 6.098981477123314177e-01 6.398526210297409422e-01 6.790808854115467641e-01 7.018205553545060482e-01 7.497450236546853164e-01 7.779166994870463370e-01 8.144854049740763990e-01 8.450467981831806252e-01 9.083130064719524555e-01 9.152333111181903957e-01 9.557671178968538683e-01 9.760048050939337250e-01 9.960442571673927548e-01 1.049410140951667403e+00 1.079345135504523823e+00 1.109779129595425351e+00 1.129235331118225494e+00 1.171552674193307775e+00 1.185060069489106471e+00 1.233901959588287189e+00 1.274763521476129036e+00 1.304915195216439505e+00 1.361066095532713849e+00 1.390287235503737007e+00 1.431949401680503220e+00 1.459806893391591753e+00 1.493543515038976199e+00 1.529505118445580569e+00 1.565443977237345630e+00 1.633040023680830233e+00 1.691269510767398954e+00 1.716043373783845194e+00 1.765682108584294863e+00 1.814224827534424822e+00 1.838888311721269542e+00 1.914603637243286416e+00 2.005474582832264208e+00 2.054849280985514781e+00 2.138097441479966943e+00 2.183113104518548120e+00 2.257794519739903194e+00 2.316092195372606355e+00 2.382351975246677522e+00 2.492820123876405169e+00 2.555089516777968583e+00 2.627596476432436212e+00 2.684709252962778958e+00 2.762230481984761621e+00 2.829041186126390883e+00 2.887563341908536696e+00 3.129718180913087178e+00 3.548926163726309202e+00 3.725817171453814858e+00
2.044342810962897772e-01 2.824522436451895602e-01 3.334515251405555936e-01 4.360202573514204150e-01 4.523793904808073307e-01 5.103248523704302375e-01 5.575938910827035189e-01 6.254236673736760510e-01 6.349888249474942015e-01 6.767174227129657549e-01 6.994182740234743401e-01 7.505407980565942383e-01 7.828428278949889352e-01 8.183520781679390899e-01 8.505516774312110728e-01 8.967628170707836466e-01 9.192125324910065398e-01 9.537048295561861844e-01 9.762528701661860042e-01 9.932988789907691851e-01 1.046828513818383266e+00 1.080460496434339390e+00 1.109527484763233929e+00 1.131249234579841723e+00 1.176358151941735430e+00 1.187519406256467125e+00 1.239912485865297676e+00 1.265857240869799449e+00 1.298131016440967400e+00 1.355233100334499285e+00 1.388828945771036327e+00 1.432771714785431971e+00 1.461514432578748135e+00 1.493672409576199733e+00 1.529523614607706916e+00 1.566532897677693104e+00 1.633256669277882267e+00 1.694426796836268734e+00 1.715401181615472614e+00 1.768156529640111385e+00 1.814809722052404428e+00 1.840901366744669865e+00 1.912678598118463302e+00 2.008946213597553321e+00 2.057276087736717329e+00 2.137316209922175858e+00 2.182170753059584634e+00 2.256824756039161439e+00 2.308358750831054351e+00 2.378327649188373361e+00 2.489704551407517563e+00 2.548773690137454917e+00 2.617523594067495907e+00 2.683403514248274391e+00 2.756138352248751477e+00 2.814422845298009790e+00 2.896150811993217999e+00 3.125457898846224047e+00 3.541464736168471017e+00 3.725232904511259768e+00
1.955451723425899180e-01 2.563491368223118072e-01 3.078671512159619761e-01 4.195755742199765437e-01 4.474617657517834246e-01 4.919179415755973728e-01 5.629215968993422914e-01 6.258594132457663273e-01 6.416745656430867806e-01 6.760954147910888112e-01 7.073884023422670753e-01 7.527295527903358208e-01 7.869706429559084615e-01 8.220320822762023916e-01 8.560958358513450772e-01 8.866416213391153933e-01 9.225722033113264997e-01 9.523695866616003203e-01 9.730703203034313242e-01 9.955530430814878429e-01 1.042395272490680425e+00 1.081187577777451336e+00 1.108858908587710079e+00 1.133585002053979052e+00 1.180284040108896759e+00 1.189024197347451794e+00 1.241109321543951038e+00 1.262386264650060319e+00 1.293412868378714498e+00 1.346434463850324059e+00 1.387609200877301774e+00 1.430302340372050063e+00 1.462383702998228063e+00 1.493658918330039498e+00 1.528925594856086478e+00 1.570547154483523444e+00 1.632712960223500653e+00 1.696666995608031581e+00 1.715371771935899847e+00 1.770117026630431578e+00 1.813737947127658234e+00 1.843110143029796255e+00 1.911910314315711235e+00 2.013175840094256763e+00 2.060593877802387563e+00 2.135872069643529159e+00 2.181984672772028677e+00 2.256138999626662311e+00 2.302722023837636911e+00 2.374010491626170616e+00 2.475691786970667607e+00 2.545168134152047124e+00 2.608708285537651772e+00 2.681353050671394733e+00 2.752050011071740965e+00 2.803244732374591042e+00 2.903438232056942958e+00 3.120756962126844947e+00 3.533718135289936502e+00 3.723708908396998307e+00
1.795474129893152304e-01 2.279069302194580426e-01 2.746960560066794010e-01 4.006545533668451897e-01 4.357890099218108548e-01 4.874855251143332957e-01 5.690918243249289965e-01 6.205893904276394979e-01 6.507201842474321651e-01 6.815118754909624821e-01 7.158329086513994799e-01 7.563904913086672011e-01 7.893516603152672673e-01 8.246286154380767508e-01 8.595015822897913438e-01 8.816037401860294942e-01 9.258730192274511328e-01 9.508811015379198261e-01 9.661205871838309811e-01 1.002797013578617724e+00 1.037949793706432144e+00 1.081030815720703586e+00 1.107941434380323331e+00 1.134413917055874688e+00 1.182934503811990279e+00 1.190207491515280491e+00 1.236690832846573773e+00 1.265086463148576534e+00 1.291561341563617127e+00 1.335621595637780823e+00 1.385395878982705664e+00 1.425539921808509636e+00 1.462145003770888518e+00 1.492766399797725851e+00 1.528695186986264609e+00 1.575827253462537714e+00 1.631047216714285319e+00 1.697990180896752133e+00 1.715795718621953903e+00 1.770879279242044690e+00 1.812551179780061084e+00 1.844261841624517340e+00 1.912912943632772977e+00 2.017469226494514878e+00 2.064927360048741889e+00 2.133535142997533995e+00 2.182976567530574563e+00 2.256459994606385688e+00 2.298514835438699500e+00 2.369299368498108294e+00 2.453400423967520005e+00 2.544638093183552829e+00 2.601800177286802462e+00 2.679061662851841774e+00 2.748174006003332170e+00 2.796385845080789689e+00 2.909333691590364257e+00 3.115748150380819315e+00 3.526059220126708915e+00 3.721312033806107422e+00
1.538961731448836301e-01 1.964491359199423137e-01 2.318976751436788997e-01 3.922797807859562669e-01 4.235560202473577229e-01 4.895912582744273989e-01 5.756401132193698089e-01 6.176871260013668818e-01 6.524070990581525287e-01 6.927843267554746332e-01 7.214467749924831086e-01 7.599434864532557121e-01 7.913234310529869697e-01 8.266450385469538142e-01 8.608137353118268109e-01 8.817417865043224445e-01 9.295039198155463644e-01 9.481512631981545702e-01 9.587163298792394928e-01 1.012242473020391609e+00 1.034163567354986490e+00 1.080246675500446951e+00 1.106611044375409358e+00 1.133209667932895348e+00 1.183676575499990280e+00 1.192140380262245003e+00 1.231358098774599563e+00 1.269464789700875951e+00 1.291173585892322340e+00 1.324811302431276649e+00 1.380951678421903361e+00 1.419862931770623504e+00 1.461114784252795618e+00 1.490095396828058805e+00 1.529437041652943918e+00 1.580565927643706514e+00 1.628218063813152927e+00 1.698748373112845433e+00 1.716407708200180071e+00 1.770291932992970052e+00 1.812421440209083467e+00 1.843768231576629502e+00 1.915935857564561751e+00 2.021000470396878690e+00 2.069866346682497582e+00 2.130544408717249816e+00 2.184918213277691645e+00 2.258613602221989147e+00 2.295099271378215455e+00 2.364207177079428845e+00 2.428704851917474095e+00 2.545535260429701019e+00 2.596504903620137306e+00 2.677190867277640329e+00 2.742812548239743187e+00 2.793872820870960005e+00 2.913945653260873847e+00 3.110598557054502500e+00 3.518846103177736495e+00 3.718280604540779244e+00
1.178878554875682216e-01 1.617588133509254011e-01 1.855982974812306618e-01 3.949208093746932602e-01 4.152956972522181545e-01 4.918835103165949962e-01 5.818989243885615004e-01 6.160447775775699242e-01 6.521221104223120513e-01 7.020239012245462762e-01 7.262098567565247187e-01 7.597435598953665714e-01 7.952502622638162322e-01 8.302034186283567818e-01 8.622902641882520536e-01 8.835594795847344640e-01 9.321047842037832876e-01 9.424186917649808315e-01 9.552092918059580384e-01 1.021727661967891887e+00 1.031526472059250521e+00 1.079557363592144492e+00 1.103723470089035485e+00 1.131902686503049926e+00 1.181733683499200049e+00 1.195435492898132779e+00 1.227241922667381191e+00 1.273542554826111228e+00 1.287789529374064434e+00 1.318212927878551044e+00 1.373780763622220125e+00 1.414297483463094141e+00 1.459747171067572680e+00 1.485760812502487704e+00 1.530446799102592514e+00 1.583725840141683161e+00 1.624828854938886735e+00 1.699398377659444570e+00 1.717006696082939099e+00 1.769063878427093117e+00 1.813464179071504256e+00 1.841764366609693671e+00 1.920789119584467519e+00 2.023186944119658381e+00 2.074235345909254402e+00 2.127704346177638595e+00 2.186917865266408523e+00 2.263368997303051522e+00 2.292246867932962839e+00 2.358722147555955218e+00 2.406163498927575084e+00 2.546780069176906025e+00 2.592405818488330738e+00 2.676240802335746682e+00 2.735801013664162618e+00 2.794435120621609148e+00 2.917478794007294596e+00 3.105546516559892112e+00 3.512413276077825941e+00 3.714977401012714342e+00
7.198744756010580503e-02 1.238512939258381018e-01 1.430393904662595472e-01 3.962510855104266483e-01 4.183137277201990911e-01 4.924739279065233899e-01 5.872682611144893761e-01 6.147393567229366695e-01 6.525598763608855268e-01 7.049216958038225789e-01 7.318059981940415737e-01 7.574792165434530711e-01 7.987980265033818306e-01 8.373806948867924538e-01 8.646235875440276830e-01 8.852407469441707644e-01 9.275744850493351512e-01 9.398873823883567846e-01 9.555692074421175963e-01 1.025993305620961360e+00 1.034069920078998228e+00 1.079604669461994959e+00 1.098837213000607438e+00 1.132607731832641740e+00 1.177428514006436444e+00 1.199474611954702841e+00 1.224727698849732427e+00 1.272143965145569933e+00 1.283160595571831264e+00 1.318248281167634373e+00 1.364765942319544845e+00 1.409180468449238388e+00 1.458259594065120401e+00 1.480770467261497858e+00 1.530658491637962859e+00 1.585337383576288062e+00 1.621846437935046792e+00 1.700183374136969627e+00 1.717525627261759835e+00 1.768060268528434120e+00 1.815116335825533334e+00 1.838845875881449654e+00 1.926834597682648198e+00 2.023865257372621240e+00 2.076683605553277800e+00 2.125976779087570545e+00 2.188111284824305169e+00 2.270817538353655962e+00 2.290328951979653471e+00 2.352537711997333414e+00 2.388241498095718729e+00 2.547918807172612432e+00 2.589274451345781269e+00 2.676452653625704059e+00 2.728035508133677123e+00 2.796348295367937276e+00 2.920132350244997621e+00 3.100927408053054446e+00 3.507061057902264078e+00 3.711823198223255016e+00
-1.435940564992261095e-02 8.351295592531574052e-02 1.043407858222417106e-01 3.922969628678902310e-01 4.314906630708552626e-01 4.907734449541271693e-01 5.914221323527295571e-01 6.132999766881711556e-01 6.540236766633030774e-01 7.039377062845567634e-01 7.340691248893870258e-01 7.584160166982750750e-01 7.998660743221477354e-01 8.461216486570727335e-01 8.683331434614159905e-01 8.865176709855898673e-01 9.182710167800870460e-01 9.403129409530781579e-01 9.575210603998175474e-01 1.024975217827677199e+00 1.040979849928634016e+00 1.079839409714013598e+00 1.094184887832498676e+00 1.135132259839197078e+00 1.171829659944205959e+00 1.203689884645837038e+00 1.223527813299972511e+00 1.260377387566999685e+00 1.285519451964608262e+00 1.321319311492851201e+00 1.355820889737541224e+00 1.404696065300059971e+00 1.456663205951515216e+00 1.476430935403281852e+00 1.529844861201476558e+00 1.586155236113949485e+00 1.619798371264265846e+00 1.701021945434799232e+00 1.717960657939619162e+00 1.767602360910219161e+00 1.816787732344295581e+00 1.835807626583325636e+00 1.932980021271353044e+00 2.023287967439979074e+00 2.076951901320466032e+00 2.125642237362224574e+00 2.188367402113393645e+00 2.278751909580596813e+00 2.291050462074641469e+00 2.344959435048002305e+00 2.376075521068735874e+00 2.548771160182040418e+00 2.587040846328428678e+00 2.677722656419007308e+00 2.720651727952733800e+00 2.798356741218663402e+00 2.922026029238105505e+00 3.097159632756669723e+00 3.503042752011992889e+00 3.709226484836265492e+00
-4.133836336212567963e-02 4.199448737688646349e-02 6.517064098881718281e-02 3.889781576568799859e-01 4.445086632593851506e-01 4.872436612166911041e-01 5.941907983235511503e-01 6.118910714489086411e-01 6.556750249693995558e-01 7.022768006289767939e-01 7.328139969153323330e-01 7.619838026397778297e-01 7.996016005020880613e-01 8.516598870244964647e-01 8.741748639862984005e-01 8.871193871200253600e-01 9.099118765603947390e-01 9.403935453129588229e-01 9.593118670924197788e-01 1.024113890600364396e+00 1.046134254642476336e+00 1.078585110079866238e+00 1.092620961192853457e+00 1.138044313369305449e+00 1.166666805954829300e+00 1.207631101211066538e+00 1.223093057671003514e+00 1.248920707984763068e+00 1.288102900501606252e+00 1.324463534979714696e+00 1.349049735236233394e+00 1.401439765908336188e+00 1.455204510191107747e+00 1.473719720602166383e+00 1.528743341711006565e+00 1.586693380628237726e+00 1.618651965530306436e+00 1.701664641177245141e+00 1.718276176679028877e+00 1.767525926419553528e+00 1.818042411275775150e+00 1.833476900665632847e+00 1.937727862968397607e+00 2.022192201191637118e+00 2.076194849186691727e+00 2.126016038644331640e+00 2.188174209650163959e+00 2.282090069309861580e+00 2.297343978447088375e+00 2.336394769091828749e+00 2.369627686181261517e+00 2.549279908361911318e+00 2.585699819883374939e+00 2.679404968478446225e+00 2.715013892452613486e+00 2.799769243337949298e+00 2.923183760393775366e+00 3.094674579435904072e+00 3.500551134652496899e+00 3.707522544735724068e+00
-1.540082219356731744e-04 -1.165258298076968262e-04 3.889533028297722811e-08 3.877833993137486668e-01 4.503586334567353799e-01 4.849346515897867138e-01 5.952148066144846705e-01 6.112504786725269090e-01 6.563973975842860575e-01 7.015565517553478125e-01 7.319253089013577629e-01 7.637325969632036138e-01 7.993423444790384025e-01 8.531586170171039374e-01 8.780643179671913101e-01 8.868938228226680431e-01 9.061475898445733312e-01 9.403495074225645123e-01 9.599824469891889978e-01 1.023852290974907930e+00 1.048080261574182215e+00 1.077464729091138773e+00 1.092757640260156204e+00 1.139439425684724894e+00 1.164415155457293682e+00 1.209587370586352018e+00 1.222980500289799322e+00 1.243984661462423036e+00 1.289069479261644169e+00 1.325859700848000200e+00 1.346418947409777855e+00 1.400224682217287464e+00 1.454578741217120053e+00 1.472844585662783867e+00 1.528254411894184095e+00 1.586910162978452554e+00 1.618281702112754239e+00 1.701903324382116889e+00 1.718395396835534994e+00 1.767543613910836919e+00 1.818521272703699454e+00 1.832588000157333363e+00 1.939544212122142008e+00 2.021640317655542862e+00 2.075766415842328794e+00 2.126250881432218076e+00 2.188045253396775358e+00 2.282508903160166192e+00 2.302079374113606747e+00 2.331619247952638752e+00 2.367706938668402650e+00 2.549446580991832967e+00 2.585253140355905366e+00 2.680239815154024985e+00 2.712811972663385696e+00 2.800269610615905957e+00 2.923576211436449412e+00 3.093804367559706225e+00 3.499706899589252185e+00 3.706929430555458094e+00
3.424647308442037991e-02 4.348617888274552284e-02 6.995005718895054569e-02 3.864734677994016154e-01 4.472387452660073204e-01 4.856229446794371740e-01 5.949424346533265240e-01 6.122897477686591872e-01 6.572625842124735218e-01 7.022543867781252391e-01 7.321087643664845324e-01 7.622345867987241341e-01 7.971023176807311428e-01 8.534855090883097795e-01 8.767725074793721873e-01 8.855401685488505370e-01 9.070732877574603226e-01 9.407884363877705436e-01 9.586980065538917017e-01 1.024160016727369671e+00 1.048735672351528647e+00 1.077410696951522695e+00 1.091873249528913403e+00 1.138459342148995468e+00 1.164189630942110920e+00 1.208878166734776327e+00 1.224173664297302455e+00 1.245687644764176039e+00 1.290156342970839587e+00 1.326100877005497614e+00 1.347833823917888640e+00 1.401736590703388741e+00 1.454599469249766353e+00 1.473452545270649949e+00 1.528905483802568188e+00 1.587761947642911675e+00 1.620535235641600513e+00 1.702295176652155684e+00 1.718899760522430320e+00 1.767972287527234343e+00 1.818173428469115116e+00 1.833670648850708851e+00 1.940102502527746742e+00 2.021754885121657797e+00 2.075409429250020477e+00 2.126088227988217394e+00 2.189171943866216274e+00 2.281502679133812883e+00 2.302994519263124484e+00 2.330892488884693581e+00 2.365770218875514530e+00 2.551710853170676696e+00 2.585146901846980594e+00 2.676470291479125407e+00 2.716280904938650931e+00 2.799185303845896922e+00 2.923664065735194661e+00 3.093620698393791724e+00 3.499750844556703822e+00 3.706813368129751929e+00
6.874566989601824107e-02 8.635728858515434592e-02 1.394002599525818176e-01 3.822359172096628788e-01 4.390917584619730696e-01 4.868380574014365414e-01 5.945754983186508635e-01 6.153200304370307627e-01 6.588644393561662316e-01 7.038770782261223324e-01 7.327598897222674657e-01 7.581353835689675913e-01 7.905423241576312599e-01 8.536544603871467629e-01 8.723442679215924755e-01 8.848379020017924645e-01 9.087706495850544908e-01 9.410807862312080552e-01 9.560060919101098786e-01 1.024548882206972600e+00 1.050124748211826553e+00 1.077403219247045740e+00 1.089457930750884929e+00 1.136552248624864259e+00 1.163019780709676709e+00 1.207462133985146568e+00 1.227033140210520124e+00 1.249498809114804709e+00 1.293308809872287579e+00 1.326740745966737078e+00 1.351887476926043830e+00 1.405741860152367018e+00 1.454584327563574364e+00 1.475318028309934082e+00 1.530414649307671127e+00 1.588843266069581484e+00 1.628267910628846682e+00 1.702965954421927330e+00 1.721303319046380231e+00 1.769408744750013085e+00 1.817325640632987849e+00 1.836901126847966248e+00 1.941792162485403095e+00 2.022056064183033630e+00 2.074381587892750289e+00 2.126069635893815590e+00 2.192231233619293729e+00 2.279059423425693343e+00 2.304999144339117123e+00 2.328644809069150501e+00 2.360903907841131133e+00 2.557764584044671441e+00 2.584806481327405869e+00 2.668501489133177529e+00 2.723399775602809658e+00 2.796130307280141114e+00 2.923665252001620196e+00 3.093132186883720269e+00 3.499872790573030468e+00 3.706477367672071921e+00
1.025134224444343989e-01 1.283803887790264109e-01 2.078837677921025195e-01 3.745395500858517690e-01 4.277499012952055146e-01 4.876320051579085546e-01 5.948562402143449113e-01 6.200526274412355709e-01 6.594050686127101990e-01 7.038725270021589653e-01 7.338709503145698365e-01 7.527428285405953767e-01 7.811638705900234569e-01 8.522364310395423859e-01 8.680664905688104671e-01 8.855102986152721956e-01 9.098914420908376099e-01 9.398739058304796945e-01 9.541165889153329083e-01 1.024183699354486166e+00 1.050626496313122882e+00 1.077658174596393792e+00 1.086947905180176921e+00 1.135053597063609754e+00 1.160759322957793049e+00 1.205989107090479573e+00 1.230177628942351387e+00 1.253430335208666868e+00 1.297715023154885294e+00 1.327687106001340878e+00 1.358115041341871665e+00 1.410737940344384045e+00 1.454588721681616237e+00 1.478277745025159629e+00 1.531836945643243464e+00 1.588255718361081703e+00 1.640903351184005210e+00 1.703341707222017165e+00 1.726782614782298442e+00 1.772535971998596471e+00 1.816645165550311303e+00 1.842225844306907057e+00 1.944719392350166887e+00 2.022365315250192364e+00 2.072883765875943141e+00 2.127329112124150878e+00 2.196500947993417441e+00 2.276074562533801693e+00 2.306474816710745390e+00 2.325189463703251302e+00 2.355122160830732891e+00 2.565702079348484599e+00 2.584389720859638917e+00 2.660163900489623146e+00 2.730556312732209889e+00 2.791488832815460341e+00 2.923035004190229547e+00 3.092504915383427200e+00 3.500046231652760742e+00 3.705959403803325447e+00
1.351848473756526170e-01 1.691178663770066259e-01 2.735825784047662412e-01 3.637170510343710750e-01 4.144345203223084306e-01 4.879883813483441024e-01 5.959615556406834269e-01 6.257400350493296237e-01 6.580979667477930839e-01 6.963308744193182909e-01 7.327569080543770985e-01 7.498436355202315884e-01 7.742174111417520210e-01 8.499903299721133232e-01 8.655297451209763571e-01 8.855868927598117279e-01 9.098418959912837334e-01 9.372092345656003465e-01 9.543821334699144066e-01 1.022600568757208173e+00 1.049175121037345004e+00 1.076825289826893073e+00 1.087791309721508171e+00 1.133824495496323692e+00 1.158480866561765632e+00 1.204428962722409846e+00 1.232247782975187445e+00 1.257059773794027002e+00 1.301491575208947760e+00 1.329177969470337839e+00 1.365876924183116792e+00 1.414689304889496846e+00 1.455150653979657482e+00 1.481707249391000181e+00 1.532419606251868682e+00 1.586308288598510696e+00 1.653326636918953874e+00 1.704205104814715765e+00 1.733730393585104723e+00 1.778087676719358967e+00 1.817665800576536705e+00 1.849540040206497871e+00 1.949166479963902132e+00 2.022275159989121995e+00 2.071393245511342851e+00 2.131127450025950498e+00 2.201278319116413140e+00 2.273102686707498155e+00 2.305104913409857126e+00 2.322404653708070477e+00 2.349901609181595852e+00 2.572035518056632775e+00 2.585624026274428111e+00 2.653328680701514397e+00 2.736355039203531181e+00 2.785447897880392709e+00 2.921457947554362278e+00 3.091940847747927101e+00 3.500236389072066245e+00 3.705325336386448676e+00
1.661163304863511603e-01 2.081588076973414081e-01 3.253352710795466840e-01 3.564537803930797333e-01 4.032260295010280382e-01 4.882280931996093032e-01 5.974506167099346010e-01 6.298406476243028074e-01 6.553223265582204249e-01 6.774558364791818388e-01 7.266559078149619211e-01 7.526062679140254064e-01 7.752949404539513090e-01 8.481246498616766827e-01 8.638698567732030487e-01 8.831711050464216006e-01 9.089119401498230166e-01 9.342092727453930046e-01 9.565796298367765793e-01 1.019850083260516183e+00 1.047036566175549188e+00 1.074497497248491085e+00 1.092477154687436114e+00 1.131903032983311741e+00 1.157511644277987362e+00 1.202806256152127773e+00 1.232532316243718729e+00 1.260825774668399735e+00 1.303052005374310651e+00 1.331429296007278662e+00 1.374439858628983435e+00 1.415879939284369948e+00 1.456891161108328836e+00 1.484850821892684136e+00 1.531956997831307898e+00 1.584124239982103388e+00 1.661005187941437811e+00 1.706430007479804667e+00 1.738933687310557419e+00 1.783552202633531092e+00 1.822512897532453380e+00 1.858532613143705436e+00 1.955403260152064115e+00 2.021229287779866102e+00 2.070530925162771929e+00 2.138259430853520993e+00 2.206124777327137743e+00 2.270543694662479517e+00 2.299725734347759953e+00 2.321777711038698566e+00 2.345702687841242806e+00 2.572434948445714298e+00 2.591681281913370327e+00 2.648872497482507526e+00 2.740564980410869378e+00 2.777960502900649331e+00 2.919189586176262896e+00 3.091581026556613487e+00 3.500410412358216927e+00 3.704666617742976786e+00
1.941522600700348045e-01 2.450227516502679059e-01 3.241915523384479303e-01 3.601845259127395282e-01 4.258678577840855350e-01 4.885470957916202561e-01 5.981410006029265203e-01 6.220761813339452662e-01 6.492202455488619295e-01 6.607522531163388946e-01 7.205964490116286703e-01 7.566052159110346897e-01 7.829521042270606301e-01 8.454387334580635294e-01 8.625718818809158250e-01 8.800755871541349196e-01 9.056748929954978600e-01 9.332146864061189317e-01 9.590793405207768130e-01 1.016783337676032462e+00 1.045884642129005337e+00 1.072044233840434346e+00 1.098183116081214550e+00 1.129018284222749191e+00 1.158113473233792323e+00 1.201434858369500480e+00 1.231413260042280911e+00 1.264526535254407502e+00 1.302602203883495013e+00 1.333868144409772860e+00 1.383086387901888425e+00 1.413862789452292823e+00 1.459540969588864368e+00 1.487233698909708579e+00 1.530794863694047603e+00 1.582428567139807729e+00 1.664098012027205531e+00 1.709302594951423337e+00 1.741950870791581840e+00 1.785327160196686469e+00 1.829784294113738108e+00 1.867846475057461930e+00 1.962915833784566466e+00 2.019020571426524580e+00 2.070531703326469852e+00 2.148028627602470042e+00 2.210852712032822520e+00 2.269010626599555547e+00 2.292102076191353088e+00 2.321697561074776761e+00 2.342834438854278112e+00 2.569599725798004997e+00 2.599348563425086578e+00 2.646878181227584115e+00 2.743623614343125183e+00 2.769364427639550819e+00 2.916925898563569319e+00 3.091441322755262622e+00 3.500544965375433470e+00 3.704089221532861576e+00
2.165489044770897986e-01 2.787431410110203234e-01 3.101190107875422819e-01 3.405353829523506959e-01 4.779204610764553052e-01 4.900256961732446515e-01 5.814409790772148146e-01 6.050985415822601743e-01 6.435704475336215813e-01 6.596614088229202366e-01 7.168998294831245843e-01 7.597049145515958335e-01 7.920299114969248100e-01 8.408960265960424563e-01 8.603163588697967379e-01 8.816874911208389953e-01 8.992126898494006149e-01 9.344744444162109698e-01 9.605781922815981311e-01 1.014578487842367593e+00 1.045805160747405926e+00 1.070165965445525114e+00 1.102879808714418930e+00 1.126068496756775561e+00 1.159298177430965637e+00 1.200628484838198506e+00 1.229954478245820715e+00 1.267333848890796810e+00 1.301479650951905764e+00 1.335637693438269213e+00 1.390959482424248161e+00 1.409628990621948130e+00 1.461895794061604414e+00 1.488702927666120335e+00 1.529625472575276923e+00 1.581439081013290338e+00 1.664893666015925033e+00 1.711445661597661871e+00 1.743765135644212094e+00 1.784770472511842287e+00 1.835182243321381579e+00 1.874764995208364482e+00 1.969592685971321533e+00 2.016429088714754236e+00 2.070959489904466988e+00 2.157115503487665453e+00 2.215003478354570010e+00 2.269476651618965057e+00 2.283949743633178375e+00 2.321149107242575393e+00 2.341493110196481542e+00 2.566814042517284289e+00 2.605106907914612524e+00 2.646642253516873211e+00 2.746235192399018032e+00 2.761234770180412301e+00 2.915340169521044800e+00 3.091432728265817609e+00 3.500628112512953027e+00 3.703693903098577600e+00
2.262257152107157165e-01 2.974705609196270917e-01 3.098889900440304768e-01 3.187354524432863823e-01 4.879313847000182891e-01 5.265370171180371317e-01 5.421104075003640999e-01 6.042294369513854235e-01 6.419768228946329813e-01 6.602370643285857543e-01 7.157224591887106913e-01 7.608986171293298240e-01 7.964946476548351306e-01 8.379274166780538158e-01 8.590446900637654926e-01 8.854935456690660178e-01 8.939724735457473814e-01 9.353583894523969100e-01 9.609889401528673991e-01 1.013819139907557121e+00 1.045940528465707509e+00 1.069445874213835745e+00 1.104804419329920240e+00 1.124709577167961383e+00 1.159862476896287964e+00 1.200393640269592499e+00 1.229292312769177276e+00 1.268394189446591325e+00 1.300935409825268341e+00 1.336267867784559860e+00 1.395253046715205558e+00 1.406475943864181399e+00 1.462820374123716682e+00 1.489205319795526394e+00 1.529137294923221368e+00 1.581122467567535494e+00 1.664993661915311618e+00 1.712193315803359317e+00 1.744451580500666843e+00 1.784279683717570730e+00 1.837032848448545419e+00 1.877249410696212539e+00 1.972359506575465993e+00 2.015195586059262300e+00 2.071189024426030478e+00 2.160866549672944448e+00 2.216868984698342260e+00 2.271246344402650053e+00 2.279001121877905156e+00 2.320781429085438052e+00 2.341181696292758296e+00 2.565698554885003535e+00 2.607213593943728203e+00 2.646834301771804565e+00 2.747928504159074858e+00 2.757171952792690561e+00 2.914783227032542445e+00 3.091445653515975334e+00 3.500656012531048855e+00 3.703553303811126796e+00
1.922588398860831937e-01 2.803376701864091491e-01 3.736347620544968051e-01 4.515731258909341239e-01 4.891347912850734225e-01 5.298486700546002348e-01 5.793398368536348819e-01 6.017546650736341762e-01 6.411796586891237437e-01 6.708023002213056030e-01 7.443901765305647178e-01 7.535598607088003220e-01 7.884216976491130735e-01 8.066532083103621353e-01 8.493921857522286345e-01 8.982705490257265613e-01 9.240199676011663366e-01 9.440497017658027179e-01 9.848843512966706237e-01 9.978514103696380921e-01 1.040728689064558621e+00 1.075884125521342494e+00 1.115963014030040723e+00 1.133993041187841833e+00 1.168432586146336938e+00 1.199621980562398438e+00 1.222404798862070541e+00 1.281576525946452216e+00 1.308129078107753696e+00 1.346675877683235933e+00 1.363175193755569614e+00 1.419651722427374141e+00 1.468619279003288147e+00 1.502208004846510514e+00 1.519971213508968022e+00 1.563093403426232930e+00 1.638350717012331259e+00 1.678727941560202552e+00 1.733349536797611723e+00 1.734459811312582866e+00 1.819416494420267538e+00 1.858135264455462066e+00 1.942082788263353121e+00 1.988359960631919776e+00 2.053465965752744093e+00 2.158843434525286487e+00 2.198474919730026844e+00 2.265586044814642985e+00 2.326462183551956997e+00 2.388082883891887054e+00 2.508086727556592788e+00 2.555696341622247569e+00 2.633033102772182943e+00 2.696530949136378918e+00 2.727375255704604484e+00 2.885604519589782146e+00 2.946293099313029185e+00 3.174936859476235718e+00 3.572743461800750531e+00 3.731359793006030490e+00
1.890152321072298414e-01 2.864593919607932859e-01 3.749922091557347792e-01 4.502120571530899840e-01 4.842667848188105806e-01 5.312055407730632561e-01 5.786033687015726956e-01 6.019882861818399711e-01 6.408722383904893460e-01 6.739738326196766938e-01 7.425414931821885389e-01 7.546728311699549829e-01 7.870471365639299943e-01 8.076975506300307917e-01 8.498808868803902072e-01 8.982261401728900418e-01 9.223047734127137742e-01 9.439866271913925910e-01 9.850723474754549125e-01 9.978357622621040202e-01 1.039027990013486002e+00 1.075513007668779775e+00 1.115879989480780488e+00 1.133786826058818864e+00 1.169666774838327372e+00 1.195578995753371343e+00 1.224338937625991885e+00 1.284741513252909639e+00 1.308097968543442846e+00 1.346999020447411599e+00 1.363538589941388768e+00 1.419400309221334977e+00 1.467856948391233152e+00 1.502432936649300332e+00 1.519744344188065810e+00 1.562079009739123725e+00 1.639539585424795609e+00 1.678952162485804145e+00 1.729910750597191571e+00 1.738622467118673409e+00 1.819046643934218999e+00 1.858231150387964492e+00 1.942518557914836519e+00 1.988179504503086115e+00 2.053274467071364295e+00 2.158863628007043900e+00 2.198286965566472961e+00 2.264426663851756949e+00 2.326472269620282862e+00 2.386736211497179738e+00 2.503889242803989390e+00 2.560156539161524858e+00 2.632385433394138996e+00 2.696843415423647361e+00 2.727654068875832838e+00 2.883221125877699187e+00 2.945980189208090128e+00 3.174023518795133558e+00 3.572033810702559986e+00 3.731493763592196977e+00
1.831266688016711663e-01 3.004585076761923657e-01 3.788287646344005166e-01 4.465704562033436242e-01 4.725143627536075863e-01 5.314447249668330375e-01 5.776605273916246563e-01 6.029700341381200035e-01 6.414755976633135237e-01 6.813190239558792882e-01 7.389736760545954075e-01 7.558773828859410848e-01 7.833566877341148205e-01 8.103798067485837864e-01 8.507605765848944568e-01 8.980543175838188175e-01 9.182512704541130333e-01 9.436393386125211391e-01 9.855473772758331918e-01 9.974014556046673086e-01 1.034753649446372714e+00 1.074743483085406792e+00 1.115509206223081140e+00 1.133229899401158924e+00 1.172841473179211835e+00 1.187051628110944668e+00 1.227832919593094818e+00 1.292511674069466432e+00 1.307655410546988417e+00 1.347843657870147371e+00 1.365249112843659240e+00 1.418741738555088672e+00 1.465745519878012493e+00 1.502801287269113439e+00 1.519050666896943902e+00 1.559693809365145123e+00 1.642534537424276797e+00 1.679789666697730111e+00 1.727034623805935309e+00 1.743541462127101260e+00 1.818145594275657473e+00 1.858421726196451740e+00 1.943833127767156332e+00 1.987567455452299736e+00 2.052720300020209443e+00 2.158924577605044970e+00 2.197638945744558203e+00 2.261087927548723009e+00 2.326483799460271396e+00 2.382858532911797500e+00 2.495309046028025612e+00 2.569317061317141437e+00 2.630666707945539695e+00 2.697228893552034545e+00 2.728786470230569972e+00 2.876171764426830979e+00 2.945235869719366129e+00 3.171356924001139443e+00 3.569925429235885517e+00 3.731839933865808590e+00
1.799382007045830789e-01 3.149956243469781980e-01 3.843502588752297777e-01 4.420317710776535680e-01 4.572861616956547248e-01 5.270161517923966921e-01 5.776780256866803631e-01 6.051173744351742156e-01 6.446285852739970235e-01 6.894315833222957046e-01 7.346451712237185294e-01 7.558140219661952930e-01 7.779994097566360622e-01 8.140300790622373439e-01 8.511000968604968131e-01 8.974017620282279672e-01 9.140891759171989595e-01 9.431661632487264857e-01 9.859308043705441449e-01 9.957777623976503678e-01 1.029939435322236418e+00 1.074162351770516999e+00 1.114859751835620916e+00 1.132282883588776379e+00 1.174087028340159655e+00 1.181042718567783423e+00 1.231185732217045636e+00 1.300492580219589245e+00 1.306766406998222774e+00 1.348572176472312867e+00 1.369931235586484108e+00 1.418014009685343080e+00 1.462734030889211168e+00 1.502445565839474861e+00 1.517959588429415252e+00 1.557448160495910061e+00 1.645983391901470583e+00 1.681711998066471869e+00 1.725332499196483349e+00 1.748240597997340995e+00 1.817226381015341952e+00 1.858499996002558108e+00 1.945997465149813532e+00 1.986370492742965510e+00 2.051872601879639824e+00 2.159035098344087356e+00 2.196266018175217383e+00 2.256055541096504857e+00 2.326408605202919144e+00 2.377017327571012029e+00 2.486951264696739106e+00 2.577852867423398031e+00 2.628385318075328936e+00 2.696448836323098508e+00 2.731399525548777962e+00 2.864936750257547349e+00 2.944442463156967893e+00 3.167142547810564146e+00 3.566484516809000915e+00 3.732244103611929376e+00
1.813569380204658188e-01 3.239191223652265195e-01 3.903635601656301191e-01 4.357308334736348931e-01 4.434286757226370557e-01 5.193250713890539272e-01 5.778329870797160872e-01 6.080551710740428328e-01 6.501485147624234129e-01 6.950502318777417310e-01 7.285092553869424448e-01 7.555335916899428295e-01 7.722344442100751438e-01 8.181251393520734272e-01 8.512179637821716272e-01 8.949278506795933508e-01 9.120188822840041842e-01 9.431354305369924473e-01 9.855965199053060566e-01 9.926048268099858518e-01 1.026598130071445292e+00 1.074073454069550015e+00 1.114466744984085489e+00 1.130449676110402812e+00 1.167033636604490665e+00 1.185390896533957905e+00 1.234126547387107919e+00 1.300251249296836109e+00 1.310178685100592100e+00 1.348230601445791876e+00 1.378582217493092177e+00 1.417965111017322810e+00 1.459353046281757216e+00 1.500278447090814149e+00 1.516767261653737764e+00 1.556764975181569755e+00 1.648481062279438358e+00 1.685254139593119982e+00 1.724652383915946663e+00 1.752377613257581013e+00 1.816832004633595510e+00 1.858312361323029238e+00 1.948771477984878597e+00 1.984556720966657473e+00 2.050873540624811309e+00 2.159223378273847249e+00 2.193729364827910366e+00 2.250260460521531058e+00 2.326027675194846989e+00 2.370225311193380868e+00 2.480318453253801181e+00 2.583045087372392690e+00 2.625897086518048429e+00 2.693723298263164700e+00 2.735663478318178132e+00 2.850625065443797901e+00 2.943842833611940879e+00 3.161678190796545440e+00 3.561831817584772963e+00 3.732489274221924891e+00
1.864071625753626338e-01 3.225973149380812477e-01 3.950372621247134619e-01 4.197308887718352866e-01 4.426558549602728210e-01 5.107707189263188674e-01 5.774099811436780305e-01 6.105545524539730540e-01 6.565840956755173430e-01 6.926418903290307849e-01 7.229171612560365556e-01 7.568513129176949183e-01 7.681592867329006813e-01 8.223577972750448772e-01 8.524152408002879655e-01 8.900335403013153179e-01 9.121849033391742356e-01 9.438767600550367343e-01 9.837606515328317647e-01 9.888611796560994316e-01 1.025424515471377473e+00 1.074444513082040142e+00 1.115089832005498938e+00 1.126992784235684830e+00 1.160925066277904261e+00 1.191908086361890717e+00 1.236455219589089438e+00 1.295131112878140867e+00 1.313222729104728925e+00 1.346431150138040156e+00 1.389338345163491750e+00 1.420118230133965875e+00 1.455946500671708277e+00 1.495952468420173709e+00 1.515636151686688970e+00 1.558252132205086182e+00 1.649256558188788802e+00 1.690421536313080342e+00 1.724575057259837729e+00 1.755979791324011385e+00 1.817211065050940322e+00 1.857864316054008924e+00 1.951303029873359574e+00 1.982682933410172543e+00 2.049972821676325108e+00 2.159514534133925245e+00 2.189594776861826908e+00 2.244947511319543842e+00 2.324971183735869751e+00 2.363700903515019824e+00 2.475180239603799848e+00 2.583903339305791302e+00 2.622869905671913138e+00 2.689553133633661108e+00 2.740831590772013993e+00 2.834927813308909972e+00 2.943431891980901050e+00 3.155301207350628356e+00 3.556147017594156967e+00 3.732344392491612428e+00
1.924966772885171040e-01 3.104874167152389952e-01 3.872138494986586688e-01 4.132411202574953757e-01 4.451019139898188537e-01 5.028075034779323493e-01 5.751087473287670448e-01 6.116730538312225018e-01 6.609617983295104082e-01 6.828841324599687068e-01 7.221553131498592570e-01 7.581599616894687532e-01 7.685475834278898688e-01 8.267156786983504979e-01 8.549579777804214853e-01 8.841008147397362293e-01 9.128264367387559641e-01 9.451113221481669546e-01 9.793162026640377382e-01 9.871654535729590396e-01 1.025610926593414574e+00 1.075068328996009015e+00 1.117002359399507982e+00 1.122099061087961314e+00 1.157644816596442139e+00 1.199062945697663363e+00 1.237847163450504828e+00 1.288729012348807990e+00 1.312893197904435816e+00 1.343271693865800698e+00 1.398002653313299870e+00 1.426822463751155068e+00 1.452405722214983985e+00 1.490306412923480206e+00 1.514347533299915005e+00 1.561645229519731171e+00 1.648318285666225513e+00 1.696407806367741911e+00 1.724561015752440474e+00 1.759514635729972021e+00 1.818101568788697442e+00 1.857305274730724376e+00 1.951589436461774296e+00 1.982553020827597434e+00 2.049549366979919629e+00 2.159800212696028954e+00 2.183944394057555805e+00 2.241155236975231890e+00 2.322824137417222712e+00 2.358473618921902215e+00 2.470491634478430676e+00 2.580640197416794290e+00 2.618434205059881226e+00 2.685344047576984750e+00 2.745639750725633821e+00 2.819818760326873175e+00 2.943031479221742241e+00 3.148337108944072149e+00 3.549663388031369493e+00 3.731613419369560702e+00
1.959393083353617171e-01 2.907920053346148004e-01 3.682721973926714187e-01 4.130878540516938480e-01 4.471403023021717771e-01 4.961962128999516386e-01 5.682993702508428724e-01 6.123144390200548903e-01 6.593142846481384600e-01 6.800079156157217142e-01 7.237580866166917204e-01 7.565527208329676512e-01 7.747230077430885542e-01 8.310401028063121309e-01 8.576820495428945090e-01 8.782450736295109861e-01 9.136481862624583616e-01 9.460123710144687781e-01 9.733268770452849772e-01 9.883104833307028159e-01 1.025867236206573496e+00 1.075586803863844976e+00 1.116373849803794727e+00 1.120809650507904820e+00 1.156975852294691132e+00 1.206313050018086752e+00 1.237904372316740442e+00 1.281822263956685859e+00 1.309973108407215703e+00 1.338991540944663994e+00 1.402477787693777955e+00 1.437864632275115406e+00 1.448231526594420782e+00 1.484645054199772218e+00 1.512794164235153449e+00 1.566240894146755602e+00 1.645980255636155354e+00 1.702039279417212336e+00 1.724202202542855167e+00 1.763577378574210153e+00 1.818835525025700006e+00 1.856747883353845108e+00 1.947736690193391240e+00 1.986125670879225202e+00 2.050081925289337192e+00 2.159412295784616465e+00 2.178065743366664808e+00 2.239234403804168050e+00 2.319405281597496593e+00 2.355039230550974860e+00 2.464773034681011499e+00 2.574103209366906064e+00 2.612492743121112238e+00 2.682333321736001253e+00 2.748660867551860232e+00 2.807248879514047779e+00 2.942396390603943424e+00 3.141062761559732408e+00 3.542653947407127468e+00 3.730173741843931801e+00
1.919125262603965931e-01 2.668668323800029163e-01 3.512782302751911723e-01 4.009677818883741196e-01 4.497682556042434943e-01 4.908591019813696721e-01 5.591936937292250054e-01 6.139837182654444003e-01 6.593565995326170492e-01 6.812137928060136849e-01 7.273099946702354934e-01 7.542584673775596382e-01 7.827989741680163593e-01 8.346231037719155088e-01 8.594206216200731552e-01 8.727823927047845265e-01 9.156601112030857692e-01 9.459303833749237445e-01 9.671415472341912123e-01 9.922031577406084102e-01 1.025462079635075296e+00 1.075434073020951953e+00 1.113151674458754403e+00 1.124202387736425113e+00 1.158420995840370393e+00 1.212866338810692612e+00 1.236216909022610722e+00 1.275052271856750963e+00 1.305943619715739468e+00 1.333850466050298333e+00 1.404305113133953675e+00 1.440803550976291092e+00 1.451312209742150472e+00 1.480155472154025542e+00 1.511221631981196412e+00 1.571268941319976520e+00 1.642531728917077327e+00 1.706337521093633569e+00 1.723428499035116745e+00 1.768316905645608506e+00 1.818791059849516945e+00 1.855924235835702429e+00 1.940836567634874443e+00 1.992790085394558153e+00 2.052042688588469055e+00 2.156565345310109905e+00 2.174709538212904469e+00 2.239006362692014473e+00 2.314975057044235562e+00 2.353260895310319345e+00 2.456373810601377716e+00 2.565852835559876866e+00 2.606178902731115077e+00 2.680774538587726852e+00 2.748518454113606513e+00 2.798836039658710195e+00 2.941299536952886040e+00 3.133693132503699186e+00 3.535413666421745038e+00 3.727998470626551430e+00
1.762959944603467721e-01 2.404938089315015182e-01 3.384600626218326469e-01 3.768036027671680110e-01 4.503730392541674399e-01 4.874573088898420115e-01 5.551516373524081338e-01 6.155417217904509686e-01 6.649409923633801123e-01 6.808930906612600253e-01 7.321660373892057150e-01 7.531113808365624829e-01 7.905532490034193893e-01 8.365911510624940428e-01 8.603580944038784484e-01 8.677732262011697006e-01 9.191386569246804417e-01 9.447576122937902943e-01 9.618090594971752116e-01 9.984981479407029070e-01 1.024538572359407151e+00 1.074459501656356508e+00 1.111536550622931330e+00 1.127782351947309358e+00 1.161519515733020924e+00 1.217320198901404860e+00 1.232741487168927064e+00 1.269529372312699467e+00 1.301956740309303084e+00 1.328294138070410080e+00 1.404587961689027553e+00 1.432275779131799043e+00 1.461168558097516224e+00 1.477696159777754037e+00 1.510183386272439643e+00 1.576053528784827185e+00 1.638256521878072025e+00 1.708823577695996354e+00 1.722451092779315740e+00 1.773128941844595685e+00 1.817867268958459404e+00 1.854015845610163193e+00 1.933750377912182516e+00 2.000575680195810335e+00 2.055696170183046512e+00 2.150722214432969626e+00 2.175223198381444512e+00 2.240273310697237896e+00 2.310064639922606133e+00 2.352662761938072222e+00 2.444146686093267906e+00 2.558235560025182043e+00 2.600546199684491189e+00 2.680205665833699236e+00 2.744786582015040555e+00 2.795011803130930339e+00 2.939595331352414576e+00 3.126393497215421036e+00 3.528241494503726372e+00 3.725162615525809962e+00
1.498200084275447264e-01 2.115936984415446864e-01 3.133723392152443776e-01 3.630527059871063722e-01 4.458295978517161640e-01 4.874507968302412841e-01 5.578890844686276163e-01 6.159653079230942296e-01 6.694640169814327635e-01 6.833018177975667129e-01 7.357659948772390379e-01 7.542360971599316732e-01 7.969425440959309048e-01 8.369844312603050840e-01 8.609543538869209867e-01 8.643460406888837655e-01 9.228263796027058596e-01 9.428351775368831733e-01 9.582513043851573764e-01 1.006633510832130485e+00 1.023735400408470886e+00 1.073396939528974858e+00 1.110006802206627397e+00 1.131487590832812140e+00 1.165508457127856667e+00 1.216894350152248006e+00 1.229398025568724684e+00 1.266500416409442886e+00 1.298053167397843044e+00 1.323286230480732240e+00 1.403315473334245000e+00 1.421461446414793883e+00 1.466166412560559573e+00 1.478054869620937017e+00 1.510478446778465988e+00 1.580086656409413148e+00 1.633542958605373796e+00 1.709534710606745556e+00 1.721500968357502215e+00 1.776843151868379156e+00 1.816598465234337434e+00 1.850277025784231810e+00 1.929005755953724144e+00 2.007837106048918407e+00 2.060787364885453776e+00 2.143961648047982838e+00 2.177944355607579485e+00 2.243140026264253351e+00 2.305200818909144633e+00 2.352758146115121463e+00 2.428397691012825543e+00 2.553004936099902533e+00 2.595899117506298204e+00 2.680101135163366344e+00 2.738691443599548414e+00 2.794472927872858392e+00 2.937261632939155209e+00 3.119310912016913573e+00 3.521423999537988792e+00 3.721835784893594568e+00
1.169881609636378300e-01 1.799649457281699838e-01 2.693075228750747563e-01 3.686718160452268078e-01 4.387173241956300318e-01 4.889932869408724070e-01 5.648034235637064970e-01 6.155106854563771046e-01 6.671157361795869711e-01 6.917201292922626754e-01 7.380637572118102785e-01 7.560228752350522941e-01 8.011131793663968104e-01 8.374315378418560885e-01 8.609495802794948638e-01 8.644082285962670920e-01 9.247346327108814101e-01 9.415742234138663180e-01 9.563410948418832325e-01 1.015686773382593833e+00 1.023897207098479090e+00 1.073063420853368477e+00 1.107158692442690828e+00 1.135072364289969160e+00 1.169304362113007256e+00 1.210866705693017575e+00 1.228049827568789221e+00 1.265896580298523810e+00 1.293456900058085557e+00 1.320226010561335483e+00 1.398639647919492690e+00 1.411177801311096269e+00 1.466227812205352921e+00 1.479455800636322316e+00 1.512765585011950131e+00 1.583095227959302020e+00 1.628904229409152027e+00 1.708858084905723995e+00 1.720657039330782956e+00 1.778250202471906238e+00 1.815851349443941221e+00 1.845125039288926683e+00 1.927670867003131283e+00 2.013620162185524975e+00 2.066334227044853922e+00 2.137805231846943155e+00 2.181338812096716762e+00 2.248035997524528540e+00 2.300820802576436286e+00 2.353093778287820292e+00 2.410887273188585311e+00 2.550312521811719080e+00 2.592195682617622232e+00 2.680138752001767433e+00 2.731902639136746913e+00 2.795497001023062644e+00 2.934418318060135089e+00 3.112612436638797941e+00 3.515221392899617658e+00 3.718264121400712163e+00
8.163491757106225433e-02 1.461433858866314217e-01 2.193013182863167432e-01 3.793751734351349381e-01 4.332025767931083071e-01 4.898990680188120006e-01 5.733522428305241059e-01 6.146542638117267199e-01 6.631816513443404837e-01 6.985665644935278307e-01 7.404862923792168150e-01 7.565504680883295974e-01 8.023427904367573804e-01 8.401832437075352766e-01 8.627045391056807899e-01 8.665023809028371549e-01 9.232704624609338051e-01 9.423655214389692336e-01 9.554252095709236947e-01 1.021381048719659068e+00 1.028520727269256030e+00 1.073711960664809784e+00 1.102881359118568438e+00 1.137828933127338571e+00 1.171595296960078691e+00 1.204360063970447037e+00 1.226837764929582519e+00 1.265681945853301071e+00 1.288491579416039645e+00 1.319762518025462628e+00 1.387219930666244938e+00 1.405888847125579266e+00 1.464270016925753426e+00 1.478938106776082284e+00 1.516681790299244437e+00 1.585071205783722403e+00 1.624860766658065225e+00 1.707311093562790205e+00 1.719908734186607724e+00 1.776973056944600948e+00 1.816121420904571071e+00 1.840018038461271654e+00 1.929202809005974073e+00 2.017656614918700519e+00 2.071009165963046073e+00 2.132944760911872351e+00 2.184374322691962522e+00 2.255375643496394300e+00 2.297302028719626410e+00 2.353038375190456666e+00 2.393858938921004764e+00 2.549345746739622776e+00 2.589367290392535548e+00 2.680184955311762707e+00 2.725520225830471599e+00 2.796983933779492393e+00 2.931320474487193906e+00 3.106514848723689770e+00 3.509856805817283654e+00 3.714743563868760923e+00
4.449941985901711972e-02 1.108250650195391623e-01 1.678615279299928709e-01 3.872390442648619979e-01 4.332533706127852380e-01 4.894797787466135253e-01 5.817466174391219269e-01 6.136663466928992117e-01 6.598517120000397806e-01 7.015768514539287848e-01 7.405763588065576997e-01 7.579215400791688984e-01 8.013719384251375422e-01 8.452241820035230058e-01 8.658275334602664186e-01 8.712438953304079137e-01 9.189269895802362198e-01 9.436707311526568720e-01 9.556743251487973545e-01 1.022659029567568600e+00 1.037043933427682640e+00 1.075071280861133127e+00 1.098079673319058536e+00 1.139327170354771601e+00 1.171022983854986599e+00 1.201642048767293858e+00 1.225311448614053278e+00 1.262506870753500987e+00 1.285802260407789221e+00 1.321155418713495511e+00 1.372914613275444840e+00 1.403316597700951629e+00 1.461402394893736689e+00 1.476917209271213949e+00 1.521039910645956228e+00 1.586198304067646836e+00 1.621766310094514774e+00 1.705406198079864932e+00 1.719269873240054647e+00 1.773966446907411454e+00 1.817035906430908954e+00 1.836161902700140125e+00 1.932354259969058852e+00 2.020085029087538064e+00 2.073978302582452304e+00 2.129591732109485491e+00 2.186449263921134367e+00 2.264851761757473270e+00 2.295067079684916411e+00 2.351224821959617461e+00 2.379727884860060261e+00 2.549214685864197971e+00 2.587363952306055648e+00 2.680212113713635436e+00 2.720146391652583429e+00 2.798380328227381142e+00 2.928323359260136094e+00 3.101291976248833127e+00 3.505509845197354757e+00 3.711586713512193381e+00
-2.326533481811484533e-02 7.454129936615046248e-02 1.167362789786288851e-01 3.892158339256967525e-01 4.396219607723580447e-01 4.879092121768835999e-01 5.887504424142353532e-01 6.126351762529684830e-01 6.576957268536058887e-01 7.021102560280497729e-01 7.370978581750244896e-01 7.609110762101939374e-01 8.000921940600712601e-01 8.499070327826547810e-01 8.699270055717346350e-01 8.785413993356233631e-01 9.132217316937738527e-01 9.431804718124026099e-01 9.573953434572544108e-01 1.023357573426094902e+00 1.043661554794278024e+00 1.076539283747031783e+00 1.094339042347272750e+00 1.139750318690770037e+00 1.168133565420084174e+00 1.203572359677681058e+00 1.223857020450045408e+00 1.255454287343763964e+00 1.286460872864555904e+00 1.323248460123708226e+00 1.359648401435151310e+00 1.401615226644035150e+00 1.458197345916442123e+00 1.474772063976697911e+00 1.524818654643299798e+00 1.586721770410278065e+00 1.619721693331827916e+00 1.703619183021096051e+00 1.718785971077385399e+00 1.770725526207503675e+00 1.817900947189617700e+00 1.833881984202277549e+00 1.935846121812033083e+00 2.021239393487419544e+00 2.075327564279995318e+00 2.127578625644017229e+00 2.187530177121765895e+00 2.274617460737847985e+00 2.294993599418637675e+00 2.345350449253037262e+00 2.371304405621481592e+00 2.549325783081811458e+00 2.586104530447578043e+00 2.680227372054583057e+00 2.716123098615941700e+00 2.799434504800270673e+00 2.925819164717921250e+00 3.097251757175718101e+00 3.502314863621604601e+00 3.709086669519998658e+00
-3.545230603991588597e-02 3.756486074225118266e-02 6.681093506521308678e-02 3.883675430673199647e-01 4.471188653322068496e-01 4.859275005168878225e-01 5.934918053909692404e-01 6.116865850285269079e-01 6.566672260770611835e-01 7.017791869907322733e-01 7.334052206301219234e-01 7.630610904865950950e-01 7.994697760022134725e-01 8.524492975360745683e-01 8.751015736797559397e-01 8.849066577629208785e-01 9.081113948432255611e-01 9.413790443327151314e-01 9.592548424101853266e-01 1.023745529796734610e+00 1.047120888939984118e+00 1.077341722225302556e+00 1.092862352772444812e+00 1.139597169818296285e+00 1.165422314457780661e+00 1.207512925837156859e+00 1.223032300472160383e+00 1.247703086604022182e+00 1.288222343225033040e+00 1.325086910533468609e+00 1.350030250397486142e+00 1.400576483540508788e+00 1.455589069670831570e+00 1.473333592272386250e+00 1.527358889191909874e+00 1.586886716895647753e+00 1.618620048210068774e+00 1.702357640271784822e+00 1.718492246972002535e+00 1.768384361424591766e+00 1.818383442469268196e+00 1.832855653930211437e+00 1.938534185174567659e+00 2.021594857306601600e+00 2.075715712990727990e+00 2.126558225982197570e+00 2.187949361639944801e+00 2.280904484696450574e+00 2.298618196926012658e+00 2.336534826899745010e+00 2.368318688436640507e+00 2.549418578979381511e+00 2.585449976283762830e+00 2.680236574135164584e+00 2.713646420673750281e+00 2.800063753807025435e+00 2.924157726215880437e+00 3.094685542061159644e+00 3.500363125832239852e+00 3.707482276168479807e+00
-1.540082219356731744e-04 -1.165258298076968262e-04 3.889533028297722811e-08 3.877833993137486668e-01 4.503586334567353799e-01 4.849346515897867138e-01 5.952148066144846705e-01 6.112504786725269090e-01 6.563973975842860575e-01 7.015565517553478125e-01 7.319253089013577629e-01 7.637325969632036138e-01 7.993423444790384025e-01 8.531586170171039374e-01 8.780643179671913101e-01 8.868938228226680431e-01 9.061475898445733312e-01 9.403495074225645123e-01 9.599824469891889978e-01 1.023852290974907930e+00 1.048080261574182215e+00 1.077464729091138773e+00 1.092757640260156204e+00 1.139439425684724894e+00 1.164415155457293682e+00 1.209587370586352018e+00 1.222980500289799322e+00 1.243984661462423036e+00 1.289069479261644169e+00 1.325859700848000200e+00 1.346418947409777855e+00 1.400224682217287464e+00 1.454578741217120053e+00 1.472844585662783867e+00 1.528254411894184095e+00 1.586910162978452554e+00 1.618281702112754239e+00 1.701903324382116889e+00 1.718395396835534994e+00 1.767543613910836919e+00 1.818521272703699454e+00 1.832588000157333363e+00 1.939544212122142008e+00 2.021640317655542862e+00 2.075766415842328794e+00 2.126250881432218076e+00 2.188045253396775358e+00 2.282508903160166192e+00 2.302079374113606747e+00 2.331619247952638752e+00 2.367706938668402650e+00 2.549446580991832967e+00 2.585253140355905366e+00 2.680239815154024985e+00 2.712811972663385696e+00 2.800269610615905957e+00 2.923576211436449412e+00 3.093804367559706225e+00 3.499706899589252185e+00 3.706929430555458094e+00
3.378874690313727475e-02 4.094009512510924514e-02 7.658306085035021527e-02 3.877113585863739553e-01 4.497437397572782158e-01 4.855734690523215713e-01 5.891665110814207074e-01 6.144281755521336930e-01 6.566223660373369242e-01 7.015860523599500853e-01 7.336307483629680437e-01 7.642504338128319752e-01 7.992221961448655598e-01 8.530268563188077025e-01 8.736148050545151644e-01 8.863867375497723744e-01 9.078797132589971897e-01 9.413148170417255933e-01 9.609959590972375620e-01 1.021929621880753647e+00 1.048573208136059476e+00 1.075167159933533512e+00 1.093999057875055803e+00 1.139376704115440342e+00 1.165251534446923865e+00 1.208298731391788783e+00 1.222593810302065709e+00 1.245417170395503259e+00 1.288661239120303170e+00 1.320819232026170686e+00 1.350865694638249126e+00 1.401092128893304034e+00 1.454167303419985124e+00 1.473063395443445334e+00 1.529415445920731864e+00 1.586093399172103124e+00 1.618712861247348034e+00 1.702832352509006997e+00 1.718187578517375469e+00 1.768156644215135298e+00 1.818623738871714579e+00 1.833127773003101035e+00 1.939788146042327854e+00 2.021753850548130949e+00 2.075238318326598108e+00 2.126751237868552469e+00 2.188475434039937273e+00 2.281344163932286673e+00 2.301258329600480490e+00 2.332687647189010782e+00 2.368706553211755494e+00 2.549840461822757920e+00 2.585630098904655227e+00 2.679064341232225921e+00 2.715386067487540966e+00 2.800581037939235962e+00 2.926524266018367904e+00 3.095338143525098396e+00 3.499756871095922151e+00 3.707041158086958887e+00
7.051163065454195411e-02 7.931031543378364024e-02 1.522412786454446221e-01 3.874984113908942485e-01 4.481801198942069187e-01 4.869779430784147989e-01 5.763725222399499470e-01 6.194383285116114024e-01 6.571123129040059574e-01 7.019402810698414097e-01 7.372340188136590200e-01 7.662763652848316731e-01 7.989890002816764092e-01 8.522756809556543134e-01 8.636318917346984536e-01 8.855791848763409080e-01 9.103027073209000175e-01 9.435958216792280639e-01 9.642771675268082543e-01 1.017113844991054394e+00 1.049064220757567556e+00 1.070002190925342989e+00 1.096247783450480240e+00 1.139212441946904963e+00 1.167284102566877868e+00 1.204590081271578850e+00 1.222008734385833240e+00 1.248922605875428360e+00 1.286330529119757315e+00 1.312577912491396770e+00 1.359022311965513152e+00 1.403201239575660564e+00 1.453089591560383642e+00 1.474006506376235093e+00 1.532596218056907267e+00 1.583853619784578948e+00 1.619905692312430867e+00 1.703790246112192985e+00 1.719144620204508422e+00 1.769697362563236398e+00 1.818589561666145160e+00 1.835001422718756769e+00 1.940511874819145222e+00 2.022118275513532737e+00 2.073806128714198227e+00 2.128135953421916415e+00 2.189638153963940237e+00 2.278342578934680951e+00 2.299136281826361206e+00 2.335081443220739850e+00 2.371803928884676171e+00 2.551159624199678344e+00 2.586688221586955105e+00 2.676686655275127169e+00 2.720831849759289600e+00 2.802416460501348183e+00 2.935022268187578831e+00 3.099990833571334647e+00 3.499896954165996998e+00 3.707411717961272224e+00
1.068541356516222313e-01 1.174807680647211999e-01 2.258777725568245631e-01 3.873292716763438448e-01 4.461962459897594324e-01 4.881008427024017271e-01 5.606372617812481751e-01 6.243043125836805762e-01 6.573805322663014428e-01 7.029743192265500706e-01 7.399630514564000672e-01 7.700845778996353586e-01 7.991194159789271056e-01 8.480567352095601530e-01 8.556942624325243330e-01 8.843272013400879095e-01 9.115648786762088340e-01 9.463941057435704129e-01 9.695867833756990350e-01 1.010903405529997467e+00 1.048075836053770749e+00 1.064129568495728151e+00 1.098333215946791563e+00 1.138285916651534890e+00 1.170129453653533824e+00 1.198798108626289771e+00 1.221608074225110085e+00 1.253146024564928629e+00 1.280358327102813831e+00 1.307388488182027020e+00 1.367635816103332402e+00 1.405663571527695277e+00 1.451834027843041497e+00 1.476146459140164291e+00 1.537023861875255415e+00 1.580834456032161661e+00 1.621367481653202880e+00 1.701735168750443394e+00 1.723648472712619339e+00 1.771591852694009317e+00 1.817818684518418326e+00 1.838539043863385514e+00 1.941678324093611296e+00 2.022791353789590296e+00 2.071848228341972575e+00 2.130088892161160707e+00 2.191193388695847233e+00 2.274377101200679707e+00 2.296361777856788855e+00 2.337949004725608404e+00 2.376683594811286326e+00 2.553707303790738958e+00 2.588268391485742281e+00 2.674444493149959357e+00 2.725210051980623494e+00 2.807682732171716822e+00 2.948120004329929156e+00 3.107943898972040486e+00 3.500099011644217217e+00 3.708142537919165260e+00
1.428019728423700063e-01 1.551124105800291142e-01 2.950210990631874086e-01 3.883104371281593803e-01 4.443314959694253385e-01 4.880665387246117537e-01 5.438677112946164183e-01 6.289343986675862697e-01 6.568008455080840413e-01 7.048041650802634450e-01 7.404309171869513095e-01 7.739595817625010143e-01 8.003054029282139492e-01 8.399205916654471915e-01 8.541173507678027077e-01 8.824241529184448929e-01 9.120879704750622929e-01 9.494907847326048422e-01 9.757652583476631447e-01 1.004291199427655767e+00 1.045212119862195088e+00 1.058847738744858713e+00 1.100209577595321786e+00 1.135684942762356986e+00 1.173912800107777654e+00 1.191432583033926962e+00 1.220426132485626258e+00 1.256345100893191180e+00 1.273501817641988776e+00 1.305205996426987314e+00 1.375957878971161508e+00 1.407939042097668958e+00 1.451011188086956949e+00 1.479631557825566324e+00 1.541666882364482571e+00 1.577927981239195088e+00 1.622158311757906812e+00 1.697354454796012213e+00 1.730205910679266434e+00 1.773441336282221004e+00 1.816148233282269597e+00 1.843490139755782131e+00 1.943190809058371604e+00 2.023831402442270111e+00 2.069818867688129949e+00 2.132149292441789967e+00 2.192714605978000719e+00 2.269942156465885041e+00 2.293716711767082916e+00 2.341673958281038193e+00 2.382222208914432926e+00 2.557732188690992281e+00 2.590222692144307892e+00 2.672584544044407373e+00 2.726405824523342236e+00 2.817223006762710646e+00 2.964341713188853422e+00 3.119536167535519766e+00 3.500320404901566373e+00 3.709385525337190348e+00
1.780245336125140521e-01 1.918639211882645912e-01 3.503588152479497064e-01 3.963358396045301157e-01 4.443422270442341504e-01 4.862347135165253631e-01 5.285750990133566418e-01 6.327895352703306608e-01 6.548803957217169680e-01 7.069981039756187968e-01 7.389992126575245512e-01 7.758693307100943404e-01 8.023487473562903594e-01 8.352062103811332960e-01 8.548432468722524380e-01 8.802607763627207094e-01 9.124749619907110976e-01 9.526454518983588082e-01 9.815890864671036331e-01 9.981453253829488670e-01 1.041298975658132342e+00 1.054708493298696759e+00 1.101491419382811365e+00 1.132086701132428486e+00 1.177677026347234035e+00 1.183547251659436084e+00 1.217119507050277383e+00 1.255236480063469662e+00 1.271684548411757376e+00 1.303893938131204688e+00 1.383641945526408179e+00 1.409933825161797882e+00 1.450941308384175343e+00 1.484196751772090650e+00 1.545345966266434168e+00 1.575987065234091267e+00 1.621239472491456057e+00 1.692249723215920376e+00 1.736610358558979827e+00 1.775060497500982715e+00 1.813835238571008812e+00 1.849156568929136712e+00 1.944874097553435321e+00 2.025256578769542681e+00 2.068147741576068732e+00 2.133755121427439505e+00 2.193859201610210086e+00 2.265197892871058105e+00 2.292023565682368869e+00 2.347000690113122179e+00 2.387259640512725767e+00 2.563252328049975048e+00 2.592461033130561976e+00 2.670787187052589218e+00 2.725003406890743829e+00 2.829801711609146508e+00 2.981712921805479422e+00 3.135133015501727183e+00 3.500509701627259940e+00 3.711312953987086605e+00
2.119754145846656224e-01 2.272779214556353566e-01 3.711177276918264378e-01 4.165800560129839236e-01 4.556335280806295684e-01 4.827869113870605355e-01 5.210277074873294056e-01 6.347348846844200754e-01 6.517258032880640650e-01 7.078227287720996186e-01 7.379933048112989891e-01 7.765441537715137565e-01 8.028028660309017850e-01 8.359744980272056925e-01 8.569909603951453292e-01 8.789090309851932403e-01 9.131968544089471562e-01 9.554948628823053403e-01 9.847501961275543225e-01 9.949863430992192947e-01 1.037183385897111121e+00 1.051980404067642594e+00 1.100710076472507737e+00 1.129822154107427590e+00 1.173263008842237110e+00 1.182430242314847169e+00 1.211729401317509724e+00 1.251414315978643943e+00 1.273654259592772675e+00 1.302954035106221431e+00 1.390487118684658130e+00 1.411926010349299432e+00 1.451474874425233708e+00 1.489293731383745767e+00 1.546861723430055457e+00 1.575633145378631417e+00 1.617988248845469546e+00 1.687217991506146486e+00 1.741867594697647625e+00 1.776260150547400052e+00 1.811198092310622343e+00 1.854844563854707751e+00 1.946506268326760658e+00 2.027001724824366136e+00 2.067213220258917072e+00 2.134326563343069694e+00 2.194493615510442641e+00 2.260343880973654240e+00 2.291728815846311829e+00 2.354180858968284884e+00 2.391233318127107932e+00 2.569958955013142976e+00 2.594972786073522997e+00 2.668631721035852333e+00 2.722750954815539970e+00 2.843512506012252139e+00 2.998116620279311473e+00 3.154691565108743490e+00 3.500614063626986905e+00 3.714069327990759284e+00
2.438653615064694802e-01 2.607372119554196566e-01 3.764373025976336384e-01 4.200360244400005993e-01 4.611104968623558342e-01 4.867024046528667380e-01 5.388192049342727108e-01 6.329105219438986296e-01 6.489736909752134020e-01 7.059553609827100562e-01 7.403158757733497852e-01 7.777726907942924539e-01 8.001216603278371586e-01 8.409751592788274888e-01 8.588762294112225470e-01 8.798136954281015054e-01 9.150036750757712944e-01 9.578446109057421332e-01 9.823527222862772357e-01 9.983562028978365532e-01 1.033279425742519297e+00 1.050570555573213438e+00 1.096658425326502817e+00 1.130268417328731623e+00 1.165180934125917167e+00 1.181985793368814708e+00 1.206774169692896415e+00 1.248487734951232220e+00 1.274521677450788815e+00 1.302879349945452736e+00 1.396293179415139640e+00 1.414479301947787704e+00 1.452163106724465136e+00 1.494274385697818452e+00 1.545338588747130260e+00 1.576935580723683783e+00 1.612739816958408623e+00 1.682440187722751501e+00 1.745905511424766798e+00 1.776749003636264534e+00 1.808436584445770157e+00 1.860071522594367810e+00 1.947900896044248764e+00 2.028886820235432875e+00 2.067341157874891255e+00 2.133427969337496677e+00 2.194696468405170187e+00 2.255673341641316831e+00 2.292704132446792720e+00 2.362835491952643530e+00 2.394199456854960495e+00 2.577159842548555790e+00 2.597885265615509365e+00 2.665872305081356419e+00 2.721083220496286259e+00 2.857008472171913116e+00 3.012014277460177247e+00 3.177231388907355569e+00 3.500588772541375349e+00 3.717706587860462264e+00
2.725495246455520437e-01 2.915209100271654585e-01 3.808737967197037277e-01 4.166229291076385399e-01 4.491267869487138853e-01 4.882083173493298456e-01 5.755714899795946193e-01 6.263968666040194977e-01 6.502822197676328964e-01 7.042662235190608744e-01 7.449960156372187337e-01 7.798956127519666159e-01 7.966027352370610437e-01 8.455598455408424030e-01 8.599258421154512000e-01 8.835381720687289775e-01 9.186354633469704378e-01 9.597963983203268157e-01 9.791270313200022279e-01 1.004266428501811026e+00 1.029917663838530784e+00 1.049734607719315038e+00 1.090476895033542393e+00 1.130771705888648837e+00 1.158927872815337601e+00 1.177024714563573049e+00 1.204961734414343733e+00 1.247118959304813979e+00 1.272891369293779107e+00 1.303668503832388748e+00 1.400860135364103032e+00 1.418134427225633543e+00 1.452574181966356237e+00 1.498498435689053609e+00 1.540509890585924246e+00 1.579194248399703904e+00 1.607023817306892255e+00 1.677704077578296538e+00 1.749112736127255596e+00 1.776282877166901475e+00 1.805625082311726803e+00 1.864583878702156028e+00 1.948978020778746600e+00 2.030642326805143227e+00 2.068768366670515668e+00 2.130926033571915124e+00 2.194661257450676306e+00 2.251411993770706665e+00 2.294408300987113236e+00 2.372093966567477175e+00 2.396619448343800141e+00 2.583762372679549113e+00 2.601544408478886794e+00 2.662584088323541209e+00 2.720704500917884516e+00 2.869543340425730893e+00 3.022861448922471883e+00 3.200806133410960541e+00 3.500409364886573726e+00 3.722114968364372611e+00
2.966308883631757487e-01 3.186948254270279834e-01 3.859933651976396596e-01 4.124679831851421619e-01 4.368565617452801475e-01 4.869441985741003176e-01 5.948003550637138703e-01 6.204930941691398916e-01 6.615773919322817109e-01 7.068646337753211606e-01 7.492918927358352965e-01 7.824550421858724736e-01 7.953509688980557879e-01 8.461512698267799060e-01 8.609389564490413926e-01 8.895702341405307134e-01 9.236058385821661609e-01 9.619243269398878304e-01 9.776125216717210797e-01 1.010662659335074265e+00 1.027067934459593213e+00 1.048538858608283775e+00 1.084276744250911806e+00 1.126864141229262151e+00 1.154783202994585034e+00 1.172498567678121217e+00 1.205094417408203222e+00 1.247182592515427402e+00 1.269474491527539106e+00 1.304439414757045723e+00 1.404182859492166813e+00 1.422978056571857275e+00 1.452522927513304918e+00 1.501208197042636749e+00 1.532934235339067364e+00 1.581101725128127855e+00 1.603182793326810129e+00 1.672760478121211758e+00 1.751911541692885876e+00 1.774844727367292485e+00 1.802819297239211194e+00 1.868281414756546077e+00 1.949764428865423227e+00 2.032023295140468200e+00 2.071544052826589155e+00 2.127021413803100724e+00 2.194582374140971126e+00 2.247683762892247028e+00 2.296183030357184407e+00 2.380708571640337112e+00 2.399186029108834273e+00 2.588628490046865238e+00 2.606269978692111078e+00 2.659117024801127549e+00 2.721661318299426036e+00 2.880653227087563995e+00 3.030856038098916461e+00 3.223112270330148466e+00 3.500084919027893093e+00 3.726975830291813452e+00
3.151482610445541788e-01 3.403519319829377832e-01 3.900973135284234727e-01 4.094437531621846760e-01 4.302136392447549196e-01 4.849238087053361901e-01 5.879877245284377274e-01 6.187943410657794630e-01 6.788172612891338886e-01 7.155476554237188980e-01 7.528891586259310875e-01 7.861267531754423388e-01 7.968906369914564580e-01 8.442823218544759367e-01 8.610967656669693548e-01 8.966206488398091867e-01 9.279645114342995882e-01 9.658077865699399300e-01 9.777110540003067785e-01 1.016969734623265120e+00 1.024234273024136277e+00 1.046306195492476165e+00 1.079625438430648732e+00 1.118416417945553798e+00 1.149406320284591665e+00 1.174029338218697038e+00 1.205403265595324624e+00 1.248335063342990825e+00 1.265415854759591729e+00 1.304438448239771509e+00 1.406455459748291226e+00 1.428555623760448201e+00 1.452144882227374145e+00 1.501031359660644382e+00 1.524873658748569394e+00 1.581344431331323186e+00 1.603034658058976936e+00 1.667612140214360661e+00 1.754553452665328583e+00 1.772661864496216211e+00 1.800171769868481375e+00 1.871130590886373346e+00 1.950332914733685419e+00 2.032934662402540837e+00 2.075429242868481072e+00 2.122168840804095957e+00 2.194579443266671426e+00 2.244580227437288134e+00 2.297551040445048542e+00 2.387236939170350958e+00 2.402619599099102388e+00 2.591496146892390051e+00 2.611575370750922165e+00 2.655906775274786025e+00 2.723544909383479151e+00 2.889935932020625486e+00 3.036464061101915579e+00 3.242152879068831428e+00 3.499667210838639519e+00 3.731769130474899665e+00
3.281280242540464132e-01 3.532661052778973132e-01 3.927958559617594769e-01 4.061113579699454079e-01 4.344275421556255679e-01 4.816306065662600000e-01 5.751800165869449533e-01 6.161837227805841977e-01 6.896957939969609042e-01 7.241066523137762445e-01 7.584565246139284289e-01 7.915840824230174766e-01 7.995164637109978267e-01 8.422876276901319903e-01 8.606955940802432092e-01 9.029565438921992593e-01 9.303016306842675220e-01 9.725222705839168258e-01 9.781281939003821924e-01 1.019983044821071161e+00 1.023433543382874733e+00 1.043832026530270296e+00 1.075299361335511517e+00 1.110186258193408992e+00 1.143628666606515853e+00 1.178905020845562701e+00 1.205294738975647872e+00 1.250140779033385163e+00 1.261565175976222752e+00 1.303595418773300540e+00 1.407882993677574301e+00 1.434032620424134707e+00 1.451856749026148696e+00 1.496415040381832595e+00 1.519949104715137445e+00 1.580265993549274217e+00 1.605782220639017988e+00 1.662658436942640039e+00 1.757096765628455071e+00 1.770113907261526620e+00 1.797949510245029581e+00 1.873128339722279323e+00 1.950738050708063831e+00 2.033440837754429520e+00 2.079852695229643444e+00 2.117036914113929136e+00 2.194669896692643007e+00 2.242212316670639360e+00 2.298364260121609881e+00 2.391028709692911480e+00 2.406749143246544431e+00 2.592946684774998900e+00 2.616318370838855767e+00 2.653320503623026738e+00 2.725688311320305868e+00 2.896980305050518290e+00 3.040133018950402111e+00 3.256531490644373417e+00 3.499247460603594373e+00 3.735854089180734139e+00
3.359943940553482000e-01 3.572634402174241219e-01 3.960669838665371034e-01 4.026091178031151463e-01 4.462201404701831020e-01 4.757155973718181219e-01 5.649606192351011025e-01 6.137286196063889143e-01 6.953096268968481652e-01 7.268567624396500282e-01 7.640543302148206095e-01 7.968519644605076557e-01 8.021678468892068370e-01 8.411668766167436084e-01 8.604559571024209541e-01 9.075429672289826444e-01 9.310718597061820034e-01 9.775583692400156011e-01 9.806275396050645465e-01 1.015757370450644848e+00 1.027355512576991536e+00 1.044311121159569922e+00 1.067737692357014101e+00 1.107306051735725827e+00 1.139022853090827070e+00 1.183415135489611858e+00 1.204768608588256074e+00 1.252154111011980042e+00 1.258434284729942787e+00 1.302486188298225489e+00 1.408643085560021824e+00 1.438141748446247981e+00 1.452124684268620403e+00 1.489958189945841616e+00 1.518382438255348799e+00 1.579160628314992598e+00 1.608936070337164459e+00 1.658795181928202300e+00 1.759369487054408987e+00 1.767706219761096209e+00 1.796456167844046048e+00 1.874300062148443802e+00 1.950991600567725470e+00 2.033672526778664835e+00 2.083784016024755825e+00 2.112678281928794810e+00 2.194787206160541793e+00 2.240712409473587741e+00 2.298731324099233309e+00 2.392808463317051437e+00 2.410084266948832266e+00 2.593577257927985436e+00 2.619547115351008149e+00 2.651629458898637548e+00 2.727361149021492182e+00 2.901398567456464850e+00 3.042197913420928046e+00 3.265424259632856874e+00 3.498934619614552322e+00 3.738608455239417427e+00
3.387021960537494047e-01 3.576193436785596313e-01 3.978732103326131364e-01 4.009964368619154396e-01 4.549466844715275848e-01 4.699433389841408126e-01 5.611113828705172057e-01 6.127628450477786703e-01 6.971678789627719919e-01 7.271510342389491122e-01 7.660249873995562675e-01 7.987364086857811074e-01 8.036142051551928844e-01 8.408848751594836246e-01 8.604183388711431624e-01 9.093320409684632066e-01 9.311971788934663152e-01 9.774813434446224525e-01 9.842803493995758712e-01 1.013263908188378526e+00 1.028539064393423796e+00 1.047114996823009347e+00 1.061833576102330090e+00 1.107506778707361805e+00 1.137078645656165454e+00 1.185275086044836224e+00 1.204410975746652124e+00 1.253423829873946405e+00 1.256827941490380462e+00 1.301972033435609077e+00 1.408877929883566527e+00 1.439629588896934598e+00 1.452518632115466168e+00 1.486960469645815408e+00 1.518095209769330767e+00 1.578731586059352265e+00 1.610304323819433669e+00 1.657277556323871526e+00 1.760515297619243524e+00 1.766494032264282810e+00 1.795928597759816725e+00 1.874684384963978934e+00 1.951079301583404257e+00 2.033736652026234548e+00 2.085498011766407700e+00 2.110821440545776362e+00 2.194840289905425124e+00 2.240196677640736045e+00 2.298827503607959066e+00 2.393327325427936803e+00 2.411334790036026021e+00 2.593747324246278296e+00 2.620690404344393709e+00 2.651036573898268855e+00 2.727991212317009584e+00 2.902906336349640348e+00 3.042863217509131690e+00 3.268427722766820587e+00 3.498818662572160232e+00 3.739581366634110893e+00
2.214466891056468822e-01 3.447067814643798300e-01 3.980971487674033749e-01 4.260786981413323127e-01 5.080621423409357185e-01 5.449817283006775925e-01 5.593497493764909567e-01 5.921283468568062647e-01 6.034385088669126374e-01 6.638691959268677723e-01 7.070578397447232488e-01 7.532807647892373337e-01 8.105592164735758720e-01 8.166750926862912374e-01 8.735758138766660519e-01 8.881967918294229047e-01 9.025165911510751870e-01 9.238960652335228563e-01 9.596149378128820961e-01 1.005419468233899494e+00 1.027943842687208287e+00 1.092181235149833229e+00 1.114272023391729149e+00 1.137987453238698876e+00 1.167381360480532759e+00 1.209697248661716351e+00 1.291997695499036203e+00 1.295185057280366037e+00 1.318103414199036649e+00 1.372282075109592991e+00 1.402407284075870120e+00 1.409650232348013121e+00 1.436002894661006168e+00 1.479997634137816265e+00 1.513531879307799644e+00 1.556280546895232986e+00 1.590547834222612034e+00 1.632739824393788286e+00 1.690612462074224442e+00 1.754570287916635607e+00 1.819245190902789799e+00 1.907545824307419924e+00 1.951923272548164112e+00 1.991939038944895879e+00 2.068867419483090053e+00 2.116919681503266482e+00 2.177606719015006576e+00 2.244259476397470809e+00 2.295841612842541402e+00 2.444114933461661199e+00 2.484436200686219287e+00 2.588531428508801469e+00 2.682097927593642073e+00 2.769042075769442945e+00 2.789736562876819814e+00 2.864276710543184556e+00 2.955291716969415727e+00 3.121040485357362115e+00 3.566548448972394869e+00 3.722328322114017762e+00
2.197901509817064003e-01 3.461827494048335119e-01 3.988167786582557106e-01 4.279983127008363253e-01 5.074945784481109667e-01 5.424571953771720745e-01 5.552618269877493962e-01 5.911743564723220823e-01 6.064444242501042526e-01 6.651459002192446901e-01 7.096541064536827648e-01 7.528363700933331515e-01 8.106391870494902285e-01 8.159240591536253140e-01 8.712228152895925559e-01 8.861004218304366908e-01 9.040998994122311228e-01 9.230782214002942743e-01 9.628273181545201620e-01 1.005627904151284779e+00 1.027242946587145322e+00 1.092136982986772420e+00 1.112455441464593742e+00 1.139227744898434924e+00 1.167000093718945530e+00 1.210494220510940577e+00 1.288758879469433793e+00 1.296485974219705462e+00 1.318515838124647788e+00 1.371613097767246048e+00 1.398266278504827431e+00 1.412558709231191756e+00 1.435620363473777417e+00 1.481124188511590889e+00 1.513634926247511725e+00 1.556723387558547556e+00 1.591108929115959469e+00 1.634327351395537642e+00 1.691684726375675796e+00 1.754204215822696256e+00 1.819151386020895433e+00 1.907327901071248943e+00 1.951486153413324320e+00 1.992348264378432710e+00 2.068739038669055841e+00 2.117116428590891442e+00 2.177651919394139934e+00 2.244490307795835360e+00 2.296373813258107965e+00 2.444576094631130125e+00 2.482735965467699035e+00 2.588472365257695973e+00 2.680694174781608652e+00 2.765097727533425864e+00 2.790445207179781395e+00 2.862182554061325490e+00 2.957373585218188161e+00 3.120799020978015204e+00 3.566053684819166847e+00 3.722747315979210381e+00
2.157232770259231436e-01 3.498360559672297199e-01 4.000451412856658728e-01 4.337373501693185807e-01 5.053574374815750225e-01 5.333445010122445096e-01 5.502799131942760491e-01 5.859001033061161934e-01 6.138087069865332257e-01 6.686957767593814106e-01 7.166124610222598390e-01 7.518464163295156544e-01 8.084905774011018620e-01 8.160002863619937319e-01 8.654235433459565030e-01 8.808459277194615744e-01 9.071764289083317223e-01 9.210605797966798791e-01 9.711536333728010284e-01 1.006262834688682384e+00 1.025709531910466987e+00 1.091625316434794879e+00 1.107835799408507516e+00 1.142083648856667022e+00 1.166158901067437359e+00 1.212552432327733909e+00 1.282946015690306529e+00 1.297453045448953235e+00 1.319284151851425557e+00 1.369412016266152943e+00 1.390569271792186701e+00 1.416705283688324934e+00 1.434965526788623214e+00 1.484308334594345968e+00 1.514071353206956516e+00 1.557885557606629723e+00 1.592654653937358944e+00 1.638534630036725170e+00 1.695059664856482406e+00 1.753155446813604801e+00 1.818852565500639118e+00 1.906742403383886453e+00 1.950158266139904395e+00 1.993530896574495559e+00 2.068353757986628683e+00 2.117707488012873007e+00 2.177733331024779950e+00 2.245208596231680787e+00 2.297935695161103187e+00 2.445797774472155517e+00 2.477934107436443156e+00 2.588238855219061385e+00 2.676691266508752332e+00 2.754893796762432068e+00 2.791059366860429325e+00 2.856852700436722348e+00 2.962538484768034497e+00 3.120109301720983108e+00 3.564587990416792529e+00 3.723910944648869847e+00
2.111749832042962571e-01 3.538512015483567530e-01 4.005936246930366096e-01 4.415138043669534218e-01 5.004917679416684972e-01 5.218538708511459845e-01 5.475301412385183975e-01 5.782004804269185172e-01 6.211976785566110104e-01 6.734764920458130577e-01 7.260257486372395652e-01 7.512445665172257092e-01 8.024385561069546924e-01 8.183489364507839925e-01 8.581637998112972010e-01 8.734824095494340135e-01 9.100373892148458932e-01 9.189156750128010254e-01 9.814423256965008058e-01 1.007786373949173919e+00 1.024477338993585507e+00 1.089569104879946293e+00 1.102108146226670637e+00 1.145267819463526848e+00 1.165398169594591193e+00 1.215138851575705115e+00 1.276704354369409655e+00 1.297603483031917193e+00 1.319906937238190192e+00 1.365019275001697840e+00 1.382291323687864226e+00 1.419451810551858095e+00 1.435455039473134020e+00 1.489061746840013800e+00 1.515167944838277769e+00 1.559364780785675864e+00 1.594949789061758549e+00 1.643920853018741912e+00 1.701061109036326346e+00 1.751602473493742762e+00 1.818308735963978906e+00 1.905954454322710045e+00 1.947857670733285973e+00 1.995419317044284879e+00 2.067719169441068594e+00 2.118692309631912352e+00 2.177733691389952764e+00 2.246447026022502236e+00 2.300436435010044800e+00 2.446906514215336781e+00 2.471270218685437836e+00 2.587683943504817563e+00 2.670607644066914865e+00 2.740500940566652055e+00 2.789768823609842574e+00 2.850257865771043786e+00 2.968611399572676390e+00 3.119066466443205954e+00 3.562204004238487265e+00 3.725557235679354040e+00
2.078172508754333181e-01 3.561510498991851126e-01 4.003650745015112089e-01 4.457848582384357217e-01 4.930460044863983482e-01 5.140321159796242823e-01 5.456183085985810699e-01 5.712538009009279216e-01 6.272871369596697555e-01 6.776876905984865473e-01 7.358448352689073158e-01 7.521544994720178456e-01 7.938847901411372199e-01 8.210691639838397782e-01 8.501512195411754513e-01 8.658039481406424320e-01 9.112080956307034851e-01 9.187830210946136278e-01 9.893983416377273299e-01 1.011847685505999683e+00 1.024203323641738939e+00 1.084139587870012633e+00 1.098058590535352597e+00 1.147958731635287943e+00 1.164944122922434433e+00 1.217584772034500995e+00 1.271096158250914154e+00 1.296712532178931676e+00 1.320637107641706276e+00 1.357823609074523707e+00 1.375390661812860182e+00 1.419889986490426192e+00 1.438022646055379550e+00 1.494598103614397155e+00 1.517441710242312336e+00 1.560636838975444363e+00 1.597980620794238638e+00 1.648860406628269715e+00 1.709641853488740981e+00 1.749965255506222395e+00 1.817493748896486183e+00 1.905126281398837662e+00 1.944421145167189557e+00 1.998037112698820117e+00 2.066870779043981976e+00 2.120062203686761571e+00 2.177557835561272803e+00 2.248165679131625794e+00 2.303753468653869874e+00 2.444679229521558028e+00 2.466442263768577892e+00 2.586605249493021397e+00 2.663023439020928862e+00 2.723270935898771672e+00 2.785634274476769701e+00 2.844145476714734055e+00 2.973779476374438513e+00 3.117802185328807596e+00 3.558980250413115609e+00 3.727307928685391403e+00
2.064113043263967329e-01 3.549318121477404997e-01 3.992665624033821525e-01 4.405058994264375860e-01 4.850208490578350462e-01 5.116045074651126567e-01 5.447601398639211334e-01 5.677604588307076927e-01 6.322186169372429054e-01 6.798749071457642623e-01 7.440884172017858678e-01 7.549116179949088012e-01 7.838128185557761141e-01 8.226054685000800948e-01 8.416021447013898316e-01 8.607597713152772556e-01 9.112198706106576784e-01 9.212292738522158686e-01 9.926843316292204289e-01 1.016934444502891610e+00 1.025977295762570796e+00 1.075643331121078017e+00 1.097462882789926431e+00 1.149581201589011004e+00 1.164641104148809392e+00 1.219593232605851618e+00 1.266473307937726389e+00 1.294277474706409414e+00 1.322003770228029618e+00 1.349002750174198795e+00 1.370083790119052569e+00 1.419211443989813137e+00 1.441551415819833037e+00 1.499870738858996466e+00 1.521405058701245094e+00 1.561204332697024411e+00 1.602019579026982887e+00 1.652360819556788929e+00 1.719529289361056756e+00 1.749233843856044857e+00 1.816452291403428232e+00 1.904300201517858060e+00 1.939722178786516871e+00 2.001518024482443536e+00 2.065895360600719322e+00 2.121792502763142352e+00 2.177168345671363969e+00 2.250232233557636352e+00 2.307740073862011521e+00 2.435603878665621558e+00 2.467372759755595890e+00 2.584735744666390111e+00 2.654322680206836704e+00 2.704388507328614466e+00 2.778591835046783753e+00 2.839352691431496822e+00 2.977027443877221291e+00 3.116451879582943896e+00 3.555011443696429740e+00 3.728747202157651319e+00
2.066942142514159864e-01 3.489989777519605929e-01 3.960786041493000731e-01 4.280681014967032127e-01 4.750078802060314076e-01 5.120966873875721914e-01 5.450656606069967935e-01 5.699883094485648227e-01 6.360000895142668975e-01 6.802967091333557148e-01 7.461698482432266299e-01 7.592787726608244414e-01 7.754359705148080595e-01 8.206768720310069209e-01 8.357950972556714708e-01 8.598794789103613168e-01 9.127884821999702192e-01 9.243249225735697960e-01 9.932566577908227279e-01 1.016022056055930545e+00 1.031281062644923585e+00 1.067364631498393557e+00 1.100126837517046763e+00 1.149768050403026320e+00 1.164202675457124414e+00 1.221314578515912075e+00 1.262478450141240938e+00 1.290296639547115376e+00 1.323577879251615963e+00 1.341001798517702293e+00 1.365503989557736553e+00 1.418698988417264495e+00 1.444851576899816470e+00 1.504392078874686067e+00 1.526497595169397314e+00 1.561060297161883215e+00 1.607297556080584000e+00 1.654269564470253639e+00 1.727488752315532228e+00 1.751647220887045941e+00 1.815367487790884526e+00 1.903283797586615478e+00 1.933923188823663208e+00 2.006000521002269110e+00 2.064951752501812177e+00 2.123833128439657436e+00 2.176552040786900566e+00 2.252482407085959704e+00 2.312201213178510795e+00 2.422413747736738898e+00 2.471456017027421570e+00 2.581661884889034919e+00 2.644525211410234444e+00 2.685359016174751812e+00 2.769652818457826182e+00 2.835602538509136128e+00 2.978024592970053508e+00 3.115119659873992752e+00 3.550401483449172613e+00 3.729510279088351421e+00
2.074113530743649791e-01 3.377248987188996021e-01 3.883311225862974836e-01 4.150643016995655965e-01 4.645251771126167051e-01 5.101285685052547869e-01 5.443944641040758814e-01 5.791826914361732914e-01 6.383363192175630640e-01 6.804574188555477798e-01 7.376097213588856949e-01 7.630503430791453212e-01 7.744625990872936461e-01 8.159907186437990179e-01 8.350053896850390123e-01 8.628967809816692203e-01 9.165787615639053865e-01 9.273164483238264255e-01 9.919969110557819159e-01 1.010896000568492159e+00 1.033963161913388662e+00 1.062771892369378524e+00 1.105477698783679186e+00 1.148545826536089942e+00 1.163515643512780917e+00 1.223092794417137918e+00 1.258254969238882914e+00 1.285622196922966642e+00 1.322737027248106934e+00 1.336957061298305049e+00 1.361124907111262106e+00 1.418760444673774490e+00 1.447563904234720589e+00 1.508704324957283127e+00 1.530356712623983428e+00 1.561243842860663644e+00 1.613591659446297344e+00 1.654966978926779353e+00 1.730631399769813061e+00 1.758717857158180520e+00 1.814618741822009218e+00 1.901501711739924660e+00 1.927768288999704094e+00 2.011470056282104402e+00 2.064296207684239270e+00 2.126095733366859974e+00 2.175680347524289626e+00 2.254799610433639856e+00 2.316832292588434150e+00 2.407891944709918963e+00 2.475483654722137050e+00 2.576744805070428246e+00 2.633462804635940735e+00 2.668403406958267610e+00 2.760383695082556876e+00 2.832019255126998480e+00 2.976908486021702771e+00 3.113848108258515879e+00 3.545262237928667126e+00 3.729359103663013375e+00
2.061971196770960857e-01 3.211770598785019804e-01 3.747168894173415477e-01 4.053170756311465506e-01 4.570658620315472542e-01 5.018508737977310785e-01 5.430359734466282395e-01 5.922416315405347742e-01 6.395500615749712958e-01 6.809666392396585000e-01 7.256976154020409187e-01 7.635382330108155813e-01 7.776854024880338612e-01 8.139503142048963857e-01 8.366793576615001449e-01 8.688626676167924279e-01 9.213399692263312124e-01 9.305861067457953384e-01 9.872708967353031051e-01 1.005678268756023730e+00 1.031272170622377748e+00 1.063250602478877704e+00 1.111628319796986064e+00 1.146447555874630986e+00 1.162968348153754716e+00 1.224975219048612507e+00 1.252992216625851585e+00 1.281398418766650948e+00 1.318239742346945187e+00 1.337775842647007662e+00 1.356665709668841258e+00 1.419246494705374895e+00 1.449769723263931498e+00 1.513362289758446444e+00 1.530545826447657909e+00 1.563154672932415279e+00 1.620043330554816974e+00 1.655215230693722894e+00 1.730844315086713214e+00 1.767076041887090110e+00 1.814752157606898342e+00 1.897936842744690322e+00 1.922665803767463766e+00 2.017607772182529846e+00 2.064325404123289243e+00 2.128431925022738369e+00 2.174532326643006996e+00 2.257154343652976625e+00 2.321106413430909399e+00 2.393507427865031012e+00 2.476711956428836459e+00 2.569514958426534879e+00 2.621925732287826882e+00 2.655640721632499979e+00 2.752179552020063813e+00 2.827773815938874336e+00 2.974073816699452699e+00 3.112602717720491796e+00 3.539718453005125109e+00 3.728224240209634832e+00
1.993345592087383544e-01 3.001908545896256886e-01 3.595106757497763539e-01 3.981501014726618326e-01 4.537272725998502954e-01 4.850439650887802268e-01 5.432394318984501425e-01 6.043796330841971765e-01 6.413302308464199353e-01 6.807608579031443341e-01 7.180809524633847696e-01 7.628369931654317426e-01 7.795790516738440035e-01 8.161221823953924703e-01 8.399041218380407514e-01 8.765313196649876515e-01 9.239347321558903925e-01 9.359376281481460724e-01 9.788988746908567906e-01 1.002763087968874700e+00 1.025747976246815796e+00 1.066274048424448173e+00 1.115798070265353381e+00 1.144457913401118576e+00 1.163409320462589269e+00 1.226391224343585939e+00 1.246731775644649654e+00 1.278235300603888680e+00 1.313136980815956978e+00 1.339980095822629336e+00 1.351970264696091384e+00 1.419800136669392199e+00 1.451586889901101074e+00 1.517311166216068541e+00 1.528295804650004142e+00 1.566276841435173761e+00 1.625145931979391722e+00 1.656306157943284729e+00 1.730384504588256878e+00 1.773270556959039457e+00 1.816137774495286461e+00 1.891933678458504575e+00 1.919779172895423658e+00 2.023674125595173567e+00 2.065601632854228153e+00 2.130586599306730111e+00 2.173209966144409311e+00 2.259591844513998637e+00 2.324077393158477278e+00 2.380537739109364725e+00 2.471893583111142156e+00 2.561233425219406445e+00 2.612071972461885938e+00 2.647459930754712865e+00 2.745922275595929385e+00 2.822386830111206280e+00 2.969983569996281769e+00 3.111280760042334670e+00 3.533915771129362948e+00 3.726203148097785522e+00
1.826445600742039876e-01 2.756974596763076546e-01 3.495226948321033533e-01 3.912011339468067783e-01 4.472081029806319052e-01 4.674167449254092443e-01 5.454805708441538004e-01 6.120259733403072833e-01 6.452435896161491380e-01 6.800967495635508175e-01 7.166709792618697339e-01 7.623148914837685197e-01 7.808185375434051334e-01 8.199566192072333948e-01 8.446721471213544108e-01 8.847624233657584991e-01 9.227442757922710292e-01 9.431981632197170562e-01 9.708992272290771774e-01 1.000475884102944857e+00 1.020422994841529984e+00 1.069467220293667031e+00 1.116291030122680272e+00 1.143169788976324375e+00 1.165451374636970350e+00 1.226116869117851893e+00 1.240721428857581632e+00 1.275988784440824420e+00 1.308958913021065262e+00 1.341372763058309436e+00 1.347444736202293214e+00 1.420174173091176772e+00 1.452860697076063135e+00 1.514954693175764033e+00 1.530716308604200382e+00 1.568784722983037616e+00 1.627338713008616544e+00 1.659740866194513664e+00 1.729981708893224779e+00 1.776325829990939464e+00 1.818338241551638923e+00 1.884208270092264215e+00 1.918869467167614529e+00 2.028615355017686195e+00 2.068644633251568443e+00 2.132118708036158772e+00 2.172129316513754738e+00 2.262187740185708229e+00 2.324188090975338739e+00 2.370584834169638722e+00 2.458907301002826618e+00 2.554941272197229996e+00 2.604875370450741023e+00 2.643228908269353639e+00 2.741920805803172101e+00 2.815824223561873119e+00 2.965026236117231484e+00 3.109746658750928372e+00 3.528026435592695798e+00 3.723520081610720123e+00
1.547062681218100144e-01 2.484387572441618397e-01 3.473687402276741110e-01 3.796723706856245939e-01 4.243845550176182368e-01 4.678394299239526100e-01 5.494046870002498029e-01 6.152091299172104399e-01 6.494170283322768800e-01 6.816364317918639504e-01 7.191134802672234372e-01 7.621862137051298447e-01 7.833388635907434505e-01 8.230961915404458873e-01 8.505362399918344751e-01 8.926478862576638917e-01 9.187951119180221005e-01 9.492289762235512907e-01 9.665800012836249788e-01 9.979303429293120420e-01 1.017455695554896344e+00 1.071784937098462676e+00 1.114034393092164787e+00 1.142101897119880194e+00 1.168507040051393053e+00 1.222915592941892893e+00 1.236644164538613477e+00 1.274119872898817896e+00 1.306105889121654817e+00 1.338685270002568872e+00 1.345975814284171124e+00 1.420337398279381214e+00 1.453163755096276377e+00 1.507639495575196609e+00 1.537324970639595945e+00 1.569550420437601401e+00 1.626636176447382010e+00 1.665769625320282943e+00 1.729633020277718147e+00 1.776886366621603708e+00 1.820234183157840357e+00 1.875882459465723517e+00 1.919174119272805790e+00 2.031672089712947660e+00 2.073246030885236735e+00 2.132409159794740106e+00 2.172119954280254284e+00 2.264997961923067571e+00 2.320010589437850435e+00 2.365047659801115199e+00 2.439594485318313133e+00 2.551633576638168588e+00 2.599754902244961308e+00 2.642421655881916465e+00 2.739919502552242481e+00 2.808534494455773078e+00 2.959452178061903194e+00 3.107884238386377174e+00 3.522247274361537173e+00 3.720464920758839167e+00
1.181678030733356866e-01 2.189316156061766605e-01 3.368354939846006646e-01 3.672150208692624429e-01 4.088023414056614069e-01 4.742756663828254227e-01 5.549723774578689817e-01 6.162381366217460910e-01 6.513212239092406319e-01 6.858366701499886142e-01 7.234059816557721900e-01 7.621561510713199539e-01 7.873490769730063787e-01 8.254120911201321409e-01 8.563981886184963699e-01 8.990465697312067794e-01 9.145456758597581004e-01 9.507594012472964096e-01 9.658242374661119012e-01 9.972718302028715787e-01 1.017791238440023616e+00 1.072929976001378405e+00 1.110844778432200641e+00 1.140827239813029248e+00 1.171153767430460624e+00 1.217824389241245475e+00 1.234208937426322095e+00 1.272001373048718298e+00 1.304450540490304622e+00 1.332990080945255729e+00 1.346676949965574632e+00 1.420222533460699044e+00 1.452205321820152939e+00 1.499294529409582077e+00 1.543952904112237512e+00 1.568822558023979852e+00 1.624479128105156933e+00 1.673412933349711196e+00 1.728977608376181418e+00 1.775904860382621742e+00 1.821045861653024289e+00 1.867552627352367045e+00 1.920358337697709139e+00 2.032885726164328943e+00 2.078019301174353295e+00 2.131114616343227741e+00 2.173991151682050926e+00 2.268026353077905011e+00 2.312389383443442803e+00 2.363236504965487317e+00 2.418187788032661878e+00 2.550000976786048756e+00 2.596007272171181768e+00 2.644567324399231367e+00 2.739066169193110856e+00 2.801472762504824576e+00 2.953400350488860404e+00 3.105648562524567780e+00 3.516787650629583872e+00 3.717332066447990968e+00
7.638721854061077121e-02 1.873486413488964775e-01 2.947790928479195327e-01 3.767599381895340716e-01 4.028575802341973211e-01 4.812055536379555298e-01 5.622907188812901191e-01 6.163844346789340012e-01 6.516582328554417769e-01 6.903877108364994131e-01 7.285251175681011215e-01 7.622036014540717330e-01 7.911906977853599976e-01 8.284702651763758974e-01 8.611676504842142865e-01 9.012458122138112815e-01 9.141558785288728117e-01 9.476076966409582303e-01 9.653496289778190631e-01 1.000544140483299094e+00 1.021547372401515164e+00 1.073149177922551933e+00 1.107753917670436961e+00 1.139368966541377981e+00 1.172391292163177390e+00 1.212944983161523105e+00 1.232102028675783778e+00 1.269173333586919084e+00 1.303185265664519310e+00 1.327300889900411507e+00 1.347275411031960246e+00 1.419280884212328342e+00 1.450438822294574770e+00 1.491255320064089007e+00 1.547381074931954315e+00 1.569052824721421269e+00 1.622084286334486647e+00 1.681732283724298727e+00 1.727505923755819239e+00 1.774056326716256793e+00 1.820804686357452740e+00 1.859390514052384313e+00 1.922498469264450671e+00 2.032680931963715576e+00 2.081141862628188566e+00 2.128880307935674843e+00 2.177629486750066512e+00 2.271226692442947837e+00 2.304087373702527142e+00 2.362897845541298114e+00 2.398053753009309119e+00 2.549023922884293469e+00 2.593125072297067124e+00 2.649102721484147605e+00 2.737909429548152751e+00 2.796047895765318980e+00 2.946989398315851716e+00 3.103100449551620343e+00 3.511850056135540132e+00 3.714375544655150296e+00
2.494528682721184124e-02 1.537677403218949690e-01 2.423746114763894177e-01 3.905727597614174207e-01 4.019256271508460099e-01 4.866692893979171486e-01 5.710637103683857685e-01 6.158721450061492853e-01 6.518340086198046723e-01 6.939325720109865703e-01 7.331190056998830862e-01 7.624328144295587917e-01 7.934424018282829616e-01 8.338402880705696463e-01 8.644213942335129408e-01 8.992316221824706579e-01 9.175810815400866627e-01 9.418140584935988935e-01 9.642388644445021306e-01 1.006304058183629335e+00 1.028036066626161205e+00 1.073026040318968199e+00 1.104945932848174994e+00 1.138031484506758506e+00 1.172046408405021278e+00 1.209296534896060704e+00 1.229812511726119384e+00 1.265374054428238360e+00 1.300804912850524575e+00 1.323426963312426263e+00 1.347492479514287966e+00 1.416444255241386951e+00 1.449310780889887074e+00 1.484337476159999891e+00 1.545186882012348217e+00 1.572857517724926879e+00 1.620051978245043101e+00 1.689944117405112411e+00 1.724855463827469348e+00 1.771873233843694440e+00 1.820037025036722378e+00 1.851517449942399418e+00 1.925745947967694827e+00 2.031313394113509307e+00 2.081610332484423509e+00 2.126997245600378506e+00 2.181848024874580183e+00 2.274530335306399920e+00 2.297655883792970588e+00 2.361818678789056047e+00 2.381339388344508201e+00 2.548490457670446130e+00 2.590738605666782934e+00 2.655401624587508724e+00 2.734863107815724170e+00 2.793611302831869647e+00 2.940429710711946143e+00 3.100413334266645560e+00 3.507610037243902301e+00 3.711786715489456157e+00
-4.240418187888168183e-02 1.184021268659685711e-01 1.859432523955350802e-01 3.929304026079733503e-01 4.144700008996922147e-01 4.895351047763931707e-01 5.802306573135904699e-01 6.146941334054342176e-01 6.525950423969086867e-01 6.966154988677928372e-01 7.355461437327842633e-01 7.627886867803425064e-01 7.948897850063698645e-01 8.409862978628535046e-01 8.667479082553147807e-01 8.962889268238851681e-01 9.189844647818784518e-01 9.372120245837132213e-01 9.628299715867576491e-01 1.012748200178190006e+00 1.035441916346474756e+00 1.073220987459699183e+00 1.102001634245216799e+00 1.137399738935518378e+00 1.170430014831843168e+00 1.207275579325665760e+00 1.227331254201069699e+00 1.260271611447149276e+00 1.296660818932126924e+00 1.322531191091219416e+00 1.347360767117385283e+00 1.411461220051566379e+00 1.450002921648526844e+00 1.478993997671939509e+00 1.539783086107208376e+00 1.578297877654793346e+00 1.618675039427777129e+00 1.697040554321790129e+00 1.721334561003981189e+00 1.769891803517315232e+00 1.819267999293771920e+00 1.844265203514924956e+00 1.929961893246899818e+00 2.028871870330598792e+00 2.079997456723254867e+00 2.126135229515261571e+00 2.185252767199148405e+00 2.277783888725755546e+00 2.294707345791632047e+00 2.356218147737774160e+00 2.371443762083039530e+00 2.548444574056545786e+00 2.588659990949622625e+00 2.662810234824857236e+00 2.729360184692206204e+00 2.794323530375753872e+00 2.934119063208412204e+00 3.097850515085905698e+00 3.504202581440880149e+00 3.709692128234476804e+00
-4.730012525434367648e-02 8.159053458807934145e-02 1.277392691173686312e-01 3.905961200375904219e-01 4.310913313653256806e-01 4.893693986895729653e-01 5.881760228262810086e-01 6.131203928988055996e-01 6.540608722902651051e-01 6.988881402983891933e-01 7.351140651164891349e-01 7.631905835132626326e-01 7.967297248342286586e-01 8.477108643705670854e-01 8.696222435442512166e-01 8.932115718137852989e-01 9.147005148921831807e-01 9.373998587694252205e-01 9.614254411757316987e-01 1.018548165923698123e+00 1.041990097473098897e+00 1.074275861587872249e+00 1.098445527615443895e+00 1.137852964312952242e+00 1.167976703507057845e+00 1.207147720788181333e+00 1.225030645289784559e+00 1.253700993777521422e+00 1.292475936745302700e+00 1.323674402124495719e+00 1.346998532568916218e+00 1.405898075599403274e+00 1.451986036630813492e+00 1.475367392439361991e+00 1.534078687893907222e+00 1.582995293517369229e+00 1.618099687650134566e+00 1.701457412947526171e+00 1.718523497977443970e+00 1.768497501298265329e+00 1.818766140461883785e+00 1.838209045275315479e+00 1.934484112927506105e+00 2.025704937115830884e+00 2.077838010040121919e+00 2.126027721389770697e+00 2.187178481427660248e+00 2.280469976180213187e+00 2.295760658861026648e+00 2.345646130214734004e+00 2.368651158776161836e+00 2.548794417382034716e+00 2.586914036357678359e+00 2.670543743815106730e+00 2.722345651829678914e+00 2.796827073826350318e+00 2.928686768610437863e+00 3.095717748874339925e+00 3.501718772850229033e+00 3.708164468249221635e+00
-3.999693258603858464e-02 4.311840809190207319e-02 7.004238976734798727e-02 3.885614601798682011e-01 4.446339918611382225e-01 4.868208630280376759e-01 5.934208381233972984e-01 6.117716201923771857e-01 6.556720807115961058e-01 7.007553331342040170e-01 7.330712836665560506e-01 7.635682987678099609e-01 7.985716905909874264e-01 8.518964200440516388e-01 8.743083545990607552e-01 8.897397336348014107e-01 9.087389019725998773e-01 9.394292955729413030e-01 9.603757048052748990e-01 1.022483893616658701e+00 1.046478745540097455e+00 1.076209881371607890e+00 1.094676349693996409e+00 1.138895140014721585e+00 1.165508482941478574e+00 1.208564093831242969e+00 1.223478018828504821e+00 1.247057895949538198e+00 1.289882257571412838e+00 1.325194267407605819e+00 1.346598923262178005e+00 1.401740221215227011e+00 1.453855257097743214e+00 1.473414295521598749e+00 1.529833483703721519e+00 1.585938719437310462e+00 1.618151202983753700e+00 1.702260413824675300e+00 1.718062100210171028e+00 1.767760010925384151e+00 1.818558359820565462e+00 1.834077396597589171e+00 1.938122705852201033e+00 2.022829599921861732e+00 2.076295454718306566e+00 2.126171079234189687e+00 2.187901409785404372e+00 2.282028365161512085e+00 2.299594676285871664e+00 2.335944001339457454e+00 2.367895931316991387e+00 2.549244219565183656e+00 2.585696809582632927e+00 2.677259854905473802e+00 2.715783783447975441e+00 2.799278345980672711e+00 2.924929933605525445e+00 3.094301157194999874e+00 3.500211694131390328e+00 3.707239001538880085e+00
-1.540082219356731744e-04 -1.165258298076968262e-04 3.889533028297722811e-08 3.877833993137486668e-01 4.503586334567353799e-01 4.849346515897867138e-01 5.952148066144846705e-01 6.112504786725269090e-01 6.563973975842860575e-01 7.015565517553478125e-01 7.319253089013577629e-01 7.637325969632036138e-01 7.993423444790384025e-01 8.531586170171039374e-01 8.780643179671913101e-01 8.868938228226680431e-01 9.061475898445733312e-01 9.403495074225645123e-01 9.599824469891889978e-01 1.023852290974907930e+00 1.048080261574182215e+00 1.077464729091138773e+00 1.092757640260156204e+00 1.139439425684724894e+00 1.164415155457293682e+00 1.209587370586352018e+00 1.222980500289799322e+00 1.243984661462423036e+00 1.289069479261644169e+00 1.325859700848000200e+00 1.346418947409777855e+00 1.400224682217287464e+00 1.454578741217120053e+00 1.472844585662783867e+00 1.528254411894184095e+00 1.586910162978452554e+00 1.618281702112754239e+00 1.701903324382116889e+00 1.718395396835534994e+00 1.767543613910836919e+00 1.818521272703699454e+00 1.832588000157333363e+00 1.939544212122142008e+00 2.021640317655542862e+00 2.075766415842328794e+00 2.126250881432218076e+00 2.188045253396775358e+00 2.282508903160166192e+00 2.302079374113606747e+00 2.331619247952638752e+00 2.367706938668402650e+00 2.549446580991832967e+00 2.585253140355905366e+00 2.680239815154024985e+00 2.712811972663385696e+00 2.800269610615905957e+00 2.923576211436449412e+00 3.093804367559706225e+00 3.499706899589252185e+00 3.706929430555458094e+00
3.413439150334809241e-02 4.525663223847731925e-02 7.841349011614441589e-02 3.879948162254812094e-01 4.511694385460716661e-01 4.846389018847221397e-01 5.884662340368094213e-01 6.160485309671647203e-01 6.565641353893304499e-01 7.005398899685977288e-01 7.331487094141394545e-01 7.643749189797032217e-01 7.979043939352739034e-01 8.541212797049688721e-01 8.736597354269319826e-01 8.871516030392614383e-01 9.087433250266112594e-01 9.411903897729718693e-01 9.594696820900228129e-01 1.023287819019052858e+00 1.049088010027998008e+00 1.074552698749853485e+00 1.094086650479922040e+00 1.137473987799793029e+00 1.165830597279367886e+00 1.207971454068061279e+00 1.223977078810615682e+00 1.245589362321533500e+00 1.289389744539346072e+00 1.318136357996681829e+00 1.350445344976906048e+00 1.401892339381774377e+00 1.454344018611066103e+00 1.472776350680717661e+00 1.530078373506331690e+00 1.588181683137333433e+00 1.619298849245219829e+00 1.703623375332663503e+00 1.718079627222580674e+00 1.768431149246729506e+00 1.818886658389258448e+00 1.832845471303111040e+00 1.939727226473811683e+00 2.021563098117755697e+00 2.075439059723289681e+00 2.125874169452284246e+00 2.188317402845474824e+00 2.280966546310713827e+00 2.300856087468470701e+00 2.330731838928647992e+00 2.370110854482834650e+00 2.552184642178759511e+00 2.586398405815125479e+00 2.681501360146242963e+00 2.714690795148126501e+00 2.800490274071121721e+00 2.924140347314705846e+00 3.095045472419415855e+00 3.499647906524202767e+00 3.707007310327072425e+00
6.917252355870451286e-02 8.947670479345430639e-02 1.556604488611748327e-01 3.889045385537984179e-01 4.533682055025884949e-01 4.837320139686799303e-01 5.771657734935625728e-01 6.215551213702542599e-01 6.571389475447870776e-01 6.985069797264643610e-01 7.351214035728524943e-01 7.665586107145251349e-01 7.943574039950612731e-01 8.566264274735330142e-01 8.658156670569221447e-01 8.847466747690794220e-01 9.134144069544830602e-01 9.437690206126272408e-01 9.589774510110598005e-01 1.022344109878217333e+00 1.050229211726911416e+00 1.068623519672907696e+00 1.096977626077507484e+00 1.133715583792427095e+00 1.167702125348463404e+00 1.204395777835354453e+00 1.226502835153981508e+00 1.248123832663282196e+00 1.290091672508331344e+00 1.305237267011075009e+00 1.354753488958555963e+00 1.406121704599334388e+00 1.453712638801080148e+00 1.473051934537023211e+00 1.535123217527613493e+00 1.589767991363820521e+00 1.622968313999098910e+00 1.706806065514651305e+00 1.719937185942512325e+00 1.770428966296768269e+00 1.820241734689151514e+00 1.833818133260675109e+00 1.940311079996118515e+00 2.021319093302178960e+00 2.074303388288079919e+00 2.124921900132847874e+00 2.189169177927515086e+00 2.276643440609819269e+00 2.298421337777508455e+00 2.328082778469608982e+00 2.376148396170572941e+00 2.558630315246646081e+00 2.590295638128780276e+00 2.684778001659114288e+00 2.720868002624708737e+00 2.801336749143853222e+00 2.925865592309325525e+00 3.098686423698640890e+00 3.499469415904908232e+00 3.707242182677103148e+00
1.036471310850790167e-01 1.333314307923007536e-01 2.299707849927997982e-01 3.914170838237283068e-01 4.562950088821678962e-01 4.822674010218515606e-01 5.663562522989575854e-01 6.238220791367866669e-01 6.573446983517717834e-01 6.971609022976640313e-01 7.352344162744841594e-01 7.701874515473902116e-01 7.904497353132819981e-01 8.572568601101886454e-01 8.599262103393074952e-01 8.802232246732687448e-01 9.153923479448891065e-01 9.483539244034485671e-01 9.600342319701281601e-01 1.021869670838161825e+00 1.047713699060494053e+00 1.065023662032564822e+00 1.100775534350397544e+00 1.130475076633747022e+00 1.167187755371693392e+00 1.200872172586503250e+00 1.229100636448271944e+00 1.247194330975375243e+00 1.288395412655628514e+00 1.298765811853644259e+00 1.356427856524981657e+00 1.410874970697640007e+00 1.453086298178247082e+00 1.474470030205239812e+00 1.542418823098399949e+00 1.588206210584391265e+00 1.628862713969973619e+00 1.705907345801704000e+00 1.730378515020260188e+00 1.772413706027783142e+00 1.823146946049697181e+00 1.836289069867274248e+00 1.941409542725922588e+00 2.020856578000391313e+00 2.072022605868140577e+00 2.123781095554200693e+00 2.190709910139190253e+00 2.270623540536949037e+00 2.296225787876382984e+00 2.324396937430925458e+00 2.383496444788942181e+00 2.564978555211024691e+00 2.597685543804547414e+00 2.688529919424954784e+00 2.732485753825411923e+00 2.803417850524946520e+00 2.928804015467743938e+00 3.104501733050620604e+00 3.499167945736094687e+00 3.707635674109761581e+00
1.375329560404291995e-01 1.763642894114127446e-01 2.973477793065342212e-01 3.978125019466428602e-01 4.590807174223054399e-01 4.807381690758640302e-01 5.575001326168813609e-01 6.239441030008928690e-01 6.554245732156940285e-01 6.973692997672590321e-01 7.329792648036967950e-01 7.731272614156939893e-01 7.884111047352285739e-01 8.484468787152875668e-01 8.619465692345282815e-01 8.759266584138502010e-01 9.147100847581675076e-01 9.539406400257975926e-01 9.626732527975326859e-01 1.021001577333887633e+00 1.043315477267438451e+00 1.064947696952094125e+00 1.105351683075057601e+00 1.128141373966865535e+00 1.164117415310436110e+00 1.198284730509088902e+00 1.228915655575736121e+00 1.242198218488872463e+00 1.284138860148122063e+00 1.301648489630006900e+00 1.357124871987902104e+00 1.414185166010578198e+00 1.453425129181421305e+00 1.477094409120502494e+00 1.550949839002074393e+00 1.582769888071166475e+00 1.634182822874761687e+00 1.702534593604331015e+00 1.744758764681749730e+00 1.774542068321592447e+00 1.827848929720327975e+00 1.842244656667782365e+00 1.943238060971714143e+00 2.020056984521102272e+00 2.068386840503218860e+00 2.122708065207572492e+00 2.193096922908900570e+00 2.264210414866051568e+00 2.294599191628322821e+00 2.320860203302252067e+00 2.390441197453365252e+00 2.569220672519591631e+00 2.607689469240745961e+00 2.691241611339933115e+00 2.748792646650616955e+00 2.808183272215394322e+00 2.932911421442812916e+00 3.112168280908148343e+00 3.498741224286691764e+00 3.708184079264953859e+00
1.706422630733246681e-01 2.181266953378393492e-01 3.470563440369339170e-01 4.137978876192243138e-01 4.623395986674311842e-01 4.807235011843257744e-01 5.511792722858623872e-01 6.237125990198669756e-01 6.509881436771920438e-01 6.985323826408149639e-01 7.296133092139862608e-01 7.722895521677306530e-01 7.901539513428031958e-01 8.393080706917673828e-01 8.590351780449257957e-01 8.760476337916437428e-01 9.139070166893936698e-01 9.580766231866951754e-01 9.671254615037809810e-01 1.018336820788174890e+00 1.041519783461812176e+00 1.066223614534623776e+00 1.110115797281576056e+00 1.126309261063262790e+00 1.160514161665051391e+00 1.196255497935719614e+00 1.222561084213374949e+00 1.238939299854477483e+00 1.280637859431866810e+00 1.307225482790040028e+00 1.358664354523821949e+00 1.415723407186343819e+00 1.455415937287460659e+00 1.480280185383219704e+00 1.559850352899456949e+00 1.574032644983941021e+00 1.637209550426987681e+00 1.698849850666803274e+00 1.753357853906758246e+00 1.778508770188602650e+00 1.833293731119007397e+00 1.855080655958257996e+00 1.946122854333934393e+00 2.018719826030390685e+00 2.063592807873860124e+00 2.121597978403098494e+00 2.196415867617567130e+00 2.258273600069443443e+00 2.293493072967980773e+00 2.318399876528272952e+00 2.396206175313157161e+00 2.571983384925278227e+00 2.618294678596692293e+00 2.692717330415071331e+00 2.764444530781781317e+00 2.818831974519735439e+00 2.937930585219990398e+00 3.121293132644370250e+00 3.498193503527888382e+00 3.708870504491752929e+00
2.027043263430871045e-01 2.580663041922479084e-01 3.696141930004262499e-01 4.310157894666907796e-01 4.715584618718126064e-01 4.903345097178858358e-01 5.478988773600050877e-01 6.241902346664092160e-01 6.457990874554180305e-01 6.992861936169749715e-01 7.266572497267839159e-01 7.684670918999527700e-01 7.935072115670765980e-01 8.308311038178864960e-01 8.522813676462127619e-01 8.801105275301890352e-01 9.140969264088355528e-01 9.594951905306975393e-01 9.739477786715271534e-01 1.015697288024729028e+00 1.040542338239945463e+00 1.068154109248302230e+00 1.114252360059561964e+00 1.124282014263982665e+00 1.158066760398187345e+00 1.194137014650651363e+00 1.214164589336936828e+00 1.237092433420373672e+00 1.276799803508184672e+00 1.313276057301703270e+00 1.361796744538957160e+00 1.416833160235384970e+00 1.458671616958887807e+00 1.483322533526502118e+00 1.561660642833889057e+00 1.569358761227940047e+00 1.638066004200143810e+00 1.695449242942442147e+00 1.754144518051339086e+00 1.782484430872543379e+00 1.838153224705787014e+00 1.874731774257744954e+00 1.950430691810914885e+00 2.016571394068355616e+00 2.058267349710901861e+00 2.120133463965694354e+00 2.200471985917095807e+00 2.253249875763978061e+00 2.292809228384015796e+00 2.317565969595481778e+00 2.400569618477141010e+00 2.574244245506607243e+00 2.628315363316831466e+00 2.693664929634596916e+00 2.773246031422611058e+00 2.837752418961779544e+00 2.943362338031183079e+00 3.131391978419460820e+00 3.497542711543483396e+00 3.709657472535128786e+00
2.333455268267473348e-01 2.953998912824177814e-01 3.785526765446076136e-01 4.297788223457274515e-01 4.749741731082062213e-01 5.161004554053757465e-01 5.538803472667139793e-01 6.246462225182035644e-01 6.440797743462454150e-01 6.985733026586070649e-01 7.252481120998545139e-01 7.635421739411309972e-01 7.948565716812796556e-01 8.249282815981182626e-01 8.455308849722352749e-01 8.853535340550059418e-01 9.149058373073284400e-01 9.594220926736768407e-01 9.821732222869754558e-01 1.015077650721586400e+00 1.038342917543026767e+00 1.070015272432948583e+00 1.117074390304031439e+00 1.121311347523181290e+00 1.156075914502861179e+00 1.190526717446828364e+00 1.209257704197962191e+00 1.235221187796777587e+00 1.273015064171146626e+00 1.318779072513832418e+00 1.366223273435096752e+00 1.419031396225070241e+00 1.462264691450463561e+00 1.485767720451628637e+00 1.547971985202719170e+00 1.577417886009130576e+00 1.637547345152304823e+00 1.692364793711976567e+00 1.751665148406300609e+00 1.784028046440659043e+00 1.842105518212539650e+00 1.895780818567872616e+00 1.956321626838943173e+00 2.013329784636824993e+00 2.053249681400690640e+00 2.118163854800629853e+00 2.204660019730924958e+00 2.249260265616141119e+00 2.292473115180355681e+00 2.318537427269952822e+00 2.403558495201369105e+00 2.576498394461132158e+00 2.637210514610962786e+00 2.694962211730898893e+00 2.775506473083185988e+00 2.860983980613732935e+00 2.948574679288967104e+00 3.141820990225870247e+00 3.496828226968605957e+00 3.710483366597175259e+00
2.620266726687549563e-01 3.287165043179915425e-01 3.830046339786182807e-01 4.222576393240184967e-01 4.743577025742354292e-01 5.200362391528332573e-01 5.783037416690030019e-01 6.227490482323206900e-01 6.519201143126426290e-01 6.961581658525203276e-01 7.258361244710272997e-01 7.585509729647066379e-01 7.920322555034607914e-01 8.227808372253977431e-01 8.410056269660854955e-01 8.908564912507951350e-01 9.153710665334442442e-01 9.590813931256674252e-01 9.910578380036467738e-01 1.016225722493190098e+00 1.035665720719544325e+00 1.071090067835159143e+00 1.114281636967861866e+00 1.121189517602753538e+00 1.153272945639072677e+00 1.183723221728898878e+00 1.208538587899773198e+00 1.235471252491681771e+00 1.270215277252250807e+00 1.323260657705702448e+00 1.371120806198847575e+00 1.423037027813938149e+00 1.465180129280275967e+00 1.487419625774692999e+00 1.533132279012587862e+00 1.584736467292985562e+00 1.636494278306552363e+00 1.689472735197397490e+00 1.748475725957526095e+00 1.783889781362819615e+00 1.845054336214335455e+00 1.913743313834979753e+00 1.963326872243158716e+00 2.008899431939414448e+00 2.049260802395788783e+00 2.115911437717706178e+00 2.208158437646989825e+00 2.246275449099626620e+00 2.292423244385667136e+00 2.321012659493014940e+00 2.405329998314324147e+00 2.578795422344050348e+00 2.644499050376187377e+00 2.697241304207368184e+00 2.774143886533141590e+00 2.882969021828760248e+00 2.952999053490986903e+00 3.151710859552301347e+00 3.496116236271344047e+00 3.711265819906480523e+00
2.878435290005556535e-01 3.545702019861939891e-01 3.839488588155632320e-01 4.174037158455666252e-01 4.710540636051583352e-01 5.131127500770921168e-01 5.982505157085076242e-01 6.200079796754019990e-01 6.681443214353772753e-01 6.930738689318535206e-01 7.276257787760912477e-01 7.547212495715265312e-01 7.862487390078699567e-01 8.221285889048183249e-01 8.400496018703215162e-01 8.961771866657189944e-01 9.146682797960945521e-01 9.591031000055255662e-01 1.000056844872814432e+00 1.017299677821025261e+00 1.034275271575361810e+00 1.070690751245747752e+00 1.108338148401893486e+00 1.122657817555410276e+00 1.150140605104332803e+00 1.175707774679595197e+00 1.207359477608609399e+00 1.239818250532487065e+00 1.268568354519045815e+00 1.326671113600478957e+00 1.375480508785869693e+00 1.428791208708565241e+00 1.466199305791927587e+00 1.488300101326127667e+00 1.519591465510802264e+00 1.590552698437599943e+00 1.635555537690065897e+00 1.686838226395875662e+00 1.745660981016602165e+00 1.783164540721493774e+00 1.847010978090493083e+00 1.927100178342257886e+00 1.970205576473312847e+00 2.003675336663416129e+00 2.046612097540444708e+00 2.113848232718608777e+00 2.210409630912806733e+00 2.244271777217704766e+00 2.292537321568440145e+00 2.324149015775405669e+00 2.406157084858279394e+00 2.580873186674616626e+00 2.649750477366093371e+00 2.700457402306603694e+00 2.771172306409904085e+00 2.900315151461068996e+00 2.956281563851624661e+00 3.159985957526831424e+00 3.495497432714108399e+00 3.711913095419505204e+00
3.086752739186398031e-01 3.647962713253387612e-01 3.835174811379327142e-01 4.223767090859077422e-01 4.640956987939515166e-01 5.060602364086019822e-01 6.077865510512912017e-01 6.185060113423676009e-01 6.817878063221014528e-01 6.923925787735986104e-01 7.287293306229835066e-01 7.535973240969564557e-01 7.801732003614029187e-01 8.213441226922040261e-01 8.414342829886005681e-01 9.008337054966841784e-01 9.127522382135108137e-01 9.594104673693429897e-01 1.007982293557650566e+00 1.016959826760453378e+00 1.034611099029468129e+00 1.068548398409957301e+00 1.104228001453189556e+00 1.123249560036957861e+00 1.147685409965420122e+00 1.169459891814149222e+00 1.205430019771707828e+00 1.245135987054867277e+00 1.267694689172155442e+00 1.328956221489090872e+00 1.378411804072632973e+00 1.435260502610382627e+00 1.464388254772775788e+00 1.488657272391543218e+00 1.510285882119779099e+00 1.594296314748219201e+00 1.635040799575546711e+00 1.684866325133001830e+00 1.743776038083982627e+00 1.782518980653551521e+00 1.848093902211341844e+00 1.935567107676841259e+00 1.975493373860426338e+00 1.998833753161045168e+00 2.045196699315200650e+00 2.112430215521280186e+00 2.211453243454172046e+00 2.243185648553368772e+00 2.292666207129825384e+00 2.326755452710087102e+00 2.406409574879397884e+00 2.582340144662483183e+00 2.652821575983349334e+00 2.703552795582811807e+00 2.768272788967762299e+00 2.911245455870650645e+00 2.958281940735805193e+00 3.165532637783805558e+00 3.495071610015125785e+00 3.712341085848194666e+00
3.180501881250931140e-01 3.630856137119322646e-01 3.847397589211892788e-01 4.292273406306330030e-01 4.581762352567930185e-01 5.033513289976122573e-01 6.102584715563238449e-01 6.183531191634592528e-01 6.843589182473983623e-01 6.950820159971219381e-01 7.287107704741088154e-01 7.541117137356474487e-01 7.772369080229338811e-01 8.209720895933878548e-01 8.423165289394642929e-01 9.031973817584660891e-01 9.112760933392675122e-01 9.595827327192195666e-01 1.011888880085175968e+00 1.016060428210489031e+00 1.035038796838267050e+00 1.067028907082746780e+00 1.103025829560819737e+00 1.123281467569207992e+00 1.146737949518311650e+00 1.167138694224211237e+00 1.204571596152911761e+00 1.247407501778057481e+00 1.267387497760312565e+00 1.329793512827064594e+00 1.379428538795583359e+00 1.438761423093208647e+00 1.462374147235994792e+00 1.488761348245944083e+00 1.507111738241416976e+00 1.595584025765145686e+00 1.634903065018985524e+00 1.684117835159486987e+00 1.743115490536809808e+00 1.782273444437937560e+00 1.848436155547553916e+00 1.938548516718839654e+00 1.977644118712930998e+00 1.996634269201685852e+00 2.044764126049855246e+00 2.111930314813311504e+00 2.211719432995648216e+00 2.242855751380916640e+00 2.292717706204092654e+00 2.327766962711502075e+00 2.406442913287509811e+00 2.582870411705110669e+00 2.653818421784412518e+00 2.704872152013658049e+00 2.767052295977670884e+00 2.914959053250766541e+00 2.958954810628526388e+00 3.167490156715084382e+00 3.494919264669503089e+00 3.712490809128487168e+00
1.113317729246359883e-01 3.262451209200182278e-01 4.259487198052102075e-01 4.484789795320385242e-01 4.723346089539530168e-01 4.911835765098369055e-01 5.571568057764930693e-01 6.011613528478264579e-01 6.290836458841634338e-01 6.836396659214792892e-01 7.254772482564456615e-01 7.652209202766081519e-01 8.049986993358093645e-01 8.138300183569867619e-01 8.504206450457724165e-01 8.834688444089633386e-01 9.150040853052529011e-01 9.492170776361897877e-01 9.740592297832458835e-01 1.000430992198094282e+00 1.042498891967310382e+00 1.090971958957659638e+00 1.112244822773081454e+00 1.131248351728790569e+00 1.159917881927910122e+00 1.179973718795797932e+00 1.264265016632804439e+00 1.305589761567736984e+00 1.321026829356887644e+00 1.334386425432500856e+00 1.371088197981873202e+00 1.422636059536341646e+00 1.456056996474265341e+00 1.500489591199190897e+00 1.517688138670662878e+00 1.539289982067410190e+00 1.597900129698139660e+00 1.658824775229727821e+00 1.705709204847018823e+00 1.782656409243022377e+00 1.800501461592003638e+00 1.904034355000968848e+00 1.939569223438011747e+00 2.032257814658277706e+00 2.077684973897957477e+00 2.131596930485237795e+00 2.169857609205668059e+00 2.230914522319838333e+00 2.320055519001002597e+00 2.362480231015766208e+00 2.546618282789485654e+00 2.598873526596127359e+00 2.640604336254431139e+00 2.704366397516960507e+00 2.777616267341351364e+00 2.820251848919706816e+00 2.995893781922223997e+00 3.100530754024914959e+00 3.564411593316233251e+00 3.727323136105166412e+00
1.129330255232705860e-01 3.264428347655697893e-01 4.254190316365938362e-01 4.476608487684186066e-01 4.718080665038380528e-01 4.928294075975113153e-01 5.572426591610352142e-01 5.998394870424988978e-01 6.314059378197384165e-01 6.836627037992893952e-01 7.250360602278421718e-01 7.662962685848998534e-01 8.008682642520721373e-01 8.170934898902113552e-01 8.496855113059602616e-01 8.819498189028668333e-01 9.139219163819890523e-01 9.495203414376590656e-01 9.746984714106476932e-01 1.000063664896804205e+00 1.042040133585295125e+00 1.091791326788924543e+00 1.110792558640770755e+00 1.130793815328909879e+00 1.160397442078874297e+00 1.181976284006163835e+00 1.263885600997010084e+00 1.304593527033959033e+00 1.319948290276128589e+00 1.335297078797780923e+00 1.370526271884217939e+00 1.422396551499888639e+00 1.456363888629180314e+00 1.500736366771787234e+00 1.517273325281530694e+00 1.541164734780587686e+00 1.598404819127274612e+00 1.658749372582467574e+00 1.707601941700644055e+00 1.782124504114468877e+00 1.800185357176999013e+00 1.903664852388559536e+00 1.940676340512645703e+00 2.031370723777431220e+00 2.076572007958572552e+00 2.132025948574685081e+00 2.170121318651681008e+00 2.231473036289103984e+00 2.318812295770581233e+00 2.362524275239811011e+00 2.546491105594421267e+00 2.598407979805137824e+00 2.640948272086857784e+00 2.703326803518656618e+00 2.777281584181640728e+00 2.817740655455768906e+00 2.995304788737391810e+00 3.100543810578466175e+00 3.563738582638802832e+00 3.727507946109235970e+00
1.174216308858359592e-01 3.265505112584068392e-01 4.242114618797566128e-01 4.452370409596796419e-01 4.706265227367417703e-01 4.962348045098344818e-01 5.579072403344081943e-01 5.973560103021218204e-01 6.366288440805193405e-01 6.837503322723549326e-01 7.237842006037191744e-01 7.690851982738957648e-01 7.942795103011139890e-01 8.191063043807160771e-01 8.490457612499953122e-01 8.789019951781629203e-01 9.109057397561741709e-01 9.498037872712404850e-01 9.759875994346388639e-01 9.994297874765539769e-01 1.041736052178457106e+00 1.092547958741752367e+00 1.107329247255745885e+00 1.129940826324780545e+00 1.162210111619092157e+00 1.186832774992133244e+00 1.262603965450242782e+00 1.302105979029827276e+00 1.317468194912238655e+00 1.337422792011263128e+00 1.369067611410778040e+00 1.421075390944185335e+00 1.457557746511401353e+00 1.500757339968184612e+00 1.517452999565206406e+00 1.545605673143554792e+00 1.599947735718154629e+00 1.658634187258484660e+00 1.713131286334932835e+00 1.780445918954965734e+00 1.799495900402350967e+00 1.902582180953589885e+00 1.943712547227197218e+00 2.028768737014003065e+00 2.073491566371370887e+00 2.133196415838940485e+00 2.170829242504911605e+00 2.233058717515763902e+00 2.315355189658652169e+00 2.362643348949712507e+00 2.545921095354862551e+00 2.596992374689594207e+00 2.641996706767831604e+00 2.700160973513293872e+00 2.776196735273218419e+00 2.810707049816559167e+00 2.993529863680377101e+00 3.100590716489109333e+00 3.561753815832527259e+00 3.727988037777426822e+00
1.239862371722008916e-01 3.252959912563305189e-01 4.229229989739894391e-01 4.408788760385863870e-01 4.694089240026314558e-01 4.990901135580815273e-01 5.594244355155018056e-01 5.959578617484034835e-01 6.419227219252483518e-01 6.840743647771230229e-01 7.216798285668087898e-01 7.702829662182900661e-01 7.888513574741875534e-01 8.163813927825747108e-01 8.497877774590957278e-01 8.776890439994101678e-01 9.068324951926912680e-01 9.486028180397808596e-01 9.770365075959632772e-01 9.997030251361916919e-01 1.042755790765507395e+00 1.089736130797939850e+00 1.104496970997716598e+00 1.129480495461690159e+00 1.165827091020238626e+00 1.192388565612065854e+00 1.260187820264383474e+00 1.298862292456445022e+00 1.315182113795980046e+00 1.339797698054919994e+00 1.366942891573790009e+00 1.418503057070841678e+00 1.459285430624732482e+00 1.499699437197791418e+00 1.519886814677683828e+00 1.550835530549133701e+00 1.602500280400105392e+00 1.658782239192081676e+00 1.721824716535325095e+00 1.777485029070736910e+00 1.799064802157653631e+00 1.900798532013203479e+00 1.947907559520352549e+00 2.024703189338513010e+00 2.069095010247314903e+00 2.134846796154165727e+00 2.171749553612428052e+00 2.235430108336493138e+00 2.310407659746554820e+00 2.362809716590686726e+00 2.544366244885872597e+00 2.594585625899076486e+00 2.643754910566751271e+00 2.694745927088311177e+00 2.774090994511440478e+00 2.800631037232530929e+00 2.990571613709180898e+00 3.100696794156894143e+00 3.558555523421979228e+00 3.728565822227369875e+00
1.315541694285797536e-01 3.211543582776468231e-01 4.207004955597020701e-01 4.346421902109610658e-01 4.685574148520186832e-01 5.009766240976558649e-01 5.606131951120618684e-01 5.970813095015937710e-01 6.448274552385743208e-01 6.851314856582323420e-01 7.173558718559468472e-01 7.625013393870911926e-01 7.911451374949362014e-01 8.132317537666307050e-01 8.489043518849358483e-01 8.805573266231108143e-01 9.033761722362377844e-01 9.450685811868567709e-01 9.778331955481417426e-01 1.001188160757802592e+00 1.044587430490431457e+00 1.082811805533877347e+00 1.103274062757404472e+00 1.130184892087612525e+00 1.170975485621452927e+00 1.196939300445322152e+00 1.256754131048924306e+00 1.295050690988769126e+00 1.314438038643258588e+00 1.341716941855986445e+00 1.363956903327266046e+00 1.416194963455188693e+00 1.460052766130057300e+00 1.498317005143610103e+00 1.523830001715974936e+00 1.556041855038168054e+00 1.605770485292769667e+00 1.659596008347608898e+00 1.732786713215924701e+00 1.773335720428587559e+00 1.799567458186901003e+00 1.898235619010848474e+00 1.952094367819427800e+00 2.019863959533562348e+00 2.064170853075559808e+00 2.136726894242344521e+00 2.172535151231137718e+00 2.238276237121434420e+00 2.304903221505751887e+00 2.363001905828057136e+00 2.540973746659113353e+00 2.591173868163745286e+00 2.646082711749871752e+00 2.686976802058789193e+00 2.770484660273009325e+00 2.789866808390354169e+00 2.986491961674806905e+00 3.100902192366445487e+00 3.554294874801255499e+00 3.728983759420100075e+00
1.388389459359393729e-01 3.130040534028564747e-01 4.135165718557225478e-01 4.285802332519047519e-01 4.691659433519475564e-01 5.023486242152676029e-01 5.604809440315998703e-01 5.996456315057641095e-01 6.435184294080016354e-01 6.867677131200776719e-01 7.078206292248933051e-01 7.540402644983437153e-01 7.982344456354119044e-01 8.121333854397183583e-01 8.464688784904220720e-01 8.848754145640160829e-01 9.029441890732514686e-01 9.401849215150909211e-01 9.778819626203452131e-01 1.003091954814284259e+00 1.045752303345477197e+00 1.074241849632580514e+00 1.102900442236351530e+00 1.132575553949028091e+00 1.176745085790589895e+00 1.199574877191006417e+00 1.252844781118128470e+00 1.290836445666998955e+00 1.315271792626041325e+00 1.342701450454564016e+00 1.359766686870052643e+00 1.416014005569552037e+00 1.458857461691564827e+00 1.497486716445248112e+00 1.527521611459317530e+00 1.561349338534545605e+00 1.609204177171580596e+00 1.661428685788918891e+00 1.744433828823715560e+00 1.768603383311330157e+00 1.801550326729270290e+00 1.894740559732828400e+00 1.954668606735405767e+00 2.015723483852107645e+00 2.059440377709842451e+00 2.138678728819466190e+00 2.172762999875735179e+00 2.241328651756760770e+00 2.299693568267328292e+00 2.363214999073457001e+00 2.534615359973622528e+00 2.586850008679888901e+00 2.648424361417148098e+00 2.677150266846077376e+00 2.765202591176481928e+00 2.780855687380919594e+00 2.981433614128746523e+00 3.101240142235262898e+00 3.549163551593390586e+00 3.728996235993045971e+00
1.440630967814833796e-01 3.004180134178094930e-01 3.993209947892102929e-01 4.234545305013767691e-01 4.723073773043193757e-01 5.026696578787976932e-01 5.581057412349161861e-01 5.995726529684786144e-01 6.390121334423911614e-01 6.830435309852845860e-01 7.010406329335931996e-01 7.529297349790901039e-01 8.049599050124307542e-01 8.122946078891909449e-01 8.457394880902714407e-01 8.871781731000498716e-01 9.066197107818265710e-01 9.358183891581154379e-01 9.760132893270213605e-01 1.004861922189972168e+00 1.044616785672204173e+00 1.065972652346725669e+00 1.104029895487615986e+00 1.136207261060770968e+00 1.182221102476718633e+00 1.200216253392160981e+00 1.248953809721520036e+00 1.286597891310381270e+00 1.316651760026974260e+00 1.342646877283472540e+00 1.354427488957997916e+00 1.418605334225348402e+00 1.456097145084609634e+00 1.497000219516685382e+00 1.529799281081906548e+00 1.567074185451393209e+00 1.612224108099134634e+00 1.664440238805211303e+00 1.753101355420178420e+00 1.765680567209776841e+00 1.805470621933724429e+00 1.890156513645816494e+00 1.953883927599939563e+00 2.014338767789386253e+00 2.055517608624986448e+00 2.140613157129595656e+00 2.172028989811044752e+00 2.244437278975182970e+00 2.295324051980395907e+00 2.363452593543506008e+00 2.524020869685471791e+00 2.581881187108032272e+00 2.648893901087036706e+00 2.667301344852444966e+00 2.759730890463299335e+00 2.774165257473743651e+00 2.975600931956603024e+00 3.101698762019148958e+00 3.543382672042837633e+00 3.728423769002375376e+00
1.444081365225521607e-01 2.834473282501891456e-01 3.816226401580410932e-01 4.177841307509037039e-01 4.766275477361553992e-01 5.000923531436745062e-01 5.473614804141713197e-01 5.983998549811607726e-01 6.361935493712792544e-01 6.738254221189573512e-01 7.050346274753069853e-01 7.563871411779362619e-01 8.067779846705482871e-01 8.151420860704757798e-01 8.486485997809875004e-01 8.885299400011141824e-01 9.109375976589307866e-01 9.339263270185321764e-01 9.720540304454011737e-01 1.006106251321163159e+00 1.040225531651243429e+00 1.059743270735379772e+00 1.107148016816802860e+00 1.139768521081933050e+00 1.186835216825877337e+00 1.199457976840283768e+00 1.245244987747651688e+00 1.282565867416119332e+00 1.317373401529361221e+00 1.342017246595553326e+00 1.348562742272047865e+00 1.422910051677447107e+00 1.452882825681176771e+00 1.496160404339915040e+00 1.530664992039808325e+00 1.573020549770124843e+00 1.614383760863690620e+00 1.668567777608275904e+00 1.752218906915674390e+00 1.769889903932798436e+00 1.811412180170384856e+00 1.884418537193921939e+00 1.949195744307636424e+00 2.016730088033874324e+00 2.053074550440883606e+00 2.142389193217780985e+00 2.170161574498085333e+00 2.247544594304900833e+00 2.291987471228041251e+00 2.363705195731987452e+00 2.508269104247334624e+00 2.576662052043516837e+00 2.642951858639404517e+00 2.662849035563195521e+00 2.755780307262370332e+00 2.769221185488734527e+00 2.969221206225011400e+00 3.102188601311731020e+00 3.537192662329543769e+00 3.727178871335403265e+00
1.356270904034422020e-01 2.623779883021318260e-01 3.651643132360388733e-01 4.109556287076812087e-01 4.765965802352311598e-01 4.892575189119435786e-01 5.332403585701693816e-01 6.036017022238863161e-01 6.366510394812909812e-01 6.678690396568845999e-01 7.121769251479440621e-01 7.610529999792767786e-01 8.048486789451471113e-01 8.194745867846222609e-01 8.539533992000556406e-01 8.904443848267931116e-01 9.128149934509680596e-01 9.354726836439335447e-01 9.674015853567797807e-01 1.006085363603426819e+00 1.034081932654614233e+00 1.056155868872942216e+00 1.111535679505484930e+00 1.141794463654210556e+00 1.190329975089920111e+00 1.198058232162590109e+00 1.241768348735396321e+00 1.278811662610634725e+00 1.316496247043273060e+00 1.340580558219006013e+00 1.343963173881134399e+00 1.426845452921946533e+00 1.450257919489948755e+00 1.494424345426961231e+00 1.530974556427321609e+00 1.578586818846839268e+00 1.615365079171885876e+00 1.673624402778171483e+00 1.747191900723710667e+00 1.775451155104063927e+00 1.818366639981576993e+00 1.877657721761771370e+00 1.941982483234949042e+00 2.021519522228316212e+00 2.053146842835117614e+00 2.143548257403369739e+00 2.167597968087312754e+00 2.250598229227209757e+00 2.289663903643376131e+00 2.363930730371148758e+00 2.487570439718966853e+00 2.571543748990915201e+00 2.632293561399687842e+00 2.663300488938465271e+00 2.752270066516211866e+00 2.767147731225584995e+00 2.962512742789725539e+00 3.102540928245976826e+00 3.530842903646242092e+00 3.725268068256643694e+00
1.130010965903279208e-01 2.378010177609233555e-01 3.532647958478669636e-01 4.001704179267936978e-01 4.529505081290057800e-01 4.849058116560728826e-01 5.329160173319923421e-01 6.111297805601758615e-01 6.403170107106507247e-01 6.649284847952560140e-01 7.202596444166163847e-01 7.648534909236816004e-01 8.028131806908882506e-01 8.230123063824250629e-01 8.589442858816650483e-01 8.930002340898236524e-01 9.136117541389110475e-01 9.380576638318492977e-01 9.640875188767457082e-01 1.004249287059330698e+00 1.029464068588968439e+00 1.054680860999774872e+00 1.115831192150630535e+00 1.141532117795249324e+00 1.191987026223462198e+00 1.196890918311866114e+00 1.238682705202717171e+00 1.275399793144233795e+00 1.313913686111429779e+00 1.335725606449906788e+00 1.344029528146018393e+00 1.428442677069769129e+00 1.448899734998535527e+00 1.491521859886900669e+00 1.531632181380501612e+00 1.583160177118034140e+00 1.615103273895791780e+00 1.679400354419003039e+00 1.741804216305070208e+00 1.779133080440211456e+00 1.824359229697900098e+00 1.870219187719743825e+00 1.934309290114647917e+00 2.025918777224288370e+00 2.056998340244966972e+00 2.142935712496236267e+00 2.165849109044988730e+00 2.253547253814015772e+00 2.288298946905747755e+00 2.364052485990462582e+00 2.463539942888251844e+00 2.566736090426645411e+00 2.621583170070063140e+00 2.664862556169973473e+00 2.747150623929307311e+00 2.769323387500136402e+00 2.955674164655996528e+00 3.102546690467555823e+00 3.524581059360274438e+00 3.722781298391399929e+00
7.265245014240602484e-02 2.103915801981622036e-01 3.383214482384937494e-01 3.836358663426210347e-01 4.314886735880579249e-01 4.846956797681591933e-01 5.407948548259866595e-01 6.156101184454323416e-01 6.473516769504523705e-01 6.646684326030993795e-01 7.282907672820296829e-01 7.668270694805551235e-01 8.011895565923899953e-01 8.263087721010905495e-01 8.618135219854584639e-01 8.954610672912133307e-01 9.157146062865232361e-01 9.389529277742494351e-01 9.626140919816021935e-01 1.002230141519221185e+00 1.028030377916634874e+00 1.055016404112465889e+00 1.118531714783904230e+00 1.139601051229348849e+00 1.189728809011024291e+00 1.197689446811327052e+00 1.236097309207731199e+00 1.272359481471211140e+00 1.310412093609244044e+00 1.330340823774694980e+00 1.345572945225122607e+00 1.426931298024072259e+00 1.448803038038331437e+00 1.487549656993175207e+00 1.532835554882795881e+00 1.586231901844914471e+00 1.614087686444524161e+00 1.685672256032000327e+00 1.736570751518982103e+00 1.780919139016704067e+00 1.827668842045881314e+00 1.862491208072750482e+00 1.928116139533696094e+00 2.028228754105220855e+00 2.064243028576226990e+00 2.139451647628312081e+00 2.166796226274969150e+00 2.256491914388206510e+00 2.287855529951987599e+00 2.363968839098882668e+00 2.438517611102466454e+00 2.562358816371149484e+00 2.612042690215405472e+00 2.666739384384869016e+00 2.740831595780025776e+00 2.774425306110640754e+00 2.948895148476657901e+00 3.102025830238742898e+00 3.518642929095536775e+00 3.719877909886255996e+00
-3.689115511496265237e-02 1.804636681917445307e-01 2.998297065691822305e-01 3.809004555132952108e-01 4.225185182936165296e-01 4.850622018334859731e-01 5.516968832149369284e-01 6.169820249081622299e-01 6.526807865405725995e-01 6.693891059537445676e-01 7.350361034952443973e-01 7.675350517492832703e-01 7.989892214889153799e-01 8.307277848118453933e-01 8.627106248510050257e-01 8.973099604659823259e-01 9.186036101218220118e-01 9.383641080305418214e-01 9.609769746957415038e-01 1.003446761408716359e+00 1.029292334747654802e+00 1.057026931596133146e+00 1.118030505989798362e+00 1.137876015754454295e+00 1.184698715562956028e+00 1.199264843094850708e+00 1.233791700948386971e+00 1.269478614142276252e+00 1.306664169365032713e+00 1.325457917450415746e+00 1.347190149677863547e+00 1.422737881808906923e+00 1.449532583674662867e+00 1.483073160908372046e+00 1.533896673400961586e+00 1.587533477750120881e+00 1.613346545628250306e+00 1.692130604932725380e+00 1.731407903632009582e+00 1.780836941296212173e+00 1.827783299503488834e+00 1.854748073000714648e+00 1.925007400953111070e+00 2.028814095551219499e+00 2.071958777026616350e+00 2.134190484326817128e+00 2.170484049917575931e+00 2.259848924571451700e+00 2.288248532864809892e+00 2.363530542768673026e+00 2.414637804862372228e+00 2.558508428436378601e+00 2.603868013022943018e+00 2.668940877847563176e+00 2.734222724463412302e+00 2.780700354009117525e+00 2.942379870042574730e+00 3.100902952413300717e+00 3.513243675574977409e+00 3.716772155189391302e+00
-7.165968105994056925e-02 1.482211005883208865e-01 2.467607667126214543e-01 3.883555923262711485e-01 4.196375855479963501e-01 4.860439356534214661e-01 5.636537997965082036e-01 6.168158809149436594e-01 6.539770639108047900e-01 6.783329316225513717e-01 7.389073780288289983e-01 7.682349165688014958e-01 7.960157822758577861e-01 8.368948868055321455e-01 8.630538562181544471e-01 8.982553537769732976e-01 9.194733913172101758e-01 9.377111390032319971e-01 9.589710221928477996e-01 1.008405439641752110e+00 1.032576961829994033e+00 1.060488322718514675e+00 1.113844389546959190e+00 1.137657920758822439e+00 1.178572020012486510e+00 1.200809837548511672e+00 1.231356358552731178e+00 1.266133112903198299e+00 1.302439045644450788e+00 1.322097586623460552e+00 1.348324083285241226e+00 1.416771577572609964e+00 1.450793588236779064e+00 1.478918195773313959e+00 1.533904060154039906e+00 1.587479075847540555e+00 1.613648355055035344e+00 1.698259523707698282e+00 1.726135397235472491e+00 1.778843264619030640e+00 1.825603530598223445e+00 1.847396578412346280e+00 1.925585704460949232e+00 2.028277021451482476e+00 2.077111258881125355e+00 2.129527639917674797e+00 2.175609315955017831e+00 2.264259112001016039e+00 2.289337948182611271e+00 2.362332662749512480e+00 2.393516234167579970e+00 2.555273683058177703e+00 2.597120976762155475e+00 2.671516065291801301e+00 2.727856284507955031e+00 2.786975379092575089e+00 2.936371212338316106e+00 3.099261716638114450e+00 3.508570826067885395e+00 3.713715951715221841e+00
-7.588115957188724947e-02 1.140532999918729973e-01 1.890190741389976836e-01 3.929436724355522825e-01 4.242337796023825103e-01 4.869992155064399864e-01 5.753796858878550413e-01 6.157137789640575454e-01 6.543451395321175923e-01 6.871721582430779796e-01 7.391754363714644338e-01 7.684545170234282629e-01 7.943493372122141238e-01 8.438593419326985146e-01 8.643410630772919712e-01 8.975731977122826111e-01 9.167954494032578561e-01 9.378445924843215042e-01 9.583310012210023432e-01 1.014530458245969768e+00 1.037407994598828598e+00 1.065021765797856457e+00 1.107568633812154868e+00 1.138296523642535307e+00 1.172671360040243638e+00 1.202563017639808773e+00 1.228628256862196011e+00 1.261357087563483415e+00 1.297460783740154833e+00 1.321299897493271258e+00 1.348661397399358641e+00 1.410341627066079573e+00 1.452270484844582876e+00 1.475767752652246356e+00 1.532596654132865721e+00 1.587044379829221086e+00 1.614875783470047566e+00 1.703103629961032039e+00 1.721064942495209360e+00 1.775336342837669390e+00 1.822726726561078259e+00 1.841117146748747935e+00 1.929080306306206971e+00 2.026808157460481041e+00 2.078588184820910456e+00 2.126948195202416514e+00 2.180749891814544927e+00 2.270059455006252946e+00 2.291109378974099275e+00 2.358600464238325589e+00 2.377416407806420384e+00 2.552724034046892854e+00 2.591872342761090575e+00 2.674368447711613861e+00 2.722099743905663782e+00 2.792481160528041073e+00 2.931163243673708951e+00 3.097354828332526289e+00 3.504779233247836245e+00 3.710975899953895318e+00
-6.548369392554181934e-02 7.847357826105565148e-02 1.297182558095945071e-01 3.915641635536074583e-01 4.353421482592870762e-01 4.870122853602652513e-01 5.855151029582751354e-01 6.139488449369585599e-01 6.550370986187442623e-01 6.944006395650980101e-01 7.367939718651165260e-01 7.668048729995370349e-01 7.956835391520301615e-01 8.495150709713069626e-01 8.679161446511116651e-01 8.947819405823661532e-01 9.120847886983068920e-01 9.387623115022560860e-01 9.589437165458388757e-01 1.019594098511139579e+00 1.042704201302863565e+00 1.070125106573177609e+00 1.100972184727983638e+00 1.138942104692128421e+00 1.168087778549868450e+00 1.204971287222539766e+00 1.225899434363223017e+00 1.254597180808079138e+00 1.292889833981240910e+00 1.322703468416140504e+00 1.348106209111750386e+00 1.404888500351765490e+00 1.453544316545771098e+00 1.473880717723400124e+00 1.530601428079772175e+00 1.586840412601970396e+00 1.616452071565606996e+00 1.704810561571012739e+00 1.717977382132014341e+00 1.771466580046371808e+00 1.820372315719703149e+00 1.836432138896592958e+00 1.933846688899135469e+00 2.024645342624465716e+00 2.077656658554839719e+00 2.126185190478635967e+00 2.184795747162189272e+00 2.276415305218295160e+00 2.294037982672926024e+00 2.348810682774089997e+00 2.370091526699415141e+00 2.550898897820247146e+00 2.588163197595675147e+00 2.677182590740726731e+00 2.717321793590929957e+00 2.796715753899629675e+00 2.927089508074262714e+00 3.095557666993126400e+00 3.501988246313825659e+00 3.708804604170872654e+00
-4.686415082562168932e-02 4.147571324645570739e-02 7.122446107888748268e-02 3.889189408243922119e-01 4.459156375761323954e-01 4.858419596825987452e-01 5.925945152352886103e-01 6.121106141737062689e-01 6.559538131238662473e-01 6.995385658724476707e-01 7.335441723983215923e-01 7.646325459439108352e-01 7.981923334988298979e-01 8.523980622779203653e-01 8.738246331216004137e-01 8.903338808618144196e-01 9.078515316209896380e-01 9.398613410078061614e-01 9.596917794892183551e-01 1.022769705824554398e+00 1.046669942916472751e+00 1.075009343488419145e+00 1.095363155337483185e+00 1.139319025416853259e+00 1.165325434532120452e+00 1.207942372531822572e+00 1.223795176360729098e+00 1.247394189227967187e+00 1.290007899582104045e+00 1.324825839541738492e+00 1.347020987381382540e+00 1.401399879758327138e+00 1.454327705460191744e+00 1.473049448140245632e+00 1.528905828524074417e+00 1.586866558478948530e+00 1.617765313113990411e+00 1.703104980636896082e+00 1.717971590950206906e+00 1.768586832570879341e+00 1.818972551437232132e+00 1.833557960105224094e+00 1.937927054486088707e+00 2.022541453913478282e+00 2.076319697375274220e+00 2.126184397088788369e+00 2.187242944517438392e+00 2.281024385501119855e+00 2.298780587044548795e+00 2.337260453755888978e+00 2.368129486042684473e+00 2.549808451296533551e+00 2.585974009496324388e+00 2.679381579589694251e+00 2.714020866633253704e+00 2.799367929609889227e+00 2.924477864880452582e+00 3.094271554285993098e+00 3.500281226084924757e+00 3.707410154360601950e+00
-1.540082219356731744e-04 -1.165258298076968262e-04 3.889533028297722811e-08 3.877833993137486668e-01 4.503586334567353799e-01 4.849346515897867138e-01 5.952148066144846705e-01 6.112504786725269090e-01 6.563973975842860575e-01 7.015565517553478125e-01 7.319253089013577629e-01 7.637325969632036138e-01 7.993423444790384025e-01 8.531586170171039374e-01 8.780643179671913101e-01 8.868938228226680431e-01 9.061475898445733312e-01 9.403495074225645123e-01 9.599824469891889978e-01 1.023852290974907930e+00 1.048080261574182215e+00 1.077464729091138773e+00 1.092757640260156204e+00 1.139439425684724894e+00 1.164415155457293682e+00 1.209587370586352018e+00 1.222980500289799322e+00 1.243984661462423036e+00 1.289069479261644169e+00 1.325859700848000200e+00 1.346418947409777855e+00 1.400224682217287464e+00 1.454578741217120053e+00 1.472844585662783867e+00 1.528254411894184095e+00 1.586910162978452554e+00 1.618281702112754239e+00 1.701903324382116889e+00 1.718395396835534994e+00 1.767543613910836919e+00 1.818521272703699454e+00 1.832588000157333363e+00 1.939544212122142008e+00 2.021640317655542862e+00 2.075766415842328794e+00 2.126250881432218076e+00 2.188045253396775358e+00 2.282508903160166192e+00 2.302079374113606747e+00 2.331619247952638752e+00 2.367706938668402650e+00 2.549446580991832967e+00 2.585253140355905366e+00 2.680239815154024985e+00 2.712811972663385696e+00 2.800269610615905957e+00 2.923576211436449412e+00 3.093804367559706225e+00 3.499706899589252185e+00 3.706929430555458094e+00
