1.270318389062115916e+00 1.710182399797924857e+00 1.801253367705241359e+00 1.961724801768756965e+00 2.071921357808538477e+00 2.184762690703728971e+00 2.266073330107916561e+00 2.394924477298016274e+00 2.494918809220272760e+00 2.576433023229523389e+00 2.750065569179767522e+00 2.846054478655106745e+00 2.943246366253487345e+00 3.078438388656981939e+00 3.131655377120861949e+00 3.280960222379800229e+00 3.312922877672207722e+00 3.345855410278756548e+00 3.409351909737488473e+00 3.450930391019997767e+00 3.572592445305516673e+00 3.593944464409845718e+00 3.669906347308114825e+00 3.717210127173792511e+00 3.855699211874552113e+00 4.094782632813830148e+00 4.263308076439063399e+00 4.286387265098143828e+00 4.495294131306885710e+00 4.587196453142559527e+00 4.742649508564852567e+00 4.805813158331063484e+00 4.859008948951554885e+00 5.040397298387713221e+00 5.066378565102549913e+00 5.219523434614712798e+00 5.336076073777503481e+00 5.397672076658932561e+00 5.451604200982465898e+00 5.546451916191725395e+00 5.565018482595907479e+00 5.613037468264549190e+00 5.655469236440067604e+00 5.820567425479255874e+00 6.010284123779093157e+00 6.118540835517335630e+00 6.222771442729905900e+00 6.434032258860807652e+00 6.489862023684898951e+00 6.655332211379244356e+00 6.779783302923054755e+00 6.890757914663730332e+00 7.036763822656950218e+00 7.101404868340175369e+00 7.229294574271668772e+00 7.363469973031457450e+00 7.560854532074781531e+00 7.642162152279989407e+00 7.907105656886323608e+00 7.965778803800214192e+00 8.139270008583299187e+00 8.260885477623062911e+00 8.411943179653338376e+00 8.490533920555837000e+00 8.680009931376485355e+00 8.766810110372842857e+00 9.037358673908435946e+00 9.158505414053097482e+00 9.174000824814758204e+00 9.437328406218099985e+00 9.776640503937352733e+00 9.936528954732301244e+00 1.002960953412661027e+01 1.005563809515152407e+01 1.026103240048705878e+01 1.029004148625739035e+01 1.057546141057351718e+01 1.063942430917091286e+01 1.078520533464760867e+01 1.104784469691069759e+01 1.124194412542719235e+01 1.144125729275274495e+01 1.151348548664235238e+01 1.154061327477138477e+01 1.185420725357266747e+01 1.193695018847235723e+01 1.203251642829921408e+01 1.218377318268829690e+01 1.241257341961582483e+01 1.255065699989270023e+01 1.260487768919435325e+01 1.281381849236651504e+01 1.291389933094994014e+01 1.321115136923328315e+01 1.345394829388593294e+01 1.359815876631679110e+01 1.369969777492771001e+01 1.379355219813856692e+01 1.391744255024172361e+01 1.411692625838751169e+01 1.412871680749646153e+01 1.423437838715270409e+01 1.427436751542384208e+01 1.437835568335448500e+01 1.458652597661528638e+01 1.470395849575290370e+01 1.471327413014986618e+01 1.483391141696137261e+01 1.499448890554908864e+01 1.519160652671173750e+01 1.539713080133293133e+01 1.544316549294487473e+01 1.551846722936006806e+01 1.561363500819879491e+01 1.578465702113581415e+01 1.590585429613204660e+01 1.600800140602109778e+01 1.614374164460094718e+01 1.640047836370713341e+01 1.651417615515766713e+01 1.669207979780760454e+01 1.683248614901886242e+01 1.690867093604581939e+01 1.715965670212486316e+01 1.724674868542473050e+01 1.753806902475878005e+01 1.780194401834504347e+01 1.844599105512336479e+01 1.888553389827292150e+01 1.927610156719388002e+01 1.935308129856181480e+01 1.939675147593124294e+01 1.992111152659767725e+01 2.027020032540182015e+01 2.067674465005641338e+01 2.106845059661161557e+01 2.127304415488218936e+01 2.168477284494852242e+01 2.231406596701190992e+01 2.241180479639593059e+01 2.282024485485409215e+01 2.326086554048443489e+01 2.381557175741293619e+01 2.558657552868220009e+01
1.271076143985266249e+00 1.700782324398321110e+00 1.807268189669349656e+00 1.921084693368953822e+00 2.096528894059575876e+00 2.219640491486980505e+00 2.260083872831266216e+00 2.391393263129111268e+00 2.481405301616747217e+00 2.581703524309497677e+00 2.747080942067576359e+00 2.844815199429112873e+00 2.953704940451321814e+00 3.061365313986177394e+00 3.123614817330242488e+00 3.258839140938133649e+00 3.309273423527196556e+00 3.364216011936420170e+00 3.421122168215206649e+00 3.447889634246141810e+00 3.552751155267412475e+00 3.616403493311257211e+00 3.665350406816212381e+00 3.727325003137898829e+00 3.859894105042805723e+00 4.089947565637958249e+00 4.238387212739300303e+00 4.295789355239977958e+00 4.469715619223394221e+00 4.565424837877906761e+00 4.715575315300418069e+00 4.785862890989744045e+00 4.861987253644919349e+00 5.028723466410090381e+00 5.073377105131691600e+00 5.194760268934249581e+00 5.310378043165303374e+00 5.396796862747073042e+00 5.423989284457778837e+00 5.545009156267903805e+00 5.572925644752797503e+00 5.646610820567806499e+00 5.681817355550855986e+00 5.826290332436151687e+00 6.019331170092374172e+00 6.134215758263127150e+00 6.223291213299627422e+00 6.435892147817102504e+00 6.504850107867016895e+00 6.660753373930067056e+00 6.779198091622370193e+00 6.893497909730601947e+00 7.037505596973241850e+00 7.104515628487284573e+00 7.239024175953705509e+00 7.353752774161885775e+00 7.560339058925934275e+00 7.650883633879645984e+00 7.906417468542000115e+00 7.970162326544852682e+00 8.143812084329100642e+00 8.258452706010293909e+00 8.412236309497281184e+00 8.491934322902011445e+00 8.681435482896883826e+00 8.763011240129351620e+00 9.035973978809963114e+00 9.141213627890733662e+00 9.198507537504147180e+00 9.429693605216291630e+00 9.776859208679963942e+00 9.941301889477518472e+00 1.002470184071255233e+01 1.004616476567050576e+01 1.026575711335858365e+01 1.030599049269203071e+01 1.058099198363196436e+01 1.063364538635595657e+01 1.078677947861821806e+01 1.104567073159350876e+01 1.122731457324671034e+01 1.143311678848962565e+01 1.152046816808661944e+01 1.155864346426591460e+01 1.185775858633291513e+01 1.194696785395143124e+01 1.202959828512994989e+01 1.215761426987053540e+01 1.240147379503380165e+01 1.254481857991702398e+01 1.257975389908613018e+01 1.278888028059976634e+01 1.291071977268854809e+01 1.319616033333700145e+01 1.342639676324053433e+01 1.359772547224965500e+01 1.371521784463347160e+01 1.379393979589791286e+01 1.392397537583905986e+01 1.410497685354340902e+01 1.413517735642814088e+01 1.423434185216747672e+01 1.427059023602995858e+01 1.439278561689891411e+01 1.460266793225781079e+01 1.470381811345964707e+01 1.471845712282936347e+01 1.484226998860633095e+01 1.500026831980883024e+01 1.519610904610965285e+01 1.539793538070529699e+01 1.543111669506190431e+01 1.552490902388154836e+01 1.562223776238576178e+01 1.578198446003503896e+01 1.590735805550716542e+01 1.601595183687059887e+01 1.616605913614154844e+01 1.640446100456619050e+01 1.652542718436273717e+01 1.669425698087709620e+01 1.683227064559149966e+01 1.691167804293325361e+01 1.717809286988851625e+01 1.726587699276712939e+01 1.753696148220880957e+01 1.780598284424274524e+01 1.844095870982500074e+01 1.887924747691993943e+01 1.926785526341184962e+01 1.934943869741967504e+01 1.940138616546255079e+01 1.991624281099373661e+01 2.026034801920068062e+01 2.066500205564997827e+01 2.106245951707680675e+01 2.125440602174208493e+01 2.166535583247072694e+01 2.230523401738219036e+01 2.239591754730180639e+01 2.279012688107643569e+01 2.323890051479009955e+01 2.375025658032912190e+01 2.554769250144344284e+01
1.265514862608039026e+00 1.672248344281552779e+00 1.791513549104994940e+00 1.884466775832477792e+00 2.110352944391203245e+00 2.237160759309104296e+00 2.280287777137202099e+00 2.376810680148883748e+00 2.483427020058022627e+00 2.575387498194849467e+00 2.742296450683909814e+00 2.841766668593701084e+00 2.961884558613701479e+00 3.026873786479049588e+00 3.113024086753865660e+00 3.229179606028381944e+00 3.307640745014110095e+00 3.398788446969403854e+00 3.408685897511471108e+00 3.465824456878161985e+00 3.518627436151429144e+00 3.628491044322472714e+00 3.666328612837596701e+00 3.751271879218213812e+00 3.874051534411834030e+00 4.069163328100532162e+00 4.198512613537180194e+00 4.290079676904167805e+00 4.374858391993833528e+00 4.554145301932957857e+00 4.617035209347339020e+00 4.720816108548561374e+00 4.875861670449869401e+00 4.960748635780521276e+00 5.084808809572724186e+00 5.158350222965436771e+00 5.248808405771090868e+00 5.367136566080343840e+00 5.466728302567926079e+00 5.526800860476394739e+00 5.595602573153063197e+00 5.676915748962228392e+00 5.728308546363384046e+00 5.845531759880540079e+00 6.049760445233565598e+00 6.174238805870197133e+00 6.227582754020533073e+00 6.455014590262467600e+00 6.534302072147807117e+00 6.674002658943348543e+00 6.777529042541116766e+00 6.905712581150120322e+00 7.035352402835866492e+00 7.119396983921285837e+00 7.262724790523884977e+00 7.331064782044329320e+00 7.558104916538550100e+00 7.672978317495456224e+00 7.904137804111051935e+00 7.982801329241389077e+00 8.156549787193789314e+00 8.252380184683939746e+00 8.412445493173931865e+00 8.495282860734464592e+00 8.680619199127317387e+00 8.762589756235993121e+00 9.024553412639127359e+00 9.138802052011762100e+00 9.227810835372730836e+00 9.409787286853404709e+00 9.766138617572897473e+00 9.957072918967909914e+00 9.992969181228684050e+00 1.004963008398488178e+01 1.026592373308996464e+01 1.034921083007413323e+01 1.059598832917242461e+01 1.061905621230798502e+01 1.079379415820815069e+01 1.104106027149949831e+01 1.119441810445154495e+01 1.141531936125979385e+01 1.153079380647703545e+01 1.160355443962634858e+01 1.186877280055896300e+01 1.196283403381134214e+01 1.201991007072438400e+01 1.209393785978783065e+01 1.237521535912297033e+01 1.245196761320502254e+01 1.256834941365155522e+01 1.274042208479629323e+01 1.289216852307835381e+01 1.316265136933727220e+01 1.337779959254040740e+01 1.357876573601705417e+01 1.371343912960487899e+01 1.380578959732923927e+01 1.394086232530410285e+01 1.407205240238357113e+01 1.415141237934717289e+01 1.423073880968634874e+01 1.428487325736701763e+01 1.442125332231149848e+01 1.464359498196489007e+01 1.470640247319752270e+01 1.473593626726364114e+01 1.486298317237248945e+01 1.501928393084760494e+01 1.520977328476647905e+01 1.534644204817387347e+01 1.544790980252077439e+01 1.554646173471076587e+01 1.564757538137934922e+01 1.577216171026374525e+01 1.592693055192104801e+01 1.604525254334759765e+01 1.621536538967081853e+01 1.642204989690809924e+01 1.655716495511953568e+01 1.670071591229130092e+01 1.683136282527701511e+01 1.691968463808119338e+01 1.720026748174754161e+01 1.734478227803550610e+01 1.753471008667911235e+01 1.781837878111755913e+01 1.842552572855920090e+01 1.885900900945845748e+01 1.924343363861873257e+01 1.934086781957806522e+01 1.941235211579263265e+01 1.990094223248979333e+01 2.022694028667772059e+01 2.063226338556965089e+01 2.104465753387495397e+01 2.119626049042280158e+01 2.160789072927383003e+01 2.227555753852806220e+01 2.234957799967354930e+01 2.269885347029046230e+01 2.318319048201967547e+01 2.356453446952342645e+01 2.543766434942125443e+01
1.242543142281893331e+00 1.622540519701448636e+00 1.727851785562358744e+00 1.875514126075679355e+00 2.095738521511911756e+00 2.196322140785847310e+00 2.261893869491012232e+00 2.361435340671332650e+00 2.529259456360153813e+00 2.545048961037728041e+00 2.737652771455320266e+00 2.841552634276153455e+00 2.920493810266198587e+00 3.026725264204459087e+00 3.112692139969182037e+00 3.201651151237883575e+00 3.315580693479174279e+00 3.375785033235519261e+00 3.436941855681360014e+00 3.465565040092488225e+00 3.502781599923670885e+00 3.604476542314364096e+00 3.669752916560000688e+00 3.771544265242041227e+00 3.893140152861693348e+00 4.013754815457224900e+00 4.147056828057348987e+00 4.242859283342435006e+00 4.287854310000200897e+00 4.456132166134886496e+00 4.549190428806522135e+00 4.626202377239563290e+00 4.836643933366499226e+00 4.918688945201934892e+00 5.036092685733713381e+00 5.152024271661978183e+00 5.213981411245307562e+00 5.351302853207771548e+00 5.497212907552015082e+00 5.527320839040961609e+00 5.626269412841797823e+00 5.693776786016749192e+00 5.760782969301215140e+00 5.867058406133125459e+00 6.096815058207282867e+00 6.210384254380183933e+00 6.253875188085627812e+00 6.492810095885841015e+00 6.570683381526253086e+00 6.690412695836592150e+00 6.774246670234454371e+00 6.929259754803570814e+00 7.036065431382647617e+00 7.140752098111110335e+00 7.282907416841671200e+00 7.317278672330289169e+00 7.553405353708154024e+00 7.701527663390572265e+00 7.899598589832225848e+00 8.001395113121517966e+00 8.172008687653605108e+00 8.250218485618624698e+00 8.404660126461759972e+00 8.503989434553469451e+00 8.676205507970946584e+00 8.781188327582460929e+00 8.998980578132774966e+00 9.156352282620666472e+00 9.252844965732297311e+00 9.386018232297486108e+00 9.729102360846052733e+00 9.941449188781181334e+00 9.992239232233952606e+00 1.006342659722684907e+01 1.025160108488223187e+01 1.040286900422549365e+01 1.058137463714927229e+01 1.063314456768658722e+01 1.081010815523149837e+01 1.103834089633294724e+01 1.116010288298051378e+01 1.139012864655285817e+01 1.154399350207958008e+01 1.164904535040638756e+01 1.188576405501436284e+01 1.191624566060229640e+01 1.200154471710391491e+01 1.206259139376203038e+01 1.228834044487429544e+01 1.236470150320945827e+01 1.251016084139468276e+01 1.272343268112283710e+01 1.285651564589540286e+01 1.312536550147873804e+01 1.332751917802529640e+01 1.353978713909842924e+01 1.369189460426719407e+01 1.378386333005837727e+01 1.395564780687349149e+01 1.404176551839071152e+01 1.415114010856101068e+01 1.423439525105318815e+01 1.433723839328403926e+01 1.444930662349057116e+01 1.467575081052011754e+01 1.472344797335854771e+01 1.477668171374372541e+01 1.488916973645134867e+01 1.505043196326499100e+01 1.522376271885043231e+01 1.528225210259362754e+01 1.547613885102088283e+01 1.557854603649869318e+01 1.569040210817638759e+01 1.575750905890514808e+01 1.597740154389736134e+01 1.610125614350660683e+01 1.626310368945591733e+01 1.646535217617646651e+01 1.660424743305767947e+01 1.671212866711226397e+01 1.683057006093676833e+01 1.693214098782693711e+01 1.721017300220011492e+01 1.746524381712985985e+01 1.753949692539688243e+01 1.784102174624825565e+01 1.839800169236131211e+01 1.882039784793539994e+01 1.920385291326796917e+01 1.932991675479707894e+01 1.942530164274269211e+01 1.987357229816455018e+01 2.015754809368970868e+01 2.058650361415109131e+01 2.101549470910307349e+01 2.109256611296391881e+01 2.151637271095299653e+01 2.220650374723731346e+01 2.227553134948425750e+01 2.256152931408865570e+01 2.311362295278128443e+01 2.329342579430826987e+01 2.527418859670811102e+01
1.199212978646184036e+00 1.548233169764052342e+00 1.647386690208446858e+00 1.841597003555718981e+00 2.041452510044173163e+00 2.124876437719132038e+00 2.187823917984419442e+00 2.332384556447995028e+00 2.481202660579460595e+00 2.553702662442088656e+00 2.736252014507997377e+00 2.842524011692431518e+00 2.888484531202965666e+00 3.008112754037924663e+00 3.108900254724808132e+00 3.168679643861234574e+00 3.336321477970336513e+00 3.342233682229375447e+00 3.404533787296534442e+00 3.449983912833376465e+00 3.532471470410958769e+00 3.570377546824756720e+00 3.653988957079527200e+00 3.762993549174180163e+00 3.877671024151915891e+00 3.936809186019257556e+00 4.052637261210754183e+00 4.160606530128227121e+00 4.251373659407857275e+00 4.324069651395641145e+00 4.502728526036674062e+00 4.572080695282565443e+00 4.772891900396723841e+00 4.866028314293893153e+00 4.995590516150596017e+00 5.132593575514543538e+00 5.193021941117021534e+00 5.345108502381297200e+00 5.489716212187049749e+00 5.567719443370938492e+00 5.642967464597833605e+00 5.715296599664583255e+00 5.791421031031536160e+00 5.883409464957310320e+00 6.139476655380458503e+00 6.227082827958138722e+00 6.309837429426927713e+00 6.520664580891024187e+00 6.624479187439364480e+00 6.712755643132890526e+00 6.774663202780137894e+00 6.951572262773010991e+00 7.047064553258483244e+00 7.154754759622588445e+00 7.274874441483555998e+00 7.346676075366722181e+00 7.544902011554468935e+00 7.732525460660196970e+00 7.893020807139055073e+00 8.019366354721947587e+00 8.176335672545235411e+00 8.267587796757707608e+00 8.382307321289722779e+00 8.524636848690319013e+00 8.680630793356696628e+00 8.816704875953881526e+00 8.964599525631541610e+00 9.174076428678208828e+00 9.274782995341951164e+00 9.369285192329240175e+00 9.670253423519461933e+00 9.889549315066810564e+00 1.001920263341685313e+01 1.007940456543532548e+01 1.022116507503931260e+01 1.045129898869190122e+01 1.054819351218901780e+01 1.065991899904456197e+01 1.083432484839640786e+01 1.103866136622568916e+01 1.113706605721367815e+01 1.135515842928803387e+01 1.156009941630426852e+01 1.166232512727656356e+01 1.182853966652417377e+01 1.188557944792361276e+01 1.196402176887415791e+01 1.202359433538600797e+01 1.220228202610347346e+01 1.230615628977005116e+01 1.243842565986642512e+01 1.271257491852100152e+01 1.282362917201523800e+01 1.308069861283265745e+01 1.328284901544696162e+01 1.348960088020188230e+01 1.366848106985053590e+01 1.370823622499941585e+01 1.397642097596674837e+01 1.400573820733068509e+01 1.413789852409368741e+01 1.424936507977505151e+01 1.438547267368759996e+01 1.448977915026363483e+01 1.468554549137577858e+01 1.475457617155090695e+01 1.483200448973037666e+01 1.492208773952941314e+01 1.508168926693637779e+01 1.518552034915444438e+01 1.530618780266018142e+01 1.549799484990226972e+01 1.561146193201980559e+01 1.571690714029663027e+01 1.578329873873148514e+01 1.604528958810017514e+01 1.618369329934882472e+01 1.629808101548178811e+01 1.653076603134772071e+01 1.665681556138007124e+01 1.673301850667249369e+01 1.683358757393517635e+01 1.695026931115088331e+01 1.721690831023298074e+01 1.751184215612835970e+01 1.762478288887256639e+01 1.788177863660991207e+01 1.835244600975107687e+01 1.875650701205096382e+01 1.915091451851380810e+01 1.931710292823048292e+01 1.943638335860491750e+01 1.983251704497450518e+01 2.003404746689653493e+01 2.053949213689978492e+01 2.093621466913436535e+01 2.097760733166119351e+01 2.140068936010029432e+01 2.204097957848956568e+01 2.218310506158939788e+01 2.244157173970460306e+01 2.299150085315414671e+01 2.305119907196808171e+01 2.508085987282891693e+01
1.137559266183598261e+00 1.445662802283572024e+00 1.554549808772422326e+00 1.769772792610667445e+00 1.929465185896972246e+00 2.018017683378909854e+00 2.092290982955932410e+00 2.263144144214459086e+00 2.422028640407061229e+00 2.503660161864547096e+00 2.710766764876555879e+00 2.826374273570336548e+00 2.877802148794333714e+00 2.966526392129979595e+00 3.039369280777799887e+00 3.124911767821862085e+00 3.278596170876954652e+00 3.331708125603164206e+00 3.367904989225178891e+00 3.414160734198010694e+00 3.536178751915575624e+00 3.544767530145380707e+00 3.657941679724609596e+00 3.695924201801390474e+00 3.820497085136496551e+00 3.857113502601501764e+00 3.997065133314215313e+00 4.060370496351540126e+00 4.198008747735707757e+00 4.306147584283838370e+00 4.472795580956793415e+00 4.556537474222265516e+00 4.710631588221012578e+00 4.788228664700675985e+00 4.942474989399696206e+00 5.117612336025127995e+00 5.179269826433262836e+00 5.335801216786808965e+00 5.482637392468239668e+00 5.592293809939632432e+00 5.649156079960985899e+00 5.749564556692344119e+00 5.818992913502748721e+00 5.898763492656718732e+00 6.165598250039067807e+00 6.242319749698393316e+00 6.367516524069768202e+00 6.530080242633030885e+00 6.666955170175796752e+00 6.746346616344832015e+00 6.800375181347298792e+00 6.966150357925247505e+00 7.048746977670869107e+00 7.162000948130015310e+00 7.272392592885949192e+00 7.393465907136641313e+00 7.529959013780541888e+00 7.763259666727441832e+00 7.886581687864397061e+00 8.025542858087620246e+00 8.166276251793739505e+00 8.300629674230952659e+00 8.363428512782641988e+00 8.554602057013466876e+00 8.697734637766558308e+00 8.854059352654541470e+00 8.931009714998564775e+00 9.177741867339555881e+00 9.298039243937054721e+00 9.363837714346550101e+00 9.602283808657814390e+00 9.831499449975913407e+00 1.002321382377102488e+01 1.009419617168073025e+01 1.017912281941802988e+01 1.047339666345344433e+01 1.052136849537329866e+01 1.068010817923489064e+01 1.085616464248694868e+01 1.103106008947133709e+01 1.113832511873572351e+01 1.130894000427246837e+01 1.156713346876577830e+01 1.160695742708997180e+01 1.173836558999087742e+01 1.179778559153673534e+01 1.193455788015826791e+01 1.200616828592603014e+01 1.211296904088334259e+01 1.230090397193020024e+01 1.241025979888808095e+01 1.264636472198851891e+01 1.282595414914297116e+01 1.302293606893134914e+01 1.324784914925078461e+01 1.342668258292357208e+01 1.358135621808708215e+01 1.368590122578094004e+01 1.393007180235521503e+01 1.402440398199739846e+01 1.412037333267053008e+01 1.426846364613937013e+01 1.439168052716789603e+01 1.454706978788528460e+01 1.469773357866848684e+01 1.477924832044603853e+01 1.487342788585856823e+01 1.496148384780283003e+01 1.509369361470746007e+01 1.517153723935378018e+01 1.537326921316700101e+01 1.551443465530968702e+01 1.563937292741255902e+01 1.570857825333246005e+01 1.587274589070630704e+01 1.611511783083181371e+01 1.626685336643675583e+01 1.634027792661389000e+01 1.658690373931444029e+01 1.669935006522399235e+01 1.676916318921159643e+01 1.685006708306778833e+01 1.697678458795372336e+01 1.722544410861324948e+01 1.750886181879389625e+01 1.772238124317898667e+01 1.795795912727990284e+01 1.827212324080043260e+01 1.866669876064432998e+01 1.908617083083391108e+01 1.930093968846452412e+01 1.944124433245885086e+01 1.977276473707235382e+01 1.985570655991635647e+01 2.049892261335015320e+01 2.073974103768064126e+01 2.092871881318831129e+01 2.127540759244516266e+01 2.177423617512996046e+01 2.208211895531744062e+01 2.237741630108664381e+01 2.274668070024074495e+01 2.298062453523921889e+01 2.488154971400028259e+01
1.059217270994818660e+00 1.307889280774082064e+00 1.445033366679595810e+00 1.654439559438193541e+00 1.739056826330099170e+00 1.883996704745787065e+00 1.984429109063985841e+00 2.157406473744937436e+00 2.341248913353233707e+00 2.423830154500004053e+00 2.619327500973862577e+00 2.760571572028817755e+00 2.804835911196340792e+00 2.866475019010575664e+00 2.942195215727942070e+00 3.083742240508686727e+00 3.193358206046524650e+00 3.299035869416842015e+00 3.319525445064947622e+00 3.406190806860062814e+00 3.471971133983056568e+00 3.546573082450115599e+00 3.612321795165772453e+00 3.701562361469399765e+00 3.758556928917926587e+00 3.844661720688324458e+00 3.945243273486189750e+00 4.018240141441014934e+00 4.129887617164336611e+00 4.336619372210607892e+00 4.470235417709470305e+00 4.560905491011771673e+00 4.648303760946935981e+00 4.710585599758505104e+00 4.874193103808445393e+00 5.084642911087539296e+00 5.194093437374854183e+00 5.321727668604649963e+00 5.471453900546840110e+00 5.582507840449101089e+00 5.668506395185443303e+00 5.782485646796081902e+00 5.840742907606997214e+00 5.915741592546335248e+00 6.179023410202960420e+00 6.256085968769503403e+00 6.410331093004716152e+00 6.533499240515393325e+00 6.682222035317774811e+00 6.772016580985529721e+00 6.859834004609267843e+00 6.965162545828977869e+00 7.039362666734239937e+00 7.169929924630687346e+00 7.277186096265455539e+00 7.440407605835408944e+00 7.514016628161300559e+00 7.789977678813269968e+00 7.883673654913521567e+00 8.010474328122418441e+00 8.146450840824234874e+00 8.326353969209694839e+00 8.376901620765643486e+00 8.588316760185767507e+00 8.716526449148298994e+00 8.845322282056482521e+00 8.942185376622228787e+00 9.176146313995108272e+00 9.314146488183972394e+00 9.366744107386946183e+00 9.534127124289181410e+00 9.767954261293590790e+00 1.000305842326452854e+01 1.008919841093747216e+01 1.013806278463572319e+01 1.045772461078723659e+01 1.050924558075324633e+01 1.068307890877883892e+01 1.086567191391866416e+01 1.101344595213816469e+01 1.115655789061233172e+01 1.125246924490925338e+01 1.145086178767055785e+01 1.157530119227782883e+01 1.159055264583826528e+01 1.177748107367357377e+01 1.188124679394607242e+01 1.196175085583528741e+01 1.207789998569179879e+01 1.230933167159050079e+01 1.241215240962134025e+01 1.256707378163215161e+01 1.282700205206811361e+01 1.297291785893265903e+01 1.321019976071824154e+01 1.334171481205068943e+01 1.347639743505555288e+01 1.370545734212563183e+01 1.385618457452791397e+01 1.403695716949749084e+01 1.411330964919763709e+01 1.428967407449739291e+01 1.438346234309557481e+01 1.458671647214431388e+01 1.471214701570985284e+01 1.478671804478629426e+01 1.490739247549286084e+01 1.497931987605059589e+01 1.510505137916257112e+01 1.519570697894245015e+01 1.544626639555670877e+01 1.552708703573242666e+01 1.566005399315651125e+01 1.571060719697125485e+01 1.597897138985164922e+01 1.617453725053936964e+01 1.628695858865886592e+01 1.643055005905758037e+01 1.661252628252692531e+01 1.671898934365383482e+01 1.679886239114993529e+01 1.689563832424167700e+01 1.701453959951650319e+01 1.724128261712914778e+01 1.749119748160249799e+01 1.777463234196035202e+01 1.804233976785293336e+01 1.815638238503112234e+01 1.857773956418645156e+01 1.900643609335123685e+01 1.927544980736076852e+01 1.943489678287442501e+01 1.961598035367078552e+01 1.974132283896739892e+01 2.046401433001711823e+01 2.053679778503925135e+01 2.087248122791663008e+01 2.115446691186141592e+01 2.149576634751133852e+01 2.198165956187046888e+01 2.234316815680876545e+01 2.257612471031928081e+01 2.291704357261886926e+01 2.469592901552410069e+01
9.570138404216064210e-01 1.112267023306095171e+00 1.307357242306067757e+00 1.437106121136840997e+00 1.528018521267592300e+00 1.737999705476573675e+00 1.845915562632107321e+00 2.036156304087785696e+00 2.221049593481607687e+00 2.285995241152842361e+00 2.423537057156073704e+00 2.577209545699528981e+00 2.712485067063400646e+00 2.786033209980811165e+00 2.920410868811221583e+00 3.035137845208845331e+00 3.141610442656048274e+00 3.248991015268068328e+00 3.286135876721528071e+00 3.368614238810347050e+00 3.408169171574103817e+00 3.553870078961478107e+00 3.602795068441058568e+00 3.683442579412961493e+00 3.756669636938436696e+00 3.845538497234997966e+00 3.906944237284948773e+00 3.996746386288508202e+00 4.113663360064314212e+00 4.328634652374330649e+00 4.504646755550144377e+00 4.531496767084158606e+00 4.621455538842652366e+00 4.643277907755629208e+00 4.813394835055518683e+00 5.043346075690899433e+00 5.210253209923458861e+00 5.315398534476964976e+00 5.450128087337835048e+00 5.563644847744149580e+00 5.683825358247704074e+00 5.801164756461992589e+00 5.861677593649987195e+00 5.931600112753544707e+00 6.184491252571982400e+00 6.268005574603296992e+00 6.431901666808944817e+00 6.535950975005875740e+00 6.689421543443554441e+00 6.788677332149993582e+00 6.909458678170593338e+00 6.933035549357447813e+00 7.049386593754161545e+00 7.175317391767744191e+00 7.286395934439619637e+00 7.429624253669592449e+00 7.545188081441333239e+00 7.806813521091846120e+00 7.889226796389690932e+00 7.973389972372046053e+00 8.124259869423951841e+00 8.352099397639083378e+00 8.406273129395769317e+00 8.621711558128639652e+00 8.702123809115899888e+00 8.832518408799204579e+00 8.969957568109141022e+00 9.185500040228783192e+00 9.307868386746555700e+00 9.374984896693879577e+00 9.470932258920765179e+00 9.698156826566240341e+00 9.967674740432249436e+00 1.005050918507090074e+01 1.011201099337857734e+01 1.042430284467837431e+01 1.049472650402936225e+01 1.064988430221257154e+01 1.085138849157636187e+01 1.100256609862213431e+01 1.114048087474105486e+01 1.118777751210449800e+01 1.128834255295136302e+01 1.146931669665681319e+01 1.154798957771586920e+01 1.171178109100060460e+01 1.183825449630216298e+01 1.191444213483861425e+01 1.208412754831686087e+01 1.229107671523326317e+01 1.240837648465321230e+01 1.253391511593003749e+01 1.278164872996237023e+01 1.295995298661611272e+01 1.316817279545232466e+01 1.323820284614913234e+01 1.338890978724071523e+01 1.372190040176211490e+01 1.378976549320658407e+01 1.399665964668465890e+01 1.413916153801370612e+01 1.430440199845538096e+01 1.438484886457789003e+01 1.459745247596304019e+01 1.472162803845030865e+01 1.477867137689658428e+01 1.493385399491845789e+01 1.496837396426575495e+01 1.512888974549158760e+01 1.522946157851328941e+01 1.549664295338321196e+01 1.553742586566423611e+01 1.567966134162076131e+01 1.572672631006195942e+01 1.603978842769389956e+01 1.619305739081364948e+01 1.630847098764662206e+01 1.649881634363400451e+01 1.662643832687496825e+01 1.671640873331586263e+01 1.681355812620949308e+01 1.694055915914404409e+01 1.706700321306242785e+01 1.726980890873142371e+01 1.745051178053748231e+01 1.780651499844124430e+01 1.793513902132990623e+01 1.821021383029648888e+01 1.852378130725156780e+01 1.890324220287767787e+01 1.922101636401276181e+01 1.940002603752412469e+01 1.946820282443944805e+01 1.969266340779442004e+01 2.036953332188678090e+01 2.043646985419882611e+01 2.080994933200544850e+01 2.104688043079468329e+01 2.127156471957641415e+01 2.189552289544833386e+01 2.232162206718231801e+01 2.247302816708254625e+01 2.285884236968023941e+01 2.453670180554356151e+01
6.916485931859109870e-01 8.871696607947709978e-01 1.061915496884607180e+00 1.220900503397818193e+00 1.324349855852562818e+00 1.582833716503674770e+00 1.660662689352188526e+00 1.908496700919338318e+00 1.989657602665120040e+00 2.097906414138222875e+00 2.300756775271433074e+00 2.473780550718438942e+00 2.615497480066503400e+00 2.725623713166120954e+00 2.886957484815138475e+00 2.968296938752609027e+00 3.119621195104255396e+00 3.192568627017366989e+00 3.264580731648147882e+00 3.322837159263704709e+00 3.387269686460777862e+00 3.532703543999235585e+00 3.587117315796403361e+00 3.666998740683377722e+00 3.775593634374192931e+00 3.832468632118192886e+00 3.923206622318885284e+00 3.990960119512381610e+00 4.116153076098716390e+00 4.297033204621063085e+00 4.457005599662950068e+00 4.554623276150898903e+00 4.582303626023380261e+00 4.629110085412659892e+00 4.779388667376063715e+00 5.004664032065233137e+00 5.209665742165252134e+00 5.318799494410557216e+00 5.424105486988937130e+00 5.553370827444542357e+00 5.687218816911718378e+00 5.801073890478126494e+00 5.882920519740408416e+00 5.941410242104049111e+00 6.183241431882845696e+00 6.280228859940771180e+00 6.439317368778395334e+00 6.536280548399885149e+00 6.683522889436823711e+00 6.795506017940470045e+00 6.896311954698871816e+00 6.938145359265321055e+00 7.054723303623872788e+00 7.178199030542695702e+00 7.297698071597244152e+00 7.384732690117044918e+00 7.598239757097879910e+00 7.804564946446443052e+00 7.899777376194784928e+00 7.935300609573263664e+00 8.107391552633965048e+00 8.380606897357385066e+00 8.425963605135446954e+00 8.642835796184911601e+00 8.655635973803690320e+00 8.851334966349837075e+00 8.970736826516262141e+00 9.202237910003182364e+00 9.287771904908645126e+00 9.369707793344190350e+00 9.416934283724696542e+00 9.629358499157559592e+00 9.913423274934871188e+00 1.001176891575408767e+01 1.008240866908203337e+01 1.037591721228367270e+01 1.046877779247892981e+01 1.058317190962895005e+01 1.079449271996129944e+01 1.093344740191132836e+01 1.106188420373891645e+01 1.114470243307883912e+01 1.120802890930755069e+01 1.137028616915198675e+01 1.142878693610636986e+01 1.168167228280199232e+01 1.179730108559130919e+01 1.191010002491725750e+01 1.206193641108918335e+01 1.226888579172340421e+01 1.238798606592765772e+01 1.253730915353511044e+01 1.270559332368991967e+01 1.294448571067238341e+01 1.312573752678756911e+01 1.314876791009960044e+01 1.331461512673536696e+01 1.368739543652266732e+01 1.376399621480186575e+01 1.394453612524400121e+01 1.416098980592811429e+01 1.430535526854646022e+01 1.439770444004076211e+01 1.457841798568844105e+01 1.472331215797319182e+01 1.476311609994111507e+01 1.492277458963884129e+01 1.496357020362361290e+01 1.513021480889153736e+01 1.526457833261114416e+01 1.547803462493753557e+01 1.556580243491018045e+01 1.567829477875767630e+01 1.575534890769332463e+01 1.591478423251617436e+01 1.628024355575066551e+01 1.635441885601119338e+01 1.648634029299199000e+01 1.665737241536320212e+01 1.673049320553093011e+01 1.681817896344577434e+01 1.696897507137604322e+01 1.712683149265548721e+01 1.730735332576744057e+01 1.742551908059542143e+01 1.781420480491838632e+01 1.785967026404465585e+01 1.828215823589421518e+01 1.851194608402207464e+01 1.878629391570472862e+01 1.911492936317302238e+01 1.934516180165023158e+01 1.944276445957826027e+01 1.966765521640224179e+01 2.026644624024628882e+01 2.040991904795218659e+01 2.074488787447823057e+01 2.095673731009065577e+01 2.111778336802526468e+01 2.183237798379707684e+01 2.230680978006584070e+01 2.241636412203231643e+01 2.280809262867119003e+01 2.440910739244769445e+01
-4.195559994526002479e-01 6.895538668899042767e-01 7.666411178566211460e-01 1.058648884069495866e+00 1.134255602444352640e+00 1.387376691918270177e+00 1.471986114020667147e+00 1.688147241983125157e+00 1.873900719962746653e+00 2.002984929963894434e+00 2.228982523491280787e+00 2.399352599612043058e+00 2.522845577076612056e+00 2.671502923637567140e+00 2.847299139406548107e+00 2.898387067903129832e+00 3.094717869950387890e+00 3.149290524911599665e+00 3.248891648970670065e+00 3.283943250923941015e+00 3.382871352316621838e+00 3.490937700928194776e+00 3.576326167618077090e+00 3.663358893382173243e+00 3.784150744417491108e+00 3.841689258957696307e+00 3.937543341777740125e+00 4.013050016197746928e+00 4.114226426935683634e+00 4.252422073363209876e+00 4.400841397045593517e+00 4.532709211840640684e+00 4.571438712877442079e+00 4.634541416686022153e+00 4.781010675124441889e+00 4.971862501156675052e+00 5.197252041522776977e+00 5.313924063765380623e+00 5.407356801415585501e+00 5.559768990495527419e+00 5.677406519520022066e+00 5.789529239081136147e+00 5.895768026675584750e+00 5.943979692343186905e+00 6.175829067116903381e+00 6.293867105674752160e+00 6.441854031835609895e+00 6.533378347990521640e+00 6.652765928821710695e+00 6.796738010363133853e+00 6.874990330213673673e+00 6.946081311255107416e+00 7.038832150555316858e+00 7.177510886269035773e+00 7.279546663534717688e+00 7.373042582583622107e+00 7.633364901475968800e+00 7.778129260663948052e+00 7.875435109291818669e+00 7.955359549808626696e+00 8.096171061311585149e+00 8.381565650086686858e+00 8.439748982008325129e+00 8.584567790964550582e+00 8.678179106191356240e+00 8.866955008732267274e+00 8.947043758821759951e+00 9.183390533609156137e+00 9.264420878728007125e+00 9.335997268448203101e+00 9.386679275859995286e+00 9.585540869394613139e+00 9.828284584315975181e+00 9.969474820166205120e+00 1.004832973754145087e+01 1.030534656333714061e+01 1.040621756968380929e+01 1.051281950389805253e+01 1.067646461416652670e+01 1.079287325384114737e+01 1.099338946134013284e+01 1.109953130021720469e+01 1.117823619982211980e+01 1.124470693727319670e+01 1.137057929912966081e+01 1.166992542959815005e+01 1.177477499043703091e+01 1.192114905022759253e+01 1.203085026701847937e+01 1.222856614630340388e+01 1.236183824643934948e+01 1.252364987510584449e+01 1.264499830728436613e+01 1.290347924131756407e+01 1.302536361421132760e+01 1.313455155726610712e+01 1.325330901123850325e+01 1.363013765353469431e+01 1.374635795623185963e+01 1.390623647795661633e+01 1.415780567359824538e+01 1.427958862763999193e+01 1.440632510714162606e+01 1.454006198215564538e+01 1.471108527858006987e+01 1.474637150304650390e+01 1.487952343128109511e+01 1.496727532339486011e+01 1.505004719371649990e+01 1.529242431555702808e+01 1.541431458692376211e+01 1.558278602379951394e+01 1.563711681641165896e+01 1.578483397532912313e+01 1.585458070080186843e+01 1.631695770708713056e+01 1.639649890072319138e+01 1.651655242247439404e+01 1.667441421663783174e+01 1.675309739255321517e+01 1.683434092379955160e+01 1.701008404338362467e+01 1.717441231535290314e+01 1.733933937950597937e+01 1.745508018207029366e+01 1.775699057342020026e+01 1.789882859934233039e+01 1.829423566734062945e+01 1.853063907648765607e+01 1.870121565360613047e+01 1.899872818523531848e+01 1.933570306136720163e+01 1.944645716043021366e+01 1.966279016653654210e+01 2.021597779828739760e+01 2.038993513085791776e+01 2.068394165932047102e+01 2.088646606088048685e+01 2.102055842881831182e+01 2.179273170521853586e+01 2.229651032918509657e+01 2.238909751568056095e+01 2.276657774973172366e+01 2.431263737360195876e+01
-7.044798624894890171e-01 3.556369223674014646e-01 5.886758211212580472e-01 9.140689628415452628e-01 1.009472714071149246e+00 1.154225568816828806e+00 1.341847855782263288e+00 1.586038682942100930e+00 1.791935308733277665e+00 1.961083409233105534e+00 2.188733764459381614e+00 2.338308618067941325e+00 2.442716716667296950e+00 2.626337559110978770e+00 2.812269274652221540e+00 2.834737870744969523e+00 3.042118406508347306e+00 3.138050928374862103e+00 3.232493751739024201e+00 3.266033427616562790e+00 3.357371833871633626e+00 3.480634022468745314e+00 3.567976097582088890e+00 3.661742649974189856e+00 3.784414572741193972e+00 3.862697520633902037e+00 3.943265860281601753e+00 4.045993174131579551e+00 4.102446362547829573e+00 4.205038522078173635e+00 4.367191658188701808e+00 4.496750166276643590e+00 4.550692153636904713e+00 4.651057008080221600e+00 4.800017958060137424e+00 4.946100557800120257e+00 5.178631672037608880e+00 5.297073456897255284e+00 5.405041641531064478e+00 5.577507564139207119e+00 5.657916182956650886e+00 5.773846976854283497e+00 5.897076367650388562e+00 5.942979391040251080e+00 6.164084927169191097e+00 6.305668661859920476e+00 6.443968442884370873e+00 6.520692383109625290e+00 6.618471221786565550e+00 6.793057759417718167e+00 6.856378478967743995e+00 6.936634422773081177e+00 7.007530661759223456e+00 7.174754387903124808e+00 7.238871752495780854e+00 7.394132641611457224e+00 7.632023642795950913e+00 7.745218537392818625e+00 7.856991435146690073e+00 7.991078396483862534e+00 8.090182447036600166e+00 8.327380839952292391e+00 8.434623240224828677e+00 8.543375493667436871e+00 8.696316687916670674e+00 8.853355866153654219e+00 8.920429706934388747e+00 9.118500350033144741e+00 9.179790892844263084e+00 9.305368504724409462e+00 9.401478885342276826e+00 9.571177766662936293e+00 9.669270871874642737e+00 9.873103156653213475e+00 1.003145916679051908e+01 1.021299209879922110e+01 1.031330883328196535e+01 1.046127229669957082e+01 1.057122426190669806e+01 1.066186200774704496e+01 1.090854529839118392e+01 1.107295989658918600e+01 1.114131929034609847e+01 1.119234824825848307e+01 1.136009847448574384e+01 1.165625020261617273e+01 1.178003877770156649e+01 1.192580569145934533e+01 1.200490451647831947e+01 1.217681938780828688e+01 1.231280352489230978e+01 1.245858980013630557e+01 1.263855941837120689e+01 1.285523899971588868e+01 1.294453368886816058e+01 1.309619550550436351e+01 1.321864879222987277e+01 1.357360513378129241e+01 1.372507329171208568e+01 1.388935650852891612e+01 1.409432218114206670e+01 1.422006755088698426e+01 1.440867928367758566e+01 1.451392770578349456e+01 1.468291356647739754e+01 1.472493839221720435e+01 1.483222440659364416e+01 1.491169250122747592e+01 1.497878900428374571e+01 1.530336419725916031e+01 1.540865329858924149e+01 1.556220265895940713e+01 1.564164287132446596e+01 1.581150379838753572e+01 1.587391930083347802e+01 1.624647668377554055e+01 1.649324476984588372e+01 1.656680628230003194e+01 1.668711853142237089e+01 1.677891654558927215e+01 1.686325988785351626e+01 1.706259225027759641e+01 1.720401529757933545e+01 1.736177907033511048e+01 1.750850751557696583e+01 1.771081998524135415e+01 1.794458878804621449e+01 1.826402841556418366e+01 1.852862994223115223e+01 1.869264052509376839e+01 1.890738429429136502e+01 1.934842951879152650e+01 1.945913392185418189e+01 1.967136865342152774e+01 2.019985790156578531e+01 2.037754172714674539e+01 2.063254288672672487e+01 2.083669614242011647e+01 2.096050975258827620e+01 2.177176118137343863e+01 2.228962644265814674e+01 2.237927854688673079e+01 2.273508092793604263e+01 2.424374478216217099e+01
-6.212795872205839620e-01 1.888412327957744163e-01 4.051941815038870853e-01 7.840966532627903218e-01 9.886567520442830492e-01 1.038583485464473100e+00 1.247570163662417686e+00 1.570459944137789110e+00 1.730536472754856225e+00 1.954470012013174385e+00 2.165239851068103238e+00 2.293440028052017965e+00 2.390908787854762352e+00 2.592577640024846808e+00 2.753546826971605466e+00 2.818728340308687574e+00 2.991446343651448014e+00 3.135520910276876627e+00 3.222550078339780022e+00 3.260780024765518093e+00 3.313622912035281143e+00 3.496328901104063913e+00 3.568320498377866912e+00 3.662510309028062849e+00 3.778005967978101065e+00 3.880833820323587258e+00 3.950064132019482699e+00 4.044520512550875857e+00 4.105092179557712662e+00 4.176203215456394169e+00 4.343102520151099100e+00 4.475943273297357194e+00 4.529962520672123460e+00 4.660353440872116337e+00 4.818056657219099925e+00 4.927671120612933109e+00 5.154474102977609107e+00 5.286534154737775104e+00 5.406185794036289849e+00 5.577809890735804466e+00 5.652402953769392724e+00 5.763614084089213385e+00 5.893642903212779061e+00 5.940615979740485386e+00 6.150924374120253724e+00 6.310981622909515920e+00 6.441499981042877465e+00 6.495821653585337252e+00 6.612642097139271868e+00 6.776431386962471493e+00 6.829930498780452552e+00 6.917667251202771261e+00 6.973517019675676387e+00 7.171170389967729264e+00 7.206670324636234248e+00 7.412620114723312170e+00 7.601182625100289414e+00 7.722229649458210332e+00 7.851201401747887942e+00 8.016079093228402286e+00 8.085630244749681950e+00 8.214921128158700014e+00 8.364771429232073174e+00 8.545228993437119058e+00 8.699633736336656042e+00 8.795312986120437770e+00 8.902828688789925948e+00 8.995160184891838995e+00 9.093240724975911959e+00 9.264638797777379864e+00 9.386107942284477090e+00 9.491918539805102029e+00 9.582404866112121056e+00 9.787767488112312009e+00 1.002151843738717218e+01 1.015046557445539932e+01 1.026718954495429159e+01 1.041299212935874330e+01 1.051749480687823457e+01 1.057467912177176572e+01 1.085909130923362653e+01 1.103646757507534204e+01 1.108962608879832068e+01 1.120452352839852672e+01 1.136427960097986301e+01 1.164861238900861196e+01 1.179616541035554889e+01 1.191019675567814495e+01 1.199468638662135156e+01 1.213018175977068225e+01 1.224218416031134637e+01 1.239540823064039010e+01 1.263780611580885704e+01 1.280804333948213269e+01 1.290139762313964589e+01 1.304812111822150911e+01 1.320316660874899384e+01 1.351961199505454303e+01 1.371113801370133878e+01 1.389275183865904317e+01 1.397466506604479619e+01 1.416773766470199902e+01 1.441285537821382512e+01 1.450445070222799338e+01 1.465159248341298515e+01 1.468502632569357580e+01 1.479715556617545147e+01 1.485320810242880185e+01 1.497768328197850529e+01 1.530988649180956607e+01 1.543388500212575920e+01 1.553892273759220188e+01 1.565611493585159408e+01 1.583799041992782008e+01 1.589740905210172883e+01 1.619056207249778367e+01 1.655078769296564190e+01 1.659717375229350012e+01 1.670831604804839543e+01 1.682166757715855709e+01 1.689122638640022345e+01 1.711004218376181285e+01 1.721928667959112857e+01 1.737390963244526887e+01 1.755600221831850050e+01 1.767871618410552870e+01 1.798181866582720190e+01 1.822398630387208840e+01 1.851069777421449558e+01 1.872285022382122932e+01 1.884926349866871931e+01 1.936529425211242739e+01 1.947519056224938794e+01 1.968555469345607989e+01 2.020133163706309531e+01 2.037231553514159899e+01 2.059280530393681730e+01 2.080519953492927243e+01 2.092479360116429632e+01 2.176287827616274839e+01 2.228530979922103228e+01 2.237844069468117070e+01 2.271341843972506069e+01 2.419817114262498947e+01
-3.366170496817206814e-01 1.538136239424287288e-01 2.070444782840912823e-01 7.511985442193612750e-01 9.662994554011753445e-01 1.104865901179122201e+00 1.203000827415692697e+00 1.576847428148673069e+00 1.720472946425510630e+00 1.959223444111595880e+00 2.131602806415620055e+00 2.276713732049796768e+00 2.374202798155558458e+00 2.575544067414831328e+00 2.692876571984303968e+00 2.836192353963286727e+00 2.955037691331204641e+00 3.137866935686929981e+00 3.217821017831272279e+00 3.254690546211732816e+00 3.282499611132472683e+00 3.511065556182634495e+00 3.575293482887393015e+00 3.668705063226630259e+00 3.768789605313567659e+00 3.889742042777891484e+00 3.962086338092852156e+00 4.009807308905407375e+00 4.117901564830422245e+00 4.171411248662090898e+00 4.324793535101998820e+00 4.466251284114399311e+00 4.521695626489411701e+00 4.663084556865686459e+00 4.827652179190692117e+00 4.916710245350873087e+00 5.128007436931970808e+00 5.291948494087479027e+00 5.402087759989132820e+00 5.555322525766545283e+00 5.668825702635710506e+00 5.765363149259187026e+00 5.895389187233708306e+00 5.937186410377264245e+00 6.140201510326055434e+00 6.310724935701051308e+00 6.424218213083986662e+00 6.487702820967158779e+00 6.626732372853243902e+00 6.745763298891155557e+00 6.802834124213919864e+00 6.902502269783960642e+00 6.949148583986621830e+00 7.146680928067218552e+00 7.195819766646733839e+00 7.419894578335507695e+00 7.574372639114866246e+00 7.705168758026306186e+00 7.852052003498664057e+00 7.969428292719879181e+00 8.048218956588227613e+00 8.123582888269828217e+00 8.283381020299207975e+00 8.556834798247630047e+00 8.644274128030522419e+00 8.748271365277336287e+00 8.881238431133279931e+00 8.913276850673165441e+00 9.030511071630424880e+00 9.216915790262140362e+00 9.334750984217869529e+00 9.489301830196644971e+00 9.604900838221112735e+00 9.726565500420434773e+00 1.001302884021735551e+01 1.012552978801472214e+01 1.025684484081287984e+01 1.037049897884873495e+01 1.048999566434558339e+01 1.053375467316763192e+01 1.083194466461081440e+01 1.101045082865210567e+01 1.105963758646983131e+01 1.121308321446605127e+01 1.137343612792122549e+01 1.164771067264074844e+01 1.180775316516954554e+01 1.189046832773204265e+01 1.199316098792702512e+01 1.210048489093925994e+01 1.217842811988233898e+01 1.235791987922554114e+01 1.262214567392304687e+01 1.278066782547718283e+01 1.288138101042634531e+01 1.302169085144423910e+01 1.319338401704705532e+01 1.347913784260220638e+01 1.370285575774325793e+01 1.388301300117747772e+01 1.391409974763776880e+01 1.411786389876832892e+01 1.441737952890660068e+01 1.450053576577049164e+01 1.462113809615047089e+01 1.465647496862540322e+01 1.478376462729163698e+01 1.483424425031837934e+01 1.497757419646469224e+01 1.531488785416282283e+01 1.545716450300721689e+01 1.552080703909375892e+01 1.566542334691972016e+01 1.585789275038996493e+01 1.591247977881967479e+01 1.615800452184013025e+01 1.656289509927785630e+01 1.662506553092279304e+01 1.672573591721403119e+01 1.686446017789819507e+01 1.691350957158925183e+01 1.713946818860636867e+01 1.722664630241215278e+01 1.737726870295185932e+01 1.758690196063981759e+01 1.766020432511605520e+01 1.800571722707471878e+01 1.819373685140504904e+01 1.849914755916549680e+01 1.874430315344048736e+01 1.882296741729713219e+01 1.937668932696792012e+01 1.948928053979842190e+01 1.969766250834149801e+01 2.020782508158761459e+01 2.037169122715930669e+01 2.056665472445334331e+01 2.078832244658925177e+01 2.090616758177551304e+01 2.176017603044135740e+01 2.228293913948244054e+01 2.238051662405144882e+01 2.270088813886234291e+01 2.417234230526169370e+01
-7.908712862874248215e-04 -5.477550450811999793e-04 1.230949720255571107e-07 7.631602170421228903e-01 9.937276593492734289e-01 1.111590384763173844e+00 1.220936000096025653e+00 1.575394931779806829e+00 1.734436815760900030e+00 1.962275694166910611e+00 2.111791660638515644e+00 2.273850406116805889e+00 2.373499893839638997e+00 2.573142263866612378e+00 2.664561932448196835e+00 2.850693484650374199e+00 2.940436176294077608e+00 3.140664367776369481e+00 3.214863245065724850e+00 3.246991076181858116e+00 3.277372924613975336e+00 3.515534050981060865e+00 3.579339272709097131e+00 3.674878165991007251e+00 3.763648492638861587e+00 3.891648528589713774e+00 3.977754686242562787e+00 3.984133584253677807e+00 4.117795991486091545e+00 4.175034113429751947e+00 4.318250940474827715e+00 4.463294914013747672e+00 4.520860391237293996e+00 4.663668880262303418e+00 4.829895628713577693e+00 4.913274964643382425e+00 5.114919438590418643e+00 5.299498382807874997e+00 5.397296268141433373e+00 5.544929151279966106e+00 5.677189231395887603e+00 5.769254630614758739e+00 5.899721310351086601e+00 5.935357139397599013e+00 6.136134792091335832e+00 6.309937753908029912e+00 6.413858300353315833e+00 6.488867974729473076e+00 6.637230977476455074e+00 6.726629989067038018e+00 6.791658973652890730e+00 6.896159687483635281e+00 6.940205800572209149e+00 7.123702199420097081e+00 7.196477823170178034e+00 7.420472820432959082e+00 7.565570705451549749e+00 7.698569422126372963e+00 7.849675105570051770e+00 7.883146910462073720e+00 8.039053368322472082e+00 8.120570655368631208e+00 8.250957858785733734e+00 8.558945602357546534e+00 8.607756133036980728e+00 8.744596549319810563e+00 8.865547629806528107e+00 8.902040283297425916e+00 9.006781359739129300e+00 9.202116274087192238e+00 9.323807033592425242e+00 9.492561289632169164e+00 9.630003400743166964e+00 9.691749988370052193e+00 1.000984121728888354e+01 1.011970700989957983e+01 1.025698434617854282e+01 1.035256754400168688e+01 1.048128302131299527e+01 1.052227292199055420e+01 1.082307593381787747e+01 1.100190148230670673e+01 1.104920212311998462e+01 1.121539405113656684e+01 1.137821113954839625e+01 1.164838789456670654e+01 1.180968068484838618e+01 1.188491364741690681e+01 1.199231693623880801e+01 1.209098620493962351e+01 1.215278838908652226e+01 1.234566121419778817e+01 1.261220642245331902e+01 1.277336520719951096e+01 1.287451961865483696e+01 1.301541374501612225e+01 1.318935246828286978e+01 1.346434433631004879e+01 1.369934932779882608e+01 1.385324255703534213e+01 1.392778414974921475e+01 1.409219822181306014e+01 1.441920036691281659e+01 1.449976342658844430e+01 1.460688916446595798e+01 1.464952044407997178e+01 1.478040049306883397e+01 1.482974985809199353e+01 1.497742960937901735e+01 1.531674075428876236e+01 1.546759413017158558e+01 1.551238362258664694e+01 1.566854113151235417e+01 1.586530198980121398e+01 1.591754397404619148e+01 1.614755557796420860e+01 1.656393211936473975e+01 1.663467639432486322e+01 1.673269885076497943e+01 1.688198809645243514e+01 1.692256585715723105e+01 1.714826881574845174e+01 1.722939546195627969e+01 1.737737043314434260e+01 1.759784856044158730e+01 1.765386507578847741e+01 1.801400932197802263e+01 1.818265380234356599e+01 1.849547840948793009e+01 1.874959817002737594e+01 1.881771256317571783e+01 1.938041456307775690e+01 1.949499816477447212e+01 1.970231504991761895e+01 2.021100179181367906e+01 2.037209548294549677e+01 2.055731810821907857e+01 2.078306266859091167e+01 2.090045194781846405e+01 2.175972956417570003e+01 2.228218179920632380e+01 2.238165578725273974e+01 2.269680345917514330e+01 2.416398875471718455e+01
-2.998084507753221439e-01 1.460156765917061117e-01 2.274468785276717864e-01 7.669692767031236480e-01 9.952736779229123254e-01 1.034753565774378936e+00 1.222725160017311907e+00 1.576933449571787049e+00 1.750155765916649120e+00 1.965961297539089880e+00 2.111271375919080651e+00 2.285341595462637265e+00 2.391507854712940251e+00 2.592558684922350754e+00 2.674283443349835920e+00 2.857674960271657572e+00 2.930022824612496635e+00 3.140078661819561301e+00 3.211357138051937454e+00 3.250560528893900791e+00 3.276854061020880504e+00 3.511941392855520760e+00 3.570234485364110810e+00 3.684929905041847142e+00 3.760417355349936930e+00 3.893420267768072485e+00 3.980252312995841812e+00 3.992012999673983487e+00 4.112145276514796777e+00 4.170718472068359439e+00 4.312580600931656960e+00 4.468476793691761983e+00 4.523921014483650360e+00 4.663046923607199190e+00 4.832865763569289541e+00 4.926574732313213190e+00 5.124321048717991545e+00 5.302836008019134795e+00 5.403865671939998450e+00 5.540405118464395429e+00 5.683147643292395301e+00 5.769794873768970156e+00 5.901262249935662396e+00 5.949542266024264059e+00 6.147887926563985417e+00 6.302902789095648828e+00 6.416966551784643258e+00 6.505878864008596274e+00 6.634697687648154485e+00 6.739562071379256558e+00 6.806095742372374247e+00 6.906608075887365139e+00 6.988086376015801626e+00 7.136982277760461457e+00 7.269450581204187856e+00 7.451275633994173475e+00 7.596581797289003291e+00 7.703178462662513049e+00 7.857264202142411058e+00 7.895197190616178418e+00 8.056347346264395526e+00 8.136267278384604396e+00 8.263910052316450816e+00 8.562013432370473964e+00 8.641795654411506433e+00 8.779395266182309143e+00 8.863317116035362986e+00 8.916104146018676957e+00 9.014276875587377447e+00 9.204369194677610722e+00 9.357399727623166186e+00 9.522919943490416372e+00 9.642026513675125088e+00 9.704048992125997586e+00 1.001933681479073357e+01 1.012021263133686233e+01 1.024906895988998379e+01 1.036480077075360029e+01 1.048972630259876127e+01 1.056077837353957172e+01 1.082814948437521352e+01 1.101035707226407112e+01 1.106519829066065164e+01 1.124765771951755333e+01 1.138540931313547055e+01 1.164682143608801468e+01 1.180438970576456725e+01 1.189738451168583033e+01 1.199768506857756734e+01 1.211609654456360374e+01 1.217726585460375333e+01 1.235304434026089737e+01 1.261687660822962087e+01 1.281391821796173325e+01 1.288238724633552224e+01 1.303410430848198942e+01 1.320123452203995917e+01 1.347155003222452940e+01 1.370570883015460062e+01 1.385131132315790481e+01 1.392414084408978248e+01 1.410328423437735168e+01 1.441625411957889824e+01 1.450203708487602761e+01 1.458131068095318916e+01 1.467142138741901469e+01 1.478071970070083374e+01 1.482683426921792957e+01 1.497907642594755906e+01 1.530810317571512336e+01 1.546049844263897732e+01 1.551651963678966339e+01 1.566238744835473184e+01 1.585125581039933351e+01 1.591935877071588656e+01 1.615656239907557534e+01 1.654897965308505547e+01 1.664897004417187887e+01 1.673282932033901105e+01 1.684354105666514556e+01 1.693100732414761467e+01 1.713198439043684829e+01 1.726605263738851548e+01 1.738159793911134443e+01 1.758971381970416559e+01 1.765608019551503460e+01 1.802433358074186032e+01 1.817847918064861545e+01 1.848494122214427904e+01 1.874494949664833854e+01 1.882760577947806979e+01 1.936376560059497365e+01 1.950688024620180272e+01 1.970088252774953830e+01 2.021334455223743731e+01 2.037016697802317466e+01 2.054752214329833748e+01 2.077934100333999368e+01 2.090849091997490916e+01 2.175136392265820007e+01 2.227811596911575975e+01 2.237515767797348332e+01 2.269361020648929284e+01 2.417007799039103233e+01
-5.765519193105284046e-01 1.613799160546021960e-01 4.312076449717779369e-01 8.073664669095194091e-01 9.519878589566999061e-01 1.050293469970413618e+00 1.272590661227797737e+00 1.589725683800301548e+00 1.798994665259087133e+00 1.973906679559917388e+00 2.119637882937788209e+00 2.315563231535067601e+00 2.442844408292448311e+00 2.639770103407178325e+00 2.693070002204130731e+00 2.884048673772017679e+00 2.913462172663793925e+00 3.143740695422949205e+00 3.194975546236102026e+00 3.254384528672371157e+00 3.295965182829858620e+00 3.501266232175076265e+00 3.564392625218256061e+00 3.706101113696671945e+00 3.754790521283224880e+00 3.897321357031567679e+00 3.976763912714062155e+00 4.009876556966588623e+00 4.103364365741390074e+00 4.162734823251611260e+00 4.301873757318433356e+00 4.480284911638412026e+00 4.530216349018140853e+00 4.666440345309974980e+00 4.845793087592513260e+00 4.961916537374323255e+00 5.150828237169866597e+00 5.312355522706234012e+00 5.412031331784321608e+00 5.530322480566394638e+00 5.706372244634166258e+00 5.771543118850158471e+00 5.908825810376632681e+00 5.971788648250005771e+00 6.168008203153181768e+00 6.278377337155309768e+00 6.454204800540741083e+00 6.519476973255287078e+00 6.648884229990983386e+00 6.770786377419774738e+00 6.837437616492023196e+00 6.946043276292344082e+00 7.074108575509773011e+00 7.221453246825418226e+00 7.378983411135616954e+00 7.527474105172864860e+00 7.664447845903279877e+00 7.735210397259106863e+00 7.869374747624087618e+00 7.938087473029270313e+00 8.121059726198991413e+00 8.177715649491904770e+00 8.290786190850726101e+00 8.580585881058770070e+00 8.724332121000882623e+00 8.842283627564675896e+00 8.866040945235059922e+00 8.956248319441057149e+00 9.060450678743858788e+00 9.228029010723972192e+00 9.407877731934032539e+00 9.562798713841189624e+00 9.713356890557827583e+00 9.763776168260049459e+00 1.005952986136072091e+01 1.012576597206441775e+01 1.023789100661735496e+01 1.040060768521246715e+01 1.051047641779109831e+01 1.067272969000193328e+01 1.084494143338165628e+01 1.103668619968529541e+01 1.110780955472764475e+01 1.132979784810849466e+01 1.141430076550575734e+01 1.164255099278304506e+01 1.179932874124276410e+01 1.192858168720127665e+01 1.201512206754945034e+01 1.219122643629895641e+01 1.224798819613852352e+01 1.237430357318792851e+01 1.262687018239908632e+01 1.286244370239186630e+01 1.296516837888494678e+01 1.310261361191849439e+01 1.324005229483835500e+01 1.349288266742563280e+01 1.371989444968647653e+01 1.385083493155725876e+01 1.392261253630052664e+01 1.413265624736981430e+01 1.440907875390224824e+01 1.449661095008045031e+01 1.455517563084215737e+01 1.469769978813051381e+01 1.478230123399719176e+01 1.481963326632123668e+01 1.498514489563907048e+01 1.528597380880517065e+01 1.543824905860988750e+01 1.552858508711567076e+01 1.564368440325631582e+01 1.581820168679087146e+01 1.592172351207836023e+01 1.617685883521665247e+01 1.652238864850304623e+01 1.665632401989520162e+01 1.673843068364092446e+01 1.678439940518609674e+01 1.693849500435731770e+01 1.711224403094063007e+01 1.730771199004246697e+01 1.740606068105473980e+01 1.756925921735654583e+01 1.766287808509394353e+01 1.805412336754744373e+01 1.817436237401811283e+01 1.845491886433554285e+01 1.874203412307375771e+01 1.885181597761543060e+01 1.932828325109839440e+01 1.953048150151814966e+01 1.969974964023830566e+01 2.022182140218949087e+01 2.036387142046068277e+01 2.052309416303979361e+01 2.077190796541475848e+01 2.092811803126796022e+01 2.172764124271556696e+01 2.226692082325631006e+01 2.235606244793881814e+01 2.268505302706904914e+01 2.418901915064029495e+01
-6.680574394010365680e-01 2.904128686646849644e-01 6.455315081776010766e-01 9.176895123303854263e-01 1.072875691037595169e+00 1.188701570323951184e+00 1.368353746404116000e+00 1.628305833675246950e+00 1.878264175212733145e+00 2.002976397886613302e+00 2.150327735221482683e+00 2.360911300657982270e+00 2.517763179768413906e+00 2.692878476333834925e+00 2.722150116061634151e+00 2.890854173442845898e+00 2.951192823584984470e+00 3.148993245907391270e+00 3.187130092282770555e+00 3.262165908804565806e+00 3.333936373243177265e+00 3.484041373747456039e+00 3.574478866060642801e+00 3.725497008201287041e+00 3.751167321060492554e+00 3.904835717283411611e+00 3.960564525474363329e+00 4.026341519982453043e+00 4.103963407324034307e+00 4.155049620166195723e+00 4.298807208112593869e+00 4.494703530072359676e+00 4.537529761921772931e+00 4.678167515454905612e+00 4.871271230436418520e+00 5.009165904244553325e+00 5.189878753141406342e+00 5.319991326476358751e+00 5.398243642663938857e+00 5.540265972360478131e+00 5.735086344395395663e+00 5.775516449885214953e+00 5.920350070266831466e+00 5.989540545537359151e+00 6.171697558305978326e+00 6.256866517077149581e+00 6.498958618139243804e+00 6.533555422338895191e+00 6.678273924617891488e+00 6.806485835469454848e+00 6.877589301377666331e+00 6.993778536988775052e+00 7.173804325712444196e+00 7.340023680795284555e+00 7.478485611783175280e+00 7.596793081049026064e+00 7.688310471961879777e+00 7.815298890683722632e+00 7.890661365349130207e+00 8.007812771517841099e+00 8.220781834220568740e+00 8.244251247525198778e+00 8.333923502139541029e+00 8.611625652896684358e+00 8.780800016728795399e+00 8.876210501611845771e+00 8.906209486910032780e+00 9.018096714425942295e+00 9.173166220298110574e+00 9.289750216338545030e+00 9.464879144888419304e+00 9.556297821434997175e+00 9.770689006926595255e+00 9.881472561371952068e+00 1.012870457394725676e+01 1.018359433722772778e+01 1.024381249685477258e+01 1.045405359095832232e+01 1.054913611038534249e+01 1.080547382535109691e+01 1.089218496102122380e+01 1.108999152256628484e+01 1.117769925753668936e+01 1.137024943763841733e+01 1.150659517541876120e+01 1.165044454177433231e+01 1.181083065742379290e+01 1.195527426304646923e+01 1.206283163808054937e+01 1.231769955078881651e+01 1.235054951013155389e+01 1.241331623276581198e+01 1.263886425562496285e+01 1.287514879291705938e+01 1.309983967939266591e+01 1.322175932170752155e+01 1.333755162513258519e+01 1.352829317031686607e+01 1.372778911363256249e+01 1.386408382238300874e+01 1.395339953228686269e+01 1.418080517636704663e+01 1.439910155656710344e+01 1.447008801914206622e+01 1.456030814303481513e+01 1.471259740688866380e+01 1.478595144838321396e+01 1.481431333721797117e+01 1.500038366322041128e+01 1.525799974639116385e+01 1.540098209219008574e+01 1.554723098006658510e+01 1.561224247711549573e+01 1.577971961623921082e+01 1.592511554099571391e+01 1.619125533223651559e+01 1.649709906433539786e+01 1.661019737462110157e+01 1.674348755459189064e+01 1.678176693671480280e+01 1.694251455840056764e+01 1.710218081108775579e+01 1.731385100505350039e+01 1.744983518962028768e+01 1.754539902068439972e+01 1.767445748868384925e+01 1.806570710030567994e+01 1.821504256155231261e+01 1.841666179160535322e+01 1.876201699205343942e+01 1.888744338131138178e+01 1.929277924674802946e+01 1.955314594674599604e+01 1.971076593046280934e+01 2.023997065362201653e+01 2.035121757500088790e+01 2.049767076123277576e+01 2.076652379661238612e+01 2.095282496866666122e+01 2.169253271472139133e+01 2.225120793020656151e+01 2.232558511239423993e+01 2.267411689299481381e+01 2.422295079153492026e+01
-2.870215152634862932e-01 5.874738541681047144e-01 8.649638043686472821e-01 1.097309034726136945e+00 1.223425055949159734e+00 1.406691775520297893e+00 1.550748809476928392e+00 1.714609152598264963e+00 1.983511892123443143e+00 2.064350363130261989e+00 2.210059857979557840e+00 2.419878116392284451e+00 2.601082135883138413e+00 2.721748594011982991e+00 2.798549499499920490e+00 2.909453437703254153e+00 3.006925340855435280e+00 3.149393632653846087e+00 3.205012160349904882e+00 3.277583726488721982e+00 3.378918406631147064e+00 3.466601518129532877e+00 3.592849652146360206e+00 3.719868167805574721e+00 3.765427661006449434e+00 3.916356741742687664e+00 3.940748937280801556e+00 4.041267730594040763e+00 4.110275361348856293e+00 4.143771261218979873e+00 4.315609507901410069e+00 4.507954478198278103e+00 4.550788402330621096e+00 4.694883207604032549e+00 4.904532212892606324e+00 5.060441285309821069e+00 5.236199172563107851e+00 5.306587577983105319e+00 5.378427486650759981e+00 5.568581021087806171e+00 5.743835669669063115e+00 5.789054511335119280e+00 5.935792878581791499e+00 6.005341067113858955e+00 6.147993124704444590e+00 6.256842660521384936e+00 6.496487201668448286e+00 6.583571838574364676e+00 6.703986912761762618e+00 6.826946434297865629e+00 6.923226417883264538e+00 7.064114297992775349e+00 7.264318817574046072e+00 7.450250164199463399e+00 7.583206639814894956e+00 7.628262379576145058e+00 7.713442742814112130e+00 7.846835909582229540e+00 7.956714766142353845e+00 8.077308669887392156e+00 8.269025126249008650e+00 8.340437675205704338e+00 8.434837460931095876e+00 8.653244594103972176e+00 8.769230438077814327e+00 8.878360549464289875e+00 8.991179890261932428e+00 9.108067453377250544e+00 9.297703346515673317e+00 9.358288742020048900e+00 9.525991034149777548e+00 9.591704627389155746e+00 9.829007917630605107e+00 9.950880405757478897e+00 1.016298465065292511e+01 1.027121002727338883e+01 1.032624089775559284e+01 1.051080082901098756e+01 1.061767062547944462e+01 1.086959317622271826e+01 1.098402970449572180e+01 1.117343364790932192e+01 1.127556896218246152e+01 1.137485138921107541e+01 1.156255251490406444e+01 1.170534868139344375e+01 1.184984239224539770e+01 1.197582187814704824e+01 1.214153194288550530e+01 1.240877291050503750e+01 1.245882341484530720e+01 1.253783049547491757e+01 1.267419684625505205e+01 1.289048897997000154e+01 1.319544378045211452e+01 1.331409566119856258e+01 1.346363935239980592e+01 1.358555739366505932e+01 1.372654994931242634e+01 1.388706882582950008e+01 1.403864698919039711e+01 1.428244477268331458e+01 1.439061571651783922e+01 1.445917495998122604e+01 1.457389650771833800e+01 1.471270863288700426e+01 1.479138406590601207e+01 1.482446147543237913e+01 1.503806946129483357e+01 1.523209261411572868e+01 1.535129223256489084e+01 1.554689252648444509e+01 1.559501199424842355e+01 1.574981656856323831e+01 1.593122963623409127e+01 1.618285855968099085e+01 1.646649557001469333e+01 1.656147597633179558e+01 1.672698981212485236e+01 1.682690658092411340e+01 1.694547062056988906e+01 1.710165815752350937e+01 1.730051147434834746e+01 1.749189296990276787e+01 1.754640520773925161e+01 1.770048678333811765e+01 1.802949672411668303e+01 1.824923068244262936e+01 1.844464598842038683e+01 1.882665946093521470e+01 1.894504988653161703e+01 1.927492414637787022e+01 1.957529183644474813e+01 1.975128618035811101e+01 2.027126945098445887e+01 2.033191028690494662e+01 2.048910777710970521e+01 2.076772666839617898e+01 2.097981346937746849e+01 2.165209053383834714e+01 2.223424812755818536e+01 2.228587253686511005e+01 2.266551425158784028e+01 2.427573455341566344e+01
7.408326319661286963e-01 8.744099064300768775e-01 1.121303433219898338e+00 1.291436616306535834e+00 1.415854859436962876e+00 1.574758349916293598e+00 1.773062335668286638e+00 1.922269206284439758e+00 2.116555399286968786e+00 2.151414542321619106e+00 2.305926422460456315e+00 2.494671034655016939e+00 2.676623450336184540e+00 2.767920570540324032e+00 2.883367896522063489e+00 2.966147266134869120e+00 3.053654602021584896e+00 3.158687476756847801e+00 3.219019047677734946e+00 3.310349739816123904e+00 3.421850341822321173e+00 3.461921017963502045e+00 3.608191226459624534e+00 3.703084876837580808e+00 3.786542698005256558e+00 3.915014466115883884e+00 3.942562449498716592e+00 4.057491137236691081e+00 4.110231866189443473e+00 4.133033943545468603e+00 4.353674683404658019e+00 4.517983800571185427e+00 4.576084949394564561e+00 4.712785512396387766e+00 4.938361230357401155e+00 5.110227285452391577e+00 5.248795222936687210e+00 5.304125642161267251e+00 5.374183258270567087e+00 5.595437525656477895e+00 5.730596188626371656e+00 5.805567459951393339e+00 5.953731510019863116e+00 6.021580852625522340e+00 6.108984038064204647e+00 6.271012320208178892e+00 6.480699175651275290e+00 6.613406979925562368e+00 6.724759893476154993e+00 6.836313056334127225e+00 6.964708328180192254e+00 7.159766622392766067e+00 7.327654308046232856e+00 7.524544193827491512e+00 7.620261809948648768e+00 7.697326363309268338e+00 7.752323636466299739e+00 7.875500018650649636e+00 8.038940336429133637e+00 8.135483092655109161e+00 8.296024648993363115e+00 8.430011856186505170e+00 8.525032669764403437e+00 8.696458457828796895e+00 8.758799407672968940e+00 8.887666354384665013e+00 9.064798328329814581e+00 9.206619342354500191e+00 9.373783603078015503e+00 9.412696679723280724e+00 9.507612850838015106e+00 9.755061521246130241e+00 9.883580513299099479e+00 1.003286823649153092e+01 1.020925798988677080e+01 1.034757029340538992e+01 1.042023803440508090e+01 1.057057031753844356e+01 1.070649553272882670e+01 1.091571395658506560e+01 1.106897921029955789e+01 1.124541670482076405e+01 1.134172859946037981e+01 1.142833027442254235e+01 1.157860905644927918e+01 1.175945646033806646e+01 1.190109740544074413e+01 1.201562987537585059e+01 1.223326800729902963e+01 1.244650638184485913e+01 1.251212444498037968e+01 1.270216342266595433e+01 1.277077127780318655e+01 1.292735369510172561e+01 1.324758268416677431e+01 1.338800470666265952e+01 1.348814630744646514e+01 1.363891674657134878e+01 1.372862825309840495e+01 1.391342307439794901e+01 1.409337187846527328e+01 1.434412712564151526e+01 1.444235086981322880e+01 1.450274379000525471e+01 1.458887130055086878e+01 1.469802527649944857e+01 1.479844329858596730e+01 1.485988611823779948e+01 1.509889688620840609e+01 1.522369710214950089e+01 1.529866006719160332e+01 1.549580944980352726e+01 1.562161263038350079e+01 1.574778985248878271e+01 1.593497518842291605e+01 1.616282078666445798e+01 1.641991963412854361e+01 1.654073299951044262e+01 1.670042564341310509e+01 1.685421700432947745e+01 1.697590123701259301e+01 1.709961210820195632e+01 1.726803858020278781e+01 1.748214897406976220e+01 1.759643156816490972e+01 1.784293761609348294e+01 1.798655374884980418e+01 1.818392264801582314e+01 1.855715046409171265e+01 1.892065971236882760e+01 1.904990102890572246e+01 1.931418851577639373e+01 1.962150752744259563e+01 1.983196764426696745e+01 2.028734493188171584e+01 2.034990182985950469e+01 2.050969861535975269e+01 2.078119205362521171e+01 2.100949629357736725e+01 2.161359406035911235e+01 2.221855849504994396e+01 2.224074992387457073e+01 2.266528662867811406e+01 2.435308722457848063e+01
1.005297313389896807e+00 1.085314097657622101e+00 1.382534068559517770e+00 1.499782036386789974e+00 1.613184471443135148e+00 1.730228092197424461e+00 1.953744459378467191e+00 2.151578071078623200e+00 2.229209367885952364e+00 2.325937703015331426e+00 2.438023250987386703e+00 2.607921163579273838e+00 2.749325145172280660e+00 2.847330881308793415e+00 2.946920708931512589e+00 3.048648966937051341e+00 3.096886478746628146e+00 3.179104854146315606e+00 3.226523909922291100e+00 3.373721860370412440e+00 3.447632311079472878e+00 3.480788388362637598e+00 3.610981777821210326e+00 3.690643098355192109e+00 3.813457481265432047e+00 3.910949795884675506e+00 3.959981766588169361e+00 4.054922537480094569e+00 4.106970085174200591e+00 4.148721853635786161e+00 4.402948870670323700e+00 4.529329497307776897e+00 4.609750015822569935e+00 4.734366970314834333e+00 4.962973805968951879e+00 5.154634166918459215e+00 5.204169253873493162e+00 5.333710677108716602e+00 5.399791522740299499e+00 5.605059038702781216e+00 5.712499062514615922e+00 5.820750797232302709e+00 5.961213091162449018e+00 6.038748210128425775e+00 6.067107196851635464e+00 6.283607894632349478e+00 6.457737661873458102e+00 6.610971134136321758e+00 6.732845642390597796e+00 6.855299913364405917e+00 7.005776327765429023e+00 7.250046615501265279e+00 7.368198628014117624e+00 7.547144216732861288e+00 7.630432214337623087e+00 7.746910350782362897e+00 7.795836009219748064e+00 7.945994952358486962e+00 8.110274295334482630e+00 8.199983655370258973e+00 8.331152085579223154e+00 8.495929140480610542e+00 8.546949788633934730e+00 8.714665932890108380e+00 8.795627349735712031e+00 8.933903884655382655e+00 9.123453027263055404e+00 9.274426796123451666e+00 9.395840043478447257e+00 9.475425165243917647e+00 9.526497115142326777e+00 9.828428983781783757e+00 9.972958898454798771e+00 1.013599288892633687e+01 1.027487895273308638e+01 1.041819279983588054e+01 1.052072522597326731e+01 1.063104405068103908e+01 1.078713398577751370e+01 1.095139619694953836e+01 1.116314507766091424e+01 1.124335168372439320e+01 1.143953239714754311e+01 1.151171555251663392e+01 1.161604774953674912e+01 1.179035533827837057e+01 1.195338873853982875e+01 1.208297233609736487e+01 1.231952451621450884e+01 1.246456055400721574e+01 1.254071140786103555e+01 1.279878869239433214e+01 1.288208712421213598e+01 1.301024316501837852e+01 1.327066301638535073e+01 1.340448008984718697e+01 1.350085283020420412e+01 1.366177485682257498e+01 1.372648589728590807e+01 1.393293644172251433e+01 1.411747120493002505e+01 1.434794736724109931e+01 1.445546583882890168e+01 1.453692675093869369e+01 1.461305420789045151e+01 1.467272360855035807e+01 1.482501278569255199e+01 1.490152781723022102e+01 1.510023154276925794e+01 1.521032775680011362e+01 1.528154428506569573e+01 1.546278119530681927e+01 1.562056877380217124e+01 1.576905694637541977e+01 1.592228374683344327e+01 1.617186920964244123e+01 1.637317271061885293e+01 1.651806050198359799e+01 1.666691547298984588e+01 1.683271475434415976e+01 1.700537364609162694e+01 1.712471048102286630e+01 1.722988504735144843e+01 1.746040968812672389e+01 1.760693209711818952e+01 1.787489016031576483e+01 1.805877089715282580e+01 1.829502293752908670e+01 1.864861038561849327e+01 1.900519447015164687e+01 1.915862794280111814e+01 1.945660121032049261e+01 1.973793714082716733e+01 1.996505912381623915e+01 2.027447802372380181e+01 2.045421818098771283e+01 2.056398759398612697e+01 2.081958856397370994e+01 2.104510586228524360e+01 2.158476947695492498e+01 2.218987794382848833e+01 2.221177383977498465e+01 2.268011206231358656e+01 2.446213071998777266e+01
1.153957482026098269e+00 1.239312580043158585e+00 1.534159173983448587e+00 1.708162711647978504e+00 1.807647329761383759e+00 1.860348461806767828e+00 2.083703683016176367e+00 2.266729599728255273e+00 2.346238764298355317e+00 2.496743758649452971e+00 2.561988354204601581e+00 2.767841435504198255e+00 2.845169070924136179e+00 2.960593814272614477e+00 2.989236721930246699e+00 3.085989481729689565e+00 3.160773512700580934e+00 3.233205296702467813e+00 3.260840300822671622e+00 3.439763741606856051e+00 3.471956992495296213e+00 3.530534715552910985e+00 3.605436516074364661e+00 3.693950856448183107e+00 3.840693817005018218e+00 3.926833560079004748e+00 3.975193936587414711e+00 4.024434595942326887e+00 4.140175948849273091e+00 4.189425721923989876e+00 4.452101906164201317e+00 4.548136937991476891e+00 4.638537632503807018e+00 4.769776337899088503e+00 4.964159258853933387e+00 5.161921243857649166e+00 5.197649932124822847e+00 5.341391672969006521e+00 5.457232949033902436e+00 5.584824521466849490e+00 5.708559645895805446e+00 5.836586832221128063e+00 5.950595136258614914e+00 6.021091665983519192e+00 6.062155670488193593e+00 6.276147712376121568e+00 6.429517619291564401e+00 6.580796564507660484e+00 6.733131585041292944e+00 6.884483176967264306e+00 7.049166382279093312e+00 7.304393645747095931e+00 7.394591667278369584e+00 7.536485437834010703e+00 7.655112405460744895e+00 7.764785761728583147e+00 7.832692556027509134e+00 8.017649543519416611e+00 8.168488953738316738e+00 8.265138792963668379e+00 8.368150580179332110e+00 8.504998079933331567e+00 8.563747680134293105e+00 8.732344026780282320e+00 8.859300674157525535e+00 8.996180876334419096e+00 9.173308105496948528e+00 9.297758060667003832e+00 9.411336291702919965e+00 9.480381891690736751e+00 9.646837942470542160e+00 9.854534915582934929e+00 1.002610607307518364e+01 1.021244311311697572e+01 1.036366974742267466e+01 1.045592016035538485e+01 1.062181858113092048e+01 1.069103754083908875e+01 1.085660543481216145e+01 1.097391962315340486e+01 1.121169608948637730e+01 1.130132547435711743e+01 1.147941926228308773e+01 1.161224595638548784e+01 1.171535403677440179e+01 1.182497140629337551e+01 1.202177711362598700e+01 1.216285384467083475e+01 1.236860482226900793e+01 1.248758924088427413e+01 1.257563139411671571e+01 1.284036612611858885e+01 1.296637663534405505e+01 1.310757582091217444e+01 1.327133896148766823e+01 1.338002249031826452e+01 1.351845798305245516e+01 1.369339882732592528e+01 1.371839066894773929e+01 1.393772092674436536e+01 1.412962077679110351e+01 1.434295728203560927e+01 1.446223714980324893e+01 1.452462271871558563e+01 1.461076633098055133e+01 1.463722116388477090e+01 1.485397247034301671e+01 1.494205534633737464e+01 1.504909796511616271e+01 1.517296299170525486e+01 1.524629807510268797e+01 1.546975403752885292e+01 1.559246947021916796e+01 1.576589162142274780e+01 1.589046913507856651e+01 1.620707396291780356e+01 1.633340312146221862e+01 1.648349472080298739e+01 1.663391907529486957e+01 1.678750444684266441e+01 1.698098466291216013e+01 1.712395235529219661e+01 1.723743904003743310e+01 1.743212978888015741e+01 1.762358265709607252e+01 1.779843377400055715e+01 1.796292396889833398e+01 1.857996085510609774e+01 1.881320431983133545e+01 1.907527860018479160e+01 1.930947184681047091e+01 1.960560036608646328e+01 1.992207223309878827e+01 2.015686657181318964e+01 2.030263170112622362e+01 2.061351909105615476e+01 2.066757517264525035e+01 2.091699628661642762e+01 2.109989121000735679e+01 2.157370440391339628e+01 2.215048168197686351e+01 2.220636011133814591e+01 2.271602629112636151e+01 2.460958036841887164e+01
1.261090961021860135e+00 1.351610744937437492e+00 1.656785693862684816e+00 1.809093745588144619e+00 1.968922546131942841e+00 2.013546711238993758e+00 2.175620483549537187e+00 2.324922495244589271e+00 2.418083032940739230e+00 2.581834953233519858e+00 2.660838533680844442e+00 2.858450094651581175e+00 2.896998740974944031e+00 3.002131528156071649e+00 3.070187952549818799e+00 3.125491818496719976e+00 3.234692434222114166e+00 3.289638947038354022e+00 3.370173067585946924e+00 3.449101472496736598e+00 3.513124830777206054e+00 3.584618073474502786e+00 3.672652935981608913e+00 3.731603482979371389e+00 3.856427996269805814e+00 3.944563135895478911e+00 3.980095237391846563e+00 4.038220546510880915e+00 4.207865652958919789e+00 4.262256501111296281e+00 4.493146391056386690e+00 4.576605882377104528e+00 4.658709365679075454e+00 4.817784650126782253e+00 4.940901841561588625e+00 5.139567713806875382e+00 5.229601157510413323e+00 5.362381576827180751e+00 5.495663426522133577e+00 5.559763034651688862e+00 5.715393856140486228e+00 5.849218584340333038e+00 5.923437875602720837e+00 5.991670805499834884e+00 6.075392390203408155e+00 6.239603819034535981e+00 6.395000015455913456e+00 6.522643424488393293e+00 6.745573526417674159e+00 6.908943190155137692e+00 7.093721451174988424e+00 7.317663223080079327e+00 7.403707642162944857e+00 7.529453121059552778e+00 7.671417194785421501e+00 7.788758211278167920e+00 7.856796184884389689e+00 8.064138427619441885e+00 8.217535871004892911e+00 8.305711147792992577e+00 8.370608179488941758e+00 8.523470036981617426e+00 8.578436813428842456e+00 8.760918388331646156e+00 8.925849602236668900e+00 9.053438875816038234e+00 9.212953388997505044e+00 9.293734360876056755e+00 9.438766149358997382e+00 9.491092471908942230e+00 9.786278815523115071e+00 9.882728624775333870e+00 1.004079555206268459e+01 1.025004147384761843e+01 1.041524338981495390e+01 1.050514857269596725e+01 1.065511023754548958e+01 1.073303838600738125e+01 1.088920550363084416e+01 1.104717432287105616e+01 1.123018212966208829e+01 1.139181969627691338e+01 1.151209532295412963e+01 1.166020401079797431e+01 1.178790055298657080e+01 1.196157829888738888e+01 1.211229012629540058e+01 1.223297313231168104e+01 1.237095755542752862e+01 1.253101136282411332e+01 1.264407622333915882e+01 1.285927834994387453e+01 1.301685816298519072e+01 1.316447811981143445e+01 1.324382048428257264e+01 1.339176942469505072e+01 1.352657507897195188e+01 1.366083583600215512e+01 1.379996076357070045e+01 1.392475913581406566e+01 1.413029143391899467e+01 1.432451790574553563e+01 1.445158467472821151e+01 1.449027468066664071e+01 1.459488200185282203e+01 1.462726522807808927e+01 1.485914971893970460e+01 1.495228172936626088e+01 1.498935014931033116e+01 1.515049809029740580e+01 1.519859618394267464e+01 1.546910568574591061e+01 1.554692852065909214e+01 1.575404116736277160e+01 1.584771336265772135e+01 1.623819000709051963e+01 1.629859126381066758e+01 1.644711324656206131e+01 1.660493781194834284e+01 1.673545059877800156e+01 1.694107825962858982e+01 1.708008610057047605e+01 1.725145864453214983e+01 1.739473479323510219e+01 1.765716621825626831e+01 1.770976972767178381e+01 1.788297887652794316e+01 1.860316603086472398e+01 1.896747774966931743e+01 1.915517681590045029e+01 1.954024054129524046e+01 1.972197118753051015e+01 2.006098421075641980e+01 2.032735826897774700e+01 2.045816207723906643e+01 2.072467043461662328e+01 2.090604884099721161e+01 2.105636629570701146e+01 2.126907371772255928e+01 2.158935410420063405e+01 2.213508695482298094e+01 2.220802052851418296e+01 2.277633560673416113e+01 2.479764100434374541e+01
1.342795939782928771e+00 1.425710275547752870e+00 1.759061348128333702e+00 1.879473606165664279e+00 2.052030095464894011e+00 2.128375532515736523e+00 2.281827047375696083e+00 2.359858557903172116e+00 2.455130322794266462e+00 2.613876915810816381e+00 2.725311016221587224e+00 2.830313462768307087e+00 2.917422672761138980e+00 3.021306229164325785e+00 3.087576702431870768e+00 3.168547190093888855e+00 3.261713326019826109e+00 3.310773259008490843e+00 3.446429644563143047e+00 3.484686112707091610e+00 3.605313448790994357e+00 3.610048228173794005e+00 3.720506353190406124e+00 3.835739657273100178e+00 3.899694722537129454e+00 3.938791592441375666e+00 4.011847039764923295e+00 4.118784587236441475e+00 4.264388380755055330e+00 4.408534706601819231e+00 4.528839808862063165e+00 4.606883223780625869e+00 4.688991663352683581e+00 4.834401576115414656e+00 4.946973115678451549e+00 5.121838091287744810e+00 5.261298828691214347e+00 5.399073570791521171e+00 5.470258404712753375e+00 5.583545872694294587e+00 5.719824143442447273e+00 5.842524709185083154e+00 5.896907333501769877e+00 5.977461351961710356e+00 6.082406886146308089e+00 6.180561508624458966e+00 6.351393906593091110e+00 6.442142159610450669e+00 6.769240965789887987e+00 6.923386511200025240e+00 7.136135112982085360e+00 7.309893377092544497e+00 7.398208149570846714e+00 7.524485588097368449e+00 7.685915044095705362e+00 7.801493905384825567e+00 7.881875610179140068e+00 8.085601708066956661e+00 8.252269309200347180e+00 8.284198661906286176e+00 8.404350201497818418e+00 8.539911916388540192e+00 8.598802349130528100e+00 8.786646560454379085e+00 8.972746304302082976e+00 9.108094734966821093e+00 9.230216787751183816e+00 9.284691724999760254e+00 9.468637176538200251e+00 9.526696119126176754e+00 9.874971942007025660e+00 9.935039245116719542e+00 1.005459732684506946e+01 1.026372509032578328e+01 1.042648114432389228e+01 1.055064821937907382e+01 1.067945456217385924e+01 1.075083998888885262e+01 1.089363519389065083e+01 1.113059088379232087e+01 1.126005511978293150e+01 1.142716782089478933e+01 1.156067424701538826e+01 1.168793400588672604e+01 1.182794979259100998e+01 1.209658673624348602e+01 1.222116394845997078e+01 1.226890166414745842e+01 1.241347414744902444e+01 1.257917788188856001e+01 1.274018902759750027e+01 1.287333323107205985e+01 1.305064177076841858e+01 1.315718220155161688e+01 1.322462047117527106e+01 1.343289103646753979e+01 1.354382676013470466e+01 1.363165080025775922e+01 1.385844028635403191e+01 1.393699848799554353e+01 1.412505080185434281e+01 1.429567528833948309e+01 1.439284928410297582e+01 1.445595554018597184e+01 1.458587132897232408e+01 1.464096864556435484e+01 1.482551014985149251e+01 1.490642671002023256e+01 1.496690181281204879e+01 1.511561837759144034e+01 1.520422571347642382e+01 1.542928332715570683e+01 1.550936877509486500e+01 1.573075395919449804e+01 1.581728226242822544e+01 1.625759963598622448e+01 1.626831998341577901e+01 1.641516094378625823e+01 1.658285519239717587e+01 1.668679177508613165e+01 1.689654289506339779e+01 1.703908226631663680e+01 1.723014674060653562e+01 1.735952201414856688e+01 1.759663112935237095e+01 1.770172494585485268e+01 1.785092664065161472e+01 1.857611769945307856e+01 1.901331891167023613e+01 1.921364179605405909e+01 1.971164629933766221e+01 1.980732096797475705e+01 2.011825205114179838e+01 2.045434282084000088e+01 2.060797050162092603e+01 2.083941422034738622e+01 2.109741143300252730e+01 2.127898759226788528e+01 2.158021094544479013e+01 2.164138295125719225e+01 2.219309039045097975e+01 2.221836129773459589e+01 2.285932950571592315e+01 2.501795948417274928e+01
1.401972775048287989e+00 1.463590722850508730e+00 1.829618552665309039e+00 1.945237128543241711e+00 2.081772542407688498e+00 2.189837738586141391e+00 2.352486901340257397e+00 2.394584764940190791e+00 2.488986221569965185e+00 2.615995247812376689e+00 2.744236048921762983e+00 2.802897641255185590e+00 2.924961338728630178e+00 2.999756318368389962e+00 3.075578188872274410e+00 3.167675246619334306e+00 3.255599860253045374e+00 3.317155950217145932e+00 3.440722973951820141e+00 3.543329658882737210e+00 3.630513291656586095e+00 3.672084967887035312e+00 3.790125574464941582e+00 3.852334630311375907e+00 3.917905541101712075e+00 4.016104646219424978e+00 4.092868040484575864e+00 4.230821392712314832e+00 4.295729797073573053e+00 4.525815223013768929e+00 4.607570735294793884e+00 4.649377149652130115e+00 4.745082401977630759e+00 4.814890223545066128e+00 5.012996570131980079e+00 5.108627221186457845e+00 5.293754105585656511e+00 5.405062470995573243e+00 5.470687767828276371e+00 5.609091838823421661e+00 5.715633363766969843e+00 5.808989007078116273e+00 5.890451853792118442e+00 5.973483025063371699e+00 6.074119174476699357e+00 6.117853006363005441e+00 6.294415922919130324e+00 6.354037161104593601e+00 6.794805790263684031e+00 6.931353270791507093e+00 7.168726252029200552e+00 7.302461043425573450e+00 7.391006054689829519e+00 7.515150055467797685e+00 7.700772930914439485e+00 7.791893617556980622e+00 7.912654170234842965e+00 8.073269952811132910e+00 8.244019728891366583e+00 8.309102261324474270e+00 8.418302430387713642e+00 8.556224977651655905e+00 8.626982395176019836e+00 8.803104396882972082e+00 8.993673993697665736e+00 9.141146809771131032e+00 9.232664437582737804e+00 9.291706427755809017e+00 9.479249903428003776e+00 9.590509827103904428e+00 9.889279008704672691e+00 9.950751205212590378e+00 1.011390559101458919e+01 1.025803794166639449e+01 1.044879696356716359e+01 1.058059055282153160e+01 1.072461812951214988e+01 1.077199927702897497e+01 1.091203313152195342e+01 1.117860539454045643e+01 1.127926736855390288e+01 1.143526255996592766e+01 1.158562651751912931e+01 1.169797884964109436e+01 1.186097437580150249e+01 1.212091321703273650e+01 1.225109750293500888e+01 1.236954648650070787e+01 1.251115635671198589e+01 1.265331406971356287e+01 1.279324455529648752e+01 1.292907583145861317e+01 1.307383538382663701e+01 1.314461557043811268e+01 1.324279060181193479e+01 1.346968106223922668e+01 1.355423063758068736e+01 1.363550564177545077e+01 1.382599549095635005e+01 1.400824189439918754e+01 1.412592625451148187e+01 1.423934982226379553e+01 1.432606235384876037e+01 1.442485571476184880e+01 1.458059503870578766e+01 1.465019804664199299e+01 1.477678792765260418e+01 1.483907027738427509e+01 1.497437473981089973e+01 1.508481812949999679e+01 1.523623343150730136e+01 1.535828070847175120e+01 1.548719305199441898e+01 1.568943340622562488e+01 1.581166823527468779e+01 1.623665645066257213e+01 1.627161372746945744e+01 1.638722410600449919e+01 1.657095296656609662e+01 1.664713718177634760e+01 1.685428632558897277e+01 1.700400925703682731e+01 1.718752212526075951e+01 1.733398592413536932e+01 1.749790678231722652e+01 1.770748257212328269e+01 1.787793935768435105e+01 1.853213218771821502e+01 1.903826466781219295e+01 1.924484530736286203e+01 1.980682627170445897e+01 1.986535448261161818e+01 2.015679419043623710e+01 2.053540663525552645e+01 2.068357088461741355e+01 2.094164260174148140e+01 2.113649966345763431e+01 2.157999407894133270e+01 2.172019924244967726e+01 2.182390495132598573e+01 2.222462992451381325e+01 2.242075325590624857e+01 2.295710444941576611e+01 2.524736350119149719e+01
1.431990714656612873e+00 1.476760955149149179e+00 1.865500885183648760e+00 2.000758975289550268e+00 2.083448073825642677e+00 2.227658973641603257e+00 2.330140262530621786e+00 2.433366300994207254e+00 2.555460975266789614e+00 2.598553639372034763e+00 2.722548985587027737e+00 2.815890774627410664e+00 2.925627116762494762e+00 2.954680078894702966e+00 3.059335553821966425e+00 3.139323956128128312e+00 3.247176976499697609e+00 3.310002977725679418e+00 3.428684532587153111e+00 3.592830982391449712e+00 3.644097785234156728e+00 3.688157098186715999e+00 3.827289619648790442e+00 3.887464037862058852e+00 3.931665309102857719e+00 4.045023681575059094e+00 4.203708269429816013e+00 4.290514045529450371e+00 4.360585455365339591e+00 4.525056761853827325e+00 4.660072202393616969e+00 4.747128272529351101e+00 4.814374423734822273e+00 4.847232330090970542e+00 5.071926289245928032e+00 5.145547504221180013e+00 5.310487367863239605e+00 5.393425457146225455e+00 5.507893429184536060e+00 5.616348583186399068e+00 5.704539801827658962e+00 5.781395662775813626e+00 5.893005451933859717e+00 5.958415329992280185e+00 6.026530118017469739e+00 6.089148397796609657e+00 6.222123894570959379e+00 6.283580910523669516e+00 6.815714586893485638e+00 6.938907315821563060e+00 7.180538274500887219e+00 7.312642829819043122e+00 7.387178784305444168e+00 7.504198805286466545e+00 7.709479878851397849e+00 7.771794151906456172e+00 7.941007677325859326e+00 8.036428780792634896e+00 8.249881998726369403e+00 8.339803070132678187e+00 8.407382033482535988e+00 8.564150241969493038e+00 8.663883681861584307e+00 8.816953429279021037e+00 8.992611544281363223e+00 9.144328214242047892e+00 9.230245228591256179e+00 9.320646510628744608e+00 9.473063681569707128e+00 9.657698587528075862e+00 9.878161609710057078e+00 9.938136583830273096e+00 1.013601169256475210e+01 1.024169057554242634e+01 1.049996405060234217e+01 1.061410786774428949e+01 1.077173276421312842e+01 1.082394639783563584e+01 1.094825389357494316e+01 1.120747357045675408e+01 1.128250337327581931e+01 1.141760654024259303e+01 1.161226384800289146e+01 1.167169667957103130e+01 1.187448059147067347e+01 1.207421911312690987e+01 1.227206028250135716e+01 1.244568823874673313e+01 1.257710575515766749e+01 1.273828649268431867e+01 1.281785358676323305e+01 1.300973541109824971e+01 1.308293688467407279e+01 1.316724753081969190e+01 1.332884142212603429e+01 1.350617130604812743e+01 1.354306279138151758e+01 1.367048925241548218e+01 1.379671228119976689e+01 1.401228502929344266e+01 1.410293234825049957e+01 1.418315735713524894e+01 1.426959060469504337e+01 1.441003088780043306e+01 1.457165203566292888e+01 1.464869924314913341e+01 1.475013624496078002e+01 1.478174582673078952e+01 1.499778000798885635e+01 1.506731370462529540e+01 1.524817516321637001e+01 1.529948251545872218e+01 1.546694394968769615e+01 1.565681177068591090e+01 1.581196488683034040e+01 1.620884127989557300e+01 1.627477487552378577e+01 1.636477319111103057e+01 1.656803867797837881e+01 1.661971999149241341e+01 1.682010199028133002e+01 1.697110305628575588e+01 1.715155430725477004e+01 1.730729540635306307e+01 1.742426524831058998e+01 1.769781096372810225e+01 1.793379971751035029e+01 1.848270884374074186e+01 1.905695207216734843e+01 1.925995453423719894e+01 1.985456224968763195e+01 1.990391018416465130e+01 2.019515723838716070e+01 2.057429753792972704e+01 2.073421542264664907e+01 2.101025698089752325e+01 2.115619708111897168e+01 2.170764845747654093e+01 2.178526391470145640e+01 2.203073341345239911e+01 2.224158174519725506e+01 2.271154106606739731e+01 2.305478643714986831e+01 2.545068976270714245e+01
1.424675802164870442e+00 1.489957735454128684e+00 1.879709690773182951e+00 2.022127362559992481e+00 2.082510044337221533e+00 2.242592390538562519e+00 2.325470895910451308e+00 2.435985517551814361e+00 2.563091059303764574e+00 2.626217821298980848e+00 2.715633546551157629e+00 2.816558534021933013e+00 2.890530201071088268e+00 2.948337439765475132e+00 3.062729083773676475e+00 3.106377412012023331e+00 3.228603641111486233e+00 3.298875158155186949e+00 3.425839705738833008e+00 3.616799501680090678e+00 3.658155156298547706e+00 3.712692687242662881e+00 3.800068559419077285e+00 3.925843265825731176e+00 3.956619667812687702e+00 4.067174010074653623e+00 4.233431457502478068e+00 4.331710114183610294e+00 4.442386315623510384e+00 4.494139972308033748e+00 4.691106401108791069e+00 4.796008996270498592e+00 4.848705885581291675e+00 4.915973975751968261e+00 5.072925124560883958e+00 5.262998160887183197e+00 5.310608490490022149e+00 5.405215291049608517e+00 5.529701091861368489e+00 5.609055070220702710e+00 5.706810210540478323e+00 5.768402330738441997e+00 5.891164922825731232e+00 5.912867697216843688e+00 5.994655569313973587e+00 6.060211019373385355e+00 6.169205274309353726e+00 6.241063593235363527e+00 6.828186645093585305e+00 6.947715841367819500e+00 7.176437320463629810e+00 7.335923025349775806e+00 7.385632975361698271e+00 7.494870369936663224e+00 7.706830827222350244e+00 7.756577026591462420e+00 7.961884042101434744e+00 8.003386861976091282e+00 8.267115540588521938e+00 8.343456160336463867e+00 8.405393716892000100e+00 8.559577063574012712e+00 8.693864379418700494e+00 8.836687331275989266e+00 8.975313069348041850e+00 9.142425925615519589e+00 9.224300803145938588e+00 9.351243130552898464e+00 9.456794702678198661e+00 9.712942648551534219e+00 9.857491334882581668e+00 9.928515367519755941e+00 1.012830548129154806e+01 1.022540855969273466e+01 1.052739272687735195e+01 1.064687878591689696e+01 1.081050410505297776e+01 1.087796326532906832e+01 1.102311765578641278e+01 1.121880138923505399e+01 1.128306499331681145e+01 1.137993875028895019e+01 1.159626046681322187e+01 1.167145058037005789e+01 1.187206037604302367e+01 1.203377125871491593e+01 1.225116577099980297e+01 1.249939882868054397e+01 1.260965853472191256e+01 1.277350609843472640e+01 1.284150093268926440e+01 1.303618402217670358e+01 1.311463829587684593e+01 1.325665199988241838e+01 1.339934858182266630e+01 1.350844782708450786e+01 1.359107200949229721e+01 1.370310479544902194e+01 1.380061054477506133e+01 1.396666107767020115e+01 1.399511124379307603e+01 1.416718418404599333e+01 1.422240520140892173e+01 1.440616651560207551e+01 1.458201807328468469e+01 1.464036340937531477e+01 1.474043902014064322e+01 1.475315222432837103e+01 1.502426365605263392e+01 1.506801157847491091e+01 1.518407138248342392e+01 1.531282064296856582e+01 1.544858201530548314e+01 1.564118100317506510e+01 1.581266403482007199e+01 1.618381822884450472e+01 1.627387581847553122e+01 1.635089798267618022e+01 1.656897683706205981e+01 1.660539629085852908e+01 1.679736302989793018e+01 1.694453983728879010e+01 1.713529811106070255e+01 1.727489905250117630e+01 1.738844988784697776e+01 1.768910286518460495e+01 1.798437760900328897e+01 1.844059736549940709e+01 1.906945857601333927e+01 1.926628754904275809e+01 1.987532328539906956e+01 1.992614920428876246e+01 2.022605402912603623e+01 2.058813240859011273e+01 2.076645122867532223e+01 2.104911227304792476e+01 2.116474198499723158e+01 2.174858666156263709e+01 2.182446959674466669e+01 2.215800714241785485e+01 2.227210135801289326e+01 2.292188193315239531e+01 2.312978058381298752e+01 2.559097551676526194e+01
1.415095803219065251e+00 1.496368003911451305e+00 1.883402554087105107e+00 2.024104363052281030e+00 2.078215859116571806e+00 2.249852236043982323e+00 2.335190891324923079e+00 2.428477461941159987e+00 2.546149025647262309e+00 2.661114913328856968e+00 2.709230138835951873e+00 2.808571004204396537e+00 2.878619719801935428e+00 2.947223712722299549e+00 3.074244158593101517e+00 3.088884348898079502e+00 3.216273472805341260e+00 3.293964918467047198e+00 3.426477178528202217e+00 3.620443917031095360e+00 3.664435681933352118e+00 3.741088087772507897e+00 3.773399648297735887e+00 3.931431030041842245e+00 3.972037099057668996e+00 4.077074563771863502e+00 4.228259531122380288e+00 4.374155530989156659e+00 4.434514160116800774e+00 4.500845686810726498e+00 4.703357509614735754e+00 4.808655845988131894e+00 4.872419308406781724e+00 4.931213442223623566e+00 5.070600878971386116e+00 5.289998337451682353e+00 5.363578639936962489e+00 5.391533754395654299e+00 5.533393065192074189e+00 5.608603417316268214e+00 5.721298286950868395e+00 5.759247753140797066e+00 5.859655117703505667e+00 5.908684483257695241e+00 5.984296042008020677e+00 6.042181695867210323e+00 6.154355589678213612e+00 6.227087121569308437e+00 6.832049092480769303e+00 6.952151104324206798e+00 7.172731353173322333e+00 7.349526173788945904e+00 7.383629889576254435e+00 7.491033615343274832e+00 7.702530786945907870e+00 7.751773353604561656e+00 7.971886079080466203e+00 7.988976435220424221e+00 8.278680904761946735e+00 8.333686033288746131e+00 8.410681809741234360e+00 8.555754230192535559e+00 8.703889419455890675e+00 8.850329653821471965e+00 8.962383413239805918e+00 9.142592295167641936e+00 9.220978247892242408e+00 9.364924234491954991e+00 9.446921969843192102e+00 9.737765684490721441e+00 9.844878079266015547e+00 9.925023213089714247e+00 1.012340335160773996e+01 1.021843121813851596e+01 1.053313171173113716e+01 1.065894143517098058e+01 1.082566713287410032e+01 1.089346907121394636e+01 1.108759984549386779e+01 1.123009171307638709e+01 1.125565504528029059e+01 1.136685581232056919e+01 1.156832433573333851e+01 1.168693562709879252e+01 1.186846824909837750e+01 1.201969802517931463e+01 1.223365321083043256e+01 1.252028227775861247e+01 1.262083163150161269e+01 1.278708267763758677e+01 1.283801644453319035e+01 1.303922786527500044e+01 1.313357805205818529e+01 1.333866762013768259e+01 1.338365659092258042e+01 1.350862807161526469e+01 1.363245320679200923e+01 1.372603355368381806e+01 1.384406591281384280e+01 1.389292000501698432e+01 1.394317046022803019e+01 1.415128542660331945e+01 1.420402806172252497e+01 1.440647476114008363e+01 1.459686375697629401e+01 1.463185593411313690e+01 1.473632276707130195e+01 1.474755426810222225e+01 1.503213279037125538e+01 1.509225370183814974e+01 1.513423368352824561e+01 1.532336785445914984e+01 1.544027270757475101e+01 1.563729616377907305e+01 1.581317453811167262e+01 1.617285680683405502e+01 1.627297642567173952e+01 1.634640863026947599e+01 1.656963061921237212e+01 1.660141772797133086e+01 1.678918793376480778e+01 1.693422753817018034e+01 1.713232674070669503e+01 1.725881145919727544e+01 1.737937001578345786e+01 1.768591999899088307e+01 1.800525082218761597e+01 1.842311275017956618e+01 1.907391766244443332e+01 1.926794672890607529e+01 1.988109026596200479e+01 1.993330968238810996e+01 2.023804490846091397e+01 2.059101631715788372e+01 2.077750085880667896e+01 2.106187016818370950e+01 2.116687825293188041e+01 2.175666984901286938e+01 2.184074716340041178e+01 2.218747301777094805e+01 2.229603096724829214e+01 2.299609798049561604e+01 2.315828826892597903e+01 2.564102631144435307e+01
8.725198339359028221e-01 1.747578609394196070e+00 1.880988689867589381e+00 1.985832242659770319e+00 2.099251780181798921e+00 2.217387685082986781e+00 2.286709487956904319e+00 2.408890111921933475e+00 2.436110095888312621e+00 2.597848460568956686e+00 2.657558642995113907e+00 2.733778532914989512e+00 2.760296742085148747e+00 2.887861250085101528e+00 2.997627080622966123e+00 3.056401929934085437e+00 3.141661705565494955e+00 3.210089416981824595e+00 3.272479490114418077e+00 3.322351513028969805e+00 3.352238060732076086e+00 3.505826948053037739e+00 3.535841565021381694e+00 3.610732816852575411e+00 3.657408946269324446e+00 3.780733352539860093e+00 3.847615712870990912e+00 4.003402968845228393e+00 4.131668334791758213e+00 4.400403049180081183e+00 4.454044833126088676e+00 4.536732881385791671e+00 4.693647804002892165e+00 4.840514228790527618e+00 4.865862190371597507e+00 4.895232370832060198e+00 5.190896255672894810e+00 5.263903018648615983e+00 5.396797561340637372e+00 5.444732918230716479e+00 5.805366512834608805e+00 5.898284199269570927e+00 6.154826960358759536e+00 6.190337861895974569e+00 6.253819171802616594e+00 6.394371121207986342e+00 6.665645011542443044e+00 6.889429862732388443e+00 7.123465691279883494e+00 7.208469465592088454e+00 7.355068829294080679e+00 7.532777892198506464e+00 7.580539653509714704e+00 7.695673235756633979e+00 7.824171685760266115e+00 8.014674538202712029e+00 8.274486028860291498e+00 8.375491656482285663e+00 8.538672578942740898e+00 8.611651204687607475e+00 8.873429710960619943e+00 8.999607785158309170e+00 9.281170626354432684e+00 9.320943680188406688e+00 9.351851985127780154e+00 9.480690834824333280e+00 9.586126195469041988e+00 9.708619604047667551e+00 9.720416976327712177e+00 9.851435711203743395e+00 1.007122856697677804e+01 1.032662148894161724e+01 1.038053790702039336e+01 1.054599995980037974e+01 1.075612788673447007e+01 1.078402220037937731e+01 1.085742137903164384e+01 1.106001428927059216e+01 1.129387831574950241e+01 1.160044918984051421e+01 1.193346804487486246e+01 1.202955819681037930e+01 1.210626304046251533e+01 1.226563513067332778e+01 1.234500866727424295e+01 1.239902990028547869e+01 1.254169523560901744e+01 1.281909883825147212e+01 1.298999108087134680e+01 1.306048027580069260e+01 1.316217505632882734e+01 1.331017115316879895e+01 1.337586931678836955e+01 1.347035625339179710e+01 1.357662513469605159e+01 1.364282782694789553e+01 1.371630140090070782e+01 1.380636467998555617e+01 1.385190949016792850e+01 1.404115071126109271e+01 1.412904548306092778e+01 1.423041271254222373e+01 1.441831376299367484e+01 1.454355917321041858e+01 1.465518209852213971e+01 1.471457526084678769e+01 1.477321504132316754e+01 1.484393006969350814e+01 1.498400163545434616e+01 1.503223578152638140e+01 1.521443216365402940e+01 1.542077719558382576e+01 1.545977904355651411e+01 1.552203193060156039e+01 1.562916662420667002e+01 1.568848340229668636e+01 1.578681096112145710e+01 1.603257001756980316e+01 1.629694461118909032e+01 1.638761168383995326e+01 1.656622563685965233e+01 1.668529947631054711e+01 1.690696013993959212e+01 1.699276544607011274e+01 1.715657351419483589e+01 1.726582850995268359e+01 1.763787101799311330e+01 1.788207646997389588e+01 1.858133478336745270e+01 1.870169226144020413e+01 1.917998134195376281e+01 1.937479333939100812e+01 1.953675034283244116e+01 1.963095315139037211e+01 1.993313223914084276e+01 2.034885960870743915e+01 2.047282081573386847e+01 2.065472216144561912e+01 2.121703846302020224e+01 2.137951356934477332e+01 2.189176884351858376e+01 2.205283326089492135e+01 2.320279096229790028e+01 2.443513104745887432e+01
9.084087376064835517e-01 1.756584796993247100e+00 1.901882903706156203e+00 2.008816476072818435e+00 2.113537493448839122e+00 2.229783761419080079e+00 2.292122176230814823e+00 2.403969260455312451e+00 2.453196539439633561e+00 2.591039098275323305e+00 2.660343716901448996e+00 2.730871607536311529e+00 2.759104803448428900e+00 2.885237254951663388e+00 2.999990386068026371e+00 3.071072743574221331e+00 3.155665750301522188e+00 3.210934843375366388e+00 3.283572785996368815e+00 3.317575688948779522e+00 3.363958613933986541e+00 3.512480588649951940e+00 3.537455309707347340e+00 3.603898570610661434e+00 3.684473456168829486e+00 3.789261381422344588e+00 3.851712358170084283e+00 4.004599984435292193e+00 4.137071450054563115e+00 4.395868328401369318e+00 4.452439874055301061e+00 4.536757902703329570e+00 4.695701753242823351e+00 4.836692799007436427e+00 4.872068134338157996e+00 4.906135961977690307e+00 5.189079716749159132e+00 5.263589103660436308e+00 5.398445941945300142e+00 5.441603439074750526e+00 5.792831243901611415e+00 5.893271847619923065e+00 6.142230341911722569e+00 6.185579784999062802e+00 6.246682018059647845e+00 6.390551141403133961e+00 6.665521239861837088e+00 6.892047082140097203e+00 7.110475631321420131e+00 7.199367151480311477e+00 7.350886675052413111e+00 7.532684938491287063e+00 7.579306474187768039e+00 7.694973163478315392e+00 7.816950071914087417e+00 8.017901191030162522e+00 8.272301922466470003e+00 8.369267196647113494e+00 8.531428571778588932e+00 8.615347132879296765e+00 8.873204897733339536e+00 8.987521423273564736e+00 9.273786893177767610e+00 9.305472610271982248e+00 9.347756925627592750e+00 9.478062955743938645e+00 9.599943010334371252e+00 9.700116279977846645e+00 9.722188353438822261e+00 9.847749351955807029e+00 1.006137483975656899e+01 1.031452216837663016e+01 1.039247110820393161e+01 1.052464407757379483e+01 1.076339326681060093e+01 1.079159093315730722e+01 1.086781939305208411e+01 1.105274395930454112e+01 1.129000787243315784e+01 1.160115787489943528e+01 1.191287169581036132e+01 1.202346038901409564e+01 1.208785622762713530e+01 1.225359942898371557e+01 1.234545103711956848e+01 1.239107844755947063e+01 1.253694796368937148e+01 1.279518336778339282e+01 1.297207585097380900e+01 1.303678366054336735e+01 1.316391046104589080e+01 1.330329156733952800e+01 1.337310858069065311e+01 1.344429934027982654e+01 1.356711241275730018e+01 1.361597730596952083e+01 1.372947071908166627e+01 1.383311169120169914e+01 1.390267036527888855e+01 1.403078112709387071e+01 1.413797126570420382e+01 1.423284346469939798e+01 1.441870984942198319e+01 1.453307210382533654e+01 1.464058588095184277e+01 1.473970662742366500e+01 1.477888286468310497e+01 1.485070809353056553e+01 1.498375262794637308e+01 1.504589030838926433e+01 1.523096895202117551e+01 1.542044005531468009e+01 1.545753529330435327e+01 1.551923755162556340e+01 1.562506257661706144e+01 1.569174413554236303e+01 1.580477696696471135e+01 1.603350705485671668e+01 1.630713294073343533e+01 1.639262178570405126e+01 1.657297698899465033e+01 1.669100827286084154e+01 1.690517117078421805e+01 1.700860844055990739e+01 1.716231263749243396e+01 1.727599816287387569e+01 1.763633659956923694e+01 1.787756683680189340e+01 1.860224180178200015e+01 1.870148850582857847e+01 1.917277567232691382e+01 1.937672653469772754e+01 1.952197356717218923e+01 1.964807393916484557e+01 1.994199896035746278e+01 2.033886804360095013e+01 2.049314267696635383e+01 2.067043253636142808e+01 2.121997482184283967e+01 2.139292922876460779e+01 2.188851553876702738e+01 2.205656039704267002e+01 2.321242372858689151e+01 2.443046796862949321e+01
1.006673975846709146e+00 1.778794848396401340e+00 1.955378302382118960e+00 2.070571512014882209e+00 2.152168402766994504e+00 2.257155798332616037e+00 2.316664829977232110e+00 2.404282804462974266e+00 2.478041071536194906e+00 2.577117890856394755e+00 2.672179542540576325e+00 2.730636142605031402e+00 2.758118931075900004e+00 2.886302278387550491e+00 3.008479175753915769e+00 3.103131653325630790e+00 3.182805061959696591e+00 3.212714652102077739e+00 3.306927815882706678e+00 3.325778144983192242e+00 3.391299377794374514e+00 3.508697752031435524e+00 3.566656194070804364e+00 3.611204779807997589e+00 3.731579846443896287e+00 3.817197945846588780e+00 3.865783915184332731e+00 4.007747871266252204e+00 4.151480803624338911e+00 4.381956000480248470e+00 4.451859890951145537e+00 4.538664326453676345e+00 4.700954512020493858e+00 4.826059516682464690e+00 4.880669437115127351e+00 4.944244443018804169e+00 5.181495196482238441e+00 5.262119443293460819e+00 5.403054830388092533e+00 5.434244603890154401e+00 5.758764048140991854e+00 5.877909593419714973e+00 6.108527827951523825e+00 6.172274219302735787e+00 6.221685799919559834e+00 6.380533512841546795e+00 6.665243338353143088e+00 6.896844357920942414e+00 7.078722597617284507e+00 7.173829544217714016e+00 7.335714269910782903e+00 7.530243336133791487e+00 7.577748746215253739e+00 7.686585278059529180e+00 7.802618653209539623e+00 8.025705470561522503e+00 8.266144191122572593e+00 8.351819210818112182e+00 8.512036142777649417e+00 8.623544913501264730e+00 8.869433976780525697e+00 8.954926613393382695e+00 9.238550893994830204e+00 9.280486637446401232e+00 9.334339439097083968e+00 9.479024349344420841e+00 9.618871732356018001e+00 9.674507671409340759e+00 9.734516994685586511e+00 9.836859617698040736e+00 1.003929662639226983e+01 1.029030585225405758e+01 1.040236063642473141e+01 1.048384176079699337e+01 1.077970658358784561e+01 1.080396470656360464e+01 1.089350608467485770e+01 1.103744352433241538e+01 1.127802674912006609e+01 1.160171080781209696e+01 1.185553354136963833e+01 1.199855591930109000e+01 1.203759609337738468e+01 1.222442882164562938e+01 1.233422381066061568e+01 1.237518226414853828e+01 1.252120361337482990e+01 1.273478474458753418e+01 1.289953088153619731e+01 1.300059926968680557e+01 1.316763699554502232e+01 1.325527319457194331e+01 1.330982908507002982e+01 1.346263469702612703e+01 1.355997043964176818e+01 1.359918535418560914e+01 1.373274177387551021e+01 1.386721790150923539e+01 1.399739198549829133e+01 1.401625556884592427e+01 1.415210598905104256e+01 1.424507716948755842e+01 1.441597855385982641e+01 1.451968943333646500e+01 1.465147203762590777e+01 1.471483471458178194e+01 1.481485156642371592e+01 1.488718712846036318e+01 1.499770124164477814e+01 1.507671582012536149e+01 1.526456125249436546e+01 1.541364038359212074e+01 1.543956577415834630e+01 1.554197662303111294e+01 1.561308324241382905e+01 1.570775057777328954e+01 1.585583362027743881e+01 1.603622594321028316e+01 1.633116142063606446e+01 1.640606931958949133e+01 1.659280193703589390e+01 1.670695776553646894e+01 1.690565447853258618e+01 1.704288297971390520e+01 1.718346326265797686e+01 1.730055495813578759e+01 1.762649412866556276e+01 1.787650462615432900e+01 1.866007632524354420e+01 1.870524331733187751e+01 1.915344526300799188e+01 1.937787398786767312e+01 1.949800096104613800e+01 1.968277907501832402e+01 1.996764930130164117e+01 2.031966747551872743e+01 2.054285473056191336e+01 2.071074774606666224e+01 2.122785527506828629e+01 2.143198718434141625e+01 2.187856392380252757e+01 2.206769446013356628e+01 2.323879736026555776e+01 2.441662140953610560e+01
1.140311677622967590e+00 1.805609121372220072e+00 2.019343820143098434e+00 2.143084773362616602e+00 2.208940115604799193e+00 2.273830918020720127e+00 2.362395378776454002e+00 2.419096149384583505e+00 2.495107161382961625e+00 2.573228802822653982e+00 2.677233102896907191e+00 2.743757475379152488e+00 2.783113329088755972e+00 2.900756027557186201e+00 3.027298040409474922e+00 3.134592706785560345e+00 3.184071550535071182e+00 3.230999234889824212e+00 3.317364645492684172e+00 3.380149466140386583e+00 3.426513622314396823e+00 3.515228098637950271e+00 3.599710342336483571e+00 3.642358245353515933e+00 3.786681789474430015e+00 3.855105660542151202e+00 3.898596031815740659e+00 4.015801399122870485e+00 4.169745311759108120e+00 4.359407698035141721e+00 4.460031639301734074e+00 4.547968484255966892e+00 4.705504193728423878e+00 4.805073944542666453e+00 4.896255130163235769e+00 4.997431701209244181e+00 5.168226509364368226e+00 5.256457986020802053e+00 5.396687623246641863e+00 5.440163441617018592e+00 5.709793008521997670e+00 5.853882847373118814e+00 6.062911816656941788e+00 6.147737784793113391e+00 6.179462170718470482e+00 6.366495117873636644e+00 6.665378265211484354e+00 6.892886189656852736e+00 7.045043031786623722e+00 7.135108157138703611e+00 7.308073575630610108e+00 7.520142313497340858e+00 7.579045670741228591e+00 7.659746328762782497e+00 7.796282942398225835e+00 8.033442961683661565e+00 8.254950099758165294e+00 8.327504711379420499e+00 8.485554745380422759e+00 8.630345888017050271e+00 8.852022396841420004e+00 8.913763364420306701e+00 9.183344568651985895e+00 9.251994667369547898e+00 9.311385431586987949e+00 9.491146832287256530e+00 9.612771260021496289e+00 9.641926898966103110e+00 9.744094980901829572e+00 9.836130960303245629e+00 1.001443399171881232e+01 1.026438018241082517e+01 1.036228927559145241e+01 1.047573726684614037e+01 1.078541390480362416e+01 1.081754081606397655e+01 1.091532788545422328e+01 1.103346735970126957e+01 1.125776193207534703e+01 1.159821608574201868e+01 1.176881517158977708e+01 1.193104589454003239e+01 1.198233136506236285e+01 1.218769957450734864e+01 1.229296214532119080e+01 1.236157965743368692e+01 1.249368806329939652e+01 1.265514963452171671e+01 1.279854643222696176e+01 1.296125656663399361e+01 1.308800767196425952e+01 1.323596970883506252e+01 1.325984572332778733e+01 1.347346971108225056e+01 1.353986260060007396e+01 1.361430567224160093e+01 1.375092456996988055e+01 1.387949903720380895e+01 1.399190599171627092e+01 1.408227900623766971e+01 1.415971092034285839e+01 1.425320087049117745e+01 1.443541597116638364e+01 1.452031852574638293e+01 1.464910097240829501e+01 1.470729655769588184e+01 1.484349122683425293e+01 1.494075538095241562e+01 1.503141429927748263e+01 1.512108215827289115e+01 1.527238889201894700e+01 1.538911482456571811e+01 1.545091931664919827e+01 1.556836513155352719e+01 1.563324465194995661e+01 1.574064063019166149e+01 1.593264051634469780e+01 1.604126157802410546e+01 1.635834725860057404e+01 1.642420150724854366e+01 1.662285276672048795e+01 1.672884747410549267e+01 1.691003217833493366e+01 1.707686747259108628e+01 1.722458726935695239e+01 1.732643544553192427e+01 1.760874344482898479e+01 1.790017661310117703e+01 1.869111908533549027e+01 1.877354524331874686e+01 1.912738904265150097e+01 1.936704746090037688e+01 1.949176967744066147e+01 1.971660544972892026e+01 2.000574437032730302e+01 2.030542449341655598e+01 2.060309932832621627e+01 2.076372073062077206e+01 2.123849157597479120e+01 2.149248237105958381e+01 2.186140768140721846e+01 2.208607278342062941e+01 2.327468902268888229e+01 2.439411691217285849e+01
1.273514025814906692e+00 1.827393065672652028e+00 2.076451083992473468e+00 2.183062944692053087e+00 2.239625264038262120e+00 2.313685827391946948e+00 2.366358931212365846e+00 2.469898940405483856e+00 2.516443387054477121e+00 2.590167549977870021e+00 2.679893517354837051e+00 2.755046302598926466e+00 2.846757257747023040e+00 2.923762074657924703e+00 3.063814085491499917e+00 3.153984761601037690e+00 3.174225464544508934e+00 3.249815719452912699e+00 3.346865309601056104e+00 3.435084294447433795e+00 3.473114747041496031e+00 3.544190403192582384e+00 3.621843305928913903e+00 3.690043589372217436e+00 3.846661904607907800e+00 3.895791252196370014e+00 3.942797632276263009e+00 4.044334789257907126e+00 4.185753593689084617e+00 4.333728803317151268e+00 4.481799392328159826e+00 4.568833213827217854e+00 4.703626698435252607e+00 4.772170575377592705e+00 4.921822779715681051e+00 5.040285798352108770e+00 5.160589485353562544e+00 5.244974782537127567e+00 5.374199026467690210e+00 5.467622228952490282e+00 5.652240805229443055e+00 5.826439425067786004e+00 6.014207526718689856e+00 6.091281432771881832e+00 6.147190104070648253e+00 6.349547572123026562e+00 6.666719573381254094e+00 6.866505969432160406e+00 7.013766075295873925e+00 7.095862034330596479e+00 7.271471325971013755e+00 7.501020106436385504e+00 7.570703920963373967e+00 7.628624296850642139e+00 7.800659498865489816e+00 8.035665774969071862e+00 8.231905466704658281e+00 8.305377685468620541e+00 8.457476921063385333e+00 8.629892761716671856e+00 8.809028969508023721e+00 8.879753999520497487e+00 9.128604676196090395e+00 9.210228883756649054e+00 9.289284915466350157e+00 9.506377613433809159e+00 9.569761746894096532e+00 9.610509490128722021e+00 9.732580296676852427e+00 9.865553197318824630e+00 9.985716909401029184e+00 1.023955297319106705e+01 1.030141636555195994e+01 1.048123374954617404e+01 1.077943020589772161e+01 1.080611054806067273e+01 1.093497691353911172e+01 1.104786162893442913e+01 1.123164138029912174e+01 1.158331812742681421e+01 1.166258496953496859e+01 1.182939665430284926e+01 1.192775032743602814e+01 1.214445452341239928e+01 1.222807864714542347e+01 1.233728928765211741e+01 1.246162601695239402e+01 1.256659004549581837e+01 1.270029102057018733e+01 1.290305805488875812e+01 1.298086304923574197e+01 1.319733098071493416e+01 1.324074979224944038e+01 1.347445456119024065e+01 1.350601613039573579e+01 1.363235465979657413e+01 1.377807421433541002e+01 1.388174522317466497e+01 1.398263166302876570e+01 1.412159007900074847e+01 1.416832231814697707e+01 1.424157876727567817e+01 1.445201117842979599e+01 1.453871171064126422e+01 1.464230625182627854e+01 1.472924003183506514e+01 1.487888472962500863e+01 1.499294590851280873e+01 1.506633509041920682e+01 1.516343770071965480e+01 1.525710802615108719e+01 1.538633768538058533e+01 1.546856428216470825e+01 1.559412952336484537e+01 1.570407275265105440e+01 1.578772077035340438e+01 1.601968762044820593e+01 1.605830722321643123e+01 1.638506501045061370e+01 1.644403039671774636e+01 1.665391184097312660e+01 1.675000814504323543e+01 1.691277981369342953e+01 1.710273056545994663e+01 1.727273987397148503e+01 1.735158641618175679e+01 1.760926373583489379e+01 1.795119694940827770e+01 1.869403682676257716e+01 1.889963137518589065e+01 1.910136649918259266e+01 1.934654136403228009e+01 1.950534802570111736e+01 1.974021982561840360e+01 2.004939329359599753e+01 2.030050580699938223e+01 2.065965602087739583e+01 2.081989314749621300e+01 2.124794381338128701e+01 2.156752748006588405e+01 2.183657053541804416e+01 2.211126897519941892e+01 2.330925050776922802e+01 2.436415415594273526e+01
1.375004053187764752e+00 1.835663773143528132e+00 2.114813130260419172e+00 2.176180106596402819e+00 2.223805971850419727e+00 2.335816129758224502e+00 2.375584281495680905e+00 2.497345007328713340e+00 2.556053551589920758e+00 2.621580307383243547e+00 2.703089121933164307e+00 2.777130417306460153e+00 2.875324296120267409e+00 2.971468471421718327e+00 3.104407657760968497e+00 3.153518297516145097e+00 3.193000619353621783e+00 3.272610136647937651e+00 3.385118807338641567e+00 3.475910699320521324e+00 3.524712353464119818e+00 3.580366714221006497e+00 3.652139932586160764e+00 3.746530400912136738e+00 3.879281264132326879e+00 3.948829684334083545e+00 3.983442761616736938e+00 4.106250774621220678e+00 4.198845457136493486e+00 4.313789215272111122e+00 4.519739081066090236e+00 4.596131690241973544e+00 4.684100537376712836e+00 4.735407625774540996e+00 4.952288436903118374e+00 5.045010051081363578e+00 5.161874969491881515e+00 5.242874878936546246e+00 5.354451387729670664e+00 5.498268503603148005e+00 5.598394986455886624e+00 5.802108717716668806e+00 5.963043028273212975e+00 6.019197443044804530e+00 6.129167019712590481e+00 6.331156830339273789e+00 6.668879871347077604e+00 6.819950066266839528e+00 6.955288057205453178e+00 7.081342392635187721e+00 7.231292765367365760e+00 7.473181415659452043e+00 7.533325740472024634e+00 7.622719935387672230e+00 7.808555316765890986e+00 8.028594018929812393e+00 8.191586381489395663e+00 8.291382376896351047e+00 8.431250535753507691e+00 8.616064773966989776e+00 8.753980481708483197e+00 8.846127289567995433e+00 9.082580200870062015e+00 9.164331100169182065e+00 9.275210158456140164e+00 9.484170547820070851e+00 9.518110141123761636e+00 9.583664286990916992e+00 9.717381536478979953e+00 9.898251852533249462e+00 9.949288261832922586e+00 1.020551570457164736e+01 1.026749439560253840e+01 1.047396845579037361e+01 1.074780741618165081e+01 1.078496834232743851e+01 1.095742323985521693e+01 1.105620524986959730e+01 1.120636744083448377e+01 1.150742395437517374e+01 1.159103402889977552e+01 1.172487928302404825e+01 1.186426219341569244e+01 1.208685416031875803e+01 1.215220367860258577e+01 1.230046571226632679e+01 1.242822174130689916e+01 1.247440418962114883e+01 1.261214516619122783e+01 1.283253439380307448e+01 1.288329981765060950e+01 1.312334622079462321e+01 1.322581047701655699e+01 1.344911624659343907e+01 1.349257969625967668e+01 1.363832389977541304e+01 1.379916834685132976e+01 1.388228523674750292e+01 1.398726107772634286e+01 1.409912850595033973e+01 1.419671805244448137e+01 1.423879839036077044e+01 1.443257590502237875e+01 1.455180113945713849e+01 1.468040332122328095e+01 1.474132487395922908e+01 1.492579686649841975e+01 1.503308198033533394e+01 1.510220016663181397e+01 1.515145638674307449e+01 1.527607900230155202e+01 1.541952005976776263e+01 1.549378707197310057e+01 1.563778645025100111e+01 1.578297867906266383e+01 1.584864313637439004e+01 1.604947771281352331e+01 1.614583210494701504e+01 1.641308793635580798e+01 1.646575780738177031e+01 1.666856969750705275e+01 1.676836611253848730e+01 1.691267031471645765e+01 1.711738778304295394e+01 1.731096224367577463e+01 1.739792665164914354e+01 1.764629936134693011e+01 1.801921661414066023e+01 1.869707412890873144e+01 1.903879545637269999e+01 1.908567108152683645e+01 1.932711705125488422e+01 1.952436810214286567e+01 1.974871864413498557e+01 2.009273371682919063e+01 2.030218177934655799e+01 2.070330657639441085e+01 2.087288523811354324e+01 2.124910177554247070e+01 2.164820786346270864e+01 2.180553946867792448e+01 2.214216587274900760e+01 2.332985049951531309e+01 2.432900198483156018e+01
1.424167359563978996e+00 1.827730289627104376e+00 2.100241156683767763e+00 2.148187883077739890e+00 2.187255423907331853e+00 2.321914824131009247e+00 2.390812742194870832e+00 2.493699976627903769e+00 2.574516998584461369e+00 2.648344146961411294e+00 2.741565715148868154e+00 2.810834995468846298e+00 2.862348381636163008e+00 3.025522548630484199e+00 3.124793859609266367e+00 3.162006258906629785e+00 3.231622979862273315e+00 3.310870525380028795e+00 3.419170363668689205e+00 3.502810002591682625e+00 3.575443032150036782e+00 3.592230490616941108e+00 3.701801257511129428e+00 3.813960944503957951e+00 3.889873424720735606e+00 3.975710088950600074e+00 4.023377845397943631e+00 4.183372250443275320e+00 4.223013685525357275e+00 4.306891800899783185e+00 4.553161150636836574e+00 4.603759739693692232e+00 4.658011176689740296e+00 4.714073044167798265e+00 4.968044732228835692e+00 5.020543643219508745e+00 5.163153186214398005e+00 5.262198471540424194e+00 5.345292636195723368e+00 5.492919209431459393e+00 5.593569752914432591e+00 5.784746078065267305e+00 5.892186617795064585e+00 5.977401333521168425e+00 6.121509318992309545e+00 6.313725313229547886e+00 6.667067239930037914e+00 6.765072405558195001e+00 6.873022555184341797e+00 7.073943787378055070e+00 7.194248266892177668e+00 7.432826534294608933e+00 7.497296110820427018e+00 7.623705657039227646e+00 7.813688941851982150e+00 8.011358531238178315e+00 8.140317995064997092e+00 8.279517654120875036e+00 8.406764788306183789e+00 8.580610492651977950e+00 8.704666447755929681e+00 8.806141023266510715e+00 9.049081322165246632e+00 9.127771817025497114e+00 9.266676049784688729e+00 9.394972210032049631e+00 9.489666788722651347e+00 9.561627696099378682e+00 9.702009373574574269e+00 9.877366138200891044e+00 9.937515992803211518e+00 1.017201949003488970e+01 1.026074818478158335e+01 1.044610799080457042e+01 1.069332713276431157e+01 1.077578707571472272e+01 1.096062234961665105e+01 1.104685970846078469e+01 1.118352180249077499e+01 1.137249057920725370e+01 1.156123932245413855e+01 1.163913724560264384e+01 1.179416492680610240e+01 1.201163610928777103e+01 1.207643192054192305e+01 1.225376796536369639e+01 1.236436424412700319e+01 1.240732096159823783e+01 1.253622673607246618e+01 1.275012476188786792e+01 1.279937998215955552e+01 1.304120147339391877e+01 1.318898928320999531e+01 1.340371358652785005e+01 1.349651278193767645e+01 1.364896580293635786e+01 1.378902050911608690e+01 1.388530669545651364e+01 1.399210148883715377e+01 1.405849948985435560e+01 1.419457415233440933e+01 1.427211327124464013e+01 1.441186180196694444e+01 1.455904210889302774e+01 1.470596857156312254e+01 1.476072982174047610e+01 1.496521553337016819e+01 1.505142739833102183e+01 1.510105770333859176e+01 1.518723225857269732e+01 1.528772226789025979e+01 1.545607434419780191e+01 1.557587340295935086e+01 1.568680442703831623e+01 1.582885014448099703e+01 1.593452796438219643e+01 1.606863515358601191e+01 1.623750661125595585e+01 1.644510255390779463e+01 1.649104749377896084e+01 1.666206405787061229e+01 1.678645491062469830e+01 1.691906556832264741e+01 1.712708612758784099e+01 1.735765258971673575e+01 1.745788723578930757e+01 1.771096562159393173e+01 1.809456611272705828e+01 1.870143827393099656e+01 1.906734620895465326e+01 1.918870881266195383e+01 1.931343765755659447e+01 1.953912275682382571e+01 1.973747555157198619e+01 2.013161954322531244e+01 2.030798493425335849e+01 2.072845665820476668e+01 2.091736419993227969e+01 2.123351287938178089e+01 2.170647789245646919e+01 2.179115262881024151e+01 2.217643458264239698e+01 2.332479544665220672e+01 2.429212177752608781e+01
1.408484832869495218e+00 1.805470030408493853e+00 2.014430758855877190e+00 2.097368848467687563e+00 2.163510845761569268e+00 2.293451318868664934e+00 2.377475004583442519e+00 2.469106538061993206e+00 2.546651839895858416e+00 2.661929313798263141e+00 2.762561657752979460e+00 2.817633914578320020e+00 2.891718575305992189e+00 3.028764299505863899e+00 3.144077240034357956e+00 3.189914564382652529e+00 3.271435254031491713e+00 3.352200013464030626e+00 3.442808640739652315e+00 3.522129974828756893e+00 3.572528681383237537e+00 3.633992945803551589e+00 3.746090434266732938e+00 3.857585755223676749e+00 3.898427517535785203e+00 3.989433275876884899e+00 4.038055708081262019e+00 4.231274288990739763e+00 4.273430126613910751e+00 4.319847751000128966e+00 4.489088081120725882e+00 4.612532437302167665e+00 4.641956918649828623e+00 4.739298204900847189e+00 4.923756267040319656e+00 5.023002378337677598e+00 5.175114900801234263e+00 5.302826459540741055e+00 5.326795408018638156e+00 5.468746321348936235e+00 5.630154033872038610e+00 5.774914208410671712e+00 5.827582124206506897e+00 5.966242013265969035e+00 6.127094789231056993e+00 6.299859868411339825e+00 6.637535720039781317e+00 6.723821823728571623e+00 6.790120312577397677e+00 7.048192813359881015e+00 7.165078657441607213e+00 7.384505971385832979e+00 7.476967532894202684e+00 7.618805699146493637e+00 7.811629837128197806e+00 7.983866339170918813e+00 8.086213202873597794e+00 8.262114997015768125e+00 8.383276137756549673e+00 8.525384541066992838e+00 8.649664181546237174e+00 8.778155109020916669e+00 9.023618917349384816e+00 9.102155924574736545e+00 9.242589589919230519e+00 9.320485074362673927e+00 9.442589750295889317e+00 9.534065588136598990e+00 9.674298729277424513e+00 9.820912515889135719e+00 9.931378765736981862e+00 1.015439791942976733e+01 1.024436851754984623e+01 1.040657127899106449e+01 1.063866002408074785e+01 1.076873473611819243e+01 1.092894645998554459e+01 1.102413214784532158e+01 1.115249505800215779e+01 1.124428858009634702e+01 1.151888688689771811e+01 1.159308933736152802e+01 1.172140594116682166e+01 1.192920211382162599e+01 1.199803124527160136e+01 1.217941439245363711e+01 1.229392539414375918e+01 1.234637301627168426e+01 1.248323800024434505e+01 1.264234500278638862e+01 1.274537141961411812e+01 1.295749684698022541e+01 1.313838095373552761e+01 1.335462309411266801e+01 1.350659580886350852e+01 1.366260665531862628e+01 1.375005756630243603e+01 1.386788630130889821e+01 1.398329049902036836e+01 1.402811332241216924e+01 1.419461554040215923e+01 1.429498592170952165e+01 1.441142790539801055e+01 1.457088465128083676e+01 1.469674143456366089e+01 1.479729521540174275e+01 1.497771241346020510e+01 1.506906363934127491e+01 1.508608301105174121e+01 1.522718193423125932e+01 1.533510249189660435e+01 1.547704791914131306e+01 1.569225254574140394e+01 1.573365374206153433e+01 1.583876247321846265e+01 1.602916062943145903e+01 1.609704799958652544e+01 1.628048936553768655e+01 1.647978392578122353e+01 1.652618093099390606e+01 1.667293193334945656e+01 1.680262995603297682e+01 1.694023323194300801e+01 1.714344865161563902e+01 1.741335352685403493e+01 1.751961209428487010e+01 1.778884782172008983e+01 1.817052889895001044e+01 1.870556533238717023e+01 1.906860971204090660e+01 1.926646746066071358e+01 1.934325221882801671e+01 1.954488788158083779e+01 1.970448401490455126e+01 2.016351962233281014e+01 2.031826103607127720e+01 2.073419725403165614e+01 2.094426194856132994e+01 2.119750327063523798e+01 2.168177478677506897e+01 2.185272621019392503e+01 2.221058303858544392e+01 2.328693913422705819e+01 2.425743708917748265e+01
1.317349303228240398e+00 1.768466112834741644e+00 1.899042161149669061e+00 2.014409873768984838e+00 2.130448825855567385e+00 2.224410182516572299e+00 2.327530694898720220e+00 2.416091626086898536e+00 2.509560612037786687e+00 2.650733793138964955e+00 2.768507871685595312e+00 2.810887992194257556e+00 2.941740846232318685e+00 3.010615931163990400e+00 3.132582381797877069e+00 3.237499855144989169e+00 3.303100552638324583e+00 3.378957981758637708e+00 3.455307814080633477e+00 3.512502328303020782e+00 3.574300906526006738e+00 3.669478192585503340e+00 3.767098660472048000e+00 3.851955421294061210e+00 3.897399627750518736e+00 3.983139256469977685e+00 4.076756572866493400e+00 4.206291458287319429e+00 4.292239543357680098e+00 4.352709721319946823e+00 4.446778696579025691e+00 4.550338408754766029e+00 4.611219931640006209e+00 4.792560542991108008e+00 4.894510040444020049e+00 5.029038201005084474e+00 5.183425845217784378e+00 5.268846880109383513e+00 5.387267332632444727e+00 5.475047309012516905e+00 5.646542507132505051e+00 5.768932578190660188e+00 5.822204034051410737e+00 5.969756019489721233e+00 6.142591422998926021e+00 6.292536647550581286e+00 6.561538399415489664e+00 6.686837447976239801e+00 6.749539147125799055e+00 7.005205816201392821e+00 7.134050803837812538e+00 7.339093002304537983e+00 7.468260800764356055e+00 7.605968993924768107e+00 7.800430598554160433e+00 7.944126620681775997e+00 8.034489405783441285e+00 8.233056380931675022e+00 8.361557746406132807e+00 8.464175615469741842e+00 8.580095681243191663e+00 8.773270287833055292e+00 8.980451304688894965e+00 9.077658904490649050e+00 9.190745581002619957e+00 9.291377049192256266e+00 9.393586618797394650e+00 9.493851165756545640e+00 9.612758600901713635e+00 9.785383582701467020e+00 9.896441678149658472e+00 1.014113248850144622e+01 1.018177319524288649e+01 1.038392658479448372e+01 1.058070146018959967e+01 1.076059579560894797e+01 1.086209285902554633e+01 1.098404062885932220e+01 1.111038487484276693e+01 1.115677737479756892e+01 1.146110226337565230e+01 1.158125198292070657e+01 1.164624283345927758e+01 1.183895228676366429e+01 1.192260661898106022e+01 1.207708588357373003e+01 1.220936757888529556e+01 1.228842281415320947e+01 1.245343971097680225e+01 1.254410371419508863e+01 1.269727810365119147e+01 1.288280301268968309e+01 1.308204206539801540e+01 1.330498676872408836e+01 1.351823667500461212e+01 1.366136718787256754e+01 1.369712155332023151e+01 1.383122412318084393e+01 1.395987146976472459e+01 1.401146155896354273e+01 1.418859627925134781e+01 1.431370436673294932e+01 1.442466435200182140e+01 1.458903515078137758e+01 1.468023705256582367e+01 1.482985904228364404e+01 1.497423529611120507e+01 1.506058222230782562e+01 1.511492372413665386e+01 1.523387418624449730e+01 1.541023196563081221e+01 1.550522525238196359e+01 1.575588232882558870e+01 1.578850466949982767e+01 1.584174703026042330e+01 1.610862499553634919e+01 1.614387604519723496e+01 1.627958482838731413e+01 1.649381843681588578e+01 1.658710362233253832e+01 1.672665224414591734e+01 1.682547107912043316e+01 1.697263646149342975e+01 1.716829850338686470e+01 1.746456909879859865e+01 1.758222993833836512e+01 1.786806455648250491e+01 1.824250640679548496e+01 1.870479250349518807e+01 1.907680076356446008e+01 1.924913862275239040e+01 1.939856415950658430e+01 1.954372532733028578e+01 1.967178649779085120e+01 2.018812333314501473e+01 2.033308042341337085e+01 2.072297106852521154e+01 2.093801811778590860e+01 2.114980945774953724e+01 2.163330169852573093e+01 2.193525192526007217e+01 2.224088264152114647e+01 2.321717270413272871e+01 2.422786104575427402e+01
1.132993875475694745e+00 1.705380584071382932e+00 1.779718834358105628e+00 1.900916739496446572e+00 2.045356991110731659e+00 2.117440161288474787e+00 2.245180244814537929e+00 2.344085165938661675e+00 2.476895278886304119e+00 2.630257611392549766e+00 2.756180447052239302e+00 2.806679650961149353e+00 2.971712199272015908e+00 3.001749889073065614e+00 3.103232563277641187e+00 3.264850156134151415e+00 3.299042616202196410e+00 3.388914009446214237e+00 3.454127197796555304e+00 3.482025329743780873e+00 3.592857733443886925e+00 3.679471797621566953e+00 3.751025414587256801e+00 3.834307313694297115e+00 3.871834739926389712e+00 3.978172524700332779e+00 4.091386316292272340e+00 4.129649231779555230e+00 4.253200365659051130e+00 4.393776607803736134e+00 4.428260880066977379e+00 4.487740683958622689e+00 4.575821237767717875e+00 4.781491055738879226e+00 4.924476667999972967e+00 5.032634295168803895e+00 5.197414847373960534e+00 5.223182974616356056e+00 5.398051719370659640e+00 5.564008700203640245e+00 5.658184286352991421e+00 5.766451626895205962e+00 5.861234058297198679e+00 5.984802308769202384e+00 6.153108862389370159e+00 6.295668612789982355e+00 6.468166214443932027e+00 6.629216449249850207e+00 6.761297582441331500e+00 6.959235408320574301e+00 7.089341434130101760e+00 7.301362097862059031e+00 7.461610742719805067e+00 7.589684076252739331e+00 7.780032718311988837e+00 7.891745954037900468e+00 7.984826855228144282e+00 8.192301674813924350e+00 8.332891292697798491e+00 8.406129001878621665e+00 8.521758714972664350e+00 8.776144101864376879e+00 8.889448267164018702e+00 9.054914520919727039e+00 9.162239567591001332e+00 9.251331771014912775e+00 9.362461983384022801e+00 9.440731337485940955e+00 9.526607954307651838e+00 9.773337276450565270e+00 9.834464835423457174e+00 1.006684656203480266e+01 1.013822097167371972e+01 1.035494469755604285e+01 1.051602773877352703e+01 1.071841439429713283e+01 1.079746253944089673e+01 1.094569267523855061e+01 1.105105158790638420e+01 1.111834801272222251e+01 1.139921153564761092e+01 1.155320240129606901e+01 1.158445822763852462e+01 1.173457278549608063e+01 1.185534223684984312e+01 1.197401102172435117e+01 1.209284118665020813e+01 1.224381460722983661e+01 1.241367298516063400e+01 1.249071172670992347e+01 1.264629100640706127e+01 1.282276074512194697e+01 1.302684060899107443e+01 1.325605896893304703e+01 1.351058485465522274e+01 1.361142879141260309e+01 1.367456432095164054e+01 1.379346484061763078e+01 1.393810511654985440e+01 1.399128116170155600e+01 1.416209580892907560e+01 1.434497091085645160e+01 1.443706538020959051e+01 1.459956046755389814e+01 1.467717986021926890e+01 1.485227786998511590e+01 1.496694597875024080e+01 1.505720056766069526e+01 1.514796814082364129e+01 1.524144866586596159e+01 1.545461646172534032e+01 1.555795837602054021e+01 1.573140085005711164e+01 1.578250708343935393e+01 1.591227648306336384e+01 1.615981952020297641e+01 1.621534941461055368e+01 1.629538582992471873e+01 1.649129931056525322e+01 1.665190125541577970e+01 1.679894375055272349e+01 1.686937217803058076e+01 1.701001660449226094e+01 1.719959663655808768e+01 1.749983239498031296e+01 1.764549365506384149e+01 1.793834787566864009e+01 1.830689500031738604e+01 1.868961965886670740e+01 1.908608699524382857e+01 1.918884720831855262e+01 1.936249922235742460e+01 1.952897536808676904e+01 1.969628992818029545e+01 2.020618767845012087e+01 2.035140530523131730e+01 2.069693046268352532e+01 2.088641787043187037e+01 2.110847309335027688e+01 2.159265490143238964e+01 2.201568247660740596e+01 2.226454268241469592e+01 2.312531209604972204e+01 2.420443857051903080e+01
8.141429006106610800e-01 1.588863893715954489e+00 1.676446728624212401e+00 1.761921469313248778e+00 1.855486973216424529e+00 2.033031139140125010e+00 2.128961799974002478e+00 2.286424724700183653e+00 2.430476696814728665e+00 2.597161918842658679e+00 2.737417619237231925e+00 2.786119324588461676e+00 2.964500097989506866e+00 3.008038957307157979e+00 3.056423548130335011e+00 3.225999623742608069e+00 3.265839622421066846e+00 3.374875781960280374e+00 3.427645059552970608e+00 3.487757202517741462e+00 3.582579446552688562e+00 3.670353581352821415e+00 3.698277099321239270e+00 3.810745575412826103e+00 3.857601484269904457e+00 3.930230766297896139e+00 4.052155415607743727e+00 4.102271488697702750e+00 4.219378179427376807e+00 4.299427976834373055e+00 4.452750838113446186e+00 4.494134387778923490e+00 4.541970868561885588e+00 4.740869418953701953e+00 4.958911422237800792e+00 5.013830035647736771e+00 5.201484352247885745e+00 5.234787137255398903e+00 5.374589634581006692e+00 5.641395330854341417e+00 5.710354537622793991e+00 5.786694490355510645e+00 5.891831028251299784e+00 6.011613881115076552e+00 6.145935420123110227e+00 6.308846339029479111e+00 6.379627336961739559e+00 6.579993430063041160e+00 6.786968801178373312e+00 6.921935845928893549e+00 7.031397297397340651e+00 7.271955693336642490e+00 7.438395598416312815e+00 7.579815954304572223e+00 7.750933332731023917e+00 7.829705732067212764e+00 7.936425610723731872e+00 8.145602769048924330e+00 8.273836147156304222e+00 8.366816901771183979e+00 8.486714587663694687e+00 8.753496247481910686e+00 8.797921859825578395e+00 9.030626712731356420e+00 9.140970868488887291e+00 9.190245526487556660e+00 9.319126213912921841e+00 9.388075901634922005e+00 9.453893662021574329e+00 9.740650987456291432e+00 9.779861379520049525e+00 9.953885801321773030e+00 1.011252922476033689e+01 1.027874188415603207e+01 1.045330342618255770e+01 1.062327639983551819e+01 1.077997815814035754e+01 1.090422926595263142e+01 1.099047479144378592e+01 1.110238093817483573e+01 1.133201247465116346e+01 1.144869562722288769e+01 1.155317585881189757e+01 1.163131192276346404e+01 1.179212868777470824e+01 1.189852387167199943e+01 1.197024891092659260e+01 1.220103310981815881e+01 1.234898705855262691e+01 1.247805920543166636e+01 1.259743060437498485e+01 1.277028790133844716e+01 1.298156919559067468e+01 1.320659328308585501e+01 1.344200278747904065e+01 1.357667240257050700e+01 1.365521161884855061e+01 1.376460650277770803e+01 1.391987313686188976e+01 1.396648084310244364e+01 1.412349582294202222e+01 1.437349859230925908e+01 1.444731370824383987e+01 1.459398422348276370e+01 1.469689879535253141e+01 1.486116138070372727e+01 1.495558679473491992e+01 1.506093170836573059e+01 1.517662495978219006e+01 1.526033624175900627e+01 1.547097331284015631e+01 1.560376052823380988e+01 1.566925685957789049e+01 1.576593894430937048e+01 1.596665278664127641e+01 1.620544260721915109e+01 1.628075691022457860e+01 1.635547602292388092e+01 1.648493475179090240e+01 1.670362397956676759e+01 1.686919937925528501e+01 1.693327740110442292e+01 1.704907397989459383e+01 1.723683035715675160e+01 1.750863790721676239e+01 1.770699673943022745e+01 1.798891489844610447e+01 1.835932355388443682e+01 1.864216025711172620e+01 1.902154634815215317e+01 1.911358328408473639e+01 1.932745542996886101e+01 1.949307155783214185e+01 1.974785970916714817e+01 2.021861808356733547e+01 2.037211762940602000e+01 2.065296596314312794e+01 2.081183191344243610e+01 2.107613596003640666e+01 2.157127602301643776e+01 2.208977603160417402e+01 2.228038200449699602e+01 2.302676940544681017e+01 2.418688921895860133e+01
-2.046256128239170025e-01 1.424767670767354222e+00 1.519773295304726268e+00 1.599159719169970240e+00 1.675169857941573470e+00 1.924049414983500794e+00 2.013448632207293532e+00 2.230645864659289934e+00 2.369943574093083871e+00 2.535670443302668442e+00 2.699331191386000750e+00 2.758267203509726873e+00 2.866353428320542296e+00 2.990370720683938277e+00 3.035170374226731749e+00 3.134711191570061839e+00 3.225825900421169123e+00 3.345645854938838593e+00 3.379831237598930560e+00 3.495270249476324587e+00 3.520121505633932113e+00 3.621110526658716022e+00 3.682896993041710587e+00 3.773863663243499200e+00 3.851906056767326891e+00 3.886977400172362707e+00 4.037133221879781075e+00 4.050050984283093847e+00 4.166250406384145677e+00 4.256866574292637928e+00 4.397524324620765590e+00 4.493564618420998968e+00 4.571401167386904163e+00 4.712174655800711598e+00 4.912130064634707693e+00 5.038719017384542198e+00 5.196713075361862444e+00 5.273572368151832279e+00 5.361377957707214925e+00 5.656783099278969829e+00 5.759866451733079984e+00 5.834510833580401012e+00 5.926070090441929672e+00 6.032346176048212882e+00 6.130043565392155891e+00 6.302866229175230650e+00 6.334470130660882603e+00 6.540746437239249644e+00 6.817054057814908141e+00 6.899448152969251069e+00 6.966706937201962546e+00 7.249439459994174939e+00 7.386469386480502664e+00 7.576116291484503940e+00 7.716810155050148445e+00 7.761781212753238179e+00 7.893134786560914939e+00 8.091895256274311166e+00 8.202897911230216721e+00 8.329415720130743495e+00 8.457163190238823347e+00 8.655356404028619721e+00 8.791186208338523045e+00 8.993792025623255526e+00 9.098583469005216529e+00 9.119676448236873512e+00 9.238162399670834191e+00 9.352878402865767882e+00 9.414855992351384373e+00 9.647830984558673606e+00 9.764640451687466083e+00 9.841543998052314279e+00 1.007278632637784987e+01 1.017488956556763924e+01 1.038428587035427064e+01 1.053321106036219845e+01 1.074868579950819125e+01 1.085499930338178309e+01 1.092875891206239025e+01 1.109807915216831908e+01 1.125469403009072700e+01 1.132473588882814397e+01 1.143995023633745411e+01 1.159188698149909058e+01 1.173560906814834581e+01 1.181357713871088144e+01 1.189846973495823157e+01 1.215157120752009412e+01 1.228260384934119642e+01 1.247367058887146563e+01 1.255413051313258244e+01 1.271527811217466208e+01 1.294745194075917283e+01 1.315369072034317277e+01 1.334094094366145100e+01 1.353496670835064464e+01 1.363338283357526493e+01 1.375170455993685081e+01 1.389181659830917503e+01 1.394753912519906613e+01 1.408198707453190401e+01 1.438597820603187394e+01 1.445009173452706008e+01 1.459268193176872508e+01 1.472314389827745273e+01 1.485306341044413969e+01 1.493753334681377076e+01 1.506335414983603727e+01 1.520160526703924475e+01 1.529317042403833860e+01 1.546563184726342755e+01 1.556301497324745498e+01 1.565382370099152176e+01 1.577509411566253839e+01 1.598171442593919167e+01 1.623988842672555677e+01 1.634500798088425810e+01 1.643122945169471905e+01 1.648928121302468242e+01 1.674294913844967425e+01 1.693298638812437318e+01 1.699655071482744262e+01 1.708745976922631371e+01 1.728053241155234332e+01 1.747713195153318111e+01 1.776255014665102294e+01 1.800621603931976722e+01 1.838377588506593696e+01 1.854396205066359826e+01 1.885717775579668753e+01 1.912274912065579002e+01 1.931672599346650898e+01 1.945211303661603353e+01 1.977965477300498875e+01 2.022758363650018509e+01 2.039146742120001221e+01 2.058607770435026652e+01 2.075811604540731281e+01 2.104617204010460441e+01 2.157136167373095503e+01 2.215574538807664595e+01 2.228884386713301069e+01 2.293653694021105238e+01 2.417453901354237189e+01
-8.417047063314075928e-01 1.200732524846414906e+00 1.275746890996606098e+00 1.410990686977728004e+00 1.580003091110379954e+00 1.787311931826014444e+00 1.906791002964877357e+00 2.166309592574075182e+00 2.291717507195054182e+00 2.442224378642312121e+00 2.575302911520830573e+00 2.694806731102347364e+00 2.756455032359998114e+00 2.954125419136087061e+00 2.987412331811407196e+00 3.067079740499271345e+00 3.182831417565851861e+00 3.278066294209107223e+00 3.332219725959735701e+00 3.418389612120182885e+00 3.511677994540503001e+00 3.581401882322589270e+00 3.683333921817137480e+00 3.722439030242466362e+00 3.846043592402236033e+00 3.868055992513738328e+00 3.981379881908876595e+00 4.050480774069741940e+00 4.098083225181265554e+00 4.242672946412048063e+00 4.340569013498463136e+00 4.499722315457796995e+00 4.588668737789106444e+00 4.709527907946305270e+00 4.838449959178675819e+00 5.070796158599891079e+00 5.193329205445357921e+00 5.292679171735783505e+00 5.366637511057774645e+00 5.651775377155392022e+00 5.775077056723568525e+00 5.851546617116543558e+00 5.972503506441191767e+00 6.030210548972092077e+00 6.126845554290338391e+00 6.267754590063978171e+00 6.349782148196678300e+00 6.513859764393223450e+00 6.838147802437223532e+00 6.888319139212812026e+00 6.908805182689617297e+00 7.228097036072103521e+00 7.311725578101030187e+00 7.560881168584389300e+00 7.685128199189811049e+00 7.697879985903157696e+00 7.853007765279524044e+00 8.026562685340067560e+00 8.139550009770440298e+00 8.274767595013699406e+00 8.409521996147880429e+00 8.587472483864809547e+00 8.791073398262330585e+00 8.922275967206465097e+00 9.012785685095868971e+00 9.077189684990235818e+00 9.157380511104971532e+00 9.314999157567585897e+00 9.396622486486798209e+00 9.547607568417866730e+00 9.684737395575279351e+00 9.775568334541624438e+00 1.001270172705642558e+01 1.009365525709676348e+01 1.030022701396812224e+01 1.045357324900903961e+01 1.068252634441295079e+01 1.079010291785819931e+01 1.086267246964928290e+01 1.108073499452221888e+01 1.115366033724335182e+01 1.123012082050773230e+01 1.132057903026365686e+01 1.155649734457306721e+01 1.163808448447857380e+01 1.176284035002756490e+01 1.187763306734486690e+01 1.208205405396266485e+01 1.223199860417792628e+01 1.246443903628685135e+01 1.251538701075192606e+01 1.265712664855279179e+01 1.290377359353089304e+01 1.309886956746035835e+01 1.324509860873240896e+01 1.346339095340702841e+01 1.361058780184191441e+01 1.374953874529698084e+01 1.385110927613910192e+01 1.393228765872627584e+01 1.404542778840427530e+01 1.438140115706627675e+01 1.444162347192712659e+01 1.459562376501462921e+01 1.474386966793508336e+01 1.483125453005065353e+01 1.490952269930715168e+01 1.505950108562899459e+01 1.522195866926683472e+01 1.533531651980625021e+01 1.541259784231741214e+01 1.553230368668136840e+01 1.564615321247617530e+01 1.580687228629688512e+01 1.594560338767162477e+01 1.625716432382048993e+01 1.640882766094136969e+01 1.648760977076026890e+01 1.652721102172526457e+01 1.677472772400015089e+01 1.698026252326422281e+01 1.703627385307719067e+01 1.712514755409596390e+01 1.732215560195222892e+01 1.740508676080908401e+01 1.780313910043060588e+01 1.797927142710563331e+01 1.831448678001592967e+01 1.849619415915542220e+01 1.875990972566707526e+01 1.913413707390189700e+01 1.928427742887842200e+01 1.943521103721293031e+01 1.978405338830017612e+01 2.023677720873562436e+01 2.039595049506094782e+01 2.052297841391207456e+01 2.073580593930802607e+01 2.101801207042403163e+01 2.158854567352734932e+01 2.221268752547939584e+01 2.229157582341976962e+01 2.286388217065355022e+01 2.416667843625480927e+01
-1.099137638645265147e+00 9.086315675546352555e-01 1.017720078707785136e+00 1.245437975213158799e+00 1.488809796344399139e+00 1.629165754972779601e+00 1.801898991423050989e+00 2.088731045732911795e+00 2.173210311989508092e+00 2.275673049609938214e+00 2.408642143039515293e+00 2.585565462678500737e+00 2.732927823461721584e+00 2.848280515220270814e+00 2.917692269630387969e+00 3.044484576594898684e+00 3.131044186451594769e+00 3.198896319393255361e+00 3.291244451727209697e+00 3.367508602337454526e+00 3.493782701738569418e+00 3.552102307506044720e+00 3.648281328090575037e+00 3.704665907741215847e+00 3.812712278779694763e+00 3.882812258441106668e+00 3.944873244123623834e+00 4.005778880661268637e+00 4.086605083784228931e+00 4.231045766541816633e+00 4.312476426165781973e+00 4.503548847462198523e+00 4.585188483840669349e+00 4.714696536375412528e+00 4.786182567653041176e+00 5.071059779460783012e+00 5.201134679951661788e+00 5.296649244983014704e+00 5.373494523787039512e+00 5.634017898603730146e+00 5.763910524887918996e+00 5.854711594464842683e+00 5.984030591967202994e+00 6.022287669986925884e+00 6.126300695914602912e+00 6.266583601742938825e+00 6.364497956135494405e+00 6.505048056528474731e+00 6.816738602305188799e+00 6.856850891492546118e+00 6.912135364982741059e+00 7.182449562807201815e+00 7.244349315022583724e+00 7.521939432099337353e+00 7.615357900858060525e+00 7.685122661512084008e+00 7.815432833940823443e+00 7.945883958496295918e+00 8.080340961886415485e+00 8.211309173985466003e+00 8.345425401050208691e+00 8.548673602210318023e+00 8.771811585149048796e+00 8.809142325467787416e+00 8.959358167742919932e+00 9.027580316010052286e+00 9.081362780446072591e+00 9.268973427207606974e+00 9.382500674955766229e+00 9.443679227920315000e+00 9.569471620610485729e+00 9.718739631303074944e+00 9.952190178863249415e+00 1.004659991651986140e+01 1.020484359770072302e+01 1.037737023036851625e+01 1.058701771232126809e+01 1.070176583638031786e+01 1.078080648533742369e+01 1.100849892064454139e+01 1.105717322447776496e+01 1.118882481676512697e+01 1.124104633222991367e+01 1.146857180966108736e+01 1.155798648735445155e+01 1.175415259579402161e+01 1.186425016680549760e+01 1.200404837611293196e+01 1.219148586075042395e+01 1.243412296810956974e+01 1.247889333730850225e+01 1.260642870755529543e+01 1.282338560920131165e+01 1.305000056026346833e+01 1.317122238605360174e+01 1.337484842154970188e+01 1.356950589464872969e+01 1.374451722735172865e+01 1.381550313187606882e+01 1.390541590516932580e+01 1.402183863318341928e+01 1.436299895930993742e+01 1.442589368209744016e+01 1.458134548785570672e+01 1.474261895172949188e+01 1.481577815842021195e+01 1.487329298571356695e+01 1.504796914415558717e+01 1.522368528468525106e+01 1.533795058657958599e+01 1.537929582575140763e+01 1.553091459191756663e+01 1.564782095587243482e+01 1.580237189585422541e+01 1.587619672225635981e+01 1.627120499466731118e+01 1.646824751330326819e+01 1.652287460805194996e+01 1.658251950182478396e+01 1.679901578783196214e+01 1.697493596321350751e+01 1.703896536315864552e+01 1.716938219478381811e+01 1.730120116176187040e+01 1.740713770023380391e+01 1.780176620879153049e+01 1.794764085557980238e+01 1.823989083490892327e+01 1.851034313639910778e+01 1.871397049364026444e+01 1.910504888999772888e+01 1.925213677770540954e+01 1.944787372071646558e+01 1.977077096355024111e+01 2.024955422547889583e+01 2.036574713297119743e+01 2.050314577586174281e+01 2.073220293356171595e+01 2.099333198817763702e+01 2.161654106842478384e+01 2.226004736865749578e+01 2.229101458747621933e+01 2.281057887351137481e+01 2.416248929439622017e+01
-1.197443224420600805e+00 5.867621956942916661e-01 7.862258048844908975e-01 1.095193222998556815e+00 1.369877328699356189e+00 1.454526137109293460e+00 1.703270516145052760e+00 1.917753211006963054e+00 2.026062083527920166e+00 2.098451826066850323e+00 2.333270132218479453e+00 2.487641298721226857e+00 2.637610437356026960e+00 2.775544959368640097e+00 2.855491111512026059e+00 2.985711749579124330e+00 3.098589156000902456e+00 3.158875900870501408e+00 3.243799049577156701e+00 3.330892900950780167e+00 3.463071303404474222e+00 3.525929681496544621e+00 3.617587993087213238e+00 3.690592629447426276e+00 3.783667663040350959e+00 3.892007946960085896e+00 3.914628984426137936e+00 3.991922937326128018e+00 4.093227639764728920e+00 4.218240279856959596e+00 4.301297461877419792e+00 4.501233188873116298e+00 4.580087432476402931e+00 4.685130978476982122e+00 4.788485000504968170e+00 5.040735091162190429e+00 5.210090734230382381e+00 5.300129545959177513e+00 5.370699655339184808e+00 5.608074754379213545e+00 5.739514975831348842e+00 5.849087128076053688e+00 5.976187221653405324e+00 6.008014878693780148e+00 6.126543757041358340e+00 6.275090441368032401e+00 6.384268052339715283e+00 6.506684254215518770e+00 6.757192424414318666e+00 6.844141198012638760e+00 6.923384790487655316e+00 7.095560422362718889e+00 7.208299078553638495e+00 7.466883492776768882e+00 7.526659900153230609e+00 7.690071177843824657e+00 7.774962429632757299e+00 7.859947255584686765e+00 8.011486381656693467e+00 8.161121249275463896e+00 8.274431983446357108e+00 8.509519792105221470e+00 8.637801187752598864e+00 8.782647711686525582e+00 8.917517693369415355e+00 8.970908789861592680e+00 9.009575448703643019e+00 9.213431053857279451e+00 9.296904256682424261e+00 9.404117075195099318e+00 9.469485830024369832e+00 9.632240955230711776e+00 9.901728995472236505e+00 1.002136243450179620e+01 1.010137706664148460e+01 1.030039469813632813e+01 1.046992827009223248e+01 1.060818471509698036e+01 1.068855407052836526e+01 1.089549071978537143e+01 1.098743438345253054e+01 1.113663297811165442e+01 1.122598491493951656e+01 1.136179330036807578e+01 1.150933407724481938e+01 1.175240043213634777e+01 1.183573427528906841e+01 1.194763770837555938e+01 1.214637624228497437e+01 1.236940585277769244e+01 1.244014115301387413e+01 1.256727702581602735e+01 1.272242894838793958e+01 1.300104639381714122e+01 1.312000354259319579e+01 1.328233799506124591e+01 1.349006141014069193e+01 1.370788141801537030e+01 1.381395094381113431e+01 1.387123613193626248e+01 1.400855218495783738e+01 1.432409544008750402e+01 1.440733456700266046e+01 1.454321168092876704e+01 1.471435526996057064e+01 1.481164608327780208e+01 1.483953932886903360e+01 1.502108600967818219e+01 1.517654389544671290e+01 1.529072790926921321e+01 1.540462114464319932e+01 1.554285645246092251e+01 1.563664676726483371e+01 1.573126254172039928e+01 1.587348210627706280e+01 1.628586329109980113e+01 1.651534620106876261e+01 1.654712054218457951e+01 1.662710771259349940e+01 1.681126990639382868e+01 1.690933394969604819e+01 1.705584538738579070e+01 1.721363896717217656e+01 1.729844758637965185e+01 1.745620621428281183e+01 1.775429850262218778e+01 1.796051650006254974e+01 1.821091914923964339e+01 1.851987648207282788e+01 1.869849340142421923e+01 1.901530256929278551e+01 1.926933454671239332e+01 1.946642903723640572e+01 1.975279731677338191e+01 2.026640563773107573e+01 2.032171614076763433e+01 2.051126022202102561e+01 2.073785306229612857e+01 2.097272479256025690e+01 2.164964485192165000e+01 2.228577192267640683e+01 2.230151222870176397e+01 2.277302445580367518e+01 2.416098701731556986e+01
-1.155277177091305729e+00 2.519370275950020832e-01 6.402230505402177752e-01 9.717998036826926977e-01 1.169282986811366110e+00 1.322543396658856674e+00 1.543152364664295062e+00 1.724253772418452346e+00 1.887473729350227059e+00 2.027967316738009007e+00 2.280924372973618386e+00 2.403289596137927475e+00 2.509419862422019420e+00 2.718466458936240837e+00 2.823804359957213794e+00 2.904142232660491540e+00 3.096818353848891370e+00 3.126905901116863173e+00 3.196679784267776991e+00 3.301480305643786028e+00 3.424774278827313445e+00 3.512534438699674855e+00 3.594726043988370368e+00 3.659967763710400224e+00 3.778839433003998938e+00 3.876874599685055767e+00 3.932120687060005615e+00 4.000959788600689571e+00 4.090230320062695490e+00 4.205814667849701927e+00 4.298878234767558482e+00 4.493472090433120236e+00 4.572691261553647912e+00 4.659071549717767269e+00 4.806364580406629727e+00 4.999461180699051432e+00 5.202306992201431335e+00 5.297411603469860175e+00 5.373593701258220001e+00 5.579465205711103160e+00 5.714175153534722718e+00 5.835574011821546669e+00 5.954595104776386094e+00 5.995910945298466466e+00 6.132399988820360193e+00 6.281649480411392261e+00 6.410210895336136083e+00 6.500725559419188393e+00 6.699972855064123323e+00 6.824645895745438118e+00 6.921649662000988634e+00 7.013778813781015309e+00 7.165995710800663332e+00 7.390833257510750265e+00 7.444432564499757099e+00 7.676242522651626210e+00 7.718355034521414026e+00 7.803796193632802414e+00 7.932109662307693654e+00 8.124845120551569266e+00 8.201480145972064761e+00 8.453837759277199382e+00 8.493918962302799969e+00 8.745157846557097159e+00 8.879978545800463863e+00 8.921552308054112146e+00 8.937603749594231317e+00 9.128112398480805467e+00 9.189827292665555092e+00 9.342728896793285998e+00 9.436056639486558595e+00 9.543712007697980226e+00 9.842799181562963184e+00 9.959152993705526313e+00 1.003823556095503911e+01 1.022459492959166916e+01 1.036089948643835967e+01 1.052255722940140359e+01 1.061006209904190101e+01 1.077126826129098447e+01 1.093279801010595342e+01 1.108962199650736480e+01 1.119851179460482271e+01 1.131157061169844269e+01 1.145548793481123262e+01 1.174192927306341083e+01 1.179023014820839421e+01 1.192478351454314911e+01 1.209385226130127222e+01 1.228643778342160786e+01 1.239297041660164567e+01 1.250830630244889541e+01 1.265483111755062140e+01 1.294807723155523504e+01 1.307646020263012154e+01 1.319428688721395915e+01 1.337523402116978666e+01 1.364863846671237013e+01 1.379293472804785736e+01 1.388036710097666493e+01 1.399475140677313334e+01 1.424243097232376698e+01 1.439967209042165308e+01 1.450647900052512895e+01 1.467320672369342738e+01 1.478912569712477065e+01 1.482350839756391103e+01 1.497179585963518100e+01 1.508791577894723801e+01 1.527279818200377548e+01 1.542190436333025616e+01 1.555744101875552943e+01 1.560104070434446477e+01 1.574783051739319539e+01 1.588163553377649606e+01 1.628028971771123068e+01 1.651921564928511188e+01 1.659333155026587292e+01 1.666536950196774214e+01 1.680817883267749124e+01 1.688821522064477421e+01 1.707580031952179667e+01 1.724639211378442027e+01 1.732040376115380198e+01 1.750252775686497131e+01 1.770773052661383673e+01 1.798681105131807101e+01 1.820033707346557250e+01 1.851366285136282031e+01 1.870445820699191231e+01 1.892534478060950676e+01 1.930258103979799955e+01 1.948043602924392204e+01 1.973707195096627132e+01 2.026900316418938530e+01 2.030245643556117230e+01 2.052500236685484225e+01 2.074710161023514843e+01 2.095505041525833079e+01 2.168328371941807475e+01 2.228433439237160485e+01 2.233077192959272494e+01 2.274600846000661747e+01 2.416113396576327688e+01
-9.774504880098658921e-01 -1.982544713781720647e-01 6.367130321338710930e-01 8.795018563080045926e-01 9.661172078046217360e-01 1.187202670424971851e+00 1.321988371895189918e+00 1.665940914329313349e+00 1.776310296005169098e+00 1.992380076884022744e+00 2.219597657566817706e+00 2.358257228320199683e+00 2.411248913880377653e+00 2.649917470535019692e+00 2.785304350368153159e+00 2.872153495574996551e+00 3.026479255454998629e+00 3.148094033709708306e+00 3.179144502008380169e+00 3.280584535759681675e+00 3.367616889664677871e+00 3.511345980929360788e+00 3.574430167070604458e+00 3.649021457904761956e+00 3.783197211310945551e+00 3.872459650923252727e+00 3.950089407906987038e+00 4.018843418336019546e+00 4.079918381898946400e+00 4.194601444258498013e+00 4.301239063692351650e+00 4.486123412994389881e+00 4.554350350618752152e+00 4.654652077078431205e+00 4.818981072244404196e+00 4.962384369178041155e+00 5.178707819913961785e+00 5.285113729064244481e+00 5.390618860325580464e+00 5.553716558819497884e+00 5.694345019847017575e+00 5.816558426085665978e+00 5.928398332543983962e+00 5.985673635543333759e+00 6.137869936337541077e+00 6.293250679316799712e+00 6.431486387525577442e+00 6.483733022572453208e+00 6.654677117626819793e+00 6.795192572290415178e+00 6.896107044901691907e+00 6.961488710480973729e+00 7.105830291255541553e+00 7.292369669276670407e+00 7.382536034627804611e+00 7.594820415473372499e+00 7.697501713746510710e+00 7.750715998630515635e+00 7.874803737380755564e+00 8.087958525038194679e+00 8.136789835119811798e+00 8.340983772322724477e+00 8.391686068406341903e+00 8.683659510139134952e+00 8.819594841916821082e+00 8.866415452569420097e+00 8.897401416597931600e+00 8.997407184786506917e+00 9.119347686198901570e+00 9.252793959376441890e+00 9.441752053506911935e+00 9.491786651179824119e+00 9.754092890583413222e+00 9.848500305121572040e+00 1.003651339944458876e+01 1.016254403175088505e+01 1.029448038386746589e+01 1.044887867425637218e+01 1.055197620772384859e+01 1.066321256224541969e+01 1.088746599139658677e+01 1.105202039224747246e+01 1.114444675006488517e+01 1.130907237691428158e+01 1.139556804418677061e+01 1.170238014362141676e+01 1.177490586765554959e+01 1.191247151131141102e+01 1.204672465488590838e+01 1.221182976663461872e+01 1.232572757530327223e+01 1.243473201269230621e+01 1.263097563234001086e+01 1.289886443507118763e+01 1.301308260679323503e+01 1.311855157221823376e+01 1.326825364475781477e+01 1.358386701797802942e+01 1.375411121946080328e+01 1.390713610136494971e+01 1.397567303732730082e+01 1.414427845102197523e+01 1.440546284939208022e+01 1.448798290079515461e+01 1.463281213138453829e+01 1.475334802673748236e+01 1.481201810741984559e+01 1.490804486979313737e+01 1.502596665754855643e+01 1.527851931125618634e+01 1.543931002139613184e+01 1.554449384397659095e+01 1.561821612047378061e+01 1.578839914073426698e+01 1.589119423186176405e+01 1.624486970876579761e+01 1.652122511506833646e+01 1.664248341927029529e+01 1.669661172085810463e+01 1.680108511791705084e+01 1.690173261518883407e+01 1.709707768915520631e+01 1.726115343247369793e+01 1.734368198133184791e+01 1.754144396554776009e+01 1.767783697160647094e+01 1.800764200950202820e+01 1.819238586439498206e+01 1.850107964766670321e+01 1.872063044648237096e+01 1.886446749391495814e+01 1.933476509277742039e+01 1.948841993748330736e+01 1.972437198988104257e+01 2.024347611613807274e+01 2.032391115059207465e+01 2.053825907114870830e+01 2.075746879438485593e+01 2.093824866382120220e+01 2.171383845054741002e+01 2.228275439846669670e+01 2.235341729061307703e+01 2.272560866403162549e+01 2.416202694583647315e+01
-6.838531217241371474e-01 -1.991630798589238971e-01 6.000553501866243700e-01 8.150691312497823082e-01 8.997992581300636727e-01 1.044161601400900530e+00 1.234761190637378547e+00 1.631537565318899041e+00 1.721275540724278130e+00 1.974386400516564999e+00 2.158715270833664768e+00 2.328839664033859780e+00 2.368060992303360646e+00 2.598987818598415434e+00 2.726163391167556682e+00 2.878885889995697500e+00 2.958786571092993256e+00 3.161703968268891884e+00 3.186962785506823881e+00 3.266407458130073493e+00 3.309849880655158838e+00 3.512405907543501904e+00 3.570267469934671478e+00 3.655298511985067833e+00 3.779406999098512188e+00 3.879340098538714088e+00 3.959064531211994087e+00 4.022714405877157340e+00 4.085491335527365209e+00 4.184105838896868157e+00 4.306872037320310653e+00 4.479588718481213760e+00 4.534273789671704691e+00 4.658433139263470579e+00 4.825379004036476793e+00 4.936063778054960771e+00 5.148455919545863679e+00 5.281699326701394526e+00 5.403702386200925467e+00 5.539075496350140071e+00 5.682511400328749573e+00 5.795062564094831004e+00 5.908728417486775797e+00 5.970200995920440512e+00 6.138897495154704842e+00 6.308359986688832244e+00 6.420345817361836183e+00 6.489813377256187898e+00 6.626225477838191047e+00 6.762716455788709169e+00 6.853970124736109781e+00 6.928000652985223162e+00 7.036494863435951430e+00 7.199977518413243516e+00 7.319894159218770291e+00 7.509223237013955554e+00 7.640725458296487638e+00 7.714603779950341966e+00 7.856851697604509965e+00 8.029766437317464423e+00 8.084422838893177143e+00 8.200566111076405207e+00 8.320846295065763343e+00 8.621443658713225489e+00 8.708972611134440100e+00 8.811557658341607535e+00 8.874677830412680990e+00 8.933619373937665031e+00 9.050679602847043981e+00 9.214317215867815491e+00 9.398774875370349946e+00 9.501427418995723073e+00 9.652087660991627516e+00 9.776096300843287068e+00 1.002946019932461574e+01 1.012932378763828645e+01 1.026726075160508600e+01 1.039368578981267355e+01 1.051227255510162628e+01 1.058471834909191855e+01 1.085261452742561872e+01 1.102316943988887488e+01 1.109794580118936480e+01 1.127791566131003265e+01 1.136988010944579841e+01 1.166741344257924773e+01 1.178192075730185451e+01 1.189987242758982688e+01 1.201738920175801084e+01 1.215309569695425473e+01 1.224203198753565758e+01 1.238358591568781719e+01 1.262060814238084916e+01 1.285272532992459915e+01 1.292983006992179895e+01 1.306260721694649796e+01 1.321228320902610065e+01 1.352377784346562883e+01 1.372372459420379798e+01 1.390121588536703712e+01 1.395093951953667322e+01 1.409342616205060494e+01 1.441428664767190426e+01 1.448665442478214693e+01 1.460626915764591871e+01 1.471212090855468624e+01 1.479874791138507639e+01 1.485985544057415986e+01 1.499600595196163511e+01 1.529462797123564499e+01 1.545455758864333085e+01 1.552878845233306215e+01 1.564424021661905329e+01 1.582691852667513110e+01 1.590287451549789566e+01 1.619850306445157173e+01 1.653501418587409333e+01 1.666184868734794122e+01 1.671512166828529189e+01 1.681974567617654515e+01 1.691938171011380376e+01 1.711855038112488714e+01 1.725641771549202019e+01 1.736192440623581135e+01 1.757154795039974360e+01 1.766248322150462613e+01 1.801638549884228979e+01 1.818547525748809690e+01 1.849460816982772471e+01 1.873648016038447750e+01 1.883287124151294023e+01 1.935984820466582690e+01 1.949234450539962893e+01 1.971364066024255735e+01 2.022432492387860137e+01 2.034794262187856262e+01 2.054873760261047622e+01 2.076843686575013237e+01 2.092135538776786063e+01 2.173831538322933099e+01 2.228211458267943712e+01 2.236921661935742733e+01 2.271025495265318739e+01 2.416302026200454733e+01
-3.379697160528307154e-01 -1.217964371409265556e-01 3.290206382519846318e-01 7.988616510694211970e-01 9.395432569291590763e-01 1.074715335584336184e+00 1.219548279271718272e+00 1.591709580657348910e+00 1.724935712346781225e+00 1.965513486145211930e+00 2.122320095982702437e+00 2.288857698150370101e+00 2.371628413486332132e+00 2.576481343696447546e+00 2.681616453424660040e+00 2.863893575639583133e+00 2.939025589951499207e+00 3.148570836570842246e+00 3.207647484672681237e+00 3.254335173910895662e+00 3.281073367242508532e+00 3.514351881333920069e+00 3.575574601351531712e+00 3.667974066001199684e+00 3.769318471487087319e+00 3.888316616885608479e+00 3.966518761265749315e+00 4.002568158202944204e+00 4.108451275976055861e+00 4.176539585326153770e+00 4.314280220491813367e+00 4.469651346644280210e+00 4.523230026378906032e+00 4.662094740466525167e+00 4.828707585095127541e+00 4.919475370335880449e+00 5.124101781182899273e+00 5.291384522419507519e+00 5.402214879360960786e+00 5.540501168245671515e+00 5.677856671787101739e+00 5.776820733137267183e+00 5.899764133424220347e+00 5.948853187649966401e+00 6.137089662210010843e+00 6.313383794865798926e+00 6.409273859381788618e+00 6.496072431530762081e+00 6.625229540131849504e+00 6.737360757455386207e+00 6.812417429097711974e+00 6.901472692807843146e+00 6.973283747614288153e+00 7.140821908529914275e+00 7.242082118296760740e+00 7.443208125513107731e+00 7.584507539526285314e+00 7.702416199465839775e+00 7.852897725080173252e+00 7.928744678055841710e+00 8.050704757445922510e+00 8.133950920708137744e+00 8.269716690625447342e+00 8.576076713429861442e+00 8.631438642291206165e+00 8.762020049642471164e+00 8.867715956933695409e+00 8.910972541851243989e+00 9.014394253090181053e+00 9.203574727491485419e+00 9.347867789209738376e+00 9.500396752701117720e+00 9.618913003899947967e+00 9.721417207490606671e+00 1.001604396247984674e+01 1.012043228279798512e+01 1.025901994915737347e+01 1.036213915341977199e+01 1.048898524336606641e+01 1.053777545705591479e+01 1.083061107361141850e+01 1.100636486348247445e+01 1.106365839691546071e+01 1.123242768768021449e+01 1.137491668692006641e+01 1.165189792800388879e+01 1.179872904152352753e+01 1.188945085588750494e+01 1.200031069257899397e+01 1.210931724711433688e+01 1.217586108600647066e+01 1.235503030807879554e+01 1.261436170094155784e+01 1.279904409155116163e+01 1.288460748551113966e+01 1.302745885235651713e+01 1.319339930832668983e+01 1.348032053573202305e+01 1.370540441155589306e+01 1.386883785928378643e+01 1.393346680649897529e+01 1.408952223628835831e+01 1.441844236600565132e+01 1.449513374234102692e+01 1.460022158284457028e+01 1.467207655200557781e+01 1.478598257663482762e+01 1.483615732126903985e+01 1.498174136186712957e+01 1.531023416726274711e+01 1.546438203015429025e+01 1.551697452899897733e+01 1.566223152844287370e+01 1.585479499442963913e+01 1.591332139669687606e+01 1.616166272260431569e+01 1.655330456764983538e+01 1.664714621334777434e+01 1.672789186926803850e+01 1.685913978085302034e+01 1.692597126136396923e+01 1.713829430598534387e+01 1.723986062342584091e+01 1.737344167111988824e+01 1.759103656163148344e+01 1.765576278076751393e+01 1.801565673481444563e+01 1.818285178782248224e+01 1.849460369582035568e+01 1.874643962851342138e+01 1.882049389845298393e+01 1.937527844653335052e+01 1.949431490234101361e+01 1.970549320972821761e+01 2.021408183841873196e+01 2.036560236450701922e+01 2.055519113672787057e+01 2.077852380268818777e+01 2.090671772146741603e+01 2.175420954692617315e+01 2.228210212083700981e+01 2.237855984394297693e+01 2.270029912112106629e+01 2.416373406118690426e+01
-7.908712862874248215e-04 -5.477550450811999793e-04 1.230949720255571107e-07 7.631602170421228903e-01 9.937276593492734289e-01 1.111590384763173844e+00 1.220936000096025653e+00 1.575394931779806829e+00 1.734436815760900030e+00 1.962275694166910611e+00 2.111791660638515644e+00 2.273850406116805889e+00 2.373499893839638997e+00 2.573142263866612378e+00 2.664561932448196835e+00 2.850693484650374199e+00 2.940436176294077608e+00 3.140664367776369481e+00 3.214863245065724850e+00 3.246991076181858116e+00 3.277372924613975336e+00 3.515534050981060865e+00 3.579339272709097131e+00 3.674878165991007251e+00 3.763648492638861587e+00 3.891648528589713774e+00 3.977754686242562787e+00 3.984133584253677807e+00 4.117795991486091545e+00 4.175034113429751947e+00 4.318250940474827715e+00 4.463294914013747672e+00 4.520860391237293996e+00 4.663668880262303418e+00 4.829895628713577693e+00 4.913274964643382425e+00 5.114919438590418643e+00 5.299498382807874997e+00 5.397296268141433373e+00 5.544929151279966106e+00 5.677189231395887603e+00 5.769254630614758739e+00 5.899721310351086601e+00 5.935357139397599013e+00 6.136134792091335832e+00 6.309937753908029912e+00 6.413858300353315833e+00 6.488867974729473076e+00 6.637230977476455074e+00 6.726629989067038018e+00 6.791658973652890730e+00 6.896159687483635281e+00 6.940205800572209149e+00 7.123702199420097081e+00 7.196477823170178034e+00 7.420472820432959082e+00 7.565570705451549749e+00 7.698569422126372963e+00 7.849675105570051770e+00 7.883146910462073720e+00 8.039053368322472082e+00 8.120570655368631208e+00 8.250957858785733734e+00 8.558945602357546534e+00 8.607756133036980728e+00 8.744596549319810563e+00 8.865547629806528107e+00 8.902040283297425916e+00 9.006781359739129300e+00 9.202116274087192238e+00 9.323807033592425242e+00 9.492561289632169164e+00 9.630003400743166964e+00 9.691749988370052193e+00 1.000984121728888354e+01 1.011970700989957983e+01 1.025698434617854282e+01 1.035256754400168688e+01 1.048128302131299527e+01 1.052227292199055420e+01 1.082307593381787747e+01 1.100190148230670673e+01 1.104920212311998462e+01 1.121539405113656684e+01 1.137821113954839625e+01 1.164838789456670654e+01 1.180968068484838618e+01 1.188491364741690681e+01 1.199231693623880801e+01 1.209098620493962351e+01 1.215278838908652226e+01 1.234566121419778817e+01 1.261220642245331902e+01 1.277336520719951096e+01 1.287451961865483696e+01 1.301541374501612225e+01 1.318935246828286978e+01 1.346434433631004879e+01 1.369934932779882608e+01 1.385324255703534213e+01 1.392778414974921475e+01 1.409219822181306014e+01 1.441920036691281659e+01 1.449976342658844430e+01 1.460688916446595798e+01 1.464952044407997178e+01 1.478040049306883397e+01 1.482974985809199353e+01 1.497742960937901735e+01 1.531674075428876236e+01 1.546759413017158558e+01 1.551238362258664694e+01 1.566854113151235417e+01 1.586530198980121398e+01 1.591754397404619148e+01 1.614755557796420860e+01 1.656393211936473975e+01 1.663467639432486322e+01 1.673269885076497943e+01 1.688198809645243514e+01 1.692256585715723105e+01 1.714826881574845174e+01 1.722939546195627969e+01 1.737737043314434260e+01 1.759784856044158730e+01 1.765386507578847741e+01 1.801400932197802263e+01 1.818265380234356599e+01 1.849547840948793009e+01 1.874959817002737594e+01 1.881771256317571783e+01 1.938041456307775690e+01 1.949499816477447212e+01 1.970231504991761895e+01 2.021100179181367906e+01 2.037209548294549677e+01 2.055731810821907857e+01 2.078306266859091167e+01 2.090045194781846405e+01 2.175972956417570003e+01 2.228218179920632380e+01 2.238165578725273974e+01 2.269680345917514330e+01 2.416398875471718455e+01
-2.743198247570385884e-01 1.622889023816715681e-01 2.174565704984746384e-01 7.596605790865941232e-01 9.836257697884036588e-01 1.055645127717896425e+00 1.222668170683934852e+00 1.578772495296929979e+00 1.743563376272508458e+00 1.964365228225575244e+00 2.110875413963885894e+00 2.285008704642494504e+00 2.383298812935672029e+00 2.587209989860092652e+00 2.681219083290022009e+00 2.856989344380341134e+00 2.932001141824061019e+00 3.139550380568493892e+00 3.211604012073143721e+00 3.250718226935906063e+00 3.276534794693376718e+00 3.515650602790121759e+00 3.568764101050029947e+00 3.683444366628468192e+00 3.761015421258909086e+00 3.893378118350076189e+00 3.979251885636184483e+00 3.991685199009132656e+00 4.112120191093095123e+00 4.170975566243135368e+00 4.311862651779605038e+00 4.466732079751682960e+00 4.521336347547187273e+00 4.668570123904899560e+00 4.835898524077563820e+00 4.921237676155008067e+00 5.122134106841233603e+00 5.302855249136616322e+00 5.402332090994800495e+00 5.538627636668238097e+00 5.684384687278840609e+00 5.770591859923630551e+00 5.903107437678863256e+00 5.944534167033133976e+00 6.143644341012254984e+00 6.308916294337189257e+00 6.414159316311497605e+00 6.503503259814795712e+00 6.636381709765604597e+00 6.736238239440118569e+00 6.803639256365306309e+00 6.905672146524575616e+00 6.983729595647968580e+00 7.132460874757268421e+00 7.262653886062214070e+00 7.448309472150916655e+00 7.591433341258908563e+00 7.701268670827639440e+00 7.856263322210976341e+00 7.894452084359435240e+00 8.051669649726417077e+00 8.136752463345496622e+00 8.262508168175768830e+00 8.561446852467270219e+00 8.639272193442389280e+00 8.775556802617291652e+00 8.863919707440775397e+00 8.916133916236596235e+00 9.013284318293601771e+00 9.203121207436842255e+00 9.353254197797415515e+00 9.516117370491560479e+00 9.643689899783735697e+00 9.702136981837467644e+00 1.001911616344172629e+01 1.011825081971287865e+01 1.024777151563805866e+01 1.036615956334599531e+01 1.049048815242435673e+01 1.055736599595213931e+01 1.082615676053196729e+01 1.100866519749889072e+01 1.106451383922453502e+01 1.123914663824081828e+01 1.138645495941499064e+01 1.164566588461312868e+01 1.180739170118741121e+01 1.189505185036919421e+01 1.199490580168436615e+01 1.211592550443740635e+01 1.217146386365344668e+01 1.235130300227853084e+01 1.261343810182114211e+01 1.281279993518898941e+01 1.288068238308150448e+01 1.303066079130195831e+01 1.319922874693559223e+01 1.346891049761100412e+01 1.370600814163964110e+01 1.385181409907798766e+01 1.392443348961188754e+01 1.410147547915371646e+01 1.441660104736514825e+01 1.450120903434417663e+01 1.458329867843513306e+01 1.467090300734961872e+01 1.478305017868524729e+01 1.482643524143863090e+01 1.497911359535997811e+01 1.531051043865473638e+01 1.545800937258706398e+01 1.551261363614942113e+01 1.566207192330269216e+01 1.585525543864914688e+01 1.591701761056640407e+01 1.614844088079324536e+01 1.654956055275738080e+01 1.665280110318149198e+01 1.673384425447705937e+01 1.687109490923133492e+01 1.692024625892879897e+01 1.714334977811014937e+01 1.724264097939648366e+01 1.738065000633454460e+01 1.759233082517069846e+01 1.765216558066402186e+01 1.801899463223705666e+01 1.817736554168460117e+01 1.848591838023751066e+01 1.874212791759761743e+01 1.883631503672235397e+01 1.936749058146804359e+01 1.950547954218227886e+01 1.970111542928578530e+01 2.021344235346591844e+01 2.036978501916939877e+01 2.054906510402532760e+01 2.077969435101089957e+01 2.090745807952375301e+01 2.175244941947998356e+01 2.227863028980389615e+01 2.237606172331375376e+01 2.269411099291298939e+01 2.416923134801952955e+01
-5.290292529981051040e-01 1.944282659237124289e-01 3.988394519277720374e-01 7.828721347528354579e-01 9.490701540839004968e-01 1.049438066226621835e+00 1.267958669854861720e+00 1.589139218151817801e+00 1.773250656527114222e+00 1.970142007304844567e+00 2.117644916349548545e+00 2.313648419477309925e+00 2.412164360423277643e+00 2.621432472611967768e+00 2.721014708298943319e+00 2.881690254657478967e+00 2.915101603162166821e+00 3.140943332117969167e+00 3.198428079930267121e+00 3.259274472313137050e+00 3.285926347561720640e+00 3.513984807370670538e+00 3.558795922759583785e+00 3.700939847721025355e+00 3.757195116019078629e+00 3.896526835473685946e+00 3.977411678469912282e+00 4.007930699129229168e+00 4.100709585152063852e+00 4.163602878477520974e+00 4.295105942001825383e+00 4.475607286721214884e+00 4.526359295874872402e+00 4.680846863795094848e+00 4.854305128608798370e+00 4.946076944719508539e+00 5.143037766719428028e+00 5.312140045789183418e+00 5.405921034978015349e+00 5.528654037695050150e+00 5.707712547323737340e+00 5.773707344329375601e+00 5.910142830434904404e+00 5.961834449840336170e+00 6.156244567521598654e+00 6.297821422948563175e+00 6.442183586081377200e+00 6.514956724599167082e+00 6.651802624740548175e+00 6.761251221434777747e+00 6.830134803467568183e+00 6.942636605504274527e+00 7.063179335480223031e+00 7.202924929278060162e+00 7.365933961372865824e+00 7.521803392828005919e+00 7.655108752145097561e+00 7.718090427046712776e+00 7.868951944965053791e+00 7.931668982353190067e+00 8.102727931460423250e+00 8.177583648313774489e+00 8.285711784641375033e+00 8.577814944891001048e+00 8.717216800467300075e+00 8.838476371961963451e+00 8.861080682253843932e+00 8.959649949578373906e+00 9.052754305584423733e+00 9.218229983817245454e+00 9.401462761914444854e+00 9.552876580821665797e+00 9.701642706829717966e+00 9.757720827034102484e+00 1.005546332078409222e+01 1.011835699776018060e+01 1.023344458482124431e+01 1.040248183038996643e+01 1.050919176542620193e+01 1.066858621772450455e+01 1.083750907775866779e+01 1.102787468089513645e+01 1.110158201934025612e+01 1.130110800431214813e+01 1.141717534860471694e+01 1.163956177216165777e+01 1.180756552758979971e+01 1.192352636668881694e+01 1.200752997216948614e+01 1.218306493565266280e+01 1.222930711709758711e+01 1.236760465509074081e+01 1.261518511149751731e+01 1.287600019198922752e+01 1.294741388746165356e+01 1.308088077406377003e+01 1.323075304418254916e+01 1.348240093924752259e+01 1.372279187419837498e+01 1.385048217343153887e+01 1.391853110338659683e+01 1.412990608277392290e+01 1.441055611893517430e+01 1.449454228665891975e+01 1.455813451816480786e+01 1.469829324401321102e+01 1.479022232225788436e+01 1.481788437480319587e+01 1.498594336016576101e+01 1.529230804013723777e+01 1.543131462165004031e+01 1.551423529316694960e+01 1.564342130030400746e+01 1.583000570149525288e+01 1.591463006748671560e+01 1.614940777424546425e+01 1.652635083786295667e+01 1.668019858520261778e+01 1.673575881619639105e+01 1.683803402690875473e+01 1.692738420365887109e+01 1.713022670753057852e+01 1.727063324601356697e+01 1.739520372858476449e+01 1.757735925772200147e+01 1.764993772334756628e+01 1.803486443449926213e+01 1.816335252797262001e+01 1.845786603836112505e+01 1.873562909627586848e+01 1.887698334222308816e+01 1.934001689971394100e+01 1.952773789089551570e+01 1.970000727724039891e+01 2.022167952537369828e+01 2.036270332846273945e+01 2.052803942022567085e+01 2.077265375918095458e+01 2.092491121452491498e+01 2.173165575488020806e+01 2.226876386570226174e+01 2.235956479033338340e+01 2.268676386625624986e+01 2.418545660307391287e+01
-6.641058700591587760e-01 2.579745561765506290e-01 5.934828304446870817e-01 8.875534364989609015e-01 1.035585478171572760e+00 1.168730020892820853e+00 1.350193396384909539e+00 1.608024134091025070e+00 1.831239588628398973e+00 1.997444526257796893e+00 2.142187876570189164e+00 2.353169290903457167e+00 2.457373405883398476e+00 2.669404803732814191e+00 2.763763812589737690e+00 2.887223308050139270e+00 2.947757165067830698e+00 3.146711348520612184e+00 3.189319687311838791e+00 3.274212084189476180e+00 3.307742029348861745e+00 3.504364377805760711e+00 3.569493258542155267e+00 3.714198370053726883e+00 3.760043721174652909e+00 3.902016027917399654e+00 3.963975581352032318e+00 4.025511229493124787e+00 4.093230720324624983e+00 4.157513149873430791e+00 4.277929555727436828e+00 4.487902545685742872e+00 4.536878962279482508e+00 4.698848587172527402e+00 4.880522887351233408e+00 4.987872616583083563e+00 5.174672209830324832e+00 5.318656727552960817e+00 5.389503185201138358e+00 5.541100462366469692e+00 5.733554013193388421e+00 5.780219406459564446e+00 5.917501901190065361e+00 5.977891187109972471e+00 6.156089281302982386e+00 6.287195274501019782e+00 6.484926337578765576e+00 6.521654566040268719e+00 6.680800089755225102e+00 6.794341704081158895e+00 6.865076181427839153e+00 6.988486964675229451e+00 7.152647341191763708e+00 7.311662273970836345e+00 7.458414412681399597e+00 7.593791878402397444e+00 7.684839051289364953e+00 7.786976814634010147e+00 7.884084508281050674e+00 7.995440486723475182e+00 8.191843776335765881e+00 8.237213628683450750e+00 8.316147086208646400e+00 8.606557753506947961e+00 8.786221931454948120e+00 8.867876558730317882e+00 8.891727117405714864e+00 9.021875036207406495e+00 9.157745651295629230e+00 9.264275436276385278e+00 9.450212193584690112e+00 9.554204544251012621e+00 9.754492078248865994e+00 9.865133300301332397e+00 1.011016628491280755e+01 1.017385874527550804e+01 1.023169266309447423e+01 1.045370029448790383e+01 1.054029577660358719e+01 1.081661148527003746e+01 1.088213572444737487e+01 1.106214728158291649e+01 1.115441088001261072e+01 1.134530499715112128e+01 1.148611773800517355e+01 1.164285630346449629e+01 1.182223833100976051e+01 1.195720164496626481e+01 1.204659931366273362e+01 1.229215006011360956e+01 1.232081343650823158e+01 1.239514695172248082e+01 1.261831423963793242e+01 1.289471587632128902e+01 1.309775664453028909e+01 1.316734246541136422e+01 1.330532996944050161e+01 1.350591614679280994e+01 1.373691573637834829e+01 1.385780090324971781e+01 1.392799001755873611e+01 1.418124905032843763e+01 1.440429168340656396e+01 1.446639669179377385e+01 1.455968830779626799e+01 1.471602845367239176e+01 1.479407549322873550e+01 1.481323754747594457e+01 1.500411567543947555e+01 1.526426970761019142e+01 1.539163910561813786e+01 1.551796697573678863e+01 1.561740017211645259e+01 1.579837548567568284e+01 1.591226025084308127e+01 1.614600661753720701e+01 1.650601114817701642e+01 1.668208518168007970e+01 1.672781528609911206e+01 1.681939760407252393e+01 1.694559512101508503e+01 1.711360914319720194e+01 1.728874366549008812e+01 1.743219745071635529e+01 1.756089308551405992e+01 1.765467743143854307e+01 1.805724774731012516e+01 1.815414249525937151e+01 1.841474913165994920e+01 1.874434771010334799e+01 1.892734273727425176e+01 1.931397381625678022e+01 1.955029244449687909e+01 1.970899260768915084e+01 2.023823610712576482e+01 2.034992073546086289e+01 2.050443882122025130e+01 2.076703026319544065e+01 2.094727940741598005e+01 2.170038452051574751e+01 2.225466656599111559e+01 2.233303209719075610e+01 2.267692079157313856e+01 2.421423293492105699e+01
-4.744695466036124576e-01 5.406411293418346142e-01 7.885265321727779053e-01 1.027270858019715183e+00 1.172711551784720418e+00 1.393241913359006823e+00 1.493296498152365537e+00 1.652628998472542854e+00 1.922981234481355495e+00 2.054781392698857179e+00 2.186342940829161030e+00 2.401416432260671474e+00 2.513116356117026662e+00 2.729368188364485359e+00 2.800207174556445633e+00 2.900762047005204902e+00 3.004992189144726655e+00 3.155128448171963917e+00 3.198583005123766920e+00 3.299583953799333003e+00 3.333957499729018892e+00 3.492172590590330472e+00 3.592159368090628302e+00 3.708112632671276554e+00 3.782050699575168373e+00 3.911681109353898567e+00 3.943954026934871404e+00 4.042176332600841526e+00 4.088006951782124254e+00 4.150627911899964495e+00 4.274058027980078833e+00 4.502650532548218898e+00 4.549768529508216197e+00 4.723122035939994134e+00 4.906149813453374087e+00 5.042610674649333546e+00 5.212561914415257291e+00 5.301253681616238111e+00 5.375446265666302459e+00 5.571652802497608192e+00 5.741452871479890696e+00 5.795219107342594711e+00 5.926200948193118379e+00 5.993186047016316742e+00 6.137052143981310159e+00 6.289333487026106617e+00 6.491474168944127321e+00 6.556780057498957426e+00 6.709721939501273269e+00 6.812683634390265475e+00 6.916733246476939101e+00 7.044809763659871216e+00 7.239459539910014563e+00 7.418908803989558542e+00 7.551880315718077163e+00 7.636320348557490867e+00 7.698135333219569887e+00 7.842686740397746270e+00 7.923071914423495343e+00 8.067346162603163506e+00 8.255590023791135934e+00 8.322233665154790572e+00 8.386719591876374835e+00 8.646638431504429789e+00 8.783475462763064456e+00 8.873893427557772995e+00 8.964817616968893788e+00 9.111098808314240571e+00 9.272232161724044630e+00 9.334438354748591848e+00 9.525773530164441283e+00 9.553567509760558352e+00 9.813745872762829947e+00 9.928679001607727983e+00 1.012797659862980915e+01 1.025164845523303292e+01 1.032141041256834413e+01 1.049962365295374944e+01 1.059970359796517947e+01 1.086970035814126057e+01 1.101197342359206210e+01 1.112572805629567085e+01 1.123149676474061209e+01 1.135434530032073752e+01 1.153725427037622353e+01 1.167948224637247989e+01 1.185274185953577586e+01 1.198575255139823881e+01 1.211756354684771964e+01 1.239251098494937331e+01 1.243270772505554156e+01 1.247852524372157568e+01 1.264148199340434964e+01 1.291553650606853765e+01 1.319768361103295362e+01 1.325121032240031305e+01 1.343962844826078040e+01 1.355514985173410203e+01 1.373582309615435548e+01 1.386802381406080720e+01 1.399044464724246595e+01 1.427085017892412999e+01 1.439452072876420274e+01 1.445229710119160238e+01 1.457277480708258111e+01 1.471969976289515358e+01 1.479121037999905219e+01 1.482011801357943348e+01 1.504677862734016180e+01 1.523119702995493085e+01 1.534337451156034327e+01 1.550990467820602170e+01 1.560333965872686512e+01 1.577227560126302564e+01 1.591283157508429724e+01 1.613394355309317874e+01 1.648782829663899108e+01 1.663879931439218751e+01 1.671294332946864358e+01 1.683688562293770730e+01 1.696929489901638988e+01 1.709710185796302540e+01 1.728413812319238119e+01 1.747415886277904207e+01 1.756926901499564053e+01 1.768503791939654235e+01 1.804974649858803559e+01 1.819007696253354212e+01 1.837671650699727266e+01 1.877541237639072236e+01 1.898204886112658585e+01 1.930222703664751549e+01 1.957016576861123625e+01 1.974410610561959345e+01 2.026711213359551422e+01 2.033004421218244318e+01 2.049213989946437309e+01 2.076689805403122335e+01 2.097180233447831554e+01 2.166331794158103463e+01 2.223904283730930942e+01 2.229797247723103126e+01 2.266805741561208976e+01 2.425837599542224865e+01
5.448268999657561729e-01 8.795774112351588681e-01 9.947027759319360118e-01 1.188569612538087350e+00 1.336059174698716268e+00 1.539731819935760360e+00 1.742128039492610414e+00 1.797580695833208564e+00 2.038453993776173423e+00 2.137637323885010154e+00 2.254268256001628945e+00 2.460169486659868010e+00 2.579326277537032031e+00 2.789284650832500212e+00 2.838512745763413392e+00 2.952017034710706866e+00 3.044874040726098130e+00 3.167859339185735923e+00 3.215411962892498643e+00 3.340606463867104026e+00 3.362922584501628176e+00 3.488336521763350628e+00 3.612422723391886858e+00 3.690498054656181193e+00 3.814503331785740414e+00 3.919427367302992682e+00 3.933376223540967942e+00 4.059476653200619900e+00 4.077904361291448510e+00 4.143759591700468370e+00 4.289713778098956709e+00 4.518894897469197147e+00 4.564166197942984837e+00 4.752680241440486064e+00 4.925815628813581704e+00 5.101426621912191983e+00 5.237362787107792350e+00 5.280983123960728776e+00 5.373489365171569609e+00 5.603285416555154441e+00 5.730079445737077393e+00 5.811006561216057520e+00 5.938681406991095812e+00 6.008447672381731053e+00 6.106315412010633992e+00 6.301526912693899973e+00 6.479560907541666914e+00 6.584978987131171912e+00 6.736142616715916631e+00 6.818971581258336911e+00 6.967105650594281663e+00 7.124033463900684815e+00 7.303558490403019299e+00 7.502475196383875833e+00 7.618736492495335355e+00 7.682421342934782515e+00 7.723186176165088845e+00 7.872219972601627980e+00 7.991080132219702925e+00 8.126063649710225434e+00 8.283705164563443191e+00 8.417235183361881923e+00 8.477526077012807804e+00 8.692253072241580725e+00 8.764769203423444566e+00 8.871715936521130885e+00 9.036606378930079231e+00 9.216016110166766140e+00 9.338467148717851884e+00 9.393008804361221209e+00 9.514222195555088746e+00 9.704028704859211985e+00 9.857301221655003332e+00 1.001457567279748062e+01 1.015203629516431505e+01 1.030595541652043856e+01 1.044403731830663773e+01 1.053271788025701028e+01 1.068604742670040331e+01 1.091055853649619500e+01 1.109533269541669220e+01 1.119149367707826137e+01 1.130779641640491562e+01 1.139319317566556222e+01 1.155700071768949755e+01 1.172680157746006557e+01 1.189173641708986651e+01 1.201889874983776885e+01 1.219892680030164556e+01 1.242675326600095964e+01 1.248771446028409571e+01 1.265171503045325530e+01 1.272371597316102232e+01 1.294943552285371524e+01 1.323371854567748862e+01 1.333230462402587158e+01 1.349058592076017149e+01 1.362660784729636987e+01 1.374277814946417564e+01 1.388018771553167596e+01 1.405941347052153745e+01 1.434843774438801844e+01 1.443169070959201505e+01 1.448111604890956450e+01 1.458949087853960869e+01 1.470989450782640695e+01 1.479935421189629174e+01 1.483492134963167430e+01 1.512051689391772769e+01 1.520450550128702538e+01 1.529630624833938590e+01 1.547219214013390243e+01 1.561145680877561936e+01 1.577253894710555926e+01 1.591621217000126975e+01 1.611692508073454277e+01 1.646469341959450716e+01 1.658203234977943197e+01 1.669554470056137419e+01 1.685637542909343622e+01 1.700666608954768222e+01 1.707838638902215322e+01 1.725936340632338428e+01 1.748085672614969965e+01 1.759621536140124221e+01 1.780369060152255045e+01 1.802239094393553032e+01 1.819105482461552015e+01 1.843848695746382305e+01 1.884063281903126708e+01 1.903473531699622256e+01 1.932046662909573342e+01 1.960290215428092964e+01 1.981318733542499544e+01 2.029841301496423256e+01 2.032219645861374602e+01 2.050283621439992743e+01 2.077643077846438757e+01 2.099834583520212661e+01 2.162620793767595373e+01 2.222444600652737634e+01 2.225676005028111248e+01 2.266473602845265134e+01 2.432208267250495126e+01
8.889336504803170280e-01 1.115001716816295563e+00 1.236911714442248789e+00 1.383905129588553828e+00 1.518180180900353005e+00 1.674751758330443652e+00 1.904958694534609975e+00 2.064096226732551553e+00 2.158079362979294480e+00 2.271264055164928575e+00 2.358331587896264736e+00 2.540710199898728039e+00 2.670088699423144085e+00 2.836402509340079536e+00 2.897298751273556405e+00 3.022732135570071588e+00 3.064779536008566119e+00 3.182601908250640044e+00 3.225231572215878639e+00 3.377037492337986446e+00 3.421111677273063201e+00 3.496844103518219615e+00 3.620429171101716026e+00 3.674234552142934707e+00 3.833734267849803867e+00 3.920783314822342991e+00 3.947760745260207926e+00 4.065054026859046488e+00 4.081900861030444361e+00 4.147529267611639980e+00 4.320775336569274039e+00 4.534212784571564292e+00 4.581392803506154188e+00 4.784953182818415307e+00 4.934678503333633337e+00 5.152096920643374212e+00 5.213653585348623665e+00 5.319071673229124109e+00 5.371971089998883286e+00 5.624782640470705530e+00 5.708568398725597071e+00 5.824391727171122746e+00 5.947546340356149486e+00 6.023640357291138336e+00 6.072723740607256282e+00 6.315033501057169651e+00 6.458195434441874383e+00 6.592362892426063326e+00 6.745399050210692415e+00 6.838979918058300633e+00 7.006625844111163737e+00 7.212440298208893097e+00 7.342884966441350691e+00 7.545478246016064539e+00 7.642449683172743313e+00 7.706494727430723835e+00 7.801599385864692593e+00 7.908428132393192200e+00 8.064533593061769423e+00 8.179334159829391382e+00 8.313580101039026005e+00 8.489190564698414931e+00 8.543506108104573116e+00 8.708909925996730195e+00 8.775884255368515241e+00 8.895186845839624823e+00 9.096634028697707208e+00 9.282240487787372984e+00 9.403842413047058812e+00 9.434405455260698403e+00 9.502921356039887968e+00 9.825752270574154679e+00 9.919324580338972908e+00 1.012079125184016881e+01 1.019482800564683167e+01 1.039571589942673846e+01 1.053472880851024840e+01 1.056279949825351672e+01 1.077121983963552054e+01 1.094898753490411281e+01 1.115760479260613636e+01 1.119962151367390213e+01 1.141199559769032490e+01 1.146456642759838118e+01 1.158542522837719879e+01 1.175729147385492368e+01 1.194100173856016767e+01 1.206507599833497402e+01 1.227861159348732834e+01 1.244705641826035780e+01 1.250705546330134155e+01 1.276749366427000076e+01 1.285150893695560725e+01 1.300824434372903760e+01 1.323902383250221781e+01 1.340623151342267505e+01 1.349255515340653666e+01 1.362451183708960656e+01 1.377794264793407031e+01 1.390069491424520187e+01 1.408925176125715772e+01 1.432885739879866804e+01 1.448820364038454400e+01 1.453321882988683100e+01 1.460662217509447558e+01 1.469270998986451104e+01 1.481168271744615339e+01 1.488098329880042492e+01 1.513265158564630752e+01 1.518967415548186572e+01 1.530831810440973406e+01 1.543488320767551869e+01 1.560425905442237671e+01 1.579861616085807974e+01 1.591797276959397500e+01 1.612027798020856650e+01 1.642711865343900968e+01 1.653465214619194512e+01 1.667441313639170986e+01 1.684709559686269387e+01 1.703671547206613823e+01 1.709372206962853724e+01 1.722084544358902747e+01 1.747781145553660664e+01 1.759786607502316969e+01 1.788942670033036464e+01 1.810268714367803611e+01 1.818097664074061726e+01 1.856995646339310824e+01 1.896103535245925897e+01 1.908723976447285153e+01 1.939375401265999699e+01 1.967636710368711306e+01 1.991591671138754549e+01 2.027907333663070233e+01 2.040081108610917227e+01 2.054208615870278365e+01 2.080268533530722053e+01 2.102857882239514353e+01 2.159527326237539313e+01 2.220875673762911262e+01 2.221701852723741766e+01 2.267218852610721669e+01 2.441078632907055024e+01
1.075490648422960716e+00 1.275953550732203290e+00 1.409537460868978576e+00 1.569780573227228970e+00 1.706533431232238884e+00 1.817550551015949090e+00 2.043787287439148947e+00 2.210358145342956160e+00 2.281487772502081679e+00 2.453074706494244417e+00 2.486123487317018821e+00 2.673277373519683309e+00 2.803697520766481599e+00 2.895333196145859933e+00 2.959876360204791723e+00 3.054095320342687270e+00 3.111664415692987795e+00 3.204337092416065680e+00 3.243283009717476073e+00 3.403404842412405262e+00 3.490368025151345588e+00 3.521815424119447258e+00 3.617699095606294435e+00 3.671808307522675729e+00 3.825979470914211866e+00 3.927472629440265095e+00 3.956714474254061642e+00 4.063682148970887198e+00 4.128365746873096320e+00 4.175013155704294654e+00 4.362615746026599517e+00 4.546938131777017666e+00 4.599566711746643222e+00 4.815452010228531421e+00 4.929823703477185681e+00 5.168673954405339721e+00 5.217389735202750956e+00 5.350740949614515962e+00 5.389579629179392484e+00 5.622369265133226435e+00 5.694411465089156188e+00 5.839645058490976481e+00 5.941251453470214550e+00 6.029541464344231549e+00 6.051310370946313633e+00 6.315984746854983456e+00 6.430531234457141032e+00 6.581631434280616588e+00 6.737152469648361119e+00 6.875799432822199186e+00 7.041783811338601318e+00 7.282715190606774414e+00 7.363022092199796198e+00 7.552474314125261934e+00 7.672182561621549546e+00 7.715267752834331638e+00 7.864776682512206740e+00 7.955245026195345126e+00 8.132343889303822237e+00 8.232822354765090722e+00 8.352716084150632270e+00 8.516545742654185958e+00 8.583719074225168555e+00 8.704460569214131027e+00 8.829347941649567488e+00 8.944467589562671961e+00 9.149102433312956251e+00 9.284571535349554594e+00 9.430528225303239864e+00 9.489405532925857756e+00 9.562756197221409238e+00 9.854831657449151905e+00 1.000448702504634468e+01 1.018914256681633290e+01 1.027816237662573684e+01 1.048924625113762588e+01 1.058467321707220421e+01 1.063691651906833435e+01 1.082802155636050934e+01 1.096565406496643291e+01 1.116436164177209456e+01 1.127978565450938220e+01 1.148887194091267361e+01 1.155823725733610630e+01 1.164673429088305490e+01 1.178351944067850532e+01 1.199710274606544225e+01 1.212701328760237196e+01 1.235005975868391559e+01 1.246516855900368803e+01 1.251698888187162240e+01 1.283217550653065153e+01 1.296119044815645616e+01 1.307949010124855782e+01 1.323507551939168714e+01 1.344366969643549048e+01 1.350674430058752584e+01 1.359881787991432667e+01 1.379363194861989506e+01 1.391970576954789962e+01 1.411162566436334664e+01 1.430593863053120707e+01 1.449047912109866587e+01 1.454894791937456944e+01 1.461517889900587619e+01 1.466434213050878910e+01 1.482977507702592490e+01 1.493703300030603920e+01 1.509379223499104405e+01 1.514131882449562561e+01 1.530130493167328432e+01 1.545554370429541891e+01 1.558132777428247628e+01 1.579522916693767698e+01 1.590465284776603028e+01 1.616423214364983352e+01 1.637811811652172267e+01 1.649637369685466837e+01 1.665031549796950117e+01 1.681210388743521733e+01 1.700179848635994162e+01 1.714987961272609240e+01 1.719647038702207453e+01 1.746719950069745408e+01 1.759973354180402794e+01 1.783821814792167970e+01 1.801235127391060686e+01 1.851496993386331269e+01 1.867797427473124472e+01 1.905569124287554317e+01 1.920687233026585261e+01 1.953203916824418584e+01 1.982023786311572522e+01 2.005672069084220865e+01 2.027783440050887975e+01 2.052897025966633038e+01 2.061209148093323407e+01 2.086308592779414184e+01 2.106698839106348586e+01 2.157691962587703216e+01 2.216931069406167509e+01 2.220804810733852719e+01 2.269558005668691791e+01 2.453033427872037464e+01
1.202224714028541586e+00 1.401346522138831929e+00 1.539304597855297718e+00 1.671638815909108233e+00 1.906615435960181903e+00 1.950070744754737628e+00 2.129341881818171522e+00 2.265911848331707557e+00 2.398991328270096535e+00 2.547094484447488760e+00 2.626990257833023534e+00 2.811522749619659756e+00 2.888654771777805941e+00 2.979664415978958036e+00 3.003951557882795775e+00 3.125677275002546107e+00 3.166442312891163624e+00 3.262804851525532346e+00 3.292286931645588943e+00 3.432953909458265951e+00 3.506084305238401200e+00 3.562771242272432470e+00 3.648274358964452180e+00 3.701772161664866889e+00 3.812616916536602396e+00 3.923663218021617549e+00 3.953863533567265165e+00 4.067022936886192319e+00 4.208414046479969528e+00 4.246321054673499518e+00 4.412315211172344931e+00 4.556242040290033657e+00 4.615604171331685102e+00 4.831085370968748016e+00 4.925635177990085545e+00 5.161537525016031580e+00 5.240545004106131444e+00 5.366055730668437995e+00 5.428682104468334657e+00 5.598903123214149957e+00 5.696353962478384325e+00 5.857743829301140792e+00 5.916617924515851890e+00 6.010972456662220686e+00 6.058015196552109849e+00 6.290665524785456597e+00 6.399694140408933585e+00 6.552795065484434467e+00 6.732729366636671209e+00 6.912366864076418871e+00 7.076095647327237614e+00 7.318876149438530376e+00 7.369439775091448652e+00 7.553641534422900428e+00 7.665391464056106940e+00 7.765727324710914203e+00 7.890199754439502833e+00 8.001627857813179645e+00 8.185526050235520046e+00 8.284824593564252382e+00 8.372421443273463382e+00 8.520375519987055668e+00 8.608572722822948720e+00 8.718137688444871358e+00 8.895560032760467806e+00 9.002771362517652420e+00 9.196685392462120134e+00 9.262763579550354009e+00 9.430011144907954446e+00 9.524157130245306746e+00 9.692491415778016872e+00 9.879830493655328283e+00 1.003427030112042750e+01 1.023565562339953061e+01 1.035405286216694165e+01 1.053638949045505058e+01 1.061443230339216726e+01 1.070741073470192184e+01 1.088677672312054234e+01 1.097882621761884003e+01 1.119595708627544539e+01 1.137786896327416386e+01 1.151081494885140799e+01 1.161377511855939559e+01 1.175823127495639397e+01 1.186247380221344372e+01 1.205441949016138103e+01 1.219555496683064000e+01 1.239787472365943088e+01 1.248654946139737021e+01 1.255232067051336209e+01 1.286696542453347902e+01 1.304274218149815745e+01 1.311587647803232315e+01 1.323639705423861557e+01 1.344038883927531813e+01 1.351321256274565741e+01 1.362912730842434605e+01 1.379078739909532914e+01 1.392568700405022852e+01 1.412769933490928764e+01 1.429013882291087079e+01 1.447074255966791512e+01 1.452974804656749797e+01 1.460739487401605707e+01 1.464845344845815411e+01 1.484814578222718140e+01 1.495960362117677356e+01 1.503955169837293226e+01 1.511834131849921548e+01 1.524647203051054944e+01 1.547134250239092168e+01 1.556029799003832892e+01 1.577096672325501636e+01 1.587219245047766769e+01 1.621321024874087513e+01 1.632881260002225687e+01 1.646321220433564392e+01 1.662402232849001038e+01 1.676632142343355625e+01 1.695954267329695497e+01 1.711290859293088218e+01 1.723425125468369146e+01 1.743436386202180799e+01 1.762547288597943762e+01 1.776466991100186732e+01 1.792325290168878027e+01 1.860892278726251448e+01 1.889242973292915195e+01 1.911358588703446060e+01 1.940271855883322161e+01 1.966405897976278183e+01 1.999674480650943664e+01 2.023697156961219790e+01 2.034964228457202040e+01 2.066897220818058045e+01 2.074980902759128298e+01 2.098799720706596261e+01 2.113888522576280593e+01 2.157776232928820903e+01 2.213913057449034127e+01 2.220685435284783793e+01 2.273879546085253978e+01 2.468489075326143833e+01
1.297276556194245201e+00 1.499085772596045363e+00 1.632968264132302005e+00 1.751895574226655983e+00 2.033668349057391023e+00 2.066499096218516129e+00 2.208569395673071423e+00 2.329588278118165601e+00 2.451528894790107493e+00 2.601171376129300050e+00 2.703890242170664315e+00 2.836244924194808892e+00 2.910757990263513673e+00 3.024613575347526062e+00 3.044383824465961119e+00 3.177579167167825958e+00 3.250583960811079365e+00 3.315046735971723280e+00 3.395789859529032118e+00 3.485795106142826505e+00 3.508362728068534775e+00 3.596858534244721017e+00 3.677425958667447592e+00 3.796863463290929719e+00 3.832272558166027299e+00 3.914912048562247282e+00 3.971190739214285337e+00 4.085748883071789628e+00 4.267967365196182250e+00 4.384553193509182378e+00 4.465131790446212889e+00 4.561438887150709220e+00 4.635552783766373253e+00 4.822894729991854312e+00 4.940995454446765578e+00 5.149424829466097364e+00 5.258882316171070492e+00 5.396935446774040912e+00 5.444205370240861264e+00 5.587073756294270943e+00 5.701974489638734767e+00 5.865261023064683776e+00 5.890902888963543305e+00 5.993253661397234922e+00 6.062595532813205068e+00 6.241134997360580527e+00 6.360685853037968407e+00 6.504087791167993515e+00 6.743229149246046994e+00 6.941159331742390748e+00 7.108584702509535447e+00 7.324367765845296141e+00 7.369960070848843081e+00 7.555498179652313517e+00 7.650287637377092054e+00 7.820557624211263992e+00 7.900303471102498420e+00 8.036132580082373522e+00 8.215865748434532989e+00 8.327664325775680609e+00 8.367708247403834676e+00 8.530981155357206802e+00 8.617350189916555436e+00 8.744852141108165000e+00 8.956567933662929804e+00 9.063295343765735979e+00 9.208262830563716861e+00 9.265685405868895330e+00 9.433283365889073124e+00 9.560708304899023346e+00 9.816799838753780705e+00 9.924879359491837860e+00 1.002517270005265182e+01 1.026392445646307294e+01 1.040614419244664646e+01 1.054852224000316063e+01 1.065039104925437030e+01 1.069993318666285198e+01 1.092864293944472820e+01 1.105656392935167176e+01 1.124321141124851486e+01 1.144919344626718427e+01 1.151825120361862531e+01 1.163963160450909662e+01 1.182080827787615718e+01 1.202974315083513979e+01 1.211644762493594740e+01 1.225402928116746182e+01 1.241580682485598608e+01 1.252352432412204841e+01 1.263359396686712977e+01 1.289360115024761733e+01 1.306913508100652344e+01 1.312938237883934356e+01 1.323643109533411177e+01 1.342702793805010408e+01 1.351382243593205779e+01 1.369316760888136209e+01 1.379827081823714430e+01 1.392368815325265174e+01 1.412509306343734750e+01 1.428449824337143426e+01 1.443244399119104493e+01 1.449060829256161220e+01 1.459190470677102525e+01 1.465147782497379758e+01 1.485097295776748005e+01 1.492421959179662316e+01 1.499978738171701131e+01 1.512739686284786345e+01 1.519203907553021082e+01 1.544769517244194468e+01 1.554282529237973698e+01 1.574970598292189550e+01 1.583409751295175028e+01 1.624582288570240252e+01 1.628688216143172696e+01 1.643468573157514712e+01 1.659914972422850710e+01 1.671934787800360311e+01 1.691569217541460901e+01 1.706966711251362767e+01 1.724530775787868464e+01 1.738797562474903202e+01 1.765649577642614432e+01 1.768416805665109948e+01 1.786502716256337209e+01 1.859930358666511196e+01 1.898608569025932979e+01 1.917998360391331403e+01 1.960660441133191867e+01 1.976134468653766874e+01 2.008643761074934986e+01 2.038675642978209268e+01 2.052076499579151658e+01 2.076808173838529115e+01 2.099336938954360221e+01 2.111439371406934384e+01 2.136773728597969679e+01 2.160372508451095186e+01 2.214255937490291615e+01 2.221112417724588894e+01 2.280289919055705639e+01 2.487316969984351900e+01
1.369334865308305726e+00 1.572428954097777387e+00 1.678395626159309151e+00 1.841974878979965924e+00 2.075327343975835070e+00 2.153198220878408176e+00 2.304683654597517783e+00 2.399082385101253490e+00 2.466055970005021969e+00 2.633918698411026327e+00 2.698563149313849330e+00 2.810521450739308147e+00 2.944100923461928865e+00 3.021235049913950199e+00 3.062761964929252567e+00 3.178338619093109774e+00 3.284041965007780117e+00 3.336670438544101280e+00 3.458716788991507141e+00 3.475205196738385016e+00 3.617874615105278746e+00 3.647387077032256286e+00 3.709463428163559673e+00 3.827042715538971240e+00 3.904410576786043752e+00 3.944077499212259141e+00 4.019010803140841581e+00 4.162223642854178784e+00 4.317097347589703205e+00 4.508582613569186215e+00 4.529175289539966620e+00 4.587418117833306219e+00 4.674344492862427813e+00 4.813184440476082848e+00 4.965167433368557148e+00 5.134091769278624540e+00 5.278384884476161609e+00 5.425712820738552544e+00 5.445726922924801094e+00 5.594116957789133870e+00 5.706482114148897722e+00 5.830167719937325188e+00 5.901195340004266932e+00 5.979193797914857278e+00 6.056511692456835405e+00 6.180365433344693571e+00 6.308896918588440705e+00 6.439684668329108241e+00 6.765905061785978170e+00 6.962180325283721771e+00 7.134631757831331633e+00 7.315428795310086940e+00 7.370732628894526961e+00 7.555925650388098269e+00 7.635240481154394132e+00 7.859509327850355831e+00 7.906633278573128365e+00 8.054140783866307274e+00 8.219513141036815185e+00 8.343423866237122510e+00 8.393429658497630896e+00 8.538017637055942188e+00 8.622589877274361214e+00 8.760919942344765232e+00 9.003670677295241731e+00 9.112017707928986354e+00 9.186882628864170286e+00 9.303914767596335622e+00 9.442549472093892504e+00 9.602721364532921910e+00 9.877984625727053825e+00 9.990169463114629167e+00 1.002263283020230134e+01 1.026938326413530689e+01 1.044195405756132899e+01 1.055472009811033729e+01 1.067431500978092984e+01 1.071385276377338336e+01 1.094099593486275879e+01 1.113583520751829070e+01 1.129744304285355838e+01 1.145445283198998609e+01 1.151578385822036665e+01 1.168239364232686839e+01 1.185529860730161467e+01 1.214447744649586802e+01 1.220535082109680225e+01 1.229865762295663778e+01 1.244201449804304005e+01 1.259446807144136216e+01 1.272264278547148209e+01 1.293097889533877520e+01 1.305015619357213019e+01 1.315357366516241733e+01 1.323095801691065532e+01 1.339968033359559918e+01 1.355219580487796271e+01 1.371879747424917184e+01 1.381541183767064851e+01 1.394113812715738554e+01 1.412114367682711880e+01 1.426976913217848519e+01 1.437842738441764290e+01 1.444275891223944441e+01 1.459703605773160184e+01 1.464608182734685826e+01 1.481220760424528926e+01 1.489082861359755228e+01 1.497280683662889977e+01 1.511672877146471983e+01 1.517363498935823074e+01 1.541173109889039061e+01 1.552078190563073790e+01 1.571768738883880978e+01 1.581349778915631887e+01 1.624625093124430464e+01 1.627114914614876184e+01 1.640909730333284955e+01 1.658135234168305061e+01 1.667652918347056357e+01 1.687327468973466793e+01 1.703345230266252841e+01 1.722197032717237164e+01 1.735168307749319183e+01 1.756979213754039648e+01 1.770099242000645745e+01 1.785368515567509462e+01 1.856661330460033099e+01 1.902008642447339071e+01 1.922414933595921482e+01 1.973629657557582462e+01 1.983538668576561648e+01 2.012695509780415648e+01 2.049598444089439297e+01 2.063828931596323102e+01 2.086358341059357002e+01 2.110892258133354460e+01 2.137692288078392977e+01 2.164837673837351772e+01 2.167325267006495437e+01 2.221373967264861804e+01 2.224619936571925649e+01 2.288507905894912042e+01 2.508403737440612247e+01
1.422190379277633587e+00 1.617735298855893955e+00 1.690840509807458814e+00 1.935157312779000938e+00 2.077011794688473412e+00 2.215181684224482250e+00 2.355989826911976781e+00 2.423406031394715665e+00 2.503829254517755842e+00 2.643797064827608789e+00 2.664866250545073090e+00 2.803162599811336531e+00 2.956865702226784354e+00 3.006120021425477518e+00 3.062501765686707511e+00 3.143422956820639769e+00 3.280975119722767008e+00 3.338714666875986392e+00 3.434189560096967853e+00 3.532047605611770003e+00 3.655150312401493462e+00 3.690097094545220280e+00 3.783315681568740096e+00 3.837723324840712991e+00 3.939750945232176615e+00 3.992485514600488727e+00 4.089041764332838724e+00 4.262470376009298789e+00 4.359494433308774397e+00 4.540226470777497525e+00 4.607424497386350737e+00 4.661558589385847995e+00 4.754883815542965131e+00 4.822376115927706763e+00 5.008355989156622279e+00 5.124454623411720533e+00 5.295733044735738915e+00 5.417579851146487435e+00 5.485736616013172195e+00 5.602147523636732629e+00 5.700780799941954413e+00 5.799353418337715560e+00 5.910935044605371225e+00 5.967571508470951080e+00 6.031327440303106968e+00 6.124352568678481212e+00 6.246148701357284949e+00 6.371536520387924618e+00 6.793758526221609806e+00 6.977157317741055742e+00 7.148931455693281478e+00 7.305244250063315015e+00 7.375412955044147623e+00 7.556646229648681157e+00 7.623184231365481622e+00 7.866786153264464510e+00 7.918226542737098583e+00 8.047660552283190327e+00 8.226692948860288013e+00 8.355479791329049277e+00 8.424609674405754589e+00 8.540925222860396460e+00 8.627875735167931381e+00 8.761378933957574944e+00 9.031268996705003715e+00 9.121876760034076881e+00 9.196250575289843354e+00 9.340180047652719253e+00 9.454372737851754138e+00 9.649662060927814977e+00 9.882423717929571083e+00 9.961676987805457628e+00 1.009801556869263628e+01 1.027431391219462320e+01 1.045856357571696726e+01 1.057395118598178207e+01 1.072287274120477285e+01 1.075306144882759263e+01 1.095505398360140425e+01 1.118209890806675233e+01 1.134231862129695578e+01 1.141438041585203678e+01 1.151748389409616635e+01 1.171090426896547143e+01 1.185527415821265329e+01 1.219968366316056674e+01 1.224376523339776845e+01 1.234617557498634355e+01 1.250225684799166892e+01 1.269763984682869662e+01 1.277266428197472337e+01 1.297852511852340562e+01 1.307524083164154582e+01 1.316285943453725160e+01 1.325217691931859498e+01 1.338535378956300192e+01 1.359525647858682440e+01 1.372815326724752261e+01 1.379551317177942238e+01 1.397052083203461770e+01 1.413623410834157923e+01 1.422082185057294268e+01 1.432055433767213337e+01 1.441004502642259411e+01 1.460086688806471500e+01 1.463786623369724893e+01 1.476837658196464176e+01 1.484677299803601969e+01 1.496810747375980100e+01 1.508831524976214666e+01 1.517524719594069538e+01 1.538297925614472383e+01 1.549672527143253653e+01 1.567886920386193239e+01 1.580876305564607698e+01 1.621809365083520760e+01 1.627963803175542878e+01 1.638497156584676873e+01 1.657367331451570536e+01 1.664130486105236884e+01 1.683609022456464288e+01 1.700194870124794377e+01 1.718055248654352241e+01 1.733062259659379833e+01 1.747751472526053718e+01 1.770450483649468154e+01 1.788847190379605934e+01 1.852294122949582444e+01 1.904211108644663497e+01 1.924842721124448985e+01 1.980832752280988629e+01 1.988724828134061795e+01 2.016393928219232023e+01 2.055345226499624189e+01 2.070942266628858519e+01 2.094311916727261647e+01 2.114745678853264721e+01 2.162917051352438591e+01 2.171226818298103467e+01 2.187581857414721398e+01 2.223042381582020255e+01 2.248327100322915939e+01 2.297892799469231662e+01 2.529484706851658515e+01
1.458503191237870755e+00 1.619336593136011970e+00 1.702587346653844591e+00 2.013586530461763946e+00 2.067101218215308123e+00 2.255598058835348585e+00 2.303094886348006742e+00 2.470436219127354338e+00 2.536862831231722737e+00 2.632983413629942593e+00 2.662411236056687169e+00 2.814779275294109429e+00 2.941802681997812918e+00 2.987507184231654733e+00 3.063862341942791723e+00 3.097870240250274687e+00 3.256274507770056115e+00 3.329231143941518312e+00 3.425330238644017200e+00 3.585398405158426893e+00 3.664453392445733204e+00 3.716150577418835699e+00 3.809325248067374048e+00 3.871262890195116935e+00 3.962995325445810124e+00 4.013113563106132986e+00 4.164708854453566644e+00 4.305988233097848727e+00 4.422628762713780581e+00 4.562119040428782135e+00 4.658900993499724308e+00 4.713729039524615416e+00 4.803181409313704187e+00 4.874700316480131690e+00 5.073051800520388177e+00 5.161310782042642487e+00 5.304670952185531085e+00 5.422175822682459234e+00 5.515721752332373384e+00 5.610708154080453092e+00 5.678133713432480079e+00 5.788912871164642482e+00 5.914528936166789208e+00 5.953149859578477532e+00 5.979123564752257813e+00 6.085358116174609755e+00 6.183820148956043816e+00 6.315028300576543074e+00 6.821529962469427666e+00 6.984997083460797285e+00 7.153008234885074756e+00 7.295769374135431917e+00 7.387226650561133035e+00 7.554741182500759322e+00 7.624279514328367924e+00 7.839253505034860403e+00 7.936901657624338746e+00 8.026860927427723169e+00 8.253327085820666653e+00 8.359939658015170139e+00 8.445303629727105132e+00 8.542026100969135172e+00 8.634396651563607250e+00 8.752196651921762438e+00 9.030969520414785734e+00 9.128866116291865396e+00 9.215301168602646698e+00 9.368296941233705155e+00 9.465855529871863183e+00 9.695231926666419753e+00 9.852385924757482982e+00 9.947740068894786347e+00 1.011220940543105407e+01 1.029061913232201420e+01 1.046219017612480329e+01 1.060332498589157879e+01 1.078700129130436380e+01 1.082941539150420240e+01 1.097320801481933294e+01 1.120952332481449076e+01 1.134332626113472209e+01 1.138563583348391717e+01 1.153115215148039852e+01 1.168641139864408629e+01 1.184437155975520106e+01 1.219771484023748442e+01 1.227838589360219146e+01 1.235921580283534027e+01 1.255845316092452180e+01 1.276523865785051548e+01 1.281656600629005460e+01 1.302298117536396660e+01 1.312185949644706362e+01 1.320412919598480173e+01 1.330881071784427050e+01 1.341334154311893023e+01 1.361047375623390820e+01 1.373991080964026601e+01 1.377602163572197469e+01 1.396414628314299478e+01 1.410189626567097321e+01 1.417557363875950927e+01 1.427360963019704876e+01 1.440437629439720624e+01 1.459263300477128134e+01 1.464298340445374258e+01 1.474352080444451651e+01 1.479459828163481738e+01 1.497791503949898839e+01 1.507155135628767262e+01 1.516010515621966270e+01 1.537054306318730035e+01 1.547354922504201191e+01 1.565191730590408348e+01 1.580718501249361019e+01 1.618991345372350921e+01 1.628455202407499414e+01 1.636379612509944437e+01 1.657350100696245931e+01 1.661663559793775136e+01 1.680697021491948107e+01 1.697202342507973327e+01 1.714841037369897236e+01 1.730930959995522045e+01 1.740986458400266201e+01 1.769667481024950817e+01 1.794154037990081818e+01 1.847671738978828770e+01 1.905894086657951547e+01 1.926055563233820322e+01 1.984831574228502760e+01 1.991892636921142312e+01 2.020307688082482755e+01 2.057700234324108735e+01 2.075055666976736291e+01 2.100138839085644804e+01 2.117261829019454211e+01 2.174336912903438446e+01 2.176165590550487039e+01 2.203951323440011123e+01 2.225132443559661510e+01 2.274379287844503139e+01 2.307575290217138075e+01 2.547562665375932411e+01
1.480732407263765538e+00 1.592413808124928831e+00 1.717647021813839547e+00 2.029354471251651137e+00 2.089215612583185333e+00 2.249578819921115524e+00 2.282841534489548074e+00 2.508472808020191458e+00 2.532169754542994866e+00 2.610721999647677372e+00 2.692181002080936469e+00 2.831425108854421779e+00 2.921156031896343652e+00 2.970014563668985197e+00 3.054993293246777597e+00 3.077104928365026026e+00 3.224647275263430313e+00 3.318210124370634784e+00 3.429411830954841367e+00 3.618781674480539223e+00 3.677386123631249948e+00 3.729301981029668145e+00 3.805661252489133783e+00 3.905841068552439399e+00 3.979639492907139253e+00 4.012551278988611969e+00 4.195558631547583239e+00 4.341162949660501980e+00 4.470019247127052786e+00 4.577269181529231012e+00 4.688385275673635277e+00 4.729919396520840813e+00 4.833703911389270580e+00 4.924981270266731492e+00 5.079419995382822961e+00 5.276005107773021230e+00 5.316201494103178327e+00 5.424286075383279560e+00 5.531123617966660078e+00 5.619232987753095543e+00 5.661894568974905617e+00 5.788088861273995356e+00 5.900367455996862631e+00 5.916641970858945498e+00 5.949577753130462554e+00 6.049921205348814723e+00 6.147878637788402933e+00 6.279548264147713610e+00 6.844132844620924416e+00 6.984397994387108177e+00 7.154889945177437482e+00 7.286676691814502504e+00 7.400956354782056046e+00 7.549276587244146519e+00 7.642603281354933387e+00 7.797649294443671053e+00 7.952521929263755673e+00 8.009155215622847379e+00 8.286925711865874788e+00 8.350792355649183207e+00 8.457530169201142201e+00 8.539529265775730238e+00 8.643086548887612963e+00 8.740864477296820922e+00 9.018309874900841905e+00 9.143580351747601753e+00 9.225644540213862044e+00 9.384782433781873934e+00 9.474424740553658353e+00 9.730469849660225989e+00 9.819673719154984326e+00 9.941297203802449189e+00 1.010266062450320490e+01 1.029573204505057049e+01 1.046425223765986168e+01 1.062938721271540565e+01 1.080861463935495337e+01 1.093594470161087706e+01 1.101554980331423650e+01 1.120927738413394614e+01 1.130954137173620389e+01 1.139485117974564155e+01 1.154799326290812900e+01 1.161602050231923933e+01 1.184777848252277721e+01 1.217747556247696927e+01 1.230491640461561076e+01 1.234837869826681001e+01 1.258988115881710712e+01 1.276109687892088473e+01 1.288476844157743706e+01 1.305976014979036393e+01 1.312313530014012031e+01 1.329082446123647365e+01 1.336089564550226427e+01 1.350045974440936014e+01 1.359383734726631587e+01 1.372913435974801644e+01 1.380655936658437533e+01 1.393144611357045548e+01 1.399456010456065513e+01 1.414353640364968179e+01 1.425489414556538570e+01 1.441446499753130439e+01 1.459677984760645053e+01 1.464527257985392517e+01 1.472906991491398010e+01 1.476038556314411743e+01 1.499106721032570988e+01 1.506537087086665849e+01 1.513389053498715597e+01 1.537094639919985006e+01 1.545509431903528963e+01 1.564001267488994706e+01 1.580659544854045961e+01 1.616606700318207146e+01 1.628696539084428707e+01 1.634889732294887565e+01 1.657549560384813958e+01 1.660358709111009290e+01 1.678791235820371952e+01 1.694809541772852768e+01 1.713496983865628209e+01 1.728136954988607599e+01 1.737771212169309365e+01 1.768956879937720572e+01 1.798704191302778810e+01 1.843882053253024722e+01 1.907004416902619681e+01 1.926577039483181863e+01 1.986855762405492953e+01 1.993550134732318924e+01 2.023433237764346160e+01 2.058509647389857733e+01 2.076871019119456108e+01 2.103723750203153386e+01 2.118778335248083877e+01 2.175773942757780688e+01 2.182242463220082485e+01 2.213370965878392127e+01 2.228326766826887706e+01 2.291067363729786521e+01 2.316061618002260758e+01 2.559752627052607821e+01
1.489041815192157614e+00 1.576918176829180451e+00 1.723386540373454734e+00 2.020934577889305306e+00 2.107547981583056895e+00 2.235850122930183037e+00 2.290127029490700572e+00 2.513396104962229760e+00 2.535346764641091877e+00 2.598320747318532575e+00 2.709982816523837990e+00 2.833775139176706315e+00 2.914736331218294563e+00 2.964179631526718595e+00 3.041490112194542572e+00 3.080339837706205230e+00 3.209576632183936074e+00 3.313756170260597766e+00 3.432424817336980460e+00 3.627375377666128831e+00 3.687225412248157141e+00 3.731861685196980805e+00 3.805208724957606314e+00 3.914201112952154560e+00 3.995549298807949068e+00 4.002944988970723372e+00 4.197121583269220579e+00 4.365124289832389870e+00 4.476514001122322561e+00 4.588975719414823295e+00 4.696398111561586042e+00 4.731309817206495794e+00 4.846797940579010699e+00 4.946716695812859221e+00 5.076287855367634272e+00 5.303560973032822368e+00 5.368938075645945496e+00 5.402054203184820658e+00 5.539108191107458445e+00 5.635795231802986471e+00 5.646804800158679249e+00 5.788654980523573634e+00 5.871282187217346404e+00 5.904922299502361582e+00 5.949100016688303683e+00 6.031066468645945200e+00 6.139552839427558695e+00 6.267598117297541016e+00 6.853548809330700209e+00 6.981928007265294056e+00 7.156330059603216220e+00 7.282485025605479834e+00 7.406877117247915976e+00 7.546645303951666328e+00 7.657205387484895098e+00 7.774140923735976649e+00 7.959145031961027072e+00 8.001904235344664329e+00 8.310065838661925497e+00 8.336254041779133317e+00 8.462389742539240700e+00 8.537050200085504414e+00 8.647874796121769236e+00 8.735475180032667097e+00 9.012335175414156296e+00 9.150437966037449300e+00 9.228441599488128588e+00 9.390001556056043697e+00 9.477601124631730656e+00 9.744867947180397394e+00 9.805837038333219624e+00 9.938715708062050069e+00 1.009745532727452400e+01 1.029492315671686420e+01 1.046539760963277210e+01 1.063955701069519222e+01 1.081566700518409263e+01 1.095940805120836714e+01 1.108307044452141277e+01 1.118027960001128562e+01 1.129398884545264181e+01 1.141256374071081581e+01 1.154682445247511247e+01 1.157730501132402701e+01 1.185228787670252970e+01 1.216673380071378574e+01 1.231902132813383588e+01 1.233577175554978567e+01 1.259974828000145131e+01 1.275866826058099157e+01 1.290782611428433313e+01 1.307507908542290842e+01 1.311790206616187504e+01 1.334458413442555802e+01 1.336994223089454437e+01 1.356422469601897696e+01 1.357839077403666828e+01 1.372022189726400221e+01 1.384496905744644835e+01 1.389254905625218406e+01 1.393562840642634271e+01 1.412351234692997970e+01 1.425050939138905548e+01 1.442019090017702787e+01 1.460395555090278563e+01 1.464301291903551316e+01 1.472216336163530492e+01 1.475148490530285095e+01 1.499794481199715257e+01 1.506508969077546212e+01 1.511926676757266641e+01 1.537315920534053504e+01 1.544758391745294723e+01 1.563729791572380989e+01 1.580662163680714372e+01 1.615615895550606496e+01 1.628773382980001472e+01 1.634348082246945211e+01 1.657626592027655121e+01 1.659998700366659108e+01 1.678115305263367318e+01 1.693887146423795897e+01 1.713272888997483889e+01 1.726714541487405441e+01 1.736986678765407177e+01 1.768693217375916760e+01 1.800536642968296164e+01 1.842349054124735730e+01 1.907396021398935559e+01 1.926716316852868260e+01 1.987472483013961266e+01 1.994065931089095045e+01 2.024631405333667544e+01 2.058687922977344087e+01 2.077333131798730292e+01 2.104935594208661342e+01 2.119289637251394254e+01 2.176028662480483078e+01 2.184313476119936226e+01 2.215792254679556095e+01 2.230205795934002566e+01 2.296315123709355177e+01 2.319749613998894944e+01 2.564051227087137619e+01
8.756845796352729083e-01 1.747968521762023775e+00 1.878875284539116119e+00 1.979960148441191503e+00 2.122054921337825473e+00 2.207702344806799388e+00 2.290689419726870568e+00 2.371744204730949601e+00 2.479834063506634489e+00 2.576092962018704746e+00 2.635542186665163378e+00 2.709414189316307731e+00 2.814631166395205497e+00 2.891150457973130194e+00 3.008658968735389738e+00 3.059285697704903662e+00 3.138257038985802883e+00 3.206946975522750432e+00 3.265401608768215613e+00 3.326326834342513639e+00 3.383545799030820866e+00 3.475356537499765253e+00 3.521742373844702900e+00 3.584809002456692983e+00 3.661216434999274405e+00 3.774951025956811090e+00 3.844192394796435153e+00 4.000013988384607977e+00 4.177375233002833532e+00 4.403425632562087522e+00 4.425556123357703875e+00 4.562218452931329438e+00 4.674381306504602485e+00 4.791924120604353909e+00 4.889341001384089225e+00 4.983025818622642156e+00 5.189800516078540760e+00 5.211008536139535074e+00 5.402756213428970611e+00 5.448460731369056731e+00 5.814266280946592147e+00 5.852290321130325879e+00 6.140291274935676391e+00 6.178438030267030534e+00 6.331717635974569269e+00 6.373531268554866180e+00 6.681437089064649726e+00 6.874170330162750808e+00 7.090481187731811019e+00 7.271622661648418529e+00 7.332706680953131162e+00 7.546070761739373189e+00 7.585087982446175658e+00 7.629038604905002963e+00 7.859949191807204194e+00 8.027859617413866999e+00 8.283812000382456020e+00 8.299741879956444635e+00 8.575006557629873072e+00 8.615997630206463143e+00 8.913202585388706467e+00 9.022252134809757962e+00 9.244489937291405113e+00 9.319280900955545732e+00 9.347141520241729395e+00 9.492343238232370695e+00 9.558876883710246020e+00 9.683032541711119379e+00 9.731438063851602038e+00 9.882501368756301474e+00 1.011565529993214874e+01 1.031002872343267462e+01 1.032228438832064654e+01 1.054762951206056876e+01 1.076019772511768124e+01 1.077261118539317408e+01 1.089106024033685927e+01 1.108181380985790376e+01 1.124028249708562299e+01 1.163500882143471138e+01 1.192918452974821619e+01 1.205598553762103364e+01 1.207797045062247676e+01 1.225211705094893233e+01 1.235314157487784925e+01 1.245418200546100707e+01 1.250824734853017084e+01 1.282462040176866225e+01 1.297400059617872969e+01 1.307964845317768976e+01 1.312077479892579923e+01 1.328753189185377437e+01 1.335971301925648547e+01 1.349840076133148692e+01 1.360747095296799003e+01 1.364462337327098318e+01 1.369290660675363291e+01 1.380664273941226128e+01 1.389966942577362730e+01 1.403558520376070184e+01 1.411825058678409661e+01 1.421116436184394693e+01 1.443276725058891152e+01 1.454163781995179505e+01 1.465226143238777645e+01 1.473643959350979493e+01 1.476047405554384362e+01 1.485192202673469453e+01 1.493795053190869915e+01 1.505088072127976950e+01 1.521525324883400465e+01 1.543320971472678771e+01 1.544541582359927467e+01 1.552015209818337027e+01 1.565218336120928200e+01 1.570417955044559832e+01 1.574487163171323445e+01 1.605426725816806055e+01 1.627910137437767091e+01 1.638771955089967847e+01 1.657288002816242667e+01 1.670152902450439569e+01 1.689057492373214941e+01 1.699556539444190406e+01 1.715051258222359465e+01 1.727194963143748296e+01 1.763701622226738053e+01 1.788203121421313924e+01 1.857964757361882846e+01 1.871079495241548685e+01 1.915664702117885199e+01 1.941409046699502028e+01 1.950102560518390149e+01 1.963890577589774011e+01 1.994088228443055399e+01 2.034888957917239338e+01 2.047082064707071680e+01 2.065234007055229526e+01 2.121769948968191599e+01 2.138156196862004421e+01 2.188912363232794078e+01 2.205441810104465006e+01 2.320271845636593255e+01 2.443507575353758909e+01
9.277308841417252205e-01 1.742124400036116683e+00 1.897242928125760786e+00 1.992328531886199183e+00 2.132601219195442876e+00 2.223382810387066755e+00 2.296613270417498409e+00 2.382173590918044148e+00 2.486885942612951705e+00 2.573252799256938061e+00 2.637012730577729780e+00 2.712158578335402304e+00 2.815052918843695906e+00 2.893191245329287842e+00 3.023737654153746846e+00 3.060065848643596986e+00 3.136639593182784402e+00 3.210587252954153925e+00 3.271438849759545686e+00 3.331001666914329196e+00 3.386165030242354046e+00 3.465697491885866288e+00 3.537949312385608280e+00 3.593630490077454276e+00 3.672960514991105541e+00 3.767493678302628712e+00 3.852800023838953702e+00 3.994647616177388283e+00 4.197906880891947523e+00 4.402197072402241673e+00 4.428913712412448689e+00 4.561855874019095758e+00 4.681773811591309453e+00 4.790510305131777891e+00 4.892066035890439757e+00 4.974493555259400956e+00 5.195190727553203658e+00 5.214158603847610429e+00 5.405418584933801895e+00 5.448627107630684030e+00 5.812512490699014656e+00 5.850213769595841384e+00 6.135997716401383251e+00 6.172677945738620053e+00 6.328495718983178087e+00 6.368872666707201091e+00 6.675229779587160017e+00 6.868931207628443225e+00 7.089440764676288254e+00 7.266394537708446677e+00 7.332466455593945831e+00 7.540486423650092362e+00 7.576715732018851845e+00 7.632668590138312226e+00 7.853616188176528290e+00 8.028517889549808828e+00 8.272334200083749423e+00 8.304324718464481947e+00 8.565093661298371686e+00 8.613414770093793749e+00 8.906147270449180198e+00 9.020176689092215483e+00 9.234870284376368588e+00 9.312543496740053328e+00 9.345213419686732692e+00 9.476906616497378977e+00 9.566288852539269527e+00 9.680736000179543055e+00 9.731657357905946881e+00 9.878616666355782172e+00 1.011544559786498709e+01 1.028331493598739144e+01 1.033394830212350968e+01 1.055094904616952967e+01 1.074082365554266794e+01 1.078366067789010785e+01 1.088905012191351851e+01 1.108306590228755972e+01 1.123731016446296849e+01 1.163626415937126879e+01 1.193142591957197496e+01 1.203586857726452131e+01 1.209568606549160563e+01 1.224605549251678482e+01 1.235265225439547621e+01 1.244680900141611524e+01 1.250281917313323099e+01 1.282292477729311209e+01 1.297270696458557282e+01 1.302384342269830952e+01 1.314517064095172572e+01 1.328927587644936636e+01 1.333870053064814343e+01 1.350903788631737434e+01 1.358871719970412073e+01 1.363956824524612799e+01 1.366962534256647643e+01 1.383123434537611196e+01 1.391926462503589335e+01 1.403120939308691284e+01 1.413531791322742137e+01 1.420461807712507607e+01 1.442645608257204159e+01 1.454249711832778047e+01 1.462599655472919302e+01 1.474328392466666315e+01 1.477955984386169597e+01 1.485673446179488089e+01 1.494383194459106079e+01 1.505056178082117491e+01 1.521951125171227837e+01 1.542998022234794853e+01 1.544584519675802348e+01 1.553456555615410473e+01 1.564279643246444884e+01 1.572090019260097016e+01 1.575022806361075212e+01 1.605741776666734921e+01 1.627968100743198931e+01 1.640140776530033762e+01 1.657761218247651058e+01 1.670801531383685301e+01 1.687846883580027679e+01 1.700504880739202918e+01 1.715650056198805018e+01 1.726972020049460355e+01 1.763421565012955838e+01 1.786835736684933451e+01 1.858586797152133130e+01 1.868820702829601998e+01 1.915735861882848923e+01 1.943337098747603875e+01 1.950802436322330635e+01 1.966710438300086494e+01 1.993173420152052344e+01 2.035739534573413323e+01 2.046827922442927772e+01 2.064859008751756164e+01 2.121013505651821163e+01 2.142939932690482863e+01 2.188818775114310000e+01 2.205445004907831574e+01 2.319676025522695184e+01 2.445320197891765446e+01
1.056254152591583617e+00 1.741784667427766831e+00 1.933834072191408904e+00 2.025824872323988668e+00 2.160856069275374658e+00 2.262153548763572886e+00 2.312874433529821694e+00 2.415462872404276595e+00 2.505600975171973221e+00 2.567305986887511882e+00 2.644029892000610893e+00 2.719329866422451669e+00 2.814172684228674726e+00 2.905761631181098537e+00 3.044035896789301088e+00 3.061943804335935493e+00 3.149314633286510734e+00 3.218361719017838851e+00 3.282636011038951196e+00 3.346099627123579445e+00 3.397920332967173884e+00 3.464377173769676244e+00 3.559290632906744190e+00 3.622980025804493742e+00 3.692053656020476637e+00 3.765277087306314829e+00 3.878010653659620832e+00 3.994419069608734940e+00 4.233460858377860347e+00 4.387795992669605738e+00 4.455550787727580619e+00 4.562103972220873160e+00 4.700322405968479167e+00 4.787918633793631251e+00 4.895965672527204937e+00 4.955932507805864695e+00 5.207323791193741336e+00 5.224180964801936611e+00 5.411759233545834213e+00 5.450952490791395988e+00 5.807001667278947288e+00 5.844234675343813024e+00 6.122886217645553408e+00 6.153287738487077441e+00 6.318567194038725354e+00 6.358144329032410447e+00 6.657243707427424440e+00 6.854488362375719568e+00 7.085772001389065267e+00 7.252078554677750866e+00 7.330118246729109721e+00 7.522337527084854258e+00 7.563145592563576436e+00 7.636063112516887408e+00 7.836877817050657669e+00 8.030068161965250084e+00 8.244451217135363663e+00 8.310412585951105768e+00 8.536853786367753827e+00 8.606494883825229536e+00 8.885102868598984571e+00 9.009696975348791881e+00 9.211141904955059800e+00 9.288941704976140912e+00 9.343318290163999507e+00 9.453634091527769456e+00 9.542005671736491834e+00 9.686957117825599539e+00 9.749484311237942791e+00 9.862729433681099778e+00 1.010708111063353698e+01 1.025455446636016710e+01 1.033118553511860327e+01 1.055623698918556741e+01 1.071162913543359707e+01 1.078923294072914807e+01 1.088641416162963438e+01 1.107940683166770235e+01 1.122799792261070095e+01 1.163977769768887605e+01 1.193629810186528850e+01 1.200655336455937139e+01 1.211496151118889131e+01 1.222939821240090552e+01 1.234963292206016483e+01 1.242939503173327509e+01 1.248606064488034662e+01 1.280420946963758233e+01 1.294350953538399374e+01 1.298693846850537703e+01 1.310684529057438930e+01 1.328208138402011684e+01 1.333301899943358215e+01 1.350443905964805857e+01 1.354549796191333755e+01 1.360932964857259719e+01 1.367227615165561971e+01 1.385568461426898779e+01 1.397010104464851032e+01 1.402539631601914216e+01 1.416222137629562816e+01 1.419463197118095543e+01 1.440643360038995091e+01 1.454786077692168611e+01 1.460188183656905991e+01 1.473973596601613778e+01 1.480273539893383727e+01 1.487252017610753541e+01 1.496814991165540931e+01 1.504511919746544457e+01 1.523348119284495361e+01 1.542422350437785106e+01 1.545366401656765198e+01 1.555501039236099281e+01 1.563878117656447664e+01 1.574060752055384604e+01 1.578653053480405610e+01 1.606367811895876940e+01 1.628117277318487055e+01 1.643963786101430102e+01 1.659162481476445450e+01 1.672615780414260911e+01 1.685225587868810493e+01 1.701392077295621164e+01 1.717526063750424825e+01 1.727018727897918993e+01 1.762942772594392693e+01 1.783575445565105966e+01 1.859714563897234285e+01 1.863974608108735964e+01 1.914898750230672420e+01 1.948147687839229647e+01 1.954314711918465619e+01 1.973581942350845964e+01 1.991015119882180429e+01 2.036984552120505754e+01 2.045989664763308369e+01 2.065420734610804132e+01 2.121345084308492801e+01 2.153415580304187671e+01 2.188597503042207038e+01 2.205464191827556419e+01 2.317906474702656894e+01 2.450521500903959193e+01
1.209698106163421327e+00 1.755550289582083590e+00 1.978382981057952961e+00 2.066974756081273679e+00 2.195699850573151313e+00 2.300144842497892306e+00 2.346285645708037215e+00 2.468110262350094786e+00 2.519834404924722104e+00 2.571934305290579204e+00 2.659413884539505002e+00 2.728833508158915677e+00 2.810853735581840152e+00 2.930382316964412315e+00 3.029430392631859537e+00 3.083828520439055865e+00 3.184656346905057056e+00 3.222005615003654899e+00 3.292142689610536799e+00 3.371276121749105847e+00 3.422663680202057357e+00 3.495881970424487228e+00 3.575690311361703344e+00 3.660128838544566943e+00 3.699308966678768851e+00 3.806141235165415804e+00 3.918190805715549452e+00 4.012252864800898600e+00 4.253723778727295901e+00 4.367968655854826743e+00 4.502435642486372736e+00 4.566193634512314858e+00 4.719613870372396214e+00 4.790700853773641299e+00 4.887066024424312261e+00 4.946642740044921105e+00 5.223464253183983885e+00 5.238773460336153320e+00 5.413310443058499288e+00 5.463883811890588582e+00 5.796838222091168724e+00 5.834372211809522035e+00 6.097585614940403076e+00 6.119926433458449111e+00 6.300159401793663072e+00 6.350025298895125125e+00 6.629177016732813676e+00 6.834713282566422521e+00 7.077429276410112102e+00 7.232224672370597851e+00 7.323601913073067848e+00 7.494233490186882563e+00 7.552426652901936599e+00 7.634530829675369112e+00 7.814182171428246448e+00 8.031580344095026192e+00 8.202807060616581936e+00 8.313495308974781395e+00 8.496448807421796090e+00 8.594816461752325054e+00 8.851736662592331939e+00 8.979979934112073181e+00 9.183768154966596597e+00 9.247484648773234284e+00 9.333806068382587640e+00 9.415405994335642959e+00 9.523015283172274081e+00 9.677569851963378156e+00 9.783486420325097299e+00 9.848713510919049341e+00 1.008081907157029100e+01 1.024476507676676640e+01 1.031198968236461333e+01 1.055327486320833508e+01 1.068324939707047960e+01 1.078484243570678558e+01 1.088812211592449941e+01 1.105753989001526527e+01 1.121490224293475713e+01 1.164103984782560985e+01 1.192586118463879963e+01 1.198366316772620621e+01 1.212565081846288706e+01 1.220743714623249865e+01 1.233265584979221430e+01 1.241337713013259858e+01 1.245853443245880499e+01 1.275241240154163869e+01 1.289357230139153643e+01 1.299081708082292330e+01 1.302052264226783329e+01 1.325128062697405795e+01 1.333703779453787064e+01 1.346263359116998970e+01 1.350796470958483297e+01 1.360080998983427492e+01 1.369259268428745457e+01 1.386167214772032175e+01 1.401293644932143678e+01 1.402997558202392092e+01 1.415580845574942259e+01 1.420977480418335759e+01 1.437389879394015146e+01 1.455314566257397502e+01 1.461934438494112420e+01 1.472652209063572393e+01 1.481569529492125170e+01 1.489383458690080175e+01 1.500437280579975763e+01 1.504089070164474329e+01 1.524376512113475002e+01 1.540256627803340628e+01 1.548352992820077212e+01 1.556744230916568839e+01 1.565835931409326420e+01 1.576315311337721248e+01 1.584979411669455907e+01 1.606820576239045906e+01 1.628063473235314973e+01 1.649543399103460928e+01 1.661461298705055256e+01 1.674644125042898679e+01 1.682533876360644243e+01 1.700111724682129832e+01 1.720745374948964113e+01 1.728594155049678349e+01 1.762893626786814849e+01 1.780614746683817273e+01 1.855486840371633406e+01 1.864168384167351533e+01 1.912544929455017240e+01 1.953802955488996673e+01 1.960813879596984677e+01 1.982327744115847068e+01 1.989144954475956339e+01 2.036746204827962359e+01 2.044454893651408156e+01 2.069392825843002370e+01 2.124111461652397992e+01 2.165288566275449966e+01 2.188521083700993586e+01 2.205534848047886243e+01 2.315003134401121798e+01 2.458439518075199715e+01
1.349807170151554381e+00 1.772756270632187769e+00 2.025633429889642123e+00 2.100643542425589150e+00 2.229961820418388641e+00 2.324665680568886561e+00 2.394069848262076583e+00 2.505130686482953450e+00 2.527034857461054163e+00 2.602702918066848614e+00 2.673421203540147228e+00 2.737290772112734860e+00 2.814465772118600384e+00 2.959538725807377535e+00 3.014616830682498083e+00 3.103415400443503280e+00 3.197289114830325740e+00 3.230157040027283877e+00 3.316020619259509417e+00 3.404813758345383690e+00 3.455996675050674316e+00 3.543882962672495918e+00 3.598511813935203918e+00 3.688415412267721294e+00 3.741694555502647290e+00 3.868088676560275996e+00 3.971073575386523391e+00 4.049210297922890334e+00 4.257169290031701969e+00 4.353645139446544299e+00 4.540451946531682381e+00 4.579478194557356829e+00 4.731237356864470556e+00 4.800483466047618109e+00 4.873379560124783794e+00 4.951115239091589793e+00 5.245939255263677659e+00 5.253478644227912220e+00 5.404221618079553480e+00 5.492482879082651870e+00 5.779757903007052278e+00 5.818253400164845601e+00 6.051705664586499722e+00 6.085159734236442297e+00 6.271707165699099029e+00 6.351710501129080200e+00 6.593202690838696256e+00 6.815902706200461125e+00 7.060433622846061574e+00 7.213487704788598798e+00 7.313299709302887308e+00 7.460568864791339294e+00 7.544010475612373590e+00 7.629776718463999963e+00 7.788513135476097915e+00 8.030810720215091791e+00 8.150437743553093028e+00 8.310367530860137464e+00 8.451962521027621023e+00 8.577517635102035243e+00 8.811038044130388158e+00 8.920878116848383499e+00 9.145815434367795760e+00 9.195445975752257084e+00 9.294225575057367905e+00 9.389263634261805436e+00 9.531020589140695165e+00 9.665805585008259371e+00 9.762539594873299365e+00 9.884574757612318407e+00 1.004516300662089101e+01 1.023888736760464013e+01 1.029005414068935842e+01 1.052924846192168751e+01 1.066501839086784109e+01 1.077366287868496642e+01 1.089262008771969548e+01 1.101583015913118402e+01 1.120224229766349744e+01 1.162955930647098590e+01 1.186957348522877709e+01 1.198011827497890458e+01 1.212979202812833535e+01 1.218661002120288295e+01 1.228088566176666241e+01 1.238650638710890739e+01 1.244835091540558381e+01 1.268662484284388192e+01 1.283935952171048100e+01 1.291816466335528979e+01 1.300488572710783686e+01 1.319547535121052384e+01 1.331360068973544841e+01 1.342294532440867982e+01 1.348486853487781190e+01 1.361347136095260169e+01 1.370269554281361479e+01 1.385981380241484651e+01 1.401225824164267841e+01 1.405756398263302920e+01 1.414473168805911385e+01 1.422241619157550474e+01 1.433766357347454878e+01 1.456484376410348069e+01 1.464874528328955705e+01 1.472718561814370020e+01 1.483331693169290055e+01 1.492177575110635246e+01 1.501339531774254965e+01 1.506651797674239646e+01 1.524465352852743294e+01 1.537830497329657398e+01 1.547965493629620326e+01 1.561880983341221096e+01 1.568895975205629334e+01 1.579767666475635046e+01 1.591665331672407291e+01 1.607157072344714877e+01 1.627496898109072632e+01 1.655643033076932724e+01 1.664743498602549465e+01 1.673016258538894618e+01 1.683225715308287107e+01 1.698009090851784109e+01 1.724980448342510542e+01 1.731583052200296891e+01 1.763748500036565048e+01 1.780254730268782026e+01 1.849060065437528166e+01 1.867155026355421654e+01 1.909359103373533273e+01 1.957917272357794403e+01 1.969059757799773536e+01 1.986361884619658014e+01 1.994183144250347439e+01 2.035488923297182140e+01 2.042303828103329622e+01 2.076235727357922656e+01 2.128718013697812950e+01 2.175328234816212714e+01 2.189624386608418050e+01 2.205740549153511409e+01 2.311009791873894059e+01 2.468061094001863864e+01
1.458644386403977533e+00 1.782123700395929822e+00 2.050330219629994399e+00 2.131250886201655259e+00 2.252792363514526386e+00 2.340180637463094016e+00 2.433467448390037813e+00 2.496751149063952013e+00 2.549970794116663608e+00 2.631825275735700576e+00 2.680750181632979512e+00 2.743126010695842165e+00 2.837203024934695339e+00 2.982705319857589910e+00 3.008835916277773137e+00 3.110254128704792453e+00 3.190183066718037974e+00 3.246561455749438885e+00 3.353129084024401685e+00 3.437357400591322776e+00 3.490377700754767609e+00 3.573250241406724648e+00 3.638188301607589992e+00 3.734411119350196984e+00 3.810826689700938630e+00 3.936349167489209933e+00 4.032198293214703355e+00 4.103082487263058908e+00 4.261770920980963773e+00 4.348357972807461280e+00 4.552153218932390999e+00 4.582890656262200935e+00 4.750829011859597273e+00 4.794842891900508164e+00 4.890537065621851198e+00 4.956727803906825436e+00 5.261848808299035340e+00 5.275797633503031214e+00 5.392468650881008685e+00 5.529780619849937295e+00 5.747361561475423208e+00 5.793608512121370069e+00 6.003339434488731641e+00 6.050380374003487383e+00 6.235202474058132438e+00 6.361595193765130496e+00 6.553549993350401337e+00 6.804775759362900800e+00 7.031686950475956266e+00 7.203768637194520430e+00 7.301327295740997592e+00 7.422179716962258311e+00 7.536780837333757255e+00 7.625473628982047281e+00 7.760533418104158088e+00 8.020344609992987372e+00 8.094834305404928543e+00 8.298562248784641326e+00 8.408962320987010131e+00 8.555292006406338245e+00 8.768393322326121009e+00 8.833521040889715792e+00 9.073562194016790983e+00 9.144975714270625389e+00 9.256849240976050552e+00 9.371051286239705291e+00 9.541395041437576552e+00 9.649672538781036479e+00 9.742941322611882171e+00 9.921400951224374154e+00 1.001511561526496763e+01 1.020219275774732104e+01 1.029389880040373306e+01 1.048132293734474807e+01 1.065880075890884982e+01 1.075839591073059331e+01 1.088424935416849770e+01 1.097685770182597764e+01 1.119020041836016688e+01 1.159385437099681404e+01 1.178621238479035327e+01 1.196134516951765292e+01 1.210903906950611031e+01 1.218016767807615253e+01 1.220972977544400173e+01 1.232433169830899899e+01 1.247590079697295806e+01 1.262433595280919008e+01 1.276064066822998910e+01 1.282963162865021012e+01 1.300652115879563198e+01 1.312106191235992014e+01 1.328204843470580521e+01 1.337975220638334584e+01 1.347466483100497037e+01 1.363350465027040137e+01 1.369472787444513884e+01 1.385298848329860100e+01 1.401245691400199789e+01 1.407746181302112731e+01 1.412718924337489668e+01 1.421614282580244115e+01 1.432571263498520331e+01 1.457450858333904620e+01 1.465477101384803404e+01 1.477342789311348703e+01 1.485561098672445368e+01 1.495159963682325177e+01 1.500419555375659542e+01 1.510659163687498108e+01 1.525155849615162573e+01 1.535625318477929824e+01 1.546306596367195496e+01 1.565195615905630078e+01 1.574588342464656243e+01 1.583529919110404727e+01 1.596149457578369457e+01 1.608448316950014245e+01 1.627498641057089301e+01 1.658735128004049386e+01 1.667489348278256855e+01 1.671683523202838728e+01 1.687041251249381801e+01 1.698005508400760277e+01 1.729532929027634935e+01 1.735209574726904336e+01 1.766135261043789484e+01 1.783201054786009010e+01 1.843321083088639867e+01 1.870392556844931420e+01 1.905970585386539540e+01 1.959175093337902851e+01 1.977299298749046841e+01 1.987709140405347696e+01 2.004010010013304210e+01 2.034558747592005545e+01 2.039709476082181538e+01 2.083926964714187946e+01 2.134108856045324387e+01 2.179962057575015066e+01 2.194031455846356593e+01 2.206257498510860771e+01 2.305986319136786022e+01 2.478153852972698346e+01
1.532138064010616363e+00 1.777428926599718073e+00 2.043432767684775886e+00 2.150398466127919406e+00 2.255602001634486431e+00 2.337544521126395214e+00 2.447242066273183525e+00 2.489178433788001854e+00 2.550630714998149529e+00 2.621899032015041708e+00 2.686255769635871538e+00 2.762905194325815383e+00 2.862991933001923783e+00 2.989249087540922112e+00 3.011118650172242894e+00 3.110384676343480148e+00 3.198751516463739009e+00 3.256418495096723209e+00 3.385447653697072568e+00 3.458878424481201197e+00 3.529910674460602582e+00 3.586754490414583163e+00 3.667433840307249060e+00 3.788428526743476077e+00 3.884311926871660159e+00 4.002796748259621396e+00 4.112021406885363994e+00 4.158194434607840329e+00 4.287687758339931321e+00 4.354066367409048510e+00 4.546473721219705055e+00 4.558948242343936030e+00 4.759915488650753979e+00 4.809812660272862139e+00 4.918573540440244862e+00 4.963822694225676457e+00 5.256081038013378226e+00 5.299065804035122618e+00 5.396363703885958429e+00 5.562591370981321504e+00 5.692381226636409330e+00 5.770175971328845854e+00 5.971323350197314639e+00 6.018604913321231820e+00 6.194523239217896382e+00 6.366615592469083040e+00 6.524919117219471154e+00 6.803707407926523842e+00 6.994360807694572912e+00 7.205097690468982741e+00 7.289492717334295158e+00 7.380757949750980096e+00 7.527108591374845226e+00 7.624915384154006048e+00 7.730988399070001904e+00 7.983394188582453310e+00 8.051539575389849546e+00 8.276880928788706626e+00 8.369337348492887685e+00 8.527404201970053776e+00 8.715900194798864575e+00 8.742682269978908849e+00 8.988090256676029455e+00 9.085920275721022676e+00 9.235121251343894500e+00 9.342920938376384044e+00 9.514413951692445082e+00 9.642275066557084884e+00 9.752679606284306857e+00 9.928764737254116568e+00 1.000750590261532480e+01 1.014307004498998843e+01 1.030440615684179839e+01 1.042877940629271194e+01 1.065473675525772634e+01 1.073916087737640623e+01 1.083955355949266419e+01 1.097281058097831696e+01 1.117815375240347286e+01 1.152360075722565647e+01 1.170073938623611731e+01 1.189631197613493541e+01 1.204821999704537383e+01 1.213134229728456148e+01 1.221013005419906605e+01 1.224592593813062535e+01 1.250478695110593819e+01 1.256651505968832616e+01 1.266097938629461339e+01 1.275376735024697084e+01 1.298343606170787012e+01 1.305866892981418914e+01 1.324070615812961549e+01 1.333243041370789328e+01 1.346270348081577239e+01 1.366283745304792241e+01 1.367423165635371340e+01 1.383607995350722319e+01 1.402280935645792148e+01 1.406410026938742419e+01 1.412235022984205557e+01 1.420394783678077744e+01 1.434316787514612912e+01 1.455762355834931654e+01 1.468307857429314112e+01 1.483158630545072576e+01 1.487739944058906261e+01 1.495657592734283625e+01 1.501271364937575825e+01 1.513786575290349568e+01 1.527750505322933172e+01 1.534200972037997346e+01 1.545082640769276772e+01 1.565827818567578156e+01 1.579485138779254072e+01 1.586098347925351071e+01 1.598140031853318099e+01 1.611655830756364693e+01 1.630558139024408959e+01 1.653707933454134604e+01 1.669673158207201880e+01 1.678475479028881878e+01 1.691550710891688425e+01 1.701032029344737140e+01 1.733152572994992369e+01 1.739843006280408844e+01 1.770423571350026748e+01 1.788625694236516850e+01 1.838729953344721224e+01 1.873522991067909160e+01 1.902671702931919029e+01 1.958165941699035528e+01 1.981708538050994051e+01 1.992754977203158617e+01 2.012699895865546651e+01 2.033867427464846145e+01 2.037731673110971542e+01 2.090976948852302186e+01 2.139032826817409116e+01 2.180381982876199132e+01 2.199608517170458200e+01 2.207391030564998502e+01 2.300054382040237400e+01 2.487407400263609247e+01
1.570110616839240247e+00 1.756475989590444042e+00 2.016064464250079791e+00 2.133444566129765629e+00 2.241995929206338278e+00 2.302629650568678521e+00 2.427098020752913143e+00 2.475225632786735019e+00 2.524799516505491503e+00 2.609887494576817346e+00 2.661457791618095925e+00 2.795076520313477086e+00 2.868832700192691654e+00 2.982012200501982235e+00 3.020514812976712093e+00 3.123962126851184351e+00 3.208467070582076808e+00 3.263819504424648965e+00 3.409509859900174522e+00 3.474148629434545832e+00 3.562155063534016897e+00 3.587885414910370496e+00 3.678317207050939786e+00 3.826848257891356297e+00 3.940390222849754043e+00 4.052118330997001472e+00 4.170149907284575796e+00 4.243986477306189720e+00 4.315487731343692346e+00 4.377623179098433681e+00 4.507764537665161164e+00 4.565046183960109083e+00 4.749925277880798546e+00 4.846509286988686327e+00 4.925322380648970544e+00 4.981612761205537865e+00 5.226139340860073368e+00 5.304408920050875054e+00 5.422817191414860183e+00 5.553824603276843241e+00 5.669355375062119506e+00 5.753856790990607983e+00 5.943781916534447873e+00 6.001286121855963884e+00 6.156504366017676588e+00 6.347082642766283200e+00 6.531606728124662808e+00 6.806682499298622346e+00 6.957267527929006157e+00 7.211107971460939403e+00 7.275810714815677649e+00 7.345618708056136370e+00 7.507739900853271031e+00 7.627777637673093913e+00 7.704171543215750262e+00 7.924046447104874602e+00 8.017023284829535967e+00 8.237768070139242838e+00 8.338187572962610261e+00 8.486189167212117468e+00 8.629732794713378397e+00 8.697890446063745173e+00 8.907377359059937660e+00 9.024841479048181014e+00 9.204187026915027658e+00 9.311902946732065089e+00 9.448596280955563032e+00 9.643701116594325384e+00 9.766659469789955139e+00 9.919540750480241087e+00 1.001337138226714707e+01 1.007744183772782165e+01 1.026852072008844630e+01 1.042256914515632715e+01 1.064013910043194677e+01 1.071489811772578626e+01 1.077990018616573309e+01 1.098820121419339202e+01 1.116490233789233422e+01 1.141971118930968565e+01 1.162909309137578795e+01 1.177786173831768401e+01 1.198849636003619956e+01 1.205356164553072595e+01 1.216128299229348464e+01 1.222616514820617972e+01 1.247250941864259843e+01 1.251951144712571029e+01 1.256862963085074902e+01 1.271008376293060849e+01 1.290782688092573949e+01 1.303348025418149980e+01 1.318794343099566824e+01 1.329587297657459288e+01 1.344132218954823088e+01 1.364397344170088289e+01 1.370298954105854961e+01 1.380999030175374109e+01 1.398203636774051084e+01 1.407625233066051429e+01 1.413712235336288714e+01 1.419410830354086528e+01 1.437312099193943027e+01 1.453500024395510870e+01 1.471528717324357238e+01 1.487738558480186590e+01 1.490771690173136754e+01 1.494091911357252123e+01 1.504171323540160188e+01 1.515544533392434445e+01 1.530247441289248478e+01 1.534475952066524229e+01 1.544700403970287361e+01 1.565795615379452954e+01 1.580916668617988918e+01 1.585724946319797013e+01 1.602766271356770744e+01 1.615668473268334893e+01 1.636612235011337546e+01 1.646864217582817957e+01 1.673451856522808967e+01 1.686413378770687288e+01 1.697042963967274076e+01 1.705758795023244190e+01 1.735354667952815433e+01 1.745702914478790646e+01 1.776216285147933860e+01 1.795469727719969555e+01 1.835350157324210585e+01 1.876398323107465771e+01 1.899580214895700081e+01 1.955748938050605545e+01 1.981866366594444173e+01 1.999484185151673543e+01 2.019124651755940647e+01 2.031111626554427474e+01 2.039385466661489943e+01 2.096528964047005772e+01 2.142161671137345991e+01 2.179446146341913604e+01 2.203447198421035935e+01 2.209225259635544347e+01 2.293451631912686395e+01 2.494592590606837845e+01
1.569642330850056000e+00 1.718702823958474513e+00 1.968084019259074058e+00 2.082005394082777627e+00 2.202671102365325151e+00 2.232464342828463622e+00 2.375656764116485853e+00 2.411705972710270984e+00 2.495176673759373021e+00 2.584451921643251104e+00 2.645847205858418594e+00 2.816823345312849280e+00 2.850431673560985146e+00 2.973460849171055020e+00 3.032733985219438377e+00 3.145217480585870806e+00 3.213354411388238852e+00 3.272081413221722634e+00 3.428946745259546791e+00 3.479019629217404930e+00 3.560982419280952715e+00 3.591365911342708550e+00 3.681507063912397459e+00 3.843187136753516864e+00 3.964453131906596539e+00 4.081462256485538731e+00 4.188001545822490179e+00 4.279769313468670511e+00 4.354448865502186017e+00 4.403536541667644855e+00 4.505419920679619494e+00 4.598125207079128529e+00 4.740400458467155964e+00 4.858389073150299886e+00 4.917433425687398163e+00 5.004004333686834727e+00 5.184852643648084403e+00 5.289811274756507586e+00 5.441674485546368345e+00 5.532632912615380150e+00 5.686887663193820330e+00 5.750064709272489694e+00 5.917167127420771777e+00 5.988997197122191807e+00 6.132499209020079611e+00 6.314946086470622610e+00 6.568494603220765171e+00 6.799822247290293831e+00 6.932238342894023297e+00 7.205922209182797467e+00 7.252284915493654616e+00 7.338951542344493539e+00 7.471951440317848636e+00 7.625455467714218116e+00 7.687075525661551723e+00 7.865249072009494746e+00 7.977552485194413734e+00 8.167892041000984094e+00 8.314125043545535831e+00 8.436737534761949320e+00 8.564288160110876902e+00 8.663649183436229251e+00 8.836423040215287017e+00 8.968279713377892648e+00 9.149240990588172195e+00 9.280254908651025758e+00 9.381631625918553041e+00 9.616410673088923389e+00 9.772511475823751681e+00 9.902854511720493136e+00 9.976155821257620460e+00 1.006032700447146411e+01 1.018951565460107211e+01 1.045662391362058230e+01 1.060676488213024093e+01 1.067382632740963722e+01 1.073610115597758607e+01 1.100474414387413979e+01 1.114125555995206085e+01 1.130603970635570832e+01 1.156912083194254848e+01 1.163838303621965764e+01 1.191540925180616739e+01 1.196322445710936400e+01 1.208694028058685888e+01 1.220553664065725208e+01 1.238655357690748637e+01 1.242912061553442626e+01 1.253236138741223371e+01 1.269305850484564147e+01 1.280835423660790084e+01 1.301507944414392881e+01 1.315161279847305664e+01 1.326969087447494111e+01 1.341273451997970589e+01 1.361514744292896673e+01 1.371021432561760278e+01 1.379958166518018459e+01 1.393392335907277158e+01 1.408487603029062818e+01 1.412501031711121868e+01 1.421030979832802643e+01 1.440851662612961981e+01 1.452448956147706305e+01 1.472708326951548052e+01 1.490247184785466139e+01 1.492660807528393363e+01 1.495541015837157950e+01 1.507146072276167281e+01 1.516962491897402465e+01 1.529521543179642684e+01 1.535795661588999650e+01 1.545901421165444489e+01 1.567162182255502145e+01 1.579900564483003222e+01 1.586380762510472486e+01 1.609030255249692942e+01 1.619872242995697675e+01 1.638904063204770978e+01 1.646509267914936103e+01 1.677451283114617553e+01 1.693730294696689853e+01 1.703844562322873912e+01 1.710813923186676533e+01 1.736942014501418896e+01 1.752007843028693301e+01 1.782767701193746035e+01 1.802912572142095371e+01 1.832931613646766067e+01 1.878906231925088122e+01 1.896799421929314988e+01 1.952128494505366518e+01 1.979470608854081703e+01 2.003513017303436428e+01 2.023533540154057064e+01 2.027856356872563737e+01 2.043533916565530717e+01 2.100159186095765662e+01 2.142329788801378854e+01 2.177955358626591931e+01 2.206128817553979360e+01 2.211092936033554324e+01 2.286562395216648369e+01 2.498724775783760421e+01
1.522504096585882705e+00 1.663199714208298152e+00 1.885325526498254911e+00 2.000978317162834585e+00 2.108225799205895701e+00 2.161382576683086754e+00 2.262113502934623099e+00 2.320398130285246996e+00 2.460083851966756274e+00 2.545568837274083229e+00 2.651126831083476798e+00 2.807078244936517475e+00 2.834466890132194106e+00 2.964047491863726069e+00 3.040782493111231943e+00 3.162828787858179780e+00 3.214806054442182592e+00 3.280273807367733774e+00 3.445426327048117354e+00 3.467006058924917866e+00 3.536273097402154342e+00 3.581889516490571967e+00 3.693040370780017234e+00 3.839031101140878643e+00 3.947989075020016614e+00 4.086026304149261712e+00 4.184843480869393950e+00 4.225530810456443298e+00 4.378990476793221731e+00 4.428028889492010123e+00 4.539567195130048027e+00 4.638750801876761365e+00 4.735244194197577805e+00 4.815649262582009094e+00 4.934160452212883463e+00 5.027316878720160531e+00 5.141114781967914382e+00 5.277970013696089424e+00 5.441198776419916783e+00 5.547739406038508569e+00 5.689234885816707887e+00 5.758555514387841967e+00 5.905735604788818094e+00 5.966601925116955307e+00 6.127840064141159893e+00 6.297754862737550141e+00 6.611700765840549110e+00 6.775827292389744905e+00 6.925663495285039772e+00 7.175844156930447859e+00 7.226907406877129958e+00 7.353256219429711749e+00 7.427174472616584033e+00 7.609939613498128530e+00 7.671851134205396328e+00 7.819632208613874091e+00 7.942966776232975867e+00 8.069689311435007895e+00 8.266110041878704351e+00 8.423753315381793172e+00 8.514419966458669720e+00 8.631117527929930588e+00 8.775282129726464930e+00 8.919537070384393473e+00 9.072678736492532536e+00 9.236977453006151251e+00 9.335385770241261483e+00 9.557121318513202013e+00 9.759681256600757138e+00 9.864728264138493685e+00 9.906685071767631356e+00 1.006879457947869483e+01 1.012540087900897490e+01 1.045848875013602175e+01 1.056906503110290352e+01 1.063237079780039096e+01 1.070763123311176912e+01 1.101388505746870194e+01 1.108313220719025161e+01 1.121517221803168063e+01 1.150297159426342830e+01 1.152078329330148954e+01 1.179522110140939084e+01 1.188595471303336559e+01 1.201808825398550340e+01 1.214881019424308128e+01 1.226426740242967561e+01 1.238212674651259704e+01 1.245872762165542014e+01 1.266867053592764236e+01 1.273204854769627303e+01 1.298496754854796542e+01 1.313915867560751316e+01 1.325489898767878749e+01 1.338166492775279970e+01 1.358755890517022280e+01 1.366574844565240809e+01 1.381365612717427638e+01 1.390014002428222639e+01 1.404381958606368030e+01 1.411753800265502967e+01 1.424282442769704993e+01 1.443953539767494654e+01 1.453145757799950211e+01 1.472199249687035305e+01 1.490580791556479490e+01 1.492727954436703541e+01 1.499578871409958225e+01 1.509346976318197697e+01 1.518551645255790383e+01 1.526389522517657760e+01 1.537939446874234584e+01 1.548010807339321104e+01 1.571516408540773924e+01 1.578642618350295024e+01 1.589559350625872014e+01 1.615036126411318662e+01 1.623658811063670271e+01 1.635816295951815036e+01 1.653630920840463148e+01 1.681445989521890283e+01 1.699917784381509378e+01 1.710901834676247901e+01 1.715696127531644777e+01 1.738799940544276268e+01 1.758142054664370235e+01 1.789347260468552747e+01 1.810141410315469912e+01 1.831006350734456944e+01 1.880720012635729077e+01 1.894648052096737345e+01 1.946975471320122608e+01 1.975116233717218606e+01 2.002663706113721531e+01 2.022858425180435660e+01 2.029960821697042306e+01 2.048224248285614379e+01 2.101744758462462315e+01 2.139004126229593794e+01 2.176238761693457846e+01 2.208648190529289579e+01 2.212812944288136663e+01 2.279897613868673290e+01 2.499203089844251124e+01
1.412429025570234753e+00 1.585855089053434197e+00 1.742348142642011544e+00 1.879685901000915482e+00 1.991854839306315350e+00 2.066625823953988750e+00 2.094939699473485906e+00 2.246846305770846097e+00 2.411606798975292065e+00 2.508376252748082624e+00 2.643781891949574803e+00 2.765326980594317696e+00 2.836239113192864369e+00 2.943685005858538428e+00 3.046767993333925784e+00 3.166251218417363233e+00 3.209659450601145991e+00 3.286325084064232183e+00 3.425439773757144923e+00 3.459767561591633012e+00 3.505511546822002167e+00 3.566254887289241449e+00 3.701714651950761326e+00 3.817632347483241428e+00 3.898406653263120525e+00 4.060427576336787858e+00 4.135237021532196522e+00 4.197693683103008055e+00 4.339460750116775678e+00 4.445859831314770361e+00 4.552285774384241535e+00 4.639463464111504898e+00 4.740546792809616328e+00 4.780969833636690147e+00 4.959782044920266308e+00 5.028808207132929198e+00 5.128855046772224036e+00 5.285966202917115275e+00 5.438191087139208513e+00 5.571727080539205623e+00 5.677628447508389797e+00 5.755601578886839320e+00 5.913202324926489339e+00 5.942473265970069640e+00 6.134103197795695017e+00 6.307479255016843922e+00 6.634988673500354928e+00 6.752076419378465921e+00 6.930822265265065951e+00 7.135831604481596813e+00 7.198318464418952622e+00 7.312306816295868650e+00 7.432865962077659816e+00 7.574750528720845644e+00 7.647674712802911223e+00 7.785612542215852194e+00 7.929472977761783170e+00 7.960256928844755997e+00 8.201512359746324421e+00 8.420037000657170978e+00 8.490475005193186320e+00 8.591256898234391315e+00 8.726129085162600774e+00 8.879258784116863978e+00 8.985502625691326628e+00 9.183306468802090450e+00 9.305459822529281055e+00 9.482867423460819012e+00 9.700926312731917633e+00 9.821800909181817474e+00 9.836424832982125110e+00 1.001222980848582544e+01 1.013484702661998504e+01 1.037018918153732194e+01 1.054268139462755371e+01 1.062972702413761716e+01 1.068323513583291451e+01 1.097020888168423092e+01 1.101888592017083290e+01 1.115587861166085482e+01 1.140073789232469892e+01 1.147074566576258370e+01 1.164987223032634489e+01 1.179891785381334657e+01 1.195639654565382948e+01 1.208764172833192596e+01 1.214336950259617964e+01 1.228540360484188732e+01 1.240119839822090064e+01 1.262407140598035582e+01 1.269807452859854813e+01 1.294742165675310019e+01 1.311419255101351489e+01 1.325638877210048960e+01 1.335095292911085174e+01 1.356478454066077610e+01 1.360755475383534829e+01 1.381141579491525029e+01 1.385819049362967803e+01 1.400954545764124859e+01 1.411180419624838223e+01 1.426550657525736376e+01 1.445723574884905283e+01 1.455225122225473555e+01 1.471613165689205616e+01 1.489185576802353062e+01 1.492056836914194307e+01 1.502517767230242463e+01 1.509961397124883575e+01 1.517863253917635724e+01 1.526191749801632547e+01 1.540895964726850487e+01 1.551777557829321808e+01 1.574446731504971986e+01 1.581401920760360547e+01 1.594471738473039402e+01 1.619920843477674666e+01 1.625821869923282037e+01 1.635220947214763143e+01 1.660439866304985657e+01 1.685178570050392111e+01 1.704724792274446443e+01 1.716439346559812407e+01 1.720578996001382421e+01 1.741730201997044247e+01 1.763679540990341721e+01 1.795102072829542550e+01 1.815529406369720888e+01 1.829744375711534587e+01 1.880982444386789254e+01 1.893936061033723561e+01 1.940188553575384489e+01 1.969707390497153909e+01 1.997192546379519129e+01 2.020003277752982740e+01 2.034968467214017807e+01 2.052366172173039160e+01 2.101377681091786442e+01 2.132880092035929209e+01 2.174615216669289808e+01 2.211072135455943055e+01 2.214949410278006781e+01 2.274012821700963016e+01 2.495895096955353765e+01
1.216544675962908162e+00 1.455128638120374518e+00 1.541569145572812438e+00 1.694336822362168871e+00 1.850627852446580235e+00 1.912987731535515490e+00 2.007766996315099028e+00 2.175518021720860506e+00 2.359012879325077972e+00 2.463430778865027371e+00 2.593450937856378591e+00 2.724019100389682535e+00 2.842573860813939479e+00 2.901237421071353850e+00 3.050005537842645609e+00 3.144368217928939835e+00 3.198515775653880233e+00 3.269808738301162254e+00 3.376373268079018164e+00 3.438295884696437099e+00 3.499214778798065861e+00 3.559866070288007833e+00 3.669436047899763853e+00 3.782193689036833728e+00 3.851895633126483087e+00 4.019735168669583913e+00 4.085230687920106796e+00 4.132851356126359121e+00 4.289683426202266503e+00 4.448290304514260107e+00 4.537178166079065100e+00 4.612143287647653800e+00 4.715705277426504693e+00 4.793248156801071858e+00 4.939774921956134435e+00 5.039150006069355037e+00 5.160863485257714878e+00 5.304162375532471607e+00 5.435645929458652326e+00 5.592528539151071953e+00 5.663414213245882678e+00 5.742857872892176196e+00 5.907449289205178644e+00 5.940124457793599433e+00 6.147420548560543985e+00 6.336458012931124095e+00 6.618367109814585980e+00 6.745509372988510499e+00 6.940798546751885567e+00 7.099657278476555256e+00 7.158954185576379636e+00 7.235288558110187118e+00 7.445859946013497321e+00 7.524072369266704641e+00 7.631928411797775702e+00 7.757864407532657935e+00 7.835480437419456656e+00 7.951012861880433213e+00 8.141750024119319917e+00 8.364245446927082384e+00 8.501260539414436934e+00 8.552456023920509409e+00 8.694255335618322533e+00 8.837149292008485091e+00 8.909756802165544443e+00 9.127033964909131214e+00 9.270784270284627482e+00 9.416085234759531630e+00 9.604436445670842204e+00 9.736552183797742899e+00 9.801361989229063099e+00 9.948710891693680836e+00 1.013065797379108091e+01 1.026186756047927418e+01 1.048895283887575935e+01 1.061496156658714263e+01 1.069402879874382961e+01 1.086704045329504531e+01 1.094837209296485447e+01 1.113660833033400266e+01 1.132231167692207841e+01 1.142295260224039133e+01 1.149422425193038855e+01 1.170895915717086311e+01 1.189307128852215456e+01 1.201377120692935208e+01 1.204434029435903497e+01 1.215390989864519078e+01 1.237764645709927969e+01 1.257367592319265448e+01 1.267808094128625029e+01 1.290492641473690760e+01 1.306385619046849023e+01 1.324999829449362032e+01 1.332527291187112617e+01 1.351514432065628135e+01 1.357507026967719099e+01 1.375809719622222893e+01 1.384502232375977826e+01 1.399097242291823306e+01 1.410484847836364786e+01 1.427635058364458054e+01 1.446421888545430079e+01 1.457290662594146902e+01 1.471607082016355150e+01 1.486198414134764967e+01 1.490965260484111177e+01 1.502791387292323932e+01 1.508298356902844795e+01 1.516801363939132230e+01 1.530072717765586887e+01 1.544024471069327831e+01 1.557656096164881987e+01 1.574269666106737731e+01 1.588037855192964720e+01 1.599762701998463399e+01 1.620411233751623215e+01 1.628672459445455800e+01 1.638010899670920040e+01 1.665880913510563133e+01 1.688146846461839345e+01 1.707722855223244451e+01 1.720705311252538650e+01 1.724976318026350697e+01 1.745529313128484361e+01 1.768256336758810932e+01 1.797977111384616933e+01 1.816688740461905738e+01 1.831536269421514973e+01 1.879146811189056976e+01 1.895062281162628892e+01 1.933103829066888935e+01 1.963938998072824660e+01 1.988732888107312746e+01 2.017755807931371237e+01 2.039481266611070609e+01 2.055497903397918336e+01 2.099377476090718986e+01 2.125704516494660723e+01 2.173283191414761006e+01 2.213268470397570553e+01 2.217774502016352045e+01 2.269383501246676005e+01 2.489145092116860525e+01
9.081857650978435448e-01 1.170905921419446827e+00 1.317065443549147119e+00 1.503720500855759479e+00 1.688358823586801227e+00 1.790303046876555060e+00 1.937155442112092452e+00 2.105771569886886407e+00 2.300943507433321322e+00 2.397330558656603383e+00 2.502676810530566343e+00 2.683164824927660508e+00 2.817692106546396236e+00 2.858072322927280418e+00 3.027419485889808026e+00 3.090031693787052003e+00 3.188339409121419887e+00 3.222231593535813676e+00 3.343791544824858519e+00 3.399200498428708084e+00 3.508947864661656535e+00 3.539922939112104761e+00 3.596147478334424274e+00 3.744486153604938750e+00 3.831951847809954348e+00 3.982771385945443665e+00 4.032813970892344280e+00 4.053173549739676140e+00 4.254901207866686796e+00 4.424576091968489777e+00 4.529067351645271522e+00 4.567004862154008471e+00 4.687391568721130497e+00 4.779851690097787653e+00 4.914487965695788496e+00 5.061360214712630423e+00 5.192858204825004265e+00 5.323109001165375886e+00 5.434448189661584827e+00 5.596920669999661868e+00 5.661184350820413158e+00 5.733487361521467207e+00 5.895060370407005479e+00 5.942328940310700247e+00 6.167063027097194450e+00 6.366496458760145138e+00 6.584690904149216983e+00 6.737490366277048004e+00 6.940942216405715293e+00 7.057496355166148483e+00 7.109975112860337454e+00 7.180660409237177966e+00 7.370754906623664837e+00 7.518186846655209976e+00 7.619730405091611480e+00 7.710795290255716417e+00 7.769350530392734377e+00 7.953283392029811161e+00 8.098017371529646624e+00 8.283602317314732844e+00 8.450423688426432989e+00 8.560524094388338057e+00 8.677200153496240631e+00 8.773301060359917969e+00 8.873983946369783382e+00 9.076734884675083492e+00 9.209385147511673253e+00 9.378695986252649774e+00 9.492542876504520777e+00 9.648770841221674388e+00 9.746803044039127784e+00 9.883966142900851182e+00 1.007097156795667559e+01 1.019814584375360056e+01 1.040991835999589199e+01 1.057829418323092519e+01 1.070519215703938620e+01 1.077359999268756319e+01 1.084180148882980887e+01 1.113210705890864460e+01 1.126204808204491314e+01 1.133592023623724110e+01 1.137874272864655900e+01 1.163705235871598909e+01 1.180082426065091283e+01 1.189384281249220088e+01 1.198743979717241537e+01 1.207206702208729254e+01 1.235429780965671576e+01 1.251977295478822150e+01 1.265743965513508762e+01 1.285612865875894073e+01 1.299775010073905257e+01 1.321597580730449195e+01 1.329910559994018548e+01 1.344287812744492783e+01 1.355052538492960323e+01 1.369041685065597136e+01 1.385476091911958463e+01 1.397870769556898551e+01 1.408869122320697187e+01 1.428925847708281438e+01 1.445836578215050849e+01 1.458863835317078816e+01 1.471719031545842249e+01 1.481461389318790012e+01 1.490444583214021712e+01 1.498749911302018312e+01 1.507547980537334453e+01 1.517611617318640604e+01 1.534643881754094430e+01 1.547465012269043072e+01 1.563585568245098933e+01 1.574828333816225623e+01 1.590884001647781076e+01 1.603284899817123232e+01 1.619200952184336728e+01 1.634150689478846630e+01 1.642428494743026235e+01 1.669310612555918993e+01 1.690030334663860856e+01 1.709444741032617188e+01 1.724473316065755313e+01 1.728671962405098839e+01 1.748086930071178102e+01 1.771550825700046161e+01 1.794920871409509999e+01 1.818115012728503643e+01 1.835383595484131192e+01 1.875944675418200802e+01 1.896886665238058001e+01 1.928330758393034827e+01 1.957659690789196461e+01 1.979809548700874089e+01 2.016299579550051391e+01 2.042829948788196148e+01 2.057466157687788311e+01 2.096385741080822385e+01 2.118961447796688802e+01 2.172348861267400721e+01 2.215409381022994850e+01 2.220965213959328466e+01 2.266285359598158422e+01 2.479700913253339323e+01
3.765869526747847029e-01 7.430310877958408167e-01 1.040074350883879450e+00 1.352078094401660824e+00 1.533233806086702344e+00 1.661005941248781648e+00 1.861597609846048051e+00 2.048497251505189798e+00 2.208725687798319459e+00 2.298579672571289034e+00 2.418008071959228289e+00 2.612807306041721844e+00 2.720592092960320674e+00 2.840073357043946700e+00 2.943423456612045630e+00 3.063276810256421623e+00 3.150098916207014099e+00 3.200075832718633606e+00 3.284329034229856781e+00 3.377393527061496759e+00 3.452906672974299429e+00 3.513643763914140905e+00 3.589959177496548470e+00 3.697336979154749681e+00 3.819915759030100055e+00 3.963574085772036071e+00 3.981468049232837814e+00 4.008187508011846312e+00 4.223102735961242971e+00 4.383731408323725987e+00 4.494019522118033017e+00 4.543098888767249655e+00 4.655086223713005289e+00 4.742282032082998811e+00 4.905472845731912557e+00 5.071702193707903206e+00 5.219159773802811486e+00 5.327895157368971013e+00 5.437886340760019976e+00 5.579591517737756412e+00 5.672170503749351056e+00 5.735077188646622304e+00 5.892757787466275765e+00 5.933446333518388016e+00 6.188572101146861293e+00 6.377848055515617176e+00 6.560517741532943425e+00 6.719032337229900342e+00 6.908482002792177390e+00 6.988315949507280855e+00 7.068231477729093548e+00 7.168868845467479822e+00 7.268634591544544499e+00 7.503578450495799856e+00 7.554021371818578245e+00 7.685607812187451593e+00 7.767455458409795455e+00 7.926652988122815380e+00 8.071097820402163947e+00 8.191006271407211159e+00 8.387509189624385186e+00 8.550990116932489116e+00 8.642587145549075700e+00 8.723983206357413422e+00 8.856117681261531871e+00 9.043573998935826808e+00 9.136799525056032323e+00 9.332254334124355566e+00 9.404885949717366245e+00 9.562845339516801602e+00 9.660347118308280301e+00 9.818275393980412602e+00 1.000006274121133565e+01 1.015319608195251710e+01 1.031546145386324476e+01 1.053253444064303679e+01 1.063531122974885967e+01 1.070856565794593429e+01 1.076038485711148063e+01 1.110512270330614371e+01 1.117687746166958185e+01 1.124397003787740879e+01 1.133014577310327020e+01 1.158660755669445486e+01 1.166902033462628552e+01 1.180513614925809485e+01 1.192238444431056799e+01 1.203751336287425744e+01 1.232749192946371153e+01 1.245523742937499811e+01 1.262614988956947570e+01 1.280222896269084742e+01 1.292477090222531899e+01 1.315166741124621730e+01 1.326214419524150401e+01 1.338130241186722102e+01 1.349826600852761516e+01 1.364126354906976424e+01 1.383620580719242987e+01 1.398070481045675884e+01 1.407893561441651364e+01 1.431287724097898106e+01 1.443340047152955385e+01 1.460355073655552616e+01 1.471462966089450752e+01 1.475041409192990649e+01 1.489173889276966634e+01 1.493304013682132414e+01 1.508471640338623665e+01 1.519080652725994085e+01 1.538151983248940269e+01 1.550929228136662630e+01 1.564760515173690969e+01 1.577326403169995395e+01 1.583684202378891115e+01 1.606516097811435273e+01 1.623608376203076631e+01 1.640731056669442012e+01 1.647403328148341473e+01 1.670494349980184623e+01 1.691536813693501529e+01 1.710914514910860973e+01 1.726491249242609527e+01 1.732517070988964036e+01 1.747249471714336622e+01 1.773470025730689770e+01 1.790666567283631494e+01 1.822042459320906005e+01 1.838008894846405994e+01 1.872325160834351365e+01 1.898373235979870799e+01 1.927396764923477690e+01 1.951065264475328220e+01 1.972772358711619134e+01 2.015614470004736702e+01 2.044740741369812653e+01 2.058304867130940252e+01 2.093185348503367393e+01 2.113042752303210392e+01 2.171910478947063439e+01 2.217616323817868818e+01 2.224187373693240133e+01 2.264730436786309653e+01 2.468573419903419719e+01
-6.585621301869111210e-01 -2.445183918845209026e-01 7.399730141298095365e-01 1.201407318193511653e+00 1.382012199276817288e+00 1.522323400803401006e+00 1.770585841626711954e+00 1.997711686626632455e+00 2.036934486615717077e+00 2.212279009704278820e+00 2.354804988646999053e+00 2.464891061599920885e+00 2.661371999383014497e+00 2.759802768854298982e+00 2.888944190774964227e+00 3.018828519968677959e+00 3.102525551830003891e+00 3.184540120937185748e+00 3.231608211354048521e+00 3.355236455431425124e+00 3.385239922584545535e+00 3.504533990235238150e+00 3.596781903772353850e+00 3.660900204582524520e+00 3.813127462921258370e+00 3.933260458819713090e+00 3.966469250855678474e+00 3.994206467027450191e+00 4.191261179465437081e+00 4.340435999221423202e+00 4.430913205135652788e+00 4.534118362708562167e+00 4.618969390055734259e+00 4.713066652665308887e+00 4.894515075591708175e+00 5.063629863011302135e+00 5.246622667955865182e+00 5.316083406747509343e+00 5.437480586199199273e+00 5.562546428592265890e+00 5.678933593102569510e+00 5.745461220104382427e+00 5.897427165888604605e+00 5.919718437144712020e+00 6.206983176476266628e+00 6.361414452871809289e+00 6.552858701400066543e+00 6.692356225058026631e+00 6.842318554546566567e+00 6.924707126969408932e+00 7.018833722428825084e+00 7.139898114852027966e+00 7.210082608620062672e+00 7.437306262593947004e+00 7.490743503175451679e+00 7.691163457196238618e+00 7.772567171339849423e+00 7.880592009057665770e+00 8.029228606720231198e+00 8.115992278421401807e+00 8.327231633883448225e+00 8.509692857989888282e+00 8.573463089949948213e+00 8.701706702562809426e+00 8.837315607323866118e+00 8.997534860890054276e+00 9.104292947137743397e+00 9.224830150967262554e+00 9.381704273777987879e+00 9.469084090100535533e+00 9.568638782501677653e+00 9.752127956618055649e+00 9.944732046612841714e+00 1.008964410137732237e+01 1.023134772192580044e+01 1.046115304149910585e+01 1.052035441780069291e+01 1.062739891272905801e+01 1.072253965191301006e+01 1.104888775488396035e+01 1.106542163331947037e+01 1.121005015684505146e+01 1.129473014212264914e+01 1.149360230645128489e+01 1.159845105255320341e+01 1.172575137575312887e+01 1.187977858184101976e+01 1.200610486611870620e+01 1.229767278337453895e+01 1.237154020276214084e+01 1.257567929765210479e+01 1.274136926098431211e+01 1.284829557409509349e+01 1.306285897121176021e+01 1.322833950174508999e+01 1.332449921072675814e+01 1.342230702199620218e+01 1.360188892339125921e+01 1.379763821650203681e+01 1.394268310039367798e+01 1.412341571809158580e+01 1.433753109086454280e+01 1.439317788080865590e+01 1.460312338753306882e+01 1.466566569296733036e+01 1.471560035735586780e+01 1.485816067649483863e+01 1.488689692889785654e+01 1.509990207740927204e+01 1.520188248216712701e+01 1.537414629943198996e+01 1.553401075690203825e+01 1.557564654087966183e+01 1.577495668483438962e+01 1.583521530734864591e+01 1.609705508531184748e+01 1.631078972073110123e+01 1.647765256797848465e+01 1.652325925541624940e+01 1.670927277643886910e+01 1.693142874926395081e+01 1.711696079549669491e+01 1.726013771667983931e+01 1.736557130534226090e+01 1.745336804887543636e+01 1.774015445667789592e+01 1.790114212622997059e+01 1.825639712834447081e+01 1.838512156657764507e+01 1.869818526761971711e+01 1.899404114243451147e+01 1.928777534005316241e+01 1.946176182824568812e+01 1.968090082617852588e+01 2.015622435841987325e+01 2.045138094866884160e+01 2.058269036677518571e+01 2.090236264321622883e+01 2.107747581354847810e+01 2.172016359458562462e+01 2.219861696204800339e+01 2.227277210114504413e+01 2.264485923005748802e+01 2.456860522153936088e+01
-8.714642286241423008e-01 -6.239573377031566448e-01 4.714802513058145017e-01 1.041511069639947884e+00 1.236273336551475310e+00 1.379587282082703759e+00 1.673555545848889547e+00 1.776971609714325107e+00 1.979537795465580396e+00 2.112981202447791862e+00 2.296674567827194480e+00 2.331930271213199291e+00 2.607257490273849232e+00 2.691454746258560959e+00 2.813131470765060982e+00 2.973139944782675403e+00 3.071544450719467800e+00 3.136911353753562004e+00 3.224075805720703514e+00 3.313433393618315126e+00 3.359044331500716130e+00 3.489404006178794315e+00 3.584009890785557317e+00 3.660538335450024938e+00 3.804007162739846848e+00 3.914413497686134669e+00 3.954767203322551161e+00 4.008759240563602333e+00 4.160677998397590116e+00 4.295092287276703225e+00 4.373446900577959262e+00 4.514931914102649380e+00 4.589783985474530148e+00 4.697138863039855394e+00 4.877845630920326414e+00 5.038314696911434076e+00 5.254522806051170392e+00 5.318872950272308664e+00 5.418033352485441156e+00 5.562248557858711528e+00 5.681455183364441552e+00 5.752497996658428647e+00 5.883375312527389767e+00 5.926411434302115033e+00 6.218980256383811245e+00 6.329241417032956285e+00 6.549035113461335378e+00 6.652690180110480078e+00 6.774847122657296161e+00 6.867174053951444535e+00 6.961528931531782760e+00 7.075897350112145823e+00 7.189905691554123734e+00 7.346977590446659434e+00 7.454945035623363303e+00 7.679803056732120048e+00 7.758372211135879049e+00 7.831260323240360144e+00 7.961891328609735474e+00 8.081946528812903097e+00 8.264664305984124937e+00 8.432400367895365179e+00 8.507302454193046870e+00 8.681975438732548511e+00 8.815741034551958677e+00 8.932090133077638328e+00 9.058931526844190785e+00 9.154823454767603508e+00 9.344148556068638811e+00 9.387699319729305714e+00 9.500149098324147445e+00 9.676742702623135628e+00 9.891541929578091086e+00 1.001608185012984720e+01 1.016790335032270676e+01 1.035324573020540839e+01 1.040960173978908188e+01 1.056324764474504008e+01 1.066708890886525118e+01 1.095328539484098940e+01 1.099849566941286305e+01 1.117463999279523357e+01 1.125856099980182989e+01 1.137911047413028065e+01 1.157586396491374181e+01 1.166145622775408697e+01 1.185423237748172021e+01 1.197237813252179173e+01 1.225798583017902033e+01 1.227124938306926971e+01 1.251249176853463396e+01 1.264869698652240260e+01 1.277769796818294346e+01 1.298334339948034355e+01 1.317996722463611015e+01 1.326100183806377864e+01 1.334192208647279365e+01 1.355719120763175312e+01 1.376712433236573929e+01 1.389079778537216647e+01 1.416220697154744812e+01 1.432723409720918717e+01 1.435682327105772593e+01 1.453270907972247272e+01 1.464169147520860470e+01 1.471124742540779629e+01 1.480717922060019731e+01 1.486009743539417549e+01 1.506111138620169498e+01 1.522412755329212786e+01 1.533560424924499799e+01 1.552488788872224923e+01 1.558497554120593342e+01 1.578225881602222991e+01 1.587366106388460629e+01 1.611995737937576578e+01 1.638760704706137972e+01 1.654210235599722623e+01 1.656979045275467755e+01 1.672786112566812733e+01 1.693685613655017974e+01 1.711072500665451912e+01 1.725233523739444763e+01 1.739868249080564055e+01 1.745850802469283991e+01 1.772814051881661968e+01 1.792118883327983170e+01 1.826229061818164467e+01 1.839336405183729184e+01 1.869426420449646287e+01 1.899459704853581954e+01 1.929280190935395112e+01 1.945733170600543005e+01 1.965243631133776248e+01 2.016213037066498259e+01 2.044171272720994992e+01 2.057787401525158444e+01 2.087558382939141666e+01 2.102929338166449824e+01 2.172596574450203022e+01 2.222051063831967355e+01 2.230154123518348186e+01 2.265163064001442095e+01 2.445579183517425292e+01
-8.956286224601539558e-01 -6.603630164377479739e-01 3.905598361099494875e-01 8.809574453446639142e-01 1.109160600833564825e+00 1.236929354365954747e+00 1.495404458996302921e+00 1.607508712422944130e+00 1.920933851508497048e+00 2.010030540305678404e+00 2.234677164718903430e+00 2.285144424607348235e+00 2.535273339964298156e+00 2.671463281827402003e+00 2.736835837741169453e+00 2.918795187702750038e+00 3.035856696686140221e+00 3.109743736060839314e+00 3.228015401605231371e+00 3.273768466735391680e+00 3.343026177813446242e+00 3.478709714199851089e+00 3.565723329797705343e+00 3.675617937821413328e+00 3.789781348860115084e+00 3.913786912561860731e+00 3.944029364139514993e+00 4.033457459023513714e+00 4.134481745689051024e+00 4.238126006425201986e+00 4.340477426833969865e+00 4.494311749080555529e+00 4.567805274856543640e+00 4.688624300067657735e+00 4.859068678287947307e+00 5.002624333874496010e+00 5.226646058953313911e+00 5.352062581564043242e+00 5.385996110265362624e+00 5.575081615018127046e+00 5.680324606416586875e+00 5.746190716580105828e+00 5.870245135680714377e+00 5.937465028135961553e+00 6.220403371921207736e+00 6.299809630835559560e+00 6.537699594695454586e+00 6.595712805518206601e+00 6.721023287620462305e+00 6.824445692215651782e+00 6.903272555101405139e+00 7.023852361427535662e+00 7.138658953619083647e+00 7.275589733504360446e+00 7.418891853507763479e+00 7.626999571544118339e+00 7.714785417655251720e+00 7.790318177213602979e+00 7.913170831378732117e+00 8.064722505325223167e+00 8.201675617975714871e+00 8.328205384831129265e+00 8.454545282936697603e+00 8.651545334268167409e+00 8.782832496458793159e+00 8.881223061513262351e+00 8.967173539659619053e+00 9.122687246089231650e+00 9.247141740289402279e+00 9.375828539431067199e+00 9.442501884375460008e+00 9.598840651672240654e+00 9.825159837110925665e+00 9.947450597380903758e+00 1.010621726816463983e+01 1.025703926730176363e+01 1.029835957418588421e+01 1.051125443937018744e+01 1.060488625667321649e+01 1.085590007719497585e+01 1.093117311300298766e+01 1.113706880413735689e+01 1.119151411106842708e+01 1.131601503639252471e+01 1.152384415403468942e+01 1.163275880478856195e+01 1.183861049182043246e+01 1.194669509924023387e+01 1.214566543036548296e+01 1.222717416980824190e+01 1.244363102530366305e+01 1.251949792084954893e+01 1.272563450275245600e+01 1.293039494061315864e+01 1.307905963527638704e+01 1.319014975030886561e+01 1.328856096153094946e+01 1.351463933313567090e+01 1.374735829702586187e+01 1.385702991760002334e+01 1.409690745797555955e+01 1.428655674956314670e+01 1.435357224955249222e+01 1.450552932046615062e+01 1.462937283113512343e+01 1.469914958404020844e+01 1.477883537924566859e+01 1.483332387304028188e+01 1.500342595451499150e+01 1.526208224376520128e+01 1.534384757601786653e+01 1.552686512741726865e+01 1.561348231021636224e+01 1.579921839687655982e+01 1.590004690660530962e+01 1.613449915684481439e+01 1.645326008628402548e+01 1.658464768303984016e+01 1.662463428034765300e+01 1.676397323963211861e+01 1.692156248247091455e+01 1.710759984329952488e+01 1.725428496700162384e+01 1.741481593111270954e+01 1.748733262811268574e+01 1.770290323536992716e+01 1.794940713230959517e+01 1.824079602981998249e+01 1.842035444303211733e+01 1.870397671209061130e+01 1.897328887852609114e+01 1.929335349903568186e+01 1.948560840166255659e+01 1.964080819287161717e+01 2.017243750213151188e+01 2.042323967915573135e+01 2.057208867384404627e+01 2.085004243672554480e+01 2.098640473565050968e+01 2.173470464156295634e+01 2.224067523606494134e+01 2.232748401438770358e+01 2.266330893478963660e+01 2.435547408076663700e+01
-7.959515554195684128e-01 -5.374280459115278186e-01 5.390346018685285845e-01 7.514933614974825815e-01 1.006407348811829250e+00 1.119211480350330135e+00 1.259139589019627969e+00 1.561811361410145427e+00 1.833039199367145766e+00 1.967816201458014724e+00 2.187226283852827358e+00 2.271381988255188222e+00 2.469686834517778262e+00 2.642213509114257342e+00 2.727094674472774205e+00 2.844630664314577118e+00 3.001911082022536537e+00 3.103369347197588723e+00 3.231992082612375139e+00 3.254027348793589791e+00 3.315594683684957023e+00 3.484342183839313378e+00 3.555030323283015381e+00 3.687867357445974381e+00 3.774505872503801207e+00 3.909055728527679019e+00 3.949731309750780017e+00 4.048585640774469141e+00 4.121715672241634820e+00 4.181810522510486017e+00 4.326803212838074231e+00 4.480498394624397029e+00 4.548948931456768818e+00 4.682490238673673311e+00 4.843431412505187161e+00 4.965023182699146886e+00 5.190391542237603240e+00 5.346598586126624753e+00 5.389909108172707519e+00 5.586915831717839787e+00 5.669426203454005275e+00 5.737024262463587654e+00 5.874293951236663425e+00 5.940810660883994565e+00 6.203615258799627163e+00 6.289190965770236730e+00 6.508459005622883708e+00 6.543440916404224872e+00 6.677688911658795412e+00 6.804674903174529277e+00 6.846679888570153416e+00 6.975993497041907965e+00 7.073052581008711925e+00 7.212331832791495145e+00 7.375161919566685320e+00 7.536791703399366327e+00 7.667442021684369280e+00 7.751079354659760945e+00 7.886468891729595754e+00 8.051930706672301596e+00 8.144038597376418664e+00 8.223180700042693303e+00 8.395615724049747541e+00 8.606608119044729222e+00 8.735047871731001834e+00 8.846127433952073460e+00 8.905418855814978940e+00 9.067389843576592057e+00 9.154173828871099872e+00 9.328764808846711887e+00 9.401223633613456698e+00 9.559864737682479685e+00 9.739125954346951275e+00 9.844142638364047571e+00 1.005815243549156435e+01 1.017852387985883134e+01 1.024314995574167142e+01 1.046114009979272552e+01 1.055218745267807634e+01 1.074024490952146493e+01 1.087788833220350249e+01 1.109259489346585070e+01 1.112578651914738437e+01 1.128255469451115189e+01 1.145330565966922087e+01 1.162911819515171352e+01 1.183135108496245635e+01 1.193281272791518433e+01 1.204553138942059576e+01 1.218368423302005610e+01 1.234266168568862909e+01 1.242756443446042169e+01 1.268423462018416714e+01 1.289588909213243184e+01 1.296190070874582823e+01 1.311520106690703180e+01 1.325425173308517657e+01 1.348823377984369820e+01 1.373040171060362979e+01 1.385127395634172487e+01 1.398624748111598493e+01 1.423887874603924431e+01 1.437789229436519101e+01 1.451805773588962012e+01 1.459926353184349601e+01 1.468802969134705272e+01 1.477614509498804196e+01 1.481359754230014047e+01 1.497984466098318457e+01 1.528957526376574982e+01 1.538037182970523808e+01 1.552741587816120550e+01 1.563771908410430278e+01 1.582007253657050150e+01 1.591384882766913655e+01 1.614218399833389839e+01 1.650423389936542051e+01 1.660879906766769665e+01 1.667967674356517094e+01 1.680556360730967569e+01 1.690174744771209348e+01 1.711668224810074079e+01 1.725559883651377291e+01 1.741327358902470834e+01 1.752609754440658563e+01 1.767732786361669994e+01 1.797615518447124927e+01 1.821688540351405194e+01 1.845044169402851963e+01 1.871780527162463059e+01 1.892911076860315234e+01 1.931018707935969658e+01 1.950808621958497469e+01 1.964930041954447049e+01 2.018523179532026646e+01 2.040282112759704702e+01 2.056667395504038609e+01 2.082542656266845071e+01 2.095045719818706331e+01 2.174415735541729688e+01 2.225790388086619132e+01 2.234966574258873706e+01 2.267606890282931786e+01 2.427339118224979231e+01
-5.934258456937469006e-01 -3.264506421355286014e-01 5.230659451420754946e-01 6.958503580025704460e-01 1.002169872194292433e+00 1.081347003159596198e+00 1.132882299711915897e+00 1.553010774032099306e+00 1.769687526390638421e+00 1.957746517864733526e+00 2.148033762437834504e+00 2.271217561652645767e+00 2.416821005397789879e+00 2.607590747734831460e+00 2.741589224505128541e+00 2.796781447761211403e+00 2.967117298754549992e+00 3.113209498653980667e+00 3.231610577416945240e+00 3.250504787244788307e+00 3.287176354829226987e+00 3.500901372923964860e+00 3.555468390453064398e+00 3.690131165968654425e+00 3.763835887667493552e+00 3.901155026082149924e+00 3.962440630997468460e+00 4.031052169709378852e+00 4.129371360601143515e+00 4.152004401078612794e+00 4.321040368552531596e+00 4.472156868536638186e+00 4.533805141586654486e+00 4.675298041160185214e+00 4.834616389026498595e+00 4.934306033052872742e+00 5.154890350783957409e+00 5.320007808035645880e+00 5.404506579979759806e+00 5.576971221157012160e+00 5.664000665962509729e+00 5.744305196929384572e+00 5.887467181484260514e+00 5.938370688089689153e+00 6.173924031479303132e+00 6.295028833013923020e+00 6.460849775758902069e+00 6.515489008094768053e+00 6.650729925645408436e+00 6.789704001338645156e+00 6.798083282835577279e+00 6.931932910061886055e+00 7.013893317896232382e+00 7.157705842226351756e+00 7.307546130017400721e+00 7.462164530275464891e+00 7.619425623908800738e+00 7.721015016280730059e+00 7.868433472161928677e+00 8.023531038071965327e+00 8.076130870207341772e+00 8.152648503638081579e+00 8.327743136273147329e+00 8.567814492613530675e+00 8.685073955767737885e+00 8.805292564715269776e+00 8.884394228063511534e+00 8.983620599526448203e+00 9.078285786220551046e+00 9.251061512112878304e+00 9.376654094751796009e+00 9.544451508075615820e+00 9.642487943823383034e+00 9.757389784409976841e+00 1.003162837558281772e+01 1.013680984995213308e+01 1.023544585745243296e+01 1.041180498148745137e+01 1.051400298579694592e+01 1.062759844744136117e+01 1.084484546257352733e+01 1.104507329417843131e+01 1.108550076779676097e+01 1.124973688918646886e+01 1.140482546654762785e+01 1.163508271945959649e+01 1.182562248857026788e+01 1.191568798548513008e+01 1.199433980064863547e+01 1.213957640576166952e+01 1.223895838566460625e+01 1.238172512462951502e+01 1.264874593923040536e+01 1.284747264302819936e+01 1.289448971533920485e+01 1.305741522668113319e+01 1.322255471291966344e+01 1.347454634104041382e+01 1.371553997591838758e+01 1.386516003719257561e+01 1.391451036715659662e+01 1.417931468430533926e+01 1.440033586965236090e+01 1.452144526874013586e+01 1.458536201347330952e+01 1.467454685546156767e+01 1.477746986521940542e+01 1.481496475650594391e+01 1.497538019138501220e+01 1.530537416889642977e+01 1.542197835303113429e+01 1.552358261086069291e+01 1.565507354187960232e+01 1.584143018603650077e+01 1.591864695118027484e+01 1.614560512556886351e+01 1.654054464530694091e+01 1.662166432624141521e+01 1.671641021560818530e+01 1.684349710127007782e+01 1.689991393048078194e+01 1.712989594680229999e+01 1.724981893090032870e+01 1.739927091663809833e+01 1.756289904533695889e+01 1.766114577671997310e+01 1.799690072300097654e+01 1.819856645669263884e+01 1.847472130251109590e+01 1.873143027330222310e+01 1.887734247223130168e+01 1.933936901356851479e+01 1.951010206364885491e+01 1.967268550690380380e+01 2.019793230317723243e+01 2.038602595131638040e+01 2.056199174590932088e+01 2.080374153691305139e+01 2.092324846857133025e+01 2.175234009868922058e+01 2.227109007031998544e+01 2.236688213270370440e+01 2.268702215371742881e+01 2.421305134766354072e+01
-3.181735841312474666e-01 -1.282370946492356056e-01 2.981291141348555440e-01 7.253886022061474259e-01 1.010174784305289952e+00 1.092528436291542837e+00 1.180154662267657750e+00 1.566098976739362492e+00 1.740241051146383944e+00 1.960400796057677031e+00 2.121103888413649941e+00 2.273337481323274734e+00 2.384067761938519769e+00 2.582158785506998289e+00 2.692393651117872988e+00 2.829564438448277652e+00 2.946925959984912247e+00 3.130626084702653689e+00 3.221855383228667158e+00 3.249477656788747115e+00 3.276678848295865976e+00 3.512529137598687790e+00 3.569041789556109290e+00 3.681579133649622637e+00 3.762210440535151523e+00 3.894679696016995596e+00 3.972264391351452151e+00 4.000065318921491198e+00 4.121620587363323374e+00 4.166036190060474098e+00 4.318742333633426078e+00 4.466045261788589293e+00 4.524140666086071683e+00 4.667421711257047967e+00 4.831075074733814034e+00 4.917464054942967344e+00 5.126420462452947469e+00 5.304184427913994249e+00 5.401791211075930299e+00 5.554593959132244407e+00 5.672415368788020551e+00 5.760574750477196027e+00 5.897499638312642567e+00 5.935701608505207005e+00 6.146972710729813549e+00 6.304975362492501567e+00 6.426189081642654344e+00 6.496357981851654806e+00 6.639598242965058184e+00 6.744786951333800573e+00 6.793199962415783055e+00 6.904441248713061974e+00 6.962494243845577024e+00 7.129590433010501549e+00 7.230661897748266398e+00 7.428523044492032490e+00 7.580951762941155359e+00 7.703807700530486358e+00 7.856832746081452434e+00 7.931184728832684883e+00 8.046892995902910073e+00 8.125858973678857566e+00 8.272990445269090998e+00 8.553062831978868630e+00 8.638346409923496338e+00 8.762293178867945898e+00 8.874561749178276671e+00 8.916198796969590390e+00 9.026181564390983070e+00 9.211950919585165209e+00 9.341376952295357583e+00 9.507012854426012183e+00 9.624215540603682228e+00 9.709970582414957363e+00 1.001516087085469131e+01 1.012299793054923214e+01 1.024725112293671359e+01 1.037079792348914076e+01 1.049008185749243438e+01 1.054953631030689643e+01 1.082804504538075996e+01 1.101306107687763003e+01 1.105898533002302742e+01 1.122434588979971259e+01 1.138371712753302312e+01 1.164402633433515888e+01 1.181549051248324744e+01 1.189346587426648938e+01 1.198926601357572785e+01 1.210432142322704863e+01 1.217447390077881764e+01 1.235488047552488311e+01 1.262230054858718731e+01 1.279276330462879763e+01 1.287875015387791855e+01 1.302512921748760988e+01 1.319842579389734283e+01 1.346698265571468944e+01 1.370400128906281445e+01 1.386163632770155552e+01 1.391110857099650921e+01 1.412098202479728570e+01 1.441420931691520835e+01 1.450697848307870785e+01 1.459795177572965130e+01 1.465827033975024207e+01 1.477926203000013317e+01 1.482508279123126727e+01 1.497650991295730272e+01 1.531395939878132673e+01 1.545425105840909197e+01 1.551686106094145323e+01 1.566522619913889613e+01 1.585848471903122991e+01 1.591845864009586364e+01 1.614709279832295863e+01 1.655941416144957046e+01 1.663022353602593739e+01 1.673029627815317966e+01 1.687175567927141628e+01 1.691378291748668161e+01 1.714213470212594714e+01 1.723742834525315715e+01 1.738372727823790598e+01 1.758876505420747804e+01 1.765489383749435603e+01 1.800971546590093553e+01 1.818680961549197050e+01 1.849017170641932140e+01 1.874343287675882408e+01 1.883518689416844438e+01 1.936779611383358812e+01 1.950096739034349724e+01 1.969411217603935071e+01 2.020744646781840359e+01 2.037557451654724616e+01 2.055859495116635927e+01 2.078854757844094436e+01 2.090624498734117509e+01 2.175781285653064501e+01 2.227936341363668049e+01 2.237787039885749252e+01 2.269427734946263797e+01 2.417631008897731348e+01
-7.908712862874248215e-04 -5.477550450811999793e-04 1.230949720255571107e-07 7.631602170421228903e-01 9.937276593492734289e-01 1.111590384763173844e+00 1.220936000096025653e+00 1.575394931779806829e+00 1.734436815760900030e+00 1.962275694166910611e+00 2.111791660638515644e+00 2.273850406116805889e+00 2.373499893839638997e+00 2.573142263866612378e+00 2.664561932448196835e+00 2.850693484650374199e+00 2.940436176294077608e+00 3.140664367776369481e+00 3.214863245065724850e+00 3.246991076181858116e+00 3.277372924613975336e+00 3.515534050981060865e+00 3.579339272709097131e+00 3.674878165991007251e+00 3.763648492638861587e+00 3.891648528589713774e+00 3.977754686242562787e+00 3.984133584253677807e+00 4.117795991486091545e+00 4.175034113429751947e+00 4.318250940474827715e+00 4.463294914013747672e+00 4.520860391237293996e+00 4.663668880262303418e+00 4.829895628713577693e+00 4.913274964643382425e+00 5.114919438590418643e+00 5.299498382807874997e+00 5.397296268141433373e+00 5.544929151279966106e+00 5.677189231395887603e+00 5.769254630614758739e+00 5.899721310351086601e+00 5.935357139397599013e+00 6.136134792091335832e+00 6.309937753908029912e+00 6.413858300353315833e+00 6.488867974729473076e+00 6.637230977476455074e+00 6.726629989067038018e+00 6.791658973652890730e+00 6.896159687483635281e+00 6.940205800572209149e+00 7.123702199420097081e+00 7.196477823170178034e+00 7.420472820432959082e+00 7.565570705451549749e+00 7.698569422126372963e+00 7.849675105570051770e+00 7.883146910462073720e+00 8.039053368322472082e+00 8.120570655368631208e+00 8.250957858785733734e+00 8.558945602357546534e+00 8.607756133036980728e+00 8.744596549319810563e+00 8.865547629806528107e+00 8.902040283297425916e+00 9.006781359739129300e+00 9.202116274087192238e+00 9.323807033592425242e+00 9.492561289632169164e+00 9.630003400743166964e+00 9.691749988370052193e+00 1.000984121728888354e+01 1.011970700989957983e+01 1.025698434617854282e+01 1.035256754400168688e+01 1.048128302131299527e+01 1.052227292199055420e+01 1.082307593381787747e+01 1.100190148230670673e+01 1.104920212311998462e+01 1.121539405113656684e+01 1.137821113954839625e+01 1.164838789456670654e+01 1.180968068484838618e+01 1.188491364741690681e+01 1.199231693623880801e+01 1.209098620493962351e+01 1.215278838908652226e+01 1.234566121419778817e+01 1.261220642245331902e+01 1.277336520719951096e+01 1.287451961865483696e+01 1.301541374501612225e+01 1.318935246828286978e+01 1.346434433631004879e+01 1.369934932779882608e+01 1.385324255703534213e+01 1.392778414974921475e+01 1.409219822181306014e+01 1.441920036691281659e+01 1.449976342658844430e+01 1.460688916446595798e+01 1.464952044407997178e+01 1.478040049306883397e+01 1.482974985809199353e+01 1.497742960937901735e+01 1.531674075428876236e+01 1.546759413017158558e+01 1.551238362258664694e+01 1.566854113151235417e+01 1.586530198980121398e+01 1.591754397404619148e+01 1.614755557796420860e+01 1.656393211936473975e+01 1.663467639432486322e+01 1.673269885076497943e+01 1.688198809645243514e+01 1.692256585715723105e+01 1.714826881574845174e+01 1.722939546195627969e+01 1.737737043314434260e+01 1.759784856044158730e+01 1.765386507578847741e+01 1.801400932197802263e+01 1.818265380234356599e+01 1.849547840948793009e+01 1.874959817002737594e+01 1.881771256317571783e+01 1.938041456307775690e+01 1.949499816477447212e+01 1.970231504991761895e+01 2.021100179181367906e+01 2.037209548294549677e+01 2.055731810821907857e+01 2.078306266859091167e+01 2.090045194781846405e+01 2.175972956417570003e+01 2.228218179920632380e+01 2.238165578725273974e+01 2.269680345917514330e+01 2.416398875471718455e+01
2.363846196403735500e-01 2.704902563245075720e-01 5.562383386069943425e-01 6.837525539905220384e-01 8.260223286908365825e-01 1.228007013893107402e+00 1.294965282071586676e+00 1.544028518635976788e+00 1.656755434168953656e+00 1.826610303068926244e+00 2.010902732858098396e+00 2.253020392354788015e+00 2.418325380137678504e+00 2.570504553557226401e+00 2.847206163320775030e+00 2.860881570327665546e+00 2.960306184685674413e+00 3.126876247322393887e+00 3.207382573379602420e+00 3.242503308494325776e+00 3.303546531871810021e+00 3.528025470044245715e+00 3.577269915710467263e+00 3.670161173600926752e+00 3.771739290334259920e+00 3.877724066079488274e+00 3.947843082531075076e+00 3.989921996428025253e+00 4.121421763373146696e+00 4.174457449549878518e+00 4.232596593143267860e+00 4.461540443140459722e+00 4.511775312763742996e+00 4.639680479877868358e+00 4.858873732874418039e+00 4.992262365687981429e+00 5.124112167488418024e+00 5.290665781438590010e+00 5.404057439069759994e+00 5.524531213669095386e+00 5.681350769380865806e+00 5.766792642555046200e+00 5.891746444071055855e+00 5.946927455118945716e+00 6.155559883656415820e+00 6.303734477560516858e+00 6.412252965304310770e+00 6.496548266671934968e+00 6.623996129883003015e+00 6.733696598072161699e+00 6.790096088078427350e+00 6.892594323311772797e+00 6.971915360174160803e+00 7.119795070727406916e+00 7.200531286295126954e+00 7.419153764195906220e+00 7.558198928194869382e+00 7.694563618423599927e+00 7.850742307385399243e+00 7.890962633124398273e+00 8.038067320453974318e+00 8.132160945663301277e+00 8.256449721563805966e+00 8.564597863334022065e+00 8.652567783626274434e+00 8.739072060311285028e+00 8.864689400452082424e+00 8.922180886130165689e+00 9.007851630987815383e+00 9.254216891248656651e+00 9.332538786596291658e+00 9.512573215875452348e+00 9.613296916679679782e+00 9.732018707289299186e+00 1.002523523122923521e+01 1.011912410500688253e+01 1.024254222164089789e+01 1.037088392491186895e+01 1.050103613313769202e+01 1.053678798844430275e+01 1.080179519430342516e+01 1.101409891641880989e+01 1.108872820066022946e+01 1.125324359976404942e+01 1.142586793268459822e+01 1.168057999693414928e+01 1.179486177571740946e+01 1.189771625745822625e+01 1.197924954907872142e+01 1.210361372158276438e+01 1.215884907762245248e+01 1.234323423502099537e+01 1.264814299635154349e+01 1.276864088342084891e+01 1.292639074142224409e+01 1.300041568680870085e+01 1.319016355912691019e+01 1.346874714135670636e+01 1.369230936871351467e+01 1.383182094950750241e+01 1.392851347783612148e+01 1.405510934447200100e+01 1.439919869922886164e+01 1.448076244550761693e+01 1.456443821867298105e+01 1.461604595867036771e+01 1.479192846606073530e+01 1.481187778663227128e+01 1.495269761240987982e+01 1.522156076106766953e+01 1.533272882738837595e+01 1.549891504680503296e+01 1.569185134781756652e+01 1.581162690481226996e+01 1.591021513671851295e+01 1.604280592928164850e+01 1.652245574623915658e+01 1.663320542950644310e+01 1.668553668991595629e+01 1.683538671833836631e+01 1.700006390369136966e+01 1.709436970927800559e+01 1.732531443339287947e+01 1.737754853781162012e+01 1.758857458111118177e+01 1.767396347538240420e+01 1.799618309515297909e+01 1.817650755981498989e+01 1.849478563814800580e+01 1.877238451274430631e+01 1.904811246555086157e+01 1.937317443902281155e+01 1.949462883133436364e+01 1.968391659618569278e+01 2.020514701396976776e+01 2.038105924759569021e+01 2.055808293261091535e+01 2.078226047687844513e+01 2.090010628880855492e+01 2.176013596696908081e+01 2.228160127178533756e+01 2.238137868356071891e+01 2.269676570251866465e+01 2.416404626246491105e+01
4.156258900960129732e-01 4.838524474420440313e-01 5.234353529799196103e-01 6.054680086104127223e-01 1.024905789365960995e+00 1.274598254795889840e+00 1.304477411419331156e+00 1.405245841360872161e+00 1.542939808046425831e+00 1.714581631789161786e+00 2.030008368497701277e+00 2.231360585233677085e+00 2.417480183351634615e+00 2.585833575215153335e+00 2.846418089609156432e+00 2.976818530664696816e+00 3.006694522108836587e+00 3.121731036637736878e+00 3.200505231750746304e+00 3.242002314836864851e+00 3.330447270857632258e+00 3.560327884949322286e+00 3.565126210561661679e+00 3.657017804493713609e+00 3.791825029735662600e+00 3.842466104965474027e+00 3.904403414761122626e+00 3.991394673423882988e+00 4.123410252048771873e+00 4.158466457514589543e+00 4.185870985611789052e+00 4.430359554702552494e+00 4.555812893814168874e+00 4.609341657982142237e+00 4.858266495882414659e+00 5.072641599545874236e+00 5.146387903891902482e+00 5.268891004773806230e+00 5.409293578193898888e+00 5.507640981900887134e+00 5.680719091434990098e+00 5.766374764820686671e+00 5.887683089311307683e+00 5.951879433690838717e+00 6.178096381954821581e+00 6.293403941043177241e+00 6.405635745280372717e+00 6.516750072311384478e+00 6.603320194629441531e+00 6.740413599423964008e+00 6.788522270874616460e+00 6.891069319949262528e+00 6.998697685074035668e+00 7.116092563632716583e+00 7.205215402814191705e+00 7.418791227503392705e+00 7.549292517227176980e+00 7.690589870535519346e+00 7.852306821671269255e+00 7.896997114289729502e+00 8.037543196830604586e+00 8.140647067747895704e+00 8.258978689221843084e+00 8.565374877635170137e+00 8.686779401999530137e+00 8.735752359814965118e+00 8.866078572474787478e+00 8.937185037864949777e+00 9.008951903663087180e+00 9.285461679665958812e+00 9.352809502511391315e+00 9.536182283254490244e+00 9.599040676699889474e+00 9.776540343472980510e+00 1.004885108089235679e+01 1.011974067874881555e+01 1.022483317168199157e+01 1.038554031141107181e+01 1.050524390326631163e+01 1.057405989803535995e+01 1.077105696334151830e+01 1.102169234763446148e+01 1.109982515080764998e+01 1.135557731322730746e+01 1.147506252391202075e+01 1.174084008290541448e+01 1.177670458116697105e+01 1.191201309845941303e+01 1.199200420804545786e+01 1.212178124237530064e+01 1.217026927346843124e+01 1.233624279212541630e+01 1.274315059054212007e+01 1.277068710135270280e+01 1.294384967623718197e+01 1.313703324120510629e+01 1.317563593322803506e+01 1.350103888091610216e+01 1.355902432495745025e+01 1.372300360426006627e+01 1.389885144932178740e+01 1.396612934111166560e+01 1.427368272216074274e+01 1.444568776119835718e+01 1.452148364806036440e+01 1.460586601940247498e+01 1.475046251932034558e+01 1.483824622936844406e+01 1.492420738961847881e+01 1.507397197930123767e+01 1.532093235628785166e+01 1.549737909064682029e+01 1.570982345590230445e+01 1.577441805322570545e+01 1.590213953953074189e+01 1.600773929661409412e+01 1.650391629603987553e+01 1.663253462947346151e+01 1.667426868977418053e+01 1.683054557488182468e+01 1.702355042455166156e+01 1.707476554231302757e+01 1.735915515623267424e+01 1.737814941860396445e+01 1.758339173727177140e+01 1.768589307325177629e+01 1.798612666166548024e+01 1.817376109754713553e+01 1.849455604367017614e+01 1.877412217774493897e+01 1.928446171626255179e+01 1.935231760300450787e+01 1.949409762288023273e+01 1.965139142893308843e+01 2.020008690552901598e+01 2.038881104871988725e+01 2.055904305668733656e+01 2.078123535487337392e+01 2.089972326023605120e+01 2.176051412114382799e+01 2.228098561022753543e+01 2.238109607584357974e+01 2.269671681697777998e+01 2.416410399460124836e+01
1.272456945876318413e+00 1.722319208752329134e+00 1.778585551869406256e+00 1.938643831302287568e+00 2.099283287986037916e+00 2.158636312579663041e+00 2.285883642539637606e+00 2.406000235037547785e+00 2.521371018173791168e+00 2.664131036639110217e+00 2.711801467050957815e+00 2.806795836675590738e+00 2.898000236752763747e+00 3.107366934684334225e+00 3.149694864583877596e+00 3.249199078358334880e+00 3.286158645775644427e+00 3.342808973352834112e+00 3.416272924677164369e+00 3.465412623612678988e+00 3.556096344062014580e+00 3.619615810063748551e+00 3.695531391116039011e+00 3.723772785595999668e+00 3.876280161984820616e+00 4.041308830256580720e+00 4.243645241454730765e+00 4.289456111837142593e+00 4.447435138628762274e+00 4.677711369229412774e+00 4.741816480428562741e+00 4.817827189415397449e+00 4.864882831508070105e+00 5.004219916629659259e+00 5.073861421803524507e+00 5.240584212419930665e+00 5.329431695373446409e+00 5.354767904208721063e+00 5.509663657444081153e+00 5.551519877101266154e+00 5.573413774471354110e+00 5.643726524452971738e+00 5.656176391602468101e+00 5.775466546055289641e+00 5.991766730363593751e+00 6.101823772949917846e+00 6.196875199051860683e+00 6.446073839476525791e+00 6.494752219065793142e+00 6.659428940283953935e+00 6.793266732886356074e+00 6.862754834759141609e+00 7.029244152599812168e+00 7.124393054397603287e+00 7.246699725674430326e+00 7.351255296947033280e+00 7.563581558669516980e+00 7.639294546421195875e+00 7.903254810785024453e+00 8.007634887210455688e+00 8.135760797163218427e+00 8.273062998771891330e+00 8.351104286143440802e+00 8.482946329001565644e+00 8.685489347552016071e+00 8.801873293607117787e+00 9.056952011042049833e+00 9.110673308305164753e+00 9.172425410946758007e+00 9.486786759009468994e+00 9.776610048422124777e+00 9.843797239824500167e+00 9.986766694201300254e+00 1.007618078919609594e+01 1.026003958646294301e+01 1.038290821974384492e+01 1.049052260701854955e+01 1.070925367784052540e+01 1.085328527580618108e+01 1.100577079944146242e+01 1.125169187602364751e+01 1.139209233870587745e+01 1.145516277774243186e+01 1.158573537213981552e+01 1.182257824962598036e+01 1.197126022583678839e+01 1.209840757673059919e+01 1.217962117971277891e+01 1.237436446405669876e+01 1.253023729801335406e+01 1.261420794671727030e+01 1.283535050559220458e+01 1.289051576888731709e+01 1.320420282646150056e+01 1.346279718474332299e+01 1.360545165498079889e+01 1.370711142666960747e+01 1.379168182609516080e+01 1.390638738874210922e+01 1.408196182044595446e+01 1.417975818839413549e+01 1.421164452081302265e+01 1.425935167717433849e+01 1.438611729196654920e+01 1.462673078450965569e+01 1.470014924877676776e+01 1.475329328343857149e+01 1.478020639252859603e+01 1.500321890476450726e+01 1.517569643675383517e+01 1.536530613078286045e+01 1.541729045193177150e+01 1.555661263169961117e+01 1.568263075297203812e+01 1.573855213078827475e+01 1.591113783659942627e+01 1.600834554601029680e+01 1.616731740370556381e+01 1.634407991670205007e+01 1.655307439513366674e+01 1.667470310590729454e+01 1.683161441845744122e+01 1.690942590227908937e+01 1.718608171487451841e+01 1.722769296442515241e+01 1.753454073609763242e+01 1.780252461414584531e+01 1.844857540794071227e+01 1.888077442890774904e+01 1.927674064498074102e+01 1.935193828181764175e+01 1.940475121967390848e+01 1.991759977960045802e+01 2.027406457210132018e+01 2.067833170070792548e+01 2.107487503026482401e+01 2.126181064159217016e+01 2.168968045539469003e+01 2.230267904618023067e+01 2.240886227535166597e+01 2.283546349400122466e+01 2.323907084714822702e+01 2.383567875872486397e+01 2.558288798725157065e+01
1.271886820201131751e+00 1.723212854712838471e+00 1.782059052979645619e+00 1.920415373911749990e+00 2.106040824968999026e+00 2.168847246014535823e+00 2.269662534539985455e+00 2.420884686584471535e+00 2.519279838680891892e+00 2.639610286564510577e+00 2.734543407361253564e+00 2.808580696955953471e+00 2.898911184552991127e+00 3.086959220838612072e+00 3.153995915803860850e+00 3.241854472235230489e+00 3.272347957129549290e+00 3.359847607536381453e+00 3.426537901844886935e+00 3.461504377823496625e+00 3.554784712394342350e+00 3.626040251814500959e+00 3.692055018578543901e+00 3.726217599835014660e+00 3.873172663543044347e+00 4.043352579195246932e+00 4.239630740699402267e+00 4.282217463507248745e+00 4.439894818508294705e+00 4.642727497794891356e+00 4.709685043930107895e+00 4.815069331739458391e+00 4.877341459149365122e+00 5.004552425699640317e+00 5.055197293746580556e+00 5.227175808526769885e+00 5.316141085422847468e+00 5.364888369056227013e+00 5.453710693704705292e+00 5.554824913219738036e+00 5.604376169002289743e+00 5.638582152685414073e+00 5.691283949449863044e+00 5.791340780210572525e+00 5.994468899491764979e+00 6.116476910856553317e+00 6.199109399307092261e+00 6.445453525154833940e+00 6.506979499665388467e+00 6.663975898048740021e+00 6.798433236796296519e+00 6.860479346455796268e+00 7.027272041888300791e+00 7.123586620354729781e+00 7.253525946797970470e+00 7.347298588561883115e+00 7.554726227941046979e+00 7.657168805470118578e+00 7.903748577871988701e+00 8.008635537424071416e+00 8.133063737859929532e+00 8.272624610444553994e+00 8.353836371597893162e+00 8.484315764067680732e+00 8.687339906416625013e+00 8.796409857415596889e+00 9.047762111613650404e+00 9.121054217114615170e+00 9.177078823214223746e+00 9.480107863709706706e+00 9.782213855146430603e+00 9.841917938006835342e+00 9.984552872373159360e+00 1.007829334604479143e+01 1.026181937758586571e+01 1.038301353803301730e+01 1.049488412400529924e+01 1.070816588389117108e+01 1.085286055411082096e+01 1.100809406684183323e+01 1.124188904354764418e+01 1.139594778512415374e+01 1.145253810849042253e+01 1.159548377532132690e+01 1.182904470926050777e+01 1.197396186815223729e+01 1.208379093944325078e+01 1.216731034169484538e+01 1.238305914180462786e+01 1.252002888924671176e+01 1.259174080346996227e+01 1.280357103053366075e+01 1.289823173917150179e+01 1.319518890981931136e+01 1.344611941635412045e+01 1.360147423595183369e+01 1.372190651647054338e+01 1.377586954242832995e+01 1.392949375791597788e+01 1.407277693842393695e+01 1.417658788733415953e+01 1.420647947405908695e+01 1.427000722001872468e+01 1.439173955494779911e+01 1.463701192448036892e+01 1.469296123102229146e+01 1.475910282956989583e+01 1.479376691999991600e+01 1.500451717526278195e+01 1.518177056321936469e+01 1.535848232738242380e+01 1.542367179390312693e+01 1.555465184422224922e+01 1.567993155672300887e+01 1.574673020401469969e+01 1.590955652704208845e+01 1.601205136644060190e+01 1.618351908973956910e+01 1.635222891688116320e+01 1.655835054640404280e+01 1.667734094468520922e+01 1.682868929502152966e+01 1.691359442379194178e+01 1.720041021174128559e+01 1.724223274023503905e+01 1.753397477491997947e+01 1.780453717434470917e+01 1.844495474113581324e+01 1.887676398858982552e+01 1.927049278702447666e+01 1.934905260072812894e+01 1.940764404328878356e+01 1.991415115065537123e+01 2.026655432562906967e+01 2.066935183563475675e+01 2.106991874689272848e+01 2.124835404692108654e+01 2.167474863612116920e+01 2.229427452315451674e+01 2.239991986891625686e+01 2.281238138112928127e+01 2.322361759845892237e+01 2.378442554524610841e+01 2.555415422629378241e+01
1.266868979736895717e+00 1.714357910646258309e+00 1.791074672534846535e+00 1.875250495897500480e+00 2.114811878901992515e+00 2.191186968987052008e+00 2.238008155878681293e+00 2.443883579469144696e+00 2.513286349268825770e+00 2.615206504825249301e+00 2.743338301798993406e+00 2.819292556420963880e+00 2.906742091094043356e+00 3.053906105923945624e+00 3.138055031867350575e+00 3.237161320730818748e+00 3.258038749802668832e+00 3.393065384470527857e+00 3.426522185653920527e+00 3.464812223428875182e+00 3.547434826877829295e+00 3.635189234579861317e+00 3.686528136443128822e+00 3.732218824266776203e+00 3.865594118949383873e+00 4.049734884560876935e+00 4.215515328879677170e+00 4.269037641770254687e+00 4.412281027032672220e+00 4.563688571562869001e+00 4.640484566538932043e+00 4.783443279440066753e+00 4.879744544491597225e+00 4.985053259201837506e+00 5.032190191849480243e+00 5.196650349884007092e+00 5.288429966745177069e+00 5.344350037908625062e+00 5.455028618475149749e+00 5.541111946958047874e+00 5.615355464027111054e+00 5.658973022521330165e+00 5.739046739921551676e+00 5.825115050726052957e+00 6.010746329450006087e+00 6.155877184426475246e+00 6.206383038107063044e+00 6.452408738845314851e+00 6.533366807063292647e+00 6.677815809668140368e+00 6.809351227802556750e+00 6.857574056087116787e+00 7.023835302102270362e+00 7.124061316992251314e+00 7.269945285058494022e+00 7.336086327002699470e+00 7.543560632340708061e+00 7.692901050844708877e+00 7.905931333307352205e+00 8.010804201035309546e+00 8.126840389256337005e+00 8.272257643346568656e+00 8.360619132314072388e+00 8.488148557969974917e+00 8.691193292677173332e+00 8.785301819242745225e+00 9.029402207542791103e+00 9.143439789248873240e+00 9.189085959760014077e+00 9.461544703408010903e+00 9.782214908795285879e+00 9.848448331312122050e+00 9.979349951109959704e+00 1.008250791679452796e+01 1.026279163221392388e+01 1.038536288900967364e+01 1.050883644426864549e+01 1.070567101794322085e+01 1.085212913982886995e+01 1.101180556270636401e+01 1.122492337936708040e+01 1.139345082373063889e+01 1.145381192116156832e+01 1.161972311266952218e+01 1.184666398234394613e+01 1.197776133476682858e+01 1.204273105201231253e+01 1.213425692228190655e+01 1.240207415950049885e+01 1.247261788341740640e+01 1.254987590163531763e+01 1.273963931131692640e+01 1.289377075388058458e+01 1.317904224063558871e+01 1.340540193366282651e+01 1.358612112638145142e+01 1.371934513300084824e+01 1.377928494955065730e+01 1.395917719264133794e+01 1.405809948595754477e+01 1.416905480374593118e+01 1.420247504316530573e+01 1.429453697180850824e+01 1.440613350821207916e+01 1.465997644405491585e+01 1.468888886379390968e+01 1.477302751348144483e+01 1.482394391042081594e+01 1.501080219036502683e+01 1.519966240435758031e+01 1.532848631847013188e+01 1.544415534441783322e+01 1.555386390533299057e+01 1.568087687470896441e+01 1.576284944433292701e+01 1.591358064104485059e+01 1.602963040436292985e+01 1.622184761051288859e+01 1.637647910230484172e+01 1.657436734861505911e+01 1.668508835561951642e+01 1.682129416374910846e+01 1.692508281161099859e+01 1.721336512177004607e+01 1.730888487806414844e+01 1.753206294768261131e+01 1.781145699780384462e+01 1.843388888696084749e+01 1.886366960076554022e+01 1.925194564328518965e+01 1.934177557731747754e+01 1.941488363971342679e+01 1.990339263909468315e+01 2.024185714619039445e+01 2.064382802055899546e+01 2.105520820015379257e+01 2.120693007707202327e+01 2.163039807640288359e+01 2.226831836772328543e+01 2.237288596478726888e+01 2.274134588438388249e+01 2.318316017058821288e+01 2.363759211663807847e+01 2.547125700656554770e+01
1.251471887545502648e+00 1.687324644530403317e+00 1.779802361761492646e+00 1.826664935551942204e+00 2.107658578012071349e+00 2.187704364418133096e+00 2.218101369583388216e+00 2.444047823569685640e+00 2.499218610282269548e+00 2.622850011960939476e+00 2.716867530108705520e+00 2.823881705337316195e+00 2.934268215356151899e+00 3.028650539427292454e+00 3.106956711614083932e+00 3.220549452801872548e+00 3.271580706941509931e+00 3.403745992370404760e+00 3.430067410969014130e+00 3.476080672217399581e+00 3.534459710989854564e+00 3.626224100922847970e+00 3.675114023224295146e+00 3.740099350750723861e+00 3.862901004616994705e+00 4.050204269852175187e+00 4.167470941677843044e+00 4.262563059006791555e+00 4.324544947955802243e+00 4.483107357721778818e+00 4.569373415652905557e+00 4.710330901066204667e+00 4.830703566240295288e+00 4.955827269904836463e+00 5.021232944047310909e+00 5.173052414939656174e+00 5.258732265540604800e+00 5.326982761410693712e+00 5.466370153136510091e+00 5.549433668252556018e+00 5.620564982772126683e+00 5.684914333267196085e+00 5.778978570671555737e+00 5.844934355411101734e+00 6.045316268383278846e+00 6.198950226687814258e+00 6.230627016525690287e+00 6.474245674775335857e+00 6.562729675091302894e+00 6.699830685699146748e+00 6.812354992564412903e+00 6.866917961135238002e+00 7.024342207650963843e+00 7.130170809984948121e+00 7.286569091209825544e+00 7.322523012716749768e+00 7.540649901052224102e+00 7.729161534087984897e+00 7.909668763801514402e+00 8.011219161513132292e+00 8.124302382715905324e+00 8.273713917606695389e+00 8.367003573168981134e+00 8.494982103115605199e+00 8.692928378443802728e+00 8.781428012807328543e+00 9.009196987160583703e+00 9.167524926360414383e+00 9.206515970075118460e+00 9.435744340174876399e+00 9.754206247874378732e+00 9.872470902059831133e+00 9.976829470051441717e+00 1.008408275439770385e+01 1.025345930633222302e+01 1.039337879558231492e+01 1.053270819059593322e+01 1.070307977616212192e+01 1.085255217214517920e+01 1.101160844052881593e+01 1.121721219489591448e+01 1.137512821166060029e+01 1.146489808867130122e+01 1.164832446161007695e+01 1.186722170811835220e+01 1.195559816679631737e+01 1.199552285546612040e+01 1.210221184038734421e+01 1.233383004963038765e+01 1.245731779635120695e+01 1.250842312508273402e+01 1.267524177155804210e+01 1.286815258115297667e+01 1.316973190256837789e+01 1.334925934517825752e+01 1.355961536159878555e+01 1.368628260562758570e+01 1.379503866546399493e+01 1.395302294036345714e+01 1.405984091633037991e+01 1.415509786176921381e+01 1.421433962369932225e+01 1.433325798347672553e+01 1.442350316695685741e+01 1.466545881618920788e+01 1.471982230283845894e+01 1.479530317636414338e+01 1.485741257629163314e+01 1.502682704827371118e+01 1.522854804173443988e+01 1.527477580264062773e+01 1.547167444979737105e+01 1.556095661802821795e+01 1.569788008980960647e+01 1.577057509972667049e+01 1.594234065739243178e+01 1.606785597379230879e+01 1.626448773666150771e+01 1.641728850753674962e+01 1.660030126926229244e+01 1.669889593424330698e+01 1.681349752813330056e+01 1.694180300931220629e+01 1.721967370042780487e+01 1.741416096283864334e+01 1.752929594730422025e+01 1.782605236662148940e+01 1.841452028730525470e+01 1.883824755192231493e+01 1.922172284089515060e+01 1.933223229981030400e+01 1.942402713152402072e+01 1.988427446753479089e+01 2.019297664478780874e+01 2.060640156238996212e+01 2.103120292633437671e+01 2.113422580237423887e+01 2.155869170169151516e+01 2.222054354723949388e+01 2.232468828205545464e+01 2.262619040457567010e+01 2.313048284193693860e+01 2.341651976492989462e+01 2.534369912499327526e+01
1.222206347459199094e+00 1.642254452371704421e+00 1.715887981408615870e+00 1.798187849435992636e+00 2.067712767295049048e+00 2.159481537886966507e+00 2.191188089324895394e+00 2.398800566668430889e+00 2.487927113671161816e+00 2.618086571181865718e+00 2.698685320250100439e+00 2.821739360954993892e+00 2.961900596359113624e+00 3.008656042529012531e+00 3.087248462260206328e+00 3.191104663851189294e+00 3.290252202797905756e+00 3.383149682324705587e+00 3.435544354110144916e+00 3.500421274177607067e+00 3.515763688588207536e+00 3.601928869990622673e+00 3.641654032242935379e+00 3.740235804707164657e+00 3.873180446308477798e+00 4.012462752973902980e+00 4.103017039260847376e+00 4.205675684291804828e+00 4.256994433391861676e+00 4.403354455294288705e+00 4.490085487533428399e+00 4.648003909990708671e+00 4.766457603776054874e+00 4.911281674112210283e+00 5.002910270469254073e+00 5.156407572435880660e+00 5.240448867485437923e+00 5.322565948854987461e+00 5.451846797436990855e+00 5.578802244914033537e+00 5.644040622301104371e+00 5.696666643663583329e+00 5.814228430029301009e+00 5.855748594745282531e+00 6.080670496170809791e+00 6.217210095803524794e+00 6.289048554010923553e+00 6.504546600246797539e+00 6.594427290812501674e+00 6.725133385877080094e+00 6.808276126627989200e+00 6.889753291140438662e+00 7.031517465843124093e+00 7.141856918318874925e+00 7.286065989629940454e+00 7.326170130069237452e+00 7.544760154445415701e+00 7.759489073053988939e+00 7.909196933649271344e+00 8.006870978766556846e+00 8.136511416775391581e+00 8.277706446507991700e+00 8.367494942844267314e+00 8.507711759381773930e+00 8.692662534411237374e+00 8.793167725394059886e+00 8.989025368343613209e+00 9.179227860784665793e+00 9.233301382937597168e+00 9.410373185820565922e+00 9.707425687153371285e+00 9.885423471252718031e+00 9.986430345498435557e+00 1.008018553935925077e+01 1.023006952469833131e+01 1.040433353272495154e+01 1.056118687572644887e+01 1.070190761858738071e+01 1.085513260402489699e+01 1.100955730442652047e+01 1.121891423748965977e+01 1.135140731007978765e+01 1.147744926125088583e+01 1.166971881635065422e+01 1.184252698087694533e+01 1.192007725491417247e+01 1.197012387602539008e+01 1.207353717710988761e+01 1.220915158007807833e+01 1.241599434079240005e+01 1.249529068334012827e+01 1.264342400658714638e+01 1.282628227770304719e+01 1.316546369780020598e+01 1.328552462592144678e+01 1.352529758256475390e+01 1.365537547515517147e+01 1.375686627405592866e+01 1.395615211433076830e+01 1.405153155141054278e+01 1.413887254097092949e+01 1.423052912604851983e+01 1.438833680808127902e+01 1.443932993708071777e+01 1.467221871436510128e+01 1.475764371294410360e+01 1.482409999059541761e+01 1.489344977220358501e+01 1.505289634480851291e+01 1.521202681396270329e+01 1.527296160919287260e+01 1.549698999244869135e+01 1.557258825742915143e+01 1.573035698604403798e+01 1.577484682821425999e+01 1.599566363882843056e+01 1.612845328792601407e+01 1.629994949727143805e+01 1.647241048889904036e+01 1.663254273692404084e+01 1.672081926025072462e+01 1.681181018244050662e+01 1.696227802988248357e+01 1.722435400372109271e+01 1.749947548004709219e+01 1.755644509627189720e+01 1.785360086945938463e+01 1.838440890478663903e+01 1.879517948685704809e+01 1.918102551689238311e+01 1.932161789801192597e+01 1.943287054619681697e+01 1.985553064526098765e+01 2.010844860331381057e+01 2.056478371577594899e+01 2.099685360576717130e+01 2.102690158633413731e+01 2.146504422969315584e+01 2.213174938030834582e+01 2.224616190126939230e+01 2.250096649576899566e+01 2.307427616052221353e+01 2.315855163531750804e+01 2.518570520854771289e+01
1.178637407375756396e+00 1.578388398379412028e+00 1.629244962640676420e+00 1.755209456188493444e+00 1.998451750813182715e+00 2.101365479103881384e+00 2.143172318864475567e+00 2.322599673953408494e+00 2.462031843551196975e+00 2.565725512906320560e+00 2.698602130819605094e+00 2.822824674360951747e+00 2.951618714523598364e+00 2.997480023270340688e+00 3.083588268026865364e+00 3.137276093551045086e+00 3.289716054245589216e+00 3.357042507731717418e+00 3.417934021683466828e+00 3.471435208143001550e+00 3.523781149775701227e+00 3.570397876253073477e+00 3.619375560677667192e+00 3.731227678802008896e+00 3.873020140525546662e+00 3.916204498570754478e+00 3.992551467405477172e+00 4.173412600095057101e+00 4.244047129130644969e+00 4.319743591660862414e+00 4.415597062034336773e+00 4.621558045330411701e+00 4.713748729048858443e+00 4.848041136829686515e+00 4.976348459200210961e+00 5.120873017371049940e+00 5.237284001902644981e+00 5.332549594167195650e+00 5.429059517871004381e+00 5.610841472156034904e+00 5.668780333948900463e+00 5.699619482413456062e+00 5.847309476118607741e+00 5.866960190334925329e+00 6.106633029604082274e+00 6.232432499815539373e+00 6.349064659732591487e+00 6.524818360503749304e+00 6.634168793653862473e+00 6.747529943016794540e+00 6.813173781220969616e+00 6.916996762189180359e+00 7.038972384426068984e+00 7.152533598069230614e+00 7.278668794643994744e+00 7.348827532107384819e+00 7.549196246752367223e+00 7.784213537119337722e+00 7.897448215447508524e+00 7.999978902588861907e+00 8.163073114120612317e+00 8.283607359999152209e+00 8.364101006275054928e+00 8.528498048077596039e+00 8.696727990885456450e+00 8.815327829633167411e+00 8.970745860860303011e+00 9.173029794276331472e+00 9.265810700731343275e+00 9.393453640930719217e+00 9.650709902964635489e+00 9.874585019318447010e+00 9.999899223674619364e+00 1.007361896415512170e+01 1.019632635720368441e+01 1.041372869883305441e+01 1.057733800400837687e+01 1.070836177341350925e+01 1.085727796662945543e+01 1.101349329533893417e+01 1.121715236318935460e+01 1.132962678387807642e+01 1.148540146331882283e+01 1.166598880973068475e+01 1.177744938208660486e+01 1.186248053091458310e+01 1.195266810134029711e+01 1.202799484404477326e+01 1.213589962747787965e+01 1.232660404100290918e+01 1.251011366930946878e+01 1.262859378319192594e+01 1.278046462994432275e+01 1.314326699271410348e+01 1.323736048043825519e+01 1.348202544210253073e+01 1.362442694966014223e+01 1.368798392997871716e+01 1.395838476927280425e+01 1.404170137620219094e+01 1.412159462009218913e+01 1.424116524232485048e+01 1.442386398906233147e+01 1.447013324045393823e+01 1.469218339718194954e+01 1.478283912186973659e+01 1.485111781225880989e+01 1.493863654157609133e+01 1.507698579850319298e+01 1.517051526276903317e+01 1.532665427522933221e+01 1.551705258746128102e+01 1.558501862261758042e+01 1.574240659119950614e+01 1.581967027895323064e+01 1.605751410035054150e+01 1.620680051500875152e+01 1.632792532402058683e+01 1.652988096169883292e+01 1.666719002115551973e+01 1.674753056340930968e+01 1.682748041308730080e+01 1.698441470769493833e+01 1.722866124852122383e+01 1.749579954930257841e+01 1.765786352438976081e+01 1.790311754055588978e+01 1.833732996851052732e+01 1.872914801799770146e+01 1.913138268663429287e+01 1.931018959168325821e+01 1.943886438985857268e+01 1.981535686063810431e+01 1.997899754801109040e+01 2.052621572768828173e+01 2.087296920729544070e+01 2.096289880665408845e+01 2.135904969819375765e+01 2.195663039556062657e+01 2.215163492429534742e+01 2.241676811895851529e+01 2.290581292202478281e+01 2.302264384514312567e+01 2.501354725178547511e+01
1.121733940450703182e+00 1.493649536707010839e+00 1.528546048096417920e+00 1.680551963958299089e+00 1.905730125465621372e+00 2.011394955940779994e+00 2.062023138562074198e+00 2.231220965382179067e+00 2.400650248990022551e+00 2.516109618428541417e+00 2.667807638674104975e+00 2.801779388645786906e+00 2.917807326720352812e+00 2.961865049666012162e+00 3.024118634461695709e+00 3.088977614372634850e+00 3.242421117090099170e+00 3.302819181807957083e+00 3.387135992403361939e+00 3.448879239883837933e+00 3.507157620729503655e+00 3.551143875849211984e+00 3.630423941603769578e+00 3.706455701684169934e+00 3.782078247125311155e+00 3.869643390386399595e+00 3.966383410258123021e+00 4.130321273116216219e+00 4.165119480350433889e+00 4.304949948684186900e+00 4.402580935749300650e+00 4.592672880036843708e+00 4.667615581019141757e+00 4.794701409883503018e+00 4.936222994141870934e+00 5.071587972396137012e+00 5.242464329827143388e+00 5.347026080527162328e+00 5.408860196093024264e+00 5.636983639130035861e+00 5.659161480333493977e+00 5.726516473302735832e+00 5.868705598245736788e+00 5.885522910164119104e+00 6.124210464404193033e+00 6.248660763213922387e+00 6.396661582817187330e+00 6.533046244593290197e+00 6.668286166320550379e+00 6.767720216519151677e+00 6.836470863396828079e+00 6.943928507899665092e+00 7.034118923913862176e+00 7.158837302055895968e+00 7.280012984509604657e+00 7.385755042957343974e+00 7.544443970542192623e+00 7.803926080221007311e+00 7.880142374863695842e+00 7.992753696954997267e+00 8.179492319969151382e+00 8.297991390776521925e+00 8.368414540270993740e+00 8.555753726143318971e+00 8.706442419151498413e+00 8.834270765060530550e+00 8.960984689029283246e+00 9.157874949726833691e+00 9.292516157968016444e+00 9.388135743021956969e+00 9.589377655154251556e+00 9.847480180215699264e+00 9.995692306836550856e+00 1.006632276184706143e+01 1.015954848743388972e+01 1.042111303538506029e+01 1.056507965799634263e+01 1.072517617372865395e+01 1.085405967153882756e+01 1.102422755292174550e+01 1.120427364186215691e+01 1.130675026955147366e+01 1.148045963839039096e+01 1.162383050965454601e+01 1.168725995143048912e+01 1.177985504928498628e+01 1.193566389220139357e+01 1.198080159668643851e+01 1.209976097179185217e+01 1.228207344730450146e+01 1.251206450165900286e+01 1.259210033208302981e+01 1.275876025176689232e+01 1.308537921176210617e+01 1.321962181486842525e+01 1.342086756135123160e+01 1.355773025914460028e+01 1.366397697924108101e+01 1.392190798512826788e+01 1.405474455715458326e+01 1.409801240138362743e+01 1.425410454456172005e+01 1.442127736458710530e+01 1.451920164784133149e+01 1.471761996996597155e+01 1.479120444155599046e+01 1.488027546884019436e+01 1.498483877736462055e+01 1.507771827209022142e+01 1.517036430014056059e+01 1.538880692532938710e+01 1.553131288785658093e+01 1.560156837583736866e+01 1.573920705346810855e+01 1.589919636689541171e+01 1.611781933249631038e+01 1.627633724020808614e+01 1.636343688599871271e+01 1.657414918834079742e+01 1.670032829003552166e+01 1.677083009440797667e+01 1.687141665255890999e+01 1.700147925626153622e+01 1.723689945259149781e+01 1.747967812798683340e+01 1.773667868905524969e+01 1.798089283166742192e+01 1.826079201946638264e+01 1.864342592487157546e+01 1.907194622094495529e+01 1.929712470980910410e+01 1.943849512220197084e+01 1.974674067710114755e+01 1.982639200995784634e+01 2.049279490920859104e+01 2.069694176397889152e+01 2.091811385942672530e+01 2.125152419805960591e+01 2.171565362878730809e+01 2.206077546903904718e+01 2.237046766407299003e+01 2.270616347382764388e+01 2.296777670342025601e+01 2.484244330066959705e+01
1.051465926491067515e+00 1.380611018954539748e+00 1.412360536522772492e+00 1.555280904263703246e+00 1.789188712444634621e+00 1.906191032676006092e+00 1.942919571266862988e+00 2.125525365182506121e+00 2.319934402881359325e+00 2.444152724918457142e+00 2.605081454217406112e+00 2.701528704962413929e+00 2.810335324461389117e+00 2.859613199224975588e+00 2.963526669187904528e+00 3.080126732128718903e+00 3.163984133837252966e+00 3.274012245704281288e+00 3.350091497839096544e+00 3.443023202049311671e+00 3.456861677688948031e+00 3.549715158592519959e+00 3.605747272256810909e+00 3.706625626306224941e+00 3.739442750353807465e+00 3.865958627028695638e+00 3.946515616667576776e+00 4.064629680045892535e+00 4.099898899837714161e+00 4.318288996754434450e+00 4.426655819986540230e+00 4.554169770906757009e+00 4.621683636770295145e+00 4.764216445524628085e+00 4.887309582109629957e+00 5.021140843613957294e+00 5.246064107362631290e+00 5.358549988668237951e+00 5.397247897923304727e+00 5.617593587814894818e+00 5.671596717336274907e+00 5.757422420907875704e+00 5.871302208709177073e+00 5.915159893833272342e+00 6.135710361351546460e+00 6.264727812923823080e+00 6.424159421510298174e+00 6.540663350632707207e+00 6.684620312918154283e+00 6.785415941627499059e+00 6.874757898056578220e+00 6.955072372918019497e+00 7.025261721867157583e+00 7.165908282606373803e+00 7.284012970590207026e+00 7.434723697856699509e+00 7.525430716961651889e+00 7.812960968660379812e+00 7.872391912725296592e+00 7.984448844697912939e+00 8.163455313299863292e+00 8.332263142501822983e+00 8.383254867521806375e+00 8.586226609983414804e+00 8.712581415750626945e+00 8.838136010460427627e+00 8.968451582117587861e+00 9.148700112100437210e+00 9.303849957426148620e+00 9.391786367226508503e+00 9.527978536804470266e+00 9.804154176398249376e+00 9.978252720562704070e+00 1.004866129419298382e+01 1.012584793896073698e+01 1.042633619864963457e+01 1.053075635673316235e+01 1.073017379259815662e+01 1.084642101855080121e+01 1.103168505048416037e+01 1.118620802269219716e+01 1.127387365731490831e+01 1.141999626745366569e+01 1.152823260002472239e+01 1.161810063918552061e+01 1.174982914652120591e+01 1.188156115890136633e+01 1.192252908974938030e+01 1.210240923768355259e+01 1.226630353483084157e+01 1.249624130045968151e+01 1.255139455726083675e+01 1.276339728220639103e+01 1.302027864030161375e+01 1.320167193522075166e+01 1.333881010238233777e+01 1.348072131131241136e+01 1.366900746256792232e+01 1.387241650260520665e+01 1.403975539926275040e+01 1.409509772300814312e+01 1.427313226344957720e+01 1.441134859036002780e+01 1.455653356417113464e+01 1.473457922182573832e+01 1.478560255960079317e+01 1.491417650925727045e+01 1.501046658282480273e+01 1.507676778404648310e+01 1.519689284323280454e+01 1.544829093818660404e+01 1.553832282001484977e+01 1.562787571096313499e+01 1.573741951224979552e+01 1.599118676773624514e+01 1.616875172334853872e+01 1.628886546500689292e+01 1.642812450787465650e+01 1.660415956354399469e+01 1.671666258174469277e+01 1.679512599037090226e+01 1.693244536874301787e+01 1.700811456623674189e+01 1.725804123598231499e+01 1.746123991681847443e+01 1.778260941636321846e+01 1.805233649079951874e+01 1.816290293643644205e+01 1.855969706420912502e+01 1.899356551495650081e+01 1.927935472071717982e+01 1.942531742367690129e+01 1.959429670737093332e+01 1.974804193088748150e+01 2.046044871555805145e+01 2.052631400735421252e+01 2.086872240051402017e+01 2.115006110837177999e+01 2.147714851872908071e+01 2.197502597550622028e+01 2.234197600070950074e+01 2.256730071549954530e+01 2.291443954044190789e+01 2.468422876382453879e+01
9.598339908489218475e-01 1.202050580436730076e+00 1.278800292535692940e+00 1.378785492942749213e+00 1.649121694133248051e+00 1.778896781956814221e+00 1.819093084479651790e+00 2.009452864602857325e+00 2.223910666442609152e+00 2.266235430480444624e+00 2.470679440954996142e+00 2.570773261454781800e+00 2.709417004979071120e+00 2.756699710187832775e+00 2.935223106749287325e+00 3.072059271498666533e+00 3.127143192799171079e+00 3.233200191166468507e+00 3.327951859960152525e+00 3.373426940914706407e+00 3.438161716430495840e+00 3.559316564050574172e+00 3.570758738048327885e+00 3.705827377473356332e+00 3.749353683887002298e+00 3.882151517675902497e+00 3.905770475931274355e+00 4.002758791936254390e+00 4.094838076884672162e+00 4.309061289678109752e+00 4.464037791125604393e+00 4.495810481142107129e+00 4.607386186610313850e+00 4.742075330240748343e+00 4.836576194957210362e+00 4.978097461076587571e+00 5.242329034365973861e+00 5.363761425518847936e+00 5.397209947271275787e+00 5.581581031425344896e+00 5.687229595161165108e+00 5.779669169418434116e+00 5.874345116772031972e+00 5.938338044822748074e+00 6.142676139960818738e+00 6.279346361328627779e+00 6.434101176308462122e+00 6.547582083869461833e+00 6.691511752496263732e+00 6.798003953419699208e+00 6.908087581972798930e+00 6.932037448190389917e+00 7.038113222820274295e+00 7.174105567446906306e+00 7.289038886929675165e+00 7.454343111503211716e+00 7.524239264552270434e+00 7.808641567374595915e+00 7.880113337203241031e+00 7.971416630023346883e+00 8.133467706888495741e+00 8.372503938581058236e+00 8.400105974801343578e+00 8.616000131979319576e+00 8.697379928301899099e+00 8.841486740379288278e+00 8.980801111702895412e+00 9.159228530986608163e+00 9.296952483229162567e+00 9.393657381393360595e+00 9.474884085507749631e+00 9.739002879820246150e+00 9.964287000588281984e+00 1.001984734363762897e+01 1.008900273764112043e+01 1.042671753859821848e+01 1.048619718689915636e+01 1.069744718607697820e+01 1.083744494456414920e+01 1.102616327678120989e+01 1.115338439242187896e+01 1.121686299107811990e+01 1.129951233834021096e+01 1.146192171693223472e+01 1.157389318564209368e+01 1.169475819504586767e+01 1.182878305993712864e+01 1.190217315773385209e+01 1.209248749051884353e+01 1.225260984493668559e+01 1.246646302380192495e+01 1.254295914626215769e+01 1.276529457991060390e+01 1.297184084074750032e+01 1.316067020739959226e+01 1.325937852766143088e+01 1.341148348397855727e+01 1.366369074439316122e+01 1.383250520916481641e+01 1.398896610770778715e+01 1.411483003295030336e+01 1.429113714289366932e+01 1.440596333240187121e+01 1.457426723845158989e+01 1.473852784457236886e+01 1.477281177105243870e+01 1.494300845706178826e+01 1.499948973283582454e+01 1.509981182363424956e+01 1.522893583545495133e+01 1.548814410758202165e+01 1.553950459110451909e+01 1.566366001496674620e+01 1.574169562774912734e+01 1.605696659303157858e+01 1.618873943735630050e+01 1.627593636071582850e+01 1.646958352435366280e+01 1.663933606664463127e+01 1.670404191049055598e+01 1.682590688731916018e+01 1.696770590469380480e+01 1.704339623532581172e+01 1.729428587210409063e+01 1.744246737516775525e+01 1.780504369607646709e+01 1.796015616457426844e+01 1.819740124633526790e+01 1.850186709941231911e+01 1.888507081876952398e+01 1.924876373171587574e+01 1.938475082234037927e+01 1.948579858422372979e+01 1.970296939569558603e+01 2.037593882439199433e+01 2.044381152778009891e+01 2.081487634651797336e+01 2.105857131774749291e+01 2.128242911536247206e+01 2.190092369981653064e+01 2.232261982918436871e+01 2.247879356653967164e+01 2.286382807555767371e+01 2.454637291650763586e+01
7.530603890563293268e-01 9.562928782199288102e-01 1.112227096966043716e+00 1.216006193323064366e+00 1.474856592947320966e+00 1.635588685699148392e+00 1.680811272305313908e+00 1.904204861809702942e+00 1.965787803401315648e+00 2.145592706625884194e+00 2.333821580013023755e+00 2.505413456520888538e+00 2.583753273113646998e+00 2.713280908574408290e+00 2.899007606823918337e+00 3.057935725639932212e+00 3.111927835378165419e+00 3.176128861885684884e+00 3.288425980478713484e+00 3.334460300771222130e+00 3.419876064011652339e+00 3.533706789588601183e+00 3.572647450601893038e+00 3.692356447287618249e+00 3.774839395369690376e+00 3.853620782164890013e+00 3.912277352283924259e+00 3.985336357353724157e+00 4.098917966296466098e+00 4.291226318031487352e+00 4.401986723288554337e+00 4.530079747244237787e+00 4.602660545188417274e+00 4.721591975414909825e+00 4.792290932728563213e+00 4.946282735046472645e+00 5.232661378012729791e+00 5.358865129486260592e+00 5.405378491675807417e+00 5.551336137829803619e+00 5.692591783003527972e+00 5.787359559105754059e+00 5.883078399098653932e+00 5.952047135326825611e+00 6.146482736853954520e+00 6.291983924799213312e+00 6.436683919015240285e+00 6.547769155641684158e+00 6.688467921342159173e+00 6.807099943676642617e+00 6.890986667927584186e+00 6.935885636156770673e+00 7.049868427230147283e+00 7.180206688241871582e+00 7.297261980434712747e+00 7.414408178784817061e+00 7.568876667347031351e+00 7.798663683655072454e+00 7.893484695007909835e+00 7.949459421636902334e+00 8.112260700656229062e+00 8.397998286642790688e+00 8.417236390084957165e+00 8.636279243904247949e+00 8.664612456735842017e+00 8.854483210110714708e+00 8.979404634318955303e+00 9.187750727364832670e+00 9.277662296323205382e+00 9.374826228174832465e+00 9.442979922833128370e+00 9.659359178125917822e+00 9.948403898821826630e+00 9.988800636064064875e+00 1.004602907074183449e+01 1.040716880243736675e+01 1.044721594410745702e+01 1.062879615646579801e+01 1.080943210329560245e+01 1.098094766116244436e+01 1.104764912638576568e+01 1.118045538323947774e+01 1.124621035043245953e+01 1.138025182441761629e+01 1.147765675151023324e+01 1.167166281364538705e+01 1.180593294553658268e+01 1.189023181552533615e+01 1.206170918509817902e+01 1.224565314444985908e+01 1.243249736296687935e+01 1.255188651469742211e+01 1.273859171557941217e+01 1.295084607433417112e+01 1.308789960276108033e+01 1.321383655230568976e+01 1.334582986181356112e+01 1.363606547024230942e+01 1.380870262807272653e+01 1.393134047267174225e+01 1.413235713136482019e+01 1.429917845229591045e+01 1.440922425220125724e+01 1.456651338500497239e+01 1.473493308796211032e+01 1.475458575477985512e+01 1.495609226071815456e+01 1.497138154800879128e+01 1.512149230997095017e+01 1.526142958915250070e+01 1.546998280850152518e+01 1.555469419406161613e+01 1.569263250811465049e+01 1.575382548742157596e+01 1.595361854986107097e+01 1.624379321747149163e+01 1.629211285769263995e+01 1.647411997644330128e+01 1.667084566912711452e+01 1.670152599826637640e+01 1.686509068633497677e+01 1.698399680497230335e+01 1.710724000727870830e+01 1.733306910997358230e+01 1.742905208447082188e+01 1.779737565375351238e+01 1.786295354402953350e+01 1.824814044839840577e+01 1.848440874946719958e+01 1.877071128494782926e+01 1.919820375656431466e+01 1.934446096137961035e+01 1.945362840769137591e+01 1.967295135275137241e+01 2.028330935391322498e+01 2.041736763275905986e+01 2.075850264758274477e+01 2.097914183076873229e+01 2.114175842688069196e+01 2.184349006244980274e+01 2.230892979058581105e+01 2.242546675893007091e+01 2.281809550981361667e+01 2.443215920680113484e+01
-2.023928688874095105e-01 7.963357648975850633e-01 8.875073445881127565e-01 1.079338080258448240e+00 1.274260104829245011e+00 1.451395739787712413e+00 1.526716965728898368e+00 1.737937265641985585e+00 1.844311441174182109e+00 2.058845794399786655e+00 2.232723846236529752e+00 2.442389860785953104e+00 2.490939162595234180e+00 2.675076114996830956e+00 2.859465407270490811e+00 3.017585334992249901e+00 3.095977013944408718e+00 3.131824013270489093e+00 3.256136074849803386e+00 3.302586036231967004e+00 3.408540258913472787e+00 3.507964204749241865e+00 3.570451501710231401e+00 3.675939463657412087e+00 3.792306487125664205e+00 3.835559384349080503e+00 3.925974717711106621e+00 4.001178347678342462e+00 4.099556716180462246e+00 4.269551648002749999e+00 4.337888408592051270e+00 4.555445106702912916e+00 4.602958019929961786e+00 4.689204480736728797e+00 4.775730799882816235e+00 4.924727780815862488e+00 5.219541921681374319e+00 5.345307731993055533e+00 5.408781386158659110e+00 5.542167323124118639e+00 5.685408780718807620e+00 5.783754669760371669e+00 5.892815243737978825e+00 5.956744613841065572e+00 6.148036378843630523e+00 6.302657540169478878e+00 6.438419154064964900e+00 6.541376322800112497e+00 6.668109745280825784e+00 6.811543120194456513e+00 6.867780330459388516e+00 6.943233230378152321e+00 7.044952422782614576e+00 7.180599832691276774e+00 7.294731984046956441e+00 7.383117566410017041e+00 7.606237705435983543e+00 7.782815322068580954e+00 7.892333178836045349e+00 7.941218770157511209e+00 8.104952666681858986e+00 8.387848637489215164e+00 8.441362290057840667e+00 8.604664561024209846e+00 8.671259121533907432e+00 8.864877919508796111e+00 8.962408766441138042e+00 9.196037311745877574e+00 9.265968633872898153e+00 9.346316487684928731e+00 9.413199030839281889e+00 9.593236158887769705e+00 9.883385319097895305e+00 9.966073716217298539e+00 1.001848730412164734e+01 1.034567700192087791e+01 1.042576920802229878e+01 1.054082166372106499e+01 1.073094772238098571e+01 1.085422905149584949e+01 1.098310355790103188e+01 1.116076899344363049e+01 1.120760348717887034e+01 1.128035706307199248e+01 1.139615802646352449e+01 1.167695143890857779e+01 1.177837229953171772e+01 1.189445241377608298e+01 1.203467587119983051e+01 1.223145294099242797e+01 1.239134238545648969e+01 1.255185774821696398e+01 1.269415502627677306e+01 1.293173421714221405e+01 1.301108271010499351e+01 1.319250777128994301e+01 1.328210754376916292e+01 1.360030140578132674e+01 1.378960984917743637e+01 1.388207000994874285e+01 1.413698679953089332e+01 1.429331446409217676e+01 1.441091700898619798e+01 1.453559529411772111e+01 1.472692247611576377e+01 1.473184795652910850e+01 1.491734379461051496e+01 1.496829950021873401e+01 1.510230051195587819e+01 1.528925661437724770e+01 1.538702816929456496e+01 1.557641463385435898e+01 1.566863392363437413e+01 1.577107727448836449e+01 1.585870322195185977e+01 1.625640331743566591e+01 1.636314593181128174e+01 1.649715166076926565e+01 1.666044244751928360e+01 1.674161062853844228e+01 1.690755212291595200e+01 1.700663023435532750e+01 1.715839534553122192e+01 1.735491830810748226e+01 1.744296189386714246e+01 1.773408005994714642e+01 1.786772419233510689e+01 1.825497661195100818e+01 1.850578093665706447e+01 1.869541869879401474e+01 1.913083521957586441e+01 1.933222282740853615e+01 1.944644142892983041e+01 1.965994564819065005e+01 2.022908026936243431e+01 2.039705180281729113e+01 2.070378685648035955e+01 2.091336312280494880e+01 2.104667896119891424e+01 2.180368551581788950e+01 2.229912301311272671e+01 2.239586396115592493e+01 2.277914123857461703e+01 2.434161991070583397e+01
-6.688700420815129055e-01 5.513682599976814647e-01 6.940717174578964199e-01 9.546346351657394314e-01 1.093847985158567626e+00 1.244469588514387492e+00 1.411971506858795466e+00 1.617602503992100260e+00 1.794540417282434630e+00 1.996034578593118169e+00 2.173722826786289364e+00 2.377165261422652165e+00 2.427637855792202703e+00 2.636387564016107632e+00 2.828440922371766586e+00 2.945285219426707624e+00 3.060523630071423806e+00 3.126503471151475644e+00 3.237301768468773933e+00 3.276702814895543270e+00 3.385139885734383736e+00 3.497012769838824031e+00 3.560647177697541022e+00 3.665573751358087495e+00 3.795516442752844721e+00 3.845497044278054943e+00 3.934716862130729798e+00 4.029118869150987159e+00 4.094194074625394641e+00 4.231589848544623500e+00 4.309707212027154455e+00 4.538042219194728055e+00 4.617348272978959223e+00 4.650651763937660554e+00 4.786286737452057238e+00 4.911852290998507620e+00 5.202635194590236267e+00 5.323903561690924491e+00 5.407220463124814636e+00 5.557291893429264995e+00 5.665397676063768095e+00 5.775886832886698130e+00 5.896688597042787805e+00 5.955527634522965741e+00 6.147465045006639706e+00 6.310804472649421015e+00 6.441366357635207152e+00 6.528779000271169863e+00 6.638017278027262158e+00 6.807340202079233293e+00 6.855590163864141218e+00 6.938969379018383954e+00 7.024709844367323264e+00 7.176366095830204017e+00 7.263686585539534057e+00 7.388909344853896499e+00 7.621750564848801979e+00 7.758836354847923111e+00 7.871788255257202493e+00 7.965171949048982292e+00 8.103642002940008027e+00 8.348797746268644460e+00 8.450391299194446759e+00 8.563123993727225880e+00 8.687797768692270495e+00 8.860875751457109928e+00 8.936996463773882127e+00 9.158653099535408515e+00 9.237620975656184896e+00 9.323581604634750164e+00 9.394201723073029697e+00 9.562171485116310876e+00 9.754141116614396978e+00 9.913654600947689133e+00 1.002172855778882266e+01 1.025988961695286150e+01 1.037399416490587534e+01 1.046737091990316415e+01 1.062236153922202142e+01 1.072753077202762206e+01 1.092538916066817123e+01 1.113037625361006278e+01 1.116035060243497590e+01 1.122053948954473590e+01 1.136626850855643234e+01 1.167598351691946412e+01 1.176665588249321281e+01 1.190282024431984276e+01 1.201570923034947569e+01 1.220111526726712725e+01 1.234291349307701147e+01 1.251236614184790241e+01 1.266799618084224655e+01 1.289015480404652791e+01 1.295640808779953979e+01 1.315698100178836150e+01 1.323473782708842705e+01 1.356854489748341486e+01 1.376327424232406926e+01 1.386090710984064422e+01 1.411330414915958009e+01 1.425652624502698451e+01 1.439831205980095952e+01 1.450917872826852850e+01 1.469902288351787689e+01 1.471888985375381509e+01 1.486256802151008216e+01 1.494642716692323070e+01 1.501988006412470611e+01 1.529264905598138746e+01 1.536342970340024294e+01 1.557750086102947051e+01 1.563665365725356438e+01 1.579658886484480540e+01 1.586657913957887978e+01 1.622121199507442313e+01 1.645278701995879089e+01 1.654219653551898261e+01 1.665160809979261813e+01 1.677875495617892909e+01 1.693205154880646290e+01 1.704122316848789609e+01 1.718838009059948391e+01 1.736380852786179929e+01 1.748471659485159435e+01 1.768682217466641404e+01 1.790186012513524716e+01 1.824072975681491116e+01 1.852253349366873181e+01 1.867852677883810131e+01 1.904817348965098489e+01 1.933795437708208809e+01 1.945185924289535606e+01 1.966222464284125593e+01 2.020410505955860003e+01 2.038275691720384941e+01 2.065506690112629684e+01 2.086229716807871526e+01 2.098389409667046834e+01 2.177937425397137972e+01 2.229213120790479508e+01 2.238202397856908377e+01 2.274799851426474362e+01 2.427280487302116541e+01
-7.160060008419723010e-01 2.816883993252280449e-01 5.350009828291558689e-01 8.371829275097352197e-01 1.002456280098856789e+00 1.095475487030296069e+00 1.316146289573686401e+00 1.569729586919545339e+00 1.748105318336944158e+00 1.966321522651768072e+00 2.150030159511450378e+00 2.321285590134821497e+00 2.387538195488140058e+00 2.599416193527391616e+00 2.813071346517872495e+00 2.861808387452017932e+00 3.019587865357993284e+00 3.130925828661617949e+00 3.226766908667352496e+00 3.262715787014819568e+00 3.345437089537193209e+00 3.500519706570966338e+00 3.557326406260615581e+00 3.660976591487839382e+00 3.790619457093261868e+00 3.864927515643413525e+00 3.943286307015636538e+00 4.044276376028268061e+00 4.092996648356956868e+00 4.193064106881210229e+00 4.306548560972086825e+00 4.512930483936950843e+00 4.582725898155980637e+00 4.655995950826165242e+00 4.803109297776432918e+00 4.907114356413980971e+00 5.180209024779141025e+00 5.302482239184591606e+00 5.407172629932270880e+00 5.580020695851366952e+00 5.640633131811357615e+00 5.768530479884460327e+00 5.894504246723859531e+00 5.951466403955274487e+00 6.144886390782322572e+00 6.314827300679272781e+00 6.443770511010156632e+00 6.507785028838759089e+00 6.619213526666579028e+00 6.793645812303208409e+00 6.841771037963210844e+00 6.925075217776905490e+00 6.996433426140432843e+00 7.172372253995323632e+00 7.228970353296988449e+00 7.405755932533801378e+00 7.612074347871342184e+00 7.735567596935633894e+00 7.856886441992215531e+00 7.995160539593028304e+00 8.100829708533289875e+00 8.278534485701731782e+00 8.416038267666458239e+00 8.544660781188330390e+00 8.699544176832040066e+00 8.832864588209295320e+00 8.914239926443229933e+00 9.090568946615611878e+00 9.156948518590821706e+00 9.289480181661978975e+00 9.410524543823409971e+00 9.528714681044720081e+00 9.588241290173451503e+00 9.844392428604304968e+00 1.002600138768290350e+01 1.018058559706068245e+01 1.030069246751218337e+01 1.043270409306220792e+01 1.054663623114649873e+01 1.062501285562783870e+01 1.088229633876832914e+01 1.107904519799985188e+01 1.111564424380097904e+01 1.121350620733670844e+01 1.136146217933606906e+01 1.166407552781763002e+01 1.177832249770615292e+01 1.190393321135536375e+01 1.200258421057336200e+01 1.216072628804737832e+01 1.228570574839991814e+01 1.244727230981100874e+01 1.265686995209411414e+01 1.283694573057419319e+01 1.292715856103608196e+01 1.309427619740710647e+01 1.321230904065103751e+01 1.353620771232232300e+01 1.373567169113834119e+01 1.386992862065705090e+01 1.404158966055613433e+01 1.419008586136687633e+01 1.439581527259034743e+01 1.450329893240067847e+01 1.466902590680605023e+01 1.469456292367598316e+01 1.481555621055689898e+01 1.488340949549521675e+01 1.499149447799949009e+01 1.529708917231643106e+01 1.539502869892915626e+01 1.555312021475312356e+01 1.564464950248667208e+01 1.582351743827199364e+01 1.588850350047839299e+01 1.618611462142012769e+01 1.652532077977380709e+01 1.657517819711346974e+01 1.666422917771969381e+01 1.681312720880236711e+01 1.693444571738409721e+01 1.708492779065653266e+01 1.720387542723187124e+01 1.737181384495634617e+01 1.753026106322158739e+01 1.766334680024416670e+01 1.794153294083041317e+01 1.822258603072276273e+01 1.851623100528600574e+01 1.870332172123276138e+01 1.895935740325088759e+01 1.935225002430562213e+01 1.946431599108669275e+01 1.967387029391510467e+01 2.019806048109593988e+01 2.037474361731972650e+01 2.061472274697880280e+01 2.082554464068880407e+01 2.094311796542087833e+01 2.176672108986598886e+01 2.228733373232717696e+01 2.237790440845937212e+01 2.272476531090554985e+01 2.422297905284035835e+01
-5.530917517447384579e-01 1.302660095527328199e-01 3.653911745078429196e-01 7.592936186567711410e-01 9.936847061409167514e-01 1.044827664081607876e+00 1.239878225655141275e+00 1.570672439371197049e+00 1.717234569371169695e+00 1.959012906077285177e+00 2.138103996172710630e+00 2.288505469767577960e+00 2.370457852953580691e+00 2.572829885549968054e+00 2.773616495833073792e+00 2.821317210834411782e+00 2.981101004582004332e+00 3.135595454186795195e+00 3.221170390359265223e+00 3.256366211191743520e+00 3.305820347050028918e+00 3.508794302041412294e+00 3.564299607837553285e+00 3.660811913615919622e+00 3.781593506540273708e+00 3.881158170721867862e+00 3.953142962445052255e+00 4.027690710538474050e+00 4.109234643895748107e+00 4.172502781585862408e+00 4.310281705928060703e+00 4.490424475554170236e+00 4.545859000074393030e+00 4.663212305671074809e+00 4.817392772132699896e+00 4.908486336646989301e+00 5.152672292473065241e+00 5.291856574290632942e+00 5.406512541963611085e+00 5.574445802757975521e+00 5.644642048199754569e+00 5.765355995983536985e+00 5.892301360594269788e+00 5.945411594368807506e+00 6.141076096681755025e+00 6.314143680151974358e+00 6.436985291633451567e+00 6.490408109062217434e+00 6.619861642554166536e+00 6.770252248019969166e+00 6.819456580534325241e+00 6.910205609741889354e+00 6.968536215271001311e+00 7.167061045490212834e+00 7.202523094087930566e+00 7.417253677138326395e+00 7.589504040924495598e+00 7.716823435702986345e+00 7.851563516203700743e+00 8.012732585917461847e+00 8.086649733096660242e+00 8.172704666199987145e+00 8.342052394763650014e+00 8.549104258132922851e+00 8.694611972705228453e+00 8.776666650431158345e+00 8.898119659923004576e+00 8.975399322778621070e+00 9.076943626053388670e+00 9.243084571342700784e+00 9.364211708102139653e+00 9.483302811908496111e+00 9.578488369120766066e+00 9.778853085204740836e+00 1.002100573318822363e+01 1.013900269483518990e+01 1.026434086253997080e+01 1.039961913188364306e+01 1.050568073523050217e+01 1.056154149557877986e+01 1.085075087047644615e+01 1.103483886574404771e+01 1.108231756984853789e+01 1.121484780440500195e+01 1.136700478117454693e+01 1.165411689819218921e+01 1.179592003421263868e+01 1.189612416503001668e+01 1.199528227187722784e+01 1.212309326424326095e+01 1.222335893446495625e+01 1.239176400907163611e+01 1.264007786603948880e+01 1.279775568446123835e+01 1.290423115655235442e+01 1.304456865922649023e+01 1.319841798516503495e+01 1.350156837650746056e+01 1.371570171150623985e+01 1.389200163529975285e+01 1.394712463733444885e+01 1.413967142170256075e+01 1.440550219446758895e+01 1.450227416729233632e+01 1.464008134498928015e+01 1.466714044286317353e+01 1.479280632823492070e+01 1.484643160302239195e+01 1.498381033862626133e+01 1.530673921071653432e+01 1.542986315898047778e+01 1.553149451528429381e+01 1.565738953797722743e+01 1.584589236054185868e+01 1.590515666546883011e+01 1.616272156476821209e+01 1.656461292364211957e+01 1.659382980020142284e+01 1.669811073393486822e+01 1.684536182766062495e+01 1.692953528279663544e+01 1.712175862354436617e+01 1.721441476276828197e+01 1.737656335631189819e+01 1.756702970116569062e+01 1.765517113240193581e+01 1.797770038523862723e+01 1.820437960667500832e+01 1.850512536695942245e+01 1.873302245748109129e+01 1.888092560274544951e+01 1.936697263140310454e+01 1.947881729988242228e+01 1.968783517132923677e+01 2.020198447783996798e+01 2.037185425564555175e+01 2.058393950489106317e+01 2.080129653113246135e+01 2.091801561544894383e+01 2.176147147666598869e+01 2.228430931941779392e+01 2.237868449065083709e+01 2.270892631843867449e+01 2.418948901697925180e+01
-2.782732484785315763e-01 8.162664137104284900e-02 1.861807910423225187e-01 7.525616190879490519e-01 9.803977570946085240e-01 1.102856011079121235e+00 1.207386314907995972e+00 1.576281805521215773e+00 1.721774962341064974e+00 1.960702484621833053e+00 2.120934499158938724e+00 2.276634864780753276e+00 2.371341218509388504e+00 2.566752356016930747e+00 2.700441904674553584e+00 2.838847013362837401e+00 2.952175265093996970e+00 3.139102844372126278e+00 3.217313104565818094e+00 3.250819939553417193e+00 3.282398133495548098e+00 3.514201758635963735e+00 3.574821896634890805e+00 3.668021621457982828e+00 3.770254244516662023e+00 3.889583799372871464e+00 3.965112751092660925e+00 4.002379031215362204e+00 4.117813752675199446e+00 4.171540105726362135e+00 4.315460663553966292e+00 4.471562232306739659e+00 4.526021963602047116e+00 4.664164295051318021e+00 4.826623675352951004e+00 4.911753205506315112e+00 5.126460229771145904e+00 5.294711581353097607e+00 5.401508504404407773e+00 5.553197225300013251e+00 5.667248462719915558e+00 5.767283436534536456e+00 5.895648946950656111e+00 5.938687358008101214e+00 6.137555957506459769e+00 6.311290559488151430e+00 6.421215627273971549e+00 6.487903231780728142e+00 6.630550713630979587e+00 6.741243032757609832e+00 6.799418667776652825e+00 6.900190068360074314e+00 6.948000332096435194e+00 7.142422877026226580e+00 7.195606656843668070e+00 7.420590447596764783e+00 7.571678757930387249e+00 7.703302204344772974e+00 7.852065558685883850e+00 7.949350505204613171e+00 8.046449904103008421e+00 8.122125775523571178e+00 8.275936669343103347e+00 8.556468543350758793e+00 8.638589388377779343e+00 8.746728579700679518e+00 8.878817210956430728e+00 8.910404519708759352e+00 9.024977946678298224e+00 9.211278761408935978e+00 9.331534550152221996e+00 9.490501452390587289e+00 9.605690989933368229e+00 9.723271179009575604e+00 1.001309876636623208e+01 1.012337777396903959e+01 1.025649011330863836e+01 1.036686921730517064e+01 1.048669098548213796e+01 1.053102654786418491e+01 1.083028541416517321e+01 1.100967778089191818e+01 1.105826641841774105e+01 1.121543454184138078e+01 1.137473127627976410e+01 1.164951434513123019e+01 1.180702017642957458e+01 1.188763197662819771e+01 1.199262062814639407e+01 1.209876352227952623e+01 1.217271452882783578e+01 1.235736015016994926e+01 1.262068260659062879e+01 1.277862795222163861e+01 1.288318677013722002e+01 1.302144162673950945e+01 1.319121208769136899e+01 1.347447968938139695e+01 1.370358136526895088e+01 1.387517541775928542e+01 1.391911567790478799e+01 1.410560632905953327e+01 1.441528094820455763e+01 1.450064891994066762e+01 1.461604722595866512e+01 1.465327234870330031e+01 1.478337148462466111e+01 1.483264587228823750e+01 1.497916199439800167e+01 1.531411402772770280e+01 1.545678070953809069e+01 1.551769312853745753e+01 1.566575065477590556e+01 1.586034953795963709e+01 1.591456795937349078e+01 1.615095297181954237e+01 1.656548087013194248e+01 1.662325135387311903e+01 1.672398845049758620e+01 1.687128282293040726e+01 1.692479630794806766e+01 1.714243588566433729e+01 1.722447276804866689e+01 1.737757181333400069e+01 1.759005876137577573e+01 1.765378913429469776e+01 1.800400161561740831e+01 1.818908671619237438e+01 1.849783646102775947e+01 1.874845265609498313e+01 1.883137828844863293e+01 1.937698130789701167e+01 1.949049619634567421e+01 1.969843089066096908e+01 2.020820091086012482e+01 2.037177136812194433e+01 2.056419733247956927e+01 2.078753725155480581e+01 2.090461995367986958e+01 2.175995295826963982e+01 2.228268676002602433e+01 2.238071120697242478e+01 2.269978500765865093e+01 2.417025544635646384e+01
-7.908712862874248215e-04 -5.477550450811999793e-04 1.230949720255571107e-07 7.631602170421228903e-01 9.937276593492734289e-01 1.111590384763173844e+00 1.220936000096025653e+00 1.575394931779806829e+00 1.734436815760900030e+00 1.962275694166910611e+00 2.111791660638515644e+00 2.273850406116805889e+00 2.373499893839638997e+00 2.573142263866612378e+00 2.664561932448196835e+00 2.850693484650374199e+00 2.940436176294077608e+00 3.140664367776369481e+00 3.214863245065724850e+00 3.246991076181858116e+00 3.277372924613975336e+00 3.515534050981060865e+00 3.579339272709097131e+00 3.674878165991007251e+00 3.763648492638861587e+00 3.891648528589713774e+00 3.977754686242562787e+00 3.984133584253677807e+00 4.117795991486091545e+00 4.175034113429751947e+00 4.318250940474827715e+00 4.463294914013747672e+00 4.520860391237293996e+00 4.663668880262303418e+00 4.829895628713577693e+00 4.913274964643382425e+00 5.114919438590418643e+00 5.299498382807874997e+00 5.397296268141433373e+00 5.544929151279966106e+00 5.677189231395887603e+00 5.769254630614758739e+00 5.899721310351086601e+00 5.935357139397599013e+00 6.136134792091335832e+00 6.309937753908029912e+00 6.413858300353315833e+00 6.488867974729473076e+00 6.637230977476455074e+00 6.726629989067038018e+00 6.791658973652890730e+00 6.896159687483635281e+00 6.940205800572209149e+00 7.123702199420097081e+00 7.196477823170178034e+00 7.420472820432959082e+00 7.565570705451549749e+00 7.698569422126372963e+00 7.849675105570051770e+00 7.883146910462073720e+00 8.039053368322472082e+00 8.120570655368631208e+00 8.250957858785733734e+00 8.558945602357546534e+00 8.607756133036980728e+00 8.744596549319810563e+00 8.865547629806528107e+00 8.902040283297425916e+00 9.006781359739129300e+00 9.202116274087192238e+00 9.323807033592425242e+00 9.492561289632169164e+00 9.630003400743166964e+00 9.691749988370052193e+00 1.000984121728888354e+01 1.011970700989957983e+01 1.025698434617854282e+01 1.035256754400168688e+01 1.048128302131299527e+01 1.052227292199055420e+01 1.082307593381787747e+01 1.100190148230670673e+01 1.104920212311998462e+01 1.121539405113656684e+01 1.137821113954839625e+01 1.164838789456670654e+01 1.180968068484838618e+01 1.188491364741690681e+01 1.199231693623880801e+01 1.209098620493962351e+01 1.215278838908652226e+01 1.234566121419778817e+01 1.261220642245331902e+01 1.277336520719951096e+01 1.287451961865483696e+01 1.301541374501612225e+01 1.318935246828286978e+01 1.346434433631004879e+01 1.369934932779882608e+01 1.385324255703534213e+01 1.392778414974921475e+01 1.409219822181306014e+01 1.441920036691281659e+01 1.449976342658844430e+01 1.460688916446595798e+01 1.464952044407997178e+01 1.478040049306883397e+01 1.482974985809199353e+01 1.497742960937901735e+01 1.531674075428876236e+01 1.546759413017158558e+01 1.551238362258664694e+01 1.566854113151235417e+01 1.586530198980121398e+01 1.591754397404619148e+01 1.614755557796420860e+01 1.656393211936473975e+01 1.663467639432486322e+01 1.673269885076497943e+01 1.688198809645243514e+01 1.692256585715723105e+01 1.714826881574845174e+01 1.722939546195627969e+01 1.737737043314434260e+01 1.759784856044158730e+01 1.765386507578847741e+01 1.801400932197802263e+01 1.818265380234356599e+01 1.849547840948793009e+01 1.874959817002737594e+01 1.881771256317571783e+01 1.938041456307775690e+01 1.949499816477447212e+01 1.970231504991761895e+01 2.021100179181367906e+01 2.037209548294549677e+01 2.055731810821907857e+01 2.078306266859091167e+01 2.090045194781846405e+01 2.175972956417570003e+01 2.228218179920632380e+01 2.238165578725273974e+01 2.269680345917514330e+01 2.416398875471718455e+01
