1.980185532806927051e-01 3.146368627867724421e-01 3.529136673974467842e-01 3.644454933374661754e-01 4.283642888701136853e-01 5.052311108288620733e-01 5.342393749066574049e-01 5.816432009184571150e-01 6.461857954336939214e-01 6.722351852869687949e-01 7.324931360635600353e-01 7.551574752406409186e-01 7.981419386594766907e-01 8.183151943490171165e-01 8.682905526837317867e-01 9.035335287162503670e-01 9.111399037565111048e-01 9.138106246610965266e-01 9.529210150914669830e-01 9.785094091335851951e-01 1.016363432058256633e+00 1.056757289210297213e+00 1.132238518244555792e+00 1.190770542888685890e+00 1.204015502076142052e+00 1.216701383178970364e+00 1.265497720861219477e+00 1.287110612649803976e+00 1.310777929638302419e+00 1.349226630739771560e+00 1.377330569147066974e+00 1.400583778544160163e+00 1.432339359175883065e+00 1.472764522147268718e+00 1.498647733286741612e+00 1.530568154091394906e+00 1.560186932335460908e+00 1.579267170640475282e+00 1.609917634710263501e+00 1.655572260342490498e+00 1.669495518585710103e+00 1.713881209135450501e+00 1.744800257526737841e+00 1.805228371575599233e+00 1.807597195932985512e+00 1.980590554871696884e+00 2.021661630542936461e+00 2.123434137419628609e+00 2.170093349958537310e+00 2.258232717966790482e+00 2.327317494109843121e+00 2.520103320308114903e+00 2.748918591759486052e+00 2.767946650968443389e+00 2.846271545307650808e+00 3.006691738492272670e+00 3.272635601960564244e+00 3.440368671160204617e+00 3.498210894464874876e+00 3.933814128310074931e+00
1.997885926026386483e-01 3.136049647345276470e-01 3.485886948420899301e-01 3.671205559959526132e-01 4.282269573171806343e-01 5.055871522083261738e-01 5.368492931212260899e-01 5.840928009435879531e-01 6.451083190196177375e-01 6.726854271707469746e-01 7.318100750235255747e-01 7.550347003081092634e-01 7.958999431954033588e-01 8.195697583254591967e-01 8.664361066613137652e-01 8.995875837053286528e-01 9.083456545496607637e-01 9.145575801566924179e-01 9.531849731418040594e-01 9.804063895495037650e-01 1.017172673731471688e+00 1.056584951183874299e+00 1.131718472490446770e+00 1.188308718035994360e+00 1.203216888465589163e+00 1.216252111719528628e+00 1.266684725120143185e+00 1.287526103941373901e+00 1.307910403106845143e+00 1.344447291840402237e+00 1.378200668707879828e+00 1.399683502385621336e+00 1.430597009121478136e+00 1.467390397862427864e+00 1.493468218333859898e+00 1.534069144715001665e+00 1.556029809031226119e+00 1.588164668286352166e+00 1.611859108933376694e+00 1.654005689824429082e+00 1.670859551551964417e+00 1.713584358059304869e+00 1.745172522717033159e+00 1.799286572801264583e+00 1.819494821160213105e+00 1.979877419222349832e+00 2.019372135784248012e+00 2.076503372625173593e+00 2.216396569634496938e+00 2.258016718202065398e+00 2.326045149746716056e+00 2.519489851868470520e+00 2.703019501433873373e+00 2.801964663064715921e+00 2.847549319025625802e+00 3.008044065218210328e+00 3.271124286886894605e+00 3.439416014420471956e+00 3.496434640564261009e+00 3.933743723489813160e+00
2.044570142488847109e-01 3.100327294536355804e-01 3.409548820240576594e-01 3.701932581525634314e-01 4.280357216312105639e-01 5.070096665356408350e-01 5.430158043993745798e-01 5.917840378696910264e-01 6.419620812155057976e-01 6.736173526201226780e-01 7.299536056216138213e-01 7.546228096338580826e-01 7.895076390563250390e-01 8.229741155205744230e-01 8.595435441207129879e-01 8.890273322218775753e-01 9.043372332474951536e-01 9.153762889851277951e-01 9.556342574603657880e-01 9.825433787476758329e-01 1.019605940312807268e+00 1.056330773039240833e+00 1.130040202593290966e+00 1.182079694236378709e+00 1.199063342188801062e+00 1.216364826456819204e+00 1.268355256931290809e+00 1.287886810023121109e+00 1.300439960125371330e+00 1.331960402415889311e+00 1.379782516089023803e+00 1.397088828802715010e+00 1.426437742640260353e+00 1.458296941233960364e+00 1.481218532697327506e+00 1.538126870763260268e+00 1.550758568820810313e+00 1.597753496298975673e+00 1.622713859299222294e+00 1.650648170987270680e+00 1.675320584203773722e+00 1.712531958475410176e+00 1.746063074945714666e+00 1.795320790362858743e+00 1.838373937642909794e+00 1.971263921555558740e+00 1.999043000386036217e+00 2.038187202374123874e+00 2.255426731244500882e+00 2.276002888941627056e+00 2.322081770486322139e+00 2.516708166254245427e+00 2.639974186845671866e+00 2.826712698152681558e+00 2.856063136149859627e+00 3.011969364298861862e+00 3.266863949169122261e+00 3.436232311138808448e+00 3.491632052655049723e+00 3.933543694393888845e+00
2.100268687019885838e-01 3.010878274297033586e-01 3.363676550582299085e-01 3.700918555840397861e-01 4.280371745629577007e-01 5.093785086340663071e-01 5.504635077120680897e-01 6.041725904562059712e-01 6.367988261052858201e-01 6.743312967983926542e-01 7.275324206549735884e-01 7.538001957688222898e-01 7.796419374544726333e-01 8.273057924469905400e-01 8.462549267503980399e-01 8.802089598387954350e-01 9.000784195761578621e-01 9.159248779144278929e-01 9.601469805977469463e-01 9.818308357950621401e-01 1.023019413990567061e+00 1.056506684848510069e+00 1.126885944848364574e+00 1.173571247021560016e+00 1.191522746365184959e+00 1.217019863142044134e+00 1.265605810787167496e+00 1.279873405046200396e+00 1.297891360315857501e+00 1.316946096524981735e+00 1.380223530427152179e+00 1.393520865953734145e+00 1.422545124436071617e+00 1.450274242873187180e+00 1.468397890320557453e+00 1.537741506402484415e+00 1.547383641767187124e+00 1.598414494277045073e+00 1.637692108143642855e+00 1.647342381459285132e+00 1.683541101638260873e+00 1.711558155044497598e+00 1.747453577969186655e+00 1.790249377654419716e+00 1.856174129221408453e+00 1.926996463421923877e+00 1.990057729752159110e+00 2.034836503549795061e+00 2.252590461449495596e+00 2.305930191093674697e+00 2.334778431198456072e+00 2.505552652075978326e+00 2.577772240596482245e+00 2.832152805583680877e+00 2.874658072645476015e+00 3.018033144751492092e+00 3.260590197252240863e+00 3.429871678549665681e+00 3.485305956405588823e+00 3.933245785621225288e+00
2.130386958037125966e-01 2.851043584619167848e-01 3.366084329254224738e-01 3.667946521274195182e-01 4.280954753906286436e-01 5.120136550645969509e-01 5.579389921515868211e-01 6.146315478639936547e-01 6.336331975546668493e-01 6.747634707462948356e-01 7.253042875363163722e-01 7.519234280620141764e-01 7.684076997654607499e-01 8.238687983020721584e-01 8.393073559191795985e-01 8.753554502998159847e-01 8.960262701065805357e-01 9.159557774928341889e-01 9.638035436990711746e-01 9.799562368076719654e-01 1.026071386069734137e+00 1.057435501456515325e+00 1.121844622853346074e+00 1.163701222032001548e+00 1.182230117935655578e+00 1.216434913105814530e+00 1.249688985103325711e+00 1.268659673160429602e+00 1.298832039175724207e+00 1.308480208356418650e+00 1.375566796243373524e+00 1.392218911209605947e+00 1.420446322801804939e+00 1.442194745640691389e+00 1.460244059552424423e+00 1.534189198842169866e+00 1.545097955146516044e+00 1.595449947279925063e+00 1.639746466264527802e+00 1.648688836525671553e+00 1.688608810107984581e+00 1.713126416218951453e+00 1.746538373806931999e+00 1.777391660609197732e+00 1.852753242624804120e+00 1.907909675821574558e+00 1.994605827257362130e+00 2.038121342331478125e+00 2.241166975527836502e+00 2.287880845951833386e+00 2.379385354978717171e+00 2.468699115917326381e+00 2.545268087368069754e+00 2.831188896646840814e+00 2.891257408196016065e+00 3.025461196273105280e+00 3.253299458077726136e+00 3.419196762642211507e+00 3.479402694725310941e+00 3.932896812642757922e+00
2.090566353178349435e-01 2.643385881432059881e-01 3.335636050167419264e-01 3.642419621440311506e-01 4.298635254083718049e-01 5.136787144135603889e-01 5.642602441812345493e-01 6.079278111715613608e-01 6.459932996643511505e-01 6.757682000947685674e-01 7.231963615202300355e-01 7.461534689085728145e-01 7.621857967766249020e-01 8.119159545412182322e-01 8.441317737359799178e-01 8.723815650381604447e-01 8.933698401700145286e-01 9.153930101953158260e-01 9.619616999277754710e-01 9.816030254466130422e-01 1.027675881261770563e+00 1.059183495650848128e+00 1.114589178841032258e+00 1.152884713598280708e+00 1.172044311984100640e+00 1.212142803685621217e+00 1.227053720241935819e+00 1.256782765077423702e+00 1.296988361465902129e+00 1.310056221464566129e+00 1.365896977055262917e+00 1.392945103178064192e+00 1.419615282956850910e+00 1.435270097033979120e+00 1.456857399105890183e+00 1.529875209252369972e+00 1.542517684892132035e+00 1.590557491938746404e+00 1.631405448745383069e+00 1.649276774430002090e+00 1.680773014567970014e+00 1.708270815758521799e+00 1.728378084058576514e+00 1.774217844067676353e+00 1.847800111005869939e+00 1.916644353983402826e+00 2.004526925973458606e+00 2.045370530241306106e+00 2.197308847101378859e+00 2.270967328974712540e+00 2.411093287687550824e+00 2.435447372346297712e+00 2.537529824595488037e+00 2.828406141011384101e+00 2.902414038996385059e+00 3.033267163071012629e+00 3.246047446808123293e+00 3.403919525018030079e+00 3.475161003938446402e+00 3.932549734023617738e+00
1.948366756278702705e-01 2.400282459793712242e-01 3.135902734192875241e-01 3.697156524417330448e-01 4.371259206855356849e-01 5.128228299322765693e-01 5.688777858986698854e-01 5.971337694532456997e-01 6.604927274718320751e-01 6.789999583406041150e-01 7.206097841253072955e-01 7.380858203281260854e-01 7.633728196415218159e-01 8.034624282798344952e-01 8.488513126312341450e-01 8.703673631051085380e-01 8.936311647585436502e-01 9.143691123465239601e-01 9.553903451258294321e-01 9.861842170293655396e-01 1.027206675408132375e+00 1.061654546401415544e+00 1.105051939591698673e+00 1.141006225717431599e+00 1.160836136822893883e+00 1.196632101361353451e+00 1.213767103397024538e+00 1.243702262563257888e+00 1.298123003492938077e+00 1.311527431481368522e+00 1.355902181326004818e+00 1.392044368558860379e+00 1.418803200023323274e+00 1.430958920221879760e+00 1.456347275938181918e+00 1.524645184835883516e+00 1.539402769679357075e+00 1.584469478158067712e+00 1.605396291179609580e+00 1.643485124336401926e+00 1.660416871016893392e+00 1.696828931253568928e+00 1.722097814469679466e+00 1.780895809463536983e+00 1.849233273463683824e+00 1.923119593421946938e+00 2.014426441594848516e+00 2.055236345173600210e+00 2.126133465070501050e+00 2.265091064467867454e+00 2.399594522507762839e+00 2.457038100856322238e+00 2.535430109909691865e+00 2.824682911602767632e+00 2.908379007862748722e+00 3.040567996248472848e+00 3.239822525351281790e+00 3.385004086804183299e+00 3.472623484617527900e+00 3.932252560741174463e+00
1.704396325560561254e-01 2.114721331132744520e-01 2.757922787967686529e-01 3.817366330944440000e-01 4.499712489770591461e-01 5.109801937401939886e-01 5.723651683792834177e-01 5.887341923125835041e-01 6.655328154313462363e-01 6.861958182534335648e-01 7.191594443595367148e-01 7.331762333691456135e-01 7.684467488091102361e-01 7.993364452534414966e-01 8.505332210201770327e-01 8.701762922678180079e-01 8.973657330760482775e-01 9.132720621444794240e-01 9.472325823526810407e-01 9.904348776525986331e-01 1.024456088607458959e+00 1.064197793641924239e+00 1.093644463242566811e+00 1.128013701133578683e+00 1.147262263123558501e+00 1.179133668425434989e+00 1.205198965171997649e+00 1.232604503284964625e+00 1.300903990922699593e+00 1.309536808704848898e+00 1.349201182230596929e+00 1.389136912856067108e+00 1.416220521182419478e+00 1.427269098522169433e+00 1.457607495863129321e+00 1.513210436883830390e+00 1.534441798913738442e+00 1.565540594826711374e+00 1.579142828133574428e+00 1.634863535064712270e+00 1.649337164989481463e+00 1.692835520696734042e+00 1.718024991181776429e+00 1.786199604645670513e+00 1.829991533045548735e+00 1.923685292064856389e+00 2.007424981689897248e+00 2.051352676939855346e+00 2.102165141288117045e+00 2.262669965023345497e+00 2.389707027922885363e+00 2.482053722578473121e+00 2.534937185843383123e+00 2.820357008391746412e+00 2.909858343391596769e+00 3.046881426516705904e+00 3.235476673424055871e+00 3.363941281462822452e+00 3.471302023516529722e+00 3.932037708924473574e+00
1.375358200503581096e-01 1.776473287125627520e-01 2.270967010469125691e-01 3.964616893437943879e-01 4.638839597896037836e-01 5.131951357808177683e-01 5.750002312938218285e-01 5.812828397078489973e-01 6.622635463765860209e-01 6.906394186593857176e-01 7.177299201271496454e-01 7.368345773805441423e-01 7.756610636023179017e-01 7.985181654908165561e-01 8.474813102681652000e-01 8.740593264787220873e-01 9.028820737677092367e-01 9.130224061797256319e-01 9.386614052858492929e-01 9.923706203982574081e-01 1.019650713688684762e+00 1.063759472566921715e+00 1.082992314454369165e+00 1.114692347815938067e+00 1.132061862659007767e+00 1.167098470635278940e+00 1.196015282332323348e+00 1.224709426227190256e+00 1.298734715119839400e+00 1.308662278413547764e+00 1.346635977583349630e+00 1.385433217270775952e+00 1.408546501981029708e+00 1.420754404714352548e+00 1.458645037772800412e+00 1.488025365816693091e+00 1.525923371893626479e+00 1.550476074867345178e+00 1.574007344177876577e+00 1.623271790496300993e+00 1.638749371908980068e+00 1.689933672975597823e+00 1.711403907828777715e+00 1.775613813996554047e+00 1.790003313447024347e+00 1.921059124114481209e+00 1.991889905792978199e+00 2.058117827641600339e+00 2.122417086095470751e+00 2.261360235136451013e+00 2.384596841060442785e+00 2.500815388342397139e+00 2.535432533184979853e+00 2.815738204479238060e+00 2.907679467439500787e+00 3.052171952625129858e+00 3.233662075642798506e+00 3.342154532650698950e+00 3.470737467157576361e+00 3.931915123937113954e+00
9.678245510689714726e-02 1.384356859077317536e-01 1.748618450969829097e-01 4.111173531690489047e-01 4.748742489609104056e-01 5.223408479848739017e-01 5.732779948264417058e-01 5.767552094156613851e-01 6.551295048681713418e-01 6.896281896337232986e-01 7.149810236262407193e-01 7.479581495342949582e-01 7.834805685146625231e-01 7.997132764547777439e-01 8.405990148912062532e-01 8.811616796315533406e-01 9.066446167565670455e-01 9.156097203518993588e-01 9.303059528586027360e-01 9.895954452510337118e-01 1.013415754270073244e+00 1.055272864581265013e+00 1.078400719303645783e+00 1.103986184117923264e+00 1.119142938010439847e+00 1.157898130853275864e+00 1.188445602999318007e+00 1.218953000061387293e+00 1.289566713409822984e+00 1.310795680700799659e+00 1.346143747515744948e+00 1.378982576704691487e+00 1.391889765765975007e+00 1.414151223651801237e+00 1.453440461375475889e+00 1.474139493721282168e+00 1.516795884905445480e+00 1.545077381670142858e+00 1.568099088232212779e+00 1.600068057176282865e+00 1.628965326029461647e+00 1.681698853924927572e+00 1.701734745954936345e+00 1.734767851939094774e+00 1.791743470993039544e+00 1.918795473561629494e+00 1.989396931002709534e+00 2.072287900664594673e+00 2.146279732019217956e+00 2.260574337838797021e+00 2.381816693892524928e+00 2.513027521404403331e+00 2.537122249596168277e+00 2.811224710438716023e+00 2.903018832400807714e+00 3.056594843480980206e+00 3.234763419689713704e+00 3.320907176106181691e+00 3.470605288648212383e+00 3.931871832952209544e+00
4.629774150451800019e-02 9.469789721040752783e-02 1.239224843375332785e-01 4.233248541658163888e-01 4.835305913903202857e-01 5.346454282108822342e-01 5.653584183554499765e-01 5.777934706657734676e-01 6.466728844688717226e-01 6.851226867645434648e-01 7.135917918195834320e-01 7.602648115101190429e-01 7.897619932616899430e-01 8.020037754066280389e-01 8.314307669282371416e-01 8.877559525500334781e-01 9.077372547844878570e-01 9.191662511719471684e-01 9.245923227099757113e-01 9.805385840949795151e-01 1.007205087684164946e+00 1.045625529618736449e+00 1.075430890298342490e+00 1.099615724445900389e+00 1.110540020640178094e+00 1.149765163711886640e+00 1.184598695366970711e+00 1.213708038922535648e+00 1.278617609326286653e+00 1.309391530573778661e+00 1.346296643756091038e+00 1.361629112646018713e+00 1.385446296977234759e+00 1.407103343658067995e+00 1.443827364526278467e+00 1.474495476152310580e+00 1.506413181269951718e+00 1.521732577443014600e+00 1.561375313738947002e+00 1.589065436920341634e+00 1.621792749732501759e+00 1.669916148335121697e+00 1.698182525488721506e+00 1.722511537452639407e+00 1.792706568142868218e+00 1.917125936958235410e+00 1.990285355531964173e+00 2.086314186909716817e+00 2.166393320386481580e+00 2.260103720871299515e+00 2.380249828376370669e+00 2.519405726289136283e+00 2.539912131397606743e+00 2.807324672079853478e+00 2.897564315497333620e+00 3.060146697703810759e+00 3.238789449023894651e+00 3.301470077855228169e+00 3.470677006032144796e+00 3.931878463109684585e+00
-3.429247486221793928e-02 4.802079780347880827e-02 7.393754383063595725e-02 4.312912331143160527e-01 4.908038887094963165e-01 5.436484403990667902e-01 5.590877008106613921e-01 5.790810528242197330e-01 6.393359797476582118e-01 6.801356040749065857e-01 7.133708735537999113e-01 7.712777485066649730e-01 7.934378263583650170e-01 8.032905579252794803e-01 8.221674746121333532e-01 8.901013675674298575e-01 9.066611540294804428e-01 9.200224106653821510e-01 9.254183035316470018e-01 9.704479500677796189e-01 1.002504001736199468e+00 1.040115033653490340e+00 1.073241247076344163e+00 1.097977582113734085e+00 1.107472506258451617e+00 1.143581827508442172e+00 1.184661688982963534e+00 1.208051471373268404e+00 1.268613800443619599e+00 1.304371363606042333e+00 1.347091972503946078e+00 1.349071275811401627e+00 1.384659027698111000e+00 1.397823364449003236e+00 1.437355492813861435e+00 1.476854460364994015e+00 1.491195288081115233e+00 1.503914952399123539e+00 1.561031537289766291e+00 1.591372059319877019e+00 1.616126592361477154e+00 1.663753259246602667e+00 1.697724894908662518e+00 1.718198502384850501e+00 1.793080042477047886e+00 1.916044932063997841e+00 1.991106314855062953e+00 2.096302772702271611e+00 2.179653986347190653e+00 2.259852600729446603e+00 2.379430653756819947e+00 2.521998025734195625e+00 2.542461311181709149e+00 2.804624719512939013e+00 2.893246197316011958e+00 3.062540149354516128e+00 3.244848832825396379e+00 3.285718476430496526e+00 3.470789137833322435e+00 3.931900640957434856e+00
-2.179342319817873810e-04 -1.360595310276718740e-04 -6.369759144672302341e-08 4.340447050140649465e-01 4.940353990974498677e-01 5.462729066921804266e-01 5.568557682889559990e-01 5.799649177742807193e-01 6.362638785657445117e-01 6.779741090127742176e-01 7.134122786960551688e-01 7.767379767115897282e-01 7.953185514153154889e-01 8.017354957024868112e-01 8.182630134427011370e-01 8.898089673903851748e-01 9.056108376338193322e-01 9.215148466554458073e-01 9.259230164363304594e-01 9.664501028451728537e-01 1.000625351485883607e+00 1.038413288056958983e+00 1.072754703514314345e+00 1.096897323840903882e+00 1.107495546731919189e+00 1.141199043741021768e+00 1.185932263833535893e+00 1.204682806272163509e+00 1.264372587512539559e+00 1.301663400758925171e+00 1.344839266536493438e+00 1.347827733074867362e+00 1.385001872951749036e+00 1.392698124729673692e+00 1.435525671495099909e+00 1.477246507963144939e+00 1.485037795173822062e+00 1.499816415632140520e+00 1.561299221904109302e+00 1.593576516123689890e+00 1.613496812980910855e+00 1.661929985172049928e+00 1.697745228030739684e+00 1.716929403420328404e+00 1.793164061231547146e+00 1.915667521022428987e+00 1.991380652742137380e+00 2.099897241283447791e+00 2.184277768878601922e+00 2.259773823221381317e+00 2.379174512658388529e+00 2.522663434296847473e+00 2.543443949431981377e+00 2.803651033551635585e+00 2.891610951919182604e+00 3.063395442671926094e+00 3.248719993271684370e+00 3.278536635176032554e+00 3.470838458912190116e+00 3.931911413978058878e+00
-3.352576212481427065e-02 4.418245093121354883e-02 9.246633837273000867e-02 4.352586470322295509e-01 4.890138414736527883e-01 5.414533122530187370e-01 5.632043800280084334e-01 5.793192952189721856e-01 6.358235009430114326e-01 6.754954617657868976e-01 7.122092128157350155e-01 7.763149622495152391e-01 7.948239662364073865e-01 8.021077073988012174e-01 8.183039232329888391e-01 8.903691400175848258e-01 9.021117875274009545e-01 9.235093975616098794e-01 9.294553280843329546e-01 9.658226193878906018e-01 1.000309227273485480e+00 1.041430578436388199e+00 1.075065679966456411e+00 1.097347856050400638e+00 1.112250502342590153e+00 1.142800336295273889e+00 1.186337193836417558e+00 1.207266148868148870e+00 1.267335405521943903e+00 1.303317266192808521e+00 1.342517681394032270e+00 1.351014617266323103e+00 1.389602396724274103e+00 1.400618019401053349e+00 1.439537994002158205e+00 1.475323572590771182e+00 1.488735497628682625e+00 1.504790289101953782e+00 1.560466861510904302e+00 1.594138192868788328e+00 1.614508411037322233e+00 1.664376437666456932e+00 1.699876356137040467e+00 1.717625801712829858e+00 1.793611933116702195e+00 1.916342498602817024e+00 1.990707393857231944e+00 2.095770152746109449e+00 2.178248988806463338e+00 2.259722753506710813e+00 2.382238928927253419e+00 2.522442919325311728e+00 2.542631620986750995e+00 2.803864104841654381e+00 2.894485020531927688e+00 3.064456276368949350e+00 3.248250924474317181e+00 3.279290594450172680e+00 3.470812628613406225e+00 3.931866581031317143e+00
5.764893786219154465e-02 8.960979097648051617e-02 1.607267935875779929e-01 4.385808253170306870e-01 4.754401365779247213e-01 5.371885688013142701e-01 5.658445994974152793e-01 5.820505851628193783e-01 6.361101149080795603e-01 6.689139962048969990e-01 7.089559029727863226e-01 7.747676072085852850e-01 7.925900070695031108e-01 8.033323435389927436e-01 8.190454840291677696e-01 8.902843761331969974e-01 8.965479960395774661e-01 9.280064521388681209e-01 9.374620637064963180e-01 9.640921139475493451e-01 1.001276053891467122e+00 1.048165765629718527e+00 1.079207627909000600e+00 1.099637354479664708e+00 1.121841525950524554e+00 1.147172534667354249e+00 1.186869042354075310e+00 1.215022667944808399e+00 1.276032800986635962e+00 1.311427966289188785e+00 1.340343525058238949e+00 1.351113271297614382e+00 1.393355309575228906e+00 1.424689360985159858e+00 1.454596754824278637e+00 1.474024637717206154e+00 1.493564783621961878e+00 1.527374129708388040e+00 1.558341503890446678e+00 1.596206713183763393e+00 1.617693406314793858e+00 1.672020440741242675e+00 1.706790392166043890e+00 1.720339209293033855e+00 1.795235917298143580e+00 1.918317324915565170e+00 1.989083199766860988e+00 2.084102878105629664e+00 2.161072686253135089e+00 2.259717803435256300e+00 2.391057213802543657e+00 2.521458190684183087e+00 2.540190829942039930e+00 2.804308799950195663e+00 2.902432890345798544e+00 3.067607754966440226e+00 3.247010183423971075e+00 3.281470856929424862e+00 3.470758270298841985e+00 3.931743652827549340e+00
1.051111461414574316e-01 1.359610566067772086e-01 2.286756528515243581e-01 4.404925006768199980e-01 4.603872412304048090e-01 5.336377268750746028e-01 5.598003324315391493e-01 5.904137254478420971e-01 6.382616559803028222e-01 6.605088595934396345e-01 7.044461334644679384e-01 7.714990946949857875e-01 7.889756949163102551e-01 8.039054086407869670e-01 8.217503441319936597e-01 8.828744599152789085e-01 8.980338294976353275e-01 9.312136731765813247e-01 9.479148304230454736e-01 9.644489335269448294e-01 1.005003617033108032e+00 1.055884244374669434e+00 1.081214806594299693e+00 1.104758146356006110e+00 1.130565253598363906e+00 1.153664115981676286e+00 1.188490935276344418e+00 1.225486319360882037e+00 1.283491936779791009e+00 1.321504841601288449e+00 1.345770031889659046e+00 1.351967477601178080e+00 1.396746015469779278e+00 1.436427992098350259e+00 1.476005151122128156e+00 1.481566560057667070e+00 1.498168593365531764e+00 1.555674741490239876e+00 1.569830985900260822e+00 1.603506293324311605e+00 1.624223758833417186e+00 1.686260956208168960e+00 1.717637103619693573e+00 1.731153166164380419e+00 1.799774618161301021e+00 1.921452086758959288e+00 1.987838390845900305e+00 2.066811788284969698e+00 2.135306127960090006e+00 2.260218751891872380e+00 2.404915876998769519e+00 2.518213989751054260e+00 2.536877040092657243e+00 2.804562827272504055e+00 2.913470048358727471e+00 3.072832782105978211e+00 3.245432876049344717e+00 3.284859135464903268e+00 3.470738794419574891e+00 3.931573376656496865e+00
1.428329102833389153e-01 1.800597870268038636e-01 2.937455001713990543e-01 4.290295496355206462e-01 4.590326386213220977e-01 5.251493294218727570e-01 5.577455741796750743e-01 5.978211329121728701e-01 6.385419829956906490e-01 6.553834186070187640e-01 6.993882115729049831e-01 7.664618819709325681e-01 7.839036742307141648e-01 8.038796431797718967e-01 8.264014326483410944e-01 8.730753284625273336e-01 9.024508615275811385e-01 9.299186495239754047e-01 9.581897686645999279e-01 9.726941416309164978e-01 1.010614041868205470e+00 1.061882472138489630e+00 1.082352002560869497e+00 1.112895136628421211e+00 1.137550315747262841e+00 1.161611477919915814e+00 1.192584168691201318e+00 1.237172678566451189e+00 1.286453709596553585e+00 1.320405080189485325e+00 1.346522668674745793e+00 1.375056451118165768e+00 1.399205172117412355e+00 1.440231106502383618e+00 1.481816845850853603e+00 1.501766265657757948e+00 1.508127012826049551e+00 1.556042113615098144e+00 1.590099469493960527e+00 1.621309456209371946e+00 1.640422840256879677e+00 1.703393880152136886e+00 1.727880994311028484e+00 1.763110738845245162e+00 1.817907666305754066e+00 1.925518072002231129e+00 1.989612684610811755e+00 2.047575593554718854e+00 2.105166879241171074e+00 2.262490098892161683e+00 2.423206179042701969e+00 2.509573520932114832e+00 2.535214007470847797e+00 2.804219671471656739e+00 2.924635922475478100e+00 3.080264177331620168e+00 3.244085379847558848e+00 3.289133726431159754e+00 3.470842359188310855e+00 3.931395415978979013e+00
1.742729841903749299e-01 2.192499419077841294e-01 3.486694239709142717e-01 4.151744133295171557e-01 4.624860039872114581e-01 5.139682698093803737e-01 5.620463613832092920e-01 6.037813304571699735e-01 6.340116479442207131e-01 6.576748416501548844e-01 6.943698897147625448e-01 7.603704010031497873e-01 7.772047666450685455e-01 8.041529459504677124e-01 8.313160071649363658e-01 8.643754411091708612e-01 9.070056181620850255e-01 9.257289335690062071e-01 9.689834779195333203e-01 9.864713883959798091e-01 1.017113442404602219e+00 1.063209717918408570e+00 1.086327394854800676e+00 1.122034171131269131e+00 1.145649943890566069e+00 1.170751928867288072e+00 1.197946679950877336e+00 1.249933707475982869e+00 1.286636692234697676e+00 1.318340633999334433e+00 1.347335375502065169e+00 1.394608352323011058e+00 1.403410041788858198e+00 1.443556578196226514e+00 1.487528158749461760e+00 1.507895196060851095e+00 1.524546181688727575e+00 1.566166259296340124e+00 1.596656002145007358e+00 1.633815081111582135e+00 1.660041600672804929e+00 1.713140354565352963e+00 1.740672058264923772e+00 1.784217975777252940e+00 1.863996567011998451e+00 1.929912764509232215e+00 1.989808468171048172e+00 2.043036612068907409e+00 2.079117599640165626e+00 2.270173336684741194e+00 2.444768117628005832e+00 2.494315920679263776e+00 2.536880396700841533e+00 2.802959610506319255e+00 2.932834994906588388e+00 3.090125827817824522e+00 3.243520436437442367e+00 3.293880962248973532e+00 3.471161728230522492e+00 3.931245941056912940e+00
1.999542926939277543e-01 2.523516994827760263e-01 3.741714575867642889e-01 4.188956237987904174e-01 4.613326780698254193e-01 5.069057887728257716e-01 5.682048790000379102e-01 6.095711381027097975e-01 6.337368663332170193e-01 6.621614874633651171e-01 6.905492259837721081e-01 7.540604575575582391e-01 7.700000883990700817e-01 8.042614279478673689e-01 8.330568645691127649e-01 8.606242399774045593e-01 9.073463324367034843e-01 9.249396139382081161e-01 9.809751309265374308e-01 1.000901625157207597e+00 1.024044313903723635e+00 1.062133082548286644e+00 1.091192776428066669e+00 1.128554652712883355e+00 1.158367760552307946e+00 1.181573386814861237e+00 1.202496712533053014e+00 1.262809497422941796e+00 1.285934581927950182e+00 1.318762599715475492e+00 1.350678579431295878e+00 1.396460497826849556e+00 1.417808061894901162e+00 1.448483924060343986e+00 1.492343791493890848e+00 1.510080863129551476e+00 1.531582403780136215e+00 1.581633192724608783e+00 1.604189454691619998e+00 1.646567224839102783e+00 1.682161912875698606e+00 1.719385643337955072e+00 1.751773526254222890e+00 1.795715174532638070e+00 1.890181758448761906e+00 1.932709271442677901e+00 1.967010710458136247e+00 2.044619687949924547e+00 2.101295536630328087e+00 2.292623054142738148e+00 2.458076229801505530e+00 2.482681154358310494e+00 2.542803578114966268e+00 2.800518950806193175e+00 2.935940331919565605e+00 3.102329362544375080e+00 3.244144440553132114e+00 3.298629134623459969e+00 3.471772181657397205e+00 3.931147821229876715e+00
2.193386830827492862e-01 2.790664284100953241e-01 3.706122619280234898e-01 4.327215202291789242e-01 4.600608593556193004e-01 5.048307088804384613e-01 5.715759325369442756e-01 6.097612535132715950e-01 6.471824138027771900e-01 6.682771337500026387e-01 6.904828314975461900e-01 7.481412975187820003e-01 7.640430862126306177e-01 8.036144273883344402e-01 8.292226037681386108e-01 8.639059776528069667e-01 9.024019461035901468e-01 9.293503203909752042e-01 9.929778156209799755e-01 1.014367650330821213e+00 1.030966274939311589e+00 1.061723148079134038e+00 1.094558931795905687e+00 1.132203645063501352e+00 1.173581522292990176e+00 1.192574167669464336e+00 1.207047584647017890e+00 1.273040832507735587e+00 1.287996756912362928e+00 1.321308244939698007e+00 1.355266897982279062e+00 1.398522408763455793e+00 1.429935936334332025e+00 1.454287278962248520e+00 1.496327609511802326e+00 1.509281661320968526e+00 1.536629872370277150e+00 1.589469144502068998e+00 1.612244908560328760e+00 1.657321908346218731e+00 1.704982304013516359e+00 1.726437037483261827e+00 1.762904324443600901e+00 1.808760118330339006e+00 1.891780920471878957e+00 1.924496002049665089e+00 1.945944962213868923e+00 2.032750726706663347e+00 2.145307985707140208e+00 2.342247870447748070e+00 2.433533405689894291e+00 2.500149629522670836e+00 2.556952461957190614e+00 2.796691351971908102e+00 2.933466134997396502e+00 3.116132829390717784e+00 3.246106255532171581e+00 3.302934037909800224e+00 3.472706034839327938e+00 3.931106624161861074e+00
2.315421738706267551e-01 2.996129256347621617e-01 3.638687886101176772e-01 4.322168711718992751e-01 4.635304851827322659e-01 5.065450053465891944e-01 5.714955586344612204e-01 6.036483921319304446e-01 6.565529038732479394e-01 6.816399466104987592e-01 7.009619834268026040e-01 7.433522790269629921e-01 7.617207313306436633e-01 8.022744549315479201e-01 8.231252343610209188e-01 8.697104304412659470e-01 8.967771438814020613e-01 9.348907954556923139e-01 1.003589328457316077e+00 1.026228278430740826e+00 1.037436012196006230e+00 1.063160329941146953e+00 1.096269550088119438e+00 1.134561075929238605e+00 1.186272133084877334e+00 1.198589446573785855e+00 1.216197874732625861e+00 1.277957180848665386e+00 1.296158941409117915e+00 1.325064890010726693e+00 1.359028748610119797e+00 1.405281842729827924e+00 1.440046396164536002e+00 1.459165545285843857e+00 1.497265366801443065e+00 1.512016212952147720e+00 1.541875299784440490e+00 1.593328171312400121e+00 1.617350653687478212e+00 1.665778782199690555e+00 1.714193266123910542e+00 1.728657268835666949e+00 1.774727116509891012e+00 1.819701804568728321e+00 1.886623266221747697e+00 1.910022498183919337e+00 1.947211292036520325e+00 2.026784397007854732e+00 2.166354658541909117e+00 2.394354044247427815e+00 2.410338703918318615e+00 2.516245616128172546e+00 2.584938930705158899e+00 2.791422371232876731e+00 2.926330328703423689e+00 3.130346870971296713e+00 3.249205373818568887e+00 3.306486090315384985e+00 3.473923199291511832e+00 3.931112788163833471e+00
2.365135461750598467e-01 3.141853547386436185e-01 3.595402693612327338e-01 4.275441145001725451e-01 4.655145600784541537e-01 5.106643579049238157e-01 5.685845531622276683e-01 5.959480541048500779e-01 6.570673486919975659e-01 6.905405505411117417e-01 7.177162373803516182e-01 7.419675360742880033e-01 7.680885494151480364e-01 8.010354045326302241e-01 8.174705043575055674e-01 8.735011076618741654e-01 8.929139297073381831e-01 9.406899199459122229e-01 1.011971133369009790e+00 1.034585029003197043e+00 1.043953075832241284e+00 1.066735674755761920e+00 1.096791149417857936e+00 1.135830062909354732e+00 1.192504470024147389e+00 1.203561927041188140e+00 1.226217097343436091e+00 1.281049395810468949e+00 1.306260388550758211e+00 1.329484237950326664e+00 1.363430566860373006e+00 1.414152525360180768e+00 1.447964721321447490e+00 1.461248589610175674e+00 1.495194490418739752e+00 1.521962982024686495e+00 1.548918944031079770e+00 1.596207798799722521e+00 1.619815627955048187e+00 1.672130973505443263e+00 1.714516778543425435e+00 1.725540644365007203e+00 1.773140138130867127e+00 1.808188556096786970e+00 1.874126149668503771e+00 1.934045660494376762e+00 1.961950837029346362e+00 2.026462873039258206e+00 2.174265756895606305e+00 2.349682067125765439e+00 2.467520006317039272e+00 2.528458100609328518e+00 2.623050476251028496e+00 2.785035375182787210e+00 2.916211713420489460e+00 3.143729142971416035e+00 3.252855832675328518e+00 3.309171105403343471e+00 3.475287124903130298e+00 3.931147744742511829e+00
2.360962710177899881e-01 3.227237132423325661e-01 3.590250337478682607e-01 4.222386540369150731e-01 4.689805898331809719e-01 5.136948169530088926e-01 5.632034636439232633e-01 5.901491190349946736e-01 6.557799211799557604e-01 6.974364620476702914e-01 7.205072269621435321e-01 7.432050168600365936e-01 7.830806487419506023e-01 8.022611076284685838e-01 8.135232670376775221e-01 8.734173073469759796e-01 8.916653842088315685e-01 9.470011458941511862e-01 1.017898134983273195e+00 1.039102826080643416e+00 1.049453467092860803e+00 1.072354562020616298e+00 1.096047938809383115e+00 1.135975112817930288e+00 1.194121774814263182e+00 1.209117569159115835e+00 1.233053872111885108e+00 1.282654503829736337e+00 1.315800389443139373e+00 1.333532230863454515e+00 1.371362331456051020e+00 1.421519376607503382e+00 1.448504133149386641e+00 1.462620585768483750e+00 1.494071987120526135e+00 1.532607351761324121e+00 1.562574381314467686e+00 1.598943181504024924e+00 1.620714817831361065e+00 1.672531327660474521e+00 1.708104734392542845e+00 1.726307390730434266e+00 1.760034049805246692e+00 1.788683620638001015e+00 1.864650640746595034e+00 1.944401316304419813e+00 2.002289467193135941e+00 2.040644200678323639e+00 2.177399146769714022e+00 2.297561901755887259e+00 2.500971524262956880e+00 2.545653759594916021e+00 2.660318920172174195e+00 2.778595963784398659e+00 2.905270159005431285e+00 3.155008301031306583e+00 3.256217947504844723e+00 3.311030398040111677e+00 3.476567609252691149e+00 3.931190776695435041e+00
2.336686512602835497e-01 3.262955520248237429e-01 3.611928502278156650e-01 4.173338486115133472e-01 4.746420763077090488e-01 5.136449004727857703e-01 5.580598635880696934e-01 5.871647655475342731e-01 6.545184423300453025e-01 7.030203883415320210e-01 7.181330663104770196e-01 7.437004094968081569e-01 7.897671453085871596e-01 8.067644061496161978e-01 8.146338566896431654e-01 8.714666523767817807e-01 8.916061465570190858e-01 9.526160762012437777e-01 1.021327483702763050e+00 1.041628823749546573e+00 1.052655011995783152e+00 1.078022611313947721e+00 1.093999063353719992e+00 1.135657773120034575e+00 1.194931342121561491e+00 1.212299963014880744e+00 1.236966052349682821e+00 1.282593893629133674e+00 1.323101696559937590e+00 1.335905584309424299e+00 1.381998639950201113e+00 1.426679988588422932e+00 1.440527914341511062e+00 1.464887928305481424e+00 1.494437445684156707e+00 1.538151145122172103e+00 1.581649869281790188e+00 1.603059115903298970e+00 1.621235056384608519e+00 1.660692016416507544e+00 1.705672650120096279e+00 1.728787883939227887e+00 1.746244675742167907e+00 1.774458164029300455e+00 1.859385049898877984e+00 1.947087774076039279e+00 2.014491821477985223e+00 2.092807986926088937e+00 2.179428554980609167e+00 2.241207762520553093e+00 2.512245274294214958e+00 2.565326419504589950e+00 2.686346169474884693e+00 2.774004498013256992e+00 2.896349612639341764e+00 3.162726772955083643e+00 3.258519569124019633e+00 3.312138192937742698e+00 3.477490270095451308e+00 3.931224270489494632e+00
2.324287021596901370e-01 3.271484869103907234e-01 3.625457616104037495e-01 4.152458741267409659e-01 4.778043749702531873e-01 5.126117321677260419e-01 5.561090961728790694e-01 5.862828185635990952e-01 6.540192615893902772e-01 7.055185338461134048e-01 7.165650406134896899e-01 7.437990603394636357e-01 7.905111184886973730e-01 8.070622257471676830e-01 8.182438998297039134e-01 8.704428889916198120e-01 8.916216488033962273e-01 9.549482701334430779e-01 1.022418215470124681e+00 1.042479415343538385e+00 1.053868092715708693e+00 1.080502634320751110e+00 1.092605901547989422e+00 1.135504942766906167e+00 1.195278474024487725e+00 1.213193534919393857e+00 1.238287391130483028e+00 1.282323726992984358e+00 1.325920431810271749e+00 1.336529287471321936e+00 1.387913618746423161e+00 1.431103794728083134e+00 1.432675538951972083e+00 1.465707975376540295e+00 1.494842538329556714e+00 1.539765613690166512e+00 1.589703871479058783e+00 1.608919181321390113e+00 1.622511460562134467e+00 1.648955007259875316e+00 1.706121633350972333e+00 1.729705788422464474e+00 1.741497843900087439e+00 1.768698317810349474e+00 1.857691520884299452e+00 1.947825221679807317e+00 2.015950382974538435e+00 2.132026345457400662e+00 2.186641298288615420e+00 2.197204941928011301e+00 2.514731889124982356e+00 2.573434791702207569e+00 2.695378247695066065e+00 2.772526901878552774e+00 2.892794012990909547e+00 3.165499269075940258e+00 3.259325098294943324e+00 3.312510972247660668e+00 3.477827463931541629e+00 3.931236752508429966e+00
1.824715370337941234e-01 2.646298883647461575e-01 3.418852394211680523e-01 3.759011911395777061e-01 4.334914039253311424e-01 4.956284695105354077e-01 5.223261767808191625e-01 5.684009799715389333e-01 6.127844053785219680e-01 6.339536694765799396e-01 7.044850268719915487e-01 7.174320141829019226e-01 7.626035258217427337e-01 7.785532933768530839e-01 7.952496696245168195e-01 8.323202580519264426e-01 8.510090613850439523e-01 8.847495519035993849e-01 9.281470894432396479e-01 9.908253793945976939e-01 1.037234078948580329e+00 1.069786849831174669e+00 1.078509717869465145e+00 1.114852181878003501e+00 1.125919388989291781e+00 1.186969422896387849e+00 1.198868602832290797e+00 1.251967896850840978e+00 1.279766634017364568e+00 1.304221201136444019e+00 1.339577672443570178e+00 1.355159730566856791e+00 1.363314682710988768e+00 1.404674728033873166e+00 1.454996183774420304e+00 1.487148903582835358e+00 1.507599870113469409e+00 1.545080605926791417e+00 1.575163603207774932e+00 1.613369820399198629e+00 1.657641539775979833e+00 1.685441884540798352e+00 1.742807937294571285e+00 1.766596380365571095e+00 1.834663628202043206e+00 1.928351352192923418e+00 2.035495806210021019e+00 2.182673423364158261e+00 2.208602951336483766e+00 2.254707863684551672e+00 2.485024086230468221e+00 2.536925373056866384e+00 2.785056363821277525e+00 2.834259766496135757e+00 2.894342289698268456e+00 3.089243871797487717e+00 3.225808376351008366e+00 3.463552181584335976e+00 3.502717731915669486e+00 3.916631292387618313e+00
1.851623062918267004e-01 2.655546872187714014e-01 3.419330148990266105e-01 3.801974476187214846e-01 4.344880257038871707e-01 4.938139718016966717e-01 5.227517106179626616e-01 5.670785523822075014e-01 6.150320453423933076e-01 6.326298091563815618e-01 7.035727025585172267e-01 7.239427901337612825e-01 7.626710105594092237e-01 7.789304071364118176e-01 7.976550494864014240e-01 8.327950726783410751e-01 8.519025132467258343e-01 8.863863403586247358e-01 9.287208582615534835e-01 9.910077392871483593e-01 1.037784487467666938e+00 1.068644399701047965e+00 1.077638890423480156e+00 1.115535700303248667e+00 1.128805851232549839e+00 1.191159373325066273e+00 1.203780035899786771e+00 1.253076849373539137e+00 1.283600690618327933e+00 1.305835059302500101e+00 1.336094351030740590e+00 1.355343150537371644e+00 1.371845419593045401e+00 1.405388252956232487e+00 1.454463063278232937e+00 1.486176490905405378e+00 1.508872757937352205e+00 1.545039373110895342e+00 1.576309160799352904e+00 1.613443191127842846e+00 1.656882721181960783e+00 1.685558063644819526e+00 1.742338701958402680e+00 1.767631115973192113e+00 1.833889534765954066e+00 1.928928808440975917e+00 2.033753558480425827e+00 2.181322934773324729e+00 2.197714809414243131e+00 2.253941547967503567e+00 2.485382996482420115e+00 2.536635718918248017e+00 2.786450436775032902e+00 2.835958896946896957e+00 2.893924685734345026e+00 3.088545456085018959e+00 3.226442981585861958e+00 3.462825029825700618e+00 3.502178743991651633e+00 3.917036364192264308e+00
1.914336885934773969e-01 2.688863235545106423e-01 3.438780527435696954e-01 3.903222102926333092e-01 4.371228372766522430e-01 4.881557433679084013e-01 5.237228441949448587e-01 5.656291668389413774e-01 6.185160648724997712e-01 6.317149389787365399e-01 7.036426269579194592e-01 7.349023771249585391e-01 7.648634363696976690e-01 7.809887525504668471e-01 8.031290314849227618e-01 8.345159092756131436e-01 8.546416963796765742e-01 8.894930930730230445e-01 9.313743677398313991e-01 9.916280228269129804e-01 1.038975903363298148e+00 1.066769838708062190e+00 1.075914211728789649e+00 1.116597914901662936e+00 1.133260689692328516e+00 1.194411911094676038e+00 1.218918445427329189e+00 1.255923388477535818e+00 1.294383906123325545e+00 1.311074482165878852e+00 1.330303595219205937e+00 1.360375614351914342e+00 1.390001385840980541e+00 1.411586605973491837e+00 1.453783236967346015e+00 1.483520019809003498e+00 1.512824503082729866e+00 1.544908432395136977e+00 1.581256318493148294e+00 1.613752221737170478e+00 1.655258990440379607e+00 1.686091238547676063e+00 1.741090170061898812e+00 1.770356836589280336e+00 1.831844496608606709e+00 1.930432620851036507e+00 2.028651937017650564e+00 2.158098306297028923e+00 2.187201713646941048e+00 2.251925295403502947e+00 2.486156404019427058e+00 2.535798253790154444e+00 2.788935045408405866e+00 2.840173027994231880e+00 2.892830378342497788e+00 3.086548956372811681e+00 3.228106148266341346e+00 3.460607817606717429e+00 3.500572215995919834e+00 3.918203989408112875e+00
1.980514566238436858e-01 2.747947872968984906e-01 3.489026082205785584e-01 4.025469574289109453e-01 4.403914987932773251e-01 4.800577704247407373e-01 5.241377984770655418e-01 5.668880866634521398e-01 6.203304427678041355e-01 6.343011203808807119e-01 7.052196849514154042e-01 7.391599229100440649e-01 7.720581679306059986e-01 7.843303055825605608e-01 8.101936851777169490e-01 8.380380302425296524e-01 8.596117949444427309e-01 8.903075491866437874e-01 9.383945864414539040e-01 9.926939784031215686e-01 1.039328882827348810e+00 1.066769976087692307e+00 1.074034658986871005e+00 1.116035321912199452e+00 1.139011294426247156e+00 1.196480402357030570e+00 1.229359559254814105e+00 1.259184264848143719e+00 1.300051118604930833e+00 1.318554818123434558e+00 1.329843808676032912e+00 1.369549687957889894e+00 1.399005511777448252e+00 1.434429439278276375e+00 1.460079629077196239e+00 1.480820049864903565e+00 1.520481411602196076e+00 1.544990732053182381e+00 1.595238105210863067e+00 1.615290829020390895e+00 1.655845933642907220e+00 1.688779385952051237e+00 1.739286139674468989e+00 1.774140259917103002e+00 1.829189899485332838e+00 1.932359303915268223e+00 2.020136521808919117e+00 2.110629336724405558e+00 2.187364086808995189e+00 2.249247824124010364e+00 2.486519065470369494e+00 2.534494390207193248e+00 2.789370815286610128e+00 2.844079511648700098e+00 2.891519333887900167e+00 3.083526671346395354e+00 3.230157035079751271e+00 3.456785491378737252e+00 3.497941840363398835e+00 3.919998252966526042e+00
2.032817693625531830e-01 2.816718713384447903e-01 3.542552228040595219e-01 4.151941166252423598e-01 4.427730927108157744e-01 4.738634942252436533e-01 5.231966436709571955e-01 5.704679297646478853e-01 6.236059212840632249e-01 6.380437790297416312e-01 7.074939497484358242e-01 7.389438881866047248e-01 7.767029979462046763e-01 7.881489187907853022e-01 8.172057909147975030e-01 8.426737879284665889e-01 8.671778008514279268e-01 8.880395503845197602e-01 9.500367341122001319e-01 9.939368145814392319e-01 1.038049595181553375e+00 1.065848144294528677e+00 1.075023459039833318e+00 1.114042268117839685e+00 1.147980480418234084e+00 1.199620727793177632e+00 1.234018402040882423e+00 1.262714202881732861e+00 1.296460961640478304e+00 1.324731885378929164e+00 1.334698238973102802e+00 1.379696949709754428e+00 1.402063597186504529e+00 1.439665259661002006e+00 1.467503135587347129e+00 1.488188644985389386e+00 1.529211436389578571e+00 1.546967850944694467e+00 1.607813770241235174e+00 1.624435078660626974e+00 1.665772070957519668e+00 1.710346214330258574e+00 1.737039853948849188e+00 1.779368428985248274e+00 1.826861700578795933e+00 1.934510020439537126e+00 2.005766794825781574e+00 2.061244211708802787e+00 2.188744251018924114e+00 2.246701173098013982e+00 2.485406465947395116e+00 2.532823992440689675e+00 2.784674907130929356e+00 2.844457277023759723e+00 2.890587945243365819e+00 3.079913798350929266e+00 3.231795100852393077e+00 3.451148985563766036e+00 3.494405626694284450e+00 3.922215171585263782e+00
2.064937317705987374e-01 2.875982270034654897e-01 3.541443610700898414e-01 4.275989419764029131e-01 4.440954420417849713e-01 4.735553950216024877e-01 5.215844619033419560e-01 5.743682608236080345e-01 6.302895390726748204e-01 6.418651722730774889e-01 7.097211217852292808e-01 7.388662565096203449e-01 7.776276170945135569e-01 7.891841085646449372e-01 8.214823983035510757e-01 8.457194058153360006e-01 8.766055736917536256e-01 8.859446348941580895e-01 9.630053007544588928e-01 9.946901477174091566e-01 1.036486934223965983e+00 1.061521178918379604e+00 1.077878518267670893e+00 1.113037058162180903e+00 1.157390754834984659e+00 1.205088885901865803e+00 1.236950077532064096e+00 1.268045630991866402e+00 1.291079626500331257e+00 1.328834214480484777e+00 1.341415520869947198e+00 1.388482246786174157e+00 1.406481820864238896e+00 1.438924185154306201e+00 1.462638717279453493e+00 1.495492385377439781e+00 1.530891334655371638e+00 1.551217782014196578e+00 1.607921194363919337e+00 1.627176354751144194e+00 1.669136684399533666e+00 1.732735647168667681e+00 1.762660673853741367e+00 1.794643071235289433e+00 1.829044252669765669e+00 1.940239879903025821e+00 1.980835296693160386e+00 2.030586690618907397e+00 2.190763486034014385e+00 2.245332746845948080e+00 2.481918684152979448e+00 2.530831688399087565e+00 2.770063313051754239e+00 2.841020963666291532e+00 2.890447983442924862e+00 3.076331441142066581e+00 3.232411860770370016e+00 3.443405454742339611e+00 3.490215272493822241e+00 3.924614325506622592e+00
2.063149431383359544e-01 2.915573150049791673e-01 3.455525394938702699e-01 4.375406523528746483e-01 4.468603838783967719e-01 4.786595397090012138e-01 5.212570903340516537e-01 5.775101298807061578e-01 6.394571017097192556e-01 6.464126867516204467e-01 7.117834954025246130e-01 7.398254733069477007e-01 7.767393206912609482e-01 7.848964123323328712e-01 8.235170027518373681e-01 8.465609177783767203e-01 8.832926016521194246e-01 8.897813198449198158e-01 9.731543132950625230e-01 9.943014260050355713e-01 1.035831090424390810e+00 1.056521768466500033e+00 1.077653017927922452e+00 1.114708201801563492e+00 1.162164884935635856e+00 1.210380448683806343e+00 1.239318337425720395e+00 1.277520959537643774e+00 1.288300370117109628e+00 1.330558079129344096e+00 1.349106749575601505e+00 1.394136657309871463e+00 1.413693580749917578e+00 1.439216920057537541e+00 1.458368701731761918e+00 1.498711101548771962e+00 1.529026154596548004e+00 1.555182673772344648e+00 1.605393488242105260e+00 1.623890086267085975e+00 1.665653690834248302e+00 1.726952050963409535e+00 1.775480212448328876e+00 1.805681188381720315e+00 1.835910804113230599e+00 1.951577857645273806e+00 1.986910201435857282e+00 2.023731765554670936e+00 2.193633777034246002e+00 2.246790380211669547e+00 2.475654291746492763e+00 2.528327111137323335e+00 2.738826225768109968e+00 2.836675779000440656e+00 2.891442229845583967e+00 3.073459290234644481e+00 3.231891388766792605e+00 3.433266266469860106e+00 3.485772254562284900e+00 3.926956395793200549e+00
1.996528020518759661e-01 2.923230335425196502e-01 3.330725349232084298e-01 4.390987695766488397e-01 4.545485153269140932e-01 4.867276152576869852e-01 5.235697056210856237e-01 5.808326966859919116e-01 6.470769495771173663e-01 6.536838856406033127e-01 7.139906422892127180e-01 7.414883060438591800e-01 7.681579599199817032e-01 7.809734411087081440e-01 8.263286535081968420e-01 8.466711514471686462e-01 8.849732461550260387e-01 9.006826770498503887e-01 9.775100017807493158e-01 9.930192828921834414e-01 1.036032666802329416e+00 1.052295569515232510e+00 1.074506335241568022e+00 1.118763612463546497e+00 1.161844755188765843e+00 1.211281079051476306e+00 1.238881805584604257e+00 1.283875907906374403e+00 1.294061534323839302e+00 1.332183286030620417e+00 1.355637548812372417e+00 1.395563274483203831e+00 1.420227623606860945e+00 1.442295075394261827e+00 1.459040177736444122e+00 1.501836042148670280e+00 1.528344733033172975e+00 1.559386843701226155e+00 1.601154409878029927e+00 1.618104976205630319e+00 1.659614420191800832e+00 1.716777948859574021e+00 1.775482401080226591e+00 1.798068848279756216e+00 1.817278640385691979e+00 1.948268025503962608e+00 2.000840670890758233e+00 2.079023827291519133e+00 2.198024433218066953e+00 2.255194200881229349e+00 2.466805426255738620e+00 2.524369571038143523e+00 2.686987631177314650e+00 2.833283813009690011e+00 2.894056314080497572e+00 3.071686087352695882e+00 3.230654254949130166e+00 3.420621289441475366e+00 3.481533494267818885e+00 3.929038207981705444e+00
1.824207195994822228e-01 2.849769964967399094e-01 3.274244634525629860e-01 4.358897267563150990e-01 4.624886382810287633e-01 4.947856018022706026e-01 5.276599420698414589e-01 5.859739766872266165e-01 6.502770607979099227e-01 6.635941329464393190e-01 7.157895525144472026e-01 7.430074703919221646e-01 7.532252793821578862e-01 7.813134438152163908e-01 8.308659975603458481e-01 8.462273462116731704e-01 8.870741506641990348e-01 9.119497925275106276e-01 9.753036437618005650e-01 9.912982435599979603e-01 1.036632951091093657e+00 1.049424997738558130e+00 1.070247193797327245e+00 1.124029224556930551e+00 1.158897261120186428e+00 1.208452351077118792e+00 1.235241861954927689e+00 1.284799925223617745e+00 1.300839187251601636e+00 1.334746075882351724e+00 1.360194424935203372e+00 1.392832868832381887e+00 1.421677566879818055e+00 1.447442453839527410e+00 1.462584929279060253e+00 1.502868888515191959e+00 1.532414072525440929e+00 1.567560866977828260e+00 1.595598266965250867e+00 1.612163939981989591e+00 1.652644086481714236e+00 1.702078476806915042e+00 1.762812259740934140e+00 1.791815443548286479e+00 1.804576564088955504e+00 1.946534975647400856e+00 1.997081389357197923e+00 2.138343572293090133e+00 2.203889986115048050e+00 2.281929413484428348e+00 2.455914877881977265e+00 2.514455930512693449e+00 2.618515189743364058e+00 2.830445836977479424e+00 2.898517388679073825e+00 3.070890209685404937e+00 3.229405513353543977e+00 3.405683891031023869e+00 3.477860720555127294e+00 3.930717400399216022e+00
1.523043897861478813e-01 2.669967256706251013e-01 3.344313617220799340e-01 4.308284590665559799e-01 4.685211062749499722e-01 4.992758158570775318e-01 5.326369112775350967e-01 5.922435578343328011e-01 6.496894336572683892e-01 6.731016500086556276e-01 7.144738303005027102e-01 7.376394173471753080e-01 7.512663272651352031e-01 7.824429814392925842e-01 8.356457494276119391e-01 8.458265876850998843e-01 8.898991695140867630e-01 9.222233703212310285e-01 9.685432926515538110e-01 9.884510265864769885e-01 1.036871626093642140e+00 1.048086937190144896e+00 1.066412192091141353e+00 1.128640940265180914e+00 1.155847390154528753e+00 1.203394086772438865e+00 1.229577551772707222e+00 1.283917459898152424e+00 1.301664087082255783e+00 1.336045338801864268e+00 1.362734040991605777e+00 1.387061388093075109e+00 1.421093020403900731e+00 1.449677915430823472e+00 1.463302025610088153e+00 1.498459673105046797e+00 1.530105686367128515e+00 1.574184871836870503e+00 1.592952420655881385e+00 1.620896741042012090e+00 1.646587428513248907e+00 1.690025607696740595e+00 1.748522421571008456e+00 1.785934244284819838e+00 1.801613862772274421e+00 1.944421343794629609e+00 1.994363135379495056e+00 2.163059772791980695e+00 2.205974098718029186e+00 2.331896840618651101e+00 2.442094731720727996e+00 2.475190693221080096e+00 2.562429032790880967e+00 2.827434092097726115e+00 2.904316170289895194e+00 3.070619362458328006e+00 3.228769289206824045e+00 3.388979386796253213e+00 3.474944654765224517e+00 3.931923066268105948e+00
1.095332829657883755e-01 2.429396963136889742e-01 3.493759142281638308e-01 4.225881366749772439e-01 4.718881351002887636e-01 4.982972928877822949e-01 5.390491915417116031e-01 5.954853773097089631e-01 6.473041953310192387e-01 6.811172651383247123e-01 7.100539580465903278e-01 7.360512763652894419e-01 7.575827715892031744e-01 7.837579051722456391e-01 8.373531655739514523e-01 8.484675694649276290e-01 8.932505200594964556e-01 9.303795095312840102e-01 9.598194904300028085e-01 9.844992404115945339e-01 1.034500335758136380e+00 1.049058596419152778e+00 1.064396672119132026e+00 1.129715643244002310e+00 1.155233453493591744e+00 1.196636212775385122e+00 1.222550566826047236e+00 1.278682505752344989e+00 1.300368660601354698e+00 1.334254517087014591e+00 1.363307619274720217e+00 1.380080738657653905e+00 1.419581901747431818e+00 1.443434485826912139e+00 1.461225747021881460e+00 1.491777171815842573e+00 1.521566366737955978e+00 1.573535287411960581e+00 1.587177790987208237e+00 1.636815431815196398e+00 1.647867405808214780e+00 1.695170979939919054e+00 1.738096393534284134e+00 1.776385572510121413e+00 1.805625439356526529e+00 1.941155078157566827e+00 1.993719969357000021e+00 2.167913468504029773e+00 2.196206873402304360e+00 2.367513362383066422e+00 2.397682615445895227e+00 2.437917083272783447e+00 2.545491624318835022e+00 2.823956957154017289e+00 2.910139321237191989e+00 3.070425244459830783e+00 3.229049491897142410e+00 3.371215495907190274e+00 3.472826904796713521e+00 3.932653675675414462e+00
4.937450184307563827e-02 2.148429924046243999e-01 3.681413903989882441e-01 4.063179915063919179e-01 4.663310381592121745e-01 5.002526077898431511e-01 5.461623285540944117e-01 5.929086828141653109e-01 6.479860891029916026e-01 6.863680473279495375e-01 7.081599243929038723e-01 7.395878442159690147e-01 7.658502897272948529e-01 7.852450041299599004e-01 8.356651311926411863e-01 8.547697035954412437e-01 8.969708879212886510e-01 9.343154091289426200e-01 9.517560015377615201e-01 9.807459860096748860e-01 1.029331563130865268e+00 1.050118229653004942e+00 1.065804496954957159e+00 1.126363453072179110e+00 1.156730433059390384e+00 1.188028665973625886e+00 1.214402071455418231e+00 1.267410422933892944e+00 1.299112965973958644e+00 1.330004977784344788e+00 1.361608933637871610e+00 1.373577483709337965e+00 1.414042756344545237e+00 1.430483056918229412e+00 1.459850507602109770e+00 1.486293126938040832e+00 1.517367174091194926e+00 1.572998924716507485e+00 1.580144291333870576e+00 1.633304777633825644e+00 1.649989793556192907e+00 1.715700866703609995e+00 1.733004651232678217e+00 1.769104817296250909e+00 1.814071892408822384e+00 1.937246650676472282e+00 1.994674535076812694e+00 2.134851141597221336e+00 2.181242356646852176e+00 2.301327030416365105e+00 2.418952836031929898e+00 2.441803336008339986e+00 2.540940745025734859e+00 2.820079396396834248e+00 2.914267977698235867e+00 3.070022566280877552e+00 3.230239090683264092e+00 3.353153132106020617e+00 3.471450942920858207e+00 3.932965979220893971e+00
-6.081520549518451557e-02 1.830589342146025644e-01 3.693068712544332888e-01 3.920891607655933031e-01 4.562062442845861709e-01 5.102597865182665338e-01 5.523046211909775627e-01 5.877527201440989613e-01 6.510535757554730685e-01 6.880650788776202509e-01 7.091850930037939538e-01 7.459329745867817607e-01 7.746360406212386973e-01 7.872957700941367598e-01 8.328040198622659318e-01 8.628899536727580033e-01 9.007790781972980776e-01 9.315714266136975175e-01 9.468425029978519980e-01 9.786024973137780192e-01 1.023095374997512241e+00 1.048856852530765105e+00 1.070346715098474677e+00 1.120588651057900620e+00 1.155772071568899273e+00 1.177931127175972259e+00 1.205327378315887543e+00 1.251887244649077191e+00 1.296997504620161168e+00 1.325945690487940087e+00 1.356158164111211040e+00 1.369080003898823339e+00 1.402760841205683562e+00 1.423953011707058902e+00 1.459654355057756980e+00 1.481741889066997775e+00 1.515572088910285498e+00 1.567145814140684879e+00 1.578845416342736119e+00 1.627652088072636394e+00 1.646577179719114881e+00 1.714579118038769501e+00 1.733653373219118166e+00 1.767892769482931392e+00 1.820984419864068560e+00 1.933641446669967401e+00 1.995758727402185961e+00 2.051872493689206767e+00 2.179452241474129970e+00 2.272016880792424143e+00 2.411201158267047173e+00 2.473178464954932210e+00 2.539326378327785072e+00 2.816048405210475725e+00 2.915242700069525128e+00 3.069255653701697728e+00 3.232215523294936776e+00 3.335524662288936515e+00 3.470700186361398210e+00 3.932958014552506487e+00
-7.748398253501134758e-02 1.475807143970160051e-01 3.174292076545408015e-01 4.101757186329296201e-01 4.527532149393835859e-01 5.236520231188909191e-01 5.562747021434788497e-01 5.828532905430244826e-01 6.525916251832170056e-01 6.874305774934109659e-01 7.108150618185551384e-01 7.538760250207520164e-01 7.826075076116890683e-01 7.906441443388654289e-01 8.294140187582416113e-01 8.721233387365571188e-01 9.038348865643737184e-01 9.255288701685677744e-01 9.430424650708916223e-01 9.777512578809779420e-01 1.016868124558294006e+00 1.046269675440576918e+00 1.075163368145451326e+00 1.113789634965135500e+00 1.146653882793042811e+00 1.169282245848966006e+00 1.196141237511168853e+00 1.236458255489205627e+00 1.292629178245291444e+00 1.324824560312528154e+00 1.347275542854030173e+00 1.367031859962289930e+00 1.393850114182503264e+00 1.421312849383311150e+00 1.458877858113435622e+00 1.477403718626497220e+00 1.511492016553638296e+00 1.560673658018625121e+00 1.579194257544931368e+00 1.619815305353943469e+00 1.639887307933900029e+00 1.704309228307072654e+00 1.724509359355104410e+00 1.752832422286781711e+00 1.805336287274853291e+00 1.928524405223548621e+00 1.989824230689452689e+00 2.018450540241448099e+00 2.179502853231371606e+00 2.263045369103831916e+00 2.401811353944612648e+00 2.496883790557457239e+00 2.538979909778368516e+00 2.812172743305142220e+00 2.912485190768147270e+00 3.068064697602452817e+00 3.234929005516131717e+00 3.318989138066084088e+00 3.470422172937599914e+00 3.932748328268638627e+00
-7.270857949339198933e-02 1.082644975385141928e-01 2.506271946831497566e-01 4.235682839035926350e-01 4.592320428061278936e-01 5.373031769545936198e-01 5.577613566403480938e-01 5.784823172566327942e-01 6.505405937635261315e-01 6.858805348408342217e-01 7.116775155118970630e-01 7.621038017305209467e-01 7.881911164248545099e-01 7.958440533076626133e-01 8.257997508671430786e-01 8.812922696086650243e-01 9.046805293386922520e-01 9.212293467814096637e-01 9.384002399100851433e-01 9.761657983080797019e-01 1.011078477100799011e+00 1.043523738583976623e+00 1.077973670535321560e+00 1.106692471741977490e+00 1.131707351382567062e+00 1.160942160373148679e+00 1.189177298989661624e+00 1.224282702885474361e+00 1.286394332551253905e+00 1.323843535882368139e+00 1.340351180759813410e+00 1.365481380993048166e+00 1.387998546997017080e+00 1.418932119261865799e+00 1.452833606101542996e+00 1.474574962860601968e+00 1.503615441029095612e+00 1.556416976335793567e+00 1.570920781189271365e+00 1.603360677198049089e+00 1.627208786425826004e+00 1.680394917736332205e+00 1.709705548548116294e+00 1.730032901967405667e+00 1.795715789817683428e+00 1.922588271072582122e+00 1.989726666577655623e+00 2.038165414530116681e+00 2.180268668179833558e+00 2.260153581515490728e+00 2.393179786087447525e+00 2.511669972263184558e+00 2.539709238955520476e+00 2.808749541866133903e+00 2.906647306093857797e+00 3.066546114222215458e+00 3.238413827259233546e+00 3.304128151918779288e+00 3.470447879893552301e+00 3.932454405920439378e+00
-5.551336774737604396e-02 6.412158649182138348e-02 1.755189000235720387e-01 4.299383837644677464e-01 4.735277940941899355e-01 5.469772396526260128e-01 5.580554666304584632e-01 5.754477459171353226e-01 6.453025533724126017e-01 6.832571473104664950e-01 7.121757817484100084e-01 7.694028277361598667e-01 7.915001859463953737e-01 8.009192560240045999e-01 8.222025122302546452e-01 8.880602115516512685e-01 9.038517125277379938e-01 9.199733636587485996e-01 9.332460241108007093e-01 9.726031995596378099e-01 1.006007661152895194e+00 1.041168349076457167e+00 1.077274332667305323e+00 1.101014453377575197e+00 1.118432614458616525e+00 1.151030616478946333e+00 1.186029608601734120e+00 1.215193264036117160e+00 1.278785367388352912e+00 1.316011391964181598e+00 1.340798342708732660e+00 1.361099235992941470e+00 1.384074898430637468e+00 1.411355962634557981e+00 1.440299025030234548e+00 1.474967918874448891e+00 1.494812880260681931e+00 1.529494348656175839e+00 1.560599134544299993e+00 1.594028657161331353e+00 1.619084138811946572e+00 1.666640065943832072e+00 1.702451637926451822e+00 1.722053268088377775e+00 1.793788934243122135e+00 1.918697100248622167e+00 1.991064954460512570e+00 2.068369662801111453e+00 2.181703632941487392e+00 2.259496948451000353e+00 2.385953818500635037e+00 2.519122909586890557e+00 2.541342076799566474e+00 2.806037326963712442e+00 2.899581830507761193e+00 3.064997133889817871e+00 3.242577421982602015e+00 3.291546192421300088e+00 3.470611760451015382e+00 3.932175020928144527e+00
-3.375665099815308018e-02 -1.089116761494501699e-02 9.678754081550833277e-02 4.330014605523346272e-01 4.877238667039255904e-01 5.478626231841199345e-01 5.577970999593208079e-01 5.773523040520500693e-01 6.392095705154684504e-01 6.797585472515597083e-01 7.129565277149199076e-01 7.746742286549765932e-01 7.939099061249662581e-01 8.026060129817834676e-01 8.192748565308920483e-01 8.900123529768632080e-01 9.046853845133310257e-01 9.204344174514464960e-01 9.284937488454676480e-01 9.683815812168100612e-01 1.002175117442430485e+00 1.039258145282423662e+00 1.074257249755588894e+00 1.098096659702436417e+00 1.110000515945266164e+00 1.143640588114365197e+00 1.185563275564893049e+00 1.208074871453869825e+00 1.269538439484283465e+00 1.305826283566597024e+00 1.343582051717115311e+00 1.352268619157586338e+00 1.383573832483861565e+00 1.398325658385912496e+00 1.435633550534567870e+00 1.476602098060854518e+00 1.487905047045227080e+00 1.506081297556781440e+00 1.560943926900041134e+00 1.593389944328411412e+00 1.614938552576219211e+00 1.662826816696968635e+00 1.698870078062395095e+00 1.718169505916490980e+00 1.793279170335602357e+00 1.916427247847530602e+00 1.991372244341669262e+00 2.091514740335500111e+00 2.183421562413802697e+00 2.259633004483343033e+00 2.380977640275906193e+00 2.521984342083535946e+00 2.542875265668180784e+00 2.804269970365986353e+00 2.893826169195866438e+00 3.063829928486015763e+00 3.246714789621595543e+00 3.282267049435857231e+00 3.470773444024683130e+00 3.931980552793830519e+00
-2.179342319817873810e-04 -1.360595310276718740e-04 -6.369759144672302341e-08 4.340447050140649465e-01 4.940353990974498677e-01 5.462729066921804266e-01 5.568557682889559990e-01 5.799649177742807193e-01 6.362638785657445117e-01 6.779741090127742176e-01 7.134122786960551688e-01 7.767379767115897282e-01 7.953185514153154889e-01 8.017354957024868112e-01 8.182630134427011370e-01 8.898089673903851748e-01 9.056108376338193322e-01 9.215148466554458073e-01 9.259230164363304594e-01 9.664501028451728537e-01 1.000625351485883607e+00 1.038413288056958983e+00 1.072754703514314345e+00 1.096897323840903882e+00 1.107495546731919189e+00 1.141199043741021768e+00 1.185932263833535893e+00 1.204682806272163509e+00 1.264372587512539559e+00 1.301663400758925171e+00 1.344839266536493438e+00 1.347827733074867362e+00 1.385001872951749036e+00 1.392698124729673692e+00 1.435525671495099909e+00 1.477246507963144939e+00 1.485037795173822062e+00 1.499816415632140520e+00 1.561299221904109302e+00 1.593576516123689890e+00 1.613496812980910855e+00 1.661929985172049928e+00 1.697745228030739684e+00 1.716929403420328404e+00 1.793164061231547146e+00 1.915667521022428987e+00 1.991380652742137380e+00 2.099897241283447791e+00 2.184277768878601922e+00 2.259773823221381317e+00 2.379174512658388529e+00 2.522663434296847473e+00 2.543443949431981377e+00 2.803651033551635585e+00 2.891610951919182604e+00 3.063395442671926094e+00 3.248719993271684370e+00 3.278536635176032554e+00 3.470838458912190116e+00 3.931911413978058878e+00
-3.202011872401572951e-02 3.976918347080694166e-02 8.829206460973702819e-02 4.338842390017235151e-01 4.881967880612551602e-01 5.420417846919761695e-01 5.608004838908606793e-01 5.826343497170864971e-01 6.354191928792877198e-01 6.775446176814137189e-01 7.120693313515654710e-01 7.760110470174105268e-01 7.953645656017810373e-01 8.022509631053709178e-01 8.186876166706618108e-01 8.900107881100135510e-01 9.009802010796706950e-01 9.241587358185887613e-01 9.287328158490458785e-01 9.658629301522290156e-01 1.001572681159001332e+00 1.036839208574858784e+00 1.076641900310643774e+00 1.096188740749275636e+00 1.110610883107600477e+00 1.142753035779560333e+00 1.185889500876314173e+00 1.205343684923087633e+00 1.267039681673988172e+00 1.302886948654881083e+00 1.341557817342607262e+00 1.352481263742495221e+00 1.390754785033093244e+00 1.397119801631861113e+00 1.437664190011973764e+00 1.476224499387854605e+00 1.488615231937056249e+00 1.502957412946003268e+00 1.560374920434130841e+00 1.593345108857493475e+00 1.614972877465745471e+00 1.664230313478602952e+00 1.699185429949927606e+00 1.717137289850692694e+00 1.793613311677851652e+00 1.916148278063123822e+00 1.990723395956518926e+00 2.096922657507953591e+00 2.179901429493168674e+00 2.259706343713574483e+00 2.380976235700178023e+00 2.522824749630865337e+00 2.544110357306676562e+00 2.803712975281945408e+00 2.893531844131900232e+00 3.064222289842716496e+00 3.247961641392329124e+00 3.279097910879488431e+00 3.470796657414910502e+00 3.931921495717249471e+00
4.428694878761670062e-02 8.063588488369896612e-02 1.568451957224961946e-01 4.335118788338493956e-01 4.724645934268154601e-01 5.373867592593122300e-01 5.635899276426372673e-01 5.899646990917892797e-01 6.338328266965822522e-01 6.762412599981945105e-01 7.088458959704422302e-01 7.738500772120211479e-01 7.942364840909112988e-01 8.044410774029222555e-01 8.200469582310735417e-01 8.869144063258556088e-01 8.957179558940695507e-01 9.281058187815047766e-01 9.345632972578118425e-01 9.650029488236658848e-01 1.004510769226371281e+00 1.034244803743932239e+00 1.085056939712377044e+00 1.095209285203626148e+00 1.116766362355493092e+00 1.147409125460109536e+00 1.185488027454617121e+00 1.207906296754936326e+00 1.273865467232856652e+00 1.308848155682300396e+00 1.340152054434853968e+00 1.353828895711076230e+00 1.395521864812059976e+00 1.420012619302938983e+00 1.444643841726320987e+00 1.474644095713332659e+00 1.494975268709086480e+00 1.517787809363662532e+00 1.558265776035559380e+00 1.593462800402932089e+00 1.618770342292121134e+00 1.670815406271305426e+00 1.704074899000003862e+00 1.718233577474939766e+00 1.794916746589638290e+00 1.917638444471032155e+00 1.988886592106232643e+00 2.088424575616641299e+00 2.167364227339892313e+00 2.259462960064309467e+00 2.386550087488739980e+00 2.522437444245338778e+00 2.546428054530649021e+00 2.803804321261845978e+00 2.898956338163872104e+00 3.066656992753086897e+00 3.245891391301844120e+00 3.280721166694144042e+00 3.470684505950659471e+00 3.931961873367600724e+00
8.650909412336985072e-02 1.207009870133542717e-01 2.253039120041185617e-01 4.329484010026350971e-01 4.516110925454793756e-01 5.345381544609817404e-01 5.617267019942029371e-01 5.990125635599153897e-01 6.339061210841108185e-01 6.739453890777721279e-01 7.053743460435959456e-01 7.700076842272548516e-01 7.918913021482200110e-01 8.076024049832338791e-01 8.222201237499742188e-01 8.763476480595285834e-01 8.965373454349032656e-01 9.307198489395981378e-01 9.392550752759228905e-01 9.670768911199939533e-01 1.009614915904930799e+00 1.033018041509784268e+00 1.093200152786983015e+00 1.095324880703189896e+00 1.122476277283967150e+00 1.154537013390324551e+00 1.184312779044637498e+00 1.213207235587873800e+00 1.280844118889513439e+00 1.318289116622262558e+00 1.345093853721055499e+00 1.352867251051149022e+00 1.399525218798853388e+00 1.437907835387077782e+00 1.461780809753255639e+00 1.474680561137753809e+00 1.499755233857312353e+00 1.549661263563211433e+00 1.557718285253940182e+00 1.596315931142407996e+00 1.623860764911132959e+00 1.681456804472426514e+00 1.713780676935781511e+00 1.722591284845265802e+00 1.797230812623999530e+00 1.920329236687187136e+00 1.986278075257388309e+00 2.075410483842669684e+00 2.148245719026434575e+00 2.259115619740303949e+00 2.396356927494641909e+00 2.519682472334066059e+00 2.550846343314451925e+00 2.803705152801000189e+00 2.906917170138686668e+00 3.070590023430290749e+00 3.243037784443458360e+00 3.283274903262689559e+00 3.470537832622747842e+00 3.932060313785356254e+00
1.221069465117188835e-01 1.579397589892955478e-01 2.911090251122734340e-01 4.256581378778954150e-01 4.371439033603414237e-01 5.309255206957532724e-01 5.576504215535555975e-01 6.068203918390312479e-01 6.377525754483094333e-01 6.708383782318589894e-01 7.025744151326791531e-01 7.647240675077934258e-01 7.890879188692129231e-01 8.102359100763484312e-01 8.242999053218152961e-01 8.648038198224498041e-01 8.978955707509975737e-01 9.265732686614844837e-01 9.462728601626412273e-01 9.737787856488554494e-01 1.016236272514819738e+00 1.034257423296799150e+00 1.091785599981141885e+00 1.105084985722233570e+00 1.127216747036870137e+00 1.162736528719637619e+00 1.182553381900675049e+00 1.221393779510625111e+00 1.285505665284201848e+00 1.321932093548523479e+00 1.351400485131883711e+00 1.363620898407507553e+00 1.402906481684462747e+00 1.444359625573527595e+00 1.472023485353677330e+00 1.487667793502052582e+00 1.504207979425348229e+00 1.556239210930221883e+00 1.581118379051298595e+00 1.610440560350385075e+00 1.630549493649697812e+00 1.694609630637877951e+00 1.724557703792789276e+00 1.743103822956888926e+00 1.802652939816640432e+00 1.924741883583843016e+00 1.983713043058075165e+00 2.059017151709800153e+00 2.124872056839425927e+00 2.259226897233705955e+00 2.410912151265913739e+00 2.513220539756910288e+00 2.557137512466799656e+00 2.803192191216642648e+00 2.915991538650613002e+00 3.075925931324349882e+00 3.240089844531473418e+00 3.286620960273086478e+00 3.470405498172183467e+00 3.932254859704678029e+00
1.531746216260929661e-01 1.915553536975397597e-01 3.495129309969965958e-01 4.073373573221218402e-01 4.381445678529539145e-01 5.218033021312978859e-01 5.579513145446877154e-01 6.116911977670799194e-01 6.459825630958220266e-01 6.672815672023961753e-01 7.009300258847724896e-01 7.585814538321647982e-01 7.860269558102737086e-01 8.108832935934010555e-01 8.238556756053477814e-01 8.569457256608788986e-01 8.983695995590419425e-01 9.190082198454709861e-01 9.550675355782469733e-01 9.828564341272409965e-01 1.022933906878648713e+00 1.038656849158694273e+00 1.089378845403890850e+00 1.114764533429902782e+00 1.133216407014079330e+00 1.169979479553385326e+00 1.182095710846339465e+00 1.232081018554176843e+00 1.287938652160214081e+00 1.321969976620314569e+00 1.352904070312468177e+00 1.385164299463811810e+00 1.405159455940366620e+00 1.446810018371565976e+00 1.476100529005806017e+00 1.499922580527270011e+00 1.514874092986238319e+00 1.560637075921889938e+00 1.591055832169407269e+00 1.626160856390093112e+00 1.643720594885500041e+00 1.704076727587726880e+00 1.735878675374670888e+00 1.774696099063366228e+00 1.824641119353367369e+00 1.932022624850019188e+00 1.983211440225999933e+00 2.041110029075996035e+00 2.100391865082209986e+00 2.261212993722723663e+00 2.430337176227324036e+00 2.502383696435001692e+00 2.564726750063448968e+00 2.802119257220228032e+00 2.924586285630043747e+00 3.082680621574772406e+00 3.237756860247060331e+00 3.290623199778176300e+00 3.470339409565076583e+00 3.932583241909305638e+00
1.786256747500031272e-01 2.215530689617548343e-01 3.797871180481827702e-01 4.059897270062114427e-01 4.447268769857139481e-01 5.081420573610009317e-01 5.649229180380879178e-01 6.131396708155778530e-01 6.570019938145574834e-01 6.648116533795828120e-01 7.014785338819357063e-01 7.516415318984185356e-01 7.826878396098179147e-01 8.068587889531195767e-01 8.203133049153261691e-01 8.564909622602038253e-01 8.974177951595252445e-01 9.134439021999061215e-01 9.630642739760425508e-01 9.926368234164277826e-01 1.029262821478706069e+00 1.045622926283886978e+00 1.087032665320371683e+00 1.119569351087636333e+00 1.143829500589776949e+00 1.172002446052607949e+00 1.188492991542413391e+00 1.244566746787534095e+00 1.288679410385356272e+00 1.321873789276525768e+00 1.356424532401513172e+00 1.403275412154859403e+00 1.407528201501313747e+00 1.447217338907202500e+00 1.481087285821234945e+00 1.502038303993660451e+00 1.529919127846537164e+00 1.567075504708810962e+00 1.600778172810169542e+00 1.635238736726113640e+00 1.660363133771108890e+00 1.709921589977662526e+00 1.747459499643348346e+00 1.786828892076810726e+00 1.863155110104218304e+00 1.940955112832030816e+00 1.985284169259430742e+00 2.033616717292206388e+00 2.079063184100489625e+00 2.267858269258227644e+00 2.453886432604406309e+00 2.486821514921874421e+00 2.573342585262251347e+00 2.800434938797700113e+00 2.931214130243127158e+00 3.091014951896153384e+00 3.236664069200408278e+00 3.295145248507784341e+00 3.470388513729974811e+00 3.933071263915355331e+00
1.966037675875309532e-01 2.482673454652560008e-01 3.723938849480643576e-01 4.218634480126226549e-01 4.601986245305729750e-01 4.971863414033132478e-01 5.764772227567388496e-01 6.119123679584574926e-01 6.546238006251651198e-01 6.800090088660649679e-01 7.037702301287785955e-01 7.438730202588661466e-01 7.788769140852116468e-01 7.982742792291032119e-01 8.174405602446387364e-01 8.610967005154793741e-01 8.945854991168106229e-01 9.134932232609447311e-01 9.688495146019835413e-01 1.002090803053438339e+00 1.035307765580203876e+00 1.053881112736392733e+00 1.085170932792907994e+00 1.119954394201365222e+00 1.154723946925272804e+00 1.173706246311091661e+00 1.200405298853092884e+00 1.257291918323923285e+00 1.289251691321222859e+00 1.322587574578284686e+00 1.361340221888642787e+00 1.406393123447740479e+00 1.421315522190833347e+00 1.447452175845515221e+00 1.485859681084185091e+00 1.502233377762056676e+00 1.539804051109292748e+00 1.570590649412025641e+00 1.609622293811613591e+00 1.647865586055657694e+00 1.681543006784052663e+00 1.715316851983231805e+00 1.755946879885241119e+00 1.794288509633713113e+00 1.880291947206123249e+00 1.942312592035656760e+00 1.970148985577445444e+00 2.052067772402209833e+00 2.078819178290976843e+00 2.284137211876188900e+00 2.465072843197722463e+00 2.481130002513614929e+00 2.583170678059766523e+00 2.798159054910659194e+00 2.934699668420571506e+00 3.101072918705508386e+00 3.237294081235804644e+00 3.300078549485807144e+00 3.470597069524148370e+00 3.933722702256088333e+00
2.061770178660208008e-01 2.714837704883105718e-01 3.660958971338223455e-01 4.238789663133398222e-01 4.678351520062232205e-01 4.998699164708474973e-01 5.898305839598154687e-01 6.095346038919593479e-01 6.489878357658492858e-01 6.967356486685930550e-01 7.097817315796824955e-01 7.368171651554482615e-01 7.725944733105071238e-01 7.937129644139151452e-01 8.151678950164628068e-01 8.672078675381497126e-01 8.915310590037119898e-01 9.187116544706585008e-01 9.722780757181355149e-01 1.010248219486458598e+00 1.039937888349425910e+00 1.062838459376535205e+00 1.083989232943536107e+00 1.118117213279972155e+00 1.158743979555571180e+00 1.183301807008598328e+00 1.214435721284789826e+00 1.266640155912826193e+00 1.292733449414543934e+00 1.324756714414777381e+00 1.366045813313366164e+00 1.407319152909525917e+00 1.435138787231061697e+00 1.449073566082554443e+00 1.489413575285471358e+00 1.503478594603800511e+00 1.545326993221197709e+00 1.571219980827656792e+00 1.613489606005616306e+00 1.659242719899094443e+00 1.704184802518001529e+00 1.724677208833800268e+00 1.762439687170682223e+00 1.804762497260645748e+00 1.879912949207054540e+00 1.930743017697545083e+00 1.952521441532854896e+00 2.044863226152766611e+00 2.120121792377645420e+00 2.316004558781401101e+00 2.439313301112105759e+00 2.507444212200112599e+00 2.594818665976341698e+00 2.795338153711552032e+00 2.934386086895133250e+00 3.112593219276502232e+00 3.239952538813060112e+00 3.305392628439580260e+00 3.471002430929515548e+00 3.934513168661683213e+00
2.088095354857709696e-01 2.896134277694206172e-01 3.634350616953011537e-01 4.206811026497956352e-01 4.664369995578465655e-01 5.107545283442378459e-01 5.981090299212097339e-01 6.108249221011373686e-01 6.448693438475793238e-01 6.911836568635912892e-01 7.286585695953852193e-01 7.336752303298721412e-01 7.652424459009966595e-01 7.985208509237105012e-01 8.136763546313126039e-01 8.726140576464772591e-01 8.903291624054657794e-01 9.268027992876841648e-01 9.737856938608382418e-01 1.016456593747544268e+00 1.042091834928694727e+00 1.071406227012227985e+00 1.083535599708784325e+00 1.115447743083648691e+00 1.159976107455453542e+00 1.197396446850038876e+00 1.228903370412458118e+00 1.270433249366151651e+00 1.299914849362511227e+00 1.329198300470638694e+00 1.368639849004704034e+00 1.408991504387268501e+00 1.446001312145284601e+00 1.453953951196507610e+00 1.490507196875091589e+00 1.509031117176217851e+00 1.547030808043077243e+00 1.571391563796094903e+00 1.615140709213676029e+00 1.667081105312636868e+00 1.712905797040025879e+00 1.734937809661228236e+00 1.771701933416705899e+00 1.818211663924514720e+00 1.873634190944320155e+00 1.911711048854960238e+00 1.947384909019282739e+00 2.038523294410707010e+00 2.150194211960071211e+00 2.361835434080586271e+00 2.407956923932129456e+00 2.532068249201331778e+00 2.609142621886253899e+00 2.792014440642525130e+00 2.930353209000879477e+00 3.124599568613966039e+00 3.244655556933493834e+00 3.311158440812862480e+00 3.471625255082173123e+00 3.935389745664756855e+00
2.076641248211964219e-01 2.996106681799216576e-01 3.645652045458346313e-01 4.176424822692024197e-01 4.647995903947053087e-01 5.211761512488636283e-01 5.970122081820657955e-01 6.180598385316867782e-01 6.431083577400343865e-01 6.787684516057572726e-01 7.282248933225680121e-01 7.368022437315979722e-01 7.701553150164394124e-01 8.105930055972916382e-01 8.137225205779574644e-01 8.754774518559377272e-01 8.928268070467429984e-01 9.351733637370042151e-01 9.738715436864525676e-01 1.020096363804330331e+00 1.042231688060543338e+00 1.077479868178028211e+00 1.084077271556580513e+00 1.113558701415821028e+00 1.161948175593137789e+00 1.212144986110052169e+00 1.242575397449132035e+00 1.272312247581950162e+00 1.306546815521710814e+00 1.335763194409172350e+00 1.368257867791156768e+00 1.411987049177060305e+00 1.451941026463338336e+00 1.462535273796751634e+00 1.490328269726303168e+00 1.519793117528079440e+00 1.544916156164994003e+00 1.572950640790015564e+00 1.616218364824797193e+00 1.672406476020869448e+00 1.715322859970163760e+00 1.735359308930122024e+00 1.776649642085500691e+00 1.820087850765631510e+00 1.859937674252992945e+00 1.923612484482390972e+00 1.945935973799417296e+00 2.036394781754082395e+00 2.167299408818422979e+00 2.370058887003652526e+00 2.411472930847690765e+00 2.552745219978330038e+00 2.626465141816023419e+00 2.788270177555840501e+00 2.923496354879821624e+00 3.135644946603998839e+00 3.250880102909791791e+00 3.317462093875859885e+00 3.472448638363584639e+00 3.936276966757362494e+00
2.056129968432550692e-01 2.999143349610762788e-01 3.708358566248795563e-01 4.162712725277696868e-01 4.631203798934730997e-01 5.307256100033517221e-01 5.950822015655206076e-01 6.211042215336080030e-01 6.431572476256006698e-01 6.682380793934601382e-01 7.219856351030680131e-01 7.313073215585617071e-01 7.831855885230686320e-01 8.137997052727800051e-01 8.285945652063098077e-01 8.760926885046675938e-01 8.984304799754888604e-01 9.408343609862702683e-01 9.733545262211562576e-01 1.020526004998989045e+00 1.041942815392813193e+00 1.079342018015818416e+00 1.086402420158883109e+00 1.113382331357391841e+00 1.164624130749697839e+00 1.225321315819629886e+00 1.254952309743447181e+00 1.275562567918951729e+00 1.310309733438841828e+00 1.342506697036743413e+00 1.366268718057266796e+00 1.416612060549720109e+00 1.455542429222503875e+00 1.468742953191972678e+00 1.490770744633968858e+00 1.530361124831752795e+00 1.544200071037577393e+00 1.576565340117312086e+00 1.617424195163792655e+00 1.675295419792875329e+00 1.714260914348195719e+00 1.731883219460440104e+00 1.774427654490265960e+00 1.809295690684260993e+00 1.839239679779228309e+00 1.944975253035009954e+00 1.965523254189686986e+00 2.040536617917370510e+00 2.177605002446787008e+00 2.328471295409057173e+00 2.452211692406097043e+00 2.568962481438874068e+00 2.645186864592620424e+00 2.784388793414900753e+00 2.915359770905440406e+00 3.144536288716710981e+00 3.257452527714426171e+00 3.324135168576554111e+00 3.473392493043592211e+00 3.937088014148511839e+00
2.041467400050134273e-01 2.945906715284058452e-01 3.800410689611905535e-01 4.157249910773218593e-01 4.611411000061529930e-01 5.388043580375461161e-01 5.946370615670512061e-01 6.187010930606781089e-01 6.413447331930473005e-01 6.653686729097306740e-01 7.131811732187715025e-01 7.268831398882598105e-01 7.927448107977308478e-01 8.148657208087759507e-01 8.475029696614168051e-01 8.764844179717896644e-01 9.039130291342269974e-01 9.410913245043112108e-01 9.737030278676618300e-01 1.018426731375992933e+00 1.042158932980015162e+00 1.079057409429972081e+00 1.089007290002417028e+00 1.114331307083515687e+00 1.167205213310190226e+00 1.234579237923590478e+00 1.266334551919177986e+00 1.280959930458871243e+00 1.310256196702360487e+00 1.347016934043799852e+00 1.365577186637894735e+00 1.423232465491964804e+00 1.457411543067705262e+00 1.471221724901506933e+00 1.490083054547677310e+00 1.527592294232160253e+00 1.555824912080626232e+00 1.583267040409398474e+00 1.620333836580962972e+00 1.674359558571231865e+00 1.708376324209238684e+00 1.729439753428431370e+00 1.769570520806080793e+00 1.798861839190077472e+00 1.820490165476325695e+00 1.945099994191973325e+00 2.000306325423586440e+00 2.061549368001090343e+00 2.184360135347790166e+00 2.282547117199217990e+00 2.481323925651167439e+00 2.581170973828786686e+00 2.661707697644617898e+00 2.781006768746598912e+00 2.907775167207909739e+00 3.150787659092339599e+00 3.262988046550312049e+00 3.330424596725432451e+00 3.474301632019327180e+00 3.937738399926399957e+00
2.035030291106893208e-01 2.892076308931851303e-01 3.878668379971865754e-01 4.154382813463408097e-01 4.592377876558075833e-01 5.442901799247158445e-01 5.950099265340044186e-01 6.148798223719932343e-01 6.384551704052476850e-01 6.672942120931438792e-01 7.060792327807858815e-01 7.239250829107878316e-01 7.980703737034974266e-01 8.156728382239629704e-01 8.626997832493822349e-01 8.790130591004640115e-01 9.059105124907285145e-01 9.371661260599721821e-01 9.750817875599880891e-01 1.015953238437623751e+00 1.042519594459304422e+00 1.078552902111225897e+00 1.090737105805950957e+00 1.115334340149593428e+00 1.168999256266228359e+00 1.239367856896537168e+00 1.275808438526964128e+00 1.287275424686125769e+00 1.306292101753355528e+00 1.348498278452490151e+00 1.367118728733837774e+00 1.431176437940472557e+00 1.457540662138455678e+00 1.472661751096250304e+00 1.485147549687596324e+00 1.523886805356831964e+00 1.563916856063175320e+00 1.591930672237935607e+00 1.629204129842518389e+00 1.666073031847190578e+00 1.701158325722409881e+00 1.729218978826285946e+00 1.766077933387428578e+00 1.794063816971751324e+00 1.805842291766069696e+00 1.945253932963413535e+00 2.012455873818534524e+00 2.104303862535116476e+00 2.188739602422704600e+00 2.235153172137226196e+00 2.498183537744165239e+00 2.589256611541159270e+00 2.672532926193760261e+00 2.778862189008657779e+00 2.902431597151360787e+00 3.154431493909071627e+00 3.266543587705405649e+00 3.335037052225945597e+00 3.474971414626573551e+00 3.938158733362735031e+00
2.033562181017483927e-01 2.870699179651666766e-01 3.909256425723551254e-01 4.153508631187916578e-01 4.583879384180987726e-01 5.462541238903237950e-01 5.951139297225637170e-01 6.133727722355996059e-01 6.372736416874881238e-01 6.684957920500809170e-01 7.033873153813591239e-01 7.228128036565120151e-01 7.997719023441772768e-01 8.159571701613761441e-01 8.674150528506094915e-01 8.831594477747114480e-01 9.046561653268279102e-01 9.348578260934580220e-01 9.758301027302950237e-01 1.014911871813352073e+00 1.042661665260647297e+00 1.078351840114252669e+00 1.091337949559760601e+00 1.115734979849138275e+00 1.169632297504904050e+00 1.240773744663514311e+00 1.279700899410599391e+00 1.291536576911739509e+00 1.302399799531830160e+00 1.348681336440835432e+00 1.368154492947862177e+00 1.435606941731081942e+00 1.457030326146933508e+00 1.474129754437000450e+00 1.480635192528852562e+00 1.522899608138335026e+00 1.566022547265289777e+00 1.595360814255974313e+00 1.641376065634783110e+00 1.654183069342604062e+00 1.698568931872664667e+00 1.729411680240273474e+00 1.765045673790683001e+00 1.795406571283865382e+00 1.797623877804047643e+00 1.945329333215892964e+00 2.014827607320178959e+00 2.134332184878800387e+00 2.192451390432334613e+00 2.203281607947730425e+00 2.503643333931824255e+00 2.592175918464255435e+00 2.676176220317789678e+00 2.778182149976061943e+00 2.900508804681707797e+00 3.155623676684338186e+00 3.267751862102696414e+00 3.336740564706431211e+00 3.475219366620094785e+00 3.938304015043794681e+00
2.359488221525494756e-01 2.940015470188255264e-01 3.190004504738974678e-01 3.980811676585431225e-01 4.587583849634774280e-01 4.848374645867497557e-01 5.258313076581190293e-01 5.354552874253278860e-01 5.583601529677911790e-01 6.179378879370001076e-01 6.738602458853875099e-01 7.120761201067119517e-01 7.461023540708646706e-01 7.678797006477393605e-01 7.952536840554028652e-01 8.254513189424490527e-01 8.724818718494199432e-01 9.062161058274943448e-01 9.660432490118974203e-01 9.964383651647900075e-01 1.040645497146218013e+00 1.066150784266897578e+00 1.080193648533560147e+00 1.110724015814191779e+00 1.134632908113508476e+00 1.178192748435276993e+00 1.193207663111943262e+00 1.245229638504785630e+00 1.284211315448562596e+00 1.297474938859459082e+00 1.340208327429369017e+00 1.351613506865316783e+00 1.394883618963437044e+00 1.408512009823418065e+00 1.440362308496937693e+00 1.463809303350730229e+00 1.516763729847177444e+00 1.534816788741704352e+00 1.574689446739466314e+00 1.621364818352427628e+00 1.629340651504169069e+00 1.684298715887504461e+00 1.738286292254034304e+00 1.758876589358592701e+00 1.835606687415281879e+00 1.936346605107194696e+00 2.016685964563422306e+00 2.182438243529483124e+00 2.214360614017798490e+00 2.269697010001102466e+00 2.521525518936586607e+00 2.540072321217970330e+00 2.770232884411256702e+00 2.857652471313180786e+00 2.882968576202667776e+00 3.104472556736123323e+00 3.209112583104454686e+00 3.462988843638497460e+00 3.498204243806420699e+00 3.914883105410327691e+00
2.366001869237765454e-01 2.961716661901350189e-01 3.220098822384659387e-01 3.987301919742826661e-01 4.576225576395333561e-01 4.862092460429319751e-01 5.252841896845785730e-01 5.348017206039480387e-01 5.589185301086032620e-01 6.173734290619145026e-01 6.751195208096695266e-01 7.139007808355940510e-01 7.465265734664515707e-01 7.683920912866420982e-01 7.968316910324765301e-01 8.262034060194132223e-01 8.772627238447698872e-01 9.064679925291820872e-01 9.664788788444974577e-01 9.975303087786049350e-01 1.040871776278373240e+00 1.065856997551438701e+00 1.079885692634946048e+00 1.108871400611841862e+00 1.135219840982891304e+00 1.178147336473640339e+00 1.195305040486576598e+00 1.245412843158111960e+00 1.284692712916288615e+00 1.308625712451434886e+00 1.341587088094797986e+00 1.354206583840064315e+00 1.390048883989926987e+00 1.411296287939000305e+00 1.441829860113285067e+00 1.466318571768085555e+00 1.516381695187183132e+00 1.535248184208757971e+00 1.574344453716144399e+00 1.617560536887486133e+00 1.634864236502761470e+00 1.685576668655940802e+00 1.739219801067207083e+00 1.758338383222997736e+00 1.835081353412470584e+00 1.936793295697623263e+00 2.015781807540341308e+00 2.182219663781205465e+00 2.211582530099003296e+00 2.260988131180114991e+00 2.521028073956347093e+00 2.539086240214387669e+00 2.769518573620219470e+00 2.857192172009761943e+00 2.886457162395028586e+00 3.103729432110950981e+00 3.209945050191461480e+00 3.462988571930097237e+00 3.496878798593551885e+00 3.915067075948960529e+00
2.383362432417458210e-01 2.997538083671962283e-01 3.324689663432864317e-01 4.000893759697821683e-01 4.560062771884842991e-01 4.887945216559885786e-01 5.236790599879244112e-01 5.334932890245365211e-01 5.611158401036470122e-01 6.168216366011948226e-01 6.778748270467068737e-01 7.184087509341822164e-01 7.466412160614833704e-01 7.724186249343110156e-01 8.008074428238021181e-01 8.273030426886560651e-01 8.876669707650743923e-01 9.093382543664889628e-01 9.675753674037713692e-01 1.000766723906939992e+00 1.041623073212961215e+00 1.064710515612694364e+00 1.078742353443529867e+00 1.105750625683170174e+00 1.135057655037810642e+00 1.179473533735799551e+00 1.200450997327706659e+00 1.245524339297267691e+00 1.286880663038786343e+00 1.324255401474539795e+00 1.342834984668246356e+00 1.369253758578375724e+00 1.383669572672398429e+00 1.418839666631877883e+00 1.445076164284936127e+00 1.474757615720844184e+00 1.516202417883304898e+00 1.536420592908649629e+00 1.573752843722208361e+00 1.614464865463005605e+00 1.643800470576907813e+00 1.689667866846018995e+00 1.742202310603712112e+00 1.757477835196242122e+00 1.833434333874272903e+00 1.938071075825859468e+00 2.013055554417271242e+00 2.179348572750912538e+00 2.199928248927172536e+00 2.242689800200912575e+00 2.519157967542871468e+00 2.537109425305683619e+00 2.767518574137370013e+00 2.855345907019092966e+00 2.895037285255031012e+00 3.101577519941004280e+00 3.212152221093756310e+00 3.462933483522119271e+00 3.492999577701245695e+00 3.915605107977086607e+00
2.407063047833415403e-01 3.007987088946453835e-01 3.499138453473129018e-01 4.016024736882065627e-01 4.561944903271621388e-01 4.905262859031962464e-01 5.192271511406290063e-01 5.358016751909294717e-01 5.652079834260259616e-01 6.179831184744725148e-01 6.803405702523741549e-01 7.237738440654953864e-01 7.467568978865305462e-01 7.799985306869684498e-01 8.057424665036643230e-01 8.281953266292167992e-01 8.931671581163912466e-01 9.205776614742272601e-01 9.692343610120656150e-01 1.005417392567472978e+00 1.043308551504622983e+00 1.062134396677339776e+00 1.076560273662743761e+00 1.104398899424948732e+00 1.133465284743208068e+00 1.183589211035410260e+00 1.207377691509324613e+00 1.246129840672622446e+00 1.290074400662993837e+00 1.328605482985829811e+00 1.341058404464744447e+00 1.369086317868122071e+00 1.391124275867751114e+00 1.439711545944851290e+00 1.449951655789046612e+00 1.488732977213668374e+00 1.520076073145410822e+00 1.538769806382095595e+00 1.575475381131271391e+00 1.616526372065431039e+00 1.654235597338247654e+00 1.697128301571030562e+00 1.745119753035376364e+00 1.762962180213575092e+00 1.830562388111430128e+00 1.940020740659906373e+00 2.008285366608085543e+00 2.152795198223891315e+00 2.189730012412638871e+00 2.231664618827721824e+00 2.515314962096362184e+00 2.535668946126554246e+00 2.764645799540304871e+00 2.851755269311592844e+00 2.903850008978554609e+00 3.098178167784116255e+00 3.214956837042548088e+00 3.462589416151767185e+00 3.486918632890873671e+00 3.916457455994624137e+00
2.431393567923650911e-01 2.984917262108362501e-01 3.684609036404756788e-01 4.046340272450023590e-01 4.585176496360500731e-01 4.888656192464756467e-01 5.160515623212152958e-01 5.426983482806368997e-01 5.706291986327008958e-01 6.208654480443770440e-01 6.820949755003858916e-01 7.280405330221600968e-01 7.489727188694395021e-01 7.871216645366552189e-01 8.103142030874131985e-01 8.295059297777918061e-01 8.941272084056344216e-01 9.344922708457927829e-01 9.720126396645796252e-01 1.009082413907207432e+00 1.046123404838271043e+00 1.058334553099293363e+00 1.073651348019691643e+00 1.105096737717488953e+00 1.133367159381929890e+00 1.189105167323831092e+00 1.217367188357025398e+00 1.248526610073088738e+00 1.293295355199377772e+00 1.327784070741544920e+00 1.337227577261563827e+00 1.364134834728536694e+00 1.392142969202238678e+00 1.446487312765128097e+00 1.466198026194972970e+00 1.496425548815735640e+00 1.527007572065542940e+00 1.543377715510450665e+00 1.583123405768494640e+00 1.625557870894002166e+00 1.667167572509344886e+00 1.707006343902800705e+00 1.742509180682787484e+00 1.793118429934134284e+00 1.827802836139464260e+00 1.942552561707714176e+00 2.000149057432868194e+00 2.103225298429850731e+00 2.189045913819140488e+00 2.228328647886381741e+00 2.509476911373806907e+00 2.534995500015186032e+00 2.761505965599559076e+00 2.846243405545143546e+00 2.908013438678399343e+00 3.093652503729297898e+00 3.217381434855323352e+00 3.461181198578901164e+00 3.479580476423473900e+00 3.917564591716446998e+00
2.446209510390344177e-01 2.932377784100814733e-01 3.812664954399493378e-01 4.105988044716906149e-01 4.618596268963006679e-01 4.834455331280664292e-01 5.203896727413032108e-01 5.516930270636897227e-01 5.769374492072563143e-01 6.241348889410270884e-01 6.841884060765404119e-01 7.303579378910762809e-01 7.533037224191093673e-01 7.915710571700026454e-01 8.130900071743549784e-01 8.316175385044458634e-01 8.957577686727880018e-01 9.431365696020778122e-01 9.759554422951930430e-01 1.009168068585040601e+00 1.045726684266157447e+00 1.057254393394127856e+00 1.070708563893233656e+00 1.105341733979830376e+00 1.138044365497150601e+00 1.192899740127037367e+00 1.232939486737999690e+00 1.254029858071582515e+00 1.295558409834953073e+00 1.325084645634355018e+00 1.331567324595579693e+00 1.363642442479792161e+00 1.390773998664314171e+00 1.446491116193695747e+00 1.479214993234257092e+00 1.497930381358179242e+00 1.527853515370240167e+00 1.546261267429553499e+00 1.589696803277223403e+00 1.635096118766790951e+00 1.678772498266307700e+00 1.714644292342629939e+00 1.737590109751062206e+00 1.813243431061370980e+00 1.867916049069735740e+00 1.946934167517991865e+00 1.983193310247017616e+00 2.056338120444078932e+00 2.189960690593211634e+00 2.229460231111187962e+00 2.501854345370092325e+00 2.534361800038520407e+00 2.758663321983292338e+00 2.837957662872744979e+00 2.904881380700750970e+00 3.088088041509675641e+00 3.218693266767772787e+00 3.456462617980812446e+00 3.473436275691848429e+00 3.918857458384961578e+00
2.432110783548426802e-01 2.863040294095295923e-01 3.870925475242075198e-01 4.153789053842673051e-01 4.616716796373676046e-01 4.840789180483002219e-01 5.308449500901042395e-01 5.604454397676182920e-01 5.840225894910644477e-01 6.267978604569828249e-01 6.877186438572824301e-01 7.313887203403384163e-01 7.577294701537652388e-01 7.938270338596546960e-01 8.127696668455169915e-01 8.353337593310953268e-01 8.991289285580805757e-01 9.464404017663445856e-01 9.787080394146161488e-01 1.005949361103715800e+00 1.039894096108251897e+00 1.059206177978493590e+00 1.068814543594817312e+00 1.104170034930477051e+00 1.145832668742829075e+00 1.194225831195217413e+00 1.248000339840461104e+00 1.265278639597889665e+00 1.296356794594901496e+00 1.323875685223021792e+00 1.325627345443871841e+00 1.367627390894469830e+00 1.390222966411583938e+00 1.445060116489113478e+00 1.486780969446998224e+00 1.500052266765305342e+00 1.525753007742345790e+00 1.549510451270523559e+00 1.592283423487673710e+00 1.640409993495403063e+00 1.684011371455589767e+00 1.718238531173896577e+00 1.733460044483724261e+00 1.803650775305324139e+00 1.918814597555848600e+00 1.953027194839426883e+00 1.977729056536373875e+00 2.030866740827176109e+00 2.192465790597077024e+00 2.236064781709586669e+00 2.492477441676418604e+00 2.532776766782747213e+00 2.755877075758421668e+00 2.824517247769966932e+00 2.895319422174355228e+00 3.081747458043708310e+00 3.218797940853343142e+00 3.446553342090329597e+00 3.470614411260700027e+00 3.920269266885552994e+00
2.361434194662606345e-01 2.793732501473144558e-01 3.877391107383183488e-01 4.157058363886398933e-01 4.581574571821062647e-01 4.930509774209713147e-01 5.448068011236533170e-01 5.673102337794826422e-01 5.915030113144977841e-01 6.294439172943659955e-01 6.924820580006784132e-01 7.312782561838393480e-01 7.609603847683129585e-01 7.942870005344963014e-01 8.113784510993249377e-01 8.412261447489324251e-01 9.025870069527875961e-01 9.468865868469457103e-01 9.764483522099016710e-01 1.002493316028992831e+00 1.033542183974166306e+00 1.058580166196632089e+00 1.069078454465599348e+00 1.102799331196679722e+00 1.152565221263882389e+00 1.194861579063278167e+00 1.254918313434939758e+00 1.274354047017613123e+00 1.298293235472483209e+00 1.319780221116042540e+00 1.329326806681898843e+00 1.374657409331189184e+00 1.392579416601934961e+00 1.443440316172177829e+00 1.488473731940423095e+00 1.504712274751602408e+00 1.522179617040524402e+00 1.556918182762350167e+00 1.592880369873426627e+00 1.643238577626171093e+00 1.681672364736090497e+00 1.719013321671851280e+00 1.732306790680260056e+00 1.788772147024162873e+00 1.892796241127055801e+00 1.944167322925746122e+00 2.016959111535241878e+00 2.050401640562402594e+00 2.198032002680323060e+00 2.253544326476924820e+00 2.481337734029289255e+00 2.528810747444656837e+00 2.748601880682830068e+00 2.804352619157888693e+00 2.884587065730258360e+00 3.075246789944879211e+00 3.218261781700228585e+00 3.433231006279120923e+00 3.469647089590037758e+00 3.921743712462512743e+00
2.215325298406725096e-01 2.726782517920481319e-01 3.834351036862774231e-01 4.148118005006500297e-01 4.560186160337886263e-01 5.035651458484883269e-01 5.591560696246438145e-01 5.724560531012551357e-01 5.986468706058355460e-01 6.334638078237680991e-01 6.970672156170637512e-01 7.289892013253465031e-01 7.636211385432820631e-01 7.927570231559540881e-01 8.131034404455428355e-01 8.487285867856697585e-01 9.041394535760994833e-01 9.460692472675299447e-01 9.676776948625461783e-01 1.000677620565849635e+00 1.028862343721716810e+00 1.055785249699863870e+00 1.070367025181283349e+00 1.101845520738961914e+00 1.156273162139896948e+00 1.196468165255134553e+00 1.255992074970202044e+00 1.272596049726436807e+00 1.300057629821200988e+00 1.316966817238619525e+00 1.337614419230345630e+00 1.379986532411265454e+00 1.400310425915505474e+00 1.443400067746342108e+00 1.486616046678125080e+00 1.507822617490150785e+00 1.517457176372021044e+00 1.566672930248410367e+00 1.594039051238844484e+00 1.646598274433128228e+00 1.673983884834140623e+00 1.717557700452532865e+00 1.733819957100519726e+00 1.771503020643387938e+00 1.858960918600080170e+00 1.943222854465274763e+00 2.014058711824635584e+00 2.093770281857886495e+00 2.205582882962680902e+00 2.290657392647762247e+00 2.468516510969017919e+00 2.519685626712083515e+00 2.719092644657405522e+00 2.790623367943571242e+00 2.878403531671896776e+00 3.069378058142997023e+00 3.217911655721364284e+00 3.418134232757799040e+00 3.469265953976197636e+00 3.923235765530697972e+00
1.993807131561618207e-01 2.645446114780402591e-01 3.757952288514618822e-01 4.156215130379582456e-01 4.546902374580623074e-01 5.132020850369162224e-01 5.674904398725550969e-01 5.800720959968124202e-01 6.057291134014536338e-01 6.387092577139759086e-01 7.000513228139105815e-01 7.239473632456802088e-01 7.672353848293073098e-01 7.912179225548995332e-01 8.183350286744358604e-01 8.567664862393250536e-01 9.032446491781861431e-01 9.446708503300956794e-01 9.560262174448657113e-01 9.977025843994570264e-01 1.027070607767205157e+00 1.051954244671551741e+00 1.071835684068822570e+00 1.101167402178640398e+00 1.157030533639797909e+00 1.199252515656546336e+00 1.250196546672608600e+00 1.270127522611065318e+00 1.297909485722050116e+00 1.316256781873877291e+00 1.343599891546564340e+00 1.382001804558851132e+00 1.407978081108095525e+00 1.446361669286317264e+00 1.482554811927605298e+00 1.500406317648550036e+00 1.516057338685695699e+00 1.568935508882937313e+00 1.596313425705699229e+00 1.655618996909302698e+00 1.669405106890180956e+00 1.711968302828137389e+00 1.736606121585772211e+00 1.760077231405714926e+00 1.835447859198713561e+00 1.942014799664572910e+00 2.012621510363436617e+00 2.110217196512482296e+00 2.211194802721720531e+00 2.341748955063805315e+00 2.453817043007125331e+00 2.498879860057285907e+00 2.664763825318672730e+00 2.791297574925695635e+00 2.878179554892256409e+00 3.064710771217772578e+00 3.218360379669338744e+00 3.402035062726087578e+00 3.469097501317355281e+00 3.924706356417480890e+00
1.705196776438067940e-01 2.531391826361964470e-01 3.669559958172766700e-01 4.190723075266180042e-01 4.519914718149849464e-01 5.215923187299437158e-01 5.683367611657895724e-01 5.902423752534075030e-01 6.136699255420634547e-01 6.433577105865548873e-01 6.996374118571843104e-01 7.197378078399258028e-01 7.716917826120297530e-01 7.913271985921809248e-01 8.256482236635712679e-01 8.634053262013331453e-01 9.014169592593006541e-01 9.417244733381774369e-01 9.467316875664125719e-01 9.920111495918757516e-01 1.027489472061091202e+00 1.047317966326905658e+00 1.073682972888349463e+00 1.100406436537342492e+00 1.155965945433610198e+00 1.201864584965636418e+00 1.239571819203314051e+00 1.269469558865811587e+00 1.292792171908867527e+00 1.316087715374561373e+00 1.346357061482570172e+00 1.382878217677823596e+00 1.409547696407333683e+00 1.450239438027636218e+00 1.474159065509075273e+00 1.485075110666376208e+00 1.517577388822895834e+00 1.564867129193967088e+00 1.593387019331548471e+00 1.656817899654544624e+00 1.682241832848638374e+00 1.703198111932781922e+00 1.736089380694970430e+00 1.768314829146439227e+00 1.821090009265764476e+00 1.940497273655215960e+00 2.012955047012690901e+00 2.111947162275640277e+00 2.212493314210490336e+00 2.388792005863807244e+00 2.430162690547571280e+00 2.460791249595211561e+00 2.613543277130756071e+00 2.796542591323206484e+00 2.883096252281662775e+00 3.061417085364811719e+00 3.219786860086154334e+00 3.385406553828305132e+00 3.469054791086016998e+00 3.926116635409743871e+00
1.361998079648421567e-01 2.368881320430661075e-01 3.576940410294935369e-01 4.247428526284975359e-01 4.467056497606749499e-01 5.286070270704176233e-01 5.667601833471201944e-01 5.972722041629943135e-01 6.221257289252815070e-01 6.463918308201268559e-01 6.944612010438644401e-01 7.220833595197918564e-01 7.754650978232481284e-01 7.933558959779711817e-01 8.339163140385977835e-01 8.661007965165441469e-01 9.016092638050932084e-01 9.351100601967630155e-01 9.442264850116681707e-01 9.848166860805643852e-01 1.028041933047709078e+00 1.042058023297468772e+00 1.076036748554325406e+00 1.099382865577852586e+00 1.154193181127412426e+00 1.202240590091524286e+00 1.227351588704154173e+00 1.268291748164641186e+00 1.285843782271240077e+00 1.315336245180541264e+00 1.346799257789141446e+00 1.381356900098931639e+00 1.404438846775679428e+00 1.445755950767212639e+00 1.464085206112300197e+00 1.477540460038400560e+00 1.520066896003252177e+00 1.558915165939646297e+00 1.588896180701934835e+00 1.653621565618073053e+00 1.681914989795086246e+00 1.704009278891928991e+00 1.730463893042420542e+00 1.794043302296880693e+00 1.819300472708901051e+00 1.939460294598644330e+00 2.015076946301213034e+00 2.104299466598276158e+00 2.204069619538518765e+00 2.356421902192496365e+00 2.419972958481650505e+00 2.449899942434273559e+00 2.583245090780543318e+00 2.801447009742274119e+00 2.891352367460200412e+00 3.059413996197505092e+00 3.221999068634478380e+00 3.368611509050408070e+00 3.469124131445312731e+00 3.927426892319513030e+00
9.780111413352574057e-02 2.145480665433342482e-01 3.460780143507072859e-01 4.264198674198235173e-01 4.448753474913210160e-01 5.330758219425549838e-01 5.653188325063905895e-01 5.992999931632083666e-01 6.291142174692418987e-01 6.492577339277793014e-01 6.895406973465989520e-01 7.297321863326575730e-01 7.780019384279948103e-01 7.965848707324830746e-01 8.417241116180447236e-01 8.654618032330302357e-01 9.040016503935679459e-01 9.304617235418589649e-01 9.433719024839607448e-01 9.777893528164143255e-01 1.027312321898172565e+00 1.036808295950667036e+00 1.078613420658255384e+00 1.098170962696241482e+00 1.152386559029675794e+00 1.197693804586486221e+00 1.215598876955330088e+00 1.260964296598963585e+00 1.280992672359503093e+00 1.313624761601604796e+00 1.345950098823576413e+00 1.370391590460274367e+00 1.399219224669172146e+00 1.436228398853732768e+00 1.463817835026433256e+00 1.474231754671385453e+00 1.523898197625741302e+00 1.550650580488754260e+00 1.586266218492288216e+00 1.649127184796920886e+00 1.670682492196968960e+00 1.708125761853141578e+00 1.722444191711874018e+00 1.798957808996346941e+00 1.849525920344364582e+00 1.940822499552416813e+00 2.017490905889139263e+00 2.079473836620684413e+00 2.171495894810042238e+00 2.291742991880407310e+00 2.413689420044996758e+00 2.472437583778907211e+00 2.566773410867861926e+00 2.804573035931897440e+00 2.899988980939062433e+00 3.058575504547688784e+00 3.224673709692693180e+00 3.351962222902677091e+00 3.469301102504208423e+00 3.928600686282960108e+00
5.531968012751566771e-02 1.858253793355914285e-01 3.249628414898951267e-01 4.204294116970432316e-01 4.540795254921173862e-01 5.331130667430971082e-01 5.661667902508051853e-01 5.972092817352699923e-01 6.327613226690127490e-01 6.537696871848719393e-01 6.892868668325583537e-01 7.396171307248184945e-01 7.801701459824645912e-01 7.997200141858643585e-01 8.463342847474463193e-01 8.661322918742028198e-01 9.056213957625540711e-01 9.285970212367472554e-01 9.422144980570782424e-01 9.723861934882184199e-01 1.023730500313047909e+00 1.033763494273769235e+00 1.080888271892725738e+00 1.096902080894161635e+00 1.150837176088125524e+00 1.184925309133637583e+00 1.206202347252515628e+00 1.245627049426637489e+00 1.279526391602028301e+00 1.311018969103644238e+00 1.344468859137365024e+00 1.356083104410223061e+00 1.398597731538802735e+00 1.431240955051219288e+00 1.463235697286961789e+00 1.473460406872918904e+00 1.528870023610847673e+00 1.540447648163319139e+00 1.585445312827419739e+00 1.642268076918902864e+00 1.658837344123266000e+00 1.709825321853138069e+00 1.713413724375902003e+00 1.796423944425789676e+00 1.870971604623815399e+00 1.946199066225037688e+00 1.984887712857266395e+00 2.051627919801235045e+00 2.138653530020942828e+00 2.268899219887084318e+00 2.403438813548269160e+00 2.493756343965985778e+00 2.556163589794459678e+00 2.805995387357395288e+00 2.905903497494044530e+00 3.058782864301027082e+00 3.227647698030704060e+00 3.335748371842829574e+00 3.469570665058152592e+00 3.929610525062019022e+00
-2.550192564843978618e-02 1.513296756964432055e-01 2.864247680472181701e-01 4.190277145763511291e-01 4.666072127862902486e-01 5.300514290140618812e-01 5.680605593923248042e-01 5.943821374170993321e-01 6.333554955339734116e-01 6.594326347194472415e-01 6.939698665266594846e-01 7.496438817591732917e-01 7.828849208164423423e-01 8.020716494292445820e-01 8.451091703186235371e-01 8.711204891992023747e-01 9.056009547097300105e-01 9.276613131824815728e-01 9.400549725313984695e-01 9.693012998213117459e-01 1.017354016588759347e+00 1.034090976528725392e+00 1.082267739158620845e+00 1.095673088963336372e+00 1.149367967778901045e+00 1.164485184564747255e+00 1.198177932558541103e+00 1.230013989688912401e+00 1.277204208912775529e+00 1.307998450037843874e+00 1.343068975226042072e+00 1.349320839256093141e+00 1.397941272095231557e+00 1.427699189343750508e+00 1.462009474526273944e+00 1.473557375324211494e+00 1.527001115286947375e+00 1.537092116592702284e+00 1.585558360563794622e+00 1.631470559448918278e+00 1.644670845388834346e+00 1.703782838170661229e+00 1.710301711163042970e+00 1.790906407534472056e+00 1.825597014324795930e+00 1.924044863930049143e+00 1.970402478217468056e+00 2.070977137907810128e+00 2.126340305526898788e+00 2.262933305601790845e+00 2.394581345334628519e+00 2.509009300501204187e+00 2.548698490198502586e+00 2.806204520928486268e+00 2.907269674534346482e+00 3.059789505249297381e+00 3.231080141399223837e+00 3.320260376593656471e+00 3.469901702849764291e+00 3.930440686579994125e+00
-4.338753781737218762e-02 1.117549836627366178e-01 2.309273642403278093e-01 4.232368366349507638e-01 4.785733495373764024e-01 5.280870361217616660e-01 5.683365341042113661e-01 5.918946073021053023e-01 6.331149722044151495e-01 6.653298328962697905e-01 7.012001835521299853e-01 7.584703860941085507e-01 7.864963462888336920e-01 8.036967093513271987e-01 8.390682977948279442e-01 8.783906131669245720e-01 9.045288645490562329e-01 9.261818468224968237e-01 9.368748740593764168e-01 9.679902116618626096e-01 1.010601930327807318e+00 1.036103116561826409e+00 1.081952000910086031e+00 1.094810770532478772e+00 1.139946408857053894e+00 1.148888267055139023e+00 1.191242224949155659e+00 1.218830460584860775e+00 1.273153910716603221e+00 1.305208663002207503e+00 1.342992835505971483e+00 1.348368271069719793e+00 1.395783545224814182e+00 1.423446298568441515e+00 1.459958127243146553e+00 1.473701224477111937e+00 1.516294726412992233e+00 1.541723372780653190e+00 1.586128411469460042e+00 1.600396476877594454e+00 1.630712259069773573e+00 1.691832827826018626e+00 1.708287101062760271e+00 1.740425312244241018e+00 1.796857204074735037e+00 1.917850471633957721e+00 1.980761899422499583e+00 2.095934153157284374e+00 2.128866986887304247e+00 2.261051776584416917e+00 2.387736019720837266e+00 2.518353812547903470e+00 2.544081796722431399e+00 2.805668864707262067e+00 2.904226652857052837e+00 3.061142152546485917e+00 3.235327009355029482e+00 3.305834173060382408e+00 3.470247818801646567e+00 3.931085482569422140e+00
-3.829553338687295694e-02 6.661157332345508941e-02 1.640377642024903604e-01 4.288596241938384956e-01 4.875094312096895921e-01 5.309047410259739586e-01 5.667398614681133928e-01 5.874461142524899371e-01 6.340018845225852129e-01 6.711243815606127150e-01 7.079919163064047893e-01 7.659711196871087369e-01 7.906543800998029337e-01 8.045823417303863412e-01 8.299675874641482265e-01 8.855099145471914124e-01 9.029241794228828333e-01 9.247388678557215691e-01 9.324743687980042717e-01 9.674614627172537507e-01 1.004974797769712991e+00 1.038026694198350253e+00 1.079076663505594613e+00 1.094924699796484102e+00 1.121291438926209194e+00 1.145887957233236110e+00 1.186981727959112165e+00 1.211431318102802690e+00 1.268765911943330105e+00 1.303018745367701792e+00 1.343076876414794452e+00 1.350307067187639376e+00 1.392596423521443860e+00 1.415563061892311181e+00 1.453508521323587876e+00 1.474294074664056708e+00 1.505852888376973731e+00 1.525291090807477046e+00 1.561385968425963888e+00 1.588616106261256933e+00 1.622221697760045878e+00 1.675294021907189235e+00 1.702427954605163274e+00 1.719683158110533627e+00 1.794522009963264830e+00 1.916447308260675442e+00 1.987100050280045105e+00 2.101549865202540168e+00 2.152957758668048172e+00 2.260279815585364283e+00 2.382947366108881138e+00 2.522246979950168111e+00 2.542624341467600857e+00 2.804791754936408754e+00 2.898716131575279409e+00 3.062354819924297811e+00 3.240534267205803509e+00 3.292985302433965700e+00 3.470553226449852424e+00 3.931544760443351549e+00
-2.510586593027871669e-02 -1.121320245974325065e-02 9.170543876784499615e-02 4.327685400035083951e-01 4.924598066015972719e-01 5.390256778521184122e-01 5.623842015283906370e-01 5.820943083840184329e-01 6.355468210880694802e-01 6.759694080959147700e-01 7.121685670301800553e-01 7.728714202956115109e-01 7.941040517635856721e-01 8.036474074524126987e-01 8.213698861473361923e-01 8.894493859630854260e-01 9.034768371426333822e-01 9.233965080496250311e-01 9.275992671315287375e-01 9.668716549582331288e-01 1.001584475887240977e+00 1.038585871365157898e+00 1.074780542942814554e+00 1.096054970967747400e+00 1.110725223643290738e+00 1.142709673069147724e+00 1.185811670845602572e+00 1.206587549571953577e+00 1.265539961513071354e+00 1.301850029693208066e+00 1.343434463679165081e+00 1.350752195633989405e+00 1.388916295983414928e+00 1.400032586484874608e+00 1.440705945943884014e+00 1.475836729362771660e+00 1.491067285625399474e+00 1.503195566252194970e+00 1.560461847632626631e+00 1.591667511075952834e+00 1.616147481489945470e+00 1.665125605095445271e+00 1.698772303319991739e+00 1.717268762900703516e+00 1.793494880216841558e+00 1.915849008349510774e+00 1.990365238828349925e+00 2.100524116927928286e+00 2.175725640608603406e+00 2.259898576245418678e+00 2.380115531338207635e+00 2.522794542634072990e+00 2.543072349448543434e+00 2.803983687154797177e+00 2.893646514731949448e+00 3.063134171123946814e+00 3.245954089153760602e+00 3.282876281661446516e+00 3.470763459464603518e+00 3.931819801360574296e+00
-2.179342319817873810e-04 -1.360595310276718740e-04 -6.369759144672302341e-08 4.340447050140649465e-01 4.940353990974498677e-01 5.462729066921804266e-01 5.568557682889559990e-01 5.799649177742807193e-01 6.362638785657445117e-01 6.779741090127742176e-01 7.134122786960551688e-01 7.767379767115897282e-01 7.953185514153154889e-01 8.017354957024868112e-01 8.182630134427011370e-01 8.898089673903851748e-01 9.056108376338193322e-01 9.215148466554458073e-01 9.259230164363304594e-01 9.664501028451728537e-01 1.000625351485883607e+00 1.038413288056958983e+00 1.072754703514314345e+00 1.096897323840903882e+00 1.107495546731919189e+00 1.141199043741021768e+00 1.185932263833535893e+00 1.204682806272163509e+00 1.264372587512539559e+00 1.301663400758925171e+00 1.344839266536493438e+00 1.347827733074867362e+00 1.385001872951749036e+00 1.392698124729673692e+00 1.435525671495099909e+00 1.477246507963144939e+00 1.485037795173822062e+00 1.499816415632140520e+00 1.561299221904109302e+00 1.593576516123689890e+00 1.613496812980910855e+00 1.661929985172049928e+00 1.697745228030739684e+00 1.716929403420328404e+00 1.793164061231547146e+00 1.915667521022428987e+00 1.991380652742137380e+00 2.099897241283447791e+00 2.184277768878601922e+00 2.259773823221381317e+00 2.379174512658388529e+00 2.522663434296847473e+00 2.543443949431981377e+00 2.803651033551635585e+00 2.891610951919182604e+00 3.063395442671926094e+00 3.248719993271684370e+00 3.278536635176032554e+00 3.470838458912190116e+00 3.931911413978058878e+00
3.615958520752329819e-02 3.713672543773122170e-02 5.060146429524171874e-02 4.310341807023154170e-01 4.909457087581903800e-01 5.461634966441040184e-01 5.540835366303850096e-01 5.832218524801384696e-01 6.362625307642045813e-01 6.794146306809538682e-01 7.138028568164845877e-01 7.748356243131602206e-01 7.952633133652218245e-01 8.006533948160742264e-01 8.195583010338376440e-01 8.897498573536752886e-01 9.022468980022538831e-01 9.231860671733952417e-01 9.267318485739330924e-01 9.682842828975279925e-01 1.000292743513452987e+00 1.036563137501211873e+00 1.075796134271571836e+00 1.096691232202533062e+00 1.106845799047443846e+00 1.140320543561339495e+00 1.185784956765748133e+00 1.205622027638595384e+00 1.264415512083977067e+00 1.301590408108613817e+00 1.342578976031358673e+00 1.350087169891243111e+00 1.381434029391684026e+00 1.397651432345726530e+00 1.435121310739902345e+00 1.477375365998284673e+00 1.485159630949424381e+00 1.501153291202329543e+00 1.560850225606212227e+00 1.592654560764260374e+00 1.613958671936303713e+00 1.662651323559507066e+00 1.697680156925571282e+00 1.716897724125983959e+00 1.793234532287191874e+00 1.916200019691846945e+00 1.991430992748175255e+00 2.099839193834672990e+00 2.184430587789483624e+00 2.259548954069235283e+00 2.380209575419170775e+00 2.524118813509810266e+00 2.544798921422256388e+00 2.803781370815094931e+00 2.891591516345079604e+00 3.063293763876788756e+00 3.246775413445440073e+00 3.278236458385855645e+00 3.470857022731444363e+00 3.931999400491188013e+00
7.240664437518207208e-02 7.411112671437930510e-02 1.006114552416637331e-01 4.223085559923132615e-01 4.812260313037670656e-01 5.443624846140766582e-01 5.506782766683915309e-01 5.903270537192896183e-01 6.358237552445273888e-01 6.834665064139250346e-01 7.148515470620427914e-01 7.694428145260496787e-01 7.942666526991123410e-01 7.995257905963389922e-01 8.221405717140479741e-01 8.887307529136463380e-01 8.967627540330502800e-01 9.232911862093776678e-01 9.304297480051394453e-01 9.725567904018173060e-01 9.999096197616490489e-01 1.033140696113237667e+00 1.082187901564441779e+00 1.096138533592653674e+00 1.105475846514556437e+00 1.138078548669359202e+00 1.185940511520606533e+00 1.207751503399123072e+00 1.264624505031256563e+00 1.301066434309197106e+00 1.339493588046721806e+00 1.353400974066617302e+00 1.376443740244252201e+00 1.406343686708664054e+00 1.434098649826330396e+00 1.477348070434935767e+00 1.486137477737842216e+00 1.504572991338774424e+00 1.559547511892662053e+00 1.590195684860178149e+00 1.615107868991943585e+00 1.664770606893721139e+00 1.697468404690032129e+00 1.716863353904867218e+00 1.793414260606952748e+00 1.917660797485358559e+00 1.991614011547649499e+00 2.099673404619163630e+00 2.184874512941602731e+00 2.258911659491841917e+00 2.383052399627578755e+00 2.527377437461922227e+00 2.549927237378533107e+00 2.804143057760913216e+00 2.891524087552726829e+00 3.063005505018791652e+00 3.241060003120114885e+00 3.277421143746922727e+00 3.470875088771921746e+00 3.932235418027766993e+00
1.081850801483513896e-01 1.112182093437030783e-01 1.492078637810218544e-01 4.086239947408381590e-01 4.646931620195932089e-01 5.402543322374177004e-01 5.502292240916674126e-01 5.986050820415262930e-01 6.349169918568683402e-01 6.891239484280168304e-01 7.161652304503655087e-01 7.617295121998165497e-01 7.918411987479810898e-01 7.999030044398756090e-01 8.244810988224929860e-01 8.844963987205273215e-01 8.949787341668729024e-01 9.214453127381611042e-01 9.346757953866339230e-01 9.755074725267208757e-01 1.001443944052404778e+00 1.030735036960269024e+00 1.086708674880673353e+00 1.096753363413602855e+00 1.104362776398162937e+00 1.135820547314670081e+00 1.187031962479745184e+00 1.209989714621939383e+00 1.265118407340134921e+00 1.299440296937141692e+00 1.336910320620636083e+00 1.356965959980748426e+00 1.371744017072288990e+00 1.415946420125631766e+00 1.432736184951077574e+00 1.477183466546077018e+00 1.488279012269821955e+00 1.508897460079319242e+00 1.557510367063591472e+00 1.586855597107038163e+00 1.616543987226902290e+00 1.668101344527699981e+00 1.697059430000163571e+00 1.716975594183300258e+00 1.793629360076830936e+00 1.919684500753375600e+00 1.991999208435572655e+00 2.099424904975037531e+00 2.185560999328561405e+00 2.257967102772787005e+00 2.387018839663742398e+00 2.530155236662452012e+00 2.560803008788993917e+00 2.804655631728977916e+00 2.891384041076101141e+00 3.062581237507183474e+00 3.232003111911740501e+00 3.276284037428243590e+00 3.470806973774782644e+00 3.932549120713504376e+00
1.432430440628857937e-01 1.482179211441258804e-01 1.950770288679521958e-01 3.908985073094420892e-01 4.425986409382132725e-01 5.365886370884671575e-01 5.493661059551876447e-01 6.061005436976121263e-01 6.354685550740074573e-01 6.947428137132316550e-01 7.171350246002915485e-01 7.535477302104282016e-01 7.888869023997830965e-01 8.006423022370775522e-01 8.257779168162755479e-01 8.798776746497096735e-01 8.961726352094400161e-01 9.188458607557157265e-01 9.378243634043716970e-01 9.740703026674240039e-01 1.005663547852256201e+00 1.030395873176362498e+00 1.086585394609701272e+00 1.099462226714074786e+00 1.103755669175000120e+00 1.135685874982837573e+00 1.188818928342815662e+00 1.211760220168839552e+00 1.265882634932501194e+00 1.296313061717164095e+00 1.335140552752819953e+00 1.360809075873498530e+00 1.367500148201327370e+00 1.424662415280579797e+00 1.431515070933551126e+00 1.477547589170497222e+00 1.491250474776134149e+00 1.512889220747195562e+00 1.554902739037069548e+00 1.583363003089537147e+00 1.618009079961536534e+00 1.672257488498999800e+00 1.696368210087412898e+00 1.717387791537609676e+00 1.793808646043528077e+00 1.921804350908455472e+00 1.992626149252598511e+00 2.099133428095385057e+00 2.186400382776918061e+00 2.256868462594000313e+00 2.391267238865882661e+00 2.531699474529379490e+00 2.577161809924374936e+00 2.805208075535918777e+00 2.891141402187787701e+00 3.062102575135626115e+00 3.220480050048836418e+00 3.275032917011812650e+00 3.470582390348813995e+00 3.932859891991594026e+00
1.771397598411534602e-01 1.845991774198939006e-01 2.362121333410530100e-01 3.700914523949506152e-01 4.169436289587556410e-01 5.337213730118955946e-01 5.459599807614913258e-01 6.108273287452175015e-01 6.403448589183694528e-01 6.982451385759316231e-01 7.174909071309230058e-01 7.468492269010938989e-01 7.856224419373991630e-01 8.010903830906502820e-01 8.255286103326884284e-01 8.782642167467864525e-01 8.983882470573888446e-01 9.163169823009053028e-01 9.391695554048724581e-01 9.695344541035064712e-01 1.009811929995673596e+00 1.032286307528185842e+00 1.085475507590973443e+00 1.099628413651101422e+00 1.104194005682757274e+00 1.138912309809304579e+00 1.190571435851876636e+00 1.212995865075325863e+00 1.266757064050569870e+00 1.291989590810550537e+00 1.334034023739213204e+00 1.363558990314668984e+00 1.365303425265413706e+00 1.426605688759890356e+00 1.435174678574850260e+00 1.478572562477471930e+00 1.495036990910459940e+00 1.515468399308486314e+00 1.551946532429445247e+00 1.580410760263414316e+00 1.619352376848746999e+00 1.676723200678015058e+00 1.695288063462318195e+00 1.718146400454215073e+00 1.793917241787994277e+00 1.923619249426331779e+00 1.993436186976565327e+00 2.098846607193840974e+00 2.187266564826555904e+00 2.255787954449306021e+00 2.395079954648240861e+00 2.532483016798118491e+00 2.596379664364792283e+00 2.805688395024122705e+00 2.890783518278525310e+00 3.061667864651814064e+00 3.207913011190883346e+00 3.273851735909516947e+00 3.470204682245233041e+00 3.933108648100920313e+00
2.089968840990347743e-01 2.192368813951202366e-01 2.695662424056997630e-01 3.474320325336206494e-01 3.901295343850244568e-01 5.315347637349872034e-01 5.398676335524907888e-01 6.132138392314473441e-01 6.491764335256894336e-01 6.973301225651142854e-01 7.181355842786946164e-01 7.429092381848437787e-01 7.821601574515510968e-01 8.011416218046288895e-01 8.240998321859267506e-01 8.801358818870581580e-01 9.006673731064344102e-01 9.145259991085344931e-01 9.383916205856362991e-01 9.644230989821285238e-01 1.012304918720735136e+00 1.035314028750135451e+00 1.085139798056196536e+00 1.097533784103805310e+00 1.104942683522140756e+00 1.144105508867812926e+00 1.191604380269471797e+00 1.213928232284440689e+00 1.267542460146199090e+00 1.287415495730837911e+00 1.333264524409222052e+00 1.361273525596585987e+00 1.369009517596034398e+00 1.424097920117729732e+00 1.440974601507088115e+00 1.479777601022723710e+00 1.499719537097318645e+00 1.515942972717363668e+00 1.549047755815156302e+00 1.578428861910776027e+00 1.620443592942229616e+00 1.681015197134319017e+00 1.693732664393568621e+00 1.719098788531865818e+00 1.793960913213600072e+00 1.924912110716074931e+00 1.994258809686727973e+00 2.098609359231115690e+00 2.188018085625500042e+00 2.254886944353855505e+00 2.398001153721503353e+00 2.532884918306688604e+00 2.614739110286661727e+00 2.806018446075684292e+00 2.890352259272488844e+00 3.061359237021750168e+00 3.196287574356719841e+00 3.272892484021828086e+00 3.469766860583188173e+00 3.933272660604173243e+00
2.363233486173586251e-01 2.490143726805210678e-01 2.905906043233352221e-01 3.256455617666957347e-01 3.665916621779991003e-01 5.300057287464861044e-01 5.336335424721990739e-01 6.146358560683612415e-01 6.585729047238144673e-01 6.925221466312415641e-01 7.192957142537306225e-01 7.414881325343094520e-01 7.791775084290752940e-01 8.009472038461110666e-01 8.227029824922045265e-01 8.834545179646068336e-01 9.021895478333280538e-01 9.138449685858250904e-01 9.361130035111582259e-01 9.607819357696720797e-01 1.013530014042845373e+00 1.037770227415238056e+00 1.085492654929441247e+00 1.095390866914939032e+00 1.105338657219697707e+00 1.148689712762758219e+00 1.191779140247946733e+00 1.214681495944686995e+00 1.268091356486850563e+00 1.283847466037285168e+00 1.332720869008038100e+00 1.359855391951611425e+00 1.372023688818715614e+00 1.421707349537975063e+00 1.444759449875353319e+00 1.480647601309184935e+00 1.504936539425810960e+00 1.514144661820627347e+00 1.546868051038136960e+00 1.577414092222252817e+00 1.621159315132847833e+00 1.684754161752438195e+00 1.691726194842038788e+00 1.719909444627049533e+00 1.793968115458342227e+00 1.925649500672601544e+00 1.994872871870483788e+00 2.098454837017683872e+00 2.188527522267881498e+00 2.254292864037338084e+00 2.399808281500979135e+00 2.533078991665894009e+00 2.628103182833660068e+00 2.806184259652435120e+00 2.889973781322177970e+00 3.061201507897773233e+00 3.187930910381854499e+00 3.272269510997198427e+00 3.469415174408601032e+00 3.933359027011225972e+00
2.496150817904327079e-01 2.632739302935298564e-01 2.963956320831620528e-01 3.142186827569746765e-01 3.562090982737439737e-01 5.291770172985386100e-01 5.311953218142932975e-01 6.151718003079584829e-01 6.633217754446366632e-01 6.891911046274818986e-01 7.198339109915039558e-01 7.412792956886093965e-01 7.779390774121011098e-01 8.008200013905151238e-01 8.221752183115865753e-01 8.851047430795537796e-01 9.026583714534982539e-01 9.138346938356415317e-01 9.347399775536942013e-01 9.595374850106487274e-01 1.013906924680281874e+00 1.038672325640633165e+00 1.085788481352977897e+00 1.094472490229927208e+00 1.105457793045351078e+00 1.150516598208744856e+00 1.191684220854935417e+00 1.215004291051432261e+00 1.268294837325616653e+00 1.282479280341802808e+00 1.332512840129747023e+00 1.359406439484298845e+00 1.373187057780673959e+00 1.420733976382192010e+00 1.446051176924143089e+00 1.480952666621633496e+00 1.508984845826634613e+00 1.511298473643789331e+00 1.546055506541951674e+00 1.577120532200623426e+00 1.621408939568339092e+00 1.686908697295335990e+00 1.690158680939489955e+00 1.720229065743853258e+00 1.793966798180818278e+00 1.925884503000989678e+00 1.995099925213312142e+00 2.098401460867906021e+00 2.188707616862259453e+00 2.254085794488879912e+00 2.400417199158093595e+00 2.533137111515634032e+00 2.633017334424421652e+00 2.806229057345612787e+00 2.889819222341927674e+00 3.061158724091807226e+00 3.184869499204233456e+00 3.272053833242405396e+00 3.469280567995196574e+00 3.933385037408559270e+00
2.524685231959470366e-01 2.824649704798278815e-01 2.884030329684969529e-01 3.934264241102636839e-01 4.080247842132163072e-01 5.107282953454692631e-01 5.518710666444620605e-01 6.236341037767061390e-01 6.257180752651013700e-01 6.637702130334932615e-01 6.984792837576598856e-01 7.653239360095954735e-01 7.998459807871878269e-01 8.043185648274202570e-01 8.502653106668092153e-01 9.129464951032046915e-01 9.176132947109495452e-01 9.574117981977408043e-01 9.724840819374024337e-01 9.999143384233286636e-01 1.027504580946972279e+00 1.056816120628236488e+00 1.087789923222088895e+00 1.164738453812282915e+00 1.186249560355839838e+00 1.238537960289126216e+00 1.267258434240906118e+00 1.277279644394699210e+00 1.302694071902862794e+00 1.344396294615539889e+00 1.371233140660517602e+00 1.405185947424649306e+00 1.453261943892809827e+00 1.462003705284509181e+00 1.515338642513872403e+00 1.527483321535316518e+00 1.544097781443096729e+00 1.585443691688164680e+00 1.598671621057367931e+00 1.618250332919666024e+00 1.682817972899002923e+00 1.720473960950198666e+00 1.752568003470887259e+00 1.788580514611040062e+00 1.837002228215590227e+00 1.967355537245694563e+00 2.035293943253445814e+00 2.123161052614449762e+00 2.164978325878740506e+00 2.261806886757457224e+00 2.350772670029430689e+00 2.523845369315373066e+00 2.742717047625403914e+00 2.801179886330216640e+00 2.846585760393992359e+00 3.034681322360690547e+00 3.237456491548057702e+00 3.439004566972302612e+00 3.508663933318377115e+00 3.935860328906588101e+00
2.479546329405039051e-01 2.721598424394785498e-01 3.024178158733218380e-01 3.945307033410886954e-01 4.112067085161557056e-01 5.106898471266595463e-01 5.497130982462065107e-01 6.235029767480817497e-01 6.277057011623545790e-01 6.624095334247654954e-01 6.989085372762071646e-01 7.653101730311637763e-01 7.987867727017093911e-01 8.052613179579051206e-01 8.494968518368848365e-01 9.101215057698573974e-01 9.177712559772642775e-01 9.555922213898727646e-01 9.715665181234077741e-01 9.995961591083145636e-01 1.028554713562823686e+00 1.056656792294001779e+00 1.088008322019027307e+00 1.164360517601882750e+00 1.185725420268994412e+00 1.236204535326835829e+00 1.261637580058241115e+00 1.283233194758005347e+00 1.303495400040749486e+00 1.343938815878168658e+00 1.370448195575059813e+00 1.402508501791251749e+00 1.450505205352140337e+00 1.459457083623637352e+00 1.512222014185452990e+00 1.528447700428454237e+00 1.544739426058608700e+00 1.587868613860393241e+00 1.601571773282331801e+00 1.620113878917518457e+00 1.682878814077978680e+00 1.719157599150302085e+00 1.752121239297922184e+00 1.790625703900280641e+00 1.839778262869426362e+00 1.967017501520724743e+00 2.034658737425090180e+00 2.084911416308338428e+00 2.201360954392398206e+00 2.262108606165405877e+00 2.349587028872650585e+00 2.519118399497798144e+00 2.731290965012539651e+00 2.809175953097850176e+00 2.847779380771784830e+00 3.034595955073129847e+00 3.236885861406400888e+00 3.438539596190785197e+00 3.507267680609182037e+00 3.935803475427111842e+00
2.350854453534421129e-01 2.690020194976928125e-01 3.156388496653378395e-01 3.971344878462908512e-01 4.211194710574792666e-01 5.106848825026483185e-01 5.447281382215558576e-01 6.224755934773312793e-01 6.323231573775068837e-01 6.590935736490239893e-01 7.002582160986113857e-01 7.652720804467710858e-01 7.970413094209306548e-01 8.062165558511253938e-01 8.473324719513917191e-01 9.024011472789331689e-01 9.175928592571195308e-01 9.486421849163805264e-01 9.720335530966234261e-01 9.985191460009587017e-01 1.030682526160099366e+00 1.056321135076235818e+00 1.088490306545080388e+00 1.163239384090211326e+00 1.184226299040221475e+00 1.230132056645675265e+00 1.253793609948447019e+00 1.290129573613857161e+00 1.306482923437956023e+00 1.342322329193794017e+00 1.367987471320064596e+00 1.395608832432169599e+00 1.442966225619358500e+00 1.454952248844830986e+00 1.506742388163054169e+00 1.526723947193584063e+00 1.545009557661962907e+00 1.592300034765966821e+00 1.611328273791911458e+00 1.625837961449017710e+00 1.682909400032131630e+00 1.716266830746672412e+00 1.751264310409498481e+00 1.794246274920903161e+00 1.848406483799587718e+00 1.966025024191787374e+00 2.020852864841676144e+00 2.044265392532818915e+00 2.246713176513067012e+00 2.265332522152568195e+00 2.345742540522149255e+00 2.505057975105578816e+00 2.706854725682335427e+00 2.821868984016994375e+00 2.853187729669842021e+00 3.034298920271361499e+00 3.235275909151872131e+00 3.437037031800189713e+00 3.503272504145983124e+00 3.935633451452748677e+00
2.216205241706786788e-01 2.696946515009825962e-01 3.236197895272270308e-01 3.999287132599600447e-01 4.366580899164207441e-01 5.109211414906812410e-01 5.399282544928379890e-01 6.196446488427439503e-01 6.357468774442478487e-01 6.567242146013615445e-01 7.024805835051384229e-01 7.651056980161404786e-01 7.951852537599960469e-01 8.052035882911925402e-01 8.441526073148147846e-01 8.911410257306029425e-01 9.168154638265590961e-01 9.381801827995561727e-01 9.753287303054671842e-01 9.966897280162547723e-01 1.032211309912084651e+00 1.056080558166810235e+00 1.088833700190436016e+00 1.161358049069756593e+00 1.181911116411153317e+00 1.222246315896279967e+00 1.245852164383425720e+00 1.293068286512293552e+00 1.310637300604031941e+00 1.339162177176794755e+00 1.364228100767445051e+00 1.388094615808251886e+00 1.434597683909094590e+00 1.449879323299576139e+00 1.500106061663383450e+00 1.522500029139730149e+00 1.543798968753320233e+00 1.595045109338727229e+00 1.621273394521816069e+00 1.638489649431592587e+00 1.682448298913043594e+00 1.714010471407310554e+00 1.750530277318963046e+00 1.795750365319578989e+00 1.861052902316033819e+00 1.962717085535709227e+00 1.974687247211309504e+00 2.040627897264915891e+00 2.259140552014366587e+00 2.297562985560435145e+00 2.338626682725627681e+00 2.482349982213824191e+00 2.678541473201613510e+00 2.828455574789814353e+00 2.865671106165329718e+00 3.033755538582424194e+00 3.232889066270001610e+00 3.434152236251247547e+00 3.497270306771359749e+00 3.935353844621901409e+00
2.115756815484401143e-01 2.699949570478011318e-01 3.268833255324196663e-01 4.029131829961899447e-01 4.529516219430211876e-01 5.115777117768330884e-01 5.380122738997805687e-01 6.145774148971233641e-01 6.351586294407556288e-01 6.583113441341243988e-01 7.051965743215949933e-01 7.641300285121562785e-01 7.918118538983072163e-01 8.015925143451259061e-01 8.408151057520484306e-01 8.798072894162065616e-01 9.153022897401961178e-01 9.277030664329271037e-01 9.796385612882948513e-01 9.944738756939714985e-01 1.032403480131110385e+00 1.056022880599909231e+00 1.088617196534877429e+00 1.158519858864493601e+00 1.178902212837979357e+00 1.213929448674519351e+00 1.237410630276392309e+00 1.292365557177034940e+00 1.310868821040287902e+00 1.335426268507489578e+00 1.361363807313570984e+00 1.383584720245909061e+00 1.427553044306230090e+00 1.444270068581816613e+00 1.491998805868665734e+00 1.518317264990285853e+00 1.542064828379265951e+00 1.595994924570153684e+00 1.625968473609389342e+00 1.654416978795399062e+00 1.680805216955356673e+00 1.714447377232275471e+00 1.749947389585389423e+00 1.792656298623721778e+00 1.867425375427423040e+00 1.933801929861829194e+00 1.966013935434649529e+00 2.041877784955115516e+00 2.259494280618597362e+00 2.315150710849561921e+00 2.345478939200950741e+00 2.453943701433318303e+00 2.650732989550625529e+00 2.829778934212094921e+00 2.881732795564860616e+00 3.033126086437334834e+00 3.230053759945729741e+00 3.429275222549895918e+00 3.490251635203667213e+00 3.934975893005870251e+00
2.050534398603384156e-01 2.682269623153231697e-01 3.254943839044853182e-01 4.072351285080771932e-01 4.637115788932363314e-01 5.124525023571686599e-01 5.403980912262585923e-01 6.098739335519137716e-01 6.321320064387058180e-01 6.615348225305874852e-01 7.078780541916854796e-01 7.597289832954265965e-01 7.854393997362533186e-01 7.979087318521440597e-01 8.390542239654295020e-01 8.721851906166188106e-01 9.121072241128976854e-01 9.196026318714135561e-01 9.824738812867764848e-01 9.931446677308154447e-01 1.031568755933885306e+00 1.055931761642444178e+00 1.087551822170677696e+00 1.154294017622760959e+00 1.175091961520370765e+00 1.205881376345909528e+00 1.228248511170337176e+00 1.287051847325453968e+00 1.307735779893237638e+00 1.331310993106874285e+00 1.360883535079092654e+00 1.383217151638600484e+00 1.421692002161474067e+00 1.438847652016511436e+00 1.483046450908912295e+00 1.515387068059291575e+00 1.540300045372299698e+00 1.595199241151489700e+00 1.627596824721358360e+00 1.664044176221146198e+00 1.677749699793515736e+00 1.717444779928898324e+00 1.747182469303384389e+00 1.781654284480820527e+00 1.856175820824748524e+00 1.929495448459479512e+00 1.968193383563290100e+00 2.044681226667879326e+00 2.257362255272054252e+00 2.287123089777494567e+00 2.379034189911652941e+00 2.427921286337089590e+00 2.626134272586231333e+00 2.828912224256673102e+00 2.896764065790516707e+00 3.032888467563108925e+00 3.227094100408201438e+00 3.421640185384378086e+00 3.483459304611389751e+00 3.934522475288604770e+00
1.997040877282381111e-01 2.641139196369909903e-01 3.192152281366623101e-01 4.127437709557090773e-01 4.663428634547868712e-01 5.112162086078436696e-01 5.465311942551753788e-01 6.106652119821153191e-01 6.275934058234597934e-01 6.633094770694376585e-01 7.102394218517356084e-01 7.491199683344776927e-01 7.817893850185914095e-01 7.950115929930758885e-01 8.399765525997808790e-01 8.686035516119562372e-01 9.058113873330899679e-01 9.158880413669802101e-01 9.809866489432501613e-01 9.946860519842881665e-01 1.030421557136014243e+00 1.055399610671098332e+00 1.085614840620071186e+00 1.148332591551689985e+00 1.169821987167767974e+00 1.198759864911373763e+00 1.218242231922579633e+00 1.277734484734549092e+00 1.306161546240476534e+00 1.325377523183850714e+00 1.360992094188174351e+00 1.386407581713476223e+00 1.416173755944492685e+00 1.434574230791014982e+00 1.474458967077563409e+00 1.514055592420814778e+00 1.538266269549584786e+00 1.592645917961881485e+00 1.625857393130430317e+00 1.661260030720823400e+00 1.675422011662408783e+00 1.717762679896977618e+00 1.731592874178234709e+00 1.774368121683265853e+00 1.850265974050203432e+00 1.936041442371477128e+00 1.977010694414949032e+00 2.049365311382094212e+00 2.227380956768693743e+00 2.264184288311526849e+00 2.398512612667202948e+00 2.422315000899569526e+00 2.605723452275171326e+00 2.826987798654792439e+00 2.908404852310614963e+00 3.033731909138058125e+00 3.224330896536036217e+00 3.410736107817097018e+00 3.477941807264030682e+00 3.934028272077750632e+00
1.910699221619150678e-01 2.578307066709191187e-01 3.097660156605909765e-01 4.142028725594131267e-01 4.655520736032174312e-01 5.070468221860698899e-01 5.536588112460304467e-01 6.153870750350549645e-01 6.246349070274780368e-01 6.630524125239614097e-01 7.125156095650496679e-01 7.377410613589199251e-01 7.820755058928546832e-01 7.925367141046172348e-01 8.428595927782462915e-01 8.674758663751100940e-01 8.991804551742672569e-01 9.145048794054514429e-01 9.763801453047133982e-01 9.973903446257852412e-01 1.029445851532250877e+00 1.053809235227461727e+00 1.083212258579060894e+00 1.140726052792808476e+00 1.162276136222528899e+00 1.192834179059113708e+00 1.207856741100520104e+00 1.267854069790959937e+00 1.305714318408259134e+00 1.318960308681293547e+00 1.360080253712921516e+00 1.390524247225505716e+00 1.410742180403558033e+00 1.431872830287067133e+00 1.467289135099731912e+00 1.514475250609785162e+00 1.535043063340436387e+00 1.588370305298505425e+00 1.616328287747581527e+00 1.645742650850916977e+00 1.672699801636079009e+00 1.704711131838085425e+00 1.722588234864570689e+00 1.777975711862560093e+00 1.852346291183251559e+00 1.937661243862766725e+00 1.990869556300685073e+00 2.056311838356345678e+00 2.163990353405462308e+00 2.261745238229234012e+00 2.393136303453688551e+00 2.445646039530458005e+00 2.589150785015428280e+00 2.824375245103510235e+00 2.915561726848502122e+00 3.036162660046560102e+00 3.222130207810625091e+00 3.396737872638445843e+00 3.474093682796280724e+00 3.933534843524925328e+00
1.751427243222918317e-01 2.465689411894317062e-01 3.010264479719282349e-01 4.034034963253013140e-01 4.697868131293538863e-01 5.041092262361065446e-01 5.590996126281053691e-01 6.081578903639203171e-01 6.358830988292281106e-01 6.627755136308515205e-01 7.149584192395027626e-01 7.301544276235460984e-01 7.833670144393592993e-01 7.916559990010192394e-01 8.459419763955053906e-01 8.678082780759827086e-01 8.942854254864098795e-01 9.143839430080048514e-01 9.702858391723185871e-01 9.994538953441924889e-01 1.028532889807623585e+00 1.050405212147293321e+00 1.081156017144210946e+00 1.131877658491835970e+00 1.152787449024623045e+00 1.186364189900013688e+00 1.199096872581342899e+00 1.258558839538520102e+00 1.304665005466505212e+00 1.314388084846470406e+00 1.358030601737227894e+00 1.391459795491723606e+00 1.407272778840463312e+00 1.430072214791845875e+00 1.462022896396433680e+00 1.515703321021737215e+00 1.529143110157812790e+00 1.580176159062850916e+00 1.592630371444195614e+00 1.633283137812152841e+00 1.666815776484173561e+00 1.696962343963760445e+00 1.719144999793734918e+00 1.783064800565019814e+00 1.849876761051356899e+00 1.934501610405811700e+00 2.000721656775028556e+00 2.061180936645891304e+00 2.110334397463153433e+00 2.260806146804954508e+00 2.388410007112516720e+00 2.468783966681709519e+00 2.575612803581247778e+00 2.821255436387770654e+00 2.918186787349155598e+00 3.040081448074065662e+00 3.220925352600822578e+00 3.380416188231699870e+00 3.471725916509330379e+00 3.933082159704463621e+00
1.515486649366898364e-01 2.261477056729737922e-01 2.906663874616696175e-01 3.873716607505348630e-01 4.776879106213164361e-01 5.065006236113023252e-01 5.613523007195224679e-01 5.989044620808925412e-01 6.472876613465647910e-01 6.657944747088584414e-01 7.158710612610633683e-01 7.277616135502291694e-01 7.840762574680912866e-01 7.935600171593170105e-01 8.471245170267863722e-01 8.698155972829234583e-01 8.918654544673844109e-01 9.155763901431284157e-01 9.631518451283250792e-01 1.000349010063645405e+00 1.026689753883581080e+00 1.045305976779331569e+00 1.080008750376847848e+00 1.122269907543554490e+00 1.142659132546173906e+00 1.177344847399266481e+00 1.193856612190181465e+00 1.249631327229603128e+00 1.301745164025264634e+00 1.312770219520905446e+00 1.355309637934002165e+00 1.387216489004783559e+00 1.406867558415024755e+00 1.427701666260310587e+00 1.458262022251901158e+00 1.506640678605032146e+00 1.526300922334159260e+00 1.558220400066455902e+00 1.582072275627851576e+00 1.625732268024584704e+00 1.658653486124759047e+00 1.694766152322281005e+00 1.714837766684717879e+00 1.786997495497265609e+00 1.826527481555877186e+00 1.928180427151062304e+00 1.997207935668678713e+00 2.054633000216874006e+00 2.104714317617278674e+00 2.260160998246385500e+00 2.385686064324460620e+00 2.488012684395046747e+00 2.564426587697125282e+00 2.817804516860759723e+00 2.917050527638980206e+00 3.044824503417511430e+00 3.221152933201007595e+00 3.362732096433671547e+00 3.470457108149443304e+00 3.932700069488495487e+00
1.223966373272202257e-01 1.975501094910912525e-01 2.655268605898610246e-01 3.835939366927787475e-01 4.828510800847656825e-01 5.156541235626053155e-01 5.601949827812769955e-01 5.916958159084518831e-01 6.515044828952321065e-01 6.734912394008786274e-01 7.133009237216086929e-01 7.321946034573713069e-01 7.847648553319312992e-01 7.972363605406689313e-01 8.452862516750510036e-01 8.739907701894721326e-01 8.917269461095932437e-01 9.180380446636087211e-01 9.550738330106530727e-01 9.994631122661843392e-01 1.022106571378272433e+00 1.040649036392306215e+00 1.079409526661078367e+00 1.112678365337703257e+00 1.133011470103135299e+00 1.167523255785618330e+00 1.190591452552342000e+00 1.240963975359303806e+00 1.297063385920408818e+00 1.312550830334442198e+00 1.352734552438927818e+00 1.380987320183509226e+00 1.404968322441173978e+00 1.423143612548648962e+00 1.454335107358813994e+00 1.485875032044420729e+00 1.529376536029462663e+00 1.543767264765124825e+00 1.577619295563509993e+00 1.616490108302534257e+00 1.648258824383579402e+00 1.692855863651208770e+00 1.709132348852280936e+00 1.778991390189064603e+00 1.791033663697658929e+00 1.923020215508915776e+00 1.990395893822508366e+00 2.058884708540376529e+00 2.121502659166478288e+00 2.259731637779325286e+00 2.383995814675720748e+00 2.503073376882280598e+00 2.555263469641107843e+00 2.814250164415306621e+00 2.913246446950819468e+00 3.049644227608888869e+00 3.223118854607438077e+00 3.344593767200778167e+00 3.469943003061150666e+00 3.932403176324445138e+00
8.989784981493395555e-02 1.634042700637715617e-01 2.241397447371119567e-01 3.937504565003536738e-01 4.853882656952380747e-01 5.277368952665051349e-01 5.574700290235431455e-01 5.863946752338432544e-01 6.509576518718336313e-01 6.796275595827654392e-01 7.110975255318568999e-01 7.407340977867976628e-01 7.861209042775799682e-01 8.011140726487814279e-01 8.410388126451597834e-01 8.795875280920004702e-01 8.932819844282435806e-01 9.212516955992346990e-01 9.461017707733480053e-01 9.950176880544968627e-01 1.015467886322749091e+00 1.038054824749494953e+00 1.078460064348397696e+00 1.104613242859425748e+00 1.124396451956267695e+00 1.158649722018044503e+00 1.188116265490717582e+00 1.232506637312831277e+00 1.290341676812331029e+00 1.312171284570284202e+00 1.351019677553196185e+00 1.374421477178913609e+00 1.395530190054206976e+00 1.417966409446861142e+00 1.448720447203217576e+00 1.474161292579437399e+00 1.524615751329778002e+00 1.541630688349132861e+00 1.572599516321196766e+00 1.600355248101725358e+00 1.636451719984411302e+00 1.685917000782613639e+00 1.703042992144398804e+00 1.741061070726516391e+00 1.791943956583134101e+00 1.920115526249778881e+00 1.988953930360982225e+00 2.069534188369137162e+00 2.140853194380690105e+00 2.259523524952889773e+00 2.382687266579337493e+00 2.513939526518816248e+00 2.548244896045129160e+00 2.810860767327826082e+00 2.907862864369063605e+00 3.054061388945210620e+00 3.226886589729890176e+00 3.326806921927814908e+00 3.469914222116350366e+00 3.932190769733592717e+00
5.489504028512390971e-02 1.254693169918670859e-01 1.746748237862197350e-01 4.088079830444574791e-01 4.874963666448585697e-01 5.375724983848747529e-01 5.563808689771666538e-01 5.820026713597719059e-01 6.478508257876224308e-01 6.809189262465278336e-01 7.113251637844204556e-01 7.513240464499928439e-01 7.882735147528725506e-01 8.040297005326213498e-01 8.351506417203208299e-01 8.847348847590172927e-01 8.966198597180999874e-01 9.241843235854281247e-01 9.366175833058257849e-01 9.858589201847859362e-01 1.010088865867905472e+00 1.036945308302140267e+00 1.076660926043971234e+00 1.099653591396149599e+00 1.117124911518013075e+00 1.151351976597434046e+00 1.186384429616031300e+00 1.223992751478792496e+00 1.281740209620334303e+00 1.310698940738229679e+00 1.349955153819993647e+00 1.365614137012165941e+00 1.383729283814559619e+00 1.413795381923567351e+00 1.443689063967250164e+00 1.471912367339842431e+00 1.513754708629239776e+00 1.535845184666688068e+00 1.561833445850448587e+00 1.587974053858324242e+00 1.627190178104727325e+00 1.674447121169036157e+00 1.700184076595413929e+00 1.725341576684951361e+00 1.792760289032757193e+00 1.918196015577652735e+00 1.989659703059928120e+00 2.081084199324481077e+00 2.158480184122148593e+00 2.259507623742618154e+00 2.381462258446661373e+00 2.520452204455969625e+00 2.543949335966501302e+00 2.807903263742284494e+00 2.901965390458856042e+00 3.057840638049198922e+00 3.232260131192049357e+00 3.310106182685546905e+00 3.470153541926497720e+00 3.932051076931189826e+00
-6.348801651606795701e-03 8.495077689040504698e-02 1.223504058154617630e-01 4.223902938502184790e-01 4.901225928487918937e-01 5.422508589501791043e-01 5.582640695047924595e-01 5.790157811344605054e-01 6.430844293271279488e-01 6.796721101087741523e-01 7.124971850008463559e-01 7.623954485327845143e-01 7.910302021888687696e-01 8.050952629110783576e-01 8.280176537797871994e-01 8.878240710898098742e-01 9.015199241276966591e-01 9.248567432808352251e-01 9.288721027314024159e-01 9.757166668006057586e-01 1.005694039262347683e+00 1.037075091524156667e+00 1.074625778470345683e+00 1.097641591509614933e+00 1.111655682517548760e+00 1.145853007299944659e+00 1.185573739810654947e+00 1.215360901245351677e+00 1.273023267449169271e+00 1.307488128182949350e+00 1.348462280102632915e+00 1.355077632490295114e+00 1.379960712602243955e+00 1.407509916751159107e+00 1.439686271560646436e+00 1.473415313705625618e+00 1.499927922921417078e+00 1.516059399505826466e+00 1.559979948393343419e+00 1.588149733417202558e+00 1.620593534223089938e+00 1.666838229426302886e+00 1.698871461583762787e+00 1.719773276459212852e+00 1.793090611694908576e+00 1.916818523455844581e+00 1.990579946443760351e+00 2.090983971197180935e+00 2.172372400447328378e+00 2.259607616148675557e+00 2.380327688747420289e+00 2.522816851326994403e+00 2.542697656004168749e+00 2.805607318726686117e+00 2.896646503932812422e+00 3.060802589539561414e+00 3.238780687949030845e+00 3.295272713710311052e+00 3.470478008298198080e+00 3.931967516774848015e+00
-3.402428434386027545e-02 4.283513583507850275e-02 6.981328993889500401e-02 4.311359293676262916e-01 4.928259213959778062e-01 5.447214878578298114e-01 5.582770839532291696e-01 5.790785549385167874e-01 6.383456649229907187e-01 6.784178143768335723e-01 7.132217047354107997e-01 7.721472860008542494e-01 7.937875945328231042e-01 8.037342132036912057e-01 8.211716470240405519e-01 8.893155738819330525e-01 9.050380314839133744e-01 9.217505509980904455e-01 9.269099746010890373e-01 9.687745477481397582e-01 1.002087284053789773e+00 1.037934465889117863e+00 1.073227277409187774e+00 1.097049669006732620e+00 1.108465016748402476e+00 1.142386272497541544e+00 1.185648182125822014e+00 1.207890449290212276e+00 1.266666269356473196e+00 1.303512850592224437e+00 1.346040829318376764e+00 1.349317675819000639e+00 1.381801480327190745e+00 1.398706005521987317e+00 1.436659423456302598e+00 1.476121663225910430e+00 1.488144649201116776e+00 1.504142885849836464e+00 1.560935903860220186e+00 1.591597459194363795e+00 1.615657937103225361e+00 1.663063859613282958e+00 1.698049038185255544e+00 1.717547804480952678e+00 1.793163240842243766e+00 1.915960455332474721e+00 1.991180887376599484e+00 2.097585374929263669e+00 2.181234180910959441e+00 2.259724148290747081e+00 2.379487670561613477e+00 2.522870905377481598e+00 2.543113308385622773e+00 2.804150695815554872e+00 2.892940534967389787e+00 3.062724969833257038e+00 3.245356063132899038e+00 3.283613059074510065e+00 3.470739496103707911e+00 3.931924507898744370e+00
-2.179342319817873810e-04 -1.360595310276718740e-04 -6.369759144672302341e-08 4.340447050140649465e-01 4.940353990974498677e-01 5.462729066921804266e-01 5.568557682889559990e-01 5.799649177742807193e-01 6.362638785657445117e-01 6.779741090127742176e-01 7.134122786960551688e-01 7.767379767115897282e-01 7.953185514153154889e-01 8.017354957024868112e-01 8.182630134427011370e-01 8.898089673903851748e-01 9.056108376338193322e-01 9.215148466554458073e-01 9.259230164363304594e-01 9.664501028451728537e-01 1.000625351485883607e+00 1.038413288056958983e+00 1.072754703514314345e+00 1.096897323840903882e+00 1.107495546731919189e+00 1.141199043741021768e+00 1.185932263833535893e+00 1.204682806272163509e+00 1.264372587512539559e+00 1.301663400758925171e+00 1.344839266536493438e+00 1.347827733074867362e+00 1.385001872951749036e+00 1.392698124729673692e+00 1.435525671495099909e+00 1.477246507963144939e+00 1.485037795173822062e+00 1.499816415632140520e+00 1.561299221904109302e+00 1.593576516123689890e+00 1.613496812980910855e+00 1.661929985172049928e+00 1.697745228030739684e+00 1.716929403420328404e+00 1.793164061231547146e+00 1.915667521022428987e+00 1.991380652742137380e+00 2.099897241283447791e+00 2.184277768878601922e+00 2.259773823221381317e+00 2.379174512658388529e+00 2.522663434296847473e+00 2.543443949431981377e+00 2.803651033551635585e+00 2.891610951919182604e+00 3.063395442671926094e+00 3.248719993271684370e+00 3.278536635176032554e+00 3.470838458912190116e+00 3.931911413978058878e+00
