-7.663901163779893166e-02 1.931585563914000048e-01 2.341661525659689269e-01 2.708563268300476778e-01 3.674683337200997379e-01 4.140700341517060123e-01 4.782938415187519832e-01 5.162829939945590141e-01 5.414868554941904000e-01 5.694549515579567789e-01 5.830989820505795285e-01 6.859320819627077181e-01 6.963442461770688041e-01 7.614982968370866967e-01 7.912387152754213338e-01 8.362587299535734209e-01 8.520376479176451356e-01 8.780411990879499751e-01 9.196077292563343830e-01 9.346162312137661354e-01 1.008091782888160370e+00 1.016211928437300571e+00 1.074885463055584633e+00 1.193895652154661535e+00 1.226389379532002444e+00 1.275462889603573347e+00 1.292166066420113335e+00 1.293214220681829785e+00 1.320332887114092468e+00 1.350419399223155681e+00 1.391994187262219684e+00 1.398827685793757158e+00 1.431518011107264732e+00 1.450875957228427104e+00 1.521370021908619474e+00 1.632787691454703261e+00 1.685203881692218575e+00 1.689303589054289345e+00 1.726966227051786262e+00 1.768032910909051569e+00 1.826266255559537699e+00 1.852978485267793740e+00 1.896336478592291597e+00 1.913498834127507431e+00 1.970719269931698880e+00 1.984822035607263224e+00 2.110947490513826352e+00 2.151061288328854015e+00 2.171666538542023517e+00 2.290954743393821769e+00 2.389159630821639624e+00 2.431074542922574189e+00 2.538813159996117008e+00 2.585015845082679675e+00 2.685475046342861383e+00 2.811448831202891352e+00 2.835598216415575745e+00 3.033675413969825208e+00 3.357131216428116183e+00 3.677327255721784649e+00
-5.773744152123487516e-02 1.760132533814864064e-01 2.330426745606343220e-01 2.827977334274044408e-01 3.425542644187275498e-01 4.150894865501829623e-01 4.794355643050455806e-01 5.154319165398145719e-01 5.499027882974266701e-01 5.703604503861140484e-01 5.883345132462883820e-01 6.870270225779600004e-01 6.965478091282243378e-01 7.610090129636095657e-01 7.916997859070784571e-01 8.277469623657566222e-01 8.400726137445886366e-01 8.821920567903748234e-01 9.279641856557763191e-01 9.345040566327706966e-01 1.001750849208300709e+00 1.032628741379450821e+00 1.074460268328848889e+00 1.182553061487823021e+00 1.236187490294239799e+00 1.273005400373901086e+00 1.292793184935640216e+00 1.295897550405937348e+00 1.320420246164180300e+00 1.348827835346962489e+00 1.381611543859562419e+00 1.403961394607382340e+00 1.431417008317514838e+00 1.451006469713426839e+00 1.517408440791542912e+00 1.634000055766745563e+00 1.685258121599338299e+00 1.689281900877734888e+00 1.727220754894734700e+00 1.767877472581042220e+00 1.825706899401924987e+00 1.850822075709614323e+00 1.897869845974154757e+00 1.914102441738760430e+00 1.970739718377954475e+00 1.980711108341777660e+00 2.117146590098944348e+00 2.150989025195196191e+00 2.164401542176208171e+00 2.294160644018512052e+00 2.387389314081029390e+00 2.432090309161055952e+00 2.538570971680978783e+00 2.586033876877085191e+00 2.680699768925184134e+00 2.810595813314649138e+00 2.841178531661945339e+00 3.034019475363586071e+00 3.359793582473521667e+00 3.677464788014438213e+00
3.554221209064329506e-02 1.395533723180205077e-01 2.329846825375504193e-01 2.866727961542350767e-01 3.037495345763441268e-01 4.174162531629466710e-01 4.907004545856316624e-01 5.131119820086319505e-01 5.510139665965193556e-01 5.727698226783931590e-01 6.027269514692501495e-01 6.902282841769661337e-01 6.971581312480915615e-01 7.596381234040446850e-01 7.929177925810921845e-01 8.015238536046482842e-01 8.335142149347622986e-01 8.797955291778672970e-01 9.342107619790968043e-01 9.439732036668284643e-01 1.003336550724286846e+00 1.057505853782610972e+00 1.073343821018270861e+00 1.165950356521524567e+00 1.247293565036299068e+00 1.268421379045041597e+00 1.295925711934003299e+00 1.301025840335114703e+00 1.320697784538263253e+00 1.344365376739532048e+00 1.362630937850928925e+00 1.410119080851734763e+00 1.431154287453985541e+00 1.451346859254375232e+00 1.506677444308909042e+00 1.636989607307705485e+00 1.685368131830164540e+00 1.689224311582993687e+00 1.728177884759087846e+00 1.767461574702313687e+00 1.824288918730317288e+00 1.843570954915220383e+00 1.902771875714719174e+00 1.915643550868220579e+00 1.970794597310360885e+00 1.971212092901295732e+00 2.129679108712128510e+00 2.150799299957087740e+00 2.150993302124846629e+00 2.300257334179959479e+00 2.382489867928677008e+00 2.434593015403829774e+00 2.535906297294973744e+00 2.589501646690663961e+00 2.671305784101668745e+00 2.808599517106485699e+00 2.853664388265326313e+00 3.034850975523348371e+00 3.366653466242100823e+00 3.677830540747356380e+00
4.994499465190639642e-02 9.583098194719243124e-02 1.829295684346025075e-01 2.836673785128923653e-01 3.219145854803778795e-01 4.150232735392053174e-01 5.093728479356934846e-01 5.100582740809651572e-01 5.411907555643802326e-01 5.758117639966244816e-01 6.109833950168565009e-01 6.947208504854872624e-01 6.980842481946047950e-01 7.577554802231489806e-01 7.763755399230353182e-01 7.944380349013150378e-01 8.293340028243783024e-01 8.766399232110680950e-01 9.338491026572137699e-01 9.570171163430493122e-01 1.010931136122060536e+00 1.071957275247341190e+00 1.079932744664431565e+00 1.156732640415839786e+00 1.248419307503546571e+00 1.264331014288113675e+00 1.302031960116801779e+00 1.305656980623193242e+00 1.321176464964459063e+00 1.337235155144237186e+00 1.343422635538319643e+00 1.417405985913043454e+00 1.430832443813352839e+00 1.451765503790097167e+00 1.492127339183078716e+00 1.640451598648836384e+00 1.685346233986502629e+00 1.689151462207651555e+00 1.730012891545622544e+00 1.766929313222803888e+00 1.822622837040196009e+00 1.832386217824424124e+00 1.909664956160630034e+00 1.917476554519682352e+00 1.961024918795956085e+00 1.970865238775588724e+00 2.124403413329189583e+00 2.150563701346934309e+00 2.158363704633422309e+00 2.304949035183724515e+00 2.375665187366777342e+00 2.437390382176349402e+00 2.529038674240447371e+00 2.595195903380205671e+00 2.664402564130510243e+00 2.806268474579284966e+00 2.866425527536586415e+00 3.035741778341454200e+00 3.374917082734478324e+00 3.678294186254303710e+00
3.063916732274722665e-02 4.866936185458847069e-02 9.447589549439636136e-02 3.231767552106886709e-01 3.337861641419125336e-01 4.019970829646534738e-01 5.074294870520248413e-01 5.250344472699655096e-01 5.314198327143653255e-01 5.783128195954102546e-01 6.100879689791804950e-01 6.989939344816904487e-01 7.007786669929667589e-01 7.548914565135596000e-01 7.560659298300713704e-01 7.956743611104019065e-01 8.287810060580793614e-01 8.753403067351340772e-01 9.335573339661129566e-01 9.666143474939579150e-01 1.017173612766624435e+00 1.070830243735820364e+00 1.091534729637951839e+00 1.159425715860846529e+00 1.242044297553513310e+00 1.261658256675745715e+00 1.305522630497416570e+00 1.308607495469722437e+00 1.321726388544477437e+00 1.327923247957906616e+00 1.334520912409849380e+00 1.425659152190697165e+00 1.430573930840640884e+00 1.452102946535064110e+00 1.477971480583806008e+00 1.643194334879551688e+00 1.685113974125883596e+00 1.689091129628133015e+00 1.732137050088546459e+00 1.766483745267918515e+00 1.821339682978851515e+00 1.822002040626606645e+00 1.915450125236348500e+00 1.918906808960628929e+00 1.953463404057645958e+00 1.970924785801901447e+00 2.113918074806709235e+00 2.150372210361533920e+00 2.172995857190188840e+00 2.307309360811735655e+00 2.369216182346580268e+00 2.439429238940860056e+00 2.521365456173502828e+00 2.600580696050649454e+00 2.661556433562165758e+00 2.804406436672894465e+00 2.875363666355526426e+00 3.036352200426208015e+00 3.381432925471262507e+00 3.678678801082573280e+00
-2.567847857931126261e-04 -3.537099195361000757e-08 -6.607224216210415168e-09 3.379046726673456957e-01 3.524222625675785814e-01 3.844348001605094600e-01 5.063855097215176349e-01 5.229936521145815975e-01 5.359584987507459708e-01 5.792757053794211908e-01 6.079459501876076644e-01 6.993845400567773041e-01 7.053965304826390614e-01 7.443189122969303684e-01 7.553772103673718208e-01 7.961473148453079851e-01 8.292394324368699277e-01 8.750415385424789028e-01 9.334461045704275373e-01 9.706218118080190971e-01 1.019150275323719157e+00 1.070398505389942079e+00 1.094034957094367266e+00 1.163836294884808886e+00 1.237659950102340423e+00 1.260738044360970367e+00 1.304751001357617124e+00 1.309583163021908137e+00 1.321987765642217205e+00 1.326390271857567305e+00 1.331355400902870079e+00 1.430258873727332514e+00 1.430475542354033180e+00 1.452231622831306357e+00 1.471175378775465337e+00 1.644254388573407777e+00 1.684958115204759244e+00 1.689067745291407574e+00 1.733135167465201132e+00 1.766309979648057693e+00 1.817739679259196439e+00 1.820863957698742430e+00 1.917677624582125873e+00 1.919441589198592535e+00 1.950658040028312223e+00 1.970948121919196883e+00 2.110083054574039885e+00 2.150298855881330073e+00 2.179032712978558717e+00 2.307955369252674860e+00 2.366453820146760645e+00 2.440157834406680770e+00 2.518086456586674959e+00 2.602755990346462323e+00 2.660959260095971946e+00 2.803695171572031963e+00 2.878535279507500988e+00 3.036559255245109057e+00 3.383882662166480593e+00 3.678827990801763370e+00
-6.166028573298924093e-02 3.871029074332366093e-02 1.006269085879828301e-01 3.338528362688240048e-01 3.604018094571813657e-01 3.878307431027186447e-01 4.979205217313423248e-01 5.198530569473925889e-01 5.362593582563849326e-01 5.659473673544889172e-01 6.085561695379947400e-01 6.870685497406884279e-01 7.042184496355321510e-01 7.352935452793605275e-01 7.633452357494570073e-01 7.897801853513393144e-01 8.299875697333263247e-01 8.768288459262241208e-01 9.324166215574110073e-01 9.698346347556171532e-01 1.021533708867619294e+00 1.072791399778781907e+00 1.092775045327298633e+00 1.160584388717459836e+00 1.237470446328655660e+00 1.272272135823148576e+00 1.298690240451870093e+00 1.315416138841796645e+00 1.329522209468875893e+00 1.337269103122001646e+00 1.350170609636912378e+00 1.418122897530630144e+00 1.439612305835241246e+00 1.460423421390437904e+00 1.474138867515996987e+00 1.644605364209480891e+00 1.679256963233270339e+00 1.695947040202633760e+00 1.731847782360346200e+00 1.774413349224132075e+00 1.812119442379587886e+00 1.831410416686442222e+00 1.913717628462902720e+00 1.921466587488867450e+00 1.948415121367954583e+00 1.974120576862032017e+00 2.107993468452421304e+00 2.153355001561932713e+00 2.177163418245482873e+00 2.306364915932451076e+00 2.364132005868430753e+00 2.438774977018805856e+00 2.515972226292109148e+00 2.600746631846372559e+00 2.658324156411142614e+00 2.799456054589494425e+00 2.873329417308721823e+00 3.034964486696272612e+00 3.381747459163711778e+00 3.676843430121021328e+00
-4.284757278265725194e-02 7.682110810711842430e-02 1.592677676071077020e-01 3.299019811474742103e-01 3.731121846132900433e-01 3.980607604621803630e-01 4.553252015065059610e-01 5.093619793993585665e-01 5.385422593041164774e-01 5.559360177254575319e-01 6.089758582396547215e-01 6.552332142766967849e-01 6.993697146008537313e-01 7.310513442678299167e-01 7.668765137681404775e-01 7.857735022743623787e-01 8.310438072222386952e-01 8.814605187084177951e-01 9.320313846013893455e-01 9.692720567889291372e-01 1.028334260673307021e+00 1.074781603345795533e+00 1.091010242656831553e+00 1.156987763036112060e+00 1.237731206498412284e+00 1.269304994849508095e+00 1.303275473859128342e+00 1.327895439711136660e+00 1.354416104616971150e+00 1.368725019352481809e+00 1.384099203797014344e+00 1.416718220128678096e+00 1.449508793271027773e+00 1.474506933823699795e+00 1.486082800924760861e+00 1.645370906228002417e+00 1.673228198400566580e+00 1.701812730866349765e+00 1.733333222470747614e+00 1.795950181283781033e+00 1.808969182823391808e+00 1.848295021748194378e+00 1.906218670012750582e+00 1.923980763750406275e+00 1.945363426781100191e+00 1.980860710373054001e+00 2.103661311459612993e+00 2.159754015777126224e+00 2.173036692356795641e+00 2.302020537667115452e+00 2.357558569774242940e+00 2.434740634862824660e+00 2.509488604128812472e+00 2.594899164219469423e+00 2.650556058590338715e+00 2.786867051570816045e+00 2.857834983734964140e+00 3.030312530292855744e+00 3.375449562202487819e+00 3.670978900942662104e+00
5.779343543740874528e-02 1.193820808637024306e-01 2.053394462284693078e-01 3.191576666767960146e-01 3.821983059321876763e-01 3.960138683077505384e-01 4.143204177552693990e-01 5.080784667134753407e-01 5.439024797602747263e-01 5.576298166408949486e-01 6.052051104730482578e-01 6.290494202116523326e-01 6.965065633407333534e-01 7.340560607725661324e-01 7.570504998526120799e-01 8.002620425890987210e-01 8.317558865901828469e-01 8.883694492791176511e-01 9.344068058825498735e-01 9.713009173694191478e-01 1.038965146781550386e+00 1.070658511107928756e+00 1.091554981383266343e+00 1.158438217277229176e+00 1.238197157730029474e+00 1.265688385892768331e+00 1.301604876961423018e+00 1.328174456162473982e+00 1.372588651160552509e+00 1.399386910591277067e+00 1.413820300543216169e+00 1.451045500377605268e+00 1.467865302942263028e+00 1.496933920148587616e+00 1.507438638041313395e+00 1.645816319424677321e+00 1.668180337191836005e+00 1.700818689632688230e+00 1.744936079988611555e+00 1.805753561528053330e+00 1.822880083960888520e+00 1.869792455357274452e+00 1.896499723381475322e+00 1.928487980700896554e+00 1.947133533935375249e+00 1.988826562967688671e+00 2.100312810926970641e+00 2.157521761436348218e+00 2.177585042487723221e+00 2.296462074002042275e+00 2.347909154047107982e+00 2.428397587806275570e+00 2.498263622016370533e+00 2.585764628059447290e+00 2.638075872386338894e+00 2.766325479845469726e+00 2.832446068572564979e+00 3.022980632349209440e+00 3.365300972680245639e+00 3.661497728974068888e+00
9.369445146407381908e-02 1.638651789076028820e-01 2.298287805687911078e-01 2.949272399483359175e-01 3.846374488627129495e-01 4.020003923864259865e-01 4.311175905349482473e-01 5.130885297148779500e-01 5.467481746665888709e-01 5.653293763250414328e-01 6.023012125034490349e-01 6.279210896567550826e-01 7.002846599799500416e-01 7.377836718192100074e-01 7.534361872405510585e-01 8.192157753112737639e-01 8.333446131814912228e-01 8.968003033714351258e-01 9.390794964324897798e-01 9.768608556381525032e-01 1.052446448851938943e+00 1.064002285026587113e+00 1.093428080216188425e+00 1.163758191963645050e+00 1.238370188810406169e+00 1.264704179084005453e+00 1.297356465005861326e+00 1.331645985247956965e+00 1.366079256962493105e+00 1.415249359181019573e+00 1.440621246131231770e+00 1.482404181523167219e+00 1.493989729191680382e+00 1.525896129658600664e+00 1.550480421544799592e+00 1.644890486419972930e+00 1.664988858689696594e+00 1.699797844576136585e+00 1.760386251808622404e+00 1.804285633243964293e+00 1.838885162963529885e+00 1.881618978191512692e+00 1.895701474505068207e+00 1.936340795250777846e+00 1.959041210614723694e+00 1.998138911003812579e+00 2.100932616271094400e+00 2.147765615852543331e+00 2.190917208138284611e+00 2.292904211802771375e+00 2.337550483023521419e+00 2.420294291500939110e+00 2.481853401409034543e+00 2.574285546175094641e+00 2.621603547874109541e+00 2.738538836479205596e+00 2.797897774752881261e+00 3.013542490078390479e+00 3.351785825332445512e+00 3.648824831990552298e+00
1.352166777027800082e-01 1.877631213721889236e-01 2.599164288481172758e-01 3.280216479274804531e-01 4.013295162845872954e-01 4.191343924648683883e-01 4.554985338603125822e-01 5.218952104205675235e-01 5.566386947821950759e-01 5.778642935494989752e-01 6.128520019429352095e-01 6.383793863768728594e-01 7.106788226254665553e-01 7.403426727306536836e-01 7.615938857740005563e-01 8.298290273333281952e-01 8.464334840196585663e-01 9.056792483839474217e-01 9.448572571652174013e-01 9.862665870335670659e-01 1.058896417521239863e+00 1.066870742870658306e+00 1.098160283485421163e+00 1.169931117015382549e+00 1.237340782170679443e+00 1.263387532316611050e+00 1.292725144988565722e+00 1.336888966685514601e+00 1.362536619407483274e+00 1.421617317540429193e+00 1.451806912338502675e+00 1.512008968105012396e+00 1.517047906107381827e+00 1.548287474231417882e+00 1.597955798595313004e+00 1.641887241152823140e+00 1.666241412304687586e+00 1.704347331814229038e+00 1.771300377221386446e+00 1.800918922410747580e+00 1.844766861817433323e+00 1.871766217506147356e+00 1.909726772645484516e+00 1.947638178878724480e+00 1.972264512566765715e+00 2.009796271522460653e+00 2.107582158282724105e+00 2.140980488321951647e+00 2.205888669657268597e+00 2.293765644210859378e+00 2.333626806321842384e+00 2.411108591579207427e+00 2.460058360475610773e+00 2.561792396516202608e+00 2.602164124513185239e+00 2.704618376988737083e+00 2.755385285512112592e+00 3.002711799292761441e+00 3.335511226965241161e+00 3.633525131130133090e+00
2.054024448661251612e-01 2.318493443956004540e-01 3.094900574641361035e-01 3.849156810798735617e-01 4.210688951051874129e-01 4.405140593467185006e-01 4.899213260597402586e-01 5.393178166955202579e-01 5.783234307257506535e-01 5.917577096218575861e-01 6.286715378248446395e-01 6.599607317378768379e-01 7.227077026930850412e-01 7.496695770493589928e-01 7.766469482226018295e-01 8.335331368981633293e-01 8.692685692671988651e-01 9.146303444968000296e-01 9.506145057576568247e-01 1.000023405194064186e+00 1.058346468892040537e+00 1.077238930998738242e+00 1.110026167124714691e+00 1.174948866673686476e+00 1.234508639161360444e+00 1.260418551530247289e+00 1.289447403717378871e+00 1.340097062815252427e+00 1.365452223815664778e+00 1.423994814338364057e+00 1.461420149856350825e+00 1.529808303015144366e+00 1.538990030813216947e+00 1.565423797923614524e+00 1.624009017573715186e+00 1.641068751824708460e+00 1.675605873848131866e+00 1.713044567035394206e+00 1.774611946783475780e+00 1.794100297422455359e+00 1.844318216729055937e+00 1.861844527934025662e+00 1.917812983165333662e+00 1.957702769841583867e+00 1.976105298187620596e+00 2.018312287665616100e+00 2.113790053762638177e+00 2.147617518786877344e+00 2.220742116881035511e+00 2.290015422007078083e+00 2.353292572410722983e+00 2.401519965096082121e+00 2.433796618930018418e+00 2.549746758028272442e+00 2.581222189271008549e+00 2.666319926630895232e+00 2.706776126338166666e+00 2.991290238855860650e+00 3.317148192812771956e+00 3.616272080946820733e+00
2.609319112326329293e-01 3.125563712884123491e-01 3.629024404145592686e-01 4.271769379318911541e-01 4.491417605955925207e-01 4.740622970170326744e-01 5.288609152632607335e-01 5.628496905767047531e-01 6.077068074582930857e-01 6.143876210896355161e-01 6.529247884093294374e-01 6.885759426396201865e-01 7.340462319085705456e-01 7.692159868264876188e-01 7.943650456169883967e-01 8.397637751801829697e-01 8.925672124422353582e-01 9.255138731486864945e-01 9.558120571319150827e-01 1.018459724881545014e+00 1.062982213024376899e+00 1.083122252936488117e+00 1.127903354757159082e+00 1.178498872792169028e+00 1.230775220905304002e+00 1.256935749167981342e+00 1.287957777283722294e+00 1.339436230342139433e+00 1.372853618891156646e+00 1.425527017336224667e+00 1.473558049040791795e+00 1.541258319248539399e+00 1.551054475474398009e+00 1.582678766954121796e+00 1.621195532666538597e+00 1.648597969738488489e+00 1.690616261624846350e+00 1.720961172763958213e+00 1.770252478768673532e+00 1.785726057819754908e+00 1.839955185761979140e+00 1.852762911891515429e+00 1.914073078851856735e+00 1.956812334516043306e+00 1.980023447121829872e+00 2.021251565215333112e+00 2.113832353717961965e+00 2.164433001135266377e+00 2.239547427004978886e+00 2.280706375857992185e+00 2.381999520607556153e+00 2.392186710527996141e+00 2.416609060085942229e+00 2.537665863093486518e+00 2.562209030381950470e+00 2.626795339290079578e+00 2.655110679130930240e+00 2.980120884515223167e+00 3.297372167446395608e+00 3.597805547075986432e+00
3.015972153321982985e-01 3.773001143806834490e-01 4.258652092091825270e-01 4.582003202162276412e-01 4.734725386830515026e-01 5.109367901572020587e-01 5.616420477003677414e-01 5.889067122637395846e-01 6.367709526870533043e-01 6.632802193158299220e-01 6.864858932154561666e-01 7.190702010975281722e-01 7.514440242233466627e-01 7.948331948227917998e-01 8.114859307457241711e-01 8.523807547860976497e-01 9.145682825893728385e-01 9.414322150729408367e-01 9.631331490560292030e-01 1.039939846690246528e+00 1.072383821412719040e+00 1.088979394571794934e+00 1.143369564245405368e+00 1.182154562239368989e+00 1.229759857387330735e+00 1.253960822212807358e+00 1.288600022930070699e+00 1.335667163899140641e+00 1.381210718092590106e+00 1.427976188811303171e+00 1.487704092373534293e+00 1.548542429838331902e+00 1.555946707623726111e+00 1.597585214105062823e+00 1.614449232805499346e+00 1.653055744082442269e+00 1.698040562729007608e+00 1.725086022979367417e+00 1.759896261129379802e+00 1.778509607223665245e+00 1.831152535359779288e+00 1.843626775335469814e+00 1.899899794015544430e+00 1.947494971900480598e+00 1.980340939263111721e+00 2.025475962114251516e+00 2.110763431898657672e+00 2.179255190349062676e+00 2.253220134718496137e+00 2.281034885949891233e+00 2.359120000703024189e+00 2.383263731844203370e+00 2.451412655050921430e+00 2.517593066370352073e+00 2.554090854310472558e+00 2.591327951066484392e+00 2.608000612241676563e+00 2.970039516372407373e+00 3.276812639285655582e+00 3.578879416047274553e+00
3.325536087523462414e-01 4.154647371136855893e-01 4.665042140933767789e-01 4.928676621647156142e-01 5.033855251254917285e-01 5.423264911513933084e-01 5.891293076960293362e-01 6.120641768363995761e-01 6.775493370334815246e-01 7.010509616221857199e-01 7.219196268185164023e-01 7.531216774547664361e-01 7.877975334209159630e-01 8.088009682141643619e-01 8.333591884903919222e-01 8.774710989547054307e-01 9.331548601105307261e-01 9.606906312274359205e-01 9.843988294834021824e-01 1.057816818723942287e+00 1.086336333691096723e+00 1.100331540127930552e+00 1.151410954231620876e+00 1.185293415793707172e+00 1.236312693014351094e+00 1.250961802153055302e+00 1.293020371193680962e+00 1.330566006808413082e+00 1.390203594673324883e+00 1.431704435934551656e+00 1.500782310447416945e+00 1.553632987711847102e+00 1.559541286965703044e+00 1.589869785349407039e+00 1.624411127612504391e+00 1.654524946123216766e+00 1.693552268315729359e+00 1.718143696208605853e+00 1.752316944602837268e+00 1.769187966373715337e+00 1.818039573246897689e+00 1.835718603808879745e+00 1.886116003501827842e+00 1.931773999947287379e+00 1.973054371957881026e+00 2.033614817538360597e+00 2.104798975604511124e+00 2.189699400212816727e+00 2.245876040135356355e+00 2.293782393882056958e+00 2.333352886213767352e+00 2.375192067439805488e+00 2.474085910128358545e+00 2.487163716676508596e+00 2.547106306332795445e+00 2.564802815445669015e+00 2.597200050414846029e+00 2.961805795987437318e+00 3.256018055901694908e+00 3.560202173822414551e+00
3.565336533640977579e-01 4.382261489423179834e-01 4.849933656173145979e-01 5.072058872448615974e-01 5.389193430721808120e-01 5.775714350402394448e-01 6.207501572439481086e-01 6.400120189379058244e-01 7.039249103392030138e-01 7.236917107838107821e-01 7.521641889392398639e-01 7.906235615021639518e-01 8.100249764406125541e-01 8.339154420053682681e-01 8.592743260983773945e-01 9.059991894789629630e-01 9.466237392326970479e-01 9.895238306979493581e-01 1.022354784758749524e+00 1.064629274229148104e+00 1.104674452323711087e+00 1.118973149767173769e+00 1.159295180366536338e+00 1.186365954922936616e+00 1.242208384581594771e+00 1.250871737343468793e+00 1.304069437107351126e+00 1.328875845889250673e+00 1.400251737755804138e+00 1.437500860090821897e+00 1.509539054664433833e+00 1.555803751611287034e+00 1.561815764494428160e+00 1.578095124255290527e+00 1.626581865989657150e+00 1.658642228769835691e+00 1.678882627180663833e+00 1.700001640221334487e+00 1.746018822261037773e+00 1.759932878947404467e+00 1.809973859246959194e+00 1.827621499228973212e+00 1.874805628640448862e+00 1.912111260268957169e+00 1.962060961497185341e+00 2.042646370755234475e+00 2.096937074295189163e+00 2.193423699899117008e+00 2.233693242186429284e+00 2.274750244330507876e+00 2.337426699449983492e+00 2.370968244220134302e+00 2.445996598213470374e+00 2.473948000941967429e+00 2.510004005695797513e+00 2.581267333660819840e+00 2.623584215991597635e+00 2.955986342866557148e+00 3.235436748990031308e+00 3.542378210423805740e+00
3.755284880131519176e-01 4.464517103853005153e-01 4.973795026033309696e-01 5.226409719851192737e-01 5.580493422426907602e-01 6.136580148877494034e-01 6.470195417985820097e-01 6.746222550732547951e-01 7.191493340773472687e-01 7.408818078544300301e-01 7.785787898387064310e-01 8.032087208525888755e-01 8.212675690900927972e-01 8.641054817228365215e-01 8.993158356577664048e-01 9.196031695402105965e-01 9.603335356025493041e-01 1.028417910003003977e+00 1.053711483630142443e+00 1.074108714672745934e+00 1.117783507749380068e+00 1.138594993347784579e+00 1.176405033833457070e+00 1.189767573135032563e+00 1.235132636354161262e+00 1.256767313263531749e+00 1.320490110584657595e+00 1.337370617757287716e+00 1.411074938519643496e+00 1.447077478588919996e+00 1.513715277855748775e+00 1.543359533587995269e+00 1.560378720912398265e+00 1.579058839241351375e+00 1.612367217885533055e+00 1.645814212126067266e+00 1.672219016291811355e+00 1.689303036576733863e+00 1.737123548556769315e+00 1.754494490748255142e+00 1.806104836241324563e+00 1.817916502132520762e+00 1.863283856568020536e+00 1.893449504010722428e+00 1.950758508939953950e+00 2.050125797726187749e+00 2.088944115006273972e+00 2.189258334029879460e+00 2.220164300440041316e+00 2.247481827551864875e+00 2.339004222297218938e+00 2.376146379391122831e+00 2.414820873333474172e+00 2.461470536448389979e+00 2.480266511279696662e+00 2.602886431291502323e+00 2.659944821161965400e+00 2.952776238655442143e+00 3.215410579808004155e+00 3.525862283271824715e+00
3.905936564010000778e-01 4.431648586603270101e-01 5.049121078139863217e-01 5.410074917988404453e-01 5.748788684791539261e-01 6.420581490582867312e-01 6.670705744075973165e-01 7.033305374229726903e-01 7.331732512225822562e-01 7.556492598772132085e-01 7.965932572776918130e-01 8.073886701872329263e-01 8.316762067120554436e-01 8.913619375932574362e-01 9.189524021257373665e-01 9.389005695766030613e-01 9.741803660218034677e-01 1.055813538194017465e+00 1.061670555706854646e+00 1.098249547127391423e+00 1.129185878645793339e+00 1.157570128497186879e+00 1.185394603945631786e+00 1.204984849835500027e+00 1.227366990017783710e+00 1.259433744226647667e+00 1.331873008963063487e+00 1.357495950729314504e+00 1.424521003902629701e+00 1.457523963887210616e+00 1.508253555624578413e+00 1.526128703969883427e+00 1.556395033192730093e+00 1.585652462569158594e+00 1.590646726653163423e+00 1.624179642698640569e+00 1.671035328467080472e+00 1.693727406367935284e+00 1.724394984051339286e+00 1.750044577873773877e+00 1.801461191003139284e+00 1.806983381001779909e+00 1.852564037910359840e+00 1.879159395685165990e+00 1.941135478469442344e+00 2.054585618647891909e+00 2.082511156143844744e+00 2.179949348565895395e+00 2.206266901403874048e+00 2.227986233684041029e+00 2.330481043733888313e+00 2.375940335914632495e+00 2.402280001537413945e+00 2.451389896912375299e+00 2.462617309083870332e+00 2.623999293061582971e+00 2.692976668342851987e+00 2.951819193584228174e+00 3.196180519054687696e+00 3.510941300459323067e+00
4.017408257728647403e-01 4.346310274337514268e-01 5.076446146372184387e-01 5.594180874127463454e-01 5.922380529943853666e-01 6.613724702126915211e-01 6.809973026812121688e-01 7.197932046327261135e-01 7.466699601023473187e-01 7.719073005141313670e-01 7.982249843566856518e-01 8.190774309121886532e-01 8.482215536798942690e-01 9.099196405158385126e-01 9.264764615209087895e-01 9.550903927181066955e-01 9.873047766019340532e-01 1.059058097952648270e+00 1.074762529816106982e+00 1.109720859690270789e+00 1.150347179082354288e+00 1.169479198585732460e+00 1.185867671858598538e+00 1.208266169539796930e+00 1.236780711868562754e+00 1.263462119028956332e+00 1.327902753747849385e+00 1.382161192217235879e+00 1.433853522437134265e+00 1.458345888361933573e+00 1.483345617383297288e+00 1.530971996912960487e+00 1.552263345358744440e+00 1.566542401694299702e+00 1.597957059772199262e+00 1.617764663385446555e+00 1.661372535575688314e+00 1.701342341732610564e+00 1.709017656446973898e+00 1.746998233532163214e+00 1.788814417582096361e+00 1.803718533917606504e+00 1.844515405027631338e+00 1.870539713694580719e+00 1.933689740739650276e+00 2.055280814902025632e+00 2.078698975700285168e+00 2.170889132702225055e+00 2.195872672025650285e+00 2.217281179230837118e+00 2.318548822005792154e+00 2.369343652050596383e+00 2.400315085704944895e+00 2.445209841561098330e+00 2.459863675040076636e+00 2.642309155683312039e+00 2.719329314729860059e+00 2.952188352871681243e+00 3.177914449599425151e+00 3.497753185660488207e+00
4.056515091834725917e-01 4.283613081471182582e-01 5.061101220620517482e-01 5.762014418648804259e-01 6.087881781041044604e-01 6.683592720259271536e-01 6.917552846974688308e-01 7.261320897209806446e-01 7.597503515500537707e-01 7.825500502803975911e-01 8.058716935442065132e-01 8.273547447502314078e-01 8.704581177845102102e-01 9.144385713755533995e-01 9.427578463980511581e-01 9.587586321273190437e-01 9.975473565723436131e-01 1.060953744393424936e+00 1.075280842265354808e+00 1.119517330549238743e+00 1.163374243044966505e+00 1.172735323502633653e+00 1.183252315102777175e+00 1.205387207910949998e+00 1.244329568833793198e+00 1.279997340927163219e+00 1.313639178871947699e+00 1.397476260449061369e+00 1.419269001162696275e+00 1.446147323936308293e+00 1.476670346452892524e+00 1.526313461948608730e+00 1.552071164909273548e+00 1.571283278545381634e+00 1.598418687012623129e+00 1.621791028026307036e+00 1.647799387405202820e+00 1.683254028962974269e+00 1.718867263087566544e+00 1.744373128455118493e+00 1.780171231108515828e+00 1.801590644215026682e+00 1.839907272275322025e+00 1.867778937641353165e+00 1.927934481431497815e+00 2.053162761181208662e+00 2.077013528422712252e+00 2.164645373350579938e+00 2.193456439652309520e+00 2.213862066124324013e+00 2.307321483249883620e+00 2.366464818683589488e+00 2.396448392581102205e+00 2.447497775269479536e+00 2.463466924788509704e+00 2.656863612827351950e+00 2.739052566642431685e+00 2.952656102768306923e+00 3.160778840032365533e+00 3.486341364568834589e+00
3.980689769669214506e-01 4.309820404778096359e-01 5.014169599317281900e-01 5.909044786851382902e-01 6.218163189136408642e-01 6.649352338879312985e-01 6.960907097523555409e-01 7.317545460969558935e-01 7.710729778780981425e-01 7.889217621538822112e-01 8.118650769183803906e-01 8.451932860299364858e-01 8.877095522382960624e-01 9.172938661605566368e-01 9.544684406856033254e-01 9.594381728679227672e-01 1.006487765530988510e+00 1.058402551034341998e+00 1.072744054554821247e+00 1.125350680031708794e+00 1.159515015396356263e+00 1.168657533871618748e+00 1.182958365691195946e+00 1.206834980794106116e+00 1.244867591316964672e+00 1.287124986002494254e+00 1.311180709594370164e+00 1.379289123685376151e+00 1.411179912983199447e+00 1.434242963735699927e+00 1.472714637876312516e+00 1.523071683851503266e+00 1.552364326737569744e+00 1.581647366022393975e+00 1.592049844582516416e+00 1.621977746740408621e+00 1.639260739703596315e+00 1.670479224771499904e+00 1.723414655925934236e+00 1.748003808685566929e+00 1.778412485448592095e+00 1.800853262688536960e+00 1.839105850345323923e+00 1.869420180725840375e+00 1.923257555799975815e+00 2.050280773274856472e+00 2.076134698327045669e+00 2.159149248852518799e+00 2.201209079043554784e+00 2.216428247693012832e+00 2.299557393176812514e+00 2.363115340947952170e+00 2.395932153345105675e+00 2.457733483545293751e+00 2.466382492160475781e+00 2.667332337779719342e+00 2.753535687856810910e+00 2.952149720547414535e+00 3.145065155125788880e+00 3.476728644473717544e+00
3.865338587567156425e-01 4.364900197889682865e-01 4.949991285126863483e-01 6.032908135336495503e-01 6.288895159015155389e-01 6.556653575754610719e-01 6.947042964561805922e-01 7.407909136719591503e-01 7.751574164288461688e-01 8.008915853251573624e-01 8.168085101585867980e-01 8.628000618676510136e-01 8.971264130539705617e-01 9.234385577324977223e-01 9.539285991083713556e-01 9.669410860656150186e-01 1.014655564612520378e+00 1.051091005950427260e+00 1.072030060103911442e+00 1.122961261790231369e+00 1.147100060412100886e+00 1.164533499692979701e+00 1.181065601557648836e+00 1.208665406666604492e+00 1.244134147205238738e+00 1.276778394474888723e+00 1.320144301679079479e+00 1.359222140087331665e+00 1.398405439570927999e+00 1.426003457618386649e+00 1.471145931073088331e+00 1.519528288601891264e+00 1.548700078835634653e+00 1.581680729660301488e+00 1.589066355664625396e+00 1.614969726651932502e+00 1.641878250630654179e+00 1.666870242057385321e+00 1.719472132938866915e+00 1.756139508690062634e+00 1.776437968828938230e+00 1.808156324100275381e+00 1.839890667888589793e+00 1.873912588422858905e+00 1.919255065925417725e+00 2.047934345274957657e+00 2.075429134679727117e+00 2.153860191975053961e+00 2.213838292510528216e+00 2.224462197598819913e+00 2.296527971146107738e+00 2.356732219210206480e+00 2.400745041390042189e+00 2.464198208840037818e+00 2.475299646875416926e+00 2.673429554442547929e+00 2.764635399472560984e+00 2.950158068730509342e+00 3.131328757257711981e+00 3.468982381606979359e+00
3.760899653174423207e-01 4.411099650126591443e-01 4.885057408233016152e-01 6.129532098744604474e-01 6.295495406288605933e-01 6.456536869307969440e-01 6.926470895418673779e-01 7.488646702342517392e-01 7.797154283598459745e-01 8.065704808916895896e-01 8.293835535023771355e-01 8.667673737221497365e-01 9.072374586827117726e-01 9.309994553834107789e-01 9.527990811096752610e-01 9.736902223362251529e-01 1.019547097272664127e+00 1.040563564133390129e+00 1.074129014788371306e+00 1.110625341129873211e+00 1.135453968599749341e+00 1.166166949650403462e+00 1.178446320279541215e+00 1.208018622560228073e+00 1.240845652315486713e+00 1.270719268080713116e+00 1.312652856076762076e+00 1.356305666834790147e+00 1.382269753892847897e+00 1.422924891022411265e+00 1.467800931147722254e+00 1.513951436672197337e+00 1.546191193302546285e+00 1.573593866398716790e+00 1.587667417584080143e+00 1.616145631415446537e+00 1.643493672558303809e+00 1.668430892344451077e+00 1.716170512240265067e+00 1.757331313311267573e+00 1.775935052698197403e+00 1.819572893119374646e+00 1.840685087364341666e+00 1.879733894550571716e+00 1.915674179356002371e+00 2.046479692966862718e+00 2.074818792296509340e+00 2.149493261942093891e+00 2.222418130159696581e+00 2.237597069645541392e+00 2.299042912282068141e+00 2.348925643803524643e+00 2.407209982998293363e+00 2.460932301473510719e+00 2.492830001463832712e+00 2.675245777985148177e+00 2.773651311971553124e+00 2.947001350163065414e+00 3.120427218401598868e+00 3.463241323747972000e+00
3.689131369243612291e-01 4.439572560239475885e-01 4.836609217949679462e-01 6.185073265301369583e-01 6.277499766713650065e-01 6.386936332614173706e-01 6.914571231195891787e-01 7.529442503660511710e-01 7.855090182820833045e-01 8.105991716513177847e-01 8.418662207893691241e-01 8.591725385129728165e-01 9.179255677382858192e-01 9.370896224079221515e-01 9.537524494190685598e-01 9.786674676231779113e-01 1.020595301161915769e+00 1.030285058344908133e+00 1.075546188418579963e+00 1.098183132160707842e+00 1.127165545389539059e+00 1.170462149881453806e+00 1.178754073404445935e+00 1.207423684641784067e+00 1.234782831001393966e+00 1.267089681132698820e+00 1.303249748573361178e+00 1.355886120693135188e+00 1.372311286291192145e+00 1.423567978001859746e+00 1.463114769872762455e+00 1.508012186251393549e+00 1.547984367155982977e+00 1.568298999266819482e+00 1.584303393067188592e+00 1.618852733008850020e+00 1.644321495147955892e+00 1.670536344345346480e+00 1.715158318650147562e+00 1.754148215559234725e+00 1.777466342266714516e+00 1.827940981116160657e+00 1.841245056408581382e+00 1.885012576853379196e+00 1.912644459134707819e+00 2.045777526453842476e+00 2.074389799257994493e+00 2.146612484297091505e+00 2.227005384317277681e+00 2.247818635564731604e+00 2.306438949529907134e+00 2.340907785788776785e+00 2.412317067136631632e+00 2.456642402911762169e+00 2.507229019023062833e+00 2.674301275281472989e+00 2.780250268129410340e+00 2.943922006791757973e+00 3.113351028550298771e+00 3.459688670823886536e+00
3.663535315804022363e-01 4.448935553886496641e-01 4.818637517731100273e-01 6.191032602095148940e-01 6.285903304480325859e-01 6.355963411547050912e-01 6.910863079857559876e-01 7.540099835221775182e-01 7.877971421440264077e-01 8.138295478713121200e-01 8.491777955518778898e-01 8.513548912214720099e-01 9.218919081713977670e-01 9.393413764186449022e-01 9.557709470315320921e-01 9.803065871628793282e-01 1.018928436079294064e+00 1.027057267859876832e+00 1.074771898912861845e+00 1.094302942635823284e+00 1.123961626000163472e+00 1.172284922927213202e+00 1.179656105329426330e+00 1.209282101579880475e+00 1.229902972620751322e+00 1.265385746018751867e+00 1.300049402281790778e+00 1.354801479251531715e+00 1.369589511293701101e+00 1.424594949433069413e+00 1.460850026698057080e+00 1.505508488038733272e+00 1.549769111173890490e+00 1.566236633102183307e+00 1.582774966833024211e+00 1.619805722640442980e+00 1.644677406166237255e+00 1.671277205110959896e+00 1.715193567681106313e+00 1.752439084448368156e+00 1.778215603128839195e+00 1.830787806735068690e+00 1.841508457245311758e+00 1.887294363289409027e+00 1.911280054101289094e+00 2.045579996421147850e+00 2.074234597903393151e+00 2.145603676930553316e+00 2.228515797885829652e+00 2.251224070792464005e+00 2.311788183086107562e+00 2.336228164950106212e+00 2.414287315102654041e+00 2.454646273282597324e+00 2.512860959285296847e+00 2.673448157788577362e+00 2.782776312219861214e+00 2.942612695941898782e+00 3.110892322975468804e+00 3.458483409866584424e+00
3.595729872469245469e-01 4.170148966613189678e-01 4.965968423201639337e-01 6.113634758343845510e-01 6.260830126524259409e-01 6.433996248451955280e-01 7.051231427642873362e-01 7.446144207797982251e-01 7.844364441224926932e-01 8.065116387375942386e-01 8.486324919234301545e-01 8.567421355709450292e-01 9.147260383245853221e-01 9.420503775250030909e-01 9.575993791637845698e-01 9.912483663357325447e-01 1.012110816163100724e+00 1.024241817355861395e+00 1.082409382851429402e+00 1.106364974595025696e+00 1.131140296649568056e+00 1.171183221986118017e+00 1.182908894552556767e+00 1.201685417857451421e+00 1.214259861784107830e+00 1.266296754918718737e+00 1.283872016146730299e+00 1.340062993742642039e+00 1.404576472321323655e+00 1.448033836402398800e+00 1.470446946272635946e+00 1.488227115915374821e+00 1.558059596199329544e+00 1.594640430208676296e+00 1.605730197725571795e+00 1.626772296174558763e+00 1.647342184067036364e+00 1.666744237399344408e+00 1.687560305959352913e+00 1.724124220247559958e+00 1.755259006218452544e+00 1.825440076125619759e+00 1.847157963728371266e+00 1.864571824193321792e+00 1.911445867240142427e+00 2.057918264722735646e+00 2.074941517653746015e+00 2.145226527464866084e+00 2.222215395488992051e+00 2.265399220668381730e+00 2.302168691666859335e+00 2.334931789111212463e+00 2.389170177360952163e+00 2.499778222833031194e+00 2.515404799243108336e+00 2.697063002964543710e+00 2.757967643834095206e+00 2.934981994017322737e+00 3.111150111592877465e+00 3.459390011425712341e+00
3.632331861743845480e-01 4.183927164192937642e-01 4.963465757495658104e-01 6.094547124977055530e-01 6.290743834461925976e-01 6.441978769233507318e-01 6.992334293447722837e-01 7.475503635101912181e-01 7.788943901477226595e-01 8.047907584074281973e-01 8.519858759623857303e-01 8.593917824743577683e-01 9.120630378227643220e-01 9.341748297673254653e-01 9.633281328256501075e-01 9.912041492803127518e-01 1.012585670796061654e+00 1.022823169397782506e+00 1.079923106863741378e+00 1.110415367265822129e+00 1.131426463694650719e+00 1.168818911358857626e+00 1.185507778772022069e+00 1.200184528317078225e+00 1.217584529728215736e+00 1.267836260313864649e+00 1.292293755307869718e+00 1.341842046667971911e+00 1.403466263523153401e+00 1.447948717965683807e+00 1.471867624369053607e+00 1.489024051562232387e+00 1.558490723699984315e+00 1.588197841603265603e+00 1.611637816179138927e+00 1.626818856307273631e+00 1.649278282110082650e+00 1.663683777230507754e+00 1.689573382910062982e+00 1.723605513345753293e+00 1.756471092666836098e+00 1.822488498086952902e+00 1.846984529645302242e+00 1.866359833562833970e+00 1.911333340480893872e+00 2.057708183624030962e+00 2.074460898112635121e+00 2.146020478046973601e+00 2.221411315632514150e+00 2.260435263665345307e+00 2.299494375893465392e+00 2.336348515978398321e+00 2.391978468003038483e+00 2.495741260967770270e+00 2.512525469469861328e+00 2.696772532206888062e+00 2.755567984952992600e+00 2.937050551066077375e+00 3.113634181403831747e+00 3.460644252272124355e+00
3.728160375419498074e-01 4.219219348933137548e-01 4.956721949957174633e-01 6.044535637361539981e-01 6.353465787278756993e-01 6.468423601881271301e-01 6.872606897751184496e-01 7.478928345608850670e-01 7.706494288258389780e-01 8.004356072607154982e-01 8.544348038188617211e-01 8.680763414039560644e-01 9.055064165542647814e-01 9.226889988980383484e-01 9.669587561704758860e-01 9.888934514583190838e-01 1.010905344214842794e+00 1.024682862842011044e+00 1.074546942456841014e+00 1.118356626748915339e+00 1.135439397858602373e+00 1.169428047571066775e+00 1.179986082639590483e+00 1.203455824416413078e+00 1.225670604558730004e+00 1.272187271948445053e+00 1.313360409150857055e+00 1.347169019267034695e+00 1.398190612013687550e+00 1.448913527826132697e+00 1.474748244439060718e+00 1.491736390348096020e+00 1.559072270737354771e+00 1.582693577051532685e+00 1.614009733963599924e+00 1.630396997338176224e+00 1.649811158406306877e+00 1.661740355844305794e+00 1.693684847675606342e+00 1.722622548649495933e+00 1.759832494239650380e+00 1.814819258902293786e+00 1.845981736263969664e+00 1.870664638746071695e+00 1.911480552935732158e+00 2.057021790111471127e+00 2.073279033058952781e+00 2.148496183537111026e+00 2.218889671829772592e+00 2.245505067427969959e+00 2.295620821294113156e+00 2.341341214949709038e+00 2.396835327757824707e+00 2.483853528906054375e+00 2.505986569977116218e+00 2.694792158333847887e+00 2.749690236505103247e+00 2.942005755682408630e+00 3.120837791388373805e+00 3.464309076075187122e+00
3.852421779745662245e-01 4.261101603226342127e-01 4.948774268000857290e-01 5.963442672312672110e-01 6.351718675769875144e-01 6.552940339267466774e-01 6.766760055821144926e-01 7.363214111988637400e-01 7.694433254930670429e-01 7.959737590452357070e-01 8.527977814366966003e-01 8.740592350702407476e-01 8.962153611978849188e-01 9.148711289795578017e-01 9.608640709219119502e-01 9.870813570766087119e-01 1.005604077902714222e+00 1.028168814478425563e+00 1.072816608433805996e+00 1.127303087261508852e+00 1.142943802805812981e+00 1.166236490341552967e+00 1.179441971916008303e+00 1.202993425360013857e+00 1.236701522811935350e+00 1.281527834676108979e+00 1.339254669240120155e+00 1.354628332010692437e+00 1.387385583745699646e+00 1.450273023343916057e+00 1.476665708262937526e+00 1.498018441487651842e+00 1.558002576938832373e+00 1.581345950483163731e+00 1.615025518491149725e+00 1.632400170235132064e+00 1.647171371440003140e+00 1.666996244947378303e+00 1.697849581229850191e+00 1.723337822901499061e+00 1.765232978280109499e+00 1.804309413335866585e+00 1.843534489093671125e+00 1.875792269591070704e+00 1.912986887168133032e+00 2.055775299801378075e+00 2.072040165862484518e+00 2.152859587200611990e+00 2.214410454293451735e+00 2.225204182318361035e+00 2.295268949327636143e+00 2.349163405110599179e+00 2.399290336735497853e+00 2.467380177701608002e+00 2.498109271029283818e+00 2.689218022292503729e+00 2.742407699497715790e+00 2.947357628212030178e+00 3.132046415928382732e+00 3.470140081512076868e+00
3.973602576280854115e-01 4.296485105853067310e-01 4.943105002284419180e-01 5.844513873886758581e-01 6.250696705172354983e-01 6.627923938440697382e-01 6.747684747329246724e-01 7.213323399271003300e-01 7.649808299774593090e-01 7.968183335316144644e-01 8.448181186694310174e-01 8.706642334690998242e-01 8.825893991914767200e-01 9.126727899491521301e-01 9.497635521202438813e-01 9.850670613570189360e-01 1.000682610210509749e+00 1.028146431314957532e+00 1.077438386136005288e+00 1.132979263224695110e+00 1.148415753251677662e+00 1.159742664591709271e+00 1.181678331165879170e+00 1.203678987479519069e+00 1.243507684082101106e+00 1.298799710523105722e+00 1.348346382001213151e+00 1.362257289761252599e+00 1.388915143729567925e+00 1.447107967916613225e+00 1.478121514858780960e+00 1.507542207284568780e+00 1.552834837647733446e+00 1.578829392596807546e+00 1.623737405065297956e+00 1.627751897715715046e+00 1.651156677228159841e+00 1.670255020960239367e+00 1.701877855976483334e+00 1.729350734235458598e+00 1.773033061558147105e+00 1.793404963214889625e+00 1.839707243674636006e+00 1.880832968803205496e+00 1.916681389980923633e+00 2.054062109509645406e+00 2.071442138389418819e+00 2.159160773721105375e+00 2.203234638848759808e+00 2.213342552461023960e+00 2.298845781441562153e+00 2.357780313084139046e+00 2.398875882945556093e+00 2.452046323744393685e+00 2.489454006388553964e+00 2.679388111610228496e+00 2.733815378698571941e+00 2.951248927349791717e+00 3.146243202002393602e+00 3.477863848460781337e+00
4.055904477795046481e-01 4.332654079599417285e-01 4.934853953705303775e-01 5.690068249399419242e-01 6.098967686158860424e-01 6.573117682360143377e-01 6.836215196889218193e-01 7.071039527203387687e-01 7.561733907224573725e-01 8.010048011384988120e-01 8.288760101057844887e-01 8.586783875205857841e-01 8.669218801467365454e-01 9.108813459605946683e-01 9.372039623693656507e-01 9.780793270364414038e-01 1.000899692116127504e+00 1.028693391071033858e+00 1.080737910034483162e+00 1.123825230604864167e+00 1.149863137097360433e+00 1.158317220645398438e+00 1.180477503549751228e+00 1.206976722268302549e+00 1.246459224408215327e+00 1.316215809626368083e+00 1.327416338833488085e+00 1.371847103855692085e+00 1.413659647503180850e+00 1.443208503842331680e+00 1.474565184433559883e+00 1.517643991713828688e+00 1.545449631626057307e+00 1.577048584596598690e+00 1.614706585754327461e+00 1.640160372998715088e+00 1.653215879665242971e+00 1.674334785021463601e+00 1.708477101856560099e+00 1.740358633468751526e+00 1.779509361341969464e+00 1.790464961249370823e+00 1.835911349378923418e+00 1.885544193936213642e+00 1.922602892299303257e+00 2.052161091991969943e+00 2.072077438104987568e+00 2.166673737010559986e+00 2.193341082124570907e+00 2.211339688145094851e+00 2.305655161266185083e+00 2.365142094073395818e+00 2.397867551958823729e+00 2.443258463487175014e+00 2.480266973206137315e+00 2.665557302551774921e+00 2.722230198550233293e+00 2.953074404409824716e+00 3.162414305015489813e+00 3.487293806926273110e+00
4.057190350067184093e-01 4.396479641956213547e-01 4.901014598622395746e-01 5.525596929523408640e-01 5.927806725597309923e-01 6.466270646454180815e-01 6.832210402184001330e-01 6.963284930791554528e-01 7.495121508496841445e-01 7.889486712405424651e-01 8.198111872448237136e-01 8.369595473483352199e-01 8.556608775062050087e-01 9.067052738868893735e-01 9.205286206116534142e-01 9.710159223743454193e-01 9.941320914294856648e-01 1.033301637570429143e+00 1.076788448363766637e+00 1.107749331109590507e+00 1.141134986695690356e+00 1.157437175019533138e+00 1.176739823117050499e+00 1.205708727357507781e+00 1.248182608307749186e+00 1.294003048248346222e+00 1.338873373936037448e+00 1.371934605346923464e+00 1.426743872849290273e+00 1.451287586775826588e+00 1.468892040481412309e+00 1.526172564935375675e+00 1.546442132178044382e+00 1.577781966119705448e+00 1.599512288526021120e+00 1.635083660030676400e+00 1.664265010471801087e+00 1.685877059735685579e+00 1.715632767454068119e+00 1.750498875355168238e+00 1.783700951519280320e+00 1.802104561698697038e+00 1.835517053312247127e+00 1.890000339107048122e+00 1.930425976465016680e+00 2.050066760511443320e+00 2.074696590427108855e+00 2.174279818481175575e+00 2.195055159107540454e+00 2.215382139718108601e+00 2.314778289049430171e+00 2.370763734778487564e+00 2.398372781732394987e+00 2.444215379665394927e+00 2.472103978084480236e+00 2.647706884813745276e+00 2.705802492682910287e+00 2.953291414745857768e+00 3.179806557045663062e+00 3.498380724505508965e+00
3.973965797275191281e-01 4.473828223559310757e-01 4.809574421372965758e-01 5.394173490770790558e-01 5.743594133135325741e-01 6.313617853733727303e-01 6.664458488742179831e-01 6.881198612835509598e-01 7.458907542219407327e-01 7.604627836362461979e-01 8.068332111603072621e-01 8.256550924532551905e-01 8.444568165532966297e-01 8.914383205185850700e-01 9.066802463168175397e-01 9.544456802576748444e-01 9.793905583146175209e-01 1.036175062028808380e+00 1.069311679578825780e+00 1.097527126203056813e+00 1.114357828381206339e+00 1.148958909129387918e+00 1.164365398201919755e+00 1.202982483889245557e+00 1.248094924060831223e+00 1.277444079005780164e+00 1.338215122178786132e+00 1.363225535495202978e+00 1.423999555300556885e+00 1.447917559214042527e+00 1.487422645422688872e+00 1.532507034097530862e+00 1.556676655241422402e+00 1.579584861358212411e+00 1.591228182615063824e+00 1.626218681671294908e+00 1.677033800628289661e+00 1.695432588406165619e+00 1.720689245819817970e+00 1.756948943932186147e+00 1.797268186926503253e+00 1.813125841777570857e+00 1.843753364887821489e+00 1.894668154122870707e+00 1.939946282732951000e+00 2.047264292180502654e+00 2.080084932448859281e+00 2.183051248527461574e+00 2.204959170064863638e+00 2.227753083382385313e+00 2.324492932093169983e+00 2.375650310213681671e+00 2.402546686650279817e+00 2.452683350000377072e+00 2.470738700028931145e+00 2.625674552159431130e+00 2.683203031946123751e+00 2.953069391172377767e+00 3.197990567774647630e+00 3.511175166080062748e+00
3.819182598842658094e-01 4.496339252497308925e-01 4.685203695849080030e-01 5.309744759437815542e-01 5.539489155574466306e-01 6.102033279387221176e-01 6.419543116616004408e-01 6.736495880671021785e-01 7.192288185112362120e-01 7.542918275855794441e-01 7.814717932057985150e-01 8.173101942165398315e-01 8.326305034658628701e-01 8.590894966976752034e-01 8.959443643133268020e-01 9.203132723645314206e-01 9.712460301784288097e-01 1.026893242000462836e+00 1.063258650173125597e+00 1.067921028427659680e+00 1.092186834055133726e+00 1.130549657541514375e+00 1.150574397463972387e+00 1.206079426111811514e+00 1.241009714246944728e+00 1.267056278092037136e+00 1.324108630349345672e+00 1.353209413093823477e+00 1.414858137929810411e+00 1.446214318239800400e+00 1.501977356006054753e+00 1.541821540748255837e+00 1.561373965018745258e+00 1.567518398787594025e+00 1.616897648650997166e+00 1.625011317133507216e+00 1.683640554297785918e+00 1.700732845054346187e+00 1.726751196597148486e+00 1.762813742984757015e+00 1.812448986119690186e+00 1.819511123447085987e+00 1.860727289259869854e+00 1.900638216900279120e+00 1.951009974197409846e+00 2.043348579656310893e+00 2.088194295014174084e+00 2.190921030221701038e+00 2.218033884690427726e+00 2.249451408159977461e+00 2.331644656220414724e+00 2.376025340754236659e+00 2.417125618736892356e+00 2.465214160921867848e+00 2.483281408048151118e+00 2.600068345318037544e+00 2.654144764539366541e+00 2.953845828744875224e+00 3.216771365361259516e+00 3.525726612845665908e+00
3.594663780498802974e-01 4.352407944402034712e-01 4.626645648222589280e-01 5.227238915872797209e-01 5.310167319886368587e-01 5.796189108849227889e-01 6.141560196619185730e-01 6.544538683634164578e-01 6.859236988736465701e-01 7.513129895119673440e-01 7.553730447505674350e-01 7.870645708216487124e-01 8.095493658277238547e-01 8.249927704358382963e-01 8.779808939639723864e-01 8.958140409237735913e-01 9.587761688818299266e-01 9.961136375874952709e-01 1.020235655180109280e+00 1.059770527127946060e+00 1.087223481009551795e+00 1.117062690391539714e+00 1.137455222078583628e+00 1.204328254947792054e+00 1.223713346464095242e+00 1.263375023215392856e+00 1.312037859825879282e+00 1.345187529759771072e+00 1.406859361948946896e+00 1.443285949449555350e+00 1.505016224620643772e+00 1.548142593025488845e+00 1.555974701542055083e+00 1.576104712792359308e+00 1.609603245835902419e+00 1.662375501876868666e+00 1.682030530344734487e+00 1.706042795004168555e+00 1.736663404650931053e+00 1.770191990542518079e+00 1.817298974635586761e+00 1.829682328685861226e+00 1.878355687472136326e+00 1.910298626515073650e+00 1.962873951832611930e+00 2.038446385077294476e+00 2.097796196614937880e+00 2.193071796881878921e+00 2.231586493983116704e+00 2.278057613362040268e+00 2.332022648943142151e+00 2.372901252963287355e+00 2.445821234695199742e+00 2.483596537667053905e+00 2.506104607217054969e+00 2.573545677417651500e+00 2.621364771749139067e+00 2.956788169341996841e+00 3.236058499225047846e+00 3.541970998587617547e+00
3.303208386735592139e-01 4.102137911862598907e-01 4.533282609690889586e-01 4.902698302446409917e-01 5.205584922270664050e-01 5.391606933887029829e-01 5.897535709351372502e-01 6.257587709921661467e-01 6.613852427487246777e-01 7.090972259417304135e-01 7.278307595383050055e-01 7.499096307936884420e-01 7.784544292141573063e-01 8.081315407671023632e-01 8.527042961384823094e-01 8.720701429291424223e-01 9.329118122552053638e-01 9.623085956699582999e-01 9.994679154528136600e-01 1.050554598648425708e+00 1.081083613925495568e+00 1.098617862914419430e+00 1.132922579602474444e+00 1.183168300124442851e+00 1.223210526065470427e+00 1.262609678862702367e+00 1.302389267384534755e+00 1.341799822336031456e+00 1.400377663030518471e+00 1.440270015509606871e+00 1.495854793518050618e+00 1.549168052828346909e+00 1.556324274604723223e+00 1.588238826471542353e+00 1.600930514480204403e+00 1.670950631752154747e+00 1.697797305267871648e+00 1.709668180059018328e+00 1.749612577525238022e+00 1.780782875378880359e+00 1.817932514694045487e+00 1.839719375951131664e+00 1.890299224481128082e+00 1.925489826101009383e+00 1.973392051443075390e+00 2.033104135116122535e+00 2.106830453883317578e+00 2.187442812018224103e+00 2.244627471431599464e+00 2.298786372565751357e+00 2.333164424207047727e+00 2.375142994560884180e+00 2.475513752248319932e+00 2.498637350028111381e+00 2.532140851722478381e+00 2.560173417904163085e+00 2.596022617871224902e+00 2.962411129448224489e+00 3.255761060452172284e+00 3.559654284572973726e+00
2.949627925758649960e-01 3.752490146124143333e-01 4.258031814255954228e-01 4.430392197472917681e-01 4.900438177844685383e-01 5.148251611270744377e-01 5.660744477294518129e-01 5.964207822280928051e-01 6.341346682455469841e-01 6.578556315445933667e-01 6.729596703417463077e-01 7.255835382536417466e-01 7.551092851608408596e-01 7.907022042741403967e-01 8.201623808553297756e-01 8.503580616630369571e-01 9.098259795287300111e-01 9.444752720669885582e-01 9.843644954796949564e-01 1.043238108848723478e+00 1.061618044699394137e+00 1.087658869144646712e+00 1.128327447649194015e+00 1.168317445836608792e+00 1.227253714817186481e+00 1.261045404454841812e+00 1.296358849799828850e+00 1.340571003887382373e+00 1.394055260539798669e+00 1.436823814225899110e+00 1.482001667708587211e+00 1.550453707308945051e+00 1.552317959020329097e+00 1.588351170138268431e+00 1.602630432849289965e+00 1.662803884211045968e+00 1.706063150063081402e+00 1.717345550976458357e+00 1.761425067123759236e+00 1.789682986350405569e+00 1.826089869278946898e+00 1.846286814168829782e+00 1.899061635252197178e+00 1.941216932935755146e+00 1.979621910918193395e+00 2.028134655157643351e+00 2.113049633703553809e+00 2.175378676326670480e+00 2.254336675948974467e+00 2.291314922047509306e+00 2.357727583173737429e+00 2.381955833053908567e+00 2.457287006492311132e+00 2.520645263331961150e+00 2.545466372743545591e+00 2.585447350111959697e+00 2.604711970248684061e+00 2.970555398210763975e+00 3.275716883506775368e+00 3.578313634003015498e+00
2.533486611161300806e-01 3.268604169842858065e-01 3.507065833354625073e-01 4.174003015683886431e-01 4.467209439303762020e-01 4.958603735726648809e-01 5.324894794001177045e-01 5.731639760061163491e-01 5.960022882691058399e-01 6.130424378901717652e-01 6.352849420110779910e-01 6.997612352100497368e-01 7.320904194949466870e-01 7.663508678503757610e-01 8.074120865688504400e-01 8.303606725120742382e-01 8.907340984627596381e-01 9.314522598136603104e-01 9.722945307910357826e-01 1.027211924581767466e+00 1.048974503853458362e+00 1.083851649426621711e+00 1.113859503658478411e+00 1.166185864465421274e+00 1.231881166582418752e+00 1.259335565103116839e+00 1.294242341524593165e+00 1.338548017934022782e+00 1.386192793677213375e+00 1.433221275347134283e+00 1.469164644463755609e+00 1.543746588660559693e+00 1.548832224963228477e+00 1.576353988597038569e+00 1.611762136335605833e+00 1.653886273148637676e+00 1.699742595094944519e+00 1.717852942260935212e+00 1.772053514135659036e+00 1.793024048399988857e+00 1.839930258857150447e+00 1.851104750304777724e+00 1.907000436928615983e+00 1.951943951862713744e+00 1.980038319263459634e+00 2.024386852024981032e+00 2.115345222939791547e+00 2.158530970262441784e+00 2.251340555229764728e+00 2.288449658307722512e+00 2.371198766586573026e+00 2.391230641681785674e+00 2.427493133919973012e+00 2.537460788372113640e+00 2.558777905854307644e+00 2.623375260758769922e+00 2.648747101478044819e+00 2.980612567579019601e+00 3.295644120109777031e+00 3.597310114264935521e+00
2.051825701143862868e-01 2.531364596772603393e-01 2.874245128276238237e-01 3.899908888054877676e-01 4.037216596439902605e-01 4.695472480262750103e-01 4.881306896457237587e-01 5.482106370486918845e-01 5.679673606508395256e-01 5.870378009149200826e-01 6.125676087909638357e-01 6.718313314459182228e-01 7.186169245218253510e-01 7.471328634446808836e-01 7.926882204820109301e-01 8.221496148681008975e-01 8.701626022770988511e-01 9.206930121926033550e-01 9.607281071686597507e-01 1.006482620240836789e+00 1.050002703355713773e+00 1.077468476072984460e+00 1.099108302148705807e+00 1.166673419856788740e+00 1.236774590202632584e+00 1.259412783735719410e+00 1.293634553113142349e+00 1.335271979275216570e+00 1.377679821390339843e+00 1.429474272385953926e+00 1.459345983772683208e+00 1.530913482920133628e+00 1.538541004663634970e+00 1.563920352457212726e+00 1.614332268001680060e+00 1.643584245049798831e+00 1.686775317974416266e+00 1.710308791633234904e+00 1.775904312038245836e+00 1.798650025838043787e+00 1.844968187268290150e+00 1.861223887279199740e+00 1.909390703320197558e+00 1.953986669345977978e+00 1.976593988052654627e+00 2.021845414101008931e+00 2.113438520105707319e+00 2.139912820630051726e+00 2.238568807790543680e+00 2.293964386946580891e+00 2.345719691341101587e+00 2.400691340957955777e+00 2.440775780371682302e+00 2.547707198070141121e+00 2.580183456983365264e+00 2.664504541076737176e+00 2.700117057652287489e+00 2.991765336405427078e+00 3.315109430058130524e+00 3.615892107932704658e+00
1.514365723303213174e-01 1.922965970644593958e-01 2.433082791272726531e-01 3.445035239986427578e-01 3.831316110048261225e-01 4.330018400018161850e-01 4.591256214618146814e-01 5.226365682778345567e-01 5.532427179693754082e-01 5.719457376870058507e-01 5.987868393504856002e-01 6.503381152879423865e-01 7.078137827305560625e-01 7.377329419473123151e-01 7.736794916743289230e-01 8.228072189511929091e-01 8.487396816595355054e-01 9.104010731034641868e-01 9.487288624127439007e-01 9.919151760316359256e-01 1.053298395153416056e+00 1.066079293434654129e+00 1.092560458005537694e+00 1.164751449242087178e+00 1.239992104135622331e+00 1.261020233310900851e+00 1.294348347006271327e+00 1.331874319817941688e+00 1.371634789978139590e+00 1.424344306544961691e+00 1.451988015666281884e+00 1.509937062300289679e+00 1.520577656430555979e+00 1.548667413208101085e+00 1.594065044505638351e+00 1.639065224122818742e+00 1.675825855372499174e+00 1.701742203332475389e+00 1.770702506149284483e+00 1.805197165629519152e+00 1.844620242375217378e+00 1.872461281170440417e+00 1.904713075546804912e+00 1.945804804317696535e+00 1.969926358822341017e+00 2.015670193030131951e+00 2.103928473405234811e+00 2.133991634069878351e+00 2.221141520913855860e+00 2.291885467315086355e+00 2.334206580831536648e+00 2.410525313435914363e+00 2.464499889287263379e+00 2.559915203585103161e+00 2.601728464667349527e+00 2.703588076628997694e+00 2.749713363797007037e+00 3.003139745459956433e+00 3.333519480466212936e+00 3.633267866452213113e+00
1.163934707999213919e-01 1.461580902706091645e-01 2.305189456468328679e-01 3.129333845647422896e-01 3.718401929458617361e-01 3.981756394267216836e-01 4.416102206587159684e-01 5.094185143423393125e-01 5.461656003384373070e-01 5.655530684564690214e-01 5.884384875247561375e-01 6.380494983143384369e-01 6.988090767190118235e-01 7.358064629072889051e-01 7.599734503560888754e-01 8.190384142310751514e-01 8.337880143800476818e-01 9.000091667201742807e-01 9.381100089284160060e-01 9.822239464606795645e-01 1.046634601461641667e+00 1.065333585016724038e+00 1.090833116922520496e+00 1.160704154878682504e+00 1.240182833988959565e+00 1.262095010155755537e+00 1.297989460592477773e+00 1.329286930644249187e+00 1.370658989282601548e+00 1.415458521306723005e+00 1.443151918358005048e+00 1.478046264874263160e+00 1.499243889173469402e+00 1.526821795149949201e+00 1.549118975947558763e+00 1.641919721996085491e+00 1.670460452994869449e+00 1.698324778012672009e+00 1.758680168562285262e+00 1.808051596822558338e+00 1.838961824393405831e+00 1.881523045801019256e+00 1.896117071056002024e+00 1.934193789395011409e+00 1.956486339105563133e+00 2.002502934934586420e+00 2.098094505774460661e+00 2.141557422514594577e+00 2.199784204272403176e+00 2.290678402815089498e+00 2.341067016027989833e+00 2.420091858853685718e+00 2.484907963703509193e+00 2.573012306105903590e+00 2.621345020869765285e+00 2.737968999105937495e+00 2.793715275027340184e+00 3.013883004334987792e+00 3.350147014865601847e+00 3.648672301143525587e+00
7.656127315151517454e-02 1.070875948354808038e-01 2.137915003879017339e-01 3.194715809405728191e-01 3.710461407779068188e-01 3.933550382996542361e-01 4.264406934367864777e-01 5.055941126731683388e-01 5.435980284396583206e-01 5.604631702831102125e-01 5.950962684343072961e-01 6.357668465346157927e-01 6.958724156528068860e-01 7.340227270983107344e-01 7.580511665711161529e-01 8.026440104496207484e-01 8.324812625180300074e-01 8.901579216538532124e-01 9.315138128936135686e-01 9.753827276802540247e-01 1.035366265039934675e+00 1.071791392358340644e+00 1.090334761227894189e+00 1.156773630076454396e+00 1.238662090513725555e+00 1.263712517133342317e+00 1.302179105595568265e+00 1.328136956711699179e+00 1.373814695813349918e+00 1.397880782330017668e+00 1.417552772376764914e+00 1.446623293380804531e+00 1.471699463474835490e+00 1.496370672841505822e+00 1.509233177872254972e+00 1.644241949612881726e+00 1.670174112444769321e+00 1.700360473574219267e+00 1.743436697713085959e+00 1.807977271115754236e+00 1.823374787242231232e+00 1.871486234421970707e+00 1.896683946493274764e+00 1.926133988463206936e+00 1.946072179374201960e+00 1.990543085952980684e+00 2.099566709727058278e+00 2.153043771758170521e+00 2.181619041302386375e+00 2.295335250575098129e+00 2.350717064197674677e+00 2.428465260785680258e+00 2.500217493642178379e+00 2.585043504543275805e+00 2.637915841828696983e+00 2.766043391550224939e+00 2.829839707752307643e+00 3.023207228896586773e+00 3.364195645500572152e+00 3.661420797050947140e+00
-4.251908174425539366e-02 8.178594505484844401e-02 1.633626826160141654e-01 3.269005566905663906e-01 3.648402537796462952e-01 4.029858070406643344e-01 4.581388078413511922e-01 5.091239985658708722e-01 5.387328758581401145e-01 5.563357314356245364e-01 6.072289865740707615e-01 6.558733526167784822e-01 6.993104423467563224e-01 7.312947300195399292e-01 7.661360717519537511e-01 7.879858404196371513e-01 8.319659999114467075e-01 8.820653093509438492e-01 9.301716601587082245e-01 9.711318452962628411e-01 1.026702348651778784e+00 1.075057311370138047e+00 1.090924938150823920e+00 1.156173001831268810e+00 1.237610831003192136e+00 1.268347942024633745e+00 1.303561369910424039e+00 1.328581496631975778e+00 1.354028776242479415e+00 1.367865889654656053e+00 1.386852506613760472e+00 1.414219961292149330e+00 1.450761478100287105e+00 1.473604230324332631e+00 1.488336362070886265e+00 1.644778404085046830e+00 1.673645581792244430e+00 1.701670844810430516e+00 1.732583444036814191e+00 1.795717220637600198e+00 1.810590148150856171e+00 1.849456659903887967e+00 1.905925566508958724e+00 1.922787480605815613e+00 1.945283510114831804e+00 1.981325095970271954e+00 2.103765437433177343e+00 2.158947618358717513e+00 2.172976921664115935e+00 2.301505898507449466e+00 2.359000948960368049e+00 2.434870308853071208e+00 2.510469781425831215e+00 2.594578617969238277e+00 2.650477596169495964e+00 2.786755142193015011e+00 2.856591574248740439e+00 3.030425898618949621e+00 3.374893905547246664e+00 3.670948481273593522e+00
-6.262494853960939856e-02 4.586733140775170470e-02 1.010674158822275071e-01 3.328493386401359388e-01 3.578118920850201223e-01 3.897176073355151371e-01 4.981220991567031908e-01 5.204103631580568878e-01 5.358785538349809530e-01 5.661723421426073655e-01 6.084567364814585932e-01 6.868228464291527002e-01 7.041345487548626991e-01 7.355641341413775569e-01 7.634886532359812517e-01 7.901265262635814857e-01 8.302714034364435669e-01 8.768806322792522812e-01 9.321082099116785313e-01 9.701008380604748682e-01 1.021163803940932979e+00 1.072643315761157234e+00 1.093006251938055451e+00 1.160319214818556599e+00 1.237428468842473706e+00 1.272087878882747880e+00 1.298663306681408836e+00 1.315323488264879659e+00 1.329714418773268347e+00 1.337284614629223656e+00 1.350423149251246180e+00 1.417702373484348577e+00 1.439836448402672886e+00 1.460055405231925674e+00 1.475024382759725583e+00 1.644477195110308321e+00 1.679266053563930328e+00 1.695894773939174760e+00 1.731676547494666263e+00 1.774375660998007920e+00 1.812532208444424864e+00 1.831732787032319898e+00 1.913545791548679098e+00 1.921190340356836224e+00 1.948522147586938091e+00 1.974159083623236999e+00 2.108106317285702858e+00 2.153401934331948375e+00 2.176787071523751393e+00 2.306223196337470860e+00 2.364514540674452547e+00 2.438828620409723147e+00 2.516238539156669063e+00 2.600666453762382258e+00 2.658303339410732935e+00 2.799430315410614600e+00 2.873005248168055026e+00 3.034994891038385934e+00 3.381598247264083312e+00 3.676836495190090481e+00
-2.567847857931126261e-04 -3.537099195361000757e-08 -6.607224216210415168e-09 3.379046726673456957e-01 3.524222625675785814e-01 3.844348001605094600e-01 5.063855097215176349e-01 5.229936521145815975e-01 5.359584987507459708e-01 5.792757053794211908e-01 6.079459501876076644e-01 6.993845400567773041e-01 7.053965304826390614e-01 7.443189122969303684e-01 7.553772103673718208e-01 7.961473148453079851e-01 8.292394324368699277e-01 8.750415385424789028e-01 9.334461045704275373e-01 9.706218118080190971e-01 1.019150275323719157e+00 1.070398505389942079e+00 1.094034957094367266e+00 1.163836294884808886e+00 1.237659950102340423e+00 1.260738044360970367e+00 1.304751001357617124e+00 1.309583163021908137e+00 1.321987765642217205e+00 1.326390271857567305e+00 1.331355400902870079e+00 1.430258873727332514e+00 1.430475542354033180e+00 1.452231622831306357e+00 1.471175378775465337e+00 1.644254388573407777e+00 1.684958115204759244e+00 1.689067745291407574e+00 1.733135167465201132e+00 1.766309979648057693e+00 1.817739679259196439e+00 1.820863957698742430e+00 1.917677624582125873e+00 1.919441589198592535e+00 1.950658040028312223e+00 1.970948121919196883e+00 2.110083054574039885e+00 2.150298855881330073e+00 2.179032712978558717e+00 2.307955369252674860e+00 2.366453820146760645e+00 2.440157834406680770e+00 2.518086456586674959e+00 2.602755990346462323e+00 2.660959260095971946e+00 2.803695171572031963e+00 2.878535279507500988e+00 3.036559255245109057e+00 3.383882662166480593e+00 3.678827990801763370e+00
-8.950561298659958087e-01 -7.214793284729732470e-01 -6.737478571102308855e-01 1.579952003380235837e-01 1.799689789798384065e-01 2.772109070932204933e-01 3.590332846119221322e-01 3.749699660617811792e-01 4.213527817822817489e-01 5.623424940539123451e-01 6.139065662803955270e-01 6.396080504727944538e-01 6.532656654855651945e-01 7.073200931093173160e-01 7.663832193516993962e-01 8.145390490971603503e-01 8.681892953005299063e-01 8.996666638974817332e-01 9.378842013273201994e-01 9.945866192905898906e-01 1.060330374730727776e+00 1.062235249578782126e+00 1.103106158315125596e+00 1.170346695876288257e+00 1.254963587298948635e+00 1.310686046559692564e+00 1.334349244349342545e+00 1.336686393596100864e+00 1.371245975546855567e+00 1.412082222438192369e+00 1.449273305772212694e+00 1.452209294045570198e+00 1.507790481280087080e+00 1.512534938520048389e+00 1.569898717099746266e+00 1.650920312274260615e+00 1.693959338492761590e+00 1.733440488447505423e+00 1.750244740897855422e+00 1.822472321171698217e+00 1.837158713611222627e+00 1.917300699312937562e+00 1.929938723157535119e+00 1.951595674945918457e+00 1.957088815619281830e+00 2.031270708786143242e+00 2.110355671063777194e+00 2.151499384564438788e+00 2.278387962836843528e+00 2.287122623844381142e+00 2.320559461165510928e+00 2.425724658886497576e+00 2.520561993443728444e+00 2.573115451378374274e+00 2.642203597997405229e+00 2.771925902111597839e+00 2.831308581234754929e+00 3.027220801323541988e+00 3.371245809326143039e+00 3.676115917644017461e+00
-1.205307498992034709e+00 -1.033735236806952562e+00 -9.330383010150555823e-01 -5.372564080062923741e-01 2.033627312549885491e-01 2.446526039607240799e-01 3.406622812375793563e-01 3.989580097505374678e-01 4.691213145428492770e-01 5.463032818747085573e-01 5.855414774162300828e-01 6.207445670514665226e-01 6.598387684733899583e-01 7.448763454385587401e-01 7.957933332109147218e-01 8.503960282711067187e-01 8.598640001144645106e-01 9.331856159315350396e-01 9.916472872446482345e-01 1.061023878491958561e+00 1.069109694866293481e+00 1.094254759321813264e+00 1.135755522966275244e+00 1.189239026070993965e+00 1.267791214810307210e+00 1.316524334549750153e+00 1.347659157832898469e+00 1.365539201829256255e+00 1.412440087306854108e+00 1.418046078808882893e+00 1.450729658943886058e+00 1.492121943276057516e+00 1.601306803840340853e+00 1.603078091534518634e+00 1.647995586018786041e+00 1.657032575138899899e+00 1.697771300247133075e+00 1.744754959185259802e+00 1.796156262350588451e+00 1.819090843354943976e+00 1.860104454117512685e+00 1.921150383645566340e+00 1.964085793165945670e+00 1.971009333167796251e+00 2.015860979767597261e+00 2.077820036791929947e+00 2.115436085421029677e+00 2.140227205547256872e+00 2.234378136540740023e+00 2.263857914833762752e+00 2.406058239177518043e+00 2.423005024334321078e+00 2.511722075163608903e+00 2.537037661391747800e+00 2.642568545835254135e+00 2.739729111702161379e+00 2.774632650015364188e+00 3.023064679632366580e+00 3.353111147519101110e+00 3.678269221425254809e+00
-8.771567649594710359e-01 -7.444334703796922081e-01 -6.627014146063324729e-01 2.002223114573667972e-01 2.330387272356482797e-01 3.007489436414488848e-01 3.494887359876634458e-01 3.547177350102979076e-01 4.570151816118236954e-01 5.537261528833771207e-01 5.835124978543054786e-01 6.024539837341055248e-01 7.057070135246987785e-01 7.061494521570889082e-01 7.690432340641849551e-01 8.305751625497657109e-01 8.668549798648859106e-01 8.734991271593003370e-01 9.388982812969496328e-01 9.601033137616586943e-01 1.048060804281746528e+00 1.075347348475782283e+00 1.108546946495086560e+00 1.176561644934185358e+00 1.256142052395672559e+00 1.298503652882185389e+00 1.338635599411021504e+00 1.347210018916922492e+00 1.401463000136073500e+00 1.410054065309040316e+00 1.431858187412243355e+00 1.435405902821813129e+00 1.507365540138861704e+00 1.527151177273810667e+00 1.570101739408023445e+00 1.651313912197044820e+00 1.677855186683991695e+00 1.747500956541812700e+00 1.747931661782292201e+00 1.834520962527734556e+00 1.838593540219927380e+00 1.912551530872275141e+00 1.927555895708921163e+00 1.954713855004792888e+00 1.974012049330626795e+00 2.033684993366414062e+00 2.109184062535339521e+00 2.171904187608979520e+00 2.285066639412862255e+00 2.290443677779459009e+00 2.334214452319645527e+00 2.416806746568652908e+00 2.522687442395098678e+00 2.539967421219891719e+00 2.657116739882839695e+00 2.767411437569490928e+00 2.824614538790625407e+00 3.041647876551111906e+00 3.350040143545426119e+00 3.692371171923071849e+00
1.267234600758711527e-01 2.050322528733827809e-01 2.151793196850537160e-01 3.105396391196794115e-01 3.287390053331458173e-01 4.235962115616142554e-01 4.404994010245391611e-01 4.861848276101599087e-01 5.414341758510952118e-01 6.028533663416726363e-01 6.388476307116216502e-01 6.698773837739692150e-01 7.051503623786549158e-01 7.384617375593242050e-01 7.950740699313672000e-01 8.202019036242773620e-01 8.250713693612118371e-01 8.728284154328158628e-01 9.009733126521409785e-01 9.371568410616719635e-01 1.017879246224444589e+00 1.071461873100015838e+00 1.097060557901039068e+00 1.165514573764438566e+00 1.238526630122738892e+00 1.275243363990968604e+00 1.293291119000511857e+00 1.310002817509297257e+00 1.319849140577164626e+00 1.321184439526232879e+00 1.372731829284075111e+00 1.389348408203176621e+00 1.428418038351100927e+00 1.441225357894920345e+00 1.484434895448170533e+00 1.649465732706824062e+00 1.672488420823865729e+00 1.689480430871838523e+00 1.739262703852281211e+00 1.762712639277325133e+00 1.826326090478153308e+00 1.859289422726013497e+00 1.905746740530095851e+00 1.919130496261641783e+00 1.970902633393357473e+00 1.972582571192917467e+00 2.137732022734077475e+00 2.149972928835165664e+00 2.190915626795835625e+00 2.334665020991813833e+00 2.375962590891414816e+00 2.424585973990441623e+00 2.522145848112634869e+00 2.553887543937147342e+00 2.678412913339925705e+00 2.801265161796635095e+00 2.865526142218743022e+00 3.057219695303873497e+00 3.351287324350410213e+00 3.702769585855061774e+00
-8.826120144948278456e-01 -7.504467169884286859e-01 -6.617757428973404243e-01 1.469929641989516644e-01 1.790806238314699705e-01 3.244446733390454196e-01 3.420196203897509779e-01 4.468671222457004100e-01 4.815115962571325237e-01 5.333394452144724074e-01 5.475797162572777488e-01 6.156902685870853098e-01 7.237519344462511883e-01 7.265786291264368923e-01 7.677014233521088915e-01 8.347359541172203468e-01 8.685825670876725635e-01 8.744367791740400575e-01 8.986306314941112650e-01 9.582905679160084178e-01 1.031620832327693194e+00 1.066279002655690089e+00 1.133016494270018493e+00 1.184922569988378971e+00 1.255266177462292410e+00 1.303960194126173811e+00 1.327613064316450986e+00 1.352325928517926767e+00 1.386975941676471979e+00 1.404256160946334209e+00 1.409351253128235504e+00 1.450803265617290005e+00 1.517118604991842590e+00 1.523075025296004581e+00 1.581671493557933017e+00 1.661550070827293224e+00 1.686604026200845263e+00 1.737061417144794007e+00 1.737391093048054502e+00 1.849087833975432860e+00 1.872128340575142325e+00 1.891347982151733387e+00 1.926879767916161335e+00 1.950877117877774625e+00 1.985003865998286265e+00 2.027617118751158465e+00 2.126731644151914402e+00 2.180208680063016047e+00 2.278286687900726637e+00 2.283442541090244138e+00 2.353583928067600528e+00 2.406671613492164852e+00 2.503357353551004749e+00 2.536303091872498250e+00 2.660175158884883651e+00 2.776232172568140477e+00 2.816476352317833776e+00 3.047146827220498899e+00 3.341322571549233178e+00 3.699012783174301600e+00
-1.194974416201116663e+00 -1.063425795256876638e+00 -9.280221424005258291e-01 -5.338494531483088945e-01 1.161124794765976270e-01 2.472987178384620233e-01 3.723028815280041148e-01 4.871479001621289995e-01 5.388811379836380144e-01 5.502202551466807146e-01 5.598392844459267881e-01 5.691416170614226333e-01 6.693333688577982610e-01 7.683503361497904249e-01 8.231992831001357924e-01 8.537176638035256504e-01 8.549404254031626182e-01 9.073854114261726833e-01 9.519048370128465608e-01 1.012938404634077250e+00 1.059153027811309489e+00 1.088042553455142558e+00 1.167768068820562943e+00 1.202169607126394313e+00 1.284126711223914086e+00 1.308295402256683504e+00 1.332769492591860505e+00 1.371218004471766116e+00 1.405625065285707409e+00 1.437645030856959272e+00 1.455861215168798850e+00 1.461540678071380217e+00 1.605520710164180187e+00 1.606177903687010300e+00 1.663279345799494546e+00 1.671761395724619348e+00 1.703646886297551566e+00 1.741082060325210623e+00 1.775180604857221400e+00 1.866486408791437235e+00 1.870198803589859349e+00 1.887641370703305954e+00 1.970552059233998232e+00 1.999355929678634514e+00 2.021542240699818471e+00 2.086959385976091763e+00 2.102587242128751033e+00 2.158527945092593825e+00 2.225894729451386667e+00 2.296498656992735921e+00 2.392676184498321312e+00 2.414733503523181390e+00 2.479186961396408595e+00 2.525626017412296864e+00 2.659149483320988772e+00 2.744212897905963011e+00 2.762464966519690979e+00 3.037509347185290309e+00 3.333587946512002187e+00 3.694218922126339510e+00
-1.255913836857694310e+00 -1.018553132950101192e+00 -9.012111220983903825e-01 -5.084446923851707600e-01 2.431523551582452092e-01 2.432444695726926065e-01 3.578843841533797532e-01 3.913643931191951308e-01 4.620125662388499532e-01 5.556532609626902985e-01 6.251514151169217381e-01 6.375832732607187303e-01 6.727484274355485239e-01 7.214039535972438522e-01 7.998103651104124800e-01 8.518398012619569082e-01 8.876601363241487519e-01 8.989188138557749896e-01 9.765187328575722914e-01 1.044404767213463980e+00 1.058144278366416335e+00 1.070309976688547104e+00 1.122372143435198977e+00 1.192685561703643371e+00 1.298130949843912640e+00 1.315970305600903334e+00 1.339464070342329061e+00 1.376217407839698703e+00 1.400078986563390693e+00 1.405741935910117535e+00 1.458779808412337342e+00 1.543215690793856565e+00 1.596420159555722140e+00 1.608115315065075546e+00 1.665060406205086441e+00 1.680149696788009184e+00 1.700845136733322382e+00 1.737983974450543645e+00 1.777214411081772472e+00 1.815789782601286984e+00 1.861107847714847940e+00 1.887896186487783678e+00 1.978310376741041043e+00 1.980630209867495495e+00 2.014585171925494578e+00 2.073906464752226508e+00 2.114433589112783451e+00 2.151655144703906952e+00 2.206589768848370436e+00 2.310228501901720133e+00 2.405123762156778700e+00 2.410940411317896270e+00 2.463251494708448952e+00 2.538552347332473147e+00 2.697785810651802230e+00 2.723447336137601926e+00 2.778065094976932770e+00 3.035012152087969817e+00 3.323708861587050034e+00 3.702104190915331827e+00
-1.017372126734066518e+00 -8.115234877799711866e-01 -7.070950876271309138e-01 -1.554772497511912321e-01 2.488321383023084921e-01 3.200363780996851037e-01 3.394276965887140229e-01 3.627016635183874516e-01 4.339123438712841896e-01 6.066809478182257909e-01 6.083053095382711106e-01 6.184510465007176938e-01 6.746487623155863478e-01 7.133935564315332378e-01 7.522705597634031793e-01 8.424267592964742590e-01 8.666962087787116742e-01 8.870435997560388586e-01 9.509020207557155047e-01 1.006850897483319018e+00 1.050655800248274652e+00 1.053217661594682886e+00 1.084935507533472343e+00 1.169288439126437318e+00 1.288431587987407756e+00 1.306052996925234133e+00 1.336876649787450022e+00 1.342254253068384084e+00 1.379116005155772928e+00 1.397802856874806210e+00 1.451202941899553123e+00 1.512302774007823647e+00 1.541178536948621280e+00 1.543434850098384103e+00 1.616626034287613534e+00 1.651693977345446429e+00 1.681018772427006258e+00 1.738814418156205965e+00 1.747409308843378639e+00 1.822581843749393027e+00 1.845276387822852859e+00 1.896626306663908856e+00 1.947196336086669755e+00 1.964987579910153714e+00 1.975857769438216227e+00 2.047503692442699919e+00 2.091882110646030135e+00 2.151048228257372408e+00 2.269519499675591856e+00 2.307683146377879524e+00 2.348403306740517671e+00 2.414196248246732068e+00 2.490538637108382858e+00 2.555660875697172152e+00 2.689069188033521129e+00 2.758402130394776552e+00 2.812490960493313708e+00 3.043578312642743811e+00 3.329693919212194597e+00 3.705753827099738107e+00
-6.542883045441674761e-02 1.950083634947346323e-01 2.206126162948099934e-01 2.681141642149987292e-01 3.335349706938027237e-01 3.541057749712983038e-01 4.010157662276202517e-01 4.742202180010417489e-01 5.221037933350126670e-01 5.543714088708556753e-01 6.170802553522017897e-01 6.179184094766054791e-01 6.951932886467419026e-01 7.283840545167371561e-01 7.751625339127321546e-01 8.034352476928796616e-01 8.292173933645085038e-01 8.740496771156157640e-01 9.239936731664081249e-01 9.696032952141233618e-01 1.022090788954299612e+00 1.067478807006280839e+00 1.075693606858334039e+00 1.137939089334184306e+00 1.270202041272679994e+00 1.288952742859986067e+00 1.290219595684102938e+00 1.317036688196649097e+00 1.339032118079983347e+00 1.355276237404973383e+00 1.358564844229871671e+00 1.435798310848214632e+00 1.446840901478831265e+00 1.456047377220126560e+00 1.512166168986993409e+00 1.646838301187978582e+00 1.672068360180573920e+00 1.693956659751549410e+00 1.741921499302550691e+00 1.785483923485810420e+00 1.822895506147236278e+00 1.832133978903718985e+00 1.899857235902580932e+00 1.919915215247362639e+00 1.968314829928885956e+00 1.975451674550920744e+00 2.101902156751816353e+00 2.152527041644234806e+00 2.162420384890145542e+00 2.334246719233816769e+00 2.384061699128444012e+00 2.425691858536932699e+00 2.525137128255749097e+00 2.582598198477326079e+00 2.698710193235676957e+00 2.792351023108220254e+00 2.856087862402770572e+00 3.055020224481343583e+00 3.340907882021408426e+00 3.709525185881215936e+00
-4.621567373657819444e-01 -3.859144235425379099e-01 -3.166750526376567731e-01 1.777156782621655551e-01 2.550163045314994270e-01 3.757268870353442369e-01 4.000427952652104158e-01 4.081406584912716240e-01 5.317198717646617334e-01 5.548319960237994009e-01 5.667875451324274616e-01 6.270664353985425654e-01 6.753064732122867619e-01 7.069654444860307141e-01 7.519761858606941463e-01 7.892102907508951048e-01 8.540287921599293286e-01 8.787239549055231302e-01 8.870497931603914532e-01 9.697234113024457702e-01 1.034299741953938367e+00 1.075140163561320028e+00 1.091363218346097064e+00 1.148371958335628218e+00 1.272216176319700631e+00 1.285595177612654183e+00 1.327012957516062741e+00 1.329568385544849907e+00 1.357430889736863877e+00 1.391324223240105296e+00 1.420472622913248495e+00 1.433985156247259862e+00 1.456540670918501146e+00 1.473746759476250778e+00 1.519287182674391889e+00 1.651723376901270912e+00 1.681765213456384744e+00 1.712106321546955856e+00 1.742101888432090018e+00 1.806523314007988379e+00 1.821276536156467118e+00 1.879539923737777452e+00 1.898330739850010662e+00 1.922107217739231100e+00 1.965539611573364542e+00 1.990395570839194717e+00 2.090833818465014815e+00 2.151738813374147963e+00 2.198232172743359580e+00 2.319953117377631102e+00 2.380034245102966572e+00 2.426634083096564254e+00 2.524037526995174918e+00 2.577767623233884198e+00 2.690202920455905478e+00 2.780056295687030943e+00 2.843910556750692820e+00 3.047702312993128881e+00 3.346624989615251788e+00 3.702352973062259522e+00
-1.112630844631602667e+00 -9.317437742691390135e-01 -8.460092062657144085e-01 -4.051307725108044266e-01 2.165374492314668109e-01 2.858319438827853776e-01 3.343891892507656616e-01 4.008475777344673308e-01 4.405048684858670627e-01 5.655040716101654708e-01 5.977684238338378808e-01 6.346486992045902165e-01 6.790455451845547330e-01 7.017159799014882626e-01 7.642223262690402974e-01 8.403800075750648135e-01 8.542301860384953205e-01 9.193342230493402045e-01 9.662785286541206720e-01 1.033040232122575786e+00 1.063625370162303740e+00 1.087821779351350493e+00 1.116040240499693192e+00 1.187321757929109545e+00 1.287496755288120465e+00 1.302926476875588158e+00 1.344888452847868399e+00 1.349827595009292835e+00 1.395362334367550305e+00 1.415220320647111896e+00 1.440025356882927987e+00 1.499671152361913729e+00 1.572944846543584463e+00 1.575102813781532385e+00 1.626679344498679569e+00 1.654980248378356000e+00 1.705675694970985479e+00 1.742601618273501130e+00 1.780534374356932847e+00 1.812537292711323911e+00 1.849216926082051682e+00 1.902745200999775843e+00 1.952602785995717793e+00 1.965386901728316982e+00 1.994477230824295955e+00 2.074569737435068895e+00 2.087638609883230245e+00 2.143205505052166338e+00 2.255251143669640967e+00 2.309891596995460539e+00 2.370024108509373395e+00 2.414188668459138487e+00 2.507024400729147562e+00 2.550654960297149998e+00 2.662729735328811742e+00 2.744694823051033961e+00 2.792795694573964926e+00 3.028090148273804960e+00 3.348809618516255693e+00 3.686936825316888378e+00
-1.200682139213040012e+00 -9.968629935593965596e-01 -9.051609140007125243e-01 -5.000128448800376102e-01 2.181495615247834030e-01 2.546127497790105498e-01 3.425403589378979152e-01 3.959268739339825705e-01 4.459950622727424929e-01 5.591226969739454544e-01 5.959274382460311159e-01 6.344128509190040122e-01 6.663693256756287875e-01 7.084432569059869733e-01 7.926961026853643899e-01 8.492431261757744654e-01 8.504485601814034679e-01 9.319223456231802150e-01 9.896169646472650072e-01 1.056398973070332259e+00 1.056462023142034523e+00 1.105220193503219539e+00 1.125481228751489926e+00 1.191351566831007069e+00 1.277954938692399622e+00 1.324174613662518984e+00 1.345535262882118221e+00 1.356313188984483054e+00 1.397773800812791123e+00 1.414980551638742146e+00 1.449335416478251481e+00 1.506250225465056491e+00 1.570747366017731572e+00 1.594381844077203292e+00 1.643380150002902162e+00 1.655482450804655059e+00 1.713527124558866355e+00 1.739238450390337309e+00 1.793127848202751951e+00 1.808482931148982287e+00 1.856974097869317220e+00 1.926939260191653736e+00 1.959977343602409716e+00 1.962579928571105414e+00 2.009224725345420737e+00 2.088483376287264548e+00 2.108844044613139790e+00 2.133204270185858675e+00 2.226568803285846165e+00 2.276727674403055790e+00 2.408061246184327597e+00 2.412056906826444358e+00 2.507825187887783525e+00 2.548311685754566902e+00 2.642033912728797507e+00 2.743025345010883242e+00 2.786579211197292238e+00 3.019747355720555415e+00 3.358199853390115841e+00 3.676645762415799101e+00
-7.902588808547672539e-01 -6.252147793462046188e-01 -5.804789873361950736e-01 1.689174538574293727e-01 2.493580539282810316e-01 3.238270211271249144e-01 3.824280763443840270e-01 3.887683254677716804e-01 4.039227620120118267e-01 5.539375380596880394e-01 6.172087671330717118e-01 6.250781863160329577e-01 6.558726596662806108e-01 7.220786752625181215e-01 7.592420546983665863e-01 7.960880490192612235e-01 8.747597872554949694e-01 8.952172662319926033e-01 9.109934231522714976e-01 9.838034261588035623e-01 1.055524343452728830e+00 1.061403869403927391e+00 1.095457796612420820e+00 1.171184875854151430e+00 1.253693044981579741e+00 1.313022022359882524e+00 1.330664085317427858e+00 1.332533274870797646e+00 1.360420153956158895e+00 1.409669305208719692e+00 1.444089764208769111e+00 1.450978079059034531e+00 1.481495363121376752e+00 1.491951760546411654e+00 1.543160402728163794e+00 1.650484714059125002e+00 1.693419468510275472e+00 1.734287045523790427e+00 1.737714851093488777e+00 1.816396859435011724e+00 1.831852617515328907e+00 1.908886932740554654e+00 1.919919535911695618e+00 1.942781114134106257e+00 1.954398211327387669e+00 2.015387225301466856e+00 2.111214758063049590e+00 2.160401992727309040e+00 2.255031064807108354e+00 2.285116066870570339e+00 2.328815687020158620e+00 2.429682392468047514e+00 2.519142572129005053e+00 2.580076052380215312e+00 2.645960070189142144e+00 2.779376195903803026e+00 2.844911550238257814e+00 3.028539174773360987e+00 3.374905640570969645e+00 3.676639878462910183e+00
-2.567847857931126261e-04 -3.537099195361000757e-08 -6.607224216210415168e-09 3.379046726673456957e-01 3.524222625675785814e-01 3.844348001605094600e-01 5.063855097215176349e-01 5.229936521145815975e-01 5.359584987507459708e-01 5.792757053794211908e-01 6.079459501876076644e-01 6.993845400567773041e-01 7.053965304826390614e-01 7.443189122969303684e-01 7.553772103673718208e-01 7.961473148453079851e-01 8.292394324368699277e-01 8.750415385424789028e-01 9.334461045704275373e-01 9.706218118080190971e-01 1.019150275323719157e+00 1.070398505389942079e+00 1.094034957094367266e+00 1.163836294884808886e+00 1.237659950102340423e+00 1.260738044360970367e+00 1.304751001357617124e+00 1.309583163021908137e+00 1.321987765642217205e+00 1.326390271857567305e+00 1.331355400902870079e+00 1.430258873727332514e+00 1.430475542354033180e+00 1.452231622831306357e+00 1.471175378775465337e+00 1.644254388573407777e+00 1.684958115204759244e+00 1.689067745291407574e+00 1.733135167465201132e+00 1.766309979648057693e+00 1.817739679259196439e+00 1.820863957698742430e+00 1.917677624582125873e+00 1.919441589198592535e+00 1.950658040028312223e+00 1.970948121919196883e+00 2.110083054574039885e+00 2.150298855881330073e+00 2.179032712978558717e+00 2.307955369252674860e+00 2.366453820146760645e+00 2.440157834406680770e+00 2.518086456586674959e+00 2.602755990346462323e+00 2.660959260095971946e+00 2.803695171572031963e+00 2.878535279507500988e+00 3.036559255245109057e+00 3.383882662166480593e+00 3.678827990801763370e+00
-6.221051622473063036e-02 4.375192313110265463e-02 9.771713334472507950e-02 3.331969307072843445e-01 3.574371091440058934e-01 3.892134160772389717e-01 4.990275100500792260e-01 5.207958742469748215e-01 5.358612760961651844e-01 5.671389000524380553e-01 6.084304810576841582e-01 6.880142893424052719e-01 7.042928843638768255e-01 7.360494494230109819e-01 7.629807672984439959e-01 7.906026914833952368e-01 8.301844582167526854e-01 8.767063319482426564e-01 9.322198952181962595e-01 9.701218657339305551e-01 1.020973471649720743e+00 1.072463623564254176e+00 1.093101109434480911e+00 1.160589629465972550e+00 1.237435673324556840e+00 1.271678442410210996e+00 1.298453017765132556e+00 1.314585756200152611e+00 1.329634023108808183e+00 1.335986144623892091e+00 1.348742427909450869e+00 1.418319778989206803e+00 1.439376734123934520e+00 1.459441625562058586e+00 1.474622365084525821e+00 1.644458357234934942e+00 1.679587734315290293e+00 1.695485059418354590e+00 1.731778185853726226e+00 1.773604687653858036e+00 1.812738946514129035e+00 1.830988142299078136e+00 1.913852950354881122e+00 1.921107595811865076e+00 1.948696621589507183e+00 1.973875333199852866e+00 2.108283807444485625e+00 2.153121248835109469e+00 2.176994159685641250e+00 2.306388631711924653e+00 2.364701255469390251e+00 2.438958098132152141e+00 2.516420447287153195e+00 2.600868864910043765e+00 2.658561258609839051e+00 2.799845275398643363e+00 2.873543144882354294e+00 3.035146491946577818e+00 3.381819869919436616e+00 3.677030030049678100e+00
-4.781594969008447216e-02 7.877294872626093569e-02 1.575082428113025734e-01 3.273987531927831096e-01 3.641698540063994516e-01 4.015699185010761507e-01 4.639575273534035649e-01 5.100376138966941086e-01 5.382496610851599250e-01 5.564429434425226528e-01 6.076399134973397009e-01 6.591275329829544560e-01 6.998464970389766115e-01 7.312777134250991740e-01 7.667930922478514155e-01 7.871469735040143023e-01 8.318316778840502135e-01 8.814038966357780058e-01 9.302790509085973047e-01 9.708796966601306311e-01 1.026005228386605905e+00 1.075026207646508913e+00 1.091097211286871538e+00 1.156395985408747773e+00 1.237560534480126373e+00 1.269011828748637383e+00 1.303451918352008798e+00 1.328661182154335041e+00 1.349087356588528186e+00 1.365242933041068918e+00 1.383401026233941566e+00 1.412982662098310804e+00 1.449465806492297615e+00 1.472067961262255142e+00 1.486609078009810014e+00 1.644768071427630263e+00 1.674128073345847234e+00 1.701420597139557289e+00 1.732074550521389700e+00 1.793273401734429839e+00 1.810564549969493564e+00 1.847452069364541760e+00 1.906798828532434653e+00 1.922598133376586027e+00 1.945519016359641640e+00 1.980508823091760240e+00 2.104230255841780473e+00 2.158673064528428664e+00 2.173057721865501613e+00 2.302077626803169519e+00 2.359693461717931040e+00 2.435381249026929318e+00 2.511237648498183095e+00 2.595354612180342802e+00 2.651482794762838768e+00 2.788392626352535153e+00 2.858710221893452363e+00 3.031009530395879281e+00 3.375753052845192226e+00 3.671706613601589897e+00
6.665072347379587259e-02 1.034648955939512366e-01 2.075991596835801145e-01 3.213143551531700282e-01 3.704001526830618118e-01 3.982947403455428526e-01 4.251997043617954941e-01 5.055666924697209685e-01 5.429973170737176780e-01 5.594891386503326736e-01 5.976470116625851592e-01 6.369311148861662719e-01 6.960521041027942779e-01 7.335015181571542531e-01 7.589238190082989721e-01 8.000801254372396087e-01 8.324898663276334432e-01 8.887979217630089801e-01 9.309846750799566362e-01 9.745648007696092741e-01 1.033874406611987151e+00 1.072630748144178359e+00 1.090317009039617702e+00 1.156391924774850422e+00 1.238440780435144273e+00 1.264168188907534240e+00 1.302616503131403647e+00 1.328117432155304201e+00 1.374044789048390003e+00 1.393603257965531084e+00 1.412216497480422106e+00 1.441865944921230325e+00 1.467293270467751043e+00 1.491741524487091075e+00 1.505581063931240360e+00 1.644419797262361760e+00 1.670504597772590971e+00 1.700819439041449721e+00 1.741300340381520817e+00 1.807715304795950217e+00 1.820208491507693704e+00 1.868126393048703537e+00 1.898033742487820197e+00 1.925396185540282579e+00 1.945447413768654599e+00 1.989022917349654307e+00 2.100099854479817285e+00 2.154621923318034149e+00 2.179476867241246563e+00 2.296257390520076935e+00 2.352092315658198096e+00 2.429566973499559968e+00 2.502066517686321045e+00 2.586661004078556481e+00 2.640076593991921072e+00 2.769639806985040753e+00 2.834478842891962724e+00 3.024439383546079885e+00 3.366031630871864522e+00 3.663067261054759882e+00
1.111465222093495631e-01 1.363668347242907586e-01 2.305496199611623553e-01 3.110568271964442855e-01 3.707800937350735904e-01 3.934615062835574162e-01 4.383608341386060481e-01 5.081332057072154296e-01 5.456468107695877645e-01 5.648219272228305332e-01 5.877415473516781619e-01 6.366496381930426551e-01 6.976398606362479438e-01 7.356895566635421879e-01 7.584532431578877576e-01 8.162709592122312507e-01 8.329426066788734317e-01 8.979624861683556114e-01 9.363955813594151412e-01 9.806621543348555958e-01 1.044273864947179220e+00 1.066569193284745420e+00 1.090684236993763045e+00 1.159814178804638551e+00 1.239935343442006177e+00 1.262286098346525831e+00 1.298921962819834075e+00 1.328921108000334694e+00 1.371112657292918868e+00 1.412906180432544678e+00 1.440129317741264403e+00 1.471073814281132153e+00 1.494397478038752114e+00 1.521744177569257950e+00 1.539162232266127139e+00 1.642532639465952071e+00 1.670014029313429571e+00 1.698419713041790402e+00 1.755698934813218592e+00 1.808210689647713032e+00 1.836749785551328173e+00 1.882237112127183476e+00 1.894374027701758445e+00 1.932143420758935859e+00 1.953640888471090964e+00 1.999833232304940589e+00 2.097980922157433703e+00 2.143780642222000044e+00 2.195716777926621788e+00 2.291280635033292157e+00 2.342990889132495980e+00 2.421890161616763404e+00 2.488389956726722030e+00 2.575557483410875204e+00 2.624936179768710520e+00 2.744128625036731162e+00 2.801627208035876393e+00 3.015885038572937660e+00 3.353188757079397675e+00 3.651454477144465027e+00
1.401777157846052779e-01 1.810793147679815862e-01 2.361934493354221620e-01 3.343151568433539444e-01 3.796474704080631812e-01 4.231636530914146821e-01 4.543326260875897304e-01 5.180563298017024643e-01 5.506553606265469636e-01 5.696633518214311298e-01 5.957687626864647257e-01 6.464075750406873544e-01 7.052209575988891421e-01 7.367866920539012376e-01 7.695039128582271681e-01 8.229590865673142019e-01 8.437851530225640717e-01 9.078020467840660634e-01 9.458365580168998088e-01 9.891390083690463353e-01 1.053176579751710307e+00 1.064097901911218447e+00 1.091889111300030857e+00 1.163873930290141301e+00 1.240315891021389394e+00 1.261371143066770895e+00 1.294989309130968325e+00 1.331128367694485171e+00 1.370860577667265989e+00 1.422596496914338093e+00 1.450212677008380302e+00 1.502868089734837875e+00 1.515586839927239637e+00 1.543785957905814188e+00 1.584383782886404690e+00 1.639542816910835699e+00 1.673989660322597883e+00 1.700251203151155188e+00 1.768261684897822761e+00 1.806290565943142301e+00 1.843887230628285190e+00 1.875023530993355392e+00 1.902896075941386433e+00 1.942898737445733603e+00 1.967144077738907093e+00 2.012773837211701888e+00 2.101575924920504157e+00 2.135078753993651990e+00 2.215892290125063280e+00 2.290906473396602916e+00 2.335105693880958011e+00 2.412978973336283861e+00 2.470038339026683349e+00 2.563189775353536870e+00 2.606859841206738970e+00 2.712698741695962479e+00 2.761345035858520092e+00 3.005916894134179618e+00 3.337874050210708265e+00 3.637332257067828145e+00
1.891279852905662084e-01 2.312319044685075820e-01 2.726256444520592237e-01 3.768504892542792750e-01 3.956844480986280721e-01 4.598801367980068777e-01 4.771019257005897352e-01 5.396973869431272997e-01 5.628189733256240279e-01 5.814800263230734956e-01 6.078765593581603177e-01 6.644863079147498297e-01 7.153508478180830021e-01 7.432497604117013212e-01 7.868641422343979341e-01 8.220118908020898063e-01 8.636829000550328983e-01 9.176124915114571845e-01 9.571354727346209623e-01 1.001447256141309916e+00 1.051032013102207063e+00 1.074303191332174556e+00 1.096263347730142668e+00 1.166394903054728038e+00 1.238024622753908233e+00 1.259834515979856517e+00 1.293616670155080417e+00 1.334208632792727167e+00 1.375456001238324344e+00 1.428166118916034399e+00 1.456968056619624807e+00 1.525748011128584158e+00 1.533628918229025917e+00 1.559942627126595260e+00 1.611653214439372039e+00 1.640920046292523082e+00 1.682907597048281856e+00 1.707531564785836231e+00 1.775165878550959642e+00 1.800845502173335833e+00 1.845206823944577801e+00 1.864737689665287856e+00 1.908558213779038226e+00 1.952409769297990483e+00 1.975143892944220880e+00 2.020769660997004724e+00 2.111333009575134589e+00 2.136099832663956199e+00 2.233986213047511438e+00 2.294366099966638206e+00 2.339131687211853272e+00 2.403614019188127671e+00 2.447943776164105856e+00 2.551151915935550463e+00 2.586771935995824112e+00 2.676595963442520709e+00 2.715400312147559614e+00 2.995194057012577016e+00 3.320774174469740991e+00 3.621267354649146508e+00
2.372808120659220810e-01 3.041958750586762905e-01 3.246640904197412580e-01 4.090977145852195407e-01 4.309100687003418195e-01 4.873633001476955218e-01 5.168296181341269779e-01 5.654681258198759330e-01 5.839027041616502434e-01 6.020958315559203911e-01 6.260914485159658760e-01 6.896565554594692449e-01 7.265633210130267861e-01 7.586379258046641594e-01 8.034783053579909184e-01 8.256698379985389913e-01 8.837718454223887354e-01 9.275352743279995371e-01 9.682964626663418395e-01 1.019431417583604338e+00 1.048705109139864478e+00 1.082211286798382410e+00 1.108088323032000666e+00 1.166490351771316991e+00 1.233629091370471942e+00 1.259103159699777930e+00 1.293951657100671282e+00 1.337500158416023321e+00 1.383147813018135830e+00 1.431964042884151134e+00 1.465364166533681844e+00 1.539861829960978756e+00 1.546409073210016860e+00 1.571976594560033469e+00 1.613844375607765835e+00 1.650464281862394245e+00 1.695619885186341325e+00 1.715735213497143530e+00 1.774548632742647181e+00 1.794484783576267173e+00 1.842877705999163229e+00 1.853948913918018526e+00 1.908749911594021409e+00 1.953874576667386620e+00 1.979084360990804425e+00 2.023450072284393109e+00 2.115270252286644226e+00 2.151766045399515992e+00 2.247314421922308014e+00 2.290432247320524528e+00 2.364496753203331192e+00 2.394547114545758859e+00 2.428327927329417157e+00 2.540990627075358166e+00 2.565954501154498413e+00 2.637754435285130317e+00 2.666570068205478261e+00 2.984435959675943106e+00 3.302536602538153954e+00 3.603901350112356905e+00
2.790829512085973851e-01 3.577075934335625651e-01 3.986729636839829172e-01 4.317577072642692082e-01 4.728047550841272262e-01 5.082572204333769550e-01 5.548077281001010386e-01 5.864679974691455744e-01 6.189524268772742532e-01 6.393011572607455451e-01 6.543004166051019643e-01 7.160533090908016707e-01 7.448958992738229368e-01 7.811442701678479317e-01 8.133919723160462079e-01 8.418095818816027087e-01 9.021756287364491866e-01 9.388625476880391174e-01 9.793195626280327692e-01 1.038967604418102209e+00 1.053628964362436804e+00 1.086073769271771239e+00 1.123406384756335141e+00 1.166449072121021224e+00 1.229029501694904658e+00 1.260253414931139515e+00 1.295172883046029622e+00 1.339938201281985153e+00 1.391121305677585296e+00 1.435375480406574145e+00 1.476567453246302453e+00 1.549136324715297830e+00 1.550687712503186155e+00 1.583799496460985834e+00 1.606669836923279027e+00 1.659307783433649375e+00 1.704567838434579929e+00 1.719038578299521225e+00 1.765936132668409986e+00 1.791266812031983235e+00 1.831863352920557464e+00 1.848111605844648508e+00 1.902490515419050121e+00 1.946299840944647475e+00 1.980463334585939261e+00 2.026448222207003713e+00 2.114430940768313505e+00 2.169171136584417514e+00 2.255168572956484763e+00 2.288218184399062327e+00 2.367308682350868221e+00 2.385399278689944502e+00 2.442215467784243366e+00 2.529141235031487245e+00 2.549329842242001209e+00 2.599766421647233816e+00 2.620224142953657243e+00 2.974391890172146447e+00 3.283711855221778553e+00 3.585912116481380529e+00
3.151666425121331661e-01 3.959584772021637611e-01 4.454076063805962882e-01 4.685714556663106434e-01 5.119987489605835052e-01 5.238458013799063284e-01 5.793720297113013062e-01 6.118240406858439506e-01 6.510376185064772336e-01 6.841482484759590088e-01 7.049424308919358673e-01 7.380967168209882079e-01 7.684940359694666379e-01 8.010163816144525439e-01 8.365386622192425570e-01 8.621872684790838903e-01 9.214516901238294366e-01 9.533952932437718131e-01 9.921412379571390439e-01 1.047116261400343973e+00 1.074312928898468744e+00 1.091555418382976539e+00 1.131984519905902875e+00 1.174703051997899594e+00 1.224941363665640992e+00 1.262043441562650470e+00 1.299099811164527996e+00 1.341209345106932904e+00 1.397645866180044605e+00 1.438772482060835634e+00 1.489753746221270658e+00 1.549874565013145133e+00 1.555114887112018396e+00 1.591925276208338680e+00 1.598498303428155021e+00 1.667490996651303847e+00 1.704923793969343793e+00 1.712261486295668211e+00 1.755126193864270157e+00 1.785636585246115571e+00 1.820179639566290586e+00 1.843098037832449299e+00 1.894326291749101276e+00 1.932920738760335988e+00 1.976880265474715292e+00 2.030768237210162308e+00 2.110089281800337169e+00 2.182677327047902516e+00 2.249798037679484608e+00 2.297212253171637020e+00 2.342665604329789542e+00 2.377848393822617368e+00 2.474174187964346849e+00 2.506904057344135239e+00 2.539774487349822252e+00 2.568321467575749306e+00 2.593844411873309053e+00 2.965793097276014034e+00 3.264723477601004564e+00 3.567964966863944376e+00
3.456942042761259049e-01 4.237403160755963127e-01 4.591436174971428863e-01 5.098847870245106773e-01 5.247768590276270517e-01 5.600563302550924938e-01 6.015195632763518097e-01 6.412199620725693716e-01 6.725098188250659970e-01 7.357378476734137696e-01 7.437923204251966069e-01 7.670539721392317656e-01 7.917223787743468133e-01 8.162052727205202363e-01 8.673746255384577886e-01 8.840464760131917510e-01 9.471291986156782361e-01 9.759791838208595749e-01 1.008838466989287808e+00 1.055048900445427762e+00 1.084672353092291264e+00 1.108856919228763838e+00 1.133953622181155030e+00 1.194524807667096455e+00 1.221946678143636111e+00 1.262987013951621273e+00 1.306934037130712767e+00 1.342975056679893697e+00 1.403469750071547395e+00 1.441812791362326429e+00 1.501557718188831769e+00 1.548607858960540762e+00 1.556400940525073828e+00 1.582122751728851417e+00 1.605278460668392970e+00 1.672652137498508162e+00 1.685951153594694274e+00 1.708059464524758653e+00 1.743046938489675846e+00 1.775122711419547583e+00 1.817329788016375902e+00 1.835117675502418555e+00 1.885066454843794093e+00 1.917365667573803778e+00 1.968487868303532284e+00 2.035783780540975751e+00 2.102531779475345086e+00 2.191198761440756648e+00 2.238245880860331383e+00 2.291580103808656066e+00 2.330374132736976467e+00 2.373215896662172142e+00 2.462547118220165032e+00 2.492392451595409675e+00 2.519668330913663823e+00 2.562955920706841972e+00 2.606495467972998803e+00 2.959260802636212606e+00 3.245865668561729311e+00 3.550656988017953264e+00
3.704277601998400282e-01 4.436486709952479068e-01 4.647782154934516630e-01 5.271939182815614799e-01 5.413301675797471679e-01 5.948566674386992492e-01 6.264885128607673437e-01 6.639232835806145872e-01 7.003304224980371195e-01 7.539563551992694013e-01 7.677621561664905725e-01 8.035644668524314360e-01 8.239705817560569745e-01 8.370817953205946793e-01 8.865272729819027031e-01 9.057350769813099500e-01 9.656713130290337510e-01 1.014193772023273876e+00 1.035907774470566034e+00 1.063431133040554366e+00 1.089508679349815212e+00 1.122604159008350200e+00 1.143014083981223061e+00 1.207258870249406479e+00 1.230882729382925422e+00 1.264235858922286182e+00 1.317026021056892038e+00 1.348282690039127374e+00 1.410261200514143498e+00 1.444622217003590503e+00 1.505359815728969597e+00 1.546363159327927672e+00 1.557313256450711281e+00 1.571284558857785285e+00 1.613312444116310695e+00 1.645827246041352776e+00 1.683244906090977766e+00 1.703732646608500767e+00 1.731660220234588543e+00 1.766528819167381803e+00 1.816608523596237923e+00 1.824427689726651369e+00 1.870910702987173657e+00 1.905271475405535098e+00 1.957537434939572440e+00 2.040747316083059815e+00 2.093408644604953128e+00 2.193039881724781814e+00 2.225502652354766298e+00 2.264762245013069997e+00 2.332891331220007913e+00 2.374019596760384321e+00 2.431538198742334789e+00 2.474851647929670051e+00 2.494898687945007243e+00 2.585246435333669712e+00 2.636155052910758023e+00 2.955146013706097197e+00 3.227321456097692387e+00 3.534462853600273569e+00
3.889454259273846803e-01 4.501948218263001622e-01 4.731562910493884999e-01 5.339325023861940522e-01 5.624422513226473574e-01 6.195274960812644505e-01 6.525392444902829991e-01 6.800096005604758798e-01 7.325763458158810471e-01 7.542445016995634743e-01 7.915469367505243437e-01 8.227794879544754192e-01 8.373178449971840909e-01 8.737299186512730298e-01 9.010340580381596132e-01 9.339382746779673061e-01 9.743431854547176529e-01 1.032280734069768169e+00 1.067010507390893537e+00 1.087055465383551800e+00 1.094167746121428086e+00 1.137952037073263867e+00 1.155890201400283424e+00 1.204528646499264388e+00 1.245493366042706551e+00 1.270691146032057128e+00 1.330056125565676206e+00 1.357173647955981499e+00 1.418475506766263994e+00 1.447122964656856414e+00 1.497268383257692514e+00 1.537866929801336768e+00 1.561074708027653690e+00 1.570324283116531161e+00 1.608356112908394531e+00 1.621827110146226270e+00 1.682136470606308887e+00 1.698740726784612187e+00 1.723949284446039787e+00 1.760415044841734611e+00 1.806835551466605461e+00 1.817226384040816045e+00 1.853340679963723092e+00 1.897983678010387587e+00 1.946421773951755085e+00 2.045051727788351759e+00 2.084679036802869145e+00 2.188212861615998595e+00 2.212648530352456788e+00 2.239681210389576460e+00 2.329355352106952992e+00 2.376761347453959505e+00 2.409476135744482050e+00 2.459526778162959726e+00 2.476661458755017087e+00 2.610639818312863181e+00 2.666477174392813954e+00 2.953328690450833793e+00 3.209194160434708731e+00 3.519695608363099470e+00
4.011597056575879616e-01 4.448253418618403621e-01 4.848992651159234057e-01 5.434303478736010051e-01 5.809758080837051919e-01 6.372813831394925632e-01 6.733839737049157614e-01 6.916819215646300423e-01 7.475973577351161525e-01 7.701595382365505893e-01 8.147984981702983687e-01 8.265925912764067185e-01 8.485338068110196419e-01 8.991874949022561347e-01 9.102007158789565677e-01 9.630409137299542621e-01 9.838758955099714543e-01 1.036199827198101664e+00 1.071534791145342780e+00 1.100339484017772040e+00 1.126245105445446093e+00 1.153379037336887958e+00 1.169706852232511363e+00 1.203177510548837148e+00 1.248463512365678652e+00 1.282094044049330028e+00 1.340753944977141732e+00 1.366717918573584933e+00 1.426448906206966072e+00 1.448761496885120570e+00 1.480468056865461346e+00 1.530096210986490179e+00 1.553095476017809951e+00 1.582047486896790645e+00 1.588596169213639442e+00 1.629112640515870902e+00 1.672962728805799770e+00 1.692734438020919496e+00 1.719049956996110406e+00 1.754882691255037708e+00 1.791831287604205736e+00 1.809854744551916639e+00 1.839635485516443403e+00 1.892958663490235116e+00 1.936427461426735164e+00 2.048361744783936178e+00 2.077860796407061006e+00 2.179847608579819962e+00 2.200931696973061236e+00 2.222374017508495392e+00 2.321190809999952975e+00 2.374104637523994477e+00 2.400390227632532181e+00 2.449227033351817351e+00 2.469841319182928707e+00 2.633850641479085652e+00 2.691866811132172632e+00 2.953106782399785857e+00 3.191551756363606440e+00 3.506498426618670283e+00
4.066465790114880408e-01 4.374053412470090274e-01 4.915968417959560854e-01 5.573422636484632875e-01 5.980490167329013396e-01 6.502836308274151378e-01 6.854112905540272749e-01 6.987177494132146283e-01 7.510020893520281682e-01 7.957061359741103290e-01 8.205051812557881963e-01 8.439371985277130950e-01 8.588423389323746049e-01 9.083549825971656277e-01 9.259537645125818228e-01 9.731697158418878280e-01 9.976631105745326078e-01 1.031552832838623202e+00 1.078814441521331657e+00 1.112240074354510222e+00 1.145334614768496628e+00 1.158134550934207141e+00 1.178360715622939647e+00 1.206831621385561881e+00 1.247781299545586586e+00 1.301168789042480789e+00 1.335448820130721748e+00 1.373087273941121289e+00 1.424967163309767582e+00 1.449176650666731181e+00 1.468362665747325657e+00 1.523984509252867658e+00 1.544745304912277239e+00 1.577087467905400775e+00 1.604633007943697676e+00 1.637902113503307833e+00 1.660083683465618742e+00 1.682203819246223642e+00 1.713688214139114097e+00 1.747933545336552097e+00 1.781428788344997516e+00 1.798176283828726740e+00 1.834978168472291893e+00 1.888672547888421427e+00 1.927895272637745183e+00 2.050740580523652046e+00 2.073648054514777517e+00 2.171945438005645990e+00 2.193392020325922953e+00 2.213389037108602686e+00 2.311876332671333856e+00 2.369178150581105591e+00 2.397973642003794481e+00 2.442913359661634587e+00 2.474218881702711315e+00 2.653499785897342367e+00 2.711331068982143044e+00 2.953335347874046946e+00 3.174491894711697348e+00 3.494878689793042170e+00
4.041539089899470749e-01 4.321921094271565789e-01 4.938063944520689752e-01 5.731092794554273340e-01 6.139412435728084372e-01 6.593017724423628767e-01 6.815653189123325184e-01 7.105532619919172621e-01 7.584027451436077261e-01 8.003013492917304683e-01 8.333148711326547886e-01 8.626900558708739952e-01 8.704807581009873507e-01 9.115048924366663252e-01 9.406317435885326317e-01 9.800023925881610198e-01 1.000832680164307265e+00 1.028264737890487446e+00 1.080452135524843316e+00 1.127502002533698366e+00 1.150064772743358388e+00 1.158282574642221396e+00 1.180993622787463115e+00 1.206288273716114023e+00 1.245885938414506899e+00 1.314023424862857059e+00 1.331393146454564969e+00 1.370224173734159168e+00 1.407295506341310398e+00 1.443397080384984710e+00 1.476346476401363628e+00 1.515169131670797142e+00 1.546940855022677086e+00 1.577317121843561987e+00 1.617654760243228740e+00 1.637713395389302162e+00 1.652866056557062757e+00 1.672416367213838129e+00 1.706598361010980280e+00 1.737400011955551937e+00 1.778745292333276051e+00 1.789396019760370438e+00 1.836712934282131782e+00 1.884398021314056315e+00 1.920931777027204079e+00 2.052643922884774152e+00 2.071767266476318703e+00 2.164767249928914783e+00 2.194797187745391120e+00 2.211353968473956044e+00 2.303692794457479653e+00 2.363493752268785997e+00 2.398038477906767163e+00 2.444598051775060288e+00 2.482573672229307693e+00 2.669382890494655935e+00 2.725515132878684188e+00 2.952801711183792310e+00 3.158233398229782107e+00 3.484781343785480878e+00
3.951123275425855175e-01 4.290041673464338734e-01 4.944073031657982287e-01 5.871475556841947441e-01 6.276496358845100598e-01 6.624856330423770645e-01 6.738003754573601567e-01 7.243005878959513089e-01 7.664184625010231899e-01 7.961114651001740539e-01 8.470784512437959934e-01 8.720490846193793555e-01 8.856789505620378256e-01 9.128958730646663522e-01 9.520739345808347798e-01 9.858628651598880799e-01 1.001244357490668646e+00 1.028245219147863709e+00 1.076342847566843952e+00 1.132701516863062086e+00 1.147641149618285006e+00 1.160758642744242009e+00 1.181528560751586632e+00 1.203186442771161824e+00 1.242570172967181419e+00 1.294781195041634581e+00 1.351021169077216477e+00 1.359487549735389322e+00 1.385848071231545520e+00 1.448153208696680627e+00 1.477955369566338328e+00 1.505513443414860708e+00 1.554280445682706180e+00 1.579392121368026425e+00 1.622294603549161218e+00 1.628001197261107924e+00 1.650191285838276345e+00 1.669956940959846037e+00 1.700932414550202498e+00 1.727639003444215282e+00 1.771300658182676679e+00 1.795403646860819880e+00 1.840539714977564412e+00 1.879849066027878157e+00 1.915755738122309593e+00 2.054428619016774427e+00 2.071481983685590667e+00 2.157762505602776049e+00 2.206124611453788020e+00 2.214455594504854297e+00 2.297847693794495161e+00 2.356099697880757571e+00 2.399093942949229064e+00 2.454747217214505728e+00 2.491240785335258057e+00 2.681682721100847822e+00 2.735708819309392581e+00 2.950633959677513296e+00 3.143216085847675423e+00 3.476178549990973643e+00
3.833236646284510774e-01 4.255039296962026540e-01 4.949869362490791902e-01 5.977879758292646839e-01 6.359322689225368475e-01 6.536429352624556488e-01 6.779460012441820282e-01 7.384974829375430261e-01 7.695580935104414655e-01 7.964370561425793138e-01 8.533679496575826695e-01 8.737132556479738632e-01 8.978456360936123426e-01 9.156345076460256083e-01 9.622939216014712027e-01 9.872222908680202691e-01 1.006507177725159519e+00 1.027920642987103061e+00 1.072568860776191180e+00 1.125957589833304739e+00 1.141829097244126290e+00 1.167226678995788802e+00 1.178976815456147520e+00 1.203174327303499380e+00 1.235202993414305617e+00 1.279646508788618631e+00 1.335389357310182490e+00 1.353586260178309075e+00 1.389100527603309931e+00 1.450252614081888325e+00 1.476428220819551385e+00 1.496811307806433122e+00 1.558355406109280361e+00 1.581540745867220599e+00 1.614405277702214647e+00 1.632708419842894054e+00 1.647113046505695788e+00 1.666158272453960087e+00 1.697274350911394336e+00 1.722972520773758953e+00 1.764276002911935981e+00 1.805992395683138074e+00 1.844003089495947822e+00 1.875016367337525969e+00 1.912632844993354286e+00 2.055997505618279764e+00 2.072200652362651052e+00 2.152078001948690922e+00 2.215260275875734042e+00 2.228198860444186469e+00 2.295057121209074236e+00 2.347885664268643424e+00 2.399137854811345782e+00 2.469922364722908270e+00 2.499344804767648753e+00 2.690327093186083207e+00 2.743557407206766108e+00 2.946616611772431060e+00 3.130148185318954113e+00 3.469138603984143199e+00
3.716751920228009709e-01 4.215112885696600808e-01 4.957520770895594842e-01 6.050828214478275457e-01 6.347959876349233976e-01 6.464110878767089785e-01 6.884983295818770666e-01 7.484172127497591420e-01 7.711283220490589008e-01 8.009435398814571672e-01 8.543617661322351342e-01 8.671449287840617970e-01 9.062766713386367634e-01 9.237531899400659441e-01 9.670121245608128691e-01 9.891858679905239926e-01 1.011301608982698497e+00 1.024226367730084464e+00 1.075063548956654680e+00 1.117507204575242330e+00 1.134796719162577627e+00 1.169295547928734358e+00 1.180597830793268521e+00 1.203269160044740937e+00 1.224606970509561243e+00 1.271590843551010597e+00 1.310911636091025567e+00 1.346489386048931092e+00 1.398998032710710326e+00 1.448738341057580925e+00 1.474480707221116571e+00 1.491336526387680772e+00 1.559055113503134971e+00 1.582989480159802342e+00 1.614059519788233699e+00 1.629892473561500799e+00 1.650127559362587482e+00 1.661483212479848648e+00 1.693245480320433094e+00 1.722697763800098647e+00 1.759408818952340026e+00 1.815743250478398130e+00 1.846140201095144873e+00 1.870173978390178959e+00 1.911423945028679183e+00 2.057114915005080036e+00 2.073412043251537717e+00 2.148167145789312560e+00 2.219222933651864516e+00 2.247374499971648287e+00 2.295883604057425309e+00 2.340685437005380898e+00 2.396413503854896820e+00 2.485334751646640417e+00 2.506720011662273873e+00 2.695126374738160635e+00 2.750365385290884035e+00 2.941451849004619312e+00 3.119922203765795654e+00 3.463840416772403064e+00
3.628876820917302792e-01 4.182630309493491350e-01 4.963705379149097041e-01 6.096303580636959207e-01 6.288026112405480372e-01 6.441224191156816881e-01 6.997463696325008087e-01 7.473403151586469617e-01 7.793649547610792538e-01 8.049503863322706732e-01 8.517623477334687054e-01 8.590961457629259224e-01 9.123088498037400518e-01 9.347535758781235771e-01 9.629699880097877251e-01 9.912450124134926099e-01 1.012554962466219566e+00 1.022901582125008924e+00 1.080147922495930501e+00 1.110070196480951621e+00 1.131363593433033943e+00 1.168901412899411296e+00 1.185548769328710561e+00 1.200116260136462998e+00 1.217316301609680185e+00 1.267694957104820164e+00 1.291508136288866515e+00 1.341667789586202364e+00 1.403591818243354217e+00 1.447943861600142768e+00 1.471739718725619150e+00 1.488945973595147576e+00 1.558453811395397848e+00 1.588597737332374527e+00 1.611314299019008356e+00 1.626771082314861117e+00 1.649123557109148486e+00 1.663927687040981152e+00 1.689399891537359810e+00 1.723652085441718329e+00 1.756355822609770190e+00 1.822764696060364953e+00 1.847006365821546092e+00 1.866195206153991926e+00 1.911340490500121225e+00 2.057729141863285705e+00 2.074505746164592157e+00 2.145942321885398130e+00 2.221490868629271365e+00 2.260926620113912655e+00 2.299715358248125785e+00 2.336197934064309312e+00 2.391740057841112765e+00 2.496137740995708842e+00 2.512784995058384041e+00 2.696810388178358053e+00 2.755790374376427820e+00 2.936859364305548947e+00 3.113393817026131050e+00 3.460522722790689176e+00
3.595729872471239985e-01 4.170148966614500852e-01 4.965968423202682946e-01 6.113634758343888809e-01 6.260830126524987715e-01 6.433996248453917044e-01 7.051231427643631644e-01 7.446144207798367498e-01 7.844364441226222562e-01 8.065116387376495277e-01 8.486324919235644915e-01 8.567421355708473296e-01 9.147260383246754722e-01 9.420503775251711787e-01 9.575993791636954189e-01 9.912483663357239960e-01 1.012110816163160232e+00 1.024241817355921791e+00 1.082409382851882151e+00 1.106364974594937323e+00 1.131140296649645771e+00 1.171183221986059397e+00 1.182908894552747947e+00 1.201685417857419225e+00 1.214259861783899774e+00 1.266296754918620593e+00 1.283872016146801132e+00 1.340062993742622943e+00 1.404576472321358960e+00 1.448033836402404129e+00 1.470446946272606192e+00 1.488227115915144561e+00 1.558059596199252050e+00 1.594640430208613679e+00 1.605730197725614872e+00 1.626772296174560095e+00 1.647342184067074999e+00 1.666744237399340856e+00 1.687560305959291851e+00 1.724124220247502226e+00 1.755259006218412354e+00 1.825440076125719902e+00 1.847157963728311314e+00 1.864571824193368421e+00 1.911445867240107122e+00 2.057918264722750745e+00 2.074941517653415612e+00 2.145226527464856758e+00 2.222215395489027578e+00 2.265399220668475433e+00 2.302168691666874878e+00 2.334931789111237332e+00 2.389170177360927738e+00 2.499778222833044961e+00 2.515404799243140310e+00 2.697063002964612100e+00 2.757967643834080995e+00 2.934981994017327178e+00 3.111150111592901446e+00 3.459390011425680367e+00
3.663535315807655013e-01 4.448935553887929384e-01 4.818637517728318609e-01 6.191032602092456649e-01 6.285903304480486842e-01 6.355963411546565744e-01 6.910863079856308655e-01 7.540099835218332380e-01 7.877971421440653765e-01 8.138295478710904085e-01 8.491777955520357635e-01 8.513548912214958797e-01 9.218919081714915809e-01 9.393413764185685189e-01 9.557709470315327582e-01 9.803065871630030070e-01 1.018928436079224342e+00 1.027057267859863732e+00 1.074771898912775692e+00 1.094302942635635212e+00 1.123961626000078207e+00 1.172284922927200546e+00 1.179656105329170535e+00 1.209282101580027691e+00 1.229902972621077284e+00 1.265385746018728330e+00 1.300049402281789224e+00 1.354801479251713126e+00 1.369589511293728856e+00 1.424594949432990143e+00 1.460850026698043536e+00 1.505508488038786119e+00 1.549769111173877167e+00 1.566236633102161990e+00 1.582774966832990238e+00 1.619805722640400347e+00 1.644677406166301425e+00 1.671277205110995423e+00 1.715193567681129183e+00 1.752439084448371931e+00 1.778215603128880495e+00 1.830787806735089562e+00 1.841508457245315977e+00 1.887294363289424570e+00 1.911280054101465842e+00 2.045579996421116764e+00 2.074234597903646282e+00 2.145603676930585735e+00 2.228515797885792793e+00 2.251224070792508858e+00 2.311788183086151971e+00 2.336228164950082675e+00 2.414287315102683795e+00 2.454646273282548474e+00 2.512860959285305729e+00 2.673448157788609336e+00 2.782776312219862547e+00 2.942612695941944523e+00 3.110892322975411073e+00 3.458483409866638159e+00
3.686674217077490767e-01 4.440490898303576239e-01 4.834899089931770644e-01 6.186254613398745050e-01 6.277423614911294969e-01 6.384341766384692418e-01 6.914204106899497493e-01 7.530551897388586546e-01 7.857319265288057464e-01 8.108384729100857058e-01 8.423645443035032709e-01 8.586955229077768426e-01 9.183115492489906106e-01 9.373097910004877242e-01 9.538787313914970367e-01 9.788327829651194412e-01 1.020541758903546148e+00 1.029914805711711123e+00 1.075526829410745178e+00 1.097773318576656942e+00 1.126864935331736595e+00 1.170632275459914107e+00 1.178828954727578981e+00 1.207492794164495953e+00 1.234431094441476251e+00 1.266939496458188374e+00 1.302932475015429636e+00 1.355809011602493452e+00 1.372026866560894343e+00 1.423645383539668297e+00 1.462912473825732640e+00 1.507779549525369855e+00 1.548123535732501166e+00 1.568110479343394204e+00 1.584164146334276824e+00 1.618946596386988235e+00 1.644353410636862023e+00 1.670609457842459289e+00 1.715150972268087770e+00 1.753995746538825395e+00 1.777535299138796043e+00 1.828219687404255334e+00 1.841267612645292706e+00 1.885219954294335531e+00 1.912522714392419276e+00 2.045757405187359268e+00 2.074374947437886085e+00 2.146515241992666745e+00 2.227152858180343031e+00 2.248154547143612625e+00 2.306853305001536736e+00 2.340534534692515933e+00 2.412502057842306424e+00 2.456462670502398193e+00 2.507757668217342584e+00 2.674232150137097808e+00 2.780488099521446266e+00 2.943801460466409559e+00 3.113113585429163166e+00 3.459571646285589441e+00
3.751975524913207516e-01 4.414802551931750196e-01 4.879196330523541403e-01 6.137356086754682805e-01 6.293572903436821520e-01 6.447966970883634019e-01 6.924863912992682558e-01 7.494573475193740952e-01 7.803188945370662655e-01 8.069141344731386445e-01 8.307951386108411995e-01 8.663365090625891884e-01 9.084437343510090024e-01 9.317097575629664785e-01 9.527629384519091804e-01 9.743015851751567480e-01 1.019814625673907349e+00 1.039431836407799681e+00 1.074386029800482811e+00 1.109156970565860156e+00 1.134461608470159311e+00 1.166588030293573830e+00 1.178322821057577796e+00 1.207864129668163367e+00 1.240355714465121384e+00 1.270304661212557695e+00 1.311531299074256918e+00 1.356366910136858506e+00 1.380908297777728500e+00 1.422856051072338923e+00 1.467337879138352452e+00 1.513309934643315868e+00 1.546206934607298633e+00 1.572933913129962891e+00 1.587329192077925999e+00 1.616455664538389403e+00 1.643593937537366267e+00 1.668674033119411648e+00 1.715972842889021521e+00 1.757087476987274410e+00 1.776057846344389679e+00 1.820620662993374328e+00 1.840750397247413295e+00 1.880322012226969486e+00 1.915337468841478152e+00 2.046379923910506271e+00 2.074765961813525905e+00 2.149130503732235464e+00 2.223023970182862019e+00 2.238877926248933115e+00 2.299608341829424418e+00 2.348115435711597865e+00 2.407817058821316802e+00 2.460492511130067061e+00 2.494515099485916210e+00 2.675234238021629629e+00 2.774441710062795607e+00 2.946662393167178706e+00 3.119531649014217312e+00 3.462784501981777119e+00
3.848313870296991568e-01 4.372753689339743399e-01 4.939874220566908836e-01 6.049289027620899928e-01 6.293672261274608770e-01 6.540792284398307954e-01 6.943626416489357966e-01 7.421885003001902348e-01 7.756610045326042258e-01 8.022547772318021631e-01 8.182233090624867478e-01 8.644723940723771927e-01 8.983421145145645825e-01 9.245789069137119176e-01 9.537082447239582095e-01 9.680152974069347049e-01 1.015650686066976949e+00 1.049665772120307983e+00 1.072201411639619906e+00 1.121648165533941421e+00 1.145162279309100750e+00 1.164395564687600748e+00 1.180595975354612692e+00 1.208737336387862626e+00 1.243832934581995842e+00 1.275554795618404569e+00 1.319968711325774979e+00 1.357865324149018615e+00 1.395881212472011024e+00 1.425249506134742550e+00 1.470821639840563799e+00 1.518825424042920202e+00 1.548082221785076262e+00 1.580348132816136175e+00 1.589220153603779995e+00 1.614706591011983106e+00 1.642226717618620713e+00 1.666902239302787248e+00 1.718841662564355444e+00 1.756843856660449843e+00 1.776143422407473915e+00 1.809831675832100695e+00 1.840024853544178107e+00 1.874741272436811323e+00 1.918694894268664131e+00 2.047659242748164132e+00 2.075330137982186685e+00 2.153130396062167495e+00 2.215484457807584295e+00 2.226236761029184663e+00 2.296535920351196136e+00 2.355612449466435887e+00 2.401704037129821057e+00 2.463925256100321537e+00 2.477859786200855119e+00 2.673958703234218248e+00 2.766106908406715803e+00 2.949738548166754182e+00 3.129488699570114552e+00 3.467989149616615308e+00
3.958342203378007462e-01 4.320547089171982713e-01 5.002213184122534795e-01 5.935759694349961313e-01 6.237618752450589943e-01 6.633996818650613747e-01 6.960773232150161416e-01 7.333797760143758726e-01 7.722936978706086419e-01 7.911662054843102698e-01 8.125633687039126585e-01 8.492390592010663486e-01 8.901142279257390211e-01 9.182270585357545922e-01 9.548288920894490994e-01 9.607604564467986386e-01 1.008248131326324959e+00 1.057284583413855561e+00 1.072368665094331375e+00 1.125672081229804444e+00 1.157373258851710052e+00 1.167491986244310054e+00 1.182855309681269951e+00 1.207311572192652838e+00 1.244836937061508886e+00 1.285103597830245192e+00 1.313721681469490754e+00 1.374171507411224402e+00 1.409524016748323616e+00 1.432109583984428891e+00 1.472329794145974757e+00 1.522504955511563063e+00 1.551856114698262123e+00 1.583361659552659173e+00 1.590442212813462985e+00 1.620206581846622695e+00 1.639551081894740081e+00 1.669113373043957127e+00 1.722878221639995378e+00 1.749820290134106671e+00 1.778158058759318205e+00 1.801583915388252688e+00 1.839212752796363537e+00 1.870136738313233904e+00 1.922413131516033102e+00 2.049746421512706807e+00 2.075986815444676559e+00 2.158052232836011886e+00 2.203663273525247934e+00 2.217562473785812838e+00 2.298544330492829246e+00 2.362047738864649027e+00 2.396558713501875992e+00 2.460275793487646911e+00 2.466854985335582118e+00 2.668910117990613617e+00 2.755968606153069711e+00 2.951873248985734666e+00 3.142136220746714947e+00 3.475026655768685746e+00
4.046616179823188664e-01 4.282859741365329653e-01 5.051811834315432792e-01 5.800808501377184845e-01 6.124873864143876023e-01 6.682958471604065753e-01 6.936122768245861492e-01 7.272188724540772364e-01 7.631096645936227274e-01 7.837694961148737871e-01 8.079998090537063860e-01 8.309414524066633945e-01 8.754896060815541281e-01 9.149954018344029771e-01 9.466351685317171416e-01 9.587051060707121319e-01 9.998081740641099335e-01 1.060806603301462703e+00 1.074656709678267985e+00 1.121524051899011054e+00 1.163796178437367601e+00 1.172437820619823823e+00 1.182825682210612239e+00 1.205458255899074294e+00 1.244673786094880663e+00 1.284623982023582744e+00 1.310324797284569520e+00 1.396281918294033808e+00 1.415488628302820295e+00 1.443224184990266501e+00 1.475472371854328113e+00 1.525190783109120707e+00 1.552590466341643216e+00 1.573837006459141818e+00 1.597238722033813563e+00 1.623236879581697156e+00 1.644331187301191877e+00 1.679120506689046666e+00 1.721253420558137348e+00 1.744212956254576508e+00 1.779346169078803275e+00 1.801006058253875386e+00 1.839411949848369643e+00 1.867842322078497430e+00 1.926683345010150372e+00 2.052443454350619145e+00 2.076757696100875794e+00 2.163274805852374971e+00 2.194496593377165627e+00 2.213995924586368513e+00 2.304989625623602656e+00 2.365884338257995712e+00 2.395773022516344053e+00 2.449439546242950794e+00 2.464380274002333504e+00 2.659874134468350970e+00 2.743093863829938694e+00 2.952652909106133983e+00 3.156700810260369749e+00 3.483768032870703024e+00
4.040020700284853161e-01 4.320519583049282630e-01 5.075903708164202222e-01 5.646561528171374356e-01 5.974006884643022763e-01 6.648248223579187322e-01 6.845618784338795004e-01 7.224216358655106696e-01 7.504739410243403963e-01 7.763519935968609120e-01 7.996787921891049811e-01 8.210862757290281477e-01 8.549456142411089310e-01 9.121458667653087327e-01 9.309830359396344956e-01 9.571258311653114692e-01 9.906822791182348098e-01 1.059905176612201849e+00 1.075782099621094945e+00 1.112769372421980485e+00 1.155867839380495532e+00 1.171204817625095096e+00 1.185288923724724164e+00 1.206955596824830668e+00 1.240525606043600515e+00 1.266999774297214998e+00 1.324165641936928761e+00 1.388585515605943899e+00 1.432098369876382504e+00 1.454798339054926171e+00 1.480079729000980837e+00 1.530688056144505094e+00 1.550873764077131067e+00 1.566389713584716903e+00 1.599171407022230484e+00 1.618044185641310140e+00 1.657619773935665286e+00 1.696805046141568907e+00 1.710847089183786807e+00 1.746184759238866846e+00 1.785331719163529840e+00 1.803187505809402014e+00 1.842703022633753518e+00 1.869144976886012666e+00 1.931816851440063543e+00 2.054847318502702969e+00 2.078034356522124870e+00 2.168778552083123756e+00 2.194120733995707617e+00 2.215546361416389942e+00 2.314942988853268435e+00 2.368178307763128654e+00 2.399220794139879764e+00 2.444909255816309024e+00 2.460738083304174317e+00 2.647089525435629920e+00 2.725896197749421379e+00 2.952374312212080021e+00 3.172645568633493784e+00 3.494142367090570911e+00
3.949940275290074743e-01 4.404545067284296178e-01 5.064022734358011313e-01 5.475725674455065306e-01 5.809127535368012740e-01 6.500061690048287710e-01 6.724751711459084902e-01 7.105709059896491153e-01 7.381058911165842007e-01 7.611132749592197655e-01 7.972334671203201717e-01 8.125958136051658620e-01 8.360183533377663068e-01 8.995231699733582387e-01 9.207049763902628303e-01 9.464246379650951280e-01 9.789812411790699276e-01 1.057183414489835105e+00 1.067940971636212044e+00 1.103053838557264354e+00 1.136247852881730580e+00 1.162812525817682685e+00 1.186031787767390266e+00 1.208923310187872024e+00 1.228084896861295627e+00 1.260149962398498413e+00 1.332269344678621126e+00 1.366220224435604536e+00 1.429334210553729445e+00 1.459670745530401659e+00 1.498887474876780423e+00 1.527111016614582484e+00 1.555609213579759231e+00 1.577022937116011603e+00 1.592942021132444097e+00 1.620622943282815864e+00 1.668230571567473897e+00 1.697302089862137375e+00 1.718497382505477677e+00 1.748823471801386420e+00 1.797537922817906697e+00 1.805118342492436856e+00 1.849427734951515578e+00 1.875447021961979432e+00 1.938295544137260462e+00 2.055254055414176495e+00 2.080864413004936520e+00 2.176487467422568045e+00 2.201987406217038590e+00 2.223327360392105767e+00 2.326470108629755007e+00 2.373339172684971299e+00 2.401669824747672433e+00 2.448562875878796508e+00 2.460201821771061059e+00 2.630797836488463215e+00 2.702998459865124214e+00 2.951858258186566442e+00 3.189670221088737989e+00 3.506124827358286122e+00
3.819945140839088316e-01 4.461748364018165436e-01 5.009739429321727888e-01 5.297911724881786411e-01 5.647503237730985282e-01 6.260035587073043972e-01 6.558657985093809817e-01 6.873379675651187792e-01 7.246804316433741455e-01 7.468394066204433468e-01 7.882850665936851353e-01 8.030216574074792169e-01 8.259384591390594998e-01 8.753840476535367232e-01 9.122451682247438853e-01 9.245247145930087784e-01 9.658939471712019165e-01 1.042574572746839179e+00 1.056676794845578859e+00 1.084753868229248353e+00 1.121242495218830459e+00 1.146580148646916708e+00 1.182038058738400288e+00 1.194488421364776620e+00 1.231459066031002081e+00 1.258156916649342483e+00 1.326484352638999331e+00 1.344230899049097427e+00 1.416044610548673255e+00 1.451607090742283335e+00 1.514246895490646727e+00 1.534767015316914174e+00 1.558414296553681355e+00 1.582628402883991203e+00 1.603861137262464931e+00 1.635055372908568616e+00 1.673340444471009603e+00 1.689364097857908087e+00 1.732700716459446122e+00 1.752607644632633743e+00 1.804702353327800157e+00 1.813381364479536240e+00 1.858733499359199293e+00 1.887119961990746164e+00 1.946647373921726265e+00 2.052336952850317253e+00 2.086101171160304357e+00 2.185870529220299563e+00 2.214495225908552634e+00 2.238543214941509873e+00 2.336308973615910389e+00 2.377928817701921105e+00 2.407004994413874055e+00 2.457030941221146403e+00 2.471474379026853185e+00 2.611556843956424512e+00 2.673864808528679138e+00 2.952163676084216259e+00 3.207612495792298013e+00 3.519691877129113244e+00
3.656161808447412342e-01 4.436893710733880170e-01 4.911800149328687803e-01 5.136904168048210817e-01 5.483505952958437346e-01 5.945614746583537391e-01 6.333241424355610105e-01 6.555555514584161525e-01 7.113314818731799605e-01 7.319652668925337169e-01 7.642259327744793662e-01 8.012376447363525056e-01 8.130511762734613512e-01 8.484247973040398572e-01 8.765457618403195150e-01 9.137655368651479426e-01 9.526617201470382046e-01 1.006802530642898708e+00 1.039821522722266245e+00 1.066440947266746653e+00 1.111787884252565028e+00 1.127771727096307686e+00 1.166106365448849713e+00 1.187176517946152865e+00 1.239754448207139870e+00 1.253815227462846016e+00 1.311221974355376130e+00 1.331130543396065624e+00 1.404980321858387837e+00 1.441318388543361140e+00 1.511877025601684466e+00 1.552165530592607867e+00 1.562278261137610036e+00 1.576440973508680843e+00 1.621493336477149105e+00 1.658944794689203528e+00 1.671164023757759187e+00 1.693406448068422998e+00 1.742303454577075028e+00 1.757239983445594511e+00 1.808046528711518608e+00 1.823517091667087087e+00 1.869694202575118203e+00 1.903314274291963315e+00 1.956860806855952539e+00 2.046304909637541858e+00 2.093248508427736798e+00 2.192456609968973513e+00 2.227755995517594734e+00 2.261928358085214974e+00 2.339955090040226171e+00 2.372349218776128144e+00 2.430543900369092292e+00 2.468341250390984065e+00 2.495374645724656393e+00 2.590844107210526825e+00 2.639866575651512282e+00 2.954225955364226497e+00 3.226339687334445649e+00 3.534763146520183863e+00
3.452662903672646943e-01 4.286322150823033694e-01 4.767812035655275005e-01 5.003760126935716812e-01 5.244055441370911730e-01 5.589224582341999481e-01 6.051271563488828109e-01 6.247633942032587706e-01 6.930177931282760495e-01 7.132654469142782894e-01 7.379647293892759308e-01 7.721574227849253846e-01 8.076096247146935525e-01 8.144293198668951517e-01 8.450406098461118454e-01 8.930295629091057341e-01 9.402037091436848959e-01 9.731550563330567671e-01 1.002263750736834158e+00 1.062388859283855513e+00 1.095408291553647606e+00 1.109123739191296032e+00 1.154535742463679071e+00 1.185907526376706711e+00 1.240995760180459540e+00 1.249664055218019154e+00 1.297586996006247828e+00 1.328862837988419532e+00 1.395122050275400705e+00 1.434225620619102193e+00 1.505809287867236668e+00 1.555767699432573314e+00 1.560759121563292329e+00 1.583275629455295652e+00 1.628016632514118101e+00 1.655734428624531684e+00 1.687525107993053330e+00 1.709561015016673569e+00 1.749497730619036240e+00 1.764015115754907104e+00 1.813127422818479717e+00 1.831807286464893991e+00 1.880357980382627137e+00 1.922135926244844084e+00 1.967773844774570291e+00 2.038205912739687875e+00 2.100999348442444958e+00 2.192553757646851231e+00 2.239991388146115536e+00 2.287794798923428630e+00 2.332848630290958791e+00 2.372176806685469153e+00 2.463878939631032328e+00 2.479061317296625599e+00 2.528248582265142375e+00 2.571559999943165753e+00 2.607636133711512816e+00 2.958570977996114681e+00 3.245676878919000252e+00 3.551151223572694526e+00
3.196445934997954597e-01 4.005051725700479182e-01 4.533320563135544434e-01 4.804846099082932809e-01 4.854285342258965463e-01 5.284084655606097192e-01 5.761217791839499114e-01 6.017771388661224963e-01 6.597874609359428710e-01 6.868356395622859933e-01 7.060882848005419765e-01 7.372988321313659332e-01 7.685763782771253272e-01 8.048605446958073673e-01 8.228475800582040200e-01 8.644527231106454712e-01 9.254751667096547951e-01 9.517336611957021297e-01 9.721524336108527953e-01 1.050948902770162618e+00 1.079359459590767178e+00 1.094184973263125915e+00 1.148522456879595754e+00 1.184187418196414487e+00 1.232382650749266340e+00 1.252365166609672231e+00 1.290386326472920286e+00 1.332807444911634276e+00 1.386025987934214054e+00 1.429855885320557407e+00 1.495275136097968360e+00 1.551450216309122165e+00 1.558018444799334157e+00 1.595398548533238259e+00 1.618867009891576281e+00 1.654072250759963225e+00 1.696921012660052019e+00 1.723133790275238164e+00 1.755067922666299074e+00 1.773806779539047085e+00 1.823860217526954042e+00 1.839164117831090905e+00 1.891872051806814836e+00 1.939582323836867683e+00 1.977054079164676681e+00 2.029637770124991025e+00 2.107809122345646990e+00 2.185664150055508070e+00 2.250445936929841295e+00 2.289805548487024556e+00 2.342556925621580355e+00 2.378630708729355003e+00 2.468487698274222542e+00 2.501403507249702507e+00 2.554551845599310145e+00 2.571597364312133926e+00 2.595773584675130419e+00 2.965239777638319030e+00 3.265373593795222629e+00 3.568534439692522486e+00
2.866409749190570455e-01 3.555378138034058222e-01 4.001297133205445333e-01 4.455668018116467066e-01 4.640854903141162224e-01 4.972180533137494640e-01 5.501468488892200526e-01 5.785736170963087233e-01 6.226088554625479610e-01 6.433056341480062335e-01 6.724656999474981633e-01 7.065876144934557512e-01 7.430292833753256998e-01 7.845929449059224625e-01 8.046378442894683847e-01 8.461874605728817444e-01 9.060036842254893807e-01 9.344020793466806252e-01 9.594602905020225281e-01 1.031241171236471077e+00 1.068118977018870153e+00 1.086315515003468235e+00 1.138023797257914582e+00 1.180584882223796539e+00 1.229472126652289443e+00 1.255100507078599881e+00 1.288020109698954974e+00 1.337480931223968827e+00 1.377832363849456065e+00 1.426845785069985384e+00 1.481963227204182054e+00 1.546023794759609160e+00 1.554326790559671823e+00 1.593205310913134998e+00 1.616097675851695836e+00 1.651718227730051503e+00 1.696538064771241139e+00 1.724207981202042994e+00 1.764229211707717626e+00 1.781406617131737091e+00 1.835439675571077123e+00 1.847201880106933425e+00 1.906071916371691266e+00 1.951990361020049081e+00 1.981218399331132085e+00 2.023250534756992014e+00 2.112343536807459898e+00 2.173782030963032241e+00 2.250511355457600171e+00 2.277989388786073821e+00 2.371340196120924393e+00 2.386805358074302941e+00 2.435465734748808675e+00 2.527167737356162291e+00 2.555565751436351007e+00 2.604852032873487655e+00 2.625105736687254332e+00 2.973890115210156004e+00 3.285093264213618802e+00 3.586457947261080470e+00
2.439016428522710611e-01 2.831964842446268449e-01 3.433767332256390525e-01 4.151525961287086397e-01 4.394409539672476384e-01 4.603215914812419096e-01 5.151275620513350306e-01 5.542124476752492424e-01 5.989798858166255346e-01 6.023521645345598641e-01 6.430685416463365334e-01 6.782470820040308324e-01 7.298741155662993307e-01 7.613306029594566482e-01 7.881253171312336825e-01 8.371009830492512904e-01 8.844977064204789796e-01 9.212646619064851494e-01 9.540102497067628473e-01 1.011512020593292815e+00 1.060769176975467687e+00 1.081317045858919190e+00 1.121443589603526636e+00 1.177350423211279917e+00 1.232028899048695836e+00 1.258112867706778548e+00 1.288273003782376191e+00 1.340067760930780283e+00 1.370037683551697638e+00 1.424940350336243444e+00 1.468986465331233671e+00 1.537805995951614824e+00 1.548067321675029140e+00 1.576308386893446434e+00 1.623740645777173475e+00 1.646077639098655343e+00 1.685583906353303574e+00 1.718476839496881015e+00 1.772707083325504529e+00 1.788543124796174721e+00 1.841851333964653392e+00 1.855939885288802049e+00 1.917001998449084033e+00 1.958448248191018370e+00 1.978453691780486468e+00 2.020468531437181969e+00 2.114237609882775537e+00 2.158447114209849804e+00 2.232389974888440154e+00 2.283938846200185058e+00 2.375679247506323755e+00 2.395349494073403029e+00 2.418015571313948620e+00 2.542213099503338292e+00 2.568187187443263575e+00 2.640463197616008895e+00 2.673265788383281105e+00 2.983948404135414734e+00 3.304413684457189415e+00 3.604359351768445574e+00
1.834241720156298550e-01 2.144101230955031967e-01 2.942954603099307009e-01 3.676820650248067146e-01 4.142123415978704593e-01 4.335212229932529082e-01 4.788239426403258503e-01 5.332120100281563246e-01 5.706576936665304078e-01 5.873732145997457854e-01 6.234578915170111424e-01 6.523751612775977593e-01 7.192641144308340451e-01 7.457762341891661650e-01 7.716704144165693613e-01 8.323119675260785000e-01 8.622356971591110808e-01 9.118803956836412095e-01 9.489479730793914936e-01 9.954004124630393413e-01 1.057986657243636941e+00 1.074731199814131122e+00 1.105566717500222396e+00 1.173623573191538760e+00 1.235534915962294367e+00 1.261443814649618522e+00 1.290243185994912611e+00 1.339547031021458334e+00 1.363906697411467528e+00 1.423491587594502672e+00 1.458338804195146610e+00 1.525311810050711481e+00 1.533162330876729484e+00 1.560640401586187442e+00 1.619716107806775440e+00 1.640229769531097670e+00 1.671771615930107924e+00 1.710317156618014645e+00 1.774401200070357065e+00 1.796490419173027098e+00 1.844948803243101620e+00 1.864688798575793394e+00 1.916325440994985696e+00 1.955439184706243338e+00 1.975475212296482708e+00 2.016514649774582946e+00 2.112703507860389518e+00 2.143824875151138620e+00 2.216106981424854627e+00 2.292149689642284827e+00 2.344448854161375273e+00 2.404402974896429068e+00 2.441961769280542427e+00 2.553252343290003168e+00 2.587537051772858643e+00 2.678123069191898242e+00 2.721850124802973614e+00 2.994728912718483738e+00 3.322835705470465140e+00 3.621609850455056456e+00
1.220359669325030844e-01 1.819343630377802945e-01 2.489648069512241657e-01 3.159274241216064594e-01 3.970762697173635392e-01 4.144075987234775438e-01 4.483857670813838903e-01 5.189826131350477878e-01 5.529647492368930939e-01 5.746335013354489929e-01 6.094319656193110113e-01 6.348127475895538607e-01 7.076711578242825817e-01 7.393971296381822711e-01 7.587008863472360920e-01 8.286313922841008761e-01 8.414331538281385470e-01 9.034655383958393182e-01 9.433728568618154897e-01 9.835336730971795394e-01 1.059667317151421262e+00 1.063595726128557573e+00 1.096480695808806693e+00 1.168442282263218557e+00 1.237760897415754568e+00 1.263868864351393340e+00 1.293802204424375990e+00 1.335605031574812029e+00 1.362872964179768998e+00 1.420548688459491782e+00 1.449486567601343090e+00 1.505742448854948012e+00 1.511189711975597705e+00 1.543175357470353060e+00 1.587387174199390794e+00 1.642777891008883495e+00 1.665321438717385139e+00 1.702647131008733661e+00 1.769269369908983869e+00 1.802053780571008623e+00 1.844016175562023463e+00 1.874398387246015929e+00 1.906613670106072078e+00 1.944611939737788786e+00 1.969859629483337482e+00 2.006812735940596948e+00 2.105461520106967299e+00 2.141862799623827751e+00 2.202188317001900764e+00 2.293410411474549715e+00 2.333122672643846318e+00 2.413467927052860063e+00 2.465997831782125616e+00 2.564926491564384570e+00 2.607233603204105687e+00 2.713592532432451687e+00 2.766672350256251800e+00 3.005507236021391471e+00 3.339802394261964569e+00 3.637560986866416268e+00
8.735725489733607574e-02 1.562088000195448190e-01 2.271548092450514922e-01 2.957993181295311969e-01 3.820961112412881167e-01 3.992279406132023256e-01 4.273255017496342956e-01 5.119080284884379717e-01 5.461697273252544838e-01 5.631363467486009133e-01 6.016875461757499322e-01 6.269578602756187280e-01 6.989233003254577969e-01 7.372573508770370321e-01 7.531789454307049603e-01 8.154470320123552440e-01 8.327336106838129082e-01 8.950446303469516973e-01 9.380181905089775007e-01 9.754502938799290979e-01 1.049601956497791200e+00 1.065288655028132414e+00 1.092931839851952969e+00 1.162537206184193206e+00 1.238398812361608314e+00 1.264840994694670151e+00 1.298308894201669617e+00 1.330719557684462151e+00 1.367348098876414397e+00 1.413115419796428407e+00 1.437098469593659056e+00 1.475761380637244491e+00 1.489187515511231963e+00 1.520903960688152701e+00 1.540096936202577149e+00 1.645241824955403054e+00 1.665375833175284370e+00 1.699638251666298450e+00 1.757449574527933489e+00 1.804670770809419622e+00 1.836615195277758517e+00 1.882396847194300893e+00 1.893219542236066255e+00 1.934470871204838405e+00 1.955937152341066465e+00 1.996092367120104738e+00 2.100347191385715018e+00 2.149752808255035230e+00 2.187991333111150016e+00 2.293253596310339759e+00 2.339475837334087593e+00 2.422024191438054697e+00 2.485567184034436661e+00 2.576710154732622993e+00 2.625172671335370911e+00 2.744629459378557623e+00 2.805490739881194795e+00 3.015565936646302347e+00 3.354730347822509451e+00 3.651589426221514945e+00
5.019614857830520527e-02 1.124649843551158435e-01 1.994154817320835382e-01 3.226419730275569275e-01 3.818964023868575697e-01 4.003159610608688634e-01 4.126861708574068865e-01 5.076788724909401251e-01 5.431221362193919822e-01 5.571388876939810109e-01 6.062786001852605855e-01 6.312169171857743288e-01 6.965759058654622526e-01 7.334109598735861768e-01 7.584248217967014538e-01 7.976114796400839424e-01 8.316554320721545324e-01 8.872113257460473301e-01 9.338772276071636291e-01 9.707824400203267645e-01 1.037156996443328261e+00 1.071575986655243229e+00 1.091368687268001292e+00 1.157900212207543245e+00 1.238129852450016166e+00 1.265992138723896376e+00 1.302071850307647161e+00 1.327936759262915434e+00 1.373174399944169899e+00 1.395208127182792079e+00 1.408525241044256804e+00 1.445954770467134054e+00 1.463969722420431108e+00 1.492304483057075526e+00 1.503580725143854879e+00 1.645807775819416729e+00 1.668859638537508294e+00 1.701190483152924759e+00 1.742702760216335189e+00 1.805856641197407297e+00 1.819550647471740223e+00 1.866384353170650545e+00 1.897992059328530656e+00 1.927614812979120185e+00 1.946305178961249327e+00 1.987572263488047719e+00 2.100635706847938433e+00 2.158698994667888282e+00 2.176033453820625851e+00 2.297267731039672078e+00 2.349481213152752268e+00 2.429476632894724819e+00 2.500267808781819756e+00 2.587311861516584433e+00 2.640223422004833509e+00 2.769889807908388235e+00 2.836860763312853972e+00 3.024230562545442424e+00 3.367051370780260733e+00 3.663135470254611281e+00
-4.733087768804351836e-02 7.294641653640134005e-02 1.539267708920538102e-01 3.302353616148360205e-01 3.718759415488723241e-01 3.967872010417307638e-01 4.616161867201049041e-01 5.101029840265296489e-01 5.381262520114356018e-01 5.561072451676027928e-01 6.090118910945095942e-01 6.587558324530080611e-01 6.998813439845126272e-01 7.310292292348783416e-01 7.674967235515580688e-01 7.850894595782571539e-01 8.309547325181482202e-01 8.808875285067147010e-01 9.319533288458398124e-01 9.692383637367338878e-01 1.027470696566223474e+00 1.074845219910749217e+00 1.091090383030290045e+00 1.157145997220571321e+00 1.237688580069525202e+00 1.269877611774157478e+00 1.303197018692007658e+00 1.327989741200803930e+00 1.349451717807877094e+00 1.366018303733155248e+00 1.381018997886169331e+00 1.415170089404760967e+00 1.448341138123601990e+00 1.473008015941524196e+00 1.484404795032512103e+00 1.645294100400607862e+00 1.673788899102469196e+00 1.701554020303752912e+00 1.732748097191722181e+00 1.793468213630582175e+00 1.809104956831086852e+00 1.846386500670182729e+00 1.907097183441407662e+00 1.923674537742135815e+00 1.945548730311140284e+00 1.980115661147701989e+00 2.104100304578322866e+00 2.159203394647994489e+00 2.173358553831592044e+00 2.302546411999518039e+00 2.358380148250944774e+00 2.435255377758642759e+00 2.510342914104897627e+00 2.595643915258443180e+00 2.651554163699746169e+00 2.788492612780379964e+00 2.859838555884981037e+00 3.030906273318055622e+00 3.376259266965432104e+00 3.671733769355054910e+00
-6.131687140181751872e-02 3.679918626340177717e-02 9.736103950321099709e-02 3.341084538388601199e-01 3.597888286948855430e-01 3.874946244798678219e-01 4.988582404363412492e-01 5.202683458912363834e-01 5.362300247784713703e-01 5.669272930186696202e-01 6.085132466555105424e-01 6.882433679275246075e-01 7.043818113628079747e-01 7.357891548263922887e-01 7.628383773374503019e-01 7.902964439977909761e-01 8.299302476990439992e-01 8.766642907240556060e-01 9.324858086598304396e-01 9.698936924835998008e-01 1.021305090183505904e+00 1.072605867976572869e+00 1.092882665548449594e+00 1.160832558965094297e+00 1.237471908704939727e+00 1.271835696269256299e+00 1.298491579249675620e+00 1.314668106942183723e+00 1.329481130601206873e+00 1.335945799188525074e+00 1.348520756066101889e+00 1.418695047256129271e+00 1.439186380057016601e+00 1.459761709466864898e+00 1.473821658864462369e+00 1.644573385929356313e+00 1.679583473014634842e+00 1.695532101612918341e+00 1.731932215078017201e+00 1.773638635156987720e+00 1.812365104659905857e+00 1.830696777255681473e+00 1.914012738873956954e+00 1.921354731897691570e+00 1.948594264126254139e+00 1.973844349060200232e+00 2.108178906260043561e+00 2.153077064328602575e+00 2.177339371035011073e+00 2.306517051859766188e+00 2.364355478459574833e+00 2.438908971813308568e+00 2.516179435356821870e+00 2.600941227533204447e+00 2.658580081449872345e+00 2.799868436302667796e+00 2.873836105249549799e+00 3.035118989611807816e+00 3.381954843064263194e+00 3.677036267936407032e+00
-2.567847857931126261e-04 -3.537099195361000757e-08 -6.607224216210415168e-09 3.379046726673456957e-01 3.524222625675785814e-01 3.844348001605094600e-01 5.063855097215176349e-01 5.229936521145815975e-01 5.359584987507459708e-01 5.792757053794211908e-01 6.079459501876076644e-01 6.993845400567773041e-01 7.053965304826390614e-01 7.443189122969303684e-01 7.553772103673718208e-01 7.961473148453079851e-01 8.292394324368699277e-01 8.750415385424789028e-01 9.334461045704275373e-01 9.706218118080190971e-01 1.019150275323719157e+00 1.070398505389942079e+00 1.094034957094367266e+00 1.163836294884808886e+00 1.237659950102340423e+00 1.260738044360970367e+00 1.304751001357617124e+00 1.309583163021908137e+00 1.321987765642217205e+00 1.326390271857567305e+00 1.331355400902870079e+00 1.430258873727332514e+00 1.430475542354033180e+00 1.452231622831306357e+00 1.471175378775465337e+00 1.644254388573407777e+00 1.684958115204759244e+00 1.689067745291407574e+00 1.733135167465201132e+00 1.766309979648057693e+00 1.817739679259196439e+00 1.820863957698742430e+00 1.917677624582125873e+00 1.919441589198592535e+00 1.950658040028312223e+00 1.970948121919196883e+00 2.110083054574039885e+00 2.150298855881330073e+00 2.179032712978558717e+00 2.307955369252674860e+00 2.366453820146760645e+00 2.440157834406680770e+00 2.518086456586674959e+00 2.602755990346462323e+00 2.660959260095971946e+00 2.803695171572031963e+00 2.878535279507500988e+00 3.036559255245109057e+00 3.383882662166480593e+00 3.678827990801763370e+00
