1.733452849705575394e-01 1.921434144309984160e-01 2.540947759340176915e-01 3.070523745308913477e-01 3.803058600610844664e-01 4.379233144050649895e-01 5.128249579006796122e-01 5.434007384333945367e-01 5.723768354340014186e-01 6.187672739697227531e-01 6.451478708056567202e-01 6.540895497244190171e-01 7.183344175505921303e-01 7.293652618279921063e-01 7.454720560525101014e-01 7.809065095077839525e-01 8.262974038127705034e-01 8.616572409268874466e-01 9.291083509404117757e-01 9.899362610162214526e-01 1.038839407714217344e+00 1.147743685602456098e+00 1.149487229749757811e+00 1.153017733600395278e+00 1.180896338353892849e+00 1.232398535702950326e+00 1.278736195584427415e+00 1.317367261659159405e+00 1.343983403031006274e+00 1.397664753694433770e+00 1.448038218783030739e+00 1.484783882203097205e+00 1.528177512099751167e+00 1.576867907827166349e+00 1.630097242842229122e+00 1.640438726038595307e+00 1.681521897950269517e+00 1.741469496259675287e+00 1.764555464270331164e+00 1.837103665574269185e+00 1.873905671220111868e+00 1.921753442770216536e+00 1.931075638026098940e+00 1.959575016886450971e+00 1.977986948670194201e+00 2.040434276374343714e+00 2.088305642120351635e+00 2.168309859172379284e+00 2.283335118352549209e+00 2.385544741509979527e+00 2.419697684473223198e+00 2.533771909885866869e+00 2.553530608639212662e+00 2.606434376328327307e+00 2.798805743275242452e+00 2.873613024359861434e+00 2.947296772697960421e+00 2.976541607401953282e+00 3.339041875026348194e+00 3.496305288861524030e+00
1.620754350046150760e-01 1.852814424958801331e-01 2.586329197702473270e-01 3.144405318766780866e-01 3.718400677148007705e-01 4.278559064013169322e-01 5.114476790908193404e-01 5.464490017975807135e-01 5.718553383493600872e-01 6.167673922415098930e-01 6.403963104451028121e-01 6.544095762877828459e-01 7.162222475493444929e-01 7.294665387297155634e-01 7.444469544088313517e-01 7.810271567491602340e-01 8.254650648039598693e-01 8.643016203075107873e-01 9.390030977780250421e-01 9.916102137998514809e-01 1.038992360898451928e+00 1.139242612053443571e+00 1.149469771757055447e+00 1.153520286404549289e+00 1.187859951666385250e+00 1.234183646729333672e+00 1.279262978779371229e+00 1.317554846551133529e+00 1.345291262996371584e+00 1.397306906270531668e+00 1.446413101317483685e+00 1.485340144704411003e+00 1.527137567637935511e+00 1.576655519819633922e+00 1.628131363070129956e+00 1.640096305004555166e+00 1.680800050163539616e+00 1.739968065749988746e+00 1.764517554371961339e+00 1.836872664449475723e+00 1.876503243897655437e+00 1.919204958789248794e+00 1.932192599204591632e+00 1.960099559372982858e+00 1.977600399602148729e+00 2.040533207484639178e+00 2.088339890756725659e+00 2.169151178479352904e+00 2.283537299457859771e+00 2.382112308692017955e+00 2.415815926565158644e+00 2.533878802087346394e+00 2.553295042508677337e+00 2.608671104472334523e+00 2.793555101968675736e+00 2.874016985384726386e+00 2.951232492715311739e+00 2.974739742044008484e+00 3.340816976812460926e+00 3.496193055849989850e+00
1.376227809385704715e-01 1.619391911211476298e-01 2.722012404962004806e-01 3.215946022061058618e-01 3.456082076530507807e-01 4.143996135757688770e-01 5.061311677969382306e-01 5.490556105670558740e-01 5.715475926399272710e-01 6.147552423985980230e-01 6.301596250542796929e-01 6.529143336658816965e-01 7.129318309840233514e-01 7.202319203153929594e-01 7.449847080059535109e-01 7.819095303126036844e-01 8.297303399741123853e-01 8.707571208968426513e-01 9.573898599257270048e-01 9.983711585064769523e-01 1.039850642007977610e+00 1.124507424786331145e+00 1.149560377238056486e+00 1.154495463493542262e+00 1.199681707614712600e+00 1.237799043470111160e+00 1.280884137178000648e+00 1.318548846497455296e+00 1.348266958750222955e+00 1.397109043515569970e+00 1.441984469252836076e+00 1.486575055470790385e+00 1.524400557722200844e+00 1.575949642967935604e+00 1.621968449200340778e+00 1.639883412713103006e+00 1.678882612803896057e+00 1.735823153364315807e+00 1.764375243013483141e+00 1.836101508211351208e+00 1.883627657292041846e+00 1.914503305804248434e+00 1.933629393439388666e+00 1.961408280635398960e+00 1.976671726004528784e+00 2.040451960156313138e+00 2.088045361591688298e+00 2.171461719406771795e+00 2.284166443462978702e+00 2.371706314470620303e+00 2.405728809582549310e+00 2.535194347637578005e+00 2.552644637106438630e+00 2.614593337972856979e+00 2.782378822976506960e+00 2.873537028029357732e+00 2.953830917736548045e+00 2.976439256506156816e+00 3.345509774227112931e+00 3.495845346290361810e+00
1.070722726947135883e-01 1.279086653702616594e-01 2.607344053021163344e-01 2.972915952584441190e-01 3.534536461378554040e-01 4.079712353443221140e-01 4.968382506984987401e-01 5.468348027020316637e-01 5.724694050178669169e-01 6.103033878994218453e-01 6.229953190677397501e-01 6.495749151796724741e-01 7.006983238502043632e-01 7.117865699165315529e-01 7.480427566982276177e-01 7.843937653982567815e-01 8.393032103027974200e-01 8.780062511638480061e-01 9.695345040096420286e-01 1.011166303854476034e+00 1.042916981171245094e+00 1.111018048398982883e+00 1.149138055038401385e+00 1.156546451512926676e+00 1.211266465731577258e+00 1.240145516153117189e+00 1.283576156820018355e+00 1.321355768800644315e+00 1.349964372334040430e+00 1.398527132024519615e+00 1.436481049581918690e+00 1.487897323775449587e+00 1.520629230750915495e+00 1.574512166007137282e+00 1.612281870344601797e+00 1.641086501708610479e+00 1.676315100962558757e+00 1.729603923947847566e+00 1.764295701785137060e+00 1.834903088492973788e+00 1.893348631978742036e+00 1.910755761777087836e+00 1.934317241285084643e+00 1.963062696092672033e+00 1.975660996260933056e+00 2.039509711124446678e+00 2.086601941970604113e+00 2.174638759667052668e+00 2.285250991783095209e+00 2.355320486830768889e+00 2.393624303591226798e+00 2.538422910971738222e+00 2.551729179717735718e+00 2.622848593237560255e+00 2.771812685253612685e+00 2.870376787078134040e+00 2.945694342653264020e+00 2.988088063985150367e+00 3.351589066070038037e+00 3.495269648325302292e+00
7.298384265330729037e-02 8.811072501060535078e-02 1.833249608414732335e-01 3.118572598619890890e-01 3.681875791512016494e-01 4.054004752197956085e-01 4.850889108828172480e-01 5.445656229503633705e-01 5.724165408547895462e-01 5.980464088195985850e-01 6.236966484574878455e-01 6.451020949947144922e-01 6.850509854389420505e-01 7.099541305745811215e-01 7.516435222066180089e-01 7.874028395359532473e-01 8.482802286384704127e-01 8.837662371140174722e-01 9.753940579029294344e-01 1.021615437867488874e+00 1.050038923181868533e+00 1.100429609609294257e+00 1.148561819521486838e+00 1.159035069787687222e+00 1.221287913533662506e+00 1.240672326714928442e+00 1.286673288044337227e+00 1.326630953697903958e+00 1.348398382372059112e+00 1.399298890044383459e+00 1.434005998063764942e+00 1.488981432006992733e+00 1.516451379981755609e+00 1.571906894523030562e+00 1.601970333727607665e+00 1.644222953785191788e+00 1.673611993228097505e+00 1.722158257251851676e+00 1.764510186123015023e+00 1.833705085280198821e+00 1.902117277002742801e+00 1.910161948986821789e+00 1.934243727084431264e+00 1.964874534485985258e+00 1.974871500399338009e+00 2.037419942285419783e+00 2.083778812339649900e+00 2.177823706921831359e+00 2.286699238249350952e+00 2.337605976207041802e+00 2.383003673066443451e+00 2.542376530544595781e+00 2.550708002391458340e+00 2.632142053955867755e+00 2.764463170146236770e+00 2.864565937778108751e+00 2.936175424582690319e+00 2.999851361229422420e+00 3.357341133549179624e+00 3.494571684639218301e+00
3.692106818495379666e-02 4.489907501765817710e-02 9.390925148956229263e-02 3.235824133437741890e-01 3.737774173243557652e-01 4.126920452321608535e-01 4.716735517764731322e-01 5.444818855762867393e-01 5.712763294575293749e-01 5.870790065096103127e-01 6.253184888489891069e-01 6.390595513698067442e-01 6.776131808926584288e-01 7.087545779322534933e-01 7.547322208111167940e-01 7.896525593582868208e-01 8.537462342358799194e-01 8.873330849760847627e-01 9.785602047335186793e-01 1.026122819439569733e+00 1.058013551074824310e+00 1.093180612721313061e+00 1.148149086544591135e+00 1.161016108371670130e+00 1.227243584136635812e+00 1.241437105611025604e+00 1.288994177586485712e+00 1.332653875810023925e+00 1.345975231619325863e+00 1.396001661651322889e+00 1.436760883843749559e+00 1.489064341736247910e+00 1.513330849043875936e+00 1.568291875539737479e+00 1.594888495248902194e+00 1.648360784664705481e+00 1.671193727997817735e+00 1.715538053916513039e+00 1.764878630260588110e+00 1.832884691059375903e+00 1.904778259416640918e+00 1.914965096976153580e+00 1.933577689817435941e+00 1.966690979428980635e+00 1.974311155780776206e+00 2.034826111004929050e+00 2.080765652289020107e+00 2.180146435258525806e+00 2.288109529634981154e+00 2.324576865563854344e+00 2.375644520739785825e+00 2.545566982600738992e+00 2.549666413794337227e+00 2.640173373547400448e+00 2.760275450857583301e+00 2.858390863670938309e+00 2.929913127457302036e+00 3.007617107136918211e+00 3.361375012701350418e+00 3.493979056171647279e+00
-1.617413157179256481e-04 -7.572474921760751865e-05 2.537396950418333820e-08 3.280793126128497827e-01 3.727670995583334812e-01 4.217236599052848756e-01 4.628926852840403172e-01 5.449885106595895312e-01 5.708616897546042734e-01 5.824189506503877345e-01 6.267271647996263129e-01 6.353169334651441735e-01 6.759888367390706199e-01 7.083063831680778133e-01 7.559778743986422800e-01 7.904691862194949126e-01 8.554589284456242115e-01 8.885647116556160130e-01 9.796544164650792252e-01 1.027327633569878884e+00 1.061375812865414936e+00 1.090389227338697697e+00 1.148004336098422673e+00 1.161766605447418055e+00 1.228712604122088159e+00 1.242306397033425380e+00 1.289821507215097141e+00 1.334993028950596683e+00 1.345598781912312525e+00 1.393457964837659269e+00 1.439021183317005015e+00 1.488563309920105215e+00 1.512420268275956881e+00 1.566329673276501522e+00 1.592612592907126645e+00 1.650535985096431846e+00 1.670027252647082738e+00 1.712779861680275628e+00 1.765055710454834115e+00 1.832601067377291448e+00 1.905025710839125086e+00 1.917897555838174783e+00 1.933063562051797302e+00 1.967606769983801351e+00 1.974042022034382615e+00 2.033546497772565242e+00 2.079464951686940566e+00 2.180992020324371339e+00 2.288736257062733426e+00 2.319877103339337943e+00 2.372967104066173505e+00 2.547063366832635456e+00 2.548916782446715157e+00 2.643481093890462041e+00 2.758879775799807810e+00 2.855676174573054116e+00 2.927839670499930325e+00 3.010282856998840906e+00 3.362818386770593193e+00 3.493744167791664079e+00
-8.013605288116705527e-02 4.519241662227053286e-02 6.722732246611194673e-02 3.240949100785268100e-01 3.692425304702091626e-01 4.164028609533813041e-01 4.530986788157178591e-01 5.232125249870486217e-01 5.676607194585248095e-01 5.809851637110370337e-01 6.261386047658971110e-01 6.391192304424582193e-01 6.758659739949753886e-01 7.126193518652383929e-01 7.606293740257509262e-01 7.937791961395285201e-01 8.579802521389605641e-01 8.910329154740270763e-01 9.830142698802531998e-01 1.033570888335458182e+00 1.077115294697877035e+00 1.092504868396914519e+00 1.150280683273662508e+00 1.171880010756202406e+00 1.216550158329672948e+00 1.258539285890579507e+00 1.291408948029910020e+00 1.335765868672988077e+00 1.349210024865082458e+00 1.394129184740236393e+00 1.438001857581279186e+00 1.478649574784782761e+00 1.510505648165446191e+00 1.568532940010523458e+00 1.593164243205602348e+00 1.650915152900937821e+00 1.668597011536053998e+00 1.716216443292752469e+00 1.763679547805824033e+00 1.829040510113087992e+00 1.901127019272187857e+00 1.914918989024760876e+00 1.939187903278104752e+00 1.971785774132865265e+00 1.986045840252128158e+00 2.036875827014257290e+00 2.080712997758577210e+00 2.179003842723939322e+00 2.287978177300919125e+00 2.318924712571943214e+00 2.373605689905535776e+00 2.545405480561194533e+00 2.547584202167366030e+00 2.641854177955575533e+00 2.756511518294161966e+00 2.852368885014954891e+00 2.925101386412849891e+00 3.005794144432204273e+00 3.361196915671546215e+00 3.492120446409487045e+00
-1.582412429360730288e-01 -6.015316706537891280e-03 1.191962575368899352e-01 3.011935741167777736e-01 3.587642456035668448e-01 3.946246984990194329e-01 4.423841015374065377e-01 5.019760011712784964e-01 5.609025521330633923e-01 5.825456531711097341e-01 6.251083191298573150e-01 6.517242536633065519e-01 6.777944823789818773e-01 7.255223747354296870e-01 7.717421015459117184e-01 8.024811852411719570e-01 8.651012117355527664e-01 8.985157832006852585e-01 9.850919886879598852e-01 1.035748190153998882e+00 1.091423050811595852e+00 1.120879131025744435e+00 1.155345951426833828e+00 1.191770242633468868e+00 1.212859219597204330e+00 1.282473357648404200e+00 1.296940620019090051e+00 1.337485136348962156e+00 1.361159898701543636e+00 1.396911466926790801e+00 1.430415956424447188e+00 1.463601375665531945e+00 1.505990352098468987e+00 1.571260389741276242e+00 1.597307985990165990e+00 1.649538131208625025e+00 1.666519733927164015e+00 1.724027499262257290e+00 1.760694095822098237e+00 1.821890361699281424e+00 1.887362849978254431e+00 1.917640769088363228e+00 1.949516468720159601e+00 1.981727484141039275e+00 2.008539657709915716e+00 2.049620561283362452e+00 2.088445170826215058e+00 2.173793101168338016e+00 2.285890098548514437e+00 2.316284354428676195e+00 2.375414182171560196e+00 2.540473117715892126e+00 2.543672018081921671e+00 2.637037051738898796e+00 2.749358337932569452e+00 2.842698290618077550e+00 2.917060606525408328e+00 2.992552638014960298e+00 3.356400826871661192e+00 3.487333978949477942e+00
-2.725583502359992250e-01 -1.428106346494390812e-02 1.735908066173562914e-01 2.852038601025269071e-01 3.475510499041758461e-01 3.956666728567112545e-01 4.458229782294849675e-01 4.971115550059850285e-01 5.577558192011874416e-01 5.905694855442369384e-01 6.247749798249830899e-01 6.692239068915510902e-01 6.835396236165388606e-01 7.403804808575557006e-01 7.891814555328874325e-01 8.144997647631513349e-01 8.757782296794770494e-01 9.100941346978751456e-01 9.866818388649017946e-01 1.033955388836573119e+00 1.095257417302002656e+00 1.139234933097003521e+00 1.172233549234468653e+00 1.185008855765250724e+00 1.244618733429492252e+00 1.295872233324555811e+00 1.306815280638850441e+00 1.343559589241473562e+00 1.374018876927943111e+00 1.404903649972782498e+00 1.423251262662654559e+00 1.462418178435217708e+00 1.502193401477389889e+00 1.569758213445651363e+00 1.608392802547322198e+00 1.643763860987628167e+00 1.666389703134800504e+00 1.729794162213739384e+00 1.761334186949714331e+00 1.816489649208863133e+00 1.872457434951322108e+00 1.919064134556027090e+00 1.963058084700807893e+00 1.990921899505756487e+00 2.027008437170103150e+00 2.062494346689418556e+00 2.115764342363051664e+00 2.169572994107675346e+00 2.283087758147416046e+00 2.312488841687968311e+00 2.378235252991405702e+00 2.532399909981043695e+00 2.537445677292454072e+00 2.629214054756119801e+00 2.737266902142890590e+00 2.827442952811023424e+00 2.904187659403963284e+00 2.971310240218965504e+00 3.348630342635261048e+00 3.479632457152602498e+00
-3.382026249700126885e-01 8.051845936300139339e-02 2.268616065907714807e-01 2.979290846479056842e-01 3.453146372918908802e-01 4.148709364353221352e-01 4.559113836314916957e-01 4.994905742447584007e-01 5.612726031175954144e-01 6.032858108032315148e-01 6.263359471579886817e-01 6.825178511569637285e-01 6.981887677340243847e-01 7.528581931070558175e-01 8.116154684954762777e-01 8.296069953854138257e-01 8.893596551211991885e-01 9.228207403981081303e-01 9.900342275061300157e-01 1.031357994016899982e+00 1.099201561126548210e+00 1.141564360052824689e+00 1.168626582262485503e+00 1.200312934360273198e+00 1.271059162352914385e+00 1.299673244950179551e+00 1.310599086282252523e+00 1.353856267975066752e+00 1.375564182727976092e+00 1.405503219076549071e+00 1.448346276413773115e+00 1.467870701869342875e+00 1.503556382547119430e+00 1.567128654894575757e+00 1.618675312602240401e+00 1.639009055146885219e+00 1.667458562943050948e+00 1.729823420578600501e+00 1.770017942051667514e+00 1.814901311218549917e+00 1.859295190076065474e+00 1.919415156900899699e+00 1.974286623300371302e+00 1.998751434799550974e+00 2.046006846879315333e+00 2.069071720195837294e+00 2.136457706356658104e+00 2.189668937817589534e+00 2.280869328716649047e+00 2.308336478124635605e+00 2.382143573943384496e+00 2.521499930488246832e+00 2.529336466936671357e+00 2.618682291215248092e+00 2.719998780452030473e+00 2.807936975098540788e+00 2.887014491884738465e+00 2.943662535100035171e+00 3.338204166202321410e+00 3.469407810338168030e+00
-3.358080274551745181e-01 1.472688102159137036e-01 2.788670056342665293e-01 3.190159677011416561e-01 3.568567396568884664e-01 4.409198920958034007e-01 4.724983773273916388e-01 5.094606898613793788e-01 5.729188816027385167e-01 6.176620333933935392e-01 6.314636992910744873e-01 6.918152271901159001e-01 7.152433242194724539e-01 7.657083874737793394e-01 8.305604357415167227e-01 8.517411657948782411e-01 9.047906194778737587e-01 9.333274340088920651e-01 9.952610724541091081e-01 1.029449176951149347e+00 1.102212081301051860e+00 1.140563914524906908e+00 1.164990793200946007e+00 1.215234256947837155e+00 1.281599224450611807e+00 1.303824016595245716e+00 1.319343426185822565e+00 1.359847233513052700e+00 1.379972543340975299e+00 1.406210825056203317e+00 1.466805676508285305e+00 1.475043066158733041e+00 1.509984901766064702e+00 1.566989659695024573e+00 1.615016219011657483e+00 1.643762958923562945e+00 1.670878193028814351e+00 1.729571905285495426e+00 1.780667353419269627e+00 1.814182776173725475e+00 1.850160135920855042e+00 1.920757004397093404e+00 1.975637031914111441e+00 2.013421897297796637e+00 2.059100871406994937e+00 2.083182814656698412e+00 2.133076720100270496e+00 2.233718148619136201e+00 2.282338940526793980e+00 2.306354945023569858e+00 2.387547825970822490e+00 2.508458854656906656e+00 2.519952902090491165e+00 2.605884837330603165e+00 2.697440372933058050e+00 2.785925699326465832e+00 2.865449508881864116e+00 2.912894188049794941e+00 3.325539445401967331e+00 3.457166264390993060e+00
-2.532691845288918553e-01 2.150940213827055025e-01 3.164449120051466835e-01 3.546080005450495953e-01 3.820760864202383811e-01 4.663207905380816198e-01 4.909939352326394002e-01 5.316854917352836774e-01 5.946691845356631978e-01 6.269484806605214455e-01 6.474433726775771225e-01 7.005058927458389650e-01 7.274105334913472110e-01 7.812250023975156887e-01 8.452665139912660663e-01 8.771991057627822608e-01 9.172348630635177580e-01 9.425785470211343053e-01 1.002728327762353766e+00 1.030699275366755652e+00 1.104080612281631124e+00 1.139142837873396541e+00 1.167965394278423608e+00 1.228318972320193048e+00 1.281714069601509909e+00 1.309698024751278389e+00 1.331502611570183792e+00 1.363247083755278144e+00 1.387576660579295407e+00 1.408494255609620938e+00 1.466496685238297459e+00 1.487838612400153249e+00 1.512161303461124540e+00 1.569589506588864536e+00 1.607786258277787761e+00 1.646634771143580034e+00 1.678828297409015180e+00 1.729807446731012499e+00 1.786762343812271725e+00 1.810661022480141602e+00 1.844976809939789630e+00 1.922911868599948448e+00 1.970983232462825585e+00 2.031769299650923788e+00 2.063713531338982055e+00 2.104975657301831227e+00 2.131416674003818734e+00 2.258040246285708097e+00 2.287011356213124458e+00 2.322585079938698893e+00 2.395051719879866425e+00 2.494657721178759946e+00 2.510269116493122787e+00 2.591591053962708724e+00 2.670227675366659170e+00 2.762980769657867874e+00 2.838140797732982890e+00 2.884939357798020243e+00 3.311127461043131159e+00 3.443488846138242465e+00
1.316962235223105293e-01 2.827280844435309248e-01 3.397176482347353810e-01 3.962982930334431053e-01 4.314056640983666147e-01 4.931193353630977660e-01 5.073299320222812714e-01 5.597616147030143319e-01 6.227737359680679541e-01 6.368751871466418191e-01 6.728624338516377978e-01 7.090639792662284391e-01 7.404557904592994344e-01 7.963573803369271564e-01 8.601523071305509083e-01 8.969539332577958213e-01 9.216769293899528259e-01 9.584353100301897799e-01 1.012992551311009626e+00 1.037155855261629567e+00 1.107436906628106676e+00 1.136610544181529958e+00 1.176430637752812869e+00 1.237967462499834026e+00 1.279958550042661125e+00 1.314345668870593231e+00 1.336405491769201870e+00 1.369156353649891633e+00 1.396838716463689067e+00 1.412767395131219184e+00 1.461106252927323101e+00 1.494595571563138714e+00 1.512686535540595845e+00 1.573015154708818475e+00 1.603606823963506178e+00 1.645890621660207387e+00 1.688251791777409583e+00 1.728375613276506462e+00 1.782395610857851365e+00 1.809150664977753120e+00 1.840064116215862633e+00 1.923381902016476186e+00 1.964958036057055324e+00 2.044000167509449017e+00 2.068562515560573356e+00 2.119075451804074639e+00 2.143035920822210727e+00 2.263070375634713027e+00 2.283696746941252353e+00 2.354739320330289765e+00 2.405380910487318058e+00 2.482506601570381832e+00 2.502247112246431371e+00 2.577479013440500566e+00 2.640794401070686526e+00 2.739544808782403251e+00 2.806526560463117992e+00 2.864952720136670905e+00 3.295507176050244347e+00 3.428984284569203567e+00
2.729236487561601532e-01 3.379457045467515464e-01 4.112229901693920109e-01 4.298447542349705941e-01 4.932174038912444103e-01 5.248960440938414962e-01 5.325590101520248920e-01 5.878595226152789621e-01 6.395434490131380878e-01 6.612093181799606478e-01 6.964045452717892992e-01 7.293661529954780232e-01 7.583392838044429318e-01 8.111591685546902797e-01 8.754711398582762927e-01 9.004148234211754032e-01 9.363863404635405230e-01 9.787465419675238643e-01 1.023110349882055292e+00 1.048129723640878197e+00 1.111634508946641064e+00 1.136935905153566573e+00 1.187808802343209180e+00 1.238688685160540537e+00 1.276372572898667901e+00 1.313867794693195368e+00 1.334662125510026387e+00 1.379061427788965233e+00 1.404105151987265598e+00 1.418009377163855111e+00 1.456951750603744156e+00 1.495711059536480203e+00 1.519013019756635163e+00 1.576842353870865798e+00 1.601535694627691075e+00 1.644257039436146872e+00 1.694670545890738733e+00 1.724098906507623541e+00 1.771627377784217083e+00 1.808125747652807647e+00 1.836605989670958339e+00 1.918806587855154788e+00 1.960468896920200876e+00 2.045335312559903862e+00 2.074392210815977577e+00 2.131166574959829418e+00 2.157207253789846124e+00 2.263641090537866774e+00 2.278353719110552955e+00 2.369009240782079750e+00 2.415187520684444422e+00 2.473673135515724653e+00 2.498684082319996502e+00 2.566697500969106649e+00 2.615694268270968514e+00 2.714959788813831931e+00 2.778920808730678704e+00 2.853353938794654265e+00 3.279238703654522968e+00 3.414236919919318769e+00
2.939214690513408113e-01 3.743481922726294431e-01 4.605190325047629485e-01 4.983392910142235843e-01 5.362130390927466461e-01 5.513122996421793154e-01 5.764599469362734485e-01 6.316975259963967249e-01 6.680559761137550012e-01 6.820640473455579222e-01 7.168681580970590606e-01 7.598408905249991463e-01 7.792233199103152375e-01 8.318173344033384931e-01 8.897702001975180686e-01 9.020250831742508968e-01 9.602809167236898702e-01 9.993831893516388343e-01 1.029323698873947368e+00 1.061522326425764717e+00 1.110014465341120804e+00 1.149208321266386390e+00 1.197055556857488989e+00 1.235540629422827941e+00 1.267820788910412277e+00 1.307363313969702956e+00 1.330235359307517795e+00 1.389846089887707192e+00 1.400487033510314339e+00 1.427375167788869081e+00 1.456557148159431492e+00 1.499952029099569373e+00 1.529827848457416373e+00 1.580369940849487120e+00 1.600404909554662192e+00 1.641584195550321867e+00 1.697079062308931352e+00 1.715885220157493229e+00 1.763154842811803791e+00 1.805260884954937639e+00 1.837038554708070315e+00 1.906792610620175799e+00 1.959142909868440752e+00 2.041109106366445491e+00 2.077003849269832170e+00 2.144861405315966252e+00 2.163338576701278271e+00 2.260013251630917264e+00 2.274241348212935776e+00 2.363911607492284794e+00 2.412949817114453666e+00 2.464009799024633018e+00 2.494329246971498826e+00 2.554818150381402475e+00 2.612863825101873871e+00 2.691308051325965067e+00 2.763034338007204216e+00 2.849582901867581786e+00 3.262878895344612840e+00 3.399753835156393400e+00
2.926440363210015549e-01 4.043326706892059197e-01 4.861771850456723665e-01 5.326514770188648384e-01 5.683270093806827017e-01 5.974645364024999683e-01 6.004959413328373463e-01 6.688905063388803640e-01 6.937198936774154889e-01 7.262477808469377516e-01 7.476159989646763426e-01 7.848337504242594020e-01 8.006417013770448232e-01 8.565246812640781027e-01 9.025815270113213273e-01 9.195377034328540145e-01 9.866275303998565116e-01 1.015980973664007969e+00 1.032469708086401150e+00 1.076024922169388498e+00 1.106242782321571250e+00 1.165199582037728998e+00 1.200682217319763101e+00 1.238710304275084217e+00 1.253963072162124881e+00 1.303177958019360982e+00 1.326072001306557446e+00 1.389322658694310597e+00 1.398827398415018797e+00 1.434128402185554929e+00 1.460327115384709495e+00 1.505942525731269965e+00 1.543724049288991207e+00 1.581798737027303892e+00 1.600783260667552499e+00 1.635357124946204888e+00 1.696188817169843377e+00 1.708286550214896060e+00 1.761135588266759422e+00 1.804045876473283183e+00 1.839268324712524105e+00 1.888945213583890892e+00 1.959011428070506211e+00 2.035048123339490811e+00 2.076011381181070092e+00 2.150059737708617025e+00 2.167258491130601872e+00 2.251916342990332165e+00 2.270348426110936124e+00 2.349179043798364397e+00 2.399504261545749362e+00 2.449444395535320673e+00 2.481112284663314238e+00 2.535877395254706013e+00 2.635858233280213181e+00 2.674344400221633222e+00 2.760798579840405331e+00 2.853486539899767305e+00 3.246961019575133722e+00 3.385918310292528322e+00
2.842381405901243108e-01 4.268796132049129666e-01 5.042988368973445601e-01 5.530908171809423290e-01 5.894220401763489159e-01 6.210294385855898991e-01 6.361480653302868937e-01 6.890039540835319887e-01 7.256166110326511820e-01 7.473479456026389522e-01 7.854043337408381786e-01 8.119328229144718856e-01 8.225226629222738284e-01 8.762412612839020065e-01 9.185794240735343230e-01 9.505096545733523472e-01 1.003489630213333594e+00 1.023203016738018833e+00 1.042699769202754645e+00 1.091865480946128120e+00 1.106302096628242193e+00 1.168974539852035477e+00 1.205250529374194635e+00 1.233417007738881743e+00 1.260996639719571766e+00 1.304412558796711030e+00 1.325129265367141151e+00 1.381931186245490162e+00 1.398046975543036474e+00 1.436971671028820952e+00 1.468991531949163543e+00 1.511493626139063018e+00 1.554589808295812725e+00 1.581082286178099316e+00 1.601371213186337794e+00 1.624951716682497160e+00 1.693210498557446986e+00 1.707780082292393198e+00 1.766360142239519648e+00 1.805692297298616023e+00 1.840587621023560327e+00 1.868791830788689268e+00 1.957737188013143559e+00 2.028677798687718692e+00 2.072168443025602436e+00 2.139198081963248566e+00 2.176721897134458850e+00 2.241168384932128887e+00 2.263711198693195481e+00 2.331013326807209296e+00 2.379828083277611306e+00 2.429774124225084098e+00 2.462692154010079015e+00 2.521453883023300868e+00 2.660142517880145885e+00 2.667899448007726271e+00 2.770462249388015774e+00 2.864746292936514838e+00 3.231979146930286095e+00 3.372960318372882682e+00
2.713633647851543262e-01 4.424371194152311171e-01 5.168208524455518704e-01 5.713400630304023009e-01 6.061529952203077443e-01 6.441940101632551707e-01 6.554557456782770242e-01 7.022727118587018813e-01 7.491214594222614931e-01 7.670380467644378752e-01 8.032618076336572877e-01 8.289945711314896659e-01 8.511311347719925369e-01 8.932426783148915694e-01 9.367106023449088825e-01 9.819250162633782475e-01 1.000599000520113524e+00 1.019480530607473234e+00 1.065627985616268036e+00 1.101018698054915479e+00 1.114631441527829114e+00 1.173840347539188089e+00 1.196918693109594090e+00 1.238372224403615496e+00 1.276924562990375822e+00 1.305496832416810138e+00 1.331534600276162328e+00 1.378255008787036884e+00 1.396173272247355435e+00 1.442146492121198387e+00 1.475962568882902115e+00 1.517866178088006945e+00 1.557957693488790429e+00 1.578683322162748981e+00 1.599809027859627752e+00 1.616771995337314083e+00 1.691827492980540804e+00 1.711314508605565221e+00 1.775095513347071163e+00 1.809617777605172728e+00 1.836915380355531147e+00 1.853969106771526265e+00 1.954102698949575778e+00 2.022666592468713720e+00 2.066542271336442305e+00 2.122175437331806691e+00 2.184029717329227793e+00 2.228919531493614770e+00 2.254560743620389829e+00 2.312588076801981529e+00 2.357097728650045187e+00 2.405270549108740941e+00 2.448542010985175210e+00 2.515177718065663370e+00 2.657779563390897160e+00 2.689029422621184384e+00 2.786033988775534986e+00 2.882285050219660416e+00 3.218375127731980090e+00 3.360957232303492415e+00
2.548259084510939854e-01 4.516810715692384792e-01 5.247648888775471310e-01 5.875639208933892688e-01 6.206236918381543566e-01 6.614050492289416106e-01 6.673294617731495570e-01 7.137107019668742502e-01 7.577508559098611318e-01 7.840234275492652394e-01 8.090788602944460894e-01 8.400402695417810151e-01 8.739364052421164653e-01 9.104534997119700934e-01 9.497165789615451548e-01 9.928448531917583031e-01 1.003869336581507898e+00 1.016389731849066003e+00 1.082773776015875544e+00 1.102796982350446653e+00 1.131892624741436704e+00 1.174475232929736546e+00 1.200233122405111041e+00 1.244005635803812737e+00 1.284447652793376360e+00 1.306427910966283301e+00 1.336630396378586827e+00 1.387056630365760101e+00 1.397964071995024593e+00 1.449859040227694296e+00 1.479665745903686602e+00 1.524130835560719044e+00 1.553012637190303025e+00 1.575562304536769931e+00 1.598566254591611280e+00 1.616186158977309884e+00 1.691494862646298669e+00 1.716092247222845479e+00 1.777516847958025004e+00 1.814366499217036965e+00 1.830232613233241601e+00 1.851741875985238206e+00 1.947630260233827126e+00 2.016886321269358184e+00 2.061046399349744540e+00 2.104164599882045295e+00 2.184683857974230037e+00 2.218253290235081110e+00 2.245299495367678588e+00 2.294564548656223391e+00 2.333166621068292645e+00 2.383241457820741704e+00 2.440173072850071012e+00 2.516321197500039908e+00 2.653342453054484462e+00 2.711103173902623453e+00 2.800833338781762993e+00 2.903524165212719499e+00 3.206522673575748161e+00 3.349876226410109403e+00
2.354572757276368888e-01 4.555705009038205633e-01 5.259500262672094362e-01 6.002302065796586428e-01 6.329108728435670628e-01 6.657978837807126959e-01 6.822920844892659265e-01 7.211260230530150972e-01 7.589802426554930204e-01 7.892855897202059046e-01 8.128004087523550414e-01 8.489463547292799284e-01 8.891840420604857353e-01 9.227760590338780489e-01 9.536160786638446796e-01 9.887457409088925564e-01 1.000732988059144679e+00 1.034946332210259001e+00 1.093558161533517703e+00 1.113555027068408920e+00 1.142927120507144734e+00 1.170408659179653199e+00 1.207844120985463565e+00 1.251695898069559165e+00 1.283595562721826067e+00 1.301149878538775617e+00 1.346714510966519507e+00 1.398683092753685075e+00 1.405003917613559805e+00 1.455971229401935352e+00 1.480243583623581438e+00 1.530388950074575760e+00 1.541307831989223498e+00 1.574241205964782786e+00 1.601653036651095485e+00 1.622035381102157725e+00 1.687314119167887538e+00 1.724138506680499949e+00 1.770672400212534692e+00 1.816112397316844485e+00 1.833938094857471723e+00 1.855046283610747304e+00 1.938487671316084127e+00 2.010958300470523596e+00 2.058242632158360674e+00 2.087058542012191875e+00 2.176039115215720798e+00 2.213665399943200551e+00 2.237897407869783084e+00 2.275635645611127966e+00 2.311289432114634668e+00 2.368430510357055319e+00 2.434805764582826715e+00 2.524750333655776391e+00 2.649835843316129314e+00 2.730576126928281777e+00 2.812165444145791948e+00 2.924911681328146607e+00 3.196701314735379107e+00 3.339661092838250411e+00
2.145160150094074236e-01 4.550839932183671221e-01 5.186725311960056484e-01 6.042139498844772971e-01 6.449259872195401977e-01 6.665983563674484635e-01 6.920672295318671674e-01 7.211879691402343084e-01 7.538160957861340661e-01 7.960877344327355054e-01 8.195983785625460261e-01 8.522745913892205705e-01 8.964877190999944734e-01 9.313442998029165532e-01 9.551939831898759170e-01 9.806729147142049241e-01 1.008260374368963985e+00 1.049310252172850788e+00 1.105475879928828453e+00 1.120963498762908461e+00 1.147089446293368065e+00 1.169669187111642028e+00 1.210712114539207906e+00 1.256130283934211223e+00 1.284246857329013114e+00 1.292901772913165326e+00 1.361526370815354436e+00 1.406300766158048887e+00 1.413521709673573490e+00 1.456430200952078424e+00 1.476025410763756041e+00 1.526855134538272374e+00 1.539160662088408182e+00 1.573244521358559300e+00 1.603293694507573308e+00 1.638009086719531160e+00 1.679633054080643895e+00 1.735955377386711129e+00 1.762060802336805843e+00 1.817237662696155498e+00 1.840861109730767442e+00 1.860186050833556148e+00 1.927575142070020009e+00 2.005847354399644455e+00 2.056850971190372857e+00 2.071873372853873629e+00 2.165148367413319175e+00 2.212117346118709804e+00 2.232566523403558101e+00 2.256038827751071452e+00 2.295364711211115516e+00 2.357921801525496353e+00 2.430971579401082661e+00 2.540074992248118502e+00 2.648094038495350855e+00 2.745642982489468142e+00 2.820304881834800881e+00 2.943613538125109841e+00 3.189057424249087891e+00 3.330348832309551366e+00
1.937673124535455038e-01 4.513315616628683080e-01 5.041882778343080851e-01 5.988254713149884223e-01 6.479485316651396598e-01 6.718134667802111437e-01 6.922786484416063590e-01 7.163404490018584481e-01 7.584069136556746971e-01 8.044160530885601235e-01 8.279563803584835124e-01 8.480342001689328280e-01 9.012036449632778723e-01 9.392279680282955567e-01 9.568558630706668344e-01 9.794240222904181392e-01 1.017150653070081789e+00 1.056701396597705900e+00 1.107479516215815085e+00 1.127331445003746824e+00 1.146254999890090387e+00 1.173880287690133306e+00 1.211765681429957331e+00 1.255522603423334660e+00 1.282890400380418683e+00 1.291369201754118290e+00 1.373632787051700666e+00 1.411574472368625655e+00 1.419495772662935362e+00 1.452470320681568561e+00 1.471912787630476283e+00 1.516935807735146913e+00 1.539976997096896616e+00 1.571122386493911005e+00 1.603572094323642672e+00 1.658316644943929496e+00 1.679738673472243482e+00 1.743054718141269444e+00 1.758269841362120278e+00 1.818960172633907080e+00 1.847585244981640562e+00 1.864722677537117956e+00 1.916601456375112367e+00 2.002286318699989298e+00 2.043524245914788651e+00 2.068314475062775326e+00 2.159823284364226215e+00 2.210272918394724062e+00 2.227189558987044293e+00 2.240538369141081620e+00 2.285543090462969218e+00 2.347748360016758351e+00 2.427999061494920507e+00 2.559635297614997196e+00 2.649398967980379549e+00 2.754254655219422254e+00 2.826491094425041872e+00 2.958215814304030911e+00 3.183564618413409431e+00 3.322177336893333166e+00
1.755571872280232426e-01 4.459175373114984686e-01 4.870331602916067038e-01 5.878986727464878825e-01 6.386664972049358457e-01 6.772939292232746933e-01 6.951929232133806646e-01 7.151475350212749271e-01 7.667975018984308777e-01 8.097399592315884798e-01 8.297129005637068344e-01 8.517889792212480771e-01 9.046513393280787296e-01 9.461077095523321434e-01 9.578144823877361436e-01 9.818738364312949995e-01 1.025544699687300554e+00 1.057402363253368449e+00 1.099110603960234078e+00 1.133523165158464296e+00 1.145163181268870733e+00 1.178090487233218298e+00 1.215847504958452285e+00 1.252902903019278869e+00 1.277164150028147649e+00 1.294110719371230900e+00 1.379449002346660569e+00 1.411185285128118139e+00 1.426986670883904074e+00 1.447724176378231808e+00 1.475505680552723131e+00 1.506699278623884863e+00 1.532058249596986110e+00 1.569321842424481028e+00 1.608778830541514271e+00 1.660116483272425336e+00 1.701138152323421915e+00 1.737463360959997205e+00 1.766495774080422576e+00 1.821359021988691929e+00 1.851699599502102389e+00 1.869890598211786159e+00 1.907434181331267631e+00 1.996867669675408852e+00 2.025483282237353411e+00 2.069972689305063618e+00 2.161537411141481346e+00 2.208012266802409140e+00 2.219791057500373643e+00 2.233118550538833347e+00 2.280827343761830495e+00 2.336630706349488662e+00 2.425662624864604044e+00 2.577835970978155977e+00 2.655187622894799482e+00 2.755604037210230839e+00 2.831594955594021190e+00 2.968376340175120642e+00 3.180016800035913249e+00 3.315623833982383584e+00
1.627544716359101140e-01 4.410037616650161474e-01 4.734778762239439387e-01 5.765716537626689453e-01 6.303059005263423886e-01 6.778012967264088751e-01 7.037241599231008893e-01 7.141729498617477301e-01 7.756215479902640597e-01 8.042452978488415782e-01 8.278688580218412918e-01 8.702180429952667273e-01 9.035353771014680291e-01 9.471432562882227124e-01 9.607454524923922934e-01 9.838701951312472938e-01 1.030862766237738981e+00 1.056752908668277646e+00 1.089822436345506018e+00 1.131344854121269616e+00 1.150715679699408245e+00 1.179794475176638713e+00 1.221258466518141850e+00 1.252413832341306099e+00 1.268759479919015387e+00 1.296092029269265700e+00 1.379220207083056593e+00 1.415255625444150400e+00 1.425737542133204583e+00 1.451221389732224587e+00 1.480904243822423583e+00 1.499179765576767354e+00 1.518670592314514067e+00 1.568878430965832127e+00 1.620390673622431166e+00 1.653115426483368955e+00 1.711749672099022401e+00 1.740145183036288623e+00 1.776547907041480023e+00 1.823393767501082285e+00 1.851494884971966570e+00 1.876783896593767542e+00 1.901306786862736464e+00 1.984307780260583964e+00 2.017224321004160714e+00 2.070739613753747932e+00 2.166020715459763935e+00 2.206423604966836205e+00 2.214331431941007455e+00 2.230031161555674046e+00 2.280089573238601286e+00 2.326458654745530374e+00 2.424091312005726806e+00 2.589273336164285233e+00 2.664229378808111726e+00 2.752010471339491282e+00 2.835296239158944243e+00 2.974278169622520895e+00 3.178092013457926246e+00 3.311315215776592158e+00
1.580891416684100381e-01 4.389580189397624954e-01 4.684169146779147419e-01 5.717153248310764546e-01 6.274499979452115017e-01 6.779298678431835423e-01 7.080792643937137143e-01 7.129096367525421529e-01 7.819191418037941821e-01 7.973616676822627980e-01 8.277591808287155795e-01 8.857279876708683553e-01 8.963186114263796966e-01 9.461256100960165893e-01 9.625634758323710072e-01 9.847924709655959674e-01 1.031565482397778677e+00 1.058058768396526794e+00 1.085187516921256368e+00 1.129824680572628859e+00 1.153431471211710413e+00 1.180591678686586876e+00 1.222740654609965727e+00 1.257392967756225222e+00 1.260414063400839169e+00 1.296762963492724685e+00 1.378296169877460287e+00 1.418984530809979772e+00 1.423610753658856920e+00 1.453419657542422971e+00 1.481905228749387238e+00 1.502900829950963191e+00 1.507058251374070901e+00 1.568879317780185634e+00 1.630319357473931641e+00 1.645364517359830803e+00 1.710879338681862372e+00 1.745098086833111850e+00 1.782195483121388202e+00 1.824026749474376707e+00 1.850426979425513263e+00 1.880544111473313684e+00 1.899044484657781195e+00 1.976620809978486992e+00 2.015899249678059224e+00 2.070857012563139588e+00 2.168130466426350100e+00 2.206088658800327007e+00 2.212448032028835332e+00 2.229049294128835346e+00 2.280617477441458707e+00 2.321941379111064130e+00 2.423529842669461143e+00 2.592858768084812304e+00 2.669146015780586190e+00 2.749408355456643971e+00 2.836675713920972619e+00 2.976204289096978872e+00 3.177491251676355599e+00 3.309804655921035010e+00
1.672063441120287819e-01 4.176195756830059502e-01 4.999387488992993456e-01 5.408507885441901086e-01 6.351943282796150836e-01 6.446622909423190828e-01 6.927700456402278162e-01 7.388678753562659685e-01 7.584401125508727359e-01 7.874197402569717008e-01 8.163728988730195590e-01 8.640280164449982703e-01 8.948308791968476728e-01 9.391403163414983046e-01 9.850255915667341933e-01 9.958063768322138465e-01 1.037997515832091100e+00 1.069756613364434283e+00 1.088957119488829672e+00 1.110572209358408280e+00 1.134762007749745338e+00 1.182752169754180516e+00 1.223412163833356825e+00 1.275841502413779693e+00 1.302110053940891632e+00 1.332521334262169344e+00 1.375118069932409703e+00 1.386789030825006819e+00 1.395016212544287759e+00 1.449170642623702099e+00 1.468835631688974352e+00 1.502481621241565923e+00 1.535652002533713256e+00 1.565461533375826164e+00 1.606164488778358823e+00 1.658217818669594390e+00 1.718968577186664515e+00 1.741337594477985418e+00 1.784204592905477504e+00 1.829000402453993868e+00 1.832674278528390932e+00 1.875014640183063408e+00 1.895667971253221396e+00 1.964771126159075454e+00 1.994293491436818666e+00 2.086030501173316676e+00 2.175332902830895421e+00 2.203451281913637150e+00 2.217394355531422168e+00 2.226769271150516705e+00 2.288750154136193871e+00 2.315925328251437598e+00 2.415883024454888339e+00 2.600727366841938615e+00 2.662332341159500348e+00 2.774475593263017181e+00 2.839829392225957871e+00 2.974025569207215725e+00 3.170781174065815389e+00 3.309429974163200505e+00
1.710340239501834669e-01 4.197119698315622816e-01 5.067140321844980644e-01 5.432973314170956858e-01 6.363485365315001419e-01 6.460752925388775214e-01 6.942651003912743146e-01 7.356904005089530685e-01 7.563045250322000257e-01 7.880874270925364300e-01 8.181200168264375350e-01 8.596859535650115403e-01 8.950412198206477710e-01 9.365632985680635292e-01 9.808355317466161960e-01 9.978307102811962981e-01 1.036756347021489999e+00 1.065675247072437104e+00 1.093746235153821189e+00 1.112723191767332143e+00 1.136003959805621522e+00 1.183493468900147061e+00 1.224000438518043632e+00 1.275680578861051906e+00 1.297582786460459214e+00 1.332522724549800142e+00 1.374015203913529604e+00 1.387426789344103906e+00 1.396761695621998589e+00 1.447900105120388581e+00 1.471515522192355041e+00 1.503454016816925920e+00 1.536264359726275286e+00 1.568332725393434268e+00 1.604303424105952613e+00 1.656234113597051971e+00 1.717748755563101026e+00 1.738610879214003813e+00 1.778316938899073607e+00 1.826008876317643637e+00 1.837039053051921833e+00 1.876179077688807428e+00 1.891643247919576165e+00 1.975558490381428278e+00 1.996579617791031103e+00 2.084723784169301375e+00 2.175486913222292262e+00 2.200909480295940135e+00 2.216622351943675628e+00 2.229356375861837325e+00 2.289520604572438778e+00 2.320548977879691499e+00 2.416266099215557350e+00 2.597360489582004828e+00 2.658738005904198509e+00 2.774001744170690564e+00 2.838046675938119989e+00 2.973656176917430116e+00 3.171615434902254727e+00 3.310974952229150059e+00
1.817626748864576980e-01 4.253386223435766667e-01 5.223493737203557252e-01 5.521620521194120501e-01 6.357377071040435368e-01 6.525054653388876469e-01 6.980793567000687094e-01 7.269105907501350883e-01 7.533068763805322865e-01 7.869326928974094137e-01 8.231306483405371743e-01 8.504124330327929027e-01 8.937743855825270867e-01 9.314731803218898598e-01 9.698514643565637749e-01 1.002011319593728134e+00 1.033221257117054703e+00 1.058060637580856778e+00 1.100561264962936381e+00 1.120577138553839891e+00 1.139703785819409010e+00 1.183378546742365423e+00 1.224587957834338381e+00 1.274218621263719431e+00 1.287323001398992472e+00 1.330049748030289969e+00 1.370140868847013804e+00 1.388079306109816891e+00 1.405470629182396625e+00 1.445648266893662770e+00 1.477851981738739884e+00 1.505499356910588116e+00 1.537438372154383392e+00 1.573842751721863387e+00 1.600319366210015248e+00 1.651979124076066840e+00 1.709987377444330381e+00 1.733749726072032704e+00 1.767903013359845676e+00 1.821073821226902867e+00 1.840862789713835657e+00 1.877357181766175609e+00 1.891225993331419497e+00 1.988420653075548827e+00 2.012098895980993785e+00 2.080629910377712832e+00 2.174644827381927215e+00 2.199665509259944418e+00 2.215531536360110909e+00 2.234388924872870774e+00 2.292835192327733917e+00 2.331325304639864537e+00 2.417541644438838677e+00 2.585656835449987589e+00 2.652262951299807270e+00 2.770546880770492493e+00 2.833566443129464041e+00 2.972039065960335513e+00 3.174104224432167332e+00 3.315378862213769207e+00
1.974965002193937724e-01 4.325368666059424827e-01 5.351200716003057245e-01 5.706695379748900621e-01 6.337360098340832915e-01 6.583970792956939100e-01 6.998848778731504572e-01 7.180600887761792173e-01 7.555863512936729087e-01 7.795254258952440951e-01 8.289734827637603720e-01 8.414942550865537330e-01 8.907900794242137321e-01 9.267725428465728443e-01 9.558857245955233450e-01 1.005290328480055173e+00 1.029499750053064266e+00 1.048980090186884206e+00 1.106115086955862248e+00 1.127557673509328007e+00 1.146730416764974114e+00 1.181305572349714561e+00 1.221266423515887878e+00 1.268040549929241312e+00 1.277825749663129562e+00 1.324720737996180064e+00 1.363399694300072129e+00 1.386803013823986186e+00 1.421554294321026202e+00 1.445580866214503990e+00 1.486441659211045652e+00 1.505286781930601503e+00 1.537952216253116067e+00 1.572016965860135285e+00 1.600107090083884520e+00 1.650462258778438107e+00 1.693197153435157531e+00 1.730989486345713368e+00 1.760399074503561812e+00 1.814890448446016880e+00 1.841207241809450945e+00 1.875039218000872143e+00 1.902047109958178384e+00 1.993739506741465162e+00 2.038852785256484612e+00 2.073989884974587916e+00 2.174914059044939396e+00 2.202385414287323595e+00 2.217230159092583808e+00 2.241157823195377929e+00 2.299436941899640097e+00 2.343628896843658715e+00 2.420158259266719458e+00 2.565198997021036043e+00 2.649055284661647303e+00 2.760921760248360446e+00 2.827958018354805425e+00 2.967953666595657847e+00 3.178233481603172539e+00 3.322061343199486760e+00
2.159325869132792119e-01 4.386184814095516193e-01 5.414760030997981533e-01 5.897000815623133496e-01 6.337426240654201459e-01 6.561037470284104556e-01 6.944342901758933095e-01 7.165320567724184908e-01 7.633012098508188403e-01 7.708252789347390665e-01 8.239801628434476610e-01 8.382700356069618941e-01 8.885674241800083362e-01 9.219586666024393029e-01 9.449680875609608455e-01 1.004184941710458912e+00 1.027696535337018657e+00 1.040734596215588503e+00 1.107722536770558097e+00 1.126800079006789801e+00 1.155202722880283028e+00 1.180500322180639605e+00 1.211008026217771816e+00 1.257432463579558179e+00 1.271948260671051711e+00 1.318887763977858008e+00 1.354490563732968944e+00 1.382729505153176275e+00 1.436532567725748777e+00 1.449626058099181103e+00 1.492678799159566916e+00 1.505343371964918964e+00 1.535844047084885755e+00 1.563472438444758472e+00 1.601756504805179615e+00 1.656168811090460435e+00 1.674915571172215678e+00 1.723939347947461842e+00 1.761961460043789618e+00 1.807970736299188586e+00 1.840166325630983257e+00 1.870718279512693538e+00 1.916843309642157767e+00 2.000328034033272306e+00 2.060746918399168681e+00 2.069709677428205996e+00 2.181069961562406068e+00 2.203952075847206427e+00 2.223850316253405790e+00 2.251821766071604003e+00 2.309868796054984408e+00 2.354982859059747913e+00 2.424870045554442743e+00 2.541069657906837698e+00 2.649683478188563424e+00 2.744587179742213223e+00 2.821590440459586180e+00 2.960088156317926877e+00 3.184037628354878358e+00 3.330353726061932473e+00
2.349145028059572704e-01 4.411928496294418856e-01 5.439727006040060431e-01 5.943299641383029686e-01 6.322249166429398937e-01 6.518683016240989225e-01 6.866198580296832832e-01 7.186987339164776500e-01 7.547618754181747436e-01 7.770447481132753964e-01 8.127449433812715673e-01 8.351556417967445078e-01 8.830421812102302592e-01 9.164991629604875012e-01 9.408040185756718632e-01 9.958574283750959433e-01 1.024274276308892118e+00 1.041038062548016896e+00 1.097004398426194793e+00 1.126799897459009214e+00 1.157912782993207657e+00 1.179795756942168206e+00 1.197308944494668514e+00 1.245923263994384245e+00 1.270445818246408454e+00 1.313074547877348675e+00 1.343598577784891557e+00 1.376300407153983940e+00 1.440599245778454662e+00 1.455871513241545623e+00 1.483140932508373311e+00 1.519404416596313201e+00 1.532497813761608985e+00 1.559354298460477573e+00 1.600329659688892514e+00 1.657596875545879422e+00 1.666066973097293902e+00 1.716211346560715834e+00 1.770020597283552100e+00 1.801379432620658916e+00 1.838573097375234111e+00 1.864859664569238573e+00 1.931306106466234684e+00 2.009048460280322246e+00 2.060429779648066617e+00 2.086684603427042983e+00 2.190984107769813782e+00 2.205417616878682097e+00 2.233350597115456360e+00 2.266656918859936365e+00 2.325626130774685496e+00 2.365697887880012118e+00 2.432206737814564868e+00 2.519401631140719466e+00 2.652269733967719478e+00 2.723586926348264381e+00 2.813667419491685528e+00 2.947592801990958300e+00 3.191607919953945771e+00 3.339744204137592654e+00
2.526637163003569997e-01 4.387757356761322058e-01 5.438666312837436845e-01 5.843384945176256506e-01 6.199990648979654129e-01 6.526581971097631385e-01 6.789508720184717072e-01 7.171578260616753298e-01 7.458319315356605195e-01 7.706247141339224171e-01 8.042511823366036428e-01 8.299938475436874352e-01 8.706074932375034159e-01 9.111025091904573214e-01 9.352724197339873369e-01 9.815202693474122109e-01 1.021773901859028610e+00 1.046721052909136640e+00 1.077792624580640402e+00 1.122760691716274239e+00 1.152393877984315029e+00 1.177954725349155796e+00 1.190017298404649759e+00 1.232525287618688514e+00 1.274092224439559828e+00 1.305905483790941846e+00 1.332344682843917605e+00 1.369317425987712999e+00 1.428769060020273374e+00 1.461756009420221325e+00 1.476365076309062330e+00 1.519493302759305831e+00 1.547002472936134243e+00 1.558306534212080985e+00 1.596849882985696301e+00 1.645937185289100047e+00 1.671668617179305594e+00 1.713990333419554757e+00 1.771822839085538837e+00 1.800868226481287637e+00 1.837371221311619562e+00 1.860346047217928733e+00 1.943569051473279519e+00 2.017426846851337885e+00 2.062252532763272139e+00 2.105002675791204148e+00 2.194070671008097939e+00 2.213419578394189458e+00 2.245276393490316824e+00 2.283437356934935991e+00 2.347144459471655065e+00 2.379088122956062978e+00 2.441817264738532778e+00 2.504188088578267024e+00 2.655142899071946339e+00 2.700857103626022493e+00 2.803622491754989010e+00 2.930544566902594461e+00 3.201043417275367009e+00 3.349985921091327867e+00
2.678156343995814481e-01 4.307122436237035279e-01 5.414888569068954105e-01 5.667957985504059604e-01 6.034160209051343537e-01 6.480206903579043276e-01 6.694550304277264718e-01 7.041679894878833945e-01 7.386165677069745916e-01 7.556773833287508957e-01 7.941051522992226275e-01 8.149058198865369862e-01 8.515078388384560437e-01 9.044523334522380775e-01 9.272070636230099749e-01 9.615332644992269362e-01 1.020403704124433375e+00 1.045437229741631002e+00 1.056747571488968473e+00 1.105948173865608952e+00 1.143374949368089588e+00 1.184743702313670877e+00 1.191067358379271246e+00 1.219456371835782260e+00 1.270268522913743148e+00 1.297097904967856818e+00 1.328749442486538479e+00 1.364501039423252848e+00 1.411518631066507767e+00 1.462730535459347836e+00 1.475948185383503253e+00 1.517196310419312466e+00 1.555098278310852677e+00 1.564471940613929135e+00 1.592940273588677735e+00 1.639378231864065061e+00 1.676345337231150312e+00 1.715709307323252109e+00 1.761750975744886594e+00 1.804895716102284497e+00 1.839856862948576977e+00 1.861432016125068145e+00 1.952669684993390442e+00 2.024261999639967335e+00 2.068763271756936639e+00 2.122136811854643756e+00 2.189947433278391031e+00 2.225135210425348564e+00 2.258242125089713337e+00 2.301552695034874585e+00 2.370303225521199764e+00 2.399970878868668667e+00 2.452723837601427093e+00 2.497746643931590960e+00 2.656035128115039612e+00 2.680271136780254526e+00 2.791902826258565451e+00 2.910379957542813756e+00 3.212378913056389340e+00 3.361056326060551047e+00
2.793608772241420457e-01 4.165101158131127579e-01 5.340349791363303567e-01 5.486762471639359262e-01 5.844802982893398946e-01 6.354576731965402292e-01 6.511556328874826827e-01 6.839400089053138121e-01 7.196945300707040527e-01 7.415982975451347325e-01 7.751242251678364115e-01 7.955151874838587434e-01 8.250062708008726320e-01 8.898221645126191959e-01 9.234743061516530460e-01 9.372447567390480572e-01 9.998116809091245338e-01 1.031771806322327789e+00 1.045580752806575475e+00 1.088502400279280691e+00 1.131623670867373255e+00 1.183983633036183480e+00 1.201763822822612182e+00 1.218343880854258598e+00 1.254650899186028568e+00 1.292448918749218523e+00 1.332743194525404462e+00 1.365044072392497032e+00 1.399803018828181367e+00 1.460065098395668892e+00 1.474435362852236864e+00 1.515704977386636454e+00 1.554645006393302165e+00 1.569026145602808953e+00 1.590572736901104900e+00 1.639666983654527455e+00 1.682156639199748227e+00 1.716266101319016357e+00 1.753207389967193608e+00 1.804072591593334662e+00 1.842055972399260222e+00 1.872819158548530760e+00 1.958257302664039301e+00 2.030684563901644868e+00 2.076313168656181762e+00 2.136372576892322961e+00 2.182874507153937049e+00 2.236258005215999489e+00 2.269459861427355563e+00 2.320419359798832293e+00 2.390955075459591406e+00 2.427727065149402286e+00 2.464432717279970042e+00 2.501682606050438462e+00 2.646907921690292653e+00 2.671611052520666885e+00 2.780464970704635608e+00 2.890078202092736248e+00 3.225531361185482115e+00 3.373033875114102909e+00
2.863617608919921675e-01 3.952213271956291352e-01 5.145303564226595405e-01 5.358913714796742500e-01 5.630059844855990203e-01 6.065108907224099344e-01 6.238842920106029144e-01 6.560339549999018027e-01 6.905319563841691988e-01 7.267219410541310154e-01 7.391355208616751105e-01 7.839504569628376052e-01 7.973513459834903339e-01 8.703354680732362514e-01 9.007740629235169161e-01 9.284346919144944588e-01 9.641210853881935217e-01 1.002856913983855014e+00 1.048649604618123954e+00 1.076142645353541649e+00 1.119199177109525767e+00 1.164246264602041947e+00 1.207895495064531310e+00 1.230869663791786417e+00 1.254061976909420784e+00 1.291174642401373474e+00 1.337415996268007223e+00 1.369444460098605987e+00 1.395300202546369217e+00 1.456342474405600385e+00 1.467544772941137499e+00 1.511247574208933742e+00 1.555190131941855514e+00 1.562320402815742693e+00 1.590045609300414942e+00 1.645640932533314338e+00 1.688907249830918111e+00 1.712732062716896264e+00 1.757137800235656799e+00 1.801107013371329391e+00 1.840413507548682714e+00 1.890461737268633424e+00 1.960560296797614788e+00 2.037080156528120689e+00 2.082275169842115137e+00 2.143889104012999702e+00 2.174406754173151768e+00 2.246299388831289434e+00 2.277325280277665787e+00 2.338032405050729068e+00 2.408548883513492278e+00 2.453539535732831123e+00 2.477052693843487141e+00 2.516247565329406299e+00 2.627832082037331318e+00 2.678020759686683849e+00 2.772865000056535134e+00 2.873544891546387703e+00 3.240279322194052902e+00 3.385968373411105681e+00
2.866569395989474467e-01 3.653504006158869166e-01 4.868680506874253355e-01 5.073440133806250696e-01 5.386746839746285875e-01 5.573796569042858140e-01 5.901495452107254902e-01 6.142249646398002527e-01 6.704432510247916310e-01 6.828312072809537003e-01 7.217763468941882365e-01 7.648891651055109708e-01 7.833628980070298509e-01 8.397924290107455780e-01 8.839473410842106915e-01 9.155484280144273734e-01 9.379676739028771637e-01 9.737336270821629336e-01 1.045464713099435894e+00 1.068756152350438526e+00 1.103052359607633148e+00 1.149150523607296748e+00 1.199869794123430422e+00 1.237531192475150643e+00 1.275816311356415156e+00 1.294255220674446427e+00 1.339617964230648051e+00 1.372778036168772919e+00 1.394965662057651157e+00 1.447110553012166623e+00 1.460758668482907474e+00 1.502970541030716811e+00 1.547314591041511367e+00 1.562286249438586294e+00 1.589808860615751662e+00 1.649264832193709562e+00 1.696144022421377295e+00 1.711890399762602044e+00 1.770120261208152579e+00 1.798546565640573025e+00 1.837515581290003697e+00 1.907772397449050139e+00 1.960139239951635526e+00 2.043235705965265936e+00 2.085016646238182503e+00 2.141302315299591807e+00 2.165570767701045618e+00 2.254509631459167718e+00 2.282109892975800580e+00 2.352030840616927687e+00 2.420938609973079636e+00 2.470323761756937575e+00 2.488099337392349675e+00 2.538013306647136869e+00 2.610327341999809203e+00 2.696557555079699853e+00 2.772605045930073064e+00 2.864076655818418082e+00 3.256267188666368995e+00 3.399790282169481426e+00
2.677810626634815616e-01 3.253052738547531075e-01 4.159295953483024832e-01 4.577491738376708863e-01 5.022113541534202197e-01 5.199452428466728726e-01 5.547357755618106401e-01 5.664086796891252273e-01 6.434676437887111300e-01 6.746113557822914775e-01 6.995347162896616844e-01 7.468032039925167620e-01 7.684346233426331274e-01 8.027741841530792177e-01 8.755727175943375240e-01 8.985244692781758635e-01 9.249416218154475899e-01 9.531809094579897224e-01 1.030576463859783631e+00 1.059266148912791250e+00 1.092795711264724634e+00 1.143937115330584620e+00 1.185412276005467280e+00 1.246443592927862776e+00 1.286073754409303271e+00 1.303641716502986769e+00 1.338270722416506464e+00 1.373044502483165674e+00 1.392074191726226706e+00 1.435774504009486030e+00 1.456419544364833119e+00 1.496166104814489195e+00 1.539381939348189565e+00 1.561754486094714567e+00 1.594351928424771137e+00 1.646849502011910049e+00 1.699228972650357106e+00 1.717806921356366479e+00 1.782955394183638687e+00 1.799271306590564556e+00 1.835742439750010391e+00 1.921071449466128955e+00 1.958875558692427576e+00 2.048798862795622178e+00 2.082954973254403708e+00 2.130782748915572178e+00 2.154181473877158748e+00 2.259795964352498743e+00 2.285326665427043213e+00 2.358957061280587908e+00 2.421984423346934534e+00 2.479007190978480324e+00 2.495004822226817964e+00 2.556077556996525058e+00 2.611379204067563187e+00 2.725473306589847322e+00 2.781815514041576787e+00 2.863102913491946566e+00 3.273022653146328231e+00 3.414270339955662426e+00
1.265775936234262988e-01 2.750261172121611919e-01 3.364381381967135320e-01 4.161484392089143669e-01 4.441020864414524372e-01 4.937960312644298355e-01 5.200972902834697376e-01 5.515968722304054328e-01 6.286725266219393982e-01 6.476495500740900857e-01 6.882572096772487935e-01 7.214745792015365700e-01 7.459052179427857476e-01 7.832293176742918250e-01 8.631667496667260187e-01 8.823879865242666432e-01 9.207242409629475821e-01 9.426440733854635212e-01 1.012304291337999596e+00 1.041554791761918342e+00 1.094210244686657729e+00 1.143389544572045446e+00 1.173404997933579663e+00 1.246891216891810039e+00 1.285987105000341524e+00 1.308017948325205682e+00 1.335067430508422914e+00 1.371162613467959090e+00 1.384060078521236692e+00 1.428856811013691663e+00 1.455043931142568470e+00 1.492769984085807522e+00 1.534337784321776033e+00 1.558953091083511655e+00 1.603764572269797295e+00 1.642129282073419239e+00 1.695578353988340226e+00 1.724338072438458491e+00 1.786927152239296657e+00 1.806520402492540534e+00 1.837092292738733867e+00 1.926924743719357513e+00 1.961024525231567672e+00 2.051437815552452193e+00 2.075099670457888568e+00 2.117607532489097721e+00 2.139292862289392971e+00 2.261713068512388070e+00 2.286752508026861364e+00 2.353353352062379944e+00 2.408006294547735848e+00 2.486784108022907169e+00 2.501600637229752344e+00 2.568073174601487541e+00 2.635622227733869671e+00 2.755416949834524232e+00 2.803359564725756758e+00 2.870331645406266841e+00 3.289981528501792152e+00 3.429021866436736232e+00
-2.543583008457238059e-01 2.130912597174557666e-01 3.112208192866137146e-01 3.644735430839105561e-01 3.995106708894805014e-01 4.684606939888278920e-01 5.005708993490398662e-01 5.397867459951062319e-01 5.999981710926595158e-01 6.219713919400856605e-01 6.744042040798509108e-01 6.973902990308075145e-01 7.323210945945900496e-01 7.715707168014429573e-01 8.481308764659478694e-01 8.626430529915329881e-01 9.177482759182085115e-01 9.382633154967336964e-01 9.978939880511565885e-01 1.027144440400461711e+00 1.098036775379591656e+00 1.144175272077102790e+00 1.165659262151522269e+00 1.235935408570546956e+00 1.281350202685268114e+00 1.306034712612783366e+00 1.330906586401157776e+00 1.368104314217931439e+00 1.374723012264942312e+00 1.424231018051974162e+00 1.455808347051463558e+00 1.488285447519621885e+00 1.530865322687239960e+00 1.557029309215621549e+00 1.614382297168481362e+00 1.638850695306344640e+00 1.686535095454912980e+00 1.726815517531066435e+00 1.785017327701681200e+00 1.812886459673553663e+00 1.841491603490835960e+00 1.925782954936831493e+00 1.967896641727725493e+00 2.041869915794506163e+00 2.068493328733947756e+00 2.098867704758828445e+00 2.130850918476660194e+00 2.257891150449002904e+00 2.282216528539168010e+00 2.334997584223833744e+00 2.393284995782920976e+00 2.497587542612658584e+00 2.510748648199237376e+00 2.581445907857423894e+00 2.666591147340263035e+00 2.778726820266775643e+00 2.835927205700610632e+00 2.885186472749877495e+00 3.306517909742978212e+00 3.443532478232628868e+00
-3.356084585162042999e-01 1.469610452474794937e-01 2.816432867895013459e-01 3.280262331041184365e-01 3.667425272893307109e-01 4.424020934186261300e-01 4.873890294981556570e-01 5.216756111600768797e-01 5.645035437031054038e-01 6.152047757387899551e-01 6.502816950962374554e-01 6.861122083811350691e-01 7.198783150514871387e-01 7.602476894043862510e-01 8.286880807686095585e-01 8.459935863337822992e-01 9.057688979966506126e-01 9.330368964564204060e-01 9.916418362390529984e-01 1.021228800320354235e+00 1.100200077707966351e+00 1.145175231997356935e+00 1.162865985667569602e+00 1.220462067329567413e+00 1.275669475533985686e+00 1.301917453688595794e+00 1.322995236311595546e+00 1.360984746226779674e+00 1.369608598287223256e+00 1.420743279870287479e+00 1.455077735237104486e+00 1.477355089645277841e+00 1.525353991579893043e+00 1.557514457423238463e+00 1.620572044771058096e+00 1.640714595894609884e+00 1.674812112491068650e+00 1.726783515361493881e+00 1.778769967203637226e+00 1.815156367046136809e+00 1.847600334079530171e+00 1.922457290113705808e+00 1.975553231614699756e+00 2.020406836448570331e+00 2.064706629235316449e+00 2.076542236170242806e+00 2.132909038089899401e+00 2.231657428358147843e+00 2.276874242609139287e+00 2.322998748185555851e+00 2.384816769833419947e+00 2.510185383676193815e+00 2.520759751826572526e+00 2.596097561873505821e+00 2.695725711683374382e+00 2.798140733618735165e+00 2.867395692300921617e+00 2.908536663481045004e+00 3.321978139677614905e+00 3.457212512434828522e+00
-3.372235163369610156e-01 8.305577196038882448e-02 2.339041402727483343e-01 3.133461201049310141e-01 3.448823350550562217e-01 4.149889340341622046e-01 4.737078488593967074e-01 5.015692168941340290e-01 5.532262388149250532e-01 6.061518839828125005e-01 6.327508379186083110e-01 6.780664997121095272e-01 7.010605339530138203e-01 7.503448963101159164e-01 8.062760550249205016e-01 8.318839605669160475e-01 8.907249462348112434e-01 9.220213590499400924e-01 9.894815547305354508e-01 1.022681873952791198e+00 1.098739632181306103e+00 1.144699338728507598e+00 1.167124142462773628e+00 1.204223613882822175e+00 1.263788500250278224e+00 1.298892802777397604e+00 1.314907116521533581e+00 1.349661793542144217e+00 1.372205383067605089e+00 1.415627186296677609e+00 1.445858892751645808e+00 1.462508757226109291e+00 1.516631118454697447e+00 1.560689157442877617e+00 1.617468295097119535e+00 1.647690477256974706e+00 1.664755108103905146e+00 1.727968573624597992e+00 1.768916860909629074e+00 1.814639815359946118e+00 1.856800287485801837e+00 1.920270113623014252e+00 1.978101834097633516e+00 2.000806591602913631e+00 2.046340144782908155e+00 2.068931694294881662e+00 2.135835709095344814e+00 2.188138287694741280e+00 2.278267919546588249e+00 2.320185616791266447e+00 2.379811482229197583e+00 2.522497898714256337e+00 2.530081850294984669e+00 2.610565445083304681e+00 2.719841603922838580e+00 2.815986377927930384e+00 2.890201435086346748e+00 2.938629789339946008e+00 3.335716561024331561e+00 3.469449838618041682e+00
-2.698707730594811505e-01 2.717651024894493159e-02 1.821324705269677657e-01 2.966118178669145400e-01 3.439987744419681914e-01 3.932902815270072350e-01 4.590708438511909573e-01 4.962100352411804582e-01 5.538048593015058030e-01 5.922360591010982223e-01 6.263587411964912643e-01 6.708696959916189417e-01 6.806017068344688559e-01 7.399048298213720676e-01 7.852407014974125410e-01 8.180229474397763267e-01 8.769889111922768432e-01 9.089026187491012765e-01 9.878667122000565071e-01 1.027309001914375797e+00 1.095061456543667155e+00 1.140212677514162332e+00 1.171881131658809583e+00 1.187366107026804674e+00 1.241020091270819581e+00 1.293817675838635717e+00 1.310435790336543560e+00 1.339911384740912315e+00 1.375540890128828186e+00 1.406754906635898417e+00 1.422382016822907547e+00 1.460194013091348664e+00 1.510734791640813590e+00 1.565188555651626290e+00 1.607645813328115292e+00 1.651804931423393796e+00 1.662468442318008277e+00 1.729393307477958830e+00 1.760158370390391580e+00 1.816039760792290236e+00 1.869652225711093241e+00 1.919320069626911485e+00 1.967332276704346627e+00 1.991426761384338828e+00 2.026326156378658094e+00 2.064184963042714482e+00 2.114416384251699199e+00 2.169064155082850665e+00 2.281728319941533023e+00 2.319803849668380824e+00 2.376639482351171839e+00 2.532994956918750873e+00 2.537928036312937508e+00 2.623644342651555661e+00 2.737860293991486671e+00 2.831909249629948278e+00 2.906522339886354889e+00 2.967846536315975836e+00 3.347131441688789621e+00 3.479663434866474336e+00
-1.510450606303196941e-01 3.356781841489206442e-02 1.276806938722171436e-01 3.038082167218605911e-01 3.559169720755484545e-01 3.886601026364570055e-01 4.519522610993416123e-01 5.013217059712425927e-01 5.601288515427162995e-01 5.819805079051857399e-01 6.253187211028108372e-01 6.539479745300700309e-01 6.750909840453740429e-01 7.260672222583572921e-01 7.697595104605200467e-01 8.047318168149615314e-01 8.658170771178510527e-01 8.977271119487280071e-01 9.863266975395230673e-01 1.031933065062707433e+00 1.090949808479976468e+00 1.121267318077993069e+00 1.155372401776054714e+00 1.191274032876951772e+00 1.213740667588841360e+00 1.280596256364760821e+00 1.299143629951183820e+00 1.336613091261291242e+00 1.360788610798662424e+00 1.397507396558456128e+00 1.428582736558658528e+00 1.464706061755854938e+00 1.509921645302676696e+00 1.568212542664147113e+00 1.597965160299550602e+00 1.651583468918421005e+00 1.666067943313801702e+00 1.724115401068030407e+00 1.759879977871369183e+00 1.821522633064435404e+00 1.885046820479154839e+00 1.917410702394201083e+00 1.952269445713086249e+00 1.982046078719268190e+00 2.008979447858414424e+00 2.050386162396323986e+00 2.087553657564942711e+00 2.173593707297110100e+00 2.285265853634435018e+00 2.319827319235590046e+00 2.374586029496833728e+00 2.540800732455847033e+00 2.543867793521670695e+00 2.634182974278250100e+00 2.749919171562198006e+00 2.844625431356767375e+00 2.918219683146606069e+00 2.990868348958672485e+00 3.355700597225666826e+00 3.487350637777780982e+00
-7.545255190139511792e-02 4.880990513509906453e-02 7.377402748737466043e-02 3.249610863248859616e-01 3.688153443449433411e-01 4.115368276617631382e-01 4.573618386454701423e-01 5.227397203355504951e-01 5.680220569155137733e-01 5.803939960171201617e-01 6.261671717456276376e-01 6.397439899312028500e-01 6.753032568682261205e-01 7.128798558450980538e-01 7.601066816506512058e-01 7.944935143797077215e-01 8.581948972595759839e-01 8.907878420533497099e-01 9.834350303769365809e-01 1.032364274536023530e+00 1.076542555561655679e+00 1.093067293239766924e+00 1.149939369194194816e+00 1.171853513440650474e+00 1.217691020590874862e+00 1.257659693029912873e+00 1.291858403231190167e+00 1.335622363414348923e+00 1.348880314018846338e+00 1.394304469569196847e+00 1.437421674260923821e+00 1.479217270421581354e+00 1.511525927471422115e+00 1.567515830887151518e+00 1.593542491128544292e+00 1.650847049066171301e+00 1.669015193466724778e+00 1.716213182053785591e+00 1.763476939827999246e+00 1.828882707216930026e+00 1.900387373436061234e+00 1.914217958296105859e+00 1.940531075722062404e+00 1.971631442260577183e+00 1.986736546635324618e+00 2.036823136423836722e+00 2.080563604706706204e+00 2.178953366184355200e+00 2.287814080907108583e+00 2.319865780576256586e+00 2.373375274722346884e+00 2.545511394076881206e+00 2.547617331723002199e+00 2.641076456059252120e+00 2.756705440668965057e+00 2.852838618965732209e+00 2.925406309031738594e+00 3.005354745588223686e+00 3.361016469313392374e+00 3.492125110211209194e+00
-1.617413157179256481e-04 -7.572474921760751865e-05 2.537396950418333820e-08 3.280793126128497827e-01 3.727670995583334812e-01 4.217236599052848756e-01 4.628926852840403172e-01 5.449885106595895312e-01 5.708616897546042734e-01 5.824189506503877345e-01 6.267271647996263129e-01 6.353169334651441735e-01 6.759888367390706199e-01 7.083063831680778133e-01 7.559778743986422800e-01 7.904691862194949126e-01 8.554589284456242115e-01 8.885647116556160130e-01 9.796544164650792252e-01 1.027327633569878884e+00 1.061375812865414936e+00 1.090389227338697697e+00 1.148004336098422673e+00 1.161766605447418055e+00 1.228712604122088159e+00 1.242306397033425380e+00 1.289821507215097141e+00 1.334993028950596683e+00 1.345598781912312525e+00 1.393457964837659269e+00 1.439021183317005015e+00 1.488563309920105215e+00 1.512420268275956881e+00 1.566329673276501522e+00 1.592612592907126645e+00 1.650535985096431846e+00 1.670027252647082738e+00 1.712779861680275628e+00 1.765055710454834115e+00 1.832601067377291448e+00 1.905025710839125086e+00 1.917897555838174783e+00 1.933063562051797302e+00 1.967606769983801351e+00 1.974042022034382615e+00 2.033546497772565242e+00 2.079464951686940566e+00 2.180992020324371339e+00 2.288736257062733426e+00 2.319877103339337943e+00 2.372967104066173505e+00 2.547063366832635456e+00 2.548916782446715157e+00 2.643481093890462041e+00 2.758879775799807810e+00 2.855676174573054116e+00 2.927839670499930325e+00 3.010282856998840906e+00 3.362818386770593193e+00 3.493744167791664079e+00
3.425035428936813037e-02 6.575662991213299113e-02 9.634822347558545663e-02 3.230016398687271528e-01 3.764313353450378097e-01 4.186483241879998540e-01 4.628330151945049264e-01 5.316407886001098815e-01 5.642508304283796461e-01 5.828169757223938818e-01 6.166792089276488253e-01 6.436383586504391685e-01 6.803387436367708263e-01 7.124878339345598333e-01 7.553711434771387401e-01 7.908180917821031608e-01 8.554531435547400031e-01 8.861554519035278465e-01 9.801234618104955887e-01 1.024415241793365405e+00 1.067191404532013665e+00 1.090264478734326747e+00 1.144247106144989479e+00 1.166057530565742795e+00 1.226944606373390867e+00 1.244674569818183807e+00 1.288701370272757663e+00 1.333368839587270704e+00 1.347736259689293892e+00 1.382597860535144774e+00 1.445014765742042240e+00 1.489555617654670927e+00 1.515962176800167427e+00 1.569123483072053071e+00 1.595855041893831094e+00 1.650832642005064743e+00 1.672206582289804233e+00 1.710189843500794948e+00 1.765428566571491054e+00 1.832820393698342043e+00 1.905412223022589391e+00 1.913371673924805672e+00 1.934546847172329498e+00 1.966693859918948739e+00 1.974460111107962934e+00 2.038618341726063488e+00 2.079890431012034746e+00 2.180575666383905986e+00 2.288175360169596662e+00 2.322956539017588362e+00 2.376256435862123428e+00 2.540938718695870069e+00 2.555678068868647124e+00 2.645141811607531590e+00 2.758382319034037078e+00 2.854827896860597569e+00 2.922113926399141359e+00 3.006365411427761813e+00 3.361769950716329447e+00 3.494220027088002389e+00
6.847480757524851414e-02 1.305525409024393957e-01 1.866644247300242865e-01 3.101479633314727646e-01 3.825960871455662549e-01 4.118572869466473607e-01 4.603701562570169936e-01 5.024652736435346601e-01 5.562321840592082678e-01 5.763206181267583883e-01 6.098454079264377103e-01 6.486917308144709571e-01 6.848368006855514167e-01 7.187836702601386740e-01 7.494424397818124639e-01 7.912766432432942754e-01 8.515354200688509678e-01 8.914650713358435175e-01 9.817950732810764025e-01 1.020462335054339587e+00 1.073306204809660880e+00 1.093242401204853387e+00 1.138369883431687102e+00 1.173711794280775100e+00 1.225516535562874987e+00 1.247524175138008617e+00 1.285939271357056546e+00 1.325456040809447789e+00 1.352230076526120595e+00 1.367269273016863629e+00 1.452592638619258247e+00 1.490692134166687888e+00 1.527738240826825855e+00 1.574007409372833344e+00 1.605707623908463555e+00 1.651506233156305292e+00 1.677627635397039851e+00 1.702367404089681457e+00 1.767328040084980456e+00 1.833240619819598294e+00 1.898011620909636710e+00 1.910224480789346480e+00 1.936138733630268005e+00 1.965462409423169854e+00 1.976152026550375806e+00 2.048984240034499305e+00 2.084330228503981086e+00 2.178637563629414409e+00 2.289732478084473666e+00 2.328839245399009439e+00 2.385208530408415850e+00 2.535149231279675064e+00 2.563882099148143912e+00 2.650235255922463118e+00 2.757033937700576587e+00 2.851704942336686699e+00 2.905638010191737841e+00 2.996532394179403980e+00 3.359105759962390803e+00 3.495405097877830158e+00
1.016680414701663787e-01 1.930793720439481220e-01 2.600431767007163608e-01 2.914372702894353351e-01 3.890362519547870823e-01 4.009819411809382728e-01 4.534862637323183177e-01 4.769983057697818607e-01 5.548234819747639435e-01 5.701457699154129921e-01 6.048453994049066695e-01 6.424385525607346770e-01 6.906828314168851346e-01 7.116503467650451276e-01 7.343727807034731159e-01 7.917290028952319592e-01 8.487349841101574643e-01 9.109325100384707552e-01 9.853575678307326946e-01 1.018817450281128245e+00 1.067847846526593925e+00 1.102047368338129996e+00 1.133558569732298738e+00 1.181627042888934609e+00 1.226960843903906140e+00 1.247009412081344415e+00 1.282963325789245435e+00 1.309940445403250164e+00 1.354575830747549059e+00 1.362878917768395537e+00 1.457149335031186599e+00 1.491106119540581254e+00 1.545062420484621724e+00 1.577439476894533010e+00 1.619576715468885597e+00 1.652227104810365832e+00 1.682103582070237913e+00 1.691253648569952750e+00 1.772085181996948089e+00 1.833543682772893479e+00 1.881325199161712147e+00 1.912946316243017808e+00 1.935550225046155148e+00 1.965154388638003402e+00 1.978484175664366740e+00 2.054666309146398362e+00 2.098490382682086874e+00 2.174472320959696336e+00 2.296425138687787193e+00 2.333045939042974748e+00 2.397085244695971618e+00 2.531077469228970589e+00 2.572740619601924461e+00 2.659294829164043694e+00 2.755119766836888751e+00 2.843114277633249198e+00 2.883717294185527358e+00 2.985311719979637957e+00 3.355965376988559790e+00 3.496757689346649212e+00
1.299738876800398402e-01 2.497693934009143357e-01 2.700509574317171979e-01 3.011203539175759669e-01 3.706048384533311424e-01 4.054410464609551346e-01 4.503807323920034356e-01 4.724692590040514562e-01 5.526946217471827572e-01 5.731261428038818551e-01 6.022302799874996726e-01 6.251742023011777061e-01 6.801724031489052580e-01 7.017762578794964901e-01 7.258187294109011978e-01 7.931024868744699363e-01 8.496696875475796551e-01 9.309994881191324678e-01 9.911821481200403516e-01 1.021097860760861620e+00 1.054864360887142416e+00 1.109148255685760143e+00 1.130564587952597400e+00 1.188211993691147272e+00 1.230572359045073227e+00 1.242741695773732502e+00 1.280948778158823131e+00 1.296277356075177911e+00 1.355663536421587434e+00 1.363289498141199374e+00 1.459636203216379657e+00 1.491324077647661728e+00 1.561107217971548167e+00 1.579321549353763343e+00 1.633713099008167857e+00 1.652792866446965547e+00 1.670924518174286222e+00 1.691029421884398642e+00 1.779021406696986496e+00 1.833734392734398311e+00 1.865333793910500582e+00 1.916142678880337513e+00 1.933359573141716137e+00 1.965265267925065062e+00 1.980108841256599472e+00 2.055469191549680108e+00 2.115518621091366125e+00 2.169095948443005017e+00 2.306055620767259118e+00 2.333549804129142924e+00 2.407577936647605998e+00 2.528764213366398561e+00 2.580678275336937055e+00 2.671998187807420155e+00 2.752774321357783105e+00 2.824387869007686014e+00 2.869872919403285927e+00 2.976996744211369617e+00 3.353540752443416650e+00 3.497769207080022813e+00
1.427063807434204579e-01 2.582044276224201296e-01 2.819932342936538605e-01 3.211709704340356963e-01 3.356346988067106518e-01 4.143723578681391406e-01 4.516430955346189546e-01 4.794127868030281792e-01 5.508752448121184697e-01 5.767113943438694212e-01 5.993424053639988536e-01 6.167352425150860462e-01 6.623143034034351118e-01 7.086225835901230896e-01 7.205516440690218349e-01 7.938829220844251244e-01 8.504255964958371550e-01 9.388584745963617362e-01 9.947984649396840462e-01 1.026540235264619128e+00 1.044110853886213386e+00 1.111577447197980684e+00 1.129622215830620613e+00 1.190951172891958842e+00 1.233767790944415577e+00 1.238772591545632240e+00 1.280175423274426905e+00 1.291312217363947745e+00 1.356436802629705562e+00 1.363286045544333636e+00 1.460466038610159334e+00 1.491413006423779830e+00 1.567879701640765955e+00 1.579943996787030791e+00 1.643463396375589136e+00 1.653065379999366646e+00 1.659669048506251299e+00 1.692507824703820773e+00 1.782906312992893483e+00 1.833860782969753300e+00 1.858139933288876167e+00 1.917805057654546230e+00 1.931949340750802824e+00 1.965345263133963183e+00 1.980620473101721846e+00 2.055372174521431283e+00 2.123215047895067542e+00 2.166130603046734215e+00 2.311393665078991688e+00 2.332368171962476922e+00 2.411852242644659139e+00 2.528003620445188560e+00 2.584023489808309648e+00 2.679870319861796357e+00 2.751121408088882614e+00 2.812317182007972427e+00 2.866465533364069174e+00 2.973990934232773053e+00 3.352640722922394456e+00 3.498137380738395752e+00
2.115768808420899205e-01 2.407174223336753516e-01 3.020005318816118001e-01 3.291659715686939824e-01 3.717226539511849226e-01 4.173158333643455786e-01 4.358372300460505167e-01 4.643789796868167952e-01 5.327786866842786351e-01 6.016700069490157343e-01 6.195117045424932689e-01 7.184707507517010816e-01 7.279911588829540703e-01 7.593931854273039406e-01 7.804119437522339942e-01 7.970034830763111922e-01 8.437215470495101899e-01 8.682710329504506053e-01 8.953725378105934496e-01 9.828123507974019235e-01 1.053269944539725778e+00 1.111662240419029724e+00 1.152390566459207788e+00 1.160985836586623021e+00 1.184120046272405746e+00 1.228467486518548979e+00 1.278890840309018895e+00 1.335052087849432079e+00 1.355940688007908346e+00 1.402693978586602830e+00 1.413208071682309663e+00 1.503097426562971295e+00 1.556362377440765110e+00 1.582515851332275014e+00 1.621787372930670434e+00 1.645536438521044253e+00 1.688471254106471253e+00 1.705868214004382155e+00 1.788695487550955532e+00 1.829398551444494814e+00 1.877611279437823466e+00 1.926335329450202805e+00 1.936957130436000929e+00 1.962527370622683121e+00 1.979308827920073011e+00 2.018960082210098594e+00 2.136992869981187315e+00 2.181537749702497031e+00 2.292697638046242492e+00 2.333208578212757622e+00 2.397612726879208456e+00 2.546385993169995032e+00 2.582629341546168078e+00 2.683862825819134379e+00 2.755487732360623276e+00 2.828502673809639045e+00 2.923230430775580313e+00 2.982798500338013969e+00 3.341486703669213743e+00 3.498087098041596121e+00
2.135711912777352173e-01 2.263351175463555742e-01 2.848074742445146912e-01 3.404769511991309616e-01 3.787399458986220879e-01 4.182913707833720296e-01 4.377906886716110280e-01 4.601277907979581805e-01 5.353395928752717747e-01 5.951055125875390761e-01 6.191624630579320998e-01 7.109123105596723002e-01 7.326404302387183876e-01 7.531818667367469189e-01 7.799764184910279452e-01 7.961174601987600630e-01 8.423273678754488181e-01 8.738724591444207990e-01 9.026517545079262295e-01 9.862484418549766207e-01 1.054710503516813391e+00 1.108659725359385062e+00 1.145452732674361318e+00 1.165529134298147085e+00 1.190009277368229368e+00 1.226979404498718118e+00 1.279637636737702033e+00 1.333316033660898903e+00 1.357067675208878832e+00 1.401903890126211083e+00 1.413743103968737813e+00 1.501266549242613157e+00 1.556183982646738295e+00 1.581795706742521457e+00 1.621471916037535488e+00 1.644613603130042234e+00 1.688118682868635645e+00 1.706313152599306937e+00 1.786489828955544645e+00 1.831003073572138318e+00 1.879706750204620080e+00 1.926310617506688860e+00 1.935813023535560840e+00 1.962634027383526103e+00 1.979472379667691850e+00 2.019394596083614601e+00 2.132660174130911912e+00 2.182840147144331500e+00 2.292067594370895911e+00 2.330945919098257324e+00 2.399594714861498002e+00 2.545814722770737504e+00 2.581148648309720350e+00 2.671564390795916566e+00 2.765801508341555692e+00 2.831451741095275310e+00 2.923384999915008553e+00 2.981218988268246495e+00 3.341852092746572023e+00 3.498517930282307731e+00
1.892509158754175080e-01 2.246637785613343485e-01 2.538469311384904947e-01 3.451299031008654428e-01 3.857021087347005106e-01 4.244061133124525931e-01 4.343899590368414665e-01 4.653288933472758404e-01 5.421284678614327612e-01 5.761192850435830071e-01 6.236806665589863519e-01 6.989071871571821415e-01 7.332389248632564804e-01 7.389271363635397938e-01 7.809725753295057027e-01 7.926801923649190451e-01 8.363053323873317346e-01 8.843469010833777677e-01 9.253590040187624766e-01 9.937909893215823853e-01 1.059293100959468603e+00 1.099043903837723768e+00 1.140200533983417586e+00 1.169289007465642127e+00 1.201063214401589585e+00 1.224939896975119957e+00 1.281366843721278403e+00 1.329186224086931656e+00 1.358519895080686934e+00 1.400462778407619124e+00 1.415651665104106449e+00 1.497416607522457754e+00 1.554207910457695352e+00 1.579735093180278938e+00 1.619129415701765273e+00 1.643541668232669339e+00 1.686256371036708224e+00 1.708102361279327353e+00 1.781567536373933391e+00 1.833644216880324418e+00 1.885794823553067934e+00 1.925716503352708386e+00 1.933340809041561137e+00 1.962769490705200903e+00 1.979780399663864765e+00 2.020828347172992423e+00 2.121639736123655862e+00 2.185226104681663006e+00 2.290500670555451812e+00 2.325764254270501041e+00 2.403268690419716691e+00 2.543813189516430207e+00 2.577395496222345983e+00 2.651165564386772200e+00 2.776910839716101531e+00 2.843076275748732229e+00 2.924541444002086710e+00 2.977434893171235775e+00 3.343256758962685815e+00 3.499361786872364100e+00
1.520919758941896294e-01 2.004994000295189371e-01 2.488935927217657551e-01 3.244662702622594375e-01 3.760749306693788596e-01 4.210616042194955666e-01 4.513550459789670288e-01 4.859252392079809191e-01 5.495058616776463678e-01 5.598584247042083240e-01 6.303954832375119333e-01 6.865391804033257328e-01 7.097232963963815422e-01 7.371751943294090337e-01 7.806565731106448469e-01 7.863145883308270134e-01 8.352825360118991682e-01 8.910630864611718271e-01 9.529312980667642430e-01 1.002500376784941416e+00 1.065973237045475086e+00 1.086286003029202751e+00 1.139990832187717462e+00 1.171334022351894655e+00 1.207110321167290223e+00 1.229345688315574447e+00 1.283129378944634968e+00 1.324301176700280136e+00 1.357558372886485065e+00 1.400555953607974358e+00 1.419125880713843602e+00 1.494083251834855464e+00 1.547985694655507283e+00 1.577056971677414321e+00 1.613156150113673526e+00 1.644365884802007960e+00 1.682846978151479878e+00 1.710626544088611922e+00 1.776198224416338567e+00 1.834850280341591588e+00 1.894512742162275609e+00 1.923182225171568893e+00 1.931697688487476361e+00 1.962858294200251486e+00 1.979761997888899172e+00 2.023469311260892578e+00 2.107643472207588520e+00 2.186576802606390757e+00 2.288823973747942553e+00 2.320502147059759324e+00 2.404110642476368742e+00 2.540394890094656244e+00 2.573035460762687077e+00 2.636641332991106701e+00 2.776861343826612760e+00 2.859072324851271052e+00 2.926967647470142264e+00 2.975503081645765047e+00 3.346259259229282801e+00 3.499663745737443321e+00
1.140435793413556304e-01 1.549520059355617152e-01 2.342834292861354362e-01 3.020249123236417033e-01 3.726138807222145188e-01 4.102572991306371875e-01 4.754084240681544782e-01 5.053900151764272319e-01 5.486535494207086527e-01 5.685605385730554406e-01 6.288948719920633978e-01 6.702364652132832834e-01 6.926381630125083566e-01 7.322701347677885719e-01 7.694129126646075401e-01 7.856937606743258362e-01 8.414018636726537936e-01 8.940988576830082302e-01 9.708445333963994228e-01 1.013652680018841234e+00 1.066907738833340780e+00 1.081069547264752240e+00 1.142011896965206663e+00 1.170490993201308561e+00 1.210344035485569902e+00 1.238893848407492282e+00 1.284454411615897573e+00 1.320942401890598639e+00 1.354387009811096387e+00 1.401536077268971336e+00 1.424387983953325776e+00 1.492137909905635773e+00 1.537270082293419549e+00 1.574271386031127040e+00 1.605171298078763575e+00 1.646243410071300373e+00 1.679016557711104252e+00 1.712288710534823677e+00 1.771492906682300861e+00 1.834562657573960864e+00 1.903088653781234374e+00 1.918995591788396071e+00 1.931444322420165616e+00 1.963260517995526699e+00 1.978976701237018965e+00 2.027089885672685998e+00 2.094437301454265210e+00 2.186059780449216561e+00 2.287908817204160172e+00 2.317159452498354977e+00 2.398949571615831999e+00 2.537670398558342200e+00 2.568467478006943416e+00 2.631479008954140664e+00 2.771509586289614191e+00 2.867241292139934394e+00 2.928046336682050388e+00 2.981856438796329556e+00 3.350941731080700592e+00 3.498743731145460334e+00
7.602278264467686453e-02 1.050895926525965002e-01 1.693451872606785147e-01 3.118494624034597318e-01 3.764141871730390387e-01 4.022745471779051174e-01 4.827514194968958172e-01 5.218459996125215383e-01 5.586290525710128074e-01 5.847846307968290747e-01 6.141664390260234141e-01 6.535331449626048395e-01 6.877795875393761804e-01 7.234380037014723763e-01 7.582456360650625671e-01 7.879720550202130580e-01 8.484149603493381653e-01 8.935463847119682335e-01 9.774509542646896421e-01 1.023704617808059325e+00 1.061764330492093400e+00 1.085477845738085589e+00 1.144590796710335701e+00 1.167019566765713279e+00 1.216698327096073395e+00 1.244956730172456227e+00 1.286224222126983729e+00 1.322565876571008658e+00 1.350748417017555436e+00 1.400310708361219403e+00 1.430971177998406452e+00 1.490902226611190429e+00 1.525022393838126877e+00 1.570990123109412995e+00 1.598127251292103423e+00 1.648100783782183054e+00 1.675194433124095994e+00 1.712745707142817597e+00 1.767959606622473645e+00 1.833672967617374416e+00 1.907687122470710372e+00 1.916111041036767437e+00 1.931926760612831195e+00 1.964440745054864212e+00 1.977353110093167610e+00 2.030633393522655705e+00 2.085108268278383470e+00 2.184083082827030786e+00 2.287992987051995275e+00 2.316641062186918454e+00 2.388601510870093314e+00 2.538094583987299924e+00 2.562526743560658460e+00 2.634391856559822553e+00 2.765486328489766166e+00 2.864990350350363979e+00 2.927643120717720926e+00 2.994829371920617600e+00 3.356437347372223989e+00 3.496741236566073052e+00
3.802885757618629237e-02 5.305035540710360126e-02 8.729845359592440512e-02 3.236592823941031871e-01 3.754149041160920741e-01 4.102733284435561845e-01 4.731925046510105370e-01 5.379051566621296798e-01 5.672336985141255283e-01 5.892841916780333644e-01 6.132160640252840578e-01 6.428470977049867141e-01 6.812004172641749067e-01 7.130591840335883669e-01 7.554076051226067401e-01 7.898368363791623548e-01 8.534679994823323179e-01 8.904969698347900975e-01 9.792731484430696742e-01 1.027122405621653911e+00 1.060908967570522554e+00 1.089106184162741853e+00 1.146932384669880678e+00 1.163366930986795111e+00 1.224446954088108663e+00 1.244448593327654784e+00 1.288703579929569187e+00 1.329750168928276910e+00 1.347495348825141548e+00 1.396240225561308224e+00 1.436705599922638132e+00 1.489464545745141200e+00 1.515706778442003078e+00 1.567737760543703729e+00 1.593917927629217468e+00 1.649737257283323766e+00 1.671665673852283041e+00 1.712766572264481590e+00 1.765790766734507189e+00 1.832896605161916881e+00 1.906275717332924113e+00 1.917141978780180445e+00 1.932692539009873478e+00 1.966360507484893327e+00 1.975278240467041480e+00 2.032869788134934463e+00 2.080592595176141923e+00 2.181921917708977254e+00 2.288494067467588433e+00 2.318470021361001887e+00 2.377795437419339741e+00 2.541835088377028651e+00 2.555331463009864912e+00 2.640456582589394863e+00 2.760762953668499442e+00 2.858719105117891957e+00 2.927684794225126730e+00 3.006046646007710876e+00 3.361015889693246717e+00 3.494646089318039550e+00
-1.617413157179256481e-04 -7.572474921760751865e-05 2.537396950418333820e-08 3.280793126128497827e-01 3.727670995583334812e-01 4.217236599052848756e-01 4.628926852840403172e-01 5.449885106595895312e-01 5.708616897546042734e-01 5.824189506503877345e-01 6.267271647996263129e-01 6.353169334651441735e-01 6.759888367390706199e-01 7.083063831680778133e-01 7.559778743986422800e-01 7.904691862194949126e-01 8.554589284456242115e-01 8.885647116556160130e-01 9.796544164650792252e-01 1.027327633569878884e+00 1.061375812865414936e+00 1.090389227338697697e+00 1.148004336098422673e+00 1.161766605447418055e+00 1.228712604122088159e+00 1.242306397033425380e+00 1.289821507215097141e+00 1.334993028950596683e+00 1.345598781912312525e+00 1.393457964837659269e+00 1.439021183317005015e+00 1.488563309920105215e+00 1.512420268275956881e+00 1.566329673276501522e+00 1.592612592907126645e+00 1.650535985096431846e+00 1.670027252647082738e+00 1.712779861680275628e+00 1.765055710454834115e+00 1.832601067377291448e+00 1.905025710839125086e+00 1.917897555838174783e+00 1.933063562051797302e+00 1.967606769983801351e+00 1.974042022034382615e+00 2.033546497772565242e+00 2.079464951686940566e+00 2.180992020324371339e+00 2.288736257062733426e+00 2.319877103339337943e+00 2.372967104066173505e+00 2.547063366832635456e+00 2.548916782446715157e+00 2.643481093890462041e+00 2.758879775799807810e+00 2.855676174573054116e+00 2.927839670499930325e+00 3.010282856998840906e+00 3.362818386770593193e+00 3.493744167791664079e+00
-7.372038094864019619e-02 5.045098097855876124e-02 6.453196240083454438e-02 3.245230911096557147e-01 3.695266772854888249e-01 4.151590875322400120e-01 4.555851652256386330e-01 5.236157933654014274e-01 5.677935008545399453e-01 5.825246455847117311e-01 6.263447802281189025e-01 6.379659803806287943e-01 6.755016636594720625e-01 7.134123950261452851e-01 7.594078564066081283e-01 7.928775385017765576e-01 8.581217722765062117e-01 8.903242422713995019e-01 9.824132827052842742e-01 1.035462391823424033e+00 1.073408560611747609e+00 1.093162268598307563e+00 1.149360980289793943e+00 1.171165504106736810e+00 1.218809865217227895e+00 1.255569043466443713e+00 1.291538580875218667e+00 1.336022276916657869e+00 1.348905306880588961e+00 1.393628588292942672e+00 1.438420293947995532e+00 1.479583614189159846e+00 1.510319726251049266e+00 1.569144830263453860e+00 1.592345458109417855e+00 1.650794998558611448e+00 1.669317743599264103e+00 1.716080971249929643e+00 1.763583694344836417e+00 1.829596717164508224e+00 1.902308931063162012e+00 1.914873627835398828e+00 1.938492565114021016e+00 1.970390237530096345e+00 1.985107320839347933e+00 2.037175590973709483e+00 2.080753802973673849e+00 2.179344187337123540e+00 2.288304227856085227e+00 2.319351045928656152e+00 2.373005687072111236e+00 2.544694367607534868e+00 2.548395152890233106e+00 2.642011782998756608e+00 2.756811353820566080e+00 2.852434239313476727e+00 2.924954639465768835e+00 3.006428347405432078e+00 3.361330624620019414e+00 3.492272761933189695e+00
-1.400668289755239437e-01 4.608267621087346055e-02 1.106439382769711377e-01 3.058216447016288697e-01 3.578338361927007050e-01 3.921764977088019188e-01 4.445619978769757563e-01 4.998000368924461756e-01 5.625123532436329121e-01 5.865003863714890464e-01 6.262611240037865290e-01 6.489486048074893931e-01 6.767730736469196318e-01 7.282195790635223043e-01 7.659411237873361422e-01 7.992270995796919575e-01 8.651483722896290418e-01 8.957424453322544444e-01 9.837463531486716484e-01 1.040019372511679530e+00 1.091243425968862368e+00 1.115154236713103542e+00 1.153367989467250387e+00 1.193293570555758798e+00 1.213210573231218836e+00 1.275503165911515246e+00 1.296926749456479788e+00 1.337984429389597718e+00 1.360786911886419093e+00 1.394511948680810187e+00 1.432064788064553396e+00 1.465745514122135384e+00 1.505129925809013169e+00 1.573529382229025719e+00 1.594561624599283745e+00 1.649009799213861260e+00 1.668998625147469550e+00 1.724066290518097677e+00 1.760247209690315673e+00 1.823035278337831633e+00 1.891493770670981123e+00 1.915560690283733436e+00 1.948458814093022129e+00 1.977667367567016665e+00 2.008089079856473891e+00 2.049060207697073199e+00 2.087932083066316391e+00 2.174895393104373742e+00 2.287180697422060760e+00 2.317780211318966277e+00 2.373210450109628944e+00 2.538657713720538833e+00 2.545910572677256845e+00 2.637639102922024303e+00 2.750518790012530523e+00 2.842922509399249620e+00 2.916507037495899901e+00 2.995050675799066475e+00 3.356927629297547178e+00 3.487927049005057789e+00
-2.522629047656080870e-01 5.143363512172186014e-02 1.610247997626241823e-01 2.884628573085994963e-01 3.419597111968937786e-01 3.914079035900586145e-01 4.468633050998845335e-01 4.933666156691208227e-01 5.584229365193117411e-01 5.955614358021932286e-01 6.279995941893892208e-01 6.673764678845556242e-01 6.820905508595412892e-01 7.456986942631910198e-01 7.759438302888156391e-01 8.079806819849816302e-01 8.751611828600939225e-01 9.044619238437542341e-01 9.844702498105774024e-01 1.039924927399955124e+00 1.097241837274151477e+00 1.130810889737356550e+00 1.171280158831205620e+00 1.190591062378133058e+00 1.241331191130347733e+00 1.287869514958829731e+00 1.306025764519761712e+00 1.343304084532549458e+00 1.376263694725004871e+00 1.402377160890729613e+00 1.418241886783016881e+00 1.465905324219552108e+00 1.499654734303243808e+00 1.572665016334310994e+00 1.605717238074587661e+00 1.642941589659761226e+00 1.669957566044785846e+00 1.731500988625488846e+00 1.759888749539517683e+00 1.816919726297100413e+00 1.878408669340985382e+00 1.916106276166972933e+00 1.960450005594076783e+00 1.986551819488434845e+00 2.028306388536047944e+00 2.062689192819810557e+00 2.112282108098826328e+00 2.170204407755962794e+00 2.285949543612056267e+00 2.315201557350692330e+00 2.373896363689845135e+00 2.529438146887473593e+00 2.541441986092578542e+00 2.630458675099656141e+00 2.739725769393877464e+00 2.827804059505550249e+00 2.903100505842458823e+00 2.976742650230913334e+00 3.349785536321132184e+00 3.480908715699785105e+00
-3.264609067341598392e-01 9.640540695187461984e-02 2.093200806486062993e-01 2.927225705149148482e-01 3.402030081670723294e-01 4.066761898081640014e-01 4.577047013123411445e-01 4.952781238816797993e-01 5.579018578899517244e-01 6.082325961414540849e-01 6.324560781463138825e-01 6.814129607895867968e-01 6.984913688001939125e-01 7.594745561225733077e-01 7.922163297629776224e-01 8.193726236154339482e-01 8.872400625415849396e-01 9.147764484749199010e-01 9.866724301794354002e-01 1.038802216784715293e+00 1.102467851752983119e+00 1.132334242743481489e+00 1.177073866807198721e+00 1.197312678271762021e+00 1.270084429983620700e+00 1.288060751932373460e+00 1.314285635990822820e+00 1.353311215776664689e+00 1.378356189651763541e+00 1.406700354077712323e+00 1.431905455091040169e+00 1.472904236645011133e+00 1.498094338180104845e+00 1.570232124974938692e+00 1.621894857542663937e+00 1.634894998613132699e+00 1.670338313723650492e+00 1.733349611094398668e+00 1.768552149585637556e+00 1.813391316386616214e+00 1.865626583341505329e+00 1.915592351540806648e+00 1.970514742185446311e+00 1.996952566298080267e+00 2.044001060884620635e+00 2.073516568870692911e+00 2.137934273680240249e+00 2.181500257912589724e+00 2.285946123862351964e+00 2.311750020550196183e+00 2.375729185355043072e+00 2.517377033353327409e+00 2.535483570502026218e+00 2.620605549914614141e+00 2.723965038886035028e+00 2.808208872001882739e+00 2.885666848305125765e+00 2.952622574317804727e+00 3.340183084341059150e+00 3.471541033020153044e+00
-3.386248306200178027e-01 1.523606986107217953e-01 2.546899229444711810e-01 3.049346860898413114e-01 3.548049397971858032e-01 4.257309392673511717e-01 4.736780615829754848e-01 5.065546790331434401e-01 5.646175434569152829e-01 6.219144140759743644e-01 6.412586933195683070e-01 6.901472008866643693e-01 7.173077954345910001e-01 7.734173882791732790e-01 8.089427557569451865e-01 8.369521701780552325e-01 9.002117858643773340e-01 9.250578414287023987e-01 9.894637587867902706e-01 1.037963167526555486e+00 1.106227986819774634e+00 1.133215565107038580e+00 1.173681376753016536e+00 1.208774186895817504e+00 1.282190555859954451e+00 1.296059058738446401e+00 1.322082595111372161e+00 1.360145843927406117e+00 1.378846953734043757e+00 1.406315573495344529e+00 1.453651230795233174e+00 1.476734720390859623e+00 1.502068036340204360e+00 1.570532191457753468e+00 1.624150596933881197e+00 1.640021671788909119e+00 1.670037129674084353e+00 1.734116455440757765e+00 1.781366637768406092e+00 1.811457263943692109e+00 1.854814597431881706e+00 1.914846634419313132e+00 1.975439298965528945e+00 2.011324857251771903e+00 2.054350472749115752e+00 2.089987084336633938e+00 2.136295871878361119e+00 2.221342630517993744e+00 2.290758408360770382e+00 2.308132141269906956e+00 2.379873623937915905e+00 2.503088630914361179e+00 2.528835674005875056e+00 2.608263963302919208e+00 2.702750258749090584e+00 2.785582249014310730e+00 2.865316432477559960e+00 2.924569847226680785e+00 3.328482285817367270e+00 3.460249217367715957e+00
-2.818251635954685530e-01 2.119419475788930363e-01 2.903540644186767827e-01 3.328398402884407137e-01 3.798232946965897083e-01 4.453082661516602481e-01 4.888744069063649111e-01 5.248536264605101476e-01 5.855807895778567529e-01 6.331341971250326051e-01 6.575528644581801752e-01 6.990428216321640242e-01 7.271148359066270661e-01 7.907976087944350585e-01 8.228379913310291949e-01 8.603715202826544006e-01 9.105087553371241649e-01 9.365444259947027783e-01 9.918568470458904995e-01 1.039139135237346689e+00 1.108700715879355370e+00 1.134276206039860790e+00 1.177369427656155043e+00 1.217844472765188257e+00 1.282311889834909291e+00 1.309306369061534969e+00 1.331066317200142013e+00 1.360757620532769607e+00 1.382022410690946668e+00 1.410935853563731968e+00 1.466532086056126172e+00 1.478540905607414802e+00 1.502120282928747219e+00 1.572777915175881169e+00 1.618799042951811762e+00 1.649278288331118114e+00 1.672428569626498884e+00 1.735692618204303317e+00 1.791895963876244169e+00 1.807358759624198452e+00 1.847397536332685108e+00 1.913649765791043622e+00 1.976921325055253753e+00 2.028366114002574161e+00 2.061747115618999704e+00 2.108983485215283782e+00 2.131509723617214913e+00 2.250027464899535090e+00 2.298529673428588271e+00 2.317233554678679752e+00 2.388060665374152514e+00 2.487709899869361863e+00 2.523001698187673725e+00 2.593850357676648066e+00 2.676161661708924111e+00 2.761153830577291135e+00 2.843110971049733759e+00 2.895554392717843317e+00 3.315105829392317016e+00 3.447532556277912885e+00
-7.810567794255880714e-02 2.646016547086781356e-01 3.222266166693844025e-01 3.684369512691055282e-01 4.191734878726025570e-01 4.692511205785731554e-01 5.044813603011767400e-01 5.408617325734670356e-01 6.204868848590611163e-01 6.430173138615716821e-01 6.805765400688829070e-01 7.077729460099156933e-01 7.330518829218638510e-01 8.066985661000413144e-01 8.387844222200803168e-01 8.825937557068642692e-01 9.157609537156538027e-01 9.505947274358431676e-01 9.972793060456202063e-01 1.043332679014214781e+00 1.110750281925155347e+00 1.136590907802465411e+00 1.185750209443914516e+00 1.229316361446058270e+00 1.280534991657689803e+00 1.312445593946046429e+00 1.338683776425263705e+00 1.360026863740213532e+00 1.389879019022683515e+00 1.416959059537024723e+00 1.472063084555789603e+00 1.481493270229243375e+00 1.497442448366000711e+00 1.573492817722368153e+00 1.618208887871399160e+00 1.649712047390012648e+00 1.680268492126838042e+00 1.735962042527899873e+00 1.790021673395222779e+00 1.807246632128616026e+00 1.841686311694236799e+00 1.911261122542756929e+00 1.976770643272306005e+00 2.041970555055311110e+00 2.071121404776577357e+00 2.114806877187630718e+00 2.141643936417590766e+00 2.258500494821654048e+00 2.294113571264030593e+00 2.347786002354730783e+00 2.401410501511302087e+00 2.473376066787256633e+00 2.521040123751276063e+00 2.579007210869811217e+00 2.645844279213738215e+00 2.735323555465828615e+00 2.820098420649309823e+00 2.869585123447031538e+00 3.300513729017560571e+00 3.433928569337474368e+00
2.760384799046085025e-01 3.035415893053459713e-01 3.712463307547558267e-01 4.035157319253561692e-01 4.711888292717230087e-01 5.006195218317597284e-01 5.267862633477152778e-01 5.598782517685076954e-01 6.447870878540366002e-01 6.654798420027459027e-01 7.032895856078947849e-01 7.185329387290860792e-01 7.421957785137051067e-01 8.232085284598692487e-01 8.567457922110115476e-01 8.958231627215634818e-01 9.255578726324551475e-01 9.640483769036842787e-01 1.007529562681741986e+00 1.050937973467869435e+00 1.111463015276512145e+00 1.143488285074697242e+00 1.193182376555937507e+00 1.241199726928282399e+00 1.274395701224352528e+00 1.307375720296017230e+00 1.343126840511393860e+00 1.360857213043639380e+00 1.400821220725627647e+00 1.421259598220850684e+00 1.472998003701430747e+00 1.483962059442081705e+00 1.498061675944823978e+00 1.572957579474062006e+00 1.619520088999061302e+00 1.646939943143292284e+00 1.687828404907262270e+00 1.733930870842786076e+00 1.777436249019449521e+00 1.810451128045828195e+00 1.837154891616412655e+00 1.907174613460189239e+00 1.975581730978513084e+00 2.046369423878946492e+00 2.081248666191005459e+00 2.117856882052864265e+00 2.156869206460985122e+00 2.259880553698760508e+00 2.287871916536629247e+00 2.366641737827492431e+00 2.412923646865674066e+00 2.462517547574659016e+00 2.522993478800140910e+00 2.570998883467691343e+00 2.617560782282258636e+00 2.708079276997459761e+00 2.798213440417415931e+00 2.850223881448173291e+00 3.285181383269644151e+00 3.419970493267318279e+00
2.963738829005685416e-01 3.748974845326307204e-01 4.241123529552308646e-01 4.553281035756379658e-01 5.152023577590512105e-01 5.312640781093520559e-01 5.743505669534663127e-01 6.016548038672675514e-01 6.560289514118183840e-01 6.934330804068783438e-01 7.170552972447277185e-01 7.396192593019353945e-01 7.553317318851442419e-01 8.486677268710836053e-01 8.731484481134313969e-01 9.024470570985407836e-01 9.453377156583757657e-01 9.753270911577250901e-01 1.019363914229529877e+00 1.059995174222559511e+00 1.111637333453682208e+00 1.155934162830863698e+00 1.195248808692071618e+00 1.249468876620594360e+00 1.264681800641715093e+00 1.301586572976885847e+00 1.341775055003742168e+00 1.360888418091180663e+00 1.410958137404012103e+00 1.422573596475192881e+00 1.473730036021282830e+00 1.485694800572302299e+00 1.510699749074788212e+00 1.572532359907625299e+00 1.617589478779553502e+00 1.645676701782287088e+00 1.691013140611016929e+00 1.728698466883252127e+00 1.766479823525348269e+00 1.808365475896777319e+00 1.836963512444587998e+00 1.900063711533529043e+00 1.974193112382320203e+00 2.043733958966529318e+00 2.084694023923675310e+00 2.129180538361544084e+00 2.165567988988080117e+00 2.258616271357062111e+00 2.280838601789441977e+00 2.368700531169307677e+00 2.414456455209397667e+00 2.453497076755999373e+00 2.512786346673968829e+00 2.564877789801955466e+00 2.618978057920157809e+00 2.681144179645858383e+00 2.780523726299146237e+00 2.838910380141209444e+00 3.269581027245406890e+00 3.406141087500004883e+00
2.955351898805566035e-01 4.082658215301788185e-01 4.642929861993480012e-01 4.983090464607810577e-01 5.295636532550742626e-01 5.694399493480147845e-01 6.271108066691967187e-01 6.635002049881827402e-01 6.821515047326676129e-01 7.066838297661974799e-01 7.366546720470285026e-01 7.645710721619020100e-01 7.721959174122455805e-01 8.795767644334653301e-01 8.900980992639929701e-01 9.128688818438791541e-01 9.698088891474565543e-01 9.847422026465855183e-01 1.033107471092390206e+00 1.063915794451701702e+00 1.114663808040309290e+00 1.171350336321865138e+00 1.189698370575416497e+00 1.245487334870395646e+00 1.264136949142545152e+00 1.299141047439570817e+00 1.335487725711210993e+00 1.356091818164083529e+00 1.416242132500845852e+00 1.428500416591091504e+00 1.473577507386145014e+00 1.488110405752132825e+00 1.531935032259831964e+00 1.571856013778697658e+00 1.611857086990246213e+00 1.645316363700344509e+00 1.690329217381343341e+00 1.720313783161347310e+00 1.762858802677862435e+00 1.804505455931785018e+00 1.839484802843792455e+00 1.888799943242249757e+00 1.972891552837477747e+00 2.037453244057024104e+00 2.083188634438859932e+00 2.142125813091505737e+00 2.166784665183079994e+00 2.255073328882239991e+00 2.272633857181654449e+00 2.357906160187522193e+00 2.407853650508139154e+00 2.443545956404171271e+00 2.494525489809075847e+00 2.543568357713556605e+00 2.644805811119924410e+00 2.669076816524207363e+00 2.770065147779587456e+00 2.835758638068960558e+00 3.254168139256317982e+00 3.392828108585173918e+00
2.886370742330968131e-01 4.315222297760614167e-01 4.901130583425434284e-01 5.274338930353674737e-01 5.467888750974144729e-01 6.000054180355556266e-01 6.596320580379068099e-01 6.925294798897827508e-01 7.129726588753129146e-01 7.342456835194554055e-01 7.596133005914510461e-01 7.911590295139339091e-01 8.025022998577318045e-01 8.967247107850795373e-01 9.124446263408292346e-01 9.344183907547090051e-01 9.850053811082565280e-01 1.005787588572449209e+00 1.048813563911463076e+00 1.062705157070988227e+00 1.121013173837005272e+00 1.171736273832752362e+00 1.193650850203387126e+00 1.232880435731516178e+00 1.273473814991173070e+00 1.299816928344474487e+00 1.329537910563544090e+00 1.347982599765287004e+00 1.415275685222462165e+00 1.442269182861791954e+00 1.468663479129712179e+00 1.496479645784705381e+00 1.549709997794810334e+00 1.570738384320771619e+00 1.605261081092805631e+00 1.642893308295371169e+00 1.689302756006023420e+00 1.713707868529303902e+00 1.766165826760755619e+00 1.802671858900051216e+00 1.841424620878060248e+00 1.874237687766134197e+00 1.970886895289968521e+00 2.029555495873807125e+00 2.079415379906362826e+00 2.146651459976037124e+00 2.166433049744112438e+00 2.249100187222784264e+00 2.262417473632542642e+00 2.341019115802390971e+00 2.392839059261372192e+00 2.426564579985859282e+00 2.483571040180991840e+00 2.525187139704065498e+00 2.633541511581536820e+00 2.697490974752314585e+00 2.771794222098419080e+00 2.841032061681066700e+00 3.239373147950073140e+00 3.380289380252415210e+00
2.776527384100841989e-01 4.496987122018930028e-01 5.039472400784550388e-01 5.475654756681557211e-01 5.720894263691581605e-01 6.251268910479615970e-01 6.753536531148424116e-01 7.076009357814529999e-01 7.293023765669526259e-01 7.547866691774285375e-01 7.892369074758402991e-01 8.171193809904346850e-01 8.360571452199653253e-01 9.094211902310684881e-01 9.236151525354566738e-01 9.627256950026974458e-01 9.926695175640938285e-01 1.031096189624357340e+00 1.058364437891109677e+00 1.073580872207237968e+00 1.127163992634632850e+00 1.160698225128379280e+00 1.205203462993179597e+00 1.225367148425028363e+00 1.283818002276759795e+00 1.299825245325724410e+00 1.328635650948790659e+00 1.343301443070656465e+00 1.413381677937322278e+00 1.456266801140014833e+00 1.462504904341119794e+00 1.508361804136194806e+00 1.555597416044534054e+00 1.571196878066577929e+00 1.600570355838854208e+00 1.638114658491200970e+00 1.690077174391088954e+00 1.712389669826516858e+00 1.773493805400979229e+00 1.803160383703899861e+00 1.840580479154928506e+00 1.859986053171088116e+00 1.967098190196252316e+00 2.021050276636234599e+00 2.074415360194269198e+00 2.136739146092888841e+00 2.171222289529571636e+00 2.240319993542298160e+00 2.250653516464276915e+00 2.322263412995978715e+00 2.373552620482213715e+00 2.400438650828344400e+00 2.483153863228417357e+00 2.513521676876100841e+00 2.624641089933836380e+00 2.711365870918194698e+00 2.789365860494028126e+00 2.855745380858772720e+00 3.225596580547196890e+00 3.368637401935397069e+00
2.633838698198396333e-01 4.621983084612775183e-01 5.125491511860628124e-01 5.652603592711238356e-01 5.964753424591855424e-01 6.447511661475155975e-01 6.879413611378387694e-01 7.129686782986354165e-01 7.388401508711066601e-01 7.680878394999094416e-01 8.143510900212783676e-01 8.347675856788333570e-01 8.605790193380578046e-01 9.134729248986425132e-01 9.348823572792354097e-01 9.768398507475006820e-01 1.008736366294749276e+00 1.039113513753799678e+00 1.074855689688780869e+00 1.092037233669707508e+00 1.128839831673200456e+00 1.155665150769572991e+00 1.210659912630478230e+00 1.228926097079385604e+00 1.286772198596311201e+00 1.302218774954421177e+00 1.326900247757571760e+00 1.356472177541746982e+00 1.412721344484798802e+00 1.452917738134469339e+00 1.469328195480174681e+00 1.519282741889953936e+00 1.555530117393137290e+00 1.571989100103882153e+00 1.599881486374935324e+00 1.632827520457817982e+00 1.691808956915861861e+00 1.714089252643111072e+00 1.779468774667577025e+00 1.805145687936525078e+00 1.836214492301414758e+00 1.852025918867403753e+00 1.960607000127891908e+00 2.012897271843541169e+00 2.068714439462431276e+00 2.121713725567520914e+00 2.174527472297087094e+00 2.227225739293897000e+00 2.240855973671621371e+00 2.303300897943853176e+00 2.351180718485502918e+00 2.377358908577893892e+00 2.480817852824548808e+00 2.513903149379842272e+00 2.622567541655850043e+00 2.712075444474798314e+00 2.810069474910229737e+00 2.879521812318990293e+00 3.213202856107709948e+00 3.357853923259584761e+00
2.461844641912399045e-01 4.686208812994513973e-01 5.191172681210769468e-01 5.792698656412487157e-01 6.170077719247095693e-01 6.606024959155297749e-01 6.975342553892608377e-01 7.141814858351707151e-01 7.459515277125122745e-01 7.734440866990107688e-01 8.263333300875493892e-01 8.430635722778737629e-01 8.782045901267707677e-01 9.113984921142820328e-01 9.476325170504474871e-01 9.823313084413453078e-01 1.017290536124845213e+00 1.052834105063113590e+00 1.085894823464168546e+00 1.111204688609909397e+00 1.127110515848004368e+00 1.157131424907828610e+00 1.218304135076633932e+00 1.234185486852638514e+00 1.281849600558433222e+00 1.300091895434567713e+00 1.338946118393603335e+00 1.381038741323783459e+00 1.414010659908549794e+00 1.444612764722470466e+00 1.471315633585247529e+00 1.526049834569568997e+00 1.554004898495049414e+00 1.577113630942582612e+00 1.602694738525116458e+00 1.629763507090503882e+00 1.692118664998197630e+00 1.715892339969616431e+00 1.775882691681781367e+00 1.808879682109195253e+00 1.836268500183279251e+00 1.849250154078591946e+00 1.950795725750481546e+00 2.006685274881021552e+00 2.062493014964915439e+00 2.107591330807529140e+00 2.172534968081970330e+00 2.212805932775477213e+00 2.234077439998571446e+00 2.284068257015052339e+00 2.327354055754266682e+00 2.364460617249638741e+00 2.472322367437824742e+00 2.526763250629777691e+00 2.625536901335026041e+00 2.708719705473394690e+00 2.825799056768151463e+00 2.907077122505808298e+00 3.202505155381331292e+00 3.347842456713705506e+00
2.262702143690612233e-01 4.702267672826263567e-01 5.231235722615281691e-01 5.866989042293551115e-01 6.321537519384675674e-01 6.722512778276376055e-01 7.023390736501622378e-01 7.137935600543876546e-01 7.498215719648617661e-01 7.752960374711411751e-01 8.229068968971557929e-01 8.517960121716398048e-01 8.839177712756259853e-01 9.192797840143683841e-01 9.567787151070327178e-01 9.855977229799314232e-01 1.018731343957558266e+00 1.068938107875955446e+00 1.088597761850202517e+00 1.121449008066240260e+00 1.131936721566054738e+00 1.164804281355819704e+00 1.227931556293268223e+00 1.233430648624945336e+00 1.275762095625613268e+00 1.301902448046601934e+00 1.356298491984495147e+00 1.407231337921846626e+00 1.418425354067367472e+00 1.435365596807295585e+00 1.465768618321814598e+00 1.525918356052156089e+00 1.550972936359966248e+00 1.585454548906931160e+00 1.608360738262037737e+00 1.631665751257405317e+00 1.688385669552762147e+00 1.718366986675237573e+00 1.765945926739197924e+00 1.813272372033306823e+00 1.840565548558709796e+00 1.849620328948138992e+00 1.938100181768901420e+00 2.003809147378012856e+00 2.055719583983025345e+00 2.096376992444765275e+00 2.163997872767244868e+00 2.202232670696384620e+00 2.229293627126544663e+00 2.264877397486527055e+00 2.308681259968617727e+00 2.357881201244083513e+00 2.462589153045174672e+00 2.545763108474753178e+00 2.632050986014096150e+00 2.704167099762526227e+00 2.836884959636338799e+00 2.932660104044458649e+00 3.193733994645761243e+00 3.338518668911780729e+00
2.040346170440446305e-01 4.687454060577335158e-01 5.235696136398196865e-01 5.850557585659692528e-01 6.402384245353850423e-01 6.773230912855188190e-01 6.997907460240408994e-01 7.125002868664604971e-01 7.548206173900861016e-01 7.785394955252343818e-01 8.189079744030882679e-01 8.550169618333581800e-01 8.875150650898749882e-01 9.323256121645340233e-01 9.641156154819969792e-01 9.872536627269208331e-01 1.022387115775684974e+00 1.075462940161882042e+00 1.087524067513732096e+00 1.122637506381074290e+00 1.142269167779072614e+00 1.179002530089840128e+00 1.223532510632140191e+00 1.235336076858859711e+00 1.273180589426775589e+00 1.312765769222757672e+00 1.370832757753635001e+00 1.413776212025227963e+00 1.425844152123322051e+00 1.436873037866306380e+00 1.463262554900790713e+00 1.518528182906278445e+00 1.544513544604482203e+00 1.588954350244434099e+00 1.616069259601554897e+00 1.640950891502421793e+00 1.681902868043898991e+00 1.722584165277556645e+00 1.757638547493991954e+00 1.816784241225109842e+00 1.840565202215387997e+00 1.855588519982078299e+00 1.924485291084698790e+00 2.003885653838206604e+00 2.047201375291916925e+00 2.087463552734116323e+00 2.153699174020686335e+00 2.194972350776833725e+00 2.225796471949534894e+00 2.249965177253061999e+00 2.295684954685201173e+00 2.353585383742168524e+00 2.453640682467499001e+00 2.567250631829637531e+00 2.641531535528243158e+00 2.699348978437856594e+00 2.843824650321921776e+00 2.953639169308702517e+00 3.186990836042255637e+00 3.329922074268111931e+00
1.805289578195864997e-01 4.655875571402808832e-01 5.203957233259017823e-01 5.732916481954459798e-01 6.418592648120796662e-01 6.784134282912512859e-01 6.922964381022923552e-01 7.118959352468821056e-01 7.540693435532989097e-01 7.936476987054928989e-01 8.175499481122275869e-01 8.565940419046095267e-01 8.915235699557252369e-01 9.402793579784554101e-01 9.717323494066326672e-01 9.943443879240611016e-01 1.027188263668829427e+00 1.068277841079499524e+00 1.090509816348235406e+00 1.123083020917128083e+00 1.150881323974642489e+00 1.190273475553540905e+00 1.214983775346244022e+00 1.234594339527804507e+00 1.275388642738481737e+00 1.327386855496783591e+00 1.378227832056445390e+00 1.414190512711684500e+00 1.420595086235331816e+00 1.441578516674447918e+00 1.477488210067517072e+00 1.507532700645649593e+00 1.532932153063912173e+00 1.584872128572786032e+00 1.623860965387503796e+00 1.651810945376140927e+00 1.682299066808447208e+00 1.727547156707559761e+00 1.752979499680193287e+00 1.818970677063836527e+00 1.838090466215168028e+00 1.863133408128015756e+00 1.912539082351571551e+00 2.004335863301917708e+00 2.034181909607976735e+00 2.080607854075749330e+00 2.148379598116312739e+00 2.188654092817278851e+00 2.223484848415222981e+00 2.243105420961659657e+00 2.285644950974408118e+00 2.349155402193678022e+00 2.446194277242202286e+00 2.587565820385417492e+00 2.653950415772585725e+00 2.694873238402789362e+00 2.846748086813313261e+00 2.969406199122615053e+00 3.182207926848670265e+00 3.322309242314564148e+00
1.581192793391113793e-01 4.620152559359886890e-01 5.146711825749022973e-01 5.558751641344398253e-01 6.400841992502162014e-01 6.788943945060746943e-01 6.878327752736620448e-01 7.100862563476277867e-01 7.503763184861187430e-01 8.116633856007997583e-01 8.190269909367803303e-01 8.594396179778984735e-01 8.931276994817805015e-01 9.421579204116534711e-01 9.793879363954645090e-01 1.008289439519772124e+00 1.030307103633340660e+00 1.059609472896983373e+00 1.092433294560173351e+00 1.122835447315289503e+00 1.156168988173364109e+00 1.191821578034821361e+00 1.211593565681401419e+00 1.229648668836256231e+00 1.281551722316965902e+00 1.340715944740665355e+00 1.379898522156407292e+00 1.408615408832439853e+00 1.422780863415832098e+00 1.444574362507841991e+00 1.484137080711159795e+00 1.500184666250483856e+00 1.524032408390768589e+00 1.577848073771355386e+00 1.628639726614760308e+00 1.651687389818909057e+00 1.698100084838369606e+00 1.732535312402125438e+00 1.752003068821583520e+00 1.819271465441919977e+00 1.835460159815795800e+00 1.870008207027409330e+00 1.904539623527374381e+00 1.998676382119061179e+00 2.020522178441205075e+00 2.076541532202925922e+00 2.148558263788927558e+00 2.184452958087426566e+00 2.222810095260606467e+00 2.243129757477417385e+00 2.276612372131832540e+00 2.344000133886404935e+00 2.440642141285349620e+00 2.602995460302908626e+00 2.668151095925747729e+00 2.691469940496798774e+00 2.846315649509232326e+00 2.980180233021333613e+00 3.179153210556011189e+00 3.316171144140982463e+00
1.410155024877481067e-01 4.592652966457687058e-01 5.086606570048523013e-01 5.415968042503919166e-01 6.375385066869748707e-01 6.802973627067594453e-01 6.875390019992337898e-01 7.061155484799674920e-01 7.484602604772216949e-01 8.160700437543333408e-01 8.281590563993076470e-01 8.646134417351646340e-01 8.918046805368299301e-01 9.423453375810201260e-01 9.856053638452496601e-01 1.019668131821075630e+00 1.030013652794331991e+00 1.058730088643974332e+00 1.091273063721405423e+00 1.121830106396220383e+00 1.158966387573595380e+00 1.191579641854733751e+00 1.203071197786848900e+00 1.228289021402260817e+00 1.288357119825212616e+00 1.349705841257291761e+00 1.382265823710578934e+00 1.401848751429479956e+00 1.425468972262588840e+00 1.448883908520462338e+00 1.477255791251698813e+00 1.490837033816276858e+00 1.531122651068351770e+00 1.570844789975264888e+00 1.631751211565928283e+00 1.646377766867023862e+00 1.711808863854177520e+00 1.739363635412269460e+00 1.754424736907809423e+00 1.817212755759885834e+00 1.833985740838464995e+00 1.875032786524644113e+00 1.901937392743291211e+00 1.982456126451265011e+00 2.016463859639487932e+00 2.074662230371131955e+00 2.150148183147995162e+00 2.183422311575950570e+00 2.223050838573095156e+00 2.247768167744842671e+00 2.267808659638342217e+00 2.339398423764969870e+00 2.437221321867966584e+00 2.611976608091578722e+00 2.679215127215347270e+00 2.690530005200849395e+00 2.844281730226174254e+00 2.986402454941983642e+00 3.177507444837404105e+00 3.312127657661082747e+00
1.344331691891541558e-01 4.582487021293006890e-01 5.059112525651926484e-01 5.363872562627883811e-01 6.363938954579346774e-01 6.810858430801387531e-01 6.886703792623152243e-01 7.033879591013572075e-01 7.480278595492838578e-01 8.164658093507897174e-01 8.319856690373359509e-01 8.682306580265332085e-01 8.901942302199853385e-01 9.424763398348904309e-01 9.880657225930381538e-01 1.022620220991680595e+00 1.029169198635897287e+00 1.062277095882886879e+00 1.089086723569153925e+00 1.121123553470454670e+00 1.160874614493206058e+00 1.191482652493694117e+00 1.197271450041245577e+00 1.228516808773050695e+00 1.291316796693422475e+00 1.352904932621404654e+00 1.384234471296972746e+00 1.398640282068423613e+00 1.426440084913516149e+00 1.450805240598067147e+00 1.473007885302045850e+00 1.486189834529212828e+00 1.536835154757931310e+00 1.567208997050977271e+00 1.633635021006611510e+00 1.642958474135437275e+00 1.715279173515112943e+00 1.743309695099944934e+00 1.757089744784447127e+00 1.815443846485669255e+00 1.833674332502844839e+00 1.876792684667430100e+00 1.902463322816168922e+00 1.973432106782201823e+00 2.016029879832243576e+00 2.074126663075746890e+00 2.150751638737153026e+00 2.183609559954479806e+00 2.223241440310053552e+00 2.252582867798585742e+00 2.261868845432446040e+00 2.337500355093955928e+00 2.436065792229332949e+00 2.614857803231557476e+00 2.682164161989065043e+00 2.691798301987677000e+00 2.843158105630717802e+00 2.988432027420681703e+00 3.176995064159606752e+00 3.310709645976783300e+00
1.447024378921160925e-01 4.120302483596733345e-01 5.210168277676890947e-01 5.251260750081091500e-01 6.057389179943714064e-01 6.698252045361915430e-01 7.169542752072480818e-01 7.335260658094590047e-01 7.508552014370550864e-01 7.884213856444440838e-01 8.150016598477159979e-01 8.514764037947871733e-01 8.909674937933086403e-01 9.701081436763803190e-01 9.820442666190131176e-01 1.006231146961157341e+00 1.026072061882830289e+00 1.068178168399902761e+00 1.080314041145300497e+00 1.112786850506043645e+00 1.185325883441635808e+00 1.202968061411398004e+00 1.231605965390959234e+00 1.262274740537440154e+00 1.287549619036412851e+00 1.322999289863852512e+00 1.367942806571960990e+00 1.386363407641598489e+00 1.435545689602643726e+00 1.453368795840741745e+00 1.457623040337775455e+00 1.483845454953114817e+00 1.523884726349604923e+00 1.555907315472316643e+00 1.589091430651079495e+00 1.666689145749872258e+00 1.706059561277554426e+00 1.749717686574745024e+00 1.797451875643154118e+00 1.819642301424500452e+00 1.844572715425636167e+00 1.854430912338260296e+00 1.899381307536539110e+00 1.970638328834315223e+00 2.002975872970099935e+00 2.075666209146011187e+00 2.144100769894201619e+00 2.212662319238749564e+00 2.217726663533853060e+00 2.235982694657052239e+00 2.265596810761412172e+00 2.333607898931384650e+00 2.429824295637831089e+00 2.621948188088035536e+00 2.683937904612549996e+00 2.699792438885368018e+00 2.852401710681582880e+00 2.988057057376716230e+00 3.171166678164317076e+00 3.309901604738517911e+00
1.506313629868827331e-01 4.147745091533113215e-01 5.212634462530625346e-01 5.315650893237202634e-01 6.076324841224589601e-01 6.704176107824388886e-01 7.151802801840797530e-01 7.342057845624051504e-01 7.477948293843253991e-01 7.923191456392171261e-01 8.116926473820021970e-01 8.507730159181091656e-01 8.929657628647358347e-01 9.669213157129635805e-01 9.765473806842976945e-01 1.007640846271792068e+00 1.024975294923293090e+00 1.069101241674561997e+00 1.077273065297754906e+00 1.118578919310606823e+00 1.183700583589454958e+00 1.200939226013366445e+00 1.232994027122580771e+00 1.254342177869286035e+00 1.293491056258002869e+00 1.320864437936856151e+00 1.370685326550016736e+00 1.382918676057814489e+00 1.436539288858760699e+00 1.449117688744880450e+00 1.466769499263084642e+00 1.486253708413626473e+00 1.523365407499617241e+00 1.555717101776110889e+00 1.590282532979058860e+00 1.661915916111149416e+00 1.706383517924295656e+00 1.746381075536348249e+00 1.795926442449963467e+00 1.820108076679752163e+00 1.847119764774625583e+00 1.854754199807758130e+00 1.891727955015089835e+00 1.981604312588061356e+00 2.004091494317496558e+00 2.075861038610465670e+00 2.144368757987248575e+00 2.208083431654085160e+00 2.221566693181420860e+00 2.235883134197805155e+00 2.267429554986332807e+00 2.335588566908459285e+00 2.431269233466871071e+00 2.618039095099624181e+00 2.678047243435441871e+00 2.700837514674938600e+00 2.853902720850495900e+00 2.986274256648921099e+00 3.171884185771470133e+00 3.311339584606062036e+00
1.661096823041907367e-01 4.219859492981547500e-01 5.244086983623952314e-01 5.467476481166907432e-01 6.127728108740233548e-01 6.706271863307798897e-01 7.098128940315442392e-01 7.348810519551302045e-01 7.454209368700459581e-01 7.987484358554357566e-01 8.039110415531548481e-01 8.488493043474125699e-01 8.975000699516846314e-01 9.561931882910315039e-01 9.663120853181781378e-01 1.008351813408408182e+00 1.024304094222374673e+00 1.064481078405487446e+00 1.079681593853708765e+00 1.128146524374261883e+00 1.179234697482431038e+00 1.196876840854753876e+00 1.229612689662058722e+00 1.246837546249980777e+00 1.299446173822154327e+00 1.315936470004769321e+00 1.370901845889477499e+00 1.381932582039908652e+00 1.436823251812813673e+00 1.452849684129846830e+00 1.470856154328487708e+00 1.497740735570150639e+00 1.522335369205392697e+00 1.557646909586595241e+00 1.589960593593798821e+00 1.652970081645584566e+00 1.705329399009667846e+00 1.739870123849043715e+00 1.786127482041430792e+00 1.822030621394615357e+00 1.851512407073151012e+00 1.860544327424080491e+00 1.878707914558172654e+00 1.996961555124840082e+00 2.013503337703362650e+00 2.076552608073415129e+00 2.145653230274109813e+00 2.202633301277430622e+00 2.226706172407567408e+00 2.236627597356406483e+00 2.272018188258373872e+00 2.340540045062594388e+00 2.435412105784930503e+00 2.606247343671954209e+00 2.663658021086011463e+00 2.703540971328106224e+00 2.856588247608849773e+00 2.980955282119409411e+00 3.174040633387699817e+00 3.315449796914515801e+00
1.864501420839283774e-01 4.313373395364026863e-01 5.300197072508447960e-01 5.660282638016149726e-01 6.197405710233895304e-01 6.666287534193399145e-01 7.013447068875420243e-01 7.354035570933553645e-01 7.497808042931158878e-01 7.878634630739831390e-01 8.100431538388465080e-01 8.456859675300802959e-01 9.022791270728826030e-01 9.387903364134161377e-01 9.578029372666552188e-01 1.006020422013516935e+00 1.025177651104159926e+00 1.060032853535086694e+00 1.084371077220777302e+00 1.133273436834909331e+00 1.173391480594442537e+00 1.191866363260992712e+00 1.218035580659652117e+00 1.247110144601248249e+00 1.298019723317148877e+00 1.310995003536143955e+00 1.362206527359457242e+00 1.391379913062543938e+00 1.436253533577294572e+00 1.458925818362374782e+00 1.472547834169002368e+00 1.505500261550763996e+00 1.527774741216022303e+00 1.563403768567994678e+00 1.582496427855117904e+00 1.649866193547151694e+00 1.699369022015568165e+00 1.734651148064324300e+00 1.770818988203123556e+00 1.820305852284689108e+00 1.854124252506787807e+00 1.867546806917123492e+00 1.876766774086134459e+00 2.000822917826223790e+00 2.034183386570040941e+00 2.078537529618619484e+00 2.150049640569350107e+00 2.200187038023353470e+00 2.232958014065410612e+00 2.239111657793747323e+00 2.278839488103893807e+00 2.346474207459202876e+00 2.441654429290705863e+00 2.587181759790588398e+00 2.647139789490331463e+00 2.707081960825767908e+00 2.857108437806509915e+00 2.972129036589187479e+00 3.177661605266353551e+00 3.321707676327107173e+00
2.077782661734532965e-01 4.405045417153972687e-01 5.369112658506872693e-01 5.832118133992240105e-01 6.261339371298814127e-01 6.566936119991085841e-01 6.913629563118885990e-01 7.359707858108222034e-01 7.566913242425579167e-01 7.745587601559161817e-01 8.174254013490866999e-01 8.433594098968152375e-01 9.055478901625025889e-01 9.203886020771478993e-01 9.500096335111511969e-01 1.002656677360606263e+00 1.024415303697212565e+00 1.059184661520566006e+00 1.087022494564342745e+00 1.130816563056916246e+00 1.167573274745556722e+00 1.186667660217396447e+00 1.205470162658058619e+00 1.246509521819407551e+00 1.291874974824851252e+00 1.305614157201660186e+00 1.354000422733082187e+00 1.399384811635141057e+00 1.434609020931519208e+00 1.461455872091937502e+00 1.478847046554907729e+00 1.502690308630762583e+00 1.539194784716584774e+00 1.565711422705873046e+00 1.576547715595693289e+00 1.653619530111825497e+00 1.687521401258069709e+00 1.731316589449803045e+00 1.759414548642113107e+00 1.814215545360412962e+00 1.855179914676243325e+00 1.859867657716931522e+00 1.897382639858753439e+00 2.002740160394171465e+00 2.049890803191343203e+00 2.083843679574030272e+00 2.160794897235896350e+00 2.200512404973086866e+00 2.237058274229495769e+00 2.248395106866821092e+00 2.288728403659165078e+00 2.352109652760959957e+00 2.449073577279107461e+00 2.564082225002863424e+00 2.632474491657585514e+00 2.710717749570286106e+00 2.853233377785936664e+00 2.959714795999527581e+00 3.182814692832873771e+00 3.329478521863606932e+00
2.279665824098572602e-01 4.478321245403931172e-01 5.436245002762464251e-01 5.923537599877345405e-01 6.259772691302732950e-01 6.460492266064421507e-01 6.817142278373874431e-01 7.286930153783744979e-01 7.585190738591834902e-01 7.693428809428735082e-01 8.209752283890029423e-01 8.459269123570392068e-01 8.926188223273882061e-01 9.169418708094875248e-01 9.425118388839358596e-01 9.989383984794512061e-01 1.020641169011919258e+00 1.059468471742392781e+00 1.083999260813107490e+00 1.125661994347564532e+00 1.161920675395293534e+00 1.181029206679236276e+00 1.192754297907440364e+00 1.241614844215244373e+00 1.284937393004403239e+00 1.301144550358261487e+00 1.345539904958929833e+00 1.399624169911708460e+00 1.433140023761159565e+00 1.464125011794857878e+00 1.480378183243092227e+00 1.504000114774486141e+00 1.546919054996803489e+00 1.556314188675840926e+00 1.584666032695210669e+00 1.654170939296048193e+00 1.675081950542211207e+00 1.726751052348706406e+00 1.760444220937756210e+00 1.805405298067628506e+00 1.852562144730809601e+00 1.855702978467350661e+00 1.918955692130293489e+00 2.005262471284252168e+00 2.059310330992500937e+00 2.093038207333165257e+00 2.177914178785461896e+00 2.201364502632958242e+00 2.239107358527495872e+00 2.264838166131638797e+00 2.303419905604380258e+00 2.357762040721636421e+00 2.456791335421914191e+00 2.541846138790362364e+00 2.620714474341975020e+00 2.713880861498233710e+00 2.844355410968282261e+00 2.943562793753343065e+00 3.189599622031155324e+00 3.338238857544821414e+00
2.461352916372846755e-01 4.522198346086584997e-01 5.483709378590738703e-01 5.885252022768364677e-01 6.148879179514065152e-01 6.399668593947254180e-01 6.758948739180030696e-01 7.113110413205497862e-01 7.543655894565013398e-01 7.685973584970622330e-01 8.214427266625573543e-01 8.454635124441209904e-01 8.727894607038505503e-01 9.118001523536186648e-01 9.439131792976618307e-01 9.921866400043061196e-01 1.015575279092467031e+00 1.057985699732561624e+00 1.073105921997491885e+00 1.122436659226681899e+00 1.154697630305151046e+00 1.167687704813988647e+00 1.190162135193919779e+00 1.232002916688100802e+00 1.277235875617705130e+00 1.299060789698821772e+00 1.336019875944253643e+00 1.392895056694420708e+00 1.431286204697196585e+00 1.462052038400228238e+00 1.481875391847333967e+00 1.509537964323311776e+00 1.549346914837298916e+00 1.552373775467781325e+00 1.593804929654525582e+00 1.644469262506629059e+00 1.668632477459403685e+00 1.722059447145513733e+00 1.769745716186955642e+00 1.796280189536732408e+00 1.848915220476655685e+00 1.853576866790923816e+00 1.937983596438457079e+00 2.010037670994595072e+00 2.066754134959151834e+00 2.105106205332523572e+00 2.193546629717731733e+00 2.204699617865539363e+00 2.242803302576168445e+00 2.282845610560162442e+00 2.325009813103655176e+00 2.365390026451908767e+00 2.464445008510005142e+00 2.523816629838988135e+00 2.612557159646186289e+00 2.716014939424381769e+00 2.830966511579650735e+00 2.923862597030279620e+00 3.198101297748984440e+00 3.347705626563375336e+00
2.619069492749809824e-01 4.526978942178279119e-01 5.486617854297468622e-01 5.704095177597600097e-01 6.031858537060984515e-01 6.311312616243628382e-01 6.722482185126937848e-01 6.928930188811244228e-01 7.433001330026408615e-01 7.672236283370488241e-01 8.129734986872881874e-01 8.302038966171167989e-01 8.573147601485447966e-01 8.952198995856035513e-01 9.511249187735043575e-01 9.802880273152797530e-01 1.013683465297559261e+00 1.048939273443820319e+00 1.062244381581644692e+00 1.110264312423322464e+00 1.143891911824604035e+00 1.159248639853795559e+00 1.195613546865636367e+00 1.221528038763018742e+00 1.268185970531720219e+00 1.296699535646355317e+00 1.327946636354861765e+00 1.384804989341285486e+00 1.428477547173427675e+00 1.455805483301790604e+00 1.486174611868358975e+00 1.510775570240614041e+00 1.548798801553313842e+00 1.555690984207951599e+00 1.602365260213497011e+00 1.635545813912495650e+00 1.663763026490870933e+00 1.719278394055233639e+00 1.768678483524874112e+00 1.795560235214674005e+00 1.850353081895295793e+00 1.851583039259849128e+00 1.952541869644651706e+00 2.017524195642718343e+00 2.073557723337162262e+00 2.119606329054612992e+00 2.192519669206154820e+00 2.220640984522054051e+00 2.249267146894825320e+00 2.300117881769057071e+00 2.352155238269315163e+00 2.378042453505277987e+00 2.472313822090917768e+00 2.511017594914122242e+00 2.609378592892890758e+00 2.716058257546886789e+00 2.814165749748186229e+00 2.901923014916729215e+00 3.208335803666605646e+00 3.357837109833481382e+00
2.748841790556070808e-01 4.480320611765719052e-01 5.398451177879607377e-01 5.467011841965881969e-01 5.916100743258797534e-01 6.181718268379804426e-01 6.586811563598101715e-01 6.840695959866348597e-01 7.264593096507097059e-01 7.615634839793145039e-01 7.901329113865415144e-01 8.029913518795055438e-01 8.421744840981730817e-01 8.755180564608858740e-01 9.469468331081956070e-01 9.659709970124029654e-01 1.015428112001212746e+00 1.030104193406029323e+00 1.047664940433725267e+00 1.091372244139444669e+00 1.134389750437629685e+00 1.156215206674239715e+00 1.201796701261616862e+00 1.219282009337571138e+00 1.257356836103974196e+00 1.295685116976079687e+00 1.323906851396320583e+00 1.377687751386829973e+00 1.426048758276247552e+00 1.450062145291071580e+00 1.486271407714680803e+00 1.509257085780129959e+00 1.550426656584025231e+00 1.558307310148151936e+00 1.606286320454642036e+00 1.634575099273769094e+00 1.662418640135830294e+00 1.717799651836209307e+00 1.757961174831845774e+00 1.798472607674864499e+00 1.848396240605772789e+00 1.861220217316448933e+00 1.962980580990407509e+00 2.025990127559354370e+00 2.079708603229471375e+00 2.133980147561316709e+00 2.186309631694018485e+00 2.235874981176154908e+00 2.257477323981786022e+00 2.317210574495207176e+00 2.378559331903924878e+00 2.398764641438324130e+00 2.480673614618492007e+00 2.504266093359654111e+00 2.613012231137300745e+00 2.711137482220757899e+00 2.796321527743582447e+00 2.880808036778894632e+00 3.220220668165175493e+00 3.368737584491261483e+00
2.844085512297541141e-01 4.365537736209670894e-01 5.138161158939870132e-01 5.283804521669254184e-01 5.752830767766181630e-01 6.014368402932664948e-01 6.423431580360419169e-01 6.700851139392935973e-01 7.060252695412368995e-01 7.381910356821331787e-01 7.669102760374426619e-01 7.778131134300684257e-01 8.116416068045334553e-01 8.649026280454457094e-01 9.260002400583092763e-01 9.511716283414027862e-01 9.971162872476101446e-01 1.005601944352555011e+00 1.042293278200287387e+00 1.071661257527319222e+00 1.128227060756673561e+00 1.155617103800062662e+00 1.203546754706788846e+00 1.230488935561856012e+00 1.246818566993673771e+00 1.296350489370144743e+00 1.326687101207604913e+00 1.371485486850371860e+00 1.423757168586558652e+00 1.445083082312464517e+00 1.480795828500150346e+00 1.509155421485063098e+00 1.549090217816824655e+00 1.558024042464810854e+00 1.604116268218914731e+00 1.639478290710327357e+00 1.668962765962425765e+00 1.716054160819726615e+00 1.752881246386357450e+00 1.798576787371797936e+00 1.844205684510133114e+00 1.876816374430096745e+00 1.970189435448070681e+00 2.033697335486208235e+00 2.085231695001899865e+00 2.142963817669878424e+00 2.179398787997912645e+00 2.248206357521192800e+00 2.264631071459919376e+00 2.333738318277712054e+00 2.399867417503705358e+00 2.424459935839614388e+00 2.488211163584795660e+00 2.508093134175728434e+00 2.624442614380294803e+00 2.695799159618480711e+00 2.783316437041030156e+00 2.864537132823351762e+00 3.233573926115576036e+00 3.380528447525960711e+00
2.893732915071040024e-01 4.163448569387348530e-01 4.797387199409613445e-01 5.057012504132044617e-01 5.473797883582103285e-01 5.812098950510572459e-01 6.193294110298696031e-01 6.419123416986964870e-01 6.736536516923188334e-01 7.077683423842742183e-01 7.446562910984763084e-01 7.644696439306533087e-01 7.787617876952463991e-01 8.607525229308354842e-01 8.946068993924320978e-01 9.302427637551599071e-01 9.665275294621089586e-01 9.798603821361147048e-01 1.042804714971691471e+00 1.060686084065289192e+00 1.116219205752537080e+00 1.153943346281686821e+00 1.209191845088878781e+00 1.232549920217867134e+00 1.252141373518441458e+00 1.296243949888344904e+00 1.335910461801377958e+00 1.367090512591294882e+00 1.420687684492053515e+00 1.439405316288720593e+00 1.473785467734223920e+00 1.507583438109826757e+00 1.537155558271723788e+00 1.558709545631050908e+00 1.602493152884431282e+00 1.646635873845160303e+00 1.677958254389158466e+00 1.715364470157065169e+00 1.758892053362323793e+00 1.798819742591466930e+00 1.838694623777209491e+00 1.891933840525059418e+00 1.974217215206317988e+00 2.040583314614902388e+00 2.089523267386201866e+00 2.141316211361553812e+00 2.174310663838426194e+00 2.258641856876432374e+00 2.268916577035275939e+00 2.347412172577778122e+00 2.415461121301624381e+00 2.444766369187282962e+00 2.497749644535817826e+00 2.525546072439694090e+00 2.635854801778965140e+00 2.675503445802645430e+00 2.780651651888023768e+00 2.855789622658368554e+00 3.248127234835965993e+00 3.393239687501334867e+00
2.874665643238752955e-01 3.826009019250583565e-01 4.331401419967679800e-01 4.729008962373861258e-01 5.128670564887246597e-01 5.419206320769071050e-01 5.759090748996488207e-01 5.992663247688804207e-01 6.487867426819218242e-01 6.941914398239732442e-01 7.237358667982179972e-01 7.503803112005328346e-01 7.613169093530054443e-01 8.453479249549888941e-01 8.677274721916985456e-01 9.073128969507027186e-01 9.426485130982462657e-01 9.582678359888343600e-01 1.036845202874644212e+00 1.057882965636019135e+00 1.100385484530538749e+00 1.146977057452578608e+00 1.207779386945680766e+00 1.236721132236708209e+00 1.265087767981393885e+00 1.297500974388121397e+00 1.342989952441235646e+00 1.366284550709552015e+00 1.416020786973040124e+00 1.433492512979919642e+00 1.467238080982015580e+00 1.500884059844606710e+00 1.521650896865657465e+00 1.560875008015341292e+00 1.605593962715618606e+00 1.650541930400394985e+00 1.682994232774763121e+00 1.720091140810537711e+00 1.772150059319571813e+00 1.801034045420106144e+00 1.832938580537747386e+00 1.903566132391268262e+00 1.975281519479653358e+00 2.047013555548718333e+00 2.090927396389970383e+00 2.131389123505309513e+00 2.168288612806149818e+00 2.265931191396247435e+00 2.272403419074034758e+00 2.354415941081978048e+00 2.423061430593456578e+00 2.456987482553782520e+00 2.512746860362340851e+00 2.550170249964081925e+00 2.616920890372895769e+00 2.689676622146493390e+00 2.787310205479093916e+00 2.855054872884246642e+00 3.263539495083069841e+00 3.406748096028767936e+00
2.653027953339320844e-01 3.046646439190786038e-01 3.787250747404579676e-01 4.255351916861215278e-01 4.720607140872896679e-01 4.886705963782640993e-01 5.343732308584473456e-01 5.710203867359253671e-01 6.443003362859900385e-01 6.767385724033759820e-01 7.083934377760728873e-01 7.352025571536916493e-01 7.451763891550442498e-01 8.124239683663444511e-01 8.570488963215129319e-01 8.911463426509453889e-01 9.246830278832340877e-01 9.454139290432133080e-01 1.025540540418729885e+00 1.053847587037575195e+00 1.087636451126982706e+00 1.138840574264113670e+00 1.200079087391197730e+00 1.238320460868482353e+00 1.277646093570525609e+00 1.300372340903138468e+00 1.342150825166829486e+00 1.367336239887086302e+00 1.408877502649818814e+00 1.429168274262508032e+00 1.461761772896507772e+00 1.490920055154238533e+00 1.513935203407432928e+00 1.562020868052524936e+00 1.612311331730704289e+00 1.649561877761067885e+00 1.683066562677441924e+00 1.727548628711583767e+00 1.785829330922076297e+00 1.804633185591065780e+00 1.829943974145681773e+00 1.910701073258843419e+00 1.974798723148823099e+00 2.051770442080138590e+00 2.086038941158498528e+00 2.122129629898502401e+00 2.156521849524959400e+00 2.266879525175574450e+00 2.279337553976203967e+00 2.350928000438770038e+00 2.420491050672500588e+00 2.466922539849205176e+00 2.524672773153954886e+00 2.562199418510163973e+00 2.612853688330313950e+00 2.720761829940017140e+00 2.801502584471228463e+00 2.861669031658257811e+00 3.279406769739661609e+00 3.420764223622575706e+00
-8.280732731000706170e-02 2.542267243816582756e-01 3.385154362198633526e-01 3.764958419543757429e-01 4.212281943630882264e-01 4.603396652822017709e-01 5.103422114338888038e-01 5.533190577051285697e-01 6.297624914449271305e-01 6.557484774659460003e-01 6.935007130987340673e-01 7.105999413061737657e-01 7.342993803226395277e-01 7.941317871663655659e-01 8.407368660208278666e-01 8.763854253236670333e-01 9.143218732020701456e-01 9.414703117034041169e-01 1.010565974731442607e+00 1.044338060139819779e+00 1.084872761713073119e+00 1.132827525535129887e+00 1.191080982357237694e+00 1.231083336089874525e+00 1.285095722096399662e+00 1.301858740177656903e+00 1.338616454063866090e+00 1.365854534346513383e+00 1.398631834097352478e+00 1.425658935297028362e+00 1.457910324930084656e+00 1.485212060664389488e+00 1.512192464201290942e+00 1.561727786096353210e+00 1.620587897448288350e+00 1.646357575971048259e+00 1.678980236148151173e+00 1.731724207123663151e+00 1.793159375200274797e+00 1.807657020666056269e+00 1.833500130821354102e+00 1.914407787886996060e+00 1.974303705713019719e+00 2.050505611003265116e+00 2.074947560850349149e+00 2.118475128672646424e+00 2.139591463123691639e+00 2.264219300603859786e+00 2.286040369619519730e+00 2.335499489638173110e+00 2.406115656383398527e+00 2.478289716805097687e+00 2.525946101051977699e+00 2.568365246643435906e+00 2.641233498848567507e+00 2.751472807296150069e+00 2.822539900589869255e+00 2.874908535668063259e+00 3.295270253023681040e+00 3.434857563643327616e+00
-2.817283599353778145e-01 2.057664860676623741e-01 3.038753079753517272e-01 3.359156477406844976e-01 3.811615738369577566e-01 4.407774678047530204e-01 4.944251573943384548e-01 5.368976605436471816e-01 5.963171596878052982e-01 6.434472753205009443e-01 6.691540788437676524e-01 6.938322835756826068e-01 7.267725888006166812e-01 7.850319474093587768e-01 8.217630445432149155e-01 8.568921270978699933e-01 9.085790703398175516e-01 9.383361296958954156e-01 1.000511394533255771e+00 1.033273342887222501e+00 1.088655458061655201e+00 1.130116853471384575e+00 1.181815465434572943e+00 1.221296180154992195e+00 1.283983490398383553e+00 1.299401029962159004e+00 1.334679025610779446e+00 1.362644301317437190e+00 1.387488280742220859e+00 1.422754431859899249e+00 1.453847936964982601e+00 1.480460609424296692e+00 1.514059388667920558e+00 1.560206532073543650e+00 1.628039463975586854e+00 1.643385803585535321e+00 1.672068739266379334e+00 1.731443255932845871e+00 1.789634557980552598e+00 1.812256618187417345e+00 1.841300691783850585e+00 1.916343609997001485e+00 1.974540667953774919e+00 2.036525421547491721e+00 2.068427908739009613e+00 2.104611312962075598e+00 2.133151515066851189e+00 2.253322594044298022e+00 2.288525673196943444e+00 2.314713668174363193e+00 2.389760580451682603e+00 2.491721234157059595e+00 2.527505724184361480e+00 2.582215165213340935e+00 2.673512045842262097e+00 2.777519998179635241e+00 2.847516280241038533e+00 2.894626419881839219e+00 3.310625388059548424e+00 3.448505861351877311e+00
-3.378655070438814634e-01 1.498438785101193493e-01 2.610248127209280344e-01 3.149542230875049253e-01 3.526420158817432648e-01 4.234293778617199133e-01 4.807055965553498900e-01 5.157985883180938869e-01 5.699594889756780525e-01 6.317776435389114154e-01 6.465441789748448409e-01 6.841750826528181229e-01 7.139228331335901734e-01 7.770960471769293720e-01 8.017592491453681136e-01 8.382320706345661732e-01 9.002244530409836409e-01 9.290312044406557890e-01 9.984347947283116476e-01 1.026361519828482338e+00 1.093319110835359043e+00 1.129875838037007529e+00 1.175929740833049797e+00 1.213213041688047777e+00 1.277579388603447885e+00 1.292725021023689358e+00 1.326081859102157257e+00 1.360020001732493489e+00 1.378074394758254106e+00 1.420918918446029799e+00 1.447630526841515497e+00 1.472065282064147995e+00 1.514248346906727161e+00 1.558732441501989197e+00 1.629463672809094987e+00 1.642774489573683550e+00 1.666213231680889750e+00 1.729841033412393703e+00 1.780179258109653606e+00 1.814355734512859364e+00 1.851099786090169896e+00 1.917049981118056134e+00 1.975503862771216479e+00 2.016154498132040285e+00 2.065364202133821880e+00 2.079574616795027087e+00 2.138375886811481053e+00 2.221106414284148567e+00 2.284956856228786304e+00 2.309292752820939487e+00 2.379987406625662327e+00 2.505686540136916829e+00 2.532463178430785167e+00 2.597228804343005848e+00 2.702097730449248836e+00 2.799209784538009060e+00 2.871121295528179740e+00 2.920171724228763477e+00 3.324934884858914863e+00 3.461154494641016210e+00
-3.250398020079299788e-01 9.681296535163742834e-02 2.125449746780131433e-01 3.068407023037480474e-01 3.358191442648169045e-01 4.032636764528342854e-01 4.664735679821777614e-01 4.984075069564540827e-01 5.611198285645920825e-01 6.149753304180589630e-01 6.335864426355753976e-01 6.774338414799684349e-01 6.939167279616165196e-01 7.676989524773395468e-01 7.822447429001678776e-01 8.233522587847894592e-01 8.884362983239207923e-01 9.175464136379957170e-01 9.945494161217744988e-01 1.027546639922624516e+00 1.095050211326528133e+00 1.130396427026379547e+00 1.177336434669481235e+00 1.201623068779873460e+00 1.265067224599939255e+00 1.286545949934148503e+00 1.316964702922074792e+00 1.351384642368715250e+00 1.377371711882542371e+00 1.418328545830908283e+00 1.432149196671042901e+00 1.463304180465700322e+00 1.510203409422319565e+00 1.560751610329033534e+00 1.619579980569968214e+00 1.645904303669376345e+00 1.665062493842760283e+00 1.730491735038158785e+00 1.768125728478996184e+00 1.814737287566121404e+00 1.862820228524619592e+00 1.917247118508412118e+00 1.974322801633399127e+00 1.997788320620706326e+00 2.051286385365687082e+00 2.066036322998308083e+00 2.138190400609596864e+00 2.181671571511259344e+00 2.284012098335123753e+00 2.312028259156018173e+00 2.375464315267877602e+00 2.518675460014863088e+00 2.538363352204204837e+00 2.611488388878503208e+00 2.724787839294466441e+00 2.817745976440922728e+00 2.890769514331712475e+00 2.948007653257950000e+00 3.337648041570099533e+00 3.472273363248214118e+00
-2.485657795136191339e-01 5.555075451421027238e-02 1.623438454038052536e-01 2.977858971394469201e-01 3.397954211881186182e-01 3.848294353387467504e-01 4.558715159412200513e-01 4.936116373988069239e-01 5.610745652661639493e-01 5.977713453315102177e-01 6.273161242313345376e-01 6.665871700057869331e-01 6.780311314711146009e-01 7.512073550657334398e-01 7.700623339797125766e-01 8.113519154243252762e-01 8.760486893361084659e-01 9.064610720579463488e-01 9.894544867867920424e-01 1.032327128077134448e+00 1.093129044005652695e+00 1.129873649470504171e+00 1.172462635921314611e+00 1.191634880452063117e+00 1.240090869029246257e+00 1.284898804087531543e+00 1.308507084499411999e+00 1.341122833139758885e+00 1.377384404528598116e+00 1.404665236697739905e+00 1.421340477789107215e+00 1.460776688749306329e+00 1.507681922741290093e+00 1.565862947763910107e+00 1.605394099690202525e+00 1.649134835021514700e+00 1.666710694182696351e+00 1.730594789304712444e+00 1.759224880834752591e+00 1.817292276230542791e+00 1.875859611447655340e+00 1.917198421437999123e+00 1.965034098828891462e+00 1.986444368902330337e+00 2.029820792966550602e+00 2.060647762059922616e+00 2.110868051892585751e+00 2.171379851541798800e+00 2.285212818716975125e+00 2.315278740169581795e+00 2.373670011576959560e+00 2.529746500384217001e+00 2.543617731006720728e+00 2.624173227999357927e+00 2.741070963833218688e+00 2.833343185136299791e+00 2.906464275020850696e+00 2.973495444732945803e+00 3.348228293111009002e+00 3.481401720020711021e+00
-1.303479952235507000e-01 5.265724978606020623e-02 1.105738692255803235e-01 3.089518413968031507e-01 3.569248059297148723e-01 3.828079249174955456e-01 4.535559225456664012e-01 4.990382587271071091e-01 5.645048748006459283e-01 5.861129182433357787e-01 6.247604277411505924e-01 6.492320125251650476e-01 6.752249884945220604e-01 7.304635998166923994e-01 7.639253473913328873e-01 8.011364728436319860e-01 8.654789821597060895e-01 8.969787026391224938e-01 9.860735566199596569e-01 1.036195525788527361e+00 1.088837414121893055e+00 1.115553250741619262e+00 1.153416667537522367e+00 1.192548721898385677e+00 1.214791093007545619e+00 1.273790895573046145e+00 1.298424679981777130e+00 1.336867187040794214e+00 1.359843101476315042e+00 1.398007551040090224e+00 1.429986652882405895e+00 1.465806247479451319e+00 1.508875544578929029e+00 1.569424278322738120e+00 1.595152106144311688e+00 1.650794998332540509e+00 1.668496158031914200e+00 1.723858854277411812e+00 1.759786136803750400e+00 1.822908316154542518e+00 1.889577893903801042e+00 1.915968668877232162e+00 1.951279135570432866e+00 1.978072743404084344e+00 2.008871545076100329e+00 2.047901958981940052e+00 2.087109321740336032e+00 2.175528851429619603e+00 2.286915289420108355e+00 2.317805688089339178e+00 2.373096416019885524e+00 2.538397164703040776e+00 2.547334470112662785e+00 2.634394403703540721e+00 2.751502082209653199e+00 2.845391981500076550e+00 2.918133234409631793e+00 2.993429280646702662e+00 3.356189518785532844e+00 3.488175868572796823e+00
-6.888690710058517630e-02 5.379337040046807544e-02 6.613062662902650934e-02 3.255743247047885314e-01 3.692159210933058100e-01 4.102067085811272329e-01 4.598422521392485085e-01 5.229978670899356752e-01 5.685586955581780622e-01 5.821699207339063875e-01 6.254457171038972918e-01 6.384790785148495296e-01 6.753055295419838622e-01 7.139639584116138638e-01 7.589493065115532344e-01 7.934874094037068781e-01 8.581903125293387502e-01 8.906919415309250132e-01 9.829349220911233198e-01 1.034484160325919833e+00 1.072772969625190864e+00 1.093301360210025885e+00 1.149105700950486364e+00 1.171192190526658017e+00 1.219784112831419520e+00 1.254748218216514166e+00 1.291924368951185231e+00 1.335505400539192866e+00 1.348666511162722292e+00 1.394728887110544324e+00 1.437420552716814903e+00 1.480046533659976626e+00 1.511330615396701438e+00 1.567971550623226795e+00 1.592521359760576960e+00 1.650812891123905501e+00 1.669639455786094295e+00 1.715982993655031708e+00 1.763485973771714121e+00 1.829467461155059427e+00 1.901846214805917423e+00 1.914355401448055716e+00 1.939758792758552897e+00 1.970343053057449501e+00 1.985760704122864651e+00 2.036611657332295877e+00 2.080605168791222592e+00 2.179514301989193381e+00 2.288244096495166247e+00 2.319357122373361779e+00 2.372975822037057370e+00 2.544375627009310303e+00 2.549015586878896844e+00 2.641122192701751636e+00 2.757127415824883521e+00 2.853048240578819339e+00 2.925378852424371789e+00 3.005998517439189222e+00 3.361138708599083813e+00 3.492339870198720941e+00
-1.617413157179256481e-04 -7.572474921760751865e-05 2.537396950418333820e-08 3.280793126128497827e-01 3.727670995583334812e-01 4.217236599052848756e-01 4.628926852840403172e-01 5.449885106595895312e-01 5.708616897546042734e-01 5.824189506503877345e-01 6.267271647996263129e-01 6.353169334651441735e-01 6.759888367390706199e-01 7.083063831680778133e-01 7.559778743986422800e-01 7.904691862194949126e-01 8.554589284456242115e-01 8.885647116556160130e-01 9.796544164650792252e-01 1.027327633569878884e+00 1.061375812865414936e+00 1.090389227338697697e+00 1.148004336098422673e+00 1.161766605447418055e+00 1.228712604122088159e+00 1.242306397033425380e+00 1.289821507215097141e+00 1.334993028950596683e+00 1.345598781912312525e+00 1.393457964837659269e+00 1.439021183317005015e+00 1.488563309920105215e+00 1.512420268275956881e+00 1.566329673276501522e+00 1.592612592907126645e+00 1.650535985096431846e+00 1.670027252647082738e+00 1.712779861680275628e+00 1.765055710454834115e+00 1.832601067377291448e+00 1.905025710839125086e+00 1.917897555838174783e+00 1.933063562051797302e+00 1.967606769983801351e+00 1.974042022034382615e+00 2.033546497772565242e+00 2.079464951686940566e+00 2.180992020324371339e+00 2.288736257062733426e+00 2.319877103339337943e+00 2.372967104066173505e+00 2.547063366832635456e+00 2.548916782446715157e+00 2.643481093890462041e+00 2.758879775799807810e+00 2.855676174573054116e+00 2.927839670499930325e+00 3.010282856998840906e+00 3.362818386770593193e+00 3.493744167791664079e+00
