1.629118091123853418e-01 3.054873357608104967e-01 3.624739170801125066e-01 4.645336983439095069e-01 4.923116089791297889e-01 5.499005446455570434e-01 6.094860476924344184e-01 6.498984738714750353e-01 6.505819050253836000e-01 7.165131749983527643e-01 7.287696136894055154e-01 7.630252937533380519e-01 8.125246897385258738e-01 8.693377496278599237e-01 8.969094278003160170e-01 9.149894889671325027e-01 9.516934372270493547e-01 9.740596641068521855e-01 1.006582934440842569e+00 1.029677515000501753e+00 1.047813624893673801e+00 1.081331593819037318e+00 1.123836306760900960e+00 1.156093515268294514e+00 1.207845599652853430e+00 1.224321519110854517e+00 1.295390016013348244e+00 1.303614170832250174e+00 1.340850781516556234e+00 1.377856125334322890e+00 1.416937568841257544e+00 1.474621011813084470e+00 1.493906884116883882e+00 1.513887427247717854e+00 1.519608515371334567e+00 1.556390194194143817e+00 1.580387447062228334e+00 1.647014551076632527e+00 1.669410799926324351e+00 1.760942406724744558e+00 1.815594225448279309e+00 1.827301536653739067e+00 1.885454010590223772e+00 1.925480576943376931e+00 2.011999226349550085e+00 2.055472434026032413e+00 2.089927017035670964e+00 2.236112760322132686e+00 2.286927907512346980e+00 2.335337550274420249e+00 2.416335934936744145e+00 2.492716498439000006e+00 2.619842866936799020e+00 2.640529398769993819e+00 2.739227601680760849e+00 2.796884813813515613e+00 2.880319750349691343e+00 3.035523901595876151e+00 3.320456179588768819e+00 3.403125134543252273e+00
1.652405035695906077e-01 2.987825529829246096e-01 3.660794246370915328e-01 4.549950358426024244e-01 4.993244468222343135e-01 5.522374182313882773e-01 6.055229157077584023e-01 6.512334229519427531e-01 6.518606319033826146e-01 7.148193095617165760e-01 7.220197167073477695e-01 7.633195582563954140e-01 8.151279178742618647e-01 8.716885353809226133e-01 8.925530179539230557e-01 9.164858335258974087e-01 9.512190441939972763e-01 9.733275462067899619e-01 1.008285070517565440e+00 1.024935523930091685e+00 1.053422019650851027e+00 1.082349936302609894e+00 1.123744300264736706e+00 1.153545489166681426e+00 1.204477019648750202e+00 1.226235473704334833e+00 1.295357029847691743e+00 1.306314835740943536e+00 1.340412142099794091e+00 1.377567522198358763e+00 1.415864027037272210e+00 1.472506851434664643e+00 1.493726228533255762e+00 1.513951480304519537e+00 1.521199664976127020e+00 1.554811608388267263e+00 1.581148096148282445e+00 1.646331713147075604e+00 1.671584909023560606e+00 1.760417912945430485e+00 1.815695665605406406e+00 1.827940278156021892e+00 1.885890043405018313e+00 1.925611036442228974e+00 2.012697838198788336e+00 2.053258497890394274e+00 2.092247356462042518e+00 2.236815505676988280e+00 2.285932115922125529e+00 2.334931404445462988e+00 2.415987324491720933e+00 2.491395806805589253e+00 2.619140311935048704e+00 2.639520951794801729e+00 2.739615245742503813e+00 2.794295620075541553e+00 2.879775160576961035e+00 3.036626083959135247e+00 3.320141899405878672e+00 3.400563068369424791e+00
1.711208623779915949e-01 2.831958525209478661e-01 3.710978388759017532e-01 4.403796507142054284e-01 5.069941105084989630e-01 5.583139863836918959e-01 5.946345538410767739e-01 6.536939388309291887e-01 6.557899031601766016e-01 7.033661817500996838e-01 7.140130834210253186e-01 7.613262460824281597e-01 8.231388876139490440e-01 8.731473094687115521e-01 8.892786548345852360e-01 9.162126646505748262e-01 9.512090859007951149e-01 9.705795410647787280e-01 1.010012033461325842e+00 1.021857566568683318e+00 1.059249383542860912e+00 1.087341505702372757e+00 1.123181926094579675e+00 1.147336873034918492e+00 1.198659596523159898e+00 1.227617164171443509e+00 1.294643073352296891e+00 1.313439797242083262e+00 1.339249479329399417e+00 1.376959311741709602e+00 1.413436690124906692e+00 1.466735625540088295e+00 1.492564796149298267e+00 1.512879970163587329e+00 1.526581110709505973e+00 1.550563457186878935e+00 1.583715460132963493e+00 1.644767392682236817e+00 1.677361933814107475e+00 1.758902170070330229e+00 1.815927504576771545e+00 1.829792307038302424e+00 1.887014461878059768e+00 1.926163636615475072e+00 2.014680286330190917e+00 2.048136492631997374e+00 2.097648218941421394e+00 2.238772005150245104e+00 2.283125493013296925e+00 2.333715257991126446e+00 2.414975473801377337e+00 2.487362933415678601e+00 2.616815250956073591e+00 2.636599192053800778e+00 2.740430880021358373e+00 2.787333138724353176e+00 2.877935912418993158e+00 3.039809005175210022e+00 3.319125917659949465e+00 3.393380378719540236e+00
1.775884282807396741e-01 2.638581812448652086e-01 3.700834859183025904e-01 4.303712992086862199e-01 5.085170092404894815e-01 5.582261631720725203e-01 5.840011789773155160e-01 6.517042250426581251e-01 6.607257425811630114e-01 6.884789443757297622e-01 7.125543731234277312e-01 7.571402251005955319e-01 8.330707799331403818e-01 8.676113844194051072e-01 8.961492728415079156e-01 9.134658409102307530e-01 9.506857023595719491e-01 9.669390207768480128e-01 1.008790377568315577e+00 1.025792977381588145e+00 1.060145819045535953e+00 1.095888347712500988e+00 1.121272413798427792e+00 1.141164843505722226e+00 1.193465939947635057e+00 1.225971597279204461e+00 1.293048877155833276e+00 1.319103883834234603e+00 1.339425568561232849e+00 1.376839994001661127e+00 1.411121345261312499e+00 1.458546158380151336e+00 1.489667691681540784e+00 1.510087183813502376e+00 1.533417984361415298e+00 1.546661713430979024e+00 1.588016683746556579e+00 1.643192452378520407e+00 1.685130696045590293e+00 1.756741844810312037e+00 1.816188091090260359e+00 1.832523657175858522e+00 1.888326211244967912e+00 1.927610769643975042e+00 2.017621360086811588e+00 2.042326918994219476e+00 2.103842095586012650e+00 2.241436774667148857e+00 2.279069633139187090e+00 2.331763762414256203e+00 2.413377264128899302e+00 2.480398140131613083e+00 2.611911876889744466e+00 2.632416556669557206e+00 2.740227611668708541e+00 2.778673282333934402e+00 2.874388652116975695e+00 3.044790556351122390e+00 3.317161331269918190e+00 3.382981969376141596e+00
1.805948610978639346e-01 2.427691933639417321e-01 3.630723860019830496e-01 4.251896733957919450e-01 5.037671579427179802e-01 5.331756572487988954e-01 5.868708498454615619e-01 6.369367114905123417e-01 6.667621958981241326e-01 6.893723652995611406e-01 7.137748257296001597e-01 7.532809965539231101e-01 8.380651897616755441e-01 8.652522189767474226e-01 9.040672601070032233e-01 9.129727991919337482e-01 9.456772543634758277e-01 9.666782773058388845e-01 1.008724180964158723e+00 1.030532730849613277e+00 1.059587010836716248e+00 1.102005463828308107e+00 1.117696140552214334e+00 1.138744323023690441e+00 1.189601418923479370e+00 1.222295953794078294e+00 1.290429255748803961e+00 1.317068454851413328e+00 1.342405127336468107e+00 1.378284914903455505e+00 1.410196791159691765e+00 1.449600407166821370e+00 1.484114661220336862e+00 1.505998310307143040e+00 1.534250781604895586e+00 1.551171583138450050e+00 1.593285710220453399e+00 1.642199688491690512e+00 1.693036587679146887e+00 1.754836574046950703e+00 1.816466579599990583e+00 1.835491671463851837e+00 1.889133554648102953e+00 1.930637600373241058e+00 2.020919925247341542e+00 2.037336311913878095e+00 2.109450534186382509e+00 2.243622646705721646e+00 2.274784024712381392e+00 2.329384920245028301e+00 2.411197936318925983e+00 2.470144637779904340e+00 2.602733306495381704e+00 2.628406065277593573e+00 2.736022137921571229e+00 2.773036820002611424e+00 2.868875299625397446e+00 3.051296941522038786e+00 3.313773393331406858e+00 3.371381234248559178e+00
1.761953227947397060e-01 2.205665862570832247e-01 3.556699675181726472e-01 4.203058959863596455e-01 4.800608210801315390e-01 5.057949671817553172e-01 5.901901897150808596e-01 6.242070312800140908e-01 6.731865002503161222e-01 6.963246425729907596e-01 7.174318961477400558e-01 7.523963580651986671e-01 8.355206807262051116e-01 8.689110235218386880e-01 9.059790613332980858e-01 9.188094680334711883e-01 9.396593127510203258e-01 9.696335276934868741e-01 1.010566091820203294e+00 1.033242293768351638e+00 1.059734638974291210e+00 1.101437074337742850e+00 1.115009013056751597e+00 1.139931344029277538e+00 1.187535896191623142e+00 1.218190662121991563e+00 1.286301998232347144e+00 1.311177872258256549e+00 1.342345456480602994e+00 1.380673347966901998e+00 1.412133346470701101e+00 1.441435940666608850e+00 1.475356817012682065e+00 1.501100223970610159e+00 1.532010637731238356e+00 1.561297586955430194e+00 1.598611677906975226e+00 1.641952436715195418e+00 1.699202313368624706e+00 1.754554061652662478e+00 1.816804922360114594e+00 1.838080261766439349e+00 1.888760549768620400e+00 1.935846432719082744e+00 2.023147802153775210e+00 2.034919171369234725e+00 2.113731472546722667e+00 2.243491284239986783e+00 2.271593506953536235e+00 2.327247326522368542e+00 2.408038461434270694e+00 2.456373543878641819e+00 2.588940024313679977e+00 2.625336919642596634e+00 2.726980169829617218e+00 2.773099882838578001e+00 2.861504496902805172e+00 3.059135117455647812e+00 3.308328775819757261e+00 3.360719700655347975e+00
1.626418529890729103e-01 1.970066066628633483e-01 3.505762745221013832e-01 4.091489099027597054e-01 4.326822475349612618e-01 4.942366071227148328e-01 5.906112982177580406e-01 6.188185890110877718e-01 6.785266131072700269e-01 7.016665239516042263e-01 7.224841877766077225e-01 7.570427802602569534e-01 8.308516934279492894e-01 8.732326928165506930e-01 9.040055969032004812e-01 9.216288374393222238e-01 9.425320954569222920e-01 9.735489369282863681e-01 1.014067170023718711e+00 1.033190602988524276e+00 1.060547906513898964e+00 1.096392711734397896e+00 1.114046235809802887e+00 1.141448728471553764e+00 1.187413832601517116e+00 1.214978108437281712e+00 1.280199382098608396e+00 1.305463761169749493e+00 1.338306941158618590e+00 1.381102148997967793e+00 1.417259676717341543e+00 1.434764343822160448e+00 1.464256271272064591e+00 1.496140498849275691e+00 1.530182188544528366e+00 1.571845191373288264e+00 1.603154328500545400e+00 1.642368612083858759e+00 1.702406888256598139e+00 1.756903503637891273e+00 1.817237887493594162e+00 1.840044575518809733e+00 1.886790155883895315e+00 1.943385258947511129e+00 2.022536543252644314e+00 2.036875348849721323e+00 2.116337154031166179e+00 2.239988966395471515e+00 2.269740539934461232e+00 2.326206448473157717e+00 2.402155025412398448e+00 2.440343394673932576e+00 2.572855711357924235e+00 2.622734208613843432e+00 2.716570583059198629e+00 2.776602154642743070e+00 2.852778869752520041e+00 3.068118905240544869e+00 3.300510762394673225e+00 3.352505459618552397e+00
1.415787711392680892e-01 1.708897560028650453e-01 3.376649090586750224e-01 3.688442957323440075e-01 4.160314285703982651e-01 4.834901652883012435e-01 5.918955200792624938e-01 6.160457678961087646e-01 6.801220473185246584e-01 7.061995488624015493e-01 7.278597750069802919e-01 7.668778244179539350e-01 8.276241624136649877e-01 8.754616034923652368e-01 8.976024099689652314e-01 9.233719276923303410e-01 9.532271024032505924e-01 9.770924711381553385e-01 1.018946123837711548e+00 1.030284528593883753e+00 1.061358798415271254e+00 1.090528893758665463e+00 1.114208101715544741e+00 1.141114087168192182e+00 1.188771920280636385e+00 1.213425453618130145e+00 1.272362050186177873e+00 1.301235083728359054e+00 1.333081405431275845e+00 1.378966692684715500e+00 1.420869087515319595e+00 1.431169960760429127e+00 1.453261909871877311e+00 1.491812676227759482e+00 1.527743884426794319e+00 1.581183993887145256e+00 1.606291918274146191e+00 1.643395717789863042e+00 1.702944485698497434e+00 1.761500441244780557e+00 1.817749825722562163e+00 1.841557215169646211e+00 1.883171880293880163e+00 1.952837638808624376e+00 2.020569140079347292e+00 2.041490753727610574e+00 2.117250142569062632e+00 2.234116494986337909e+00 2.267623991321123800e+00 2.326405114073930580e+00 2.389496090352881019e+00 2.427243687176350306e+00 2.557848055465725245e+00 2.619972481301995781e+00 2.707290856127171352e+00 2.781124706611885156e+00 2.843520214340658381e+00 3.077932038395479353e+00 3.290912531693718890e+00 3.346964569527592470e+00
1.158813069191431538e-01 1.410790027205098274e-01 2.817142425720160492e-01 3.571158661445853477e-01 4.127554390952707375e-01 4.727960570812608232e-01 5.938074076787790423e-01 6.149280385872697430e-01 6.770021401490142754e-01 7.117128197209424689e-01 7.331930050319196424e-01 7.791594680157857278e-01 8.273335477357167678e-01 8.733224523854001831e-01 8.913124271325233439e-01 9.268031659409828871e-01 9.651727051947847080e-01 9.796188688036148173e-01 1.023033824400905845e+00 1.026574852178324893e+00 1.061642590442562151e+00 1.085285609584346389e+00 1.115357661728010319e+00 1.138904662454707895e+00 1.190860055899911174e+00 1.213634618429540124e+00 1.263941125954759936e+00 1.298329195695315796e+00 1.328744894670736754e+00 1.375260424743323107e+00 1.414507912267117584e+00 1.435133430896113893e+00 1.445514825421349014e+00 1.488537655882924193e+00 1.523615341518359978e+00 1.588162751368618508e+00 1.608057471861408239e+00 1.645013814233054372e+00 1.702040119974896681e+00 1.767022850316289251e+00 1.818211191005568939e+00 1.842994503137111106e+00 1.878216136410339354e+00 1.963357782658817108e+00 2.018702110907024672e+00 2.046818395562457926e+00 2.116766975020085706e+00 2.227324232961286565e+00 2.264039429938726311e+00 2.325449648217341458e+00 2.371601178488823347e+00 2.420520448416217718e+00 2.546213322088676012e+00 2.616708732878482824e+00 2.699739298928042430e+00 2.785354652252042040e+00 2.834749672538085630e+00 3.088027074925531856e+00 3.280788705822446971e+00 3.343418908705054537e+00
8.743208205591186666e-02 1.072041483553183155e-01 2.136341401891175829e-01 3.553560912651089754e-01 4.120541556316388854e-01 4.636597854937529184e-01 5.927141876781399921e-01 6.181032816295474186e-01 6.712386243690062759e-01 7.171598572047913622e-01 7.382689876177445099e-01 7.913931855417459804e-01 8.301082523084566400e-01 8.661423976623120469e-01 8.887527313192525869e-01 9.302927004471791550e-01 9.752157046633251891e-01 9.820331805652554591e-01 1.018252861356579553e+00 1.029950918798703263e+00 1.061154634754484682e+00 1.081561262289147951e+00 1.116887192395742856e+00 1.135879781919697296e+00 1.192923812109405901e+00 1.215272155693110090e+00 1.256345785689917394e+00 1.296116347975022398e+00 1.326152294381284014e+00 1.370209839877365443e+00 1.404955645620814542e+00 1.438339889659442816e+00 1.443454331618424291e+00 1.486593818726685390e+00 1.517573039769842369e+00 1.591917540994479019e+00 1.609387607607720483e+00 1.646976882005945386e+00 1.700688420489025576e+00 1.772358140283653904e+00 1.818395862441044342e+00 1.844597204777027377e+00 1.872620230750080550e+00 1.973785735867289892e+00 2.017234343967385879e+00 2.051928989810745119e+00 2.115424525961573821e+00 2.220466691002304760e+00 2.259148657359445256e+00 2.317721449266672895e+00 2.360505030364283829e+00 2.417143549525978319e+00 2.538483818050815799e+00 2.612957980142996295e+00 2.693865917413082123e+00 2.788521528720185216e+00 2.827512175800041661e+00 3.097599696430555660e+00 3.271384353747395668e+00 3.341140465341989607e+00
5.637911705285966746e-02 6.958186609197165862e-02 1.450296279098743368e-01 3.549813441074204379e-01 4.112490936126109720e-01 4.576539760961937375e-01 5.890171583139730549e-01 6.244743122597845586e-01 6.647745767809383199e-01 7.216784466688576094e-01 7.426489376775835538e-01 8.015522526295127959e-01 8.338677177304406607e-01 8.593329081120286705e-01 8.875081151349030195e-01 9.328332729115793587e-01 9.780300471741222301e-01 9.889454680625678895e-01 1.013515483016683261e+00 1.031079642489032722e+00 1.060331721476690969e+00 1.080040530215549133e+00 1.118057588953327963e+00 1.133253008796547112e+00 1.194387719822815885e+00 1.217655986906475585e+00 1.250629395134418287e+00 1.294196048503802210e+00 1.325426130184911289e+00 1.363429073119891699e+00 1.398418911049173596e+00 1.436191821272594815e+00 1.447206002944801284e+00 1.486312778320018069e+00 1.510361476639018541e+00 1.592708185176653357e+00 1.610974990058939182e+00 1.648812440918389299e+00 1.699435840589637925e+00 1.776835362048819533e+00 1.818195397215461195e+00 1.846158136666106842e+00 1.867474134907470384e+00 1.982725857096709232e+00 2.016203405863705722e+00 2.056208567541447874e+00 2.113828066696849195e+00 2.214135946006301925e+00 2.253918680187576573e+00 2.305091710796449700e+00 2.359270950526229704e+00 2.414982800613336256e+00 2.534094858686695151e+00 2.609176190261466299e+00 2.689613307662157116e+00 2.790264823924085924e+00 2.822561873634023666e+00 3.105638327301970758e+00 3.263727587054812140e+00 3.339687930204841226e+00
1.037017822326253419e-02 3.246154703676454312e-02 7.827768900931633689e-02 3.553672324581185205e-01 4.095663871361214237e-01 4.549893304210048117e-01 5.856347665672493319e-01 6.306198373445689453e-01 6.591061378408719085e-01 7.249269518975914872e-01 7.455753393953925556e-01 8.082656986108166519e-01 8.346005231388735623e-01 8.578413524523818001e-01 8.862547320691160913e-01 9.341640188313300452e-01 9.772040013649772039e-01 9.964669669222685489e-01 1.011088057746114544e+00 1.028621089913885234e+00 1.059843730671538697e+00 1.080174414904711444e+00 1.118569141270388423e+00 1.131748775699582765e+00 1.195123313355148209e+00 1.219719159162841793e+00 1.247252660259673629e+00 1.292718136724151146e+00 1.326081226130030544e+00 1.356566210437472275e+00 1.396158441499438130e+00 1.433750508890356157e+00 1.450166576670832708e+00 1.487914874076455396e+00 1.503474773372523554e+00 1.592176816809833584e+00 1.612333592428514262e+00 1.650083260810648822e+00 1.698582512859626803e+00 1.779912024713140362e+00 1.817805251981543302e+00 1.847150837798130274e+00 1.863991935249883491e+00 1.988765258605249997e+00 2.015621521376353531e+00 2.059146514961793351e+00 2.112524295521735151e+00 2.209325260388718792e+00 2.249824082222013910e+00 2.295817797724404308e+00 2.360969757137889591e+00 2.413564536745218980e+00 2.532081180278320520e+00 2.606242520331905954e+00 2.687020261336269034e+00 2.790826201415261831e+00 2.819965633533043192e+00 3.111062718853844000e+00 3.258685389469444971e+00 3.338860835869474464e+00
-1.727292795206590255e-04 -1.371343545097367437e-04 -1.968757490342758747e-08 3.556795309682426742e-01 4.086122661078339102e-01 4.543709013955736786e-01 5.843209991112374713e-01 6.333871935434234324e-01 6.565492997569684075e-01 7.261777427547512209e-01 7.465748382870397437e-01 8.106706458406165439e-01 8.337889786900900546e-01 8.587204987394498890e-01 8.856098365980599185e-01 9.345328328133220008e-01 9.765848500600121662e-01 9.997093714596649860e-01 1.010665615538405282e+00 1.026534370364617699e+00 1.059723171484647342e+00 1.080457795330181048e+00 1.118673799443905992e+00 1.131313149402601859e+00 1.195324778265876464e+00 1.220518317199854375e+00 1.246169009192778176e+00 1.292145713405915997e+00 1.326692009801813121e+00 1.353524007755263048e+00 1.395893151940508226e+00 1.432664770631306483e+00 1.451170924547237062e+00 1.489616403823523116e+00 1.499912295545040131e+00 1.591823373964144750e+00 1.612851028831427724e+00 1.650533024643123792e+00 1.698283030362507828e+00 1.781029809517134188e+00 1.817607131782061680e+00 1.847424318825028555e+00 1.862821802836416074e+00 1.990891052234511127e+00 2.015444988920896296e+00 2.060218917721153620e+00 2.112007700620134987e+00 2.207472600440186117e+00 2.248276316681991016e+00 2.292659971314256584e+00 2.361857377410877312e+00 2.413043201404220461e+00 2.531537659084222902e+00 2.605119998257027891e+00 2.686147582529859079e+00 2.790889485916879575e+00 2.819207590554834830e+00 3.112988047245317080e+00 3.256917973030615698e+00 3.338589903110197543e+00
2.993580177197370865e-02 3.918928622093507952e-02 7.105672247214957216e-02 3.473682709311333716e-01 4.160274311832270477e-01 4.570630688620007653e-01 5.823572772841596468e-01 6.332589271584769808e-01 6.572587887287217878e-01 7.265497136201134465e-01 7.489403151390797708e-01 8.066085252145290818e-01 8.336685614508881903e-01 8.594786710661704854e-01 8.884704391088846798e-01 9.348642957953506860e-01 9.713769292336899008e-01 9.979504105711854978e-01 1.010965054452933609e+00 1.028921172090212943e+00 1.059220835663440274e+00 1.077173232667295366e+00 1.118341431464713542e+00 1.134097210349249707e+00 1.195254785899031669e+00 1.214451105329551472e+00 1.254439636894133514e+00 1.294027546614551882e+00 1.326517874578314604e+00 1.352445758637538242e+00 1.396737063175274463e+00 1.432672711011348188e+00 1.456072646071454812e+00 1.488836465735797310e+00 1.499618762898128788e+00 1.592985431440651078e+00 1.611786083661221891e+00 1.652064076119481806e+00 1.697721380343663711e+00 1.777309530168139862e+00 1.818892765715260706e+00 1.848734126321740501e+00 1.866147552036269364e+00 1.990462885707082519e+00 2.015141031203791400e+00 2.060794543869852724e+00 2.111817500160241057e+00 2.207890856515418498e+00 2.248925385984268832e+00 2.295103876853998859e+00 2.361868295165143294e+00 2.413342204362844079e+00 2.531744546016080566e+00 2.605735162160763174e+00 2.686199309642503863e+00 2.788173943819637124e+00 2.820692716398567335e+00 3.110822383281397485e+00 3.256964717614321270e+00 3.337356377032871357e+00
5.930552456633872427e-02 7.828541956969913007e-02 1.404875328521798805e-01 3.310475948839329274e-01 4.285066099158746922e-01 4.651090832572523648e-01 5.775249333460498180e-01 6.325852877125296425e-01 6.593799684471558509e-01 7.269812769183153778e-01 7.546645501453390636e-01 7.981704166060118455e-01 8.332341742848016208e-01 8.597730867164362634e-01 8.955720951588825862e-01 9.357476641765368752e-01 9.588915308617472766e-01 9.940923698382186924e-01 1.009174428577165994e+00 1.035298690811095268e+00 1.056687198406742301e+00 1.071618604903981087e+00 1.115664560795169624e+00 1.140368067836524668e+00 1.192205322002036105e+00 1.209971237405957245e+00 1.267744662757663399e+00 1.299487213700991628e+00 1.327069115136829014e+00 1.349650277250631358e+00 1.398200849841068960e+00 1.435096503714978100e+00 1.466611365711411485e+00 1.487444802815695022e+00 1.498946604122982640e+00 1.596270044264136656e+00 1.609304318641863185e+00 1.655824632300261667e+00 1.695882381842875875e+00 1.768950494663380280e+00 1.821069328117575159e+00 1.851952547901097423e+00 1.876035235397316869e+00 1.989291086794407581e+00 2.014299271996358609e+00 2.062372893802225882e+00 2.111186242793738899e+00 2.209378381904409494e+00 2.251064535065780081e+00 2.302023000885163206e+00 2.362076846482557002e+00 2.414052302515169668e+00 2.532426813512173691e+00 2.607508770686913113e+00 2.686365577367176183e+00 2.780857726395634000e+00 2.824535685060038048e+00 3.104399659979627746e+00 3.257148269251686212e+00 3.333679931370276073e+00
8.732118073680274206e-02 1.170475181716811031e-01 2.052563727344383360e-01 3.165223725436073221e-01 4.338310876211052269e-01 4.796180286144998695e-01 5.717775935409719068e-01 6.311246294554018199e-01 6.625634556592041591e-01 7.254864678635504216e-01 7.610164717499615650e-01 7.912143042433885665e-01 8.313522856026380747e-01 8.591442100990589470e-01 9.027870639715156464e-01 9.361992779701807654e-01 9.450300849587125462e-01 9.897646753065575398e-01 1.004466784586995898e+00 1.039565133699386523e+00 1.054900087678728671e+00 1.068445700983505109e+00 1.110650753232956145e+00 1.145674002804984548e+00 1.185966877398502595e+00 1.213380115634154377e+00 1.277818753201333202e+00 1.306789604644527980e+00 1.331542609423379542e+00 1.346139856646694444e+00 1.399453127576838929e+00 1.440538689178238130e+00 1.473222916353652101e+00 1.490574525624663638e+00 1.498676865463226537e+00 1.599819331043801585e+00 1.608075759061287524e+00 1.660122743597979733e+00 1.692316453720628777e+00 1.760146924611912356e+00 1.822695427209443775e+00 1.856160255769866874e+00 1.891222416240870396e+00 1.987676287575171674e+00 2.013097072016504008e+00 2.064584432147824611e+00 2.110034325261728405e+00 2.212196507768270592e+00 2.255218106976304426e+00 2.312296911744907923e+00 2.363070437176451488e+00 2.414719532422129333e+00 2.533723709825814741e+00 2.610224793618934225e+00 2.686668315562188436e+00 2.770230184743535329e+00 2.830104212768170147e+00 3.093944176974391613e+00 3.257605125820745684e+00 3.327693388818550702e+00
1.129978291735865142e-01 1.549512173601534926e-01 2.525564858196118201e-01 3.186354518188540541e-01 4.280839949812527689e-01 4.989944274354684017e-01 5.661649781859314778e-01 6.281736118571125127e-01 6.663251417892673834e-01 7.207235539748497732e-01 7.666077447264887379e-01 7.872047319351730410e-01 8.266538832298789830e-01 8.601625515148407786e-01 9.064445807224117413e-01 9.242818496614289003e-01 9.452019115113264869e-01 9.853861160704255884e-01 9.988972504078377224e-01 1.033893237192743397e+00 1.061217372053706587e+00 1.067126371423089193e+00 1.105436906379160478e+00 1.147832615997264272e+00 1.181738304560269404e+00 1.218741574022614182e+00 1.282845624575788657e+00 1.312538645399763171e+00 1.340234082090252965e+00 1.345196594534969092e+00 1.401262620479688747e+00 1.446611919426128656e+00 1.471449911316905057e+00 1.495505768836247418e+00 1.503561007309130337e+00 1.598733231591986437e+00 1.613248472704719383e+00 1.663365693391568367e+00 1.686686672893460859e+00 1.753551899647848078e+00 1.823768052999911626e+00 1.860818344930100121e+00 1.909188610032360733e+00 1.986018097324739218e+00 2.011775813316316608e+00 2.066988410455183889e+00 2.108455292953098414e+00 2.215907556728608174e+00 2.261952980457183404e+00 2.323986219603502601e+00 2.366123558847641029e+00 2.414894949947055114e+00 2.535725571183286231e+00 2.613527427786127788e+00 2.687100011708810410e+00 2.757397580842600338e+00 2.837376307447068147e+00 3.079901673753190128e+00 3.258559774903071471e+00 3.319776067811244236e+00
1.350912481979113788e-01 1.908615564797156439e-01 2.614646281436381892e-01 3.586499343331188139e-01 4.138949589378742022e-01 5.190848423904306230e-01 5.605945399482898939e-01 6.213246617673402472e-01 6.705863285399851215e-01 7.141478044020134197e-01 7.718155163822235654e-01 7.818359705357644795e-01 8.224076870686510832e-01 8.635817563723833246e-01 9.051308885627217249e-01 9.095766713300318385e-01 9.507831265179390590e-01 9.805552466258802280e-01 9.952777544760739170e-01 1.026473747753796406e+00 1.059016767601568931e+00 1.074859929685594517e+00 1.102609653349583052e+00 1.147646284321888199e+00 1.179695858463685632e+00 1.222433275896159355e+00 1.284228421407576093e+00 1.316661234556000259e+00 1.339718015140118457e+00 1.357501194173944326e+00 1.404488168453470465e+00 1.450586166770293728e+00 1.468472698469665882e+00 1.496389086458707052e+00 1.511594223382844993e+00 1.596006828011218293e+00 1.621365415693956535e+00 1.663928937725539292e+00 1.680187887302327487e+00 1.749962047657445119e+00 1.824523752707316371e+00 1.865379891045588101e+00 1.926674328287784066e+00 1.984715075729638123e+00 2.010630090319525554e+00 2.069188274318743304e+00 2.106767398090748866e+00 2.219457872944100796e+00 2.271024428732672629e+00 2.333886986251633378e+00 2.373258181017706026e+00 2.414477498522236587e+00 2.538314965999802997e+00 2.616945847526142899e+00 2.687547545660158743e+00 2.743732904333899381e+00 2.846383290474152172e+00 3.063224735145132271e+00 3.260261500198482487e+00 3.310670815480279305e+00
1.521824742117836304e-01 2.215022198808353771e-01 2.594082185600297685e-01 3.915985053526691018e-01 4.129738554305327214e-01 5.369733723269302095e-01 5.547971732444352266e-01 6.080872568381939791e-01 6.753626310533997756e-01 7.071954298728747590e-01 7.712281110896197500e-01 7.795754720168375229e-01 8.220565552107369500e-01 8.676593493027967563e-01 8.914915262607591151e-01 9.069475490701860432e-01 9.541550481980155540e-01 9.767271203397343005e-01 9.931682902216700803e-01 1.022515588189855551e+00 1.052819707810199068e+00 1.081755889354771405e+00 1.104386756473925368e+00 1.146877005825996276e+00 1.178015430511716977e+00 1.223487348866849400e+00 1.284114086317353465e+00 1.319571583002009829e+00 1.339295809188994379e+00 1.369369234130858093e+00 1.409198102331512104e+00 1.450849647671548448e+00 1.467178250058111200e+00 1.497730246026184764e+00 1.516255700558875485e+00 1.593989272963076020e+00 1.629313194603915216e+00 1.659757339122401198e+00 1.676284391826208919e+00 1.748586289544453942e+00 1.825082351080475229e+00 1.869244764696024408e+00 1.940437197695784821e+00 1.984038482204304676e+00 2.009942078129728582e+00 2.070894486213580965e+00 2.105353359789498224e+00 2.222066194753796076e+00 2.280579614688083012e+00 2.339544312582293006e+00 2.384219240299552567e+00 2.414046287376769850e+00 2.541064753637841012e+00 2.619952998734308647e+00 2.687734153534329540e+00 2.731245373838868673e+00 2.856442589245510533e+00 3.045964787595813128e+00 3.262815791938109999e+00 3.301525884208825978e+00
1.629618094085354407e-01 2.369551427899488638e-01 2.670449062675352425e-01 3.734500049527475496e-01 4.557138526921759580e-01 5.476450347425033671e-01 5.518295830347654807e-01 5.900103015353850289e-01 6.801887278870386577e-01 6.999356790873497713e-01 7.656071024024252436e-01 7.837015381110066237e-01 8.236267887709880497e-01 8.708827610075368097e-01 8.797713689903298162e-01 9.055768487143940337e-01 9.564132238326729096e-01 9.725761762552549428e-01 9.917567374342359798e-01 1.023808589598822483e+00 1.046392306703500807e+00 1.083877474895703630e+00 1.109595269105920767e+00 1.146396804512435530e+00 1.176033672935100416e+00 1.222991606961827404e+00 1.283812463666710535e+00 1.321120024616375899e+00 1.339815709170137259e+00 1.376880555259132999e+00 1.414039847926434001e+00 1.448962098469434467e+00 1.467065525744580157e+00 1.499396322745303323e+00 1.517914469212200856e+00 1.593020344096335972e+00 1.636116290700217357e+00 1.652687248625229754e+00 1.675313457609823642e+00 1.748250464843378760e+00 1.825448321963587750e+00 1.871847630240511151e+00 1.948636812747077007e+00 1.983929708545760118e+00 2.009760808166461743e+00 2.071949145614099486e+00 2.104462241979148995e+00 2.223566110237115367e+00 2.287834564071700161e+00 2.341888501152779689e+00 2.393447874910790585e+00 2.414755998690298888e+00 2.543261064304558339e+00 2.622041233913132263e+00 2.687443348960283362e+00 2.722466350084616238e+00 2.865258254566929619e+00 3.031961500118615760e+00 3.265774143780140193e+00 3.294018397895806416e+00
1.666283344585880177e-01 2.389957841000663052e-01 2.755451588755494230e-01 3.640164615688882832e-01 4.759662436328727653e-01 5.436906226030047140e-01 5.587492791191990271e-01 5.784807622858243459e-01 6.830304501010162621e-01 6.957628454661558548e-01 7.637990557285083693e-01 7.855104078375277910e-01 8.245361988084513039e-01 8.732366539003382222e-01 8.740307878037937295e-01 9.048771781001366810e-01 9.585128023474633885e-01 9.692210750122819407e-01 9.914227197043619100e-01 1.025962557515688767e+00 1.042992135119660713e+00 1.084101763750617176e+00 1.112328185097297695e+00 1.146269046503240130e+00 1.174991342646713122e+00 1.222592843537997576e+00 1.283699752681315420e+00 1.321569144780040173e+00 1.340174263016110645e+00 1.379376194549568613e+00 1.416227000102276534e+00 1.447862094810611122e+00 1.467098064090049947e+00 1.500183784028609413e+00 1.518178011827041374e+00 1.592782401554107441e+00 1.640132221463688644e+00 1.648127327737178183e+00 1.675185865443240107e+00 1.748213932133143800e+00 1.825578248093895128e+00 1.872768054265829596e+00 1.951250161702275054e+00 1.983979683540751049e+00 2.009778757435091379e+00 2.072302288944290360e+00 2.104165421054426499e+00 2.224047838169174174e+00 2.290532796525135417e+00 2.342495940470715965e+00 2.396495418559577928e+00 2.415747188786031341e+00 2.544117554554025773e+00 2.622796422556279428e+00 2.687151069619024835e+00 2.719355162328854991e+00 2.868955080052356887e+00 3.026368171299659515e+00 3.267340291428904475e+00 3.290829325804582428e+00
6.674472538860466708e-02 3.569715785166856503e-01 3.846077942137129391e-01 4.829676851990417630e-01 5.057230620451343972e-01 5.679907254549226847e-01 6.000441396529788696e-01 6.057968874261419057e-01 6.911408292084167959e-01 6.985243267710407045e-01 7.302874234051702773e-01 7.567987482907854169e-01 8.086478982173891383e-01 8.463507639833142138e-01 8.990886201856842508e-01 9.381174951420926389e-01 9.554659430063944248e-01 9.931253131205758367e-01 1.020926640629095328e+00 1.035423906205578781e+00 1.045443996855814461e+00 1.092771635265449293e+00 1.128703106308190929e+00 1.158420595659887864e+00 1.185642426601999144e+00 1.241291373845381241e+00 1.283760245062855576e+00 1.306965294002523814e+00 1.335317116585900576e+00 1.347901882074636903e+00 1.418431018856689541e+00 1.455530704777127537e+00 1.475237003896074039e+00 1.498862851098566651e+00 1.534544870902891933e+00 1.555318421259262118e+00 1.619623288592282329e+00 1.656449551623583538e+00 1.707410160642180763e+00 1.767465672506174812e+00 1.799728441745696683e+00 1.822369118040307878e+00 1.881305595505750050e+00 1.920968618095182601e+00 2.017154024369024690e+00 2.072621935918017133e+00 2.109963399060912348e+00 2.234679263163474872e+00 2.278249209955863552e+00 2.356927373292949213e+00 2.403933820808462851e+00 2.489722640266741838e+00 2.586649148702641732e+00 2.646128195162733121e+00 2.668552276009820368e+00 2.756323220084174963e+00 2.901687118851237202e+00 3.125755618702867000e+00 3.348230348869214001e+00 3.407637593455651537e+00
7.745252974431826587e-02 3.550227132135609920e-01 3.849313947598526631e-01 4.784502598609751134e-01 5.057321571813693240e-01 5.635180223550351197e-01 6.001443735761895493e-01 6.089375976712643190e-01 6.893232540878287962e-01 7.025881426331387347e-01 7.318300817054348428e-01 7.559746941365577122e-01 8.087113556621874366e-01 8.434587990686572834e-01 8.999143669307287929e-01 9.380966154589515105e-01 9.553736463749925578e-01 9.936498253299949068e-01 1.016005074024669552e+00 1.035216038915057535e+00 1.047673882256838551e+00 1.091145419859752552e+00 1.127906560102343247e+00 1.158136650406846879e+00 1.185613878666918808e+00 1.240483103362516548e+00 1.284864772206417927e+00 1.306823717979274102e+00 1.338187639958942077e+00 1.348980072923487761e+00 1.417465808473164390e+00 1.456071676106023283e+00 1.476634860907185542e+00 1.498359130428132735e+00 1.535146891524260537e+00 1.555121837775354399e+00 1.616288321870523514e+00 1.655831665822387500e+00 1.708027525528015955e+00 1.767153827817268263e+00 1.801212248452209730e+00 1.823124304973907206e+00 1.882629154813924011e+00 1.921676026584860697e+00 2.018346264668170686e+00 2.072537704111503398e+00 2.110346028671294061e+00 2.233763415876323322e+00 2.278352966395841506e+00 2.356706434015892526e+00 2.403243029653382212e+00 2.489655890383424275e+00 2.587089302493710274e+00 2.645582125839685883e+00 2.669403565026227554e+00 2.755741664980143835e+00 2.900242418440956094e+00 3.123751530492528072e+00 3.348053609687652088e+00 3.404521675431174899e+00
1.028856676534479625e-01 3.494201918247536454e-01 3.847841507273064288e-01 4.649476782505425621e-01 5.050477737807557155e-01 5.572687626032104546e-01 5.966197269721653651e-01 6.174132181716193157e-01 6.856831106466508841e-01 7.083025780689354844e-01 7.400774544244449471e-01 7.533599130870001215e-01 8.053773152188672402e-01 8.395581944207985980e-01 9.003806920966794802e-01 9.373888747921591547e-01 9.555480316123030615e-01 9.943937382149951043e-01 1.006437618947938262e+00 1.033942897511905157e+00 1.052719459367200017e+00 1.087127976434261623e+00 1.124868837423244505e+00 1.157428498466485545e+00 1.184473614955190213e+00 1.239211947677060666e+00 1.287411432452031157e+00 1.307614416082755415e+00 1.345028239639441070e+00 1.350746446897490127e+00 1.416380517191006883e+00 1.456715416946408492e+00 1.480607980695590076e+00 1.497238184267399186e+00 1.534952189688146396e+00 1.556195963588178577e+00 1.608448742736563020e+00 1.653516566887821337e+00 1.709079049332830280e+00 1.766563847100220075e+00 1.804772028972504661e+00 1.825627199190535066e+00 1.886209325752112642e+00 1.923706263999305888e+00 2.021432626277611888e+00 2.072806944767010329e+00 2.111279867569040292e+00 2.231301437976131119e+00 2.278358841272907664e+00 2.355753456032601445e+00 2.401415054854634246e+00 2.489349698296477786e+00 2.588360120827724487e+00 2.644332700046046813e+00 2.671819538597511201e+00 2.754228465296202799e+00 2.895826974284454458e+00 3.117739738141141803e+00 3.347558814094869550e+00 3.395548681984961625e+00
1.342656417510514344e-01 3.400195477053486459e-01 3.821626482477562536e-01 4.441572066761720339e-01 5.018736186756173057e-01 5.547787178567085142e-01 5.927120586774037303e-01 6.259247173688923249e-01 6.802228663324150215e-01 7.109680306631896984e-01 7.477616767320802715e-01 7.570046322235755021e-01 7.956696021326644663e-01 8.407605041589696349e-01 8.983747722313820683e-01 9.344650810755951165e-01 9.557219673504432356e-01 9.916701099859390744e-01 1.003073102397750160e+00 1.030538132901518855e+00 1.058352805328352630e+00 1.083050478013316775e+00 1.119433963285557665e+00 1.155209028766208013e+00 1.182471842214720459e+00 1.238480681285874407e+00 1.289151345410726845e+00 1.311196009133095641e+00 1.350557192709527010e+00 1.353512749837191054e+00 1.417504319737521001e+00 1.457178145731951702e+00 1.482859060541594109e+00 1.498672326987880554e+00 1.531275644343150555e+00 1.560592988794846425e+00 1.599973181205842643e+00 1.649759034253245105e+00 1.709280245956897870e+00 1.766046602123122478e+00 1.808469649181472461e+00 1.830347828208403582e+00 1.891198751572832792e+00 1.926768948806971915e+00 2.024822350237560631e+00 2.074681885978029605e+00 2.112312288175491659e+00 2.227977892584068975e+00 2.277647576156323517e+00 2.353345151238384059e+00 2.399143955585555599e+00 2.488539129078288337e+00 2.590183932465873085e+00 2.643387445533726066e+00 2.675366179109079479e+00 2.752383135959286964e+00 2.888203097190466639e+00 3.107883888685025298e+00 3.346823973321114476e+00 3.381840182638983006e+00
1.669170618149585783e-01 3.259328833522438518e-01 3.747031566350927934e-01 4.204612095685897888e-01 4.953400426365175413e-01 5.543254188215642753e-01 5.905472767312001103e-01 6.328467437838356524e-01 6.739406646475150087e-01 7.125853556599752725e-01 7.380285906416076402e-01 7.694409544136808776e-01 7.933178339066400131e-01 8.449579307628273250e-01 8.940302454012086786e-01 9.289121782783061887e-01 9.542669949356826775e-01 9.896293335599914975e-01 1.005042510679208023e+00 1.026095732010740225e+00 1.060283502041449610e+00 1.083256869740122141e+00 1.111697872154143507e+00 1.152259540315883068e+00 1.180645427608853826e+00 1.237899697528605847e+00 1.287481496558731786e+00 1.317944420622801704e+00 1.348747710472898209e+00 1.362165764192292183e+00 1.420021731527374653e+00 1.458114256138550502e+00 1.478177857956625818e+00 1.504867344334730683e+00 1.526452830757401014e+00 1.566188267887875574e+00 1.593960211179673792e+00 1.646294807866124144e+00 1.708247007474814394e+00 1.765230819094605996e+00 1.811225546824212662e+00 1.836914009000732539e+00 1.896852459989861739e+00 1.930444482255488037e+00 2.026437017860406531e+00 2.078555766694691442e+00 2.113298590779435937e+00 2.224657780953543718e+00 2.275776145679656359e+00 2.348910488577023337e+00 2.397267872457179649e+00 2.486888307222410610e+00 2.591787183597809907e+00 2.643854447879828484e+00 2.679321224041074423e+00 2.750910855146434741e+00 2.877095914313443803e+00 3.094964070402009160e+00 3.345829825563795268e+00 3.365244244195525258e+00
1.976534273050431778e-01 3.070247703868013711e-01 3.572314159761595387e-01 4.007986208254144533e-01 4.869886950255225555e-01 5.518139989576353877e-01 5.878817633388468966e-01 6.375891397948586503e-01 6.703029648625833392e-01 7.094922845712405834e-01 7.276203032189588749e-01 7.688795217959838446e-01 8.099648265365800848e-01 8.491199630047600033e-01 8.881419088015291008e-01 9.232527499403807569e-01 9.516584413117404884e-01 9.880238196625784619e-01 1.007410703863647283e+00 1.024753681975296482e+00 1.057091766320379600e+00 1.088053706010899013e+00 1.102619876432834545e+00 1.151451898908578242e+00 1.178477032552662562e+00 1.237219447015716289e+00 1.282332118811500443e+00 1.324345073109080895e+00 1.347939735390176530e+00 1.370597297388447711e+00 1.421458979599719896e+00 1.457475064366568818e+00 1.472040888465142361e+00 1.505672819655920591e+00 1.528412299112068995e+00 1.568919500565814085e+00 1.593000750075895589e+00 1.645184338503739685e+00 1.706221872644433146e+00 1.763483658328215187e+00 1.813332266542565074e+00 1.843960773215407301e+00 1.902650005074175921e+00 1.934426708848767440e+00 2.025646090557102763e+00 2.081270135238530994e+00 2.115280287658398262e+00 2.222295575361274089e+00 2.272699328007335762e+00 2.342846255715832715e+00 2.396198512824591731e+00 2.483967103758557560e+00 2.591890719731875681e+00 2.645820930935172566e+00 2.683062638682185863e+00 2.750164151751315345e+00 2.862730920421606928e+00 3.080891780467884811e+00 3.342617560418317701e+00 3.349781489596376005e+00
2.213991907759624567e-01 2.854018221340245409e-01 3.299711313278375080e-01 3.860826134432997492e-01 4.801736794625175442e-01 5.411520577853883296e-01 5.828584792438433748e-01 6.406029342226804424e-01 6.705130865084628633e-01 6.978372051182623048e-01 7.272366415868412037e-01 7.687635083914180489e-01 8.286008013160769403e-01 8.512669082190660319e-01 8.822950765948012197e-01 9.218480326881518527e-01 9.484180446418920551e-01 9.808215804329768472e-01 1.011629911970958418e+00 1.027944307243477740e+00 1.053721420786294383e+00 1.085933223196459130e+00 1.100117540221430712e+00 1.153942143068790616e+00 1.175290033190953265e+00 1.236659520268683421e+00 1.275783193292639339e+00 1.325587066896722011e+00 1.350011095963197905e+00 1.378189858073097795e+00 1.420419560292310646e+00 1.450357165969262008e+00 1.472107598717604438e+00 1.499464724858938558e+00 1.536555883311124138e+00 1.567745673691368857e+00 1.597555426533344036e+00 1.647200616497594305e+00 1.703329350948399323e+00 1.760710439480064338e+00 1.815184251078082678e+00 1.850252670141263156e+00 1.907948721860135644e+00 1.938777680739325771e+00 2.023604525323275727e+00 2.077930734907585730e+00 2.119513526002858139e+00 2.221566784357078994e+00 2.268735611587490375e+00 2.336571930140199260e+00 2.395801996342406426e+00 2.479033659555142766e+00 2.589112124122347591e+00 2.646845829904389102e+00 2.687094938458609583e+00 2.749634170752538687e+00 2.846995646137270519e+00 3.068679323617847565e+00 3.328301841449678111e+00 3.346073503580964115e+00
2.250863386224285778e-01 2.630560397702334519e-01 3.091579624223214640e-01 3.707553685513622632e-01 4.732699127177431575e-01 5.214433383424239565e-01 5.767769123571673262e-01 6.412778228030501237e-01 6.731868024346736590e-01 6.907058539426124133e-01 7.307296886844030226e-01 7.689991450530091477e-01 8.440023204630330289e-01 8.516118881900740512e-01 8.786807979400652613e-01 9.265842553352047206e-01 9.445597836789468849e-01 9.704762401221672663e-01 1.016094000210702397e+00 1.032191964060153566e+00 1.053847041592927747e+00 1.076461279123165360e+00 1.104173570776907587e+00 1.158835751611573039e+00 1.170774407108558179e+00 1.236162422761994728e+00 1.270593442417432550e+00 1.322038310458930610e+00 1.351656251589970381e+00 1.382681188834928854e+00 1.417666235370617311e+00 1.442144021127757636e+00 1.474562336805084861e+00 1.493091178586340106e+00 1.540986318766405461e+00 1.568463611859035156e+00 1.604474494068664159e+00 1.651029162447160248e+00 1.699538002437417816e+00 1.757624695764608225e+00 1.816778522001486040e+00 1.854989291572703980e+00 1.911632796252424882e+00 1.944016910886307237e+00 2.021767549776060768e+00 2.068329654220114833e+00 2.124224541450776105e+00 2.222115087307515946e+00 2.264422665038013260e+00 2.331710565616059938e+00 2.395829282904961222e+00 2.470645108600690421e+00 2.582140056283110496e+00 2.643191455153339309e+00 2.692453642082474730e+00 2.748811002290641348e+00 2.833825395869099761e+00 3.061383688459365704e+00 3.312820718217192262e+00 3.345189701857639530e+00
2.037407728167913157e-01 2.307632359622147078e-01 3.095069397643662179e-01 3.564084080277419853e-01 4.514289075734968515e-01 5.082528011523504974e-01 5.707408473951690597e-01 6.394752347950892757e-01 6.766390325461140165e-01 6.911180048100556972e-01 7.354968997836840439e-01 7.678300010098564332e-01 8.464527330373959879e-01 8.615724719178676771e-01 8.781070716540844145e-01 9.340748306855055638e-01 9.413810236223870698e-01 9.617036916397132540e-01 1.018405073992227905e+00 1.035488375319860044e+00 1.055279412906515946e+00 1.071007644716454266e+00 1.107697442009350830e+00 1.162469289492470192e+00 1.166889748533087356e+00 1.234845278215925823e+00 1.269002519085580261e+00 1.316459366667668940e+00 1.348823286655936649e+00 1.381139359514511389e+00 1.416278549292422584e+00 1.436778644971838936e+00 1.474714123123808340e+00 1.489440155111944941e+00 1.538093592569024670e+00 1.574811950007754646e+00 1.611273371764750273e+00 1.653718324914250415e+00 1.695721416709605300e+00 1.755354320662050327e+00 1.817993329952335202e+00 1.857706613347882341e+00 1.912174667942292405e+00 1.950823901646794090e+00 2.020769411204975885e+00 2.056238512887410330e+00 2.127090152145771462e+00 2.222460977270833915e+00 2.260312674308737169e+00 2.329227479066126705e+00 2.396208450362099729e+00 2.456393602017834521e+00 2.570425094376656450e+00 2.635270337135948715e+00 2.696917487559383986e+00 2.750150501048015617e+00 2.825965919419902495e+00 3.060718053938402683e+00 3.299137245015454134e+00 3.344443695933742244e+00
1.717707659433488354e-01 1.921708319533911302e-01 3.031290950718036892e-01 3.511556028971444809e-01 4.186027411146800437e-01 5.007792522397642720e-01 5.712542807741788353e-01 6.347935311609133047e-01 6.752458559010675598e-01 6.999713426517342185e-01 7.409630225051352381e-01 7.663328116705253601e-01 8.433835917720068354e-01 8.723160203308056859e-01 8.822589927334585358e-01 9.304568279705880407e-01 9.482802465736144271e-01 9.593593580398107612e-01 1.018855852966394693e+00 1.036681895091906558e+00 1.053330839224914994e+00 1.073983478720287321e+00 1.110758926768478316e+00 1.155828658747691140e+00 1.171813013659448455e+00 1.232004751343324989e+00 1.270758058117405387e+00 1.310881388218439803e+00 1.340417424351695530e+00 1.376093449314964134e+00 1.415505937043650686e+00 1.433724288436820871e+00 1.472804904801582992e+00 1.487657798613637894e+00 1.531668446347304924e+00 1.583081079894003595e+00 1.616146362323763519e+00 1.652084911027507763e+00 1.694543982432632934e+00 1.754784210786354048e+00 1.818913435683193747e+00 1.858351476525710089e+00 1.908201055566893123e+00 1.959337621164714882e+00 2.019549529934273835e+00 2.046961116930383628e+00 2.127424674879851985e+00 2.221263599306598557e+00 2.256726321087605402e+00 2.328733340529487439e+00 2.396909891193426567e+00 2.434409042363269826e+00 2.556708112217171092e+00 2.626933846329016387e+00 2.697310967096075096e+00 2.756988389082686730e+00 2.822158789882076579e+00 3.066498553555869755e+00 3.287387177434673013e+00 3.343547396835448104e+00
1.355327416090456316e-01 1.532601283434789352e-01 2.714266275731705980e-01 3.478629283314569887e-01 4.034545024917302047e-01 4.876355216387540104e-01 5.814733196052930264e-01 6.261060104664479820e-01 6.713930985396990847e-01 7.110744203227414850e-01 7.461236144339222776e-01 7.680385611310535099e-01 8.395320410206910111e-01 8.765421038946586973e-01 8.894623129897099023e-01 9.245491008235138253e-01 9.550291800110861651e-01 9.666583663540516680e-01 1.018395798010017339e+00 1.034136524355976583e+00 1.053970357511536005e+00 1.078237045837658448e+00 1.114278065223368808e+00 1.146935101090992282e+00 1.178010473020267623e+00 1.227840186091546881e+00 1.272445462200445965e+00 1.306771172800871961e+00 1.329342178603506897e+00 1.371182057436886703e+00 1.411509632438850081e+00 1.432597467276252701e+00 1.470218278152139124e+00 1.486184370023727164e+00 1.523839208180081561e+00 1.590400975468032163e+00 1.616863467825958578e+00 1.647984943474629871e+00 1.696550005727418764e+00 1.756573212597840827e+00 1.819769957022732809e+00 1.857308759004390408e+00 1.899264084973780076e+00 1.968838555717125072e+00 2.016523753618855164e+00 2.044929980103061151e+00 2.125458994481799202e+00 2.218427900704767364e+00 2.253699379197896757e+00 2.327933194864086897e+00 2.395441170760011840e+00 2.410108165277380365e+00 2.545579609213077799e+00 2.619968073966230104e+00 2.694705872855182260e+00 2.767537966267626715e+00 2.820049242886488727e+00 3.076990255451979017e+00 3.277425052527710658e+00 3.342418835505429175e+00
9.785626338646391531e-02 1.148809308018687303e-01 2.172639860544429979e-01 3.434628484692663353e-01 4.088957841151010242e-01 4.712139857294812550e-01 5.949574673998586638e-01 6.159222748509105561e-01 6.672596124820300290e-01 7.187387153387702066e-01 7.490821648381212894e-01 7.768255198591678123e-01 8.363808614252297158e-01 8.760594406685636715e-01 8.905357773751161332e-01 9.249085738908576770e-01 9.615927463491958926e-01 9.777623281925791332e-01 1.016821490826649743e+00 1.031050125579114463e+00 1.056387386970549791e+00 1.080320159704021732e+00 1.118533861686369590e+00 1.137884856598305294e+00 1.184650171993870460e+00 1.222863185186750856e+00 1.270077049354757071e+00 1.302905195560911666e+00 1.322045011149014071e+00 1.366638051072596616e+00 1.404401496747377687e+00 1.432956462024235655e+00 1.465524081992970906e+00 1.486259568677653409e+00 1.515143179839441689e+00 1.594997639562566905e+00 1.613464810092935187e+00 1.646829647789826767e+00 1.698693132785722648e+00 1.761407094083067726e+00 1.820506071614247823e+00 1.855141833746048352e+00 1.886745832667582112e+00 1.977991571754543321e+00 2.013792102789113692e+00 2.048547226041226299e+00 2.121790742604679814e+00 2.214753375896444165e+00 2.251243792786365550e+00 2.322436754315182483e+00 2.378801158139037586e+00 2.405732015289936410e+00 2.538450853327770318e+00 2.614204411653639148e+00 2.691405558246271479e+00 2.777930318415350985e+00 2.818729238834943196e+00 3.089588574773500351e+00 3.269152418853801478e+00 3.341122701323433475e+00
5.997210689314157878e-02 7.649135374287299727e-02 1.509929941742038095e-01 3.455677675857382058e-01 4.151055317954246981e-01 4.579588218907278963e-01 5.957472703401297531e-01 6.180574351891435780e-01 6.630112021822306412e-01 7.225875081361249341e-01 7.492722305971416530e-01 7.910380636254327191e-01 8.346749483310335060e-01 8.703234260789657339e-01 8.881588392926499376e-01 9.293125621135384096e-01 9.690088613279547181e-01 9.880782190477337412e-01 1.014187384829129179e+00 1.029164965328279946e+00 1.058344129627125207e+00 1.080666994386217494e+00 1.121976866048077115e+00 1.130916638803793228e+00 1.191020556877165681e+00 1.218651021242733057e+00 1.262330703595563319e+00 1.297349684224325728e+00 1.322345131900851456e+00 1.361410484891780071e+00 1.398301650037176325e+00 1.433481119381182056e+00 1.458961811764340810e+00 1.487781782883579540e+00 1.507041839467501587e+00 1.595080820763662866e+00 1.611598818198504146e+00 1.648251763595563801e+00 1.699192626276424756e+00 1.769031397596046773e+00 1.820478785892981843e+00 1.852240472474975252e+00 1.874079886474941281e+00 1.985237778611800508e+00 2.013411964975446722e+00 2.053941659392317653e+00 2.117356440205125256e+00 2.211161085860910092e+00 2.249491107643830201e+00 2.309931769008615188e+00 2.366834356131862105e+00 2.408817385905106079e+00 2.534336399712229237e+00 2.609513410884575446e+00 2.688597356109366121e+00 2.785589058546812602e+00 2.818364431111830548e+00 3.101443682560331983e+00 3.262685433364453491e+00 3.339864833487874662e+00
1.687952713750475592e-02 3.800275704306918523e-02 8.042201597168367744e-02 3.518655493125226741e-01 4.124473959427708558e-01 4.539571331689589706e-01 5.877450594186443000e-01 6.285543896957299648e-01 6.588017872951439369e-01 7.250100370838189479e-01 7.476978473656351598e-01 8.046111282594705649e-01 8.340241113816539986e-01 8.625714935936442673e-01 8.863072458910146167e-01 9.331079323735650410e-01 9.746111034802864559e-01 9.961889994502448609e-01 1.011732625088948456e+00 1.027523426088345682e+00 1.059404389333408414e+00 1.080512222207980599e+00 1.120404539220362761e+00 1.130331803119210887e+00 1.194722748406152224e+00 1.218449044782151436e+00 1.251921142040319790e+00 1.293412396224682626e+00 1.325263782177987792e+00 1.355980051289666699e+00 1.396031388357700465e+00 1.433182549831749419e+00 1.453298177572794669e+00 1.489165599245230398e+00 1.501660061350500674e+00 1.592854122297226782e+00 1.612324042065357732e+00 1.649879129464637328e+00 1.698644480503679999e+00 1.777137472914148697e+00 1.818978982653300713e+00 1.849027277449036388e+00 1.865513601368664176e+00 1.989535478869730811e+00 2.014655778395706864e+00 2.058453799225012038e+00 2.113550732770784979e+00 2.208482644107965687e+00 2.248542510384876625e+00 2.297531153389605674e+00 2.362755906878220902e+00 2.411832211276641935e+00 2.532203602259838426e+00 2.606288216690417325e+00 2.686775023202545132e+00 2.789698072336167733e+00 2.818842965419034119e+00 3.109909084133327895e+00 3.258426807868110231e+00 3.338934596492303175e+00
-1.727292795206590255e-04 -1.371343545097367437e-04 -1.968757490342758747e-08 3.556795309682426742e-01 4.086122661078339102e-01 4.543709013955736786e-01 5.843209991112374713e-01 6.333871935434234324e-01 6.565492997569684075e-01 7.261777427547512209e-01 7.465748382870397437e-01 8.106706458406165439e-01 8.337889786900900546e-01 8.587204987394498890e-01 8.856098365980599185e-01 9.345328328133220008e-01 9.765848500600121662e-01 9.997093714596649860e-01 1.010665615538405282e+00 1.026534370364617699e+00 1.059723171484647342e+00 1.080457795330181048e+00 1.118673799443905992e+00 1.131313149402601859e+00 1.195324778265876464e+00 1.220518317199854375e+00 1.246169009192778176e+00 1.292145713405915997e+00 1.326692009801813121e+00 1.353524007755263048e+00 1.395893151940508226e+00 1.432664770631306483e+00 1.451170924547237062e+00 1.489616403823523116e+00 1.499912295545040131e+00 1.591823373964144750e+00 1.612851028831427724e+00 1.650533024643123792e+00 1.698283030362507828e+00 1.781029809517134188e+00 1.817607131782061680e+00 1.847424318825028555e+00 1.862821802836416074e+00 1.990891052234511127e+00 2.015444988920896296e+00 2.060218917721153620e+00 2.112007700620134987e+00 2.207472600440186117e+00 2.248276316681991016e+00 2.292659971314256584e+00 2.361857377410877312e+00 2.413043201404220461e+00 2.531537659084222902e+00 2.605119998257027891e+00 2.686147582529859079e+00 2.790889485916879575e+00 2.819207590554834830e+00 3.112988047245317080e+00 3.256917973030615698e+00 3.338589903110197543e+00
-3.304195177045109871e-02 4.856205247703829914e-02 6.652676807692986527e-02 3.563120373577545186e-01 4.036934838500516043e-01 4.581096525891336091e-01 5.856634571223677810e-01 6.330870209505551349e-01 6.582480810495224821e-01 7.243686739414705311e-01 7.482031458463271889e-01 8.079051514339192774e-01 8.356990879007245576e-01 8.569198274273186478e-01 8.860277914922825016e-01 9.351296552898777925e-01 9.745726229039851640e-01 9.991362107803758441e-01 1.005817761975408953e+00 1.030815720983429884e+00 1.057415929801045484e+00 1.087308280308074027e+00 1.118569641633981870e+00 1.132060626019530059e+00 1.195008110983087457e+00 1.219043353480837366e+00 1.247576431540555753e+00 1.290739132126615507e+00 1.326435600324300967e+00 1.354549238249169729e+00 1.395491148690363836e+00 1.434113140639076134e+00 1.451391392248499779e+00 1.488809956101338816e+00 1.500443545948816348e+00 1.591814140510084741e+00 1.614523340309857558e+00 1.650034479293393641e+00 1.697849256240839377e+00 1.778621338279908759e+00 1.817288180209758242e+00 1.848086881524039660e+00 1.868655907302320118e+00 1.990375748280253543e+00 2.016155733916829007e+00 2.060855117899738964e+00 2.111219622929175532e+00 2.208245680013760648e+00 2.250197486836378769e+00 2.295145602789288031e+00 2.361351026333501135e+00 2.414424256029398030e+00 2.531718161068746920e+00 2.605994340924596919e+00 2.686930171984117433e+00 2.790485790224106921e+00 2.819853536367200153e+00 3.111587386856909720e+00 3.256842070112537346e+00 3.338557543161281949e+00
-3.158888219782628876e-02 7.985435603659613024e-02 1.312515076343883091e-01 3.564365683830485465e-01 3.958122207505422874e-01 4.644625822987991648e-01 5.894210456983024482e-01 6.326788965069254367e-01 6.625400354648945944e-01 7.194190973649398080e-01 7.527258261047318211e-01 8.020431314711471416e-01 8.384127247104293801e-01 8.528330271056947520e-01 8.871570998656449492e-01 9.354484086073205917e-01 9.693544832055868143e-01 9.932443893419230507e-01 1.004373740867759102e+00 1.034890994790512053e+00 1.057077941798004517e+00 1.100017274623940278e+00 1.118063321947785571e+00 1.135242286352935670e+00 1.194095782071716405e+00 1.214937383698030615e+00 1.251312511429700125e+00 1.286502934511175367e+00 1.326098378432549074e+00 1.357380132629609770e+00 1.395455694810665781e+00 1.436623058929016983e+00 1.452437389603579154e+00 1.487108365028366963e+00 1.501665356750620406e+00 1.591417894500622321e+00 1.618249061637431874e+00 1.648711384533512181e+00 1.696548460788006585e+00 1.772285147745390921e+00 1.817125644819671981e+00 1.849766623322896208e+00 1.884591126368842628e+00 1.989175627052721884e+00 2.018402933201361993e+00 2.062843729217541000e+00 2.109345255873377845e+00 2.210273935202943907e+00 2.255245282592621692e+00 2.302996999246598175e+00 2.360410589519136515e+00 2.418459158934795017e+00 2.532161141486837241e+00 2.608473782059586910e+00 2.689238033102895553e+00 2.789212223932887813e+00 2.821901824826346328e+00 3.107450085650250049e+00 3.256656100344889726e+00 3.338506547439707539e+00
1.338444062478730441e-02 1.101645424549751590e-01 1.941095599150560180e-01 3.532694176478975989e-01 3.937804440597871825e-01 4.688618773009195495e-01 5.948522928626521766e-01 6.328810994016457192e-01 6.676168832240448880e-01 7.129012718780787239e-01 7.589192857854120122e-01 7.962740614330257038e-01 8.362295465843433417e-01 8.506242167152194833e-01 8.887336175398455884e-01 9.325320751503238803e-01 9.635778896760577306e-01 9.843912112511034040e-01 1.009051448582462651e+00 1.036941934522342956e+00 1.059643783767693304e+00 1.108944955158952084e+00 1.117989032570682273e+00 1.143377300619093928e+00 1.192527169708177404e+00 1.209334357705307283e+00 1.256192474193613462e+00 1.280040889297725082e+00 1.326293369507303144e+00 1.361408027781798369e+00 1.397418848577083317e+00 1.437277780005915107e+00 1.454533578850706999e+00 1.486059508258060546e+00 1.503100394125042039e+00 1.590248015339217336e+00 1.620288303123949891e+00 1.647176192968243580e+00 1.694396637639527414e+00 1.764281844870027038e+00 1.817677038342427664e+00 1.851640276642902538e+00 1.906673270570816037e+00 1.988292017749796026e+00 2.022352958396994360e+00 2.066556285687702221e+00 2.107880371713035217e+00 2.213290421215070580e+00 2.261753518803358176e+00 2.315749217848473762e+00 2.361549810588049692e+00 2.424966308928272252e+00 2.532590769843741541e+00 2.612201778050288414e+00 2.692928060501671883e+00 2.787080281131548265e+00 2.825525794024018378e+00 3.100779146061384939e+00 3.256470369018972022e+00 3.338563256790494815e+00
4.832034995884348233e-02 1.406236567148518302e-01 2.512042567600599741e-01 3.520173054390040024e-01 3.969102723813712208e-01 4.718165497365995331e-01 6.008941567761516556e-01 6.336961233233413537e-01 6.707916162714404607e-01 7.082962716463394592e-01 7.646057649145108215e-01 7.925846287113796906e-01 8.288120388646025294e-01 8.501369943397315554e-01 8.908709704820774178e-01 9.248952384057028686e-01 9.594921726035944287e-01 9.771335152080734554e-01 1.015744993732971890e+00 1.039697810000296485e+00 1.062153434095123972e+00 1.108291490627814513e+00 1.120128496876146684e+00 1.156416644800615234e+00 1.189525485979040731e+00 1.205014500265746857e+00 1.260977224092998394e+00 1.272736539982310955e+00 1.327199498681746359e+00 1.365986634749769335e+00 1.401677976822231608e+00 1.435552698736515920e+00 1.456139367601152701e+00 1.486991956044194430e+00 1.504820208286895111e+00 1.588352861783279391e+00 1.616735944421676230e+00 1.646387377830652143e+00 1.691170992272877927e+00 1.756893175600446444e+00 1.818189213922474012e+00 1.853616332754409735e+00 1.927537937885352104e+00 1.989134249188120540e+00 2.027490870450736171e+00 2.072345752897948756e+00 2.109819840996313811e+00 2.217608962501790515e+00 2.268635839078189775e+00 2.327079275542431436e+00 2.372242707244237803e+00 2.434107757309966313e+00 2.532654277867195436e+00 2.616778814295907196e+00 2.697702399418121733e+00 2.784494961465332263e+00 2.830746342704760998e+00 3.091939846678596560e+00 3.256424770564067206e+00 3.338902306588551028e+00
7.103569772389271841e-02 1.718180166154766042e-01 2.919935982597796631e-01 3.661073602242304048e-01 4.015420502838276673e-01 4.764847161302087075e-01 6.061048322566693347e-01 6.338305258557058730e-01 6.704337937750082244e-01 7.097923750629872020e-01 7.673811306024096446e-01 7.915976681638379198e-01 8.201769002447288903e-01 8.473982003901030513e-01 8.941174772640805291e-01 9.147292137882042651e-01 9.561787707569067152e-01 9.731420185313652826e-01 1.020795467825448055e+00 1.044537401938117727e+00 1.064210399952412400e+00 1.103206279280207980e+00 1.121173063492941990e+00 1.168568746960711335e+00 1.184440069456007327e+00 1.205999518701469819e+00 1.264039981432273363e+00 1.266693768876666182e+00 1.328802157360305269e+00 1.370700772773620901e+00 1.407155098835854989e+00 1.432276051181079257e+00 1.456382064001991106e+00 1.489244366617868520e+00 1.507639081231891609e+00 1.585797527848622268e+00 1.607654744287603243e+00 1.645973281965183999e+00 1.686495738217519635e+00 1.751269226248239219e+00 1.817355154275378970e+00 1.856388139498674761e+00 1.940060611462962381e+00 1.992015146267564374e+00 2.031691457832348391e+00 2.078576498790779326e+00 2.119316103904705262e+00 2.223762287948422678e+00 2.276003463816397954e+00 2.330035299944861471e+00 2.397729712794775647e+00 2.447666360785162976e+00 2.532223407775669788e+00 2.621935692899624026e+00 2.703077327954987119e+00 2.782348798318323269e+00 2.837452053687647968e+00 3.081490519126345973e+00 3.256641088630591874e+00 3.339704600084570707e+00
8.673280247021478151e-02 2.041583909621951243e-01 3.117527936303340907e-01 3.848957307808609229e-01 4.229631516079245812e-01 4.848473065965552831e-01 6.087555276666132276e-01 6.302837300222108308e-01 6.725058314151387551e-01 7.159938726244163831e-01 7.664402451115511772e-01 7.906058608615649241e-01 8.132630993847382861e-01 8.422030984214240457e-01 8.978846075819687522e-01 9.062051994636002306e-01 9.522082934941170640e-01 9.717522203026586203e-01 1.021881608284570309e+00 1.050809442401982041e+00 1.066607664296504332e+00 1.096518520352732562e+00 1.121344516288087956e+00 1.172168334528485456e+00 1.182170641989934934e+00 1.212716771881221289e+00 1.259421443852904998e+00 1.268753667969818144e+00 1.331002477407073448e+00 1.375272516214687935e+00 1.411431642113053275e+00 1.428565379525263301e+00 1.456631210656805786e+00 1.490444741350463786e+00 1.512288601124105680e+00 1.581580045796874057e+00 1.597239640753383094e+00 1.644601666614254887e+00 1.680581924127163118e+00 1.747377673997502434e+00 1.814324765743501100e+00 1.860523829865082135e+00 1.944608479747051089e+00 1.994939508551853091e+00 2.032923426190647920e+00 2.083400156026839145e+00 2.134752071493546399e+00 2.231717806762405054e+00 2.284231334760655763e+00 2.328964127391881522e+00 2.424610460919913724e+00 2.472319345605048291e+00 2.532369444479241505e+00 2.627707735576089387e+00 2.708440498352749692e+00 2.781909060342170115e+00 2.845550315499575600e+00 3.070209951239863511e+00 3.257185068876968348e+00 3.341117341850294409e+00
9.642300709377853163e-02 2.366473609436273995e-01 3.263819790442649138e-01 3.862427390620243317e-01 4.659338930991592798e-01 4.974394069412051422e-01 6.080873376769093674e-01 6.229309974033705455e-01 6.824479747998045687e-01 7.220705430127470903e-01 7.617817377614558572e-01 7.858670679181183338e-01 8.116787558486734389e-01 8.371549255553781821e-01 8.944451520508391873e-01 9.081414849854444471e-01 9.475115834582664709e-01 9.707011396851260576e-01 1.020157610765435541e+00 1.053657763384073798e+00 1.070570957135959844e+00 1.090902151696405031e+00 1.122035579329510924e+00 1.167393115663119207e+00 1.183845337305891920e+00 1.221827676864520873e+00 1.256166717027241031e+00 1.271418474261764464e+00 1.333525213237813034e+00 1.379318843638349668e+00 1.410620573216897045e+00 1.426780252261765858e+00 1.458643940063646394e+00 1.489586927412992479e+00 1.517537775731687466e+00 1.573034664766162161e+00 1.591583011279555482e+00 1.641653888684733831e+00 1.674141470324143732e+00 1.744743834908337288e+00 1.809231856670675986e+00 1.865976907578947186e+00 1.945260686440675846e+00 1.996446918659595893e+00 2.031382760764419704e+00 2.087890967901640860e+00 2.148604256489141662e+00 2.240315504509212019e+00 2.292693283459132036e+00 2.328480473344845869e+00 2.440012942055402423e+00 2.504240104271556078e+00 2.541211960729044428e+00 2.634851312147936220e+00 2.713274351547696028e+00 2.784540739897117145e+00 2.855093318633526778e+00 3.059113832726019666e+00 3.258050849268583349e+00 3.343224756979302992e+00
1.038474453920920221e-01 2.664245362140984508e-01 3.434271786209857624e-01 3.862018218496154343e-01 4.912373017773308259e-01 5.242475438224489803e-01 6.050450289175475227e-01 6.176290619130703208e-01 6.964422928660202183e-01 7.256630174928456745e-01 7.527004829114035678e-01 7.818928680163285128e-01 8.140517502913559023e-01 8.352451133558705942e-01 8.878583123209696781e-01 9.155999826829528399e-01 9.421643187352678472e-01 9.686204189121431218e-01 1.017244026105045718e+00 1.050431188800644344e+00 1.073540712210703463e+00 1.090711481569895724e+00 1.124024127516622951e+00 1.161775408863770176e+00 1.183639045001665835e+00 1.230619309206421264e+00 1.255813803805458706e+00 1.274092479468484251e+00 1.335915627062581823e+00 1.382145155805331926e+00 1.404690309490090439e+00 1.426558890615102548e+00 1.463102248799432736e+00 1.486889395699190430e+00 1.520933081471993464e+00 1.563171869132190528e+00 1.590689671937850935e+00 1.637432197756941932e+00 1.667705359327104730e+00 1.742992753496546365e+00 1.802849322719085379e+00 1.872391567615558916e+00 1.944446693094124434e+00 1.996558493913022314e+00 2.028297852513038624e+00 2.092669126369311350e+00 2.157315004911310119e+00 2.248077190390309177e+00 2.299052432153496195e+00 2.331700243701696706e+00 2.447183570967987887e+00 2.515260684442550687e+00 2.572616761110078087e+00 2.646177513800681336e+00 2.717521569178688701e+00 2.791180562614919314e+00 2.866378752217012327e+00 3.049451807896556232e+00 3.259169373347795773e+00 3.346030924818912844e+00
1.132616688640527280e-01 2.904472866658312502e-01 3.628253848561016626e-01 3.890758101076964293e-01 4.966370828612696187e-01 5.521687897677105550e-01 5.996439907838105876e-01 6.238772805833816548e-01 7.003734037171452931e-01 7.353206780826102573e-01 7.437489101359132659e-01 7.805289042040294278e-01 8.178091693129475592e-01 8.383041806888560377e-01 8.817308752529102733e-01 9.229780942237757468e-01 9.371889005218451141e-01 9.656369178019624799e-01 1.013602358879813314e+00 1.044520763948363351e+00 1.071808482014947828e+00 1.096297257247806467e+00 1.126940980683071025e+00 1.156710172857846608e+00 1.182290285119182771e+00 1.238737814400782566e+00 1.256492474349986121e+00 1.277468133583061327e+00 1.337557934533209814e+00 1.382169148491628752e+00 1.398318237312832890e+00 1.425499894548100333e+00 1.468833252972038927e+00 1.482539508813077056e+00 1.521436301789816481e+00 1.556639391754682133e+00 1.591482838420612778e+00 1.632899594541996180e+00 1.661458555709482754e+00 1.741866154825076896e+00 1.796094462352206378e+00 1.879436218214440624e+00 1.943097752786131949e+00 1.995507229231777480e+00 2.024795100825085736e+00 2.097460899045363814e+00 2.161107000345649620e+00 2.254424251507840538e+00 2.301934540525556461e+00 2.339460048654549595e+00 2.448676840410689781e+00 2.518385820050149881e+00 2.598345173278484577e+00 2.666441018049105605e+00 2.721785027495530862e+00 2.801530245080845916e+00 2.879983526294107143e+00 3.042649186590428378e+00 3.260434042175593294e+00 3.349450273642028186e+00
1.265646768409528777e-01 3.078972790377436097e-01 3.778652302006597630e-01 3.989167622098758748e-01 4.956059223864004437e-01 5.634039752955261049e-01 5.923537459063097366e-01 6.407574915046004849e-01 6.944874446210843599e-01 7.317750430837257625e-01 7.603637303971183536e-01 7.797381221341533886e-01 8.215652857387979457e-01 8.464631850736654695e-01 8.762651770020939423e-01 9.253996357808224049e-01 9.366983818815863838e-01 9.628940082790771182e-01 1.009572455616133180e+00 1.039371632880667917e+00 1.067205491114054716e+00 1.102721826423984641e+00 1.128742026903220896e+00 1.153770124141054731e+00 1.181824547114840307e+00 1.245890753915779081e+00 1.256147646838636334e+00 1.281911766109484763e+00 1.337619077771914800e+00 1.377866743441773512e+00 1.395003807172156884e+00 1.423810074823487204e+00 1.471172613449681643e+00 1.479205864538167603e+00 1.521351607133217820e+00 1.553663009431216491e+00 1.592158516199107865e+00 1.629010196802063826e+00 1.655519167089242627e+00 1.741117689044529460e+00 1.789768085214045179e+00 1.886864200500317335e+00 1.941580710469748006e+00 1.993253294260524777e+00 2.021683590050324497e+00 2.101845973062847595e+00 2.161019415945868882e+00 2.259544587489110690e+00 2.303028775749571988e+00 2.349357426552054928e+00 2.445999203588286708e+00 2.522161137599234770e+00 2.608384467137152551e+00 2.690667371318052226e+00 2.727179389742508953e+00 2.813228924761154826e+00 2.896270796306880335e+00 3.040073464627843336e+00 3.261733264661983434e+00 3.353300993491992621e+00
1.428718650505259868e-01 3.200650511261879383e-01 3.807733814603392886e-01 4.187484785807664700e-01 4.927797778145867058e-01 5.648653680805924004e-01 5.834604796203698429e-01 6.479286136248213479e-01 6.980323111322659368e-01 7.259502569309455033e-01 7.723226683612454124e-01 7.902836723998555302e-01 8.238731208582300569e-01 8.576508664399156157e-01 8.722626662945330844e-01 9.235921069937458316e-01 9.376920892088601578e-01 9.624989894147804037e-01 1.006598519540940595e+00 1.036893173197933393e+00 1.061107394641441326e+00 1.107021602864051824e+00 1.127544190397996360e+00 1.154700082827106566e+00 1.183232669143454929e+00 1.250394693892109776e+00 1.255380438754988948e+00 1.286757487873340544e+00 1.335350714292969698e+00 1.372596225472026754e+00 1.392994309626883753e+00 1.422620427976249546e+00 1.464617515886047938e+00 1.481631048381808702e+00 1.523320677625441766e+00 1.552605905555281218e+00 1.592033930505084127e+00 1.625821220735629513e+00 1.650128437624590827e+00 1.740533819408335958e+00 1.784413810393057798e+00 1.894447233614376502e+00 1.940101820434797286e+00 1.989778056286879204e+00 2.019348193625143839e+00 2.105499505835294993e+00 2.158147046163796379e+00 2.263857302630403190e+00 2.303820000665191436e+00 2.359165379643713312e+00 2.441282088652583226e+00 2.526722252059978135e+00 2.610425189580070082e+00 2.708622352092354912e+00 2.734980641488159669e+00 2.822716439151741863e+00 2.913998286096883383e+00 3.042416479086626158e+00 3.262976299288146365e+00 3.357302230090053019e+00
1.598553287949604496e-01 3.283972112425641576e-01 3.768369395236703112e-01 4.402259795419457555e-01 4.911448649065486283e-01 5.610856210763823793e-01 5.745383426332726362e-01 6.421949468912143688e-01 7.040310137787028077e-01 7.301249815674042409e-01 7.730110232818379057e-01 8.089868999923440773e-01 8.249657763998339277e-01 8.669960349271774724e-01 8.729808369102527443e-01 9.220837304182784022e-01 9.337761252984625449e-01 9.641532521806451816e-01 1.006449931909912054e+00 1.038571777267972340e+00 1.054812965738483044e+00 1.107001857812765833e+00 1.125607643793490986e+00 1.157745783319866995e+00 1.186457177001442931e+00 1.249327147573412011e+00 1.257551130872048395e+00 1.290038293747949094e+00 1.331840049705972584e+00 1.369634563049080489e+00 1.389996916384940384e+00 1.422561018698942581e+00 1.456455925537737617e+00 1.483752127869553572e+00 1.526776601527856769e+00 1.553096351133193664e+00 1.591563743976546874e+00 1.622505184584196014e+00 1.645631673628099589e+00 1.740006812612583387e+00 1.780259882636390456e+00 1.901845802748751257e+00 1.938802055087814669e+00 1.985484326297619617e+00 2.017721310325254702e+00 2.108207462971140256e+00 2.153775096855028881e+00 2.267715205583853422e+00 2.304493986117449378e+00 2.367803630360359346e+00 2.436386374448904935e+00 2.531136456297649939e+00 2.609180547190602439e+00 2.718723549720570620e+00 2.744762445567002107e+00 2.828120470073248072e+00 2.930197366411158910e+00 3.048778993437883944e+00 3.264095834558348397e+00 3.361083828929779305e+00
1.748601254915836956e-01 3.340845107051279572e-01 3.695626734937300095e-01 4.592015180330191182e-01 4.921149155969475886e-01 5.482222153067259907e-01 5.742398190393347424e-01 6.315044086114748323e-01 7.041345581368437800e-01 7.407639377792699653e-01 7.761554676773518846e-01 8.159765626656182436e-01 8.313358030149905487e-01 8.688845498107201637e-01 8.812913677135231216e-01 9.196364850411572478e-01 9.290337853231679377e-01 9.639898914465603319e-01 1.008825411128368987e+00 1.041989909335787168e+00 1.053084495074962712e+00 1.102101582838103111e+00 1.124860548909287550e+00 1.160535444718718168e+00 1.190748071778065187e+00 1.246259560233304642e+00 1.260573548754835960e+00 1.289133711879694610e+00 1.330487205535415995e+00 1.368775140062804763e+00 1.386049747763021811e+00 1.423318566380783023e+00 1.449594934679699687e+00 1.484635319305805057e+00 1.529517817897035892e+00 1.555598095108989387e+00 1.591264230603081087e+00 1.618655982872251764e+00 1.642320122545545491e+00 1.739539118977435406e+00 1.777311040703088318e+00 1.908443156497425131e+00 1.937766182043723528e+00 1.981187413603649583e+00 2.016585029359424741e+00 2.109885149410750671e+00 2.149369378738728464e+00 2.271138606509393476e+00 2.304782084640524698e+00 2.374675816957294572e+00 2.432387664268158112e+00 2.534689475688805871e+00 2.606874241557603167e+00 2.724228337634574171e+00 2.753734269266505219e+00 2.830022089917796801e+00 2.942483845050079871e+00 3.056500688179250691e+00 3.265021543423570094e+00 3.364221857322367448e+00
1.853127999554573802e-01 3.381826396633103027e-01 3.620245004664553456e-01 4.722861711147935959e-01 4.968662143886561355e-01 5.328467026538069584e-01 5.797856223972202017e-01 6.191851282946800872e-01 7.042970406833262142e-01 7.470108897845318952e-01 7.814776084838946923e-01 8.145825949939686783e-01 8.420847601879049016e-01 8.666752675517447324e-01 8.878473396144003216e-01 9.169191746071835292e-01 9.272887399835695321e-01 9.616677982662159563e-01 1.011731550717287931e+00 1.039202850382204613e+00 1.062817567128589102e+00 1.094127853877976397e+00 1.124490249423564903e+00 1.162290850183605118e+00 1.194661728565918901e+00 1.243431776980316927e+00 1.263762900189336902e+00 1.284703730618745432e+00 1.331918279168168073e+00 1.368766120071012171e+00 1.382435053239147393e+00 1.424174278777330827e+00 1.445128346930618424e+00 1.484804913595138887e+00 1.530739245986575625e+00 1.559030554461407370e+00 1.591118326696676855e+00 1.615173087041580136e+00 1.640313263380366982e+00 1.739197961487870092e+00 1.775531264440071810e+00 1.913237591621930189e+00 1.937059869718942062e+00 1.977917171654667738e+00 2.015860837186428611e+00 2.110660314183078423e+00 2.146228535683737615e+00 2.273681571990102679e+00 2.304681473033151740e+00 2.379215512840230140e+00 2.429791885635533610e+00 2.536963943189077142e+00 2.604902184179405111e+00 2.727177952760256208e+00 2.759851384442105093e+00 2.830082623642995454e+00 2.949990356830435090e+00 3.062500255150991002e+00 3.265652811969860903e+00 3.366307692101885962e+00
1.890905203271039947e-01 3.401462015778848325e-01 3.584110368205104535e-01 4.765494963245970328e-01 5.020094470713329926e-01 5.241743168911537909e-01 5.840611824352062165e-01 6.123799078971010612e-01 7.045522344027237427e-01 7.487472585974552786e-01 7.840733816259949363e-01 8.135977638421223457e-01 8.488242883829323349e-01 8.626949275584533394e-01 8.899902257728452559e-01 9.164627245106016229e-01 9.269982308120413572e-01 9.601828286335621909e-01 1.013123573900685415e+00 1.037312904825972382e+00 1.070564067897501026e+00 1.088072196134140412e+00 1.124304913254280169e+00 1.162882976939969559e+00 1.196312771556687249e+00 1.242217780559881080e+00 1.265637091062435937e+00 1.281868394520426557e+00 1.332997104072430217e+00 1.368832947610723716e+00 1.380915534734684202e+00 1.424537239882210482e+00 1.443582195813384761e+00 1.484787834643911175e+00 1.531031337330069242e+00 1.560677729543367587e+00 1.591041947001180512e+00 1.613720304812423345e+00 1.639640791374171291e+00 1.739070059833297988e+00 1.774932237567250937e+00 1.915036519652091540e+00 1.936796149254451649e+00 1.976674798493514018e+00 2.015604765738293391e+00 2.110854879939394912e+00 2.145111000867878648e+00 2.274649133394637257e+00 2.304564055924474442e+00 2.380824875686195607e+00 2.428885196671647151e+00 2.537744524493672493e+00 2.604141989236496979e+00 2.728130203661866648e+00 2.762028368911195741e+00 2.829882068428000608e+00 2.952510601767095011e+00 3.064721041602914475e+00 3.265879896481740818e+00 3.367040137400525879e+00
3.044037323723093325e-01 4.016603919810671219e-01 4.800663887165592669e-01 4.989060878245257236e-01 5.160930900352617146e-01 5.828816921376652749e-01 5.988290686985934252e-01 6.303015357999618429e-01 6.660610305790035657e-01 6.941693162632927017e-01 7.036335266756588158e-01 7.669133661523220846e-01 7.878176776514403956e-01 8.316062234415050325e-01 8.816893440526850645e-01 9.090179424722406587e-01 9.291164805595240050e-01 9.385240223839018681e-01 9.699828256470774956e-01 1.029827244391480878e+00 1.049773557448838268e+00 1.071383141771633074e+00 1.108109461718461697e+00 1.147480146554237246e+00 1.174454039422674345e+00 1.189662849753276630e+00 1.237112460275960668e+00 1.271635291309636706e+00 1.329312500994220825e+00 1.353688011242512701e+00 1.401632195768340861e+00 1.462717527643188742e+00 1.469512225400809946e+00 1.489054313663220386e+00 1.552667031637025241e+00 1.576455321846976121e+00 1.631550716283242330e+00 1.663988655124601035e+00 1.710508640462460317e+00 1.742040234976261592e+00 1.817146449303764788e+00 1.833908749046376796e+00 1.951528424432022568e+00 1.982319048887277058e+00 2.025162445986017801e+00 2.119647258706938153e+00 2.184249656866537048e+00 2.273363828851010737e+00 2.323728563085585730e+00 2.340939511157446251e+00 2.440885803200922854e+00 2.464264919614578719e+00 2.646195167276036653e+00 2.712992678751886544e+00 2.721172333355914130e+00 2.836853165464321869e+00 2.920640825106697314e+00 3.023146827418226046e+00 3.310318026374825529e+00 3.351656659700900764e+00
3.052112760712146766e-01 4.014987195293407418e-01 4.766118534885266378e-01 4.968774861744132965e-01 5.178970972761784974e-01 5.816004715701617034e-01 5.997990904846344229e-01 6.248682003603174273e-01 6.642454589024664457e-01 6.933891921758426058e-01 7.112267580729851879e-01 7.667968457032866558e-01 7.900601365929703634e-01 8.316819028535770153e-01 8.818781137465775410e-01 9.088278750993662447e-01 9.290876156724421353e-01 9.336351385590074825e-01 9.771608160784023278e-01 1.027760044897642722e+00 1.051299451986665190e+00 1.072858768333542434e+00 1.107748690087181354e+00 1.146637745207766290e+00 1.174108290447899217e+00 1.190129377958827561e+00 1.238502310239496085e+00 1.273289616634441179e+00 1.329328061882990797e+00 1.352699246048539639e+00 1.402243163134699433e+00 1.462117409202341900e+00 1.470789389467538788e+00 1.489546516620610328e+00 1.551133924969503086e+00 1.577741176422668090e+00 1.629722085553855671e+00 1.663739631411146114e+00 1.709965933827700679e+00 1.740559070404749997e+00 1.817252373388716702e+00 1.832495301535535637e+00 1.946017988317133129e+00 1.988650037196634246e+00 2.025301529810625834e+00 2.119526841406497830e+00 2.183429249167451847e+00 2.272230800469988043e+00 2.322739743764636433e+00 2.341982140311599903e+00 2.437497993675625807e+00 2.466622053068099341e+00 2.646235443095391826e+00 2.700282377657674093e+00 2.733421253670864637e+00 2.836182228252167814e+00 2.919540449841945939e+00 3.025296768113860946e+00 3.310324620502105741e+00 3.351733257082645245e+00
3.074246488265281463e-01 4.002293598255873275e-01 4.664378054158150322e-01 4.911733669867806573e-01 5.241407514881846197e-01 5.755705533248286487e-01 6.022562706339693595e-01 6.163184615153032286e-01 6.601026865616960171e-01 6.919744915569497890e-01 7.254873932820350424e-01 7.672188438639210295e-01 7.948488998550667928e-01 8.328861002726070106e-01 8.806536472013174466e-01 9.080092929330927376e-01 9.272080162160117878e-01 9.313984062235229899e-01 9.900096323968027301e-01 1.025033024016336780e+00 1.052101041194241082e+00 1.077223486991445878e+00 1.107248128460832648e+00 1.144344868665681414e+00 1.173434205352391624e+00 1.191830976960152277e+00 1.241621002683218400e+00 1.278166986512908831e+00 1.329375382772702174e+00 1.350264211756264654e+00 1.404274708892256252e+00 1.460337215232496488e+00 1.473941118625687885e+00 1.490300464418616855e+00 1.548044715821294881e+00 1.580692969064760867e+00 1.624827999808074797e+00 1.662092638401142963e+00 1.708432489809065036e+00 1.736619273742421754e+00 1.816304025579692949e+00 1.829862213935972814e+00 1.936755899828676242e+00 1.999696787851854785e+00 2.026182158114623544e+00 2.119079688862187449e+00 2.180898810949136291e+00 2.269288005597567270e+00 2.320575724660638439e+00 2.344364058904982784e+00 2.430073060024498410e+00 2.471172431805156666e+00 2.645663275318598018e+00 2.686501636067388787e+00 2.745452824103072231e+00 2.834611931129731310e+00 2.917295752547666599e+00 3.030807843530085144e+00 3.310347407737362246e+00 3.351819958118059883e+00
3.103101629223690150e-01 3.961387452322513436e-01 4.511274807323994995e-01 4.841063146735956058e-01 5.331603649009716284e-01 5.633695454388417678e-01 6.013946640440860358e-01 6.157362373450333548e-01 6.561748997333156641e-01 6.914709944499533023e-01 7.352251365265166649e-01 7.696618654119090630e-01 7.976807416748136204e-01 8.381178529282322653e-01 8.758853263264240185e-01 9.079515047627102486e-01 9.252684890019973185e-01 9.379048560483224106e-01 1.000606849070586613e+00 1.024628847988641178e+00 1.051262800258763841e+00 1.082486884856151077e+00 1.107523865167470145e+00 1.141329973785008223e+00 1.173653776948509808e+00 1.194367032576020060e+00 1.244925856135217002e+00 1.285582116749185655e+00 1.329199721907682319e+00 1.348188704335374410e+00 1.407764082781131521e+00 1.457744842408610131e+00 1.476405770963085562e+00 1.490373841394987631e+00 1.546006776551588802e+00 1.583980520464242536e+00 1.618026394704448423e+00 1.657464744997854789e+00 1.705900533081835979e+00 1.731669847411988483e+00 1.811527616392874629e+00 1.829914404929526395e+00 1.929162766408351271e+00 2.007751601207633740e+00 2.029375297476419870e+00 2.118027687122528757e+00 2.176550368402020208e+00 2.265742697042836706e+00 2.318242290756226343e+00 2.347096754612621794e+00 2.421599498754188673e+00 2.475558381628524263e+00 2.642481295303268585e+00 2.677291865812652105e+00 2.751633955526105790e+00 2.832505033966558283e+00 2.916218602552439254e+00 3.037677367650957638e+00 3.310346775910957273e+00 3.351565687008210670e+00
3.124505508698227629e-01 3.879698254706830940e-01 4.340978584040590116e-01 4.771311584082986723e-01 5.355669476765527737e-01 5.510561553074010410e-01 6.002676140209597389e-01 6.202530418396756673e-01 6.548560071806810434e-01 6.934323256719800987e-01 7.363927407181267704e-01 7.717887884756583494e-01 7.990330101892985093e-01 8.462833915905317861e-01 8.699974318773049387e-01 9.098013886018102570e-01 9.280727862963473740e-01 9.477712051484702416e-01 1.005235111570307982e+00 1.024899860927555917e+00 1.053528489514643951e+00 1.087143630956841411e+00 1.108487763535049631e+00 1.138902950511131218e+00 1.174597081147332966e+00 1.197273881786239613e+00 1.247918289145832915e+00 1.293806938118737593e+00 1.328390477827370519e+00 1.349115154326213206e+00 1.412202523990120806e+00 1.454893148515108647e+00 1.473207300672528808e+00 1.491640400940424716e+00 1.546301132901768183e+00 1.586450279763994331e+00 1.610271099296986197e+00 1.649730335719178154e+00 1.701852847084341258e+00 1.727683007972266260e+00 1.804436037641513391e+00 1.832845958429025313e+00 1.924155484379380887e+00 2.010283514792535087e+00 2.035374925078597297e+00 2.115924940528306486e+00 2.170494258507137175e+00 2.262963736237397772e+00 2.315923724587972465e+00 2.349734262127175288e+00 2.413555799546294622e+00 2.479272215592061901e+00 2.635392141809503652e+00 2.673373633385100145e+00 2.752089198574890538e+00 2.828715845292020692e+00 2.918038277383074419e+00 3.044068984215407170e+00 3.310141141126626607e+00 3.350607842880285681e+00
3.117310540555274234e-01 3.765035299868756957e-01 4.177937653064012213e-01 4.704801985848068857e-01 5.148953135188670815e-01 5.517718597257785795e-01 6.038812228863527087e-01 6.246192941388650777e-01 6.571378683264927911e-01 6.980050367303206604e-01 7.316687987949971328e-01 7.704356186693724906e-01 8.022695747188869353e-01 8.501306726708155459e-01 8.675130592342443769e-01 9.149479317178367266e-01 9.340035523101514192e-01 9.590804398213303994e-01 1.003250173622280750e+00 1.024225026532460836e+00 1.060979630687330477e+00 1.091183187887027728e+00 1.110976294078037219e+00 1.137708519302140120e+00 1.173845394228872907e+00 1.201066632995107630e+00 1.250577472426021020e+00 1.300129137851991912e+00 1.328381878827542328e+00 1.354326258357779533e+00 1.417033616309936184e+00 1.451599524575195144e+00 1.463801504054396796e+00 1.494284415086727602e+00 1.548036196547249332e+00 1.586463445197653810e+00 1.602017436194554501e+00 1.641529824975731078e+00 1.696392020222682540e+00 1.725682851659769090e+00 1.798138671334728489e+00 1.836990117562140368e+00 1.921317633775593281e+00 2.009402626098366618e+00 2.041334472766747066e+00 2.112426216346281915e+00 2.163261928758640096e+00 2.261697058636883195e+00 2.313209570690597516e+00 2.352019621169611607e+00 2.407004273418538176e+00 2.482402884970530188e+00 2.625918821202501530e+00 2.671853830063672941e+00 2.749679575021476197e+00 2.821791531076915938e+00 2.922252985470727094e+00 3.048827356289839141e+00 3.309341780609996508e+00 3.348808453532869045e+00
3.056501894167928390e-01 3.649047930472469337e-01 4.023711356795597327e-01 4.617869878484057722e-01 4.874952176441614826e-01 5.513539246716013809e-01 6.104740191404660621e-01 6.299728176703818239e-01 6.604189043311531337e-01 7.040614881256208601e-01 7.246192632178430904e-01 7.685294113126284188e-01 8.053809154928075476e-01 8.488811109323249893e-01 8.683450817948302758e-01 9.231223586339162290e-01 9.415631073889932923e-01 9.684911183116330369e-01 9.985482441218326288e-01 1.023957888462216692e+00 1.069175690291482184e+00 1.094958732098214815e+00 1.117893684418124645e+00 1.136859907187629748e+00 1.169955894374707928e+00 1.205240303526583734e+00 1.252563403603913050e+00 1.302222477613155460e+00 1.331503598212721906e+00 1.363560877826419659e+00 1.421850954396612243e+00 1.443168289621598044e+00 1.456191253213922732e+00 1.495928890689470991e+00 1.548972539879130528e+00 1.582136528068058823e+00 1.594481276471930942e+00 1.636121647433357973e+00 1.691661234953746318e+00 1.724949637434431082e+00 1.793998473487625755e+00 1.841484538909477608e+00 1.919882926293145609e+00 2.007032052769863739e+00 2.045046050363660939e+00 2.107809852502477543e+00 2.155664512720450787e+00 2.261744406384289086e+00 2.309484929744949788e+00 2.353531090169808326e+00 2.402890068189245554e+00 2.485005973360679299e+00 2.615739413095938826e+00 2.669503563468201612e+00 2.747590283597502125e+00 2.811780193319115551e+00 2.926400207673860887e+00 3.051548280380515177e+00 3.307394316761703479e+00 3.346423745689664830e+00
2.927488200720701483e-01 3.553803630025574312e-01 3.873661312216455377e-01 4.395464293510791820e-01 4.684443419773401951e-01 5.496535433165629092e-01 6.160626513088870437e-01 6.367161658647670919e-01 6.622652273969013015e-01 7.063216938321450478e-01 7.213327220159022612e-01 7.681051850839235584e-01 8.070214536482023249e-01 8.481111795439603140e-01 8.694290025967026381e-01 9.316902756546096009e-01 9.503260188837092670e-01 9.684599596999756699e-01 1.000946626639659831e+00 1.023080169773146864e+00 1.074016533154400266e+00 1.101354268947374093e+00 1.128749054087532455e+00 1.135152456704221935e+00 1.164819891611163838e+00 1.207192641922243403e+00 1.253620586153330940e+00 1.301208836841060146e+00 1.336561529354106437e+00 1.375819166572829655e+00 1.420685214643665484e+00 1.434308749985729436e+00 1.454199553584975879e+00 1.495691880662770368e+00 1.545730179046169050e+00 1.575425760644589390e+00 1.590077791976670429e+00 1.632838684183871791e+00 1.690564582014673300e+00 1.724437446925786155e+00 1.792154651582720470e+00 1.845780381515954804e+00 1.919040838412692462e+00 2.003945814194156405e+00 2.045541270797691435e+00 2.103164016351387833e+00 2.148439735178047094e+00 2.262231133080736090e+00 2.304411806209127889e+00 2.353687588731967040e+00 2.401711494084423304e+00 2.486803003981667093e+00 2.605418642370737725e+00 2.664698496544103623e+00 2.747622954693722974e+00 2.799758162701792674e+00 2.927764416425262972e+00 3.052586443387932835e+00 3.303815151165418129e+00 3.344029203222980140e+00
2.741047291383627571e-01 3.445178218940159187e-01 3.727084245383376904e-01 4.064987052657856870e-01 4.584402196093719239e-01 5.492994068268447494e-01 6.168826306836171502e-01 6.409550666228608362e-01 6.650818612816866704e-01 7.022075295648751991e-01 7.246650672572174656e-01 7.691433071423494638e-01 8.079304008605563414e-01 8.494940430794676312e-01 8.710161770244825297e-01 9.386512849106343204e-01 9.562181371475226843e-01 9.644620721549400644e-01 1.009404482446794704e+00 1.021678339696427296e+00 1.075843912631955002e+00 1.109774548962969343e+00 1.130582317022366112e+00 1.140359237387120972e+00 1.163862815864309841e+00 1.204165337154792681e+00 1.254794509147056703e+00 1.298799436503156102e+00 1.341785750866509197e+00 1.384279737909348773e+00 1.409194473055063623e+00 1.439745901561074737e+00 1.453782041160410543e+00 1.493771263997770271e+00 1.536199124243596392e+00 1.572614654496699904e+00 1.588075050408489508e+00 1.629769918173970877e+00 1.693907579796791074e+00 1.723853906552927917e+00 1.792173052345907847e+00 1.849434850116929319e+00 1.918039080571532162e+00 2.000448088335275099e+00 2.042783988509490278e+00 2.099499848843227934e+00 2.142089735330360067e+00 2.261870267726266981e+00 2.298531655604840296e+00 2.352143561967972918e+00 2.402985963772553912e+00 2.487005482887410412e+00 2.594860828135588715e+00 2.657367865162068021e+00 2.749652875701249499e+00 2.787185037447230229e+00 2.924416494028181379e+00 3.052999044143899443e+00 3.298588161725432677e+00 3.342129379756554997e+00
2.518687770000633819e-01 3.226612924472259669e-01 3.537061473432614456e-01 3.845765096000073879e-01 4.496458598507287463e-01 5.505400377888878261e-01 6.077117366635160778e-01 6.411221009240800628e-01 6.727299024803947702e-01 7.012999245485654898e-01 7.256958664446829799e-01 7.709008881259975521e-01 8.099146656406577272e-01 8.523124345976084149e-01 8.734197903476783598e-01 9.380125288505393177e-01 9.545062081616867422e-01 9.730889447492452327e-01 1.012464243459693547e+00 1.025665843926589771e+00 1.076593552795436004e+00 1.112633273954164670e+00 1.128285347902653557e+00 1.146840653961047840e+00 1.171601452560261603e+00 1.196627045929741451e+00 1.257346579424009514e+00 1.294989507747158930e+00 1.347017249038803710e+00 1.372904683212538890e+00 1.412077433638652568e+00 1.447079141835103000e+00 1.456019106190331813e+00 1.490910573431479591e+00 1.524225317148965031e+00 1.573233539876366160e+00 1.587792774167348320e+00 1.627860669391873349e+00 1.698678919158087108e+00 1.724416586970211052e+00 1.793451731291411555e+00 1.852113977924702892e+00 1.916263955245165018e+00 1.996628359669934349e+00 2.038020540419962945e+00 2.096705249064029886e+00 2.136744517396259369e+00 2.258992099289280908e+00 2.293620962785763329e+00 2.348931997418286066e+00 2.405420370472770575e+00 2.484145255749310000e+00 2.583742181046653208e+00 2.648458201423853353e+00 2.751203408597648004e+00 2.776692961004770144e+00 2.915663295869345806e+00 3.054189877374201334e+00 3.292299471892218499e+00 3.340842114424568798e+00
2.275845769367863813e-01 2.846972013372696120e-01 3.312515219228038266e-01 3.785209634347684315e-01 4.421217624851372374e-01 5.505584462069909035e-01 5.894126128926467922e-01 6.433940921128948887e-01 6.815043412556074376e-01 7.024840197935509067e-01 7.250316459613782571e-01 7.720541534174908405e-01 8.142431326155511462e-01 8.557623938184727441e-01 8.760472159637126000e-01 9.275235037044942121e-01 9.591123933996400508e-01 9.837483768950401330e-01 1.009739519194052582e+00 1.035328904210640832e+00 1.076451631119193175e+00 1.105468782277134299e+00 1.131718367202308562e+00 1.152190314921089920e+00 1.174144465765937895e+00 1.196301578832825951e+00 1.260622832286397266e+00 1.289660254479279233e+00 1.349038844410254789e+00 1.357803738225165091e+00 1.415891516009512907e+00 1.450306176264306135e+00 1.462296454690196201e+00 1.489009162718696988e+00 1.514516905628626509e+00 1.575047596642155545e+00 1.589491495782421548e+00 1.628892578106697853e+00 1.699968921389106935e+00 1.728886995449151032e+00 1.795407596798978878e+00 1.853648560339004270e+00 1.913320864328613702e+00 1.992548554367997271e+00 2.033051073215018434e+00 2.094172361933289483e+00 2.131729402636204806e+00 2.252657430947126116e+00 2.291497917523688699e+00 2.344145925899817406e+00 2.407726431754750873e+00 2.476019252098531798e+00 2.572179692025437614e+00 2.639337831519159128e+00 2.746701177325202803e+00 2.773504999958031902e+00 2.902336072163511194e+00 3.057285775682520690e+00 3.285762237182644707e+00 3.340007974017186410e+00
2.015687097751242274e-01 2.395679972804793112e-01 3.094907834372176425e-01 3.753943589283955107e-01 4.358648492248801132e-01 5.418933424181067160e-01 5.756064213138031294e-01 6.485941690657868186e-01 6.875896723556237378e-01 6.976657843922335900e-01 7.302208319506806600e-01 7.726765048306453165e-01 8.197539098975356042e-01 8.592457123113574902e-01 8.782288162315717850e-01 9.167956014563224398e-01 9.628442360092597241e-01 9.933642986203989889e-01 1.007727220695443293e+00 1.045573250123607023e+00 1.073892461751516203e+00 1.097938702085443419e+00 1.135202610392137768e+00 1.152993727032046056e+00 1.170401564229943236e+00 1.207290545379792857e+00 1.262062389527312645e+00 1.284041513196748419e+00 1.334861813275607156e+00 1.359825647594067100e+00 1.415823441596297583e+00 1.450340104374599148e+00 1.462205226077138320e+00 1.490010025056987208e+00 1.511411411271900596e+00 1.577469387946373702e+00 1.593764560860823076e+00 1.633064526090385993e+00 1.696860812959793741e+00 1.737158428566891510e+00 1.797570782077262175e+00 1.854073863299071201e+00 1.909062708515166351e+00 1.988415428905436100e+00 2.029061389026650009e+00 2.091922732743692670e+00 2.125491724296311169e+00 2.244406386351732507e+00 2.291912626409689846e+00 2.337698066278395270e+00 2.409035870011464020e+00 2.460600714948469658e+00 2.561321374449927912e+00 2.631208031485221976e+00 2.736360051722100728e+00 2.776851552785645438e+00 2.886466852020812102e+00 3.062743308826704425e+00 3.279585922572172407e+00 3.339440608080107342e+00
1.712639772048646647e-01 1.966839469821209385e-01 2.861239379543025207e-01 3.713013574338950296e-01 4.280089459240002392e-01 5.250366685107982212e-01 5.726149520986041352e-01 6.550401925326720942e-01 6.852390356965141205e-01 6.928469429561738835e-01 7.402814846699924400e-01 7.743660788438089249e-01 8.241839526282773720e-01 8.604387155608538285e-01 8.807788173904588236e-01 9.103105259956681961e-01 9.646465369606138651e-01 9.972363470281929709e-01 1.010329470952719300e+00 1.054423602870932619e+00 1.066511564307934590e+00 1.095526588442582661e+00 1.135087364974324498e+00 1.148993952952287678e+00 1.175932961484752237e+00 1.215802128453004727e+00 1.258057325045501607e+00 1.281520413858789009e+00 1.321783486000074337e+00 1.363099283500988301e+00 1.415525889624662970e+00 1.444883898699715008e+00 1.458920610936620843e+00 1.488201710655045140e+00 1.515439177919401192e+00 1.580509978455967746e+00 1.600712381851441934e+00 1.638740212363237747e+00 1.692293586101433212e+00 1.746625029136410712e+00 1.799679643743708590e+00 1.853608402926433474e+00 1.903526391272509777e+00 1.984597454398952410e+00 2.026351044576125471e+00 2.090437075793595056e+00 2.116735504113299360e+00 2.236726534908392683e+00 2.293303462260251280e+00 2.329228826304027500e+00 2.408349954522137182e+00 2.439073079185215320e+00 2.552446358293430251e+00 2.624577156330681227e+00 2.724802909658713190e+00 2.781537506208504595e+00 2.870319846145126252e+00 3.070387120455516428e+00 3.274055204643554262e+00 3.339033697355282104e+00
1.326256224745642198e-01 1.627063652972688124e-01 2.584055550711942817e-01 3.663774737543855631e-01 4.164780338404692750e-01 5.114223929438463934e-01 5.731813968213096411e-01 6.593157240339405645e-01 6.724721520911896011e-01 6.977797483937304701e-01 7.490399659332738214e-01 7.792526548729736824e-01 8.264796846427897581e-01 8.572225415191934150e-01 8.850145513761118465e-01 9.098636363643385350e-01 9.659501801191833215e-01 9.962838544033640886e-01 1.014623608811650701e+00 1.056015317096434147e+00 1.060504410724259161e+00 1.097004756174430939e+00 1.128299289400338967e+00 1.154136808359233823e+00 1.182220449289890896e+00 1.215923687499364636e+00 1.252404186713334866e+00 1.281829224727399463e+00 1.314085500076413560e+00 1.364165401720470960e+00 1.416892391081504332e+00 1.435303719363915986e+00 1.457203621282512573e+00 1.484722133187531545e+00 1.518911416472781273e+00 1.583908590068438871e+00 1.609022916908247280e+00 1.643293479229474885e+00 1.689232286768285851e+00 1.755808150776588805e+00 1.801788363542971005e+00 1.852552185093995663e+00 1.896815674719072531e+00 1.981665415656571394e+00 2.024567639987433054e+00 2.089490753177585702e+00 2.106388617266619079e+00 2.230844169356930085e+00 2.293817965639863843e+00 2.318198845531276753e+00 2.400815233952123595e+00 2.421067421821130328e+00 2.545669578045985482e+00 2.619277576799622143e+00 2.713815993714594033e+00 2.785477940171044331e+00 2.855552632546949798e+00 3.079582650362081786e+00 3.269234009686276199e+00 3.338751547949078358e+00
9.149059470310254294e-02 1.327046336031076357e-01 2.233109375150432452e-01 3.613202074124427510e-01 4.054304567370949908e-01 5.012075776836547591e-01 5.750863904639212931e-01 6.551940655735957186e-01 6.644792120411727732e-01 7.057841510442539601e-01 7.524066455836937450e-01 7.889746918419493493e-01 8.275564470912333270e-01 8.524696575302243007e-01 8.882871539111206749e-01 9.146020592420763817e-01 9.681319025912187293e-01 9.950391515930706587e-01 1.014059206613566300e+00 1.047412607273572549e+00 1.063458174338808737e+00 1.098568143864974367e+00 1.122444790418141825e+00 1.158656447437627746e+00 1.187424570782595001e+00 1.208704100992072705e+00 1.251306849464939752e+00 1.282206237099204227e+00 1.312009623242065492e+00 1.363423773289700991e+00 1.416610531894910485e+00 1.429058761702416414e+00 1.455012657743965709e+00 1.482475804548004428e+00 1.518516135612363094e+00 1.587110882593889771e+00 1.615860747085237081e+00 1.645147450849721915e+00 1.689563156645582875e+00 1.764073863396422803e+00 1.804295545509815524e+00 1.851157631105683654e+00 1.889070800428833685e+00 1.980482316769599294e+00 2.022949893696444068e+00 2.085111402626101729e+00 2.100482109956614885e+00 2.226388936308253630e+00 2.289751470229107078e+00 2.306188644259326903e+00 2.384204279772169865e+00 2.415828540371277366e+00 2.540470662711982186e+00 2.614892558763493469e+00 2.704147379390269723e+00 2.788128160274177869e+00 2.843005591103255458e+00 3.089375938762642715e+00 3.265113695157208173e+00 3.338587045911560747e+00
5.230059515537759801e-02 1.017151743880718578e-01 1.793832387095272429e-01 3.573194567852381320e-01 3.998593490224278679e-01 4.898259634050433631e-01 5.780450326934969407e-01 6.454967798441850757e-01 6.618014880638007913e-01 7.144965783790020453e-01 7.512037846255144036e-01 8.003817129514398943e-01 8.297566311446018528e-01 8.489578989753063798e-01 8.890372168920334106e-01 9.218525094875040793e-01 9.715177597176666291e-01 9.952418089543699775e-01 1.008149745574980605e+00 1.042740260054370482e+00 1.063452550067929048e+00 1.097827786539215200e+00 1.119635142037738840e+00 1.151538330119737941e+00 1.195775433354828055e+00 1.203555270498905649e+00 1.251329829582501274e+00 1.283608014343658121e+00 1.314072088602711519e+00 1.361577983720582585e+00 1.410315988860745717e+00 1.430352224840177877e+00 1.452319848631238308e+00 1.482426763110100243e+00 1.514762758493057859e+00 1.589617394215255386e+00 1.618256493317749900e+00 1.646141687932787478e+00 1.692430275221892488e+00 1.771035889047148482e+00 1.807695115006226372e+00 1.849617669942752451e+00 1.880647381297811949e+00 1.981784406733099857e+00 2.020839563801345662e+00 2.075877759415140300e+00 2.102380308423619670e+00 2.222059792691449598e+00 2.275888943991286606e+00 2.299580630099951506e+00 2.371657458440982413e+00 2.414370366161566750e+00 2.536515706773016632e+00 2.611132975338429585e+00 2.696309803099541380e+00 2.789623934700843577e+00 2.832958402929098618e+00 3.098640337306932668e+00 3.261714833039249584e+00 3.338527009656721667e+00
-9.302997935673072358e-03 6.861841693963412203e-02 1.280224373075518896e-01 3.555691472176876755e-01 4.003687407425948752e-01 4.756674894241207374e-01 5.812059137107598028e-01 6.383778030392660563e-01 6.592578032252700559e-01 7.213370307985880192e-01 7.486159409944569409e-01 8.077455638548014516e-01 8.332192070831766495e-01 8.495625983989302243e-01 8.880922690029392497e-01 9.286246093444636696e-01 9.747946476426432305e-01 9.979814341191002303e-01 1.002582273951094560e+00 1.038784743191873750e+00 1.061118214529459758e+00 1.093276737734282023e+00 1.119019847150332536e+00 1.139585304939362276e+00 1.197909255604947543e+00 1.209146804584257939e+00 1.249640025132909615e+00 1.287134246499281653e+00 1.318525119817471225e+00 1.358816092938173625e+00 1.403260520188607696e+00 1.432363786129130956e+00 1.450749732227111455e+00 1.484325208193470580e+00 1.509063215167892658e+00 1.591158871665459662e+00 1.616448235190718785e+00 1.648048606612103395e+00 1.695561250460162039e+00 1.776385471879434741e+00 1.811951302224849902e+00 1.848237808549622052e+00 1.872357001168955204e+00 1.985274376284376308e+00 2.018327813208779631e+00 2.067596291223642968e+00 2.106687340744269665e+00 2.216493043645012762e+00 2.260506992593203535e+00 2.296026969434485920e+00 2.365229672808668582e+00 2.413623692588951819e+00 2.533723575547542239e+00 2.608025088336050956e+00 2.690640951725285834e+00 2.790381729850032411e+00 2.825504663532196314e+00 3.106249389819725426e+00 3.259125380110743819e+00 3.338537979338006334e+00
-3.214947417777379995e-02 3.405792008297691548e-02 7.256722914113647449e-02 3.554997084640138527e-01 4.051126663120141469e-01 4.613613474541443660e-01 5.835024057819421239e-01 6.345452608976006603e-01 6.572892155273116765e-01 7.251210847609920185e-01 7.469644794892232875e-01 8.102472636977480214e-01 8.340038812249763733e-01 8.553697280716383577e-01 8.864943301668494202e-01 9.330716772517831936e-01 9.763080580751505311e-01 9.995150444740984463e-01 1.005444518233989060e+00 1.032156732885207706e+00 1.059531977314540185e+00 1.085235328368861163e+00 1.118804847429857530e+00 1.132878585964842477e+00 1.196055607519231456e+00 1.217354061646295893e+00 1.247275466327560922e+00 1.290725683698379811e+00 1.323864524488740813e+00 1.355441253876987773e+00 1.397933596546172108e+00 1.432766504786418649e+00 1.450852168946092480e+00 1.487450233399741917e+00 1.503119072639248044e+00 1.591747254137710454e+00 1.613878205187849968e+00 1.649846153744778610e+00 1.697609599843963535e+00 1.779826669637657233e+00 1.815915712391316328e+00 1.847502578268233719e+00 1.865634367303393493e+00 1.989160804481135747e+00 2.016245669543874186e+00 2.062153293580239577e+00 2.110493313667536341e+00 2.210334712155042958e+00 2.251126416011003162e+00 2.293572735180208877e+00 2.362557138223569719e+00 2.413191354797575627e+00 2.532077582670634985e+00 2.605889991220558866e+00 2.687262606844051938e+00 2.790761618645103415e+00 2.820822758716126089e+00 3.111246479932029185e+00 3.257483210344921165e+00 3.338572792350166019e+00
-1.727292795206590255e-04 -1.371343545097367437e-04 -1.968757490342758747e-08 3.556795309682426742e-01 4.086122661078339102e-01 4.543709013955736786e-01 5.843209991112374713e-01 6.333871935434234324e-01 6.565492997569684075e-01 7.261777427547512209e-01 7.465748382870397437e-01 8.106706458406165439e-01 8.337889786900900546e-01 8.587204987394498890e-01 8.856098365980599185e-01 9.345328328133220008e-01 9.765848500600121662e-01 9.997093714596649860e-01 1.010665615538405282e+00 1.026534370364617699e+00 1.059723171484647342e+00 1.080457795330181048e+00 1.118673799443905992e+00 1.131313149402601859e+00 1.195324778265876464e+00 1.220518317199854375e+00 1.246169009192778176e+00 1.292145713405915997e+00 1.326692009801813121e+00 1.353524007755263048e+00 1.395893151940508226e+00 1.432664770631306483e+00 1.451170924547237062e+00 1.489616403823523116e+00 1.499912295545040131e+00 1.591823373964144750e+00 1.612851028831427724e+00 1.650533024643123792e+00 1.698283030362507828e+00 1.781029809517134188e+00 1.817607131782061680e+00 1.847424318825028555e+00 1.862821802836416074e+00 1.990891052234511127e+00 2.015444988920896296e+00 2.060218917721153620e+00 2.112007700620134987e+00 2.207472600440186117e+00 2.248276316681991016e+00 2.292659971314256584e+00 2.361857377410877312e+00 2.413043201404220461e+00 2.531537659084222902e+00 2.605119998257027891e+00 2.686147582529859079e+00 2.790889485916879575e+00 2.819207590554834830e+00 3.112988047245317080e+00 3.256917973030615698e+00 3.338589903110197543e+00
-2.120182709492026904e-02 5.099325520581944604e-02 7.359301493625307333e-02 3.557320112560660164e-01 4.039839866075390917e-01 4.596272346209964166e-01 5.842492413340243385e-01 6.335267273194105098e-01 6.573406555110755667e-01 7.241955853800517984e-01 7.465485201234521861e-01 8.099740501971501860e-01 8.334213982692585398e-01 8.588148376917250637e-01 8.849061134980910071e-01 9.345029190574281053e-01 9.752919719773739393e-01 9.974557943555164563e-01 1.006751537851166667e+00 1.033053283915734477e+00 1.055790371505537451e+00 1.087257609609180831e+00 1.118709500427483183e+00 1.134173186808989708e+00 1.195311935561332639e+00 1.221144393187176824e+00 1.245552103791474963e+00 1.288621681720589107e+00 1.324326237525034866e+00 1.354272649029194531e+00 1.396365330380348269e+00 1.432731058678947456e+00 1.454588458402473305e+00 1.489258613185578506e+00 1.500236335965031254e+00 1.591735077027805589e+00 1.615214431402256734e+00 1.650220536254012771e+00 1.698217975079544084e+00 1.779840971132256033e+00 1.815596626560237903e+00 1.847674229070069396e+00 1.866399821663700997e+00 1.990458943628538258e+00 2.016413277012908178e+00 2.061606441096980991e+00 2.110874651003602054e+00 2.208762398478478328e+00 2.249924781054827516e+00 2.293944851574016397e+00 2.360358275208569445e+00 2.419090977460459424e+00 2.531048470733072264e+00 2.606030906154560789e+00 2.686424155344479647e+00 2.792557935145635106e+00 2.820480533536504630e+00 3.112176996779864702e+00 3.257027426050627117e+00 3.338412451687632565e+00
3.951334952749619572e-02 9.704010042179743445e-02 1.382670293799269368e-01 3.555975725958210876e-01 3.956497061855198671e-01 4.710568579333578310e-01 5.846872905608434534e-01 6.340237270130542058e-01 6.597331279703197993e-01 7.169654250076187285e-01 7.468790014651024434e-01 8.072795078992663909e-01 8.344363437856099353e-01 8.589720934707196776e-01 8.821741385544232816e-01 9.328833296813294762e-01 9.723043200587492274e-01 9.933091420169473107e-01 1.003217066380856393e+00 1.039573606460472144e+00 1.052968672140687012e+00 1.098338115288429062e+00 1.120989307646294675e+00 1.141794942551772163e+00 1.195706077921826038e+00 1.221727598941897419e+00 1.244115238568461956e+00 1.278781785120091774e+00 1.321019682923371796e+00 1.355845299756396560e+00 1.397131068594911874e+00 1.431925181886324117e+00 1.463603548177353053e+00 1.489092365800321449e+00 1.500803518972859685e+00 1.591003410478675884e+00 1.619793669470338315e+00 1.649574801060324614e+00 1.697919938533921869e+00 1.775819806243754240e+00 1.811468111124358682e+00 1.848531579583416296e+00 1.876835585557935060e+00 1.989104452962104475e+00 2.019205127357528884e+00 2.066085719780307084e+00 2.108110722854299013e+00 2.212663446876239615e+00 2.253997479811754800e+00 2.297616895533844072e+00 2.359016155519981783e+00 2.434428135875968291e+00 2.529525178813324615e+00 2.608566529739313022e+00 2.687320483833671503e+00 2.797474996088561205e+00 2.824114194814546064e+00 3.109766786835774788e+00 3.257416895435625737e+00 3.337938225887791877e+00
7.309442426331656806e-02 1.400162239333936076e-01 2.042753585358885460e-01 3.556997567762585910e-01 3.902920381254353921e-01 4.848462724358222342e-01 5.864956514033037305e-01 6.350675253881580273e-01 6.636317939897798945e-01 7.039821028572548212e-01 7.467903308362757731e-01 8.034083970146480569e-01 8.370986168549441331e-01 8.595264874699736213e-01 8.780234931853925229e-01 9.293825854531271302e-01 9.675539069239373902e-01 9.872958092168090394e-01 1.003691624082689415e+00 1.040147727725408533e+00 1.057123545208710880e+00 1.101944961187245386e+00 1.130406651617986036e+00 1.152163223323131369e+00 1.197740596031797944e+00 1.218218839547097421e+00 1.242656253720244797e+00 1.268878044363449087e+00 1.319576553543253317e+00 1.357681150290827921e+00 1.397938333929117816e+00 1.429874383442780950e+00 1.473191142356905514e+00 1.489444563525980092e+00 1.503017239555138218e+00 1.589513212271475018e+00 1.621666157437229971e+00 1.648951550191744886e+00 1.695888717134429458e+00 1.768999799448152999e+00 1.807890445203635732e+00 1.849848897728029185e+00 1.893187267817227015e+00 1.987288759309778330e+00 2.023332886900409910e+00 2.073551539543493583e+00 2.106139301468160419e+00 2.219108860514994230e+00 2.259084101209601236e+00 2.301925738999885507e+00 2.363873602610821578e+00 2.454726125223379185e+00 2.526914544449003763e+00 2.612261696651405618e+00 2.689005287751625950e+00 2.805262741342503308e+00 2.829672603002664211e+00 3.105845474113592797e+00 3.258247570860588471e+00 3.337310896046033815e+00
1.026062530664050565e-01 1.797658168779612264e-01 2.665051424289337501e-01 3.584960475648750755e-01 3.929042266581386778e-01 5.004580567778474931e-01 5.894369503877173733e-01 6.366111632582017732e-01 6.680621501658814410e-01 6.877091017752234858e-01 7.450334494186617862e-01 7.997548357377272099e-01 8.379682983649983097e-01 8.599683874846794085e-01 8.775650200086827502e-01 9.254282342703227249e-01 9.604621750986105377e-01 9.779494712921774635e-01 1.007764067413700060e+00 1.041832517310972372e+00 1.061437504763886874e+00 1.098937955635650887e+00 1.141962788506049264e+00 1.162148431670119164e+00 1.199446157916954414e+00 1.211300109362707600e+00 1.241216507228469768e+00 1.266857466277067967e+00 1.319306088431246193e+00 1.359399544509417579e+00 1.399644201457008963e+00 1.427105636789751886e+00 1.478779832245329828e+00 1.486743510327019235e+00 1.510853385371356383e+00 1.587858198420187827e+00 1.619502809321486048e+00 1.648319435242631803e+00 1.689274478360127452e+00 1.761098683309825441e+00 1.804975511122360876e+00 1.851240592138695851e+00 1.911373799066200085e+00 1.986082232009720894e+00 2.028050266171282257e+00 2.080561629386878053e+00 2.110585161798420817e+00 2.227341819842034276e+00 2.265537441754344794e+00 2.303646155714391242e+00 2.380321695480458910e+00 2.476752638849589072e+00 2.523523821258415456e+00 2.616696686270394867e+00 2.691660961891250814e+00 2.814890770375356954e+00 2.836872918435247470e+00 3.100614151640822325e+00 3.259725321000219278e+00 3.336682280789095234e+00
1.292051600548092538e-01 2.161875603767308973e-01 3.135826452418661869e-01 3.633835205809126112e-01 4.162292289245321242e-01 5.171080909970152684e-01 5.929019440445093547e-01 6.370701196544609202e-01 6.639695653881886317e-01 6.803555241029644041e-01 7.417391666438162279e-01 7.964094584858977255e-01 8.357080589793499659e-01 8.593644017084465236e-01 8.840424430522815236e-01 9.222226882202434473e-01 9.482599388477569446e-01 9.724276865320053975e-01 1.010927161740627911e+00 1.045516179396548839e+00 1.063523723280779487e+00 1.092854350456111234e+00 1.150154561468328396e+00 1.169339217397861175e+00 1.187401406159300565e+00 1.218526371640226591e+00 1.240017618473635341e+00 1.271759442262555551e+00 1.319657478570864795e+00 1.360388390899879285e+00 1.402863358184679221e+00 1.424482843782078900e+00 1.476784813817058728e+00 1.484673013149742982e+00 1.520534486373258609e+00 1.586904945898721664e+00 1.615370584534640219e+00 1.647560733038403002e+00 1.678240898389363966e+00 1.753340116846263896e+00 1.801630630842523839e+00 1.852501348258140057e+00 1.925387765248207428e+00 1.985772832953119016e+00 2.032476234568505014e+00 2.083588136746490793e+00 2.124465723006144557e+00 2.235216267467825979e+00 2.275373218128740493e+00 2.302996627017287246e+00 2.408271689917556024e+00 2.498258054859837873e+00 2.520898655879837857e+00 2.621812521802532547e+00 2.695387308262893189e+00 2.824187958192630354e+00 2.846185867764488009e+00 3.094434737345719277e+00 3.262036627320846094e+00 3.336130168562512655e+00
1.532058004405266183e-01 2.494574883324328640e-01 3.389544449750173105e-01 3.689054645734869964e-01 4.649846914506809425e-01 5.323377888467173413e-01 5.972107201708451996e-01 6.296505268932443000e-01 6.561412372619364053e-01 6.864341583151689630e-01 7.370493191342669670e-01 7.932158843811203397e-01 8.334304823869876921e-01 8.589441714937994243e-01 8.916720707596412776e-01 9.200216878816520616e-01 9.356412145561587845e-01 9.709743024365984354e-01 1.012618781783511723e+00 1.047790877858188807e+00 1.063988083598939038e+00 1.085250157108974323e+00 1.152794517578333844e+00 1.170767087019433994e+00 1.179992914566631912e+00 1.226422517047337735e+00 1.241469908310770975e+00 1.279656231157347390e+00 1.320567538266006036e+00 1.360112755072633739e+00 1.405768379175253324e+00 1.424084764940884762e+00 1.465871759721590228e+00 1.487653832157956879e+00 1.526959968954568092e+00 1.586888483717247000e+00 1.611416147759677786e+00 1.645424278242885618e+00 1.667653395044935039e+00 1.745878614643743942e+00 1.797279186678679697e+00 1.853637684129582519e+00 1.933424696225736428e+00 1.985351371163777801e+00 2.035951182559460726e+00 2.085775755992671066e+00 2.140270334574679190e+00 2.240788896530852004e+00 2.286226126157910876e+00 2.305731972703494836e+00 2.438851862189729491e+00 2.515748333589946206e+00 2.527191688846776696e+00 2.628028972013013220e+00 2.700190678346640283e+00 2.830694869666116276e+00 2.858180294416389433e+00 3.087836138007521214e+00 3.265293252142731362e+00 3.335625274816470753e+00
1.751050987632835620e-01 2.793847297316454092e-01 3.494235106947933267e-01 3.815066472072743409e-01 5.140709041365914000e-01 5.431763681515977549e-01 6.056402700007330608e-01 6.160740170211758127e-01 6.588935477491779658e-01 6.955541494039451100e-01 7.305731267554861352e-01 7.898779105469613260e-01 8.346774374549557063e-01 8.587198236402495688e-01 8.953051217925046545e-01 9.103586425752443478e-01 9.368873450427595007e-01 9.712137063231626177e-01 1.013365086808573290e+00 1.044400602269542233e+00 1.061003448043868813e+00 1.082752671623503637e+00 1.149355590487167955e+00 1.164695986093758462e+00 1.186599371873010567e+00 1.226953995517528151e+00 1.247264069213990689e+00 1.288555152173826990e+00 1.321764473764086789e+00 1.358490852637633362e+00 1.404846738372002024e+00 1.426497794010523901e+00 1.454422071807311312e+00 1.490788522158254636e+00 1.529342234527401923e+00 1.586088972658363350e+00 1.608192080762524734e+00 1.641192698024860119e+00 1.662928630046852430e+00 1.739123327540342379e+00 1.791975386581437846e+00 1.854567126235204810e+00 1.937489519165730201e+00 1.984200151259242650e+00 2.038649486123909949e+00 2.088725737380990211e+00 2.151760411567876563e+00 2.244399068018259058e+00 2.289577472823519422e+00 2.319716803085495993e+00 2.455167851650553512e+00 2.523607176005904229e+00 2.557900089309863567e+00 2.636396469979838120e+00 2.706068922587187231e+00 2.833943172640065011e+00 2.871522246473401818e+00 3.081444223026860385e+00 3.269476135208271739e+00 3.335080245944306743e+00
1.951904431635585746e-01 3.039097659678108854e-01 3.549080052454486878e-01 3.996469904616721802e-01 5.288852312943911338e-01 5.532313282986641712e-01 6.051240508452309097e-01 6.326961499482349760e-01 6.644513905852605928e-01 7.057232288745824977e-01 7.263893385332864661e-01 7.855810314635310876e-01 8.398451503534101192e-01 8.594344092927290735e-01 8.897714956608143710e-01 9.052616983946901730e-01 9.436912842594462614e-01 9.732421020530876987e-01 1.012000569098998382e+00 1.035936569073597102e+00 1.054539549425032252e+00 1.089198914067299517e+00 1.143189313425736486e+00 1.161468064189303151e+00 1.194743940512121183e+00 1.224505055818426280e+00 1.251932123799337271e+00 1.297250331452758809e+00 1.322364580811673740e+00 1.356224596827341422e+00 1.399715833788871544e+00 1.423566475361065731e+00 1.451018808381669301e+00 1.493179814921874682e+00 1.529283486144530579e+00 1.583083142123431486e+00 1.604986315029413690e+00 1.639630105793554504e+00 1.662190758722516204e+00 1.733921770040149024e+00 1.786136782949313551e+00 1.854974618099001216e+00 1.939517971713115019e+00 1.982938665474723861e+00 2.041065265778627680e+00 2.091941075931961436e+00 2.157562265749471297e+00 2.246926658713003011e+00 2.290194184543427269e+00 2.338324293742456650e+00 2.455156981314591924e+00 2.529495393069210341e+00 2.596214126752583340e+00 2.650544083911240190e+00 2.713076085014884065e+00 2.834828990893903722e+00 2.883956063765962252e+00 3.075838631445268145e+00 3.274349497113773211e+00 3.334460691945269062e+00
2.132039798682426601e-01 3.175611849391442587e-01 3.660865017326220272e-01 4.180630380748494579e-01 5.162224846087691832e-01 5.556782632588275206e-01 6.053395603696721805e-01 6.535719786541945853e-01 6.794440120816296336e-01 7.062970180680216981e-01 7.393540375449846325e-01 7.799635496448500405e-01 8.452995473352922229e-01 8.628497801266525880e-01 8.785634567937633532e-01 9.091990997223712290e-01 9.472201064696499362e-01 9.767850834337485910e-01 1.005230718449824812e+00 1.030410961991176322e+00 1.049187600587750069e+00 1.097713535891288172e+00 1.138680753465633577e+00 1.160310449090316665e+00 1.201933383707165515e+00 1.222290666142377136e+00 1.253131041029437842e+00 1.304335134263314044e+00 1.321522689194028377e+00 1.354671071451589048e+00 1.389280294475256916e+00 1.417306772828888839e+00 1.454355772291599624e+00 1.494165884926651922e+00 1.528345400501432305e+00 1.579934783620765781e+00 1.602634438353921720e+00 1.641625253217272373e+00 1.661872022577127961e+00 1.730939528212365852e+00 1.780356259222545035e+00 1.854578672983538290e+00 1.940429732675416519e+00 1.982534603299025200e+00 2.043352542344560874e+00 2.094707255417592062e+00 2.158779703954335272e+00 2.248756461793008921e+00 2.291601499126507679e+00 2.356593922083018988e+00 2.448422938782370828e+00 2.532643722257252872e+00 2.619691531557641895e+00 2.676970037142093695e+00 2.721399752028063279e+00 2.834476478547578004e+00 2.893818702372477514e+00 3.071402046112658546e+00 3.279363315552153324e+00 3.333875368007654050e+00
2.282951295740494324e-01 3.197819614326440352e-01 3.843620410151618594e-01 4.341563948476196977e-01 4.988399514112675237e-01 5.495834852880868704e-01 6.083944826960326901e-01 6.529238603451607004e-01 7.001357259988931769e-01 7.103959323779708290e-01 7.589082968121819706e-01 7.744170778080341488e-01 8.478894503079786871e-01 8.617228379613606215e-01 8.783294673876163028e-01 9.131829788578672558e-01 9.490249824014779234e-01 9.779083827791533734e-01 9.975112947381297168e-01 1.028998337213371972e+00 1.046355807053678255e+00 1.100780566482407297e+00 1.140561094412721799e+00 1.161579313217316667e+00 1.206179441024847421e+00 1.222441685871533013e+00 1.250644644848230014e+00 1.307255014848661911e+00 1.320891343829530218e+00 1.354075975648863617e+00 1.376525002740291548e+00 1.413771044364422469e+00 1.457227508811671735e+00 1.493187767355244278e+00 1.527743089087279182e+00 1.579208511184393648e+00 1.601761552138550426e+00 1.644689514245054385e+00 1.660593983253711992e+00 1.730104134728479348e+00 1.775304685957747042e+00 1.853523051034935643e+00 1.940634542739219315e+00 1.983299901495593209e+00 2.045339465208142915e+00 2.096582801514480732e+00 2.157409891721170592e+00 2.250051583936732325e+00 2.293647091006897121e+00 2.372966659680014523e+00 2.439790397694476365e+00 2.533737567155489145e+00 2.628390382381858625e+00 2.704291497681648782e+00 2.731912444199437573e+00 2.834063127580820574e+00 2.900381497236775630e+00 3.068269176348360272e+00 3.283691076688092014e+00 3.333522447567287550e+00
2.389020481803472984e-01 3.176924163592851902e-01 4.014465334883914327e-01 4.458903339869187965e-01 4.841218418542885815e-01 5.422962240067633610e-01 6.090441279683181941e-01 6.497717255999443386e-01 7.037740208589130519e-01 7.269677654894871610e-01 7.677474013377943995e-01 7.735192947352724779e-01 8.477521417508173673e-01 8.583711718297165616e-01 8.858149431658848272e-01 9.138784870757828971e-01 9.516483674462238307e-01 9.750339315166887122e-01 9.952604886719961241e-01 1.027391180320287756e+00 1.046650939228433108e+00 1.097628753055809092e+00 1.146222173080261753e+00 1.166008216203999970e+00 1.207100604277022704e+00 1.225373666658695848e+00 1.245199395917764740e+00 1.305316226855341766e+00 1.322694859338967577e+00 1.352427486435681114e+00 1.368453797089527191e+00 1.411842619318270708e+00 1.458654394497914231e+00 1.491107259703819965e+00 1.527851429611280398e+00 1.580217978072137264e+00 1.601837880791336710e+00 1.647727529814312142e+00 1.658277328299758935e+00 1.730504048318594279e+00 1.771727383161304514e+00 1.852419906255996507e+00 1.940501070548499740e+00 1.984544095187736445e+00 2.046725567508370869e+00 2.097507104084080698e+00 2.155549532720812511e+00 2.250863080175669495e+00 2.295392849168637284e+00 2.385825290190198622e+00 2.431658563381879468e+00 2.533865097277618883e+00 2.631527029436304677e+00 2.718462130744145000e+00 2.743789210963463177e+00 2.834293720577893971e+00 2.903822966987351428e+00 3.066418919677901034e+00 3.286546529705478115e+00 3.333459701340985237e+00
2.428486244504525216e-01 3.163763049512944847e-01 4.087557527767235466e-01 4.506494196176238365e-01 4.776351747429058436e-01 5.391282605930094451e-01 6.085463381839028019e-01 6.486208067347081219e-01 7.051710339400615313e-01 7.336869860503231200e-01 7.683128524104083645e-01 7.744746364290024943e-01 8.472414002163863866e-01 8.580411791662702070e-01 8.893096600307357491e-01 9.132216887710884468e-01 9.529742046440281555e-01 9.735455282295802926e-01 9.952117708676830876e-01 1.026372231898314613e+00 1.047460620136362097e+00 1.095388548738428058e+00 1.148389259334295254e+00 1.169373449049595948e+00 1.207062955705020091e+00 1.227635114697679830e+00 1.241371540363717552e+00 1.303796568830125402e+00 1.323916636095479937e+00 1.350762516110450839e+00 1.366588566945975858e+00 1.411135496358430608e+00 1.459091030280115220e+00 1.490054314853020312e+00 1.528018957610373540e+00 1.580861387589633571e+00 1.602011996539204119e+00 1.649469749531414786e+00 1.656645596478259153e+00 1.730853684960296679e+00 1.770404827403431636e+00 1.851954886897962727e+00 1.940402272303757281e+00 1.985140273029748048e+00 2.047228036556827391e+00 2.097750268247846606e+00 2.154744115359344292e+00 2.251145669949445427e+00 2.296067735259301745e+00 2.391359439721234104e+00 2.427743649678113957e+00 2.533813418004801754e+00 2.632325560199078041e+00 2.722186177503154170e+00 2.749048035226395292e+00 2.834611155212773514e+00 2.904836438305391511e+00 3.065806978705464481e+00 3.287525278904686488e+00 3.333489792001274044e+00
2.205754966996786304e-01 4.219685720310699661e-01 4.447542952782853054e-01 5.261604363989056399e-01 5.521242811627068425e-01 5.687208308936150258e-01 5.934481878843370639e-01 6.499765108930350976e-01 6.720375380030018109e-01 7.137836757421646139e-01 7.495628404257551614e-01 7.714126477268704596e-01 7.745415493231101456e-01 7.958232140348062700e-01 8.495587510269509979e-01 8.970243747002295542e-01 9.175845071110976248e-01 9.233143624191816334e-01 9.696132285968375175e-01 1.010863497147181267e+00 1.047928753961555826e+00 1.078677785359421604e+00 1.101476461845645405e+00 1.106088848113356171e+00 1.171582544927862735e+00 1.204977018701503422e+00 1.226957939786389229e+00 1.321273560316503781e+00 1.344665654138754274e+00 1.363848219701207176e+00 1.420416842285070258e+00 1.443551229528177382e+00 1.494907862895979989e+00 1.533417793392955142e+00 1.537984062290283838e+00 1.569672726670720220e+00 1.598120065939521606e+00 1.653748555335538217e+00 1.712813594576117593e+00 1.759658623394792620e+00 1.812869227826042984e+00 1.836354326025444461e+00 1.898773112835283827e+00 1.982226369118008202e+00 2.018153212638375660e+00 2.154359513329785258e+00 2.206002037039454855e+00 2.274256124312873606e+00 2.314133093314385992e+00 2.354294768594051845e+00 2.420126955240491373e+00 2.461543714061718902e+00 2.634787140186080290e+00 2.714462547489538746e+00 2.759357238871082973e+00 2.816231118160224867e+00 2.928076222649602656e+00 3.005594542910648315e+00 3.309995890558830034e+00 3.350868942174629161e+00
2.218670424360177085e-01 4.203604981755137415e-01 4.420135213476586444e-01 5.267053677605785245e-01 5.521417453207896342e-01 5.673833007939490525e-01 5.979518725785065714e-01 6.480025544521015313e-01 6.713473465935106965e-01 7.102239381126319584e-01 7.500312633736621049e-01 7.688509623494939049e-01 7.778291489656846691e-01 8.001490891996858590e-01 8.495474847898881743e-01 8.932082441719680910e-01 9.160594249829907554e-01 9.289394588960662169e-01 9.710662551623716610e-01 1.009042151704874435e+00 1.048709324679652166e+00 1.080051853772252324e+00 1.100905364088528238e+00 1.107706707599802609e+00 1.171695321054262884e+00 1.205533136540717143e+00 1.228686806721082991e+00 1.320440537642625367e+00 1.345799578898332127e+00 1.363992947760789276e+00 1.420551299953528579e+00 1.443862262582410461e+00 1.493851083467109264e+00 1.531402387252931652e+00 1.537625787489118823e+00 1.569312299830580626e+00 1.597893309189482247e+00 1.653802014016471755e+00 1.710699165784868914e+00 1.760438859166939984e+00 1.811686292321978753e+00 1.836575538879109626e+00 1.898819862838360573e+00 1.982226197534756151e+00 2.018748204091706633e+00 2.154073143442523541e+00 2.202779024895317406e+00 2.273649324765202984e+00 2.318549571290593914e+00 2.353126225662980353e+00 2.416133127199109776e+00 2.464377957332935409e+00 2.634322442190163205e+00 2.715245141897816517e+00 2.756579199700668781e+00 2.816646967201527740e+00 2.928817446864723895e+00 3.005840186497457101e+00 3.309964846676733075e+00 3.350379006072139454e+00
2.253838719016777459e-01 4.152937770124014438e-01 4.351822402484908370e-01 5.227276592111926856e-01 5.552888412587712041e-01 5.685709391655481282e-01 6.021255264141213148e-01 6.470239630643553896e-01 6.695878685144546205e-01 7.030699062156680057e-01 7.494493030036227799e-01 7.649227062845502800e-01 7.830814825122711653e-01 8.116998614217182384e-01 8.498876841303071306e-01 8.856965688559728100e-01 9.148460970235295919e-01 9.378542520551983452e-01 9.751500450263871356e-01 1.005332344499382247e+00 1.050508359960353522e+00 1.083191546007933770e+00 1.098831777996742254e+00 1.113632575014916748e+00 1.172231581111054854e+00 1.207149270792808871e+00 1.233205626971619617e+00 1.317950065114384950e+00 1.348860224577073996e+00 1.364525128276455002e+00 1.420921055571408020e+00 1.444763194605818368e+00 1.490302812861755477e+00 1.527239140242780735e+00 1.535472541655535483e+00 1.568429629148722970e+00 1.597166725303779344e+00 1.653508851620377973e+00 1.705215028818976908e+00 1.762396127190697381e+00 1.808116877160231395e+00 1.837634754304063867e+00 1.898709346405001774e+00 1.982270340344155946e+00 2.020469513409060891e+00 2.153075685393538663e+00 2.194044870816530768e+00 2.272388839348169931e+00 2.329932079459282601e+00 2.349883815860540626e+00 2.406849500151964527e+00 2.470512604995789285e+00 2.632924311240219417e+00 2.716653008662174518e+00 2.750453242773208462e+00 2.816820127941875196e+00 2.930467252979988224e+00 3.006611556738325142e+00 3.309765968761735788e+00 3.349024682125020913e+00
2.300849229980856669e-01 4.046719636845469981e-01 4.291208569657946059e-01 5.107469267514661571e-01 5.571352808031388992e-01 5.758844730386207811e-01 5.974263273198092694e-01 6.558745329540298652e-01 6.668107903829463279e-01 6.964359972250971920e-01 7.450777602157625523e-01 7.613653037633073550e-01 7.901886418411464552e-01 8.250965339382303476e-01 8.520354769310527487e-01 8.787251475539664680e-01 9.137834890216545158e-01 9.450269211567887684e-01 9.812966245318568426e-01 1.002954831143152203e+00 1.052668943693860992e+00 1.085426968742063680e+00 1.098193534341805444e+00 1.122238588054553343e+00 1.173865253950426402e+00 1.209704627082879291e+00 1.239328890196889965e+00 1.313752285198701353e+00 1.352687903408547943e+00 1.365880284511265197e+00 1.421381393107751911e+00 1.445995572923785000e+00 1.484325413355973122e+00 1.522488946823008726e+00 1.531906141666167454e+00 1.566832723870669852e+00 1.595891761265631370e+00 1.651988186731693009e+00 1.698252213386964193e+00 1.764607370388129537e+00 1.802630484073490136e+00 1.840143823759250008e+00 1.897970331392704990e+00 1.982407391741743741e+00 2.023124800838238979e+00 2.150958953761699988e+00 2.181910839555542658e+00 2.270999822629627740e+00 2.339458129843367651e+00 2.350452249120883685e+00 2.396112981734987546e+00 2.477061425029583486e+00 2.630577805269002756e+00 2.715421661550595278e+00 2.746257017427642388e+00 2.815202279625428794e+00 2.931460154774795157e+00 3.008050044906203979e+00 3.309085831944573286e+00 3.347170248315632701e+00
2.342951891641549544e-01 3.891814118819253432e-01 4.256058962698079928e-01 4.929294609516617909e-01 5.498036209196017765e-01 5.843618626071768185e-01 5.928166195889881251e-01 6.600269990526037578e-01 6.723115892474235133e-01 6.941005411184090201e-01 7.387568270247915070e-01 7.556379506895370968e-01 8.012570800523187708e-01 8.333107687138178177e-01 8.559544552395117467e-01 8.777219266738824910e-01 9.125593877533889620e-01 9.492078728400870080e-01 9.885990276100433682e-01 1.003934806634396715e+00 1.055237587079887351e+00 1.084079295985597824e+00 1.102582786508342627e+00 1.129465365979434033e+00 1.177344155986683516e+00 1.212842730903151978e+00 1.246894195791928395e+00 1.307605880860108982e+00 1.355661757225658848e+00 1.368484236710756141e+00 1.421748459110079521e+00 1.446714382405889454e+00 1.478577342801545402e+00 1.516697199841499533e+00 1.528865093676242681e+00 1.563496270575954306e+00 1.594164472323736925e+00 1.648830513201469561e+00 1.691541635498999163e+00 1.765571266959412799e+00 1.797028576971304359e+00 1.844154899017801608e+00 1.896403657064489767e+00 1.982536517129948939e+00 2.026390193278922780e+00 2.146957036496549787e+00 2.168941749368477279e+00 2.269404198729469080e+00 2.332937261421409225e+00 2.365391572024312161e+00 2.387452760168505161e+00 2.482770269462797330e+00 2.627248412432189983e+00 2.708591727779895653e+00 2.747711792637867578e+00 2.811417821986978538e+00 2.929773272944006024e+00 3.010444433006345566e+00 3.307471809374860960e+00 3.345404534994970813e+00
2.357554533095709559e-01 3.732164375905451803e-01 4.202351789260572734e-01 4.716568610393900296e-01 5.351858905978216230e-01 5.884585602767438139e-01 5.925880886943848402e-01 6.518229800624170123e-01 6.816263389217614987e-01 7.023507081536957131e-01 7.334881344498358491e-01 7.481594437627717697e-01 8.127526477146297390e-01 8.380814721058678085e-01 8.542961546933887096e-01 8.893312209599791851e-01 9.114643335667099722e-01 9.519375748899319145e-01 9.949618934193938946e-01 1.009194029203281939e+00 1.058081748739831740e+00 1.081943199109775655e+00 1.109649806867663235e+00 1.132735057243013932e+00 1.181194001511373992e+00 1.215849741758481706e+00 1.256535184299740093e+00 1.299720551989954842e+00 1.356854957471080647e+00 1.371398890710957996e+00 1.422454904058983782e+00 1.446148652782717203e+00 1.476991383152697290e+00 1.509573678648132411e+00 1.527213022307458035e+00 1.557543922410413506e+00 1.592177121648941762e+00 1.644446772408344692e+00 1.685989815767032329e+00 1.763307073291544125e+00 1.794097075841116107e+00 1.849139364660408402e+00 1.894264461868637950e+00 1.982368800602726910e+00 2.029812391824383333e+00 2.139912982601698932e+00 2.158038015764486506e+00 2.267351288026349998e+00 2.322573291288303032e+00 2.370025930187109608e+00 2.392808152540073063e+00 2.487071001773635270e+00 2.622857426259435520e+00 2.697992813028377679e+00 2.752076855612609396e+00 2.806294468547109844e+00 2.923802154404904652e+00 3.014118312890854412e+00 3.304579821423197838e+00 3.344310711810509762e+00
2.320533887109076654e-01 3.591691067103303103e-01 4.054694680201152424e-01 4.539486377756125068e-01 5.174114348373747285e-01 5.855580841499578026e-01 5.961706989660978673e-01 6.410343118971145726e-01 6.849305607656689387e-01 7.086650776989174005e-01 7.369580657969470039e-01 7.428171396613111321e-01 8.168039462747919144e-01 8.451455602295860903e-01 8.534244831592752156e-01 9.021001663703053230e-01 9.143040061332349255e-01 9.556789833835890313e-01 9.991033408010426831e-01 1.018612856674191880e+00 1.058980070873052570e+00 1.083041530157341725e+00 1.115920936549864351e+00 1.134064213734732984e+00 1.181841078801771472e+00 1.217877975064774354e+00 1.265221701073825811e+00 1.293367191435738306e+00 1.355687757972234619e+00 1.372816494083471950e+00 1.425695980597809998e+00 1.445444630791741902e+00 1.479836757329733077e+00 1.501994684747399722e+00 1.526594964361614792e+00 1.549517797459954993e+00 1.589948518643250042e+00 1.639520944876998287e+00 1.681981771705991502e+00 1.757776797909068378e+00 1.794677432965049446e+00 1.854260677835257054e+00 1.892061668536558772e+00 1.981557881016632550e+00 2.032837382199369713e+00 2.130217848066886521e+00 2.150423229476706055e+00 2.264699714525824970e+00 2.310624305073660789e+00 2.364119769444838148e+00 2.409359829057277747e+00 2.489500169445656219e+00 2.617225174827002121e+00 2.685492215510121294e+00 2.754839913797855644e+00 2.801811910104341496e+00 2.913211221483764213e+00 3.019220283738902388e+00 3.300491554763536506e+00 3.344098435176377393e+00
2.219545682935699094e-01 3.429389391335074810e-01 3.816166122048604281e-01 4.441371680734331195e-01 4.983352999709618203e-01 5.784082184088770173e-01 6.013697574526076783e-01 6.281362485902058923e-01 6.836266865915009427e-01 7.043571515631306124e-01 7.407823606827186325e-01 7.532195504570580180e-01 8.149359911692312108e-01 8.432591944460017253e-01 8.647629380426929968e-01 9.036248715888027805e-01 9.280863306032923754e-01 9.620379263636756884e-01 1.003046734776289473e+00 1.029510067815618601e+00 1.056411419367292437e+00 1.089044144254026625e+00 1.118292210873510939e+00 1.137430476777524957e+00 1.178335897155238010e+00 1.217392865804083568e+00 1.265227237866077603e+00 1.295183519296184915e+00 1.352036973412965359e+00 1.371783519026887221e+00 1.433057075402416336e+00 1.446225354340043623e+00 1.483442256675735704e+00 1.495784986973994757e+00 1.525950270470877390e+00 1.542686040892226274e+00 1.587299871519205041e+00 1.634594298673641699e+00 1.679976686403308106e+00 1.751207737796970143e+00 1.797056430545118433e+00 1.858590891646157317e+00 1.890207715058561444e+00 1.979926079060648103e+00 2.034899911190676480e+00 2.120455906374351773e+00 2.144709072031037334e+00 2.261424769511005017e+00 2.298181512255523806e+00 2.358011094809384200e+00 2.424769024629010339e+00 2.489479263150975896e+00 2.609969858430431611e+00 2.671381426052747088e+00 2.752351296729304675e+00 2.800479532992203868e+00 2.899220624565065574e+00 3.025708194742135149e+00 3.295693710342309402e+00 3.344516010528843619e+00
2.063928189415906445e-01 3.116427684186230951e-01 3.648852170968254205e-01 4.363184292601851588e-01 4.804341911653171593e-01 5.677302050142284395e-01 6.046811202266595409e-01 6.167684382554645683e-01 6.762541804346667851e-01 7.018827264380058661e-01 7.433083308106461784e-01 7.688308417662209626e-01 8.126158808039719572e-01 8.400488510774672957e-01 8.747240635013063814e-01 9.023318854769453168e-01 9.425220543880814539e-01 9.708578887899840248e-01 1.008826660161689981e+00 1.036684821385289945e+00 1.055879147239665583e+00 1.096727439551522298e+00 1.117876625675610081e+00 1.141800721650635175e+00 1.173822659265136625e+00 1.212623241466327162e+00 1.262004757046616410e+00 1.298914274543411462e+00 1.347575791937012601e+00 1.368472561102735741e+00 1.437640677772202169e+00 1.452144117863726658e+00 1.481371792397294662e+00 1.495753939213676942e+00 1.522888160915814248e+00 1.543430930499192666e+00 1.584294038759719747e+00 1.630428997644071787e+00 1.680430633724840472e+00 1.745202779233815615e+00 1.799810538047470043e+00 1.861356753461376856e+00 1.888719596177264259e+00 1.977675646531373843e+00 2.035577209003400334e+00 2.111943824691008054e+00 2.139940680927599370e+00 2.257353516954310635e+00 2.286643186778453796e+00 2.352291406535627516e+00 2.436413828826795136e+00 2.486164571150625502e+00 2.600353172635825771e+00 2.655929736913580808e+00 2.744341675705542105e+00 2.802379111765432196e+00 2.884082023000707817e+00 3.033501521238989973e+00 3.290719994249781344e+00 3.345111401808354756e+00
1.873733229482167639e-01 2.675498094100968727e-01 3.539937148945519474e-01 4.253508524596266716e-01 4.666094700375508220e-01 5.510862115461545585e-01 5.971438943326451421e-01 6.198213523619080512e-01 6.689700188168173911e-01 6.994729679835010039e-01 7.482959108450855101e-01 7.788386400086986239e-01 8.135920741766633490e-01 8.384879764040892303e-01 8.799267659134066832e-01 9.006851161490715407e-01 9.532425948100180513e-01 9.806733134176403022e-01 1.014657964431314952e+00 1.037846801230395855e+00 1.063434865551604158e+00 1.100855794466899296e+00 1.117430900610381972e+00 1.144349409330971845e+00 1.174017277002547877e+00 1.204784369095508456e+00 1.261494375562185910e+00 1.296901266217748372e+00 1.343989499650337649e+00 1.363909829190949718e+00 1.435035045768336959e+00 1.459322410311334695e+00 1.475111978854243722e+00 1.499748707959591032e+00 1.521053123738310253e+00 1.551849693327536306e+00 1.582386564657505712e+00 1.628036798247630035e+00 1.683394052827633880e+00 1.740390088903125188e+00 1.802341756274749685e+00 1.862203599730374082e+00 1.887138559705755503e+00 1.975415533205099994e+00 2.034726412835114573e+00 2.104588026335353579e+00 2.135508787859040414e+00 2.251968805239581872e+00 2.277838008416766424e+00 2.346399100235984747e+00 2.443106361777935831e+00 2.478214647480731614e+00 2.587448012050598489e+00 2.640950623127006569e+00 2.733770891479078369e+00 2.805069440163108219e+00 2.869965360785595276e+00 3.042545125475250245e+00 3.285883215259270074e+00 3.345486572138232528e+00
1.659464241090802816e-01 2.198071652173012591e-01 3.408486551001715936e-01 4.098999174400050904e-01 4.547799779968684231e-01 5.313983917117531819e-01 5.902681566610166186e-01 6.266636724367231626e-01 6.661412932537308373e-01 6.952479528210593340e-01 7.536870485708080381e-01 7.813821698969817264e-01 8.183251860593573346e-01 8.409360921794519772e-01 8.820002442399665910e-01 8.984970130917485642e-01 9.598036401149583341e-01 9.891331410624393250e-01 1.014603734033909133e+00 1.044500305959567887e+00 1.072841619721079720e+00 1.097830525430365078e+00 1.115123482511626518e+00 1.150881200183687225e+00 1.179064562240238034e+00 1.198090806687382992e+00 1.262004839852606031e+00 1.289622700595498106e+00 1.338606934534311010e+00 1.361032463754480171e+00 1.429178910607738384e+00 1.457201222679052943e+00 1.472099821900738181e+00 1.501265564205715108e+00 1.523295855155604395e+00 1.562303720099873061e+00 1.586380723566771511e+00 1.627843156117910750e+00 1.688338112349629494e+00 1.737266246101502043e+00 1.804420491344272959e+00 1.861264647924550930e+00 1.884848185706177626e+00 1.973884830043470595e+00 2.032523513812778848e+00 2.098044846004572417e+00 2.130328290909275335e+00 2.245343321463404873e+00 2.272893561401344797e+00 2.339727725786992618e+00 2.444389503295210542e+00 2.463917958362271232e+00 2.572000643495946370e+00 2.629252452204203561e+00 2.723210757065576804e+00 2.806611933625620559e+00 2.858008943023021331e+00 3.052739919377020161e+00 3.281250061617662972e+00 3.345400847013915602e+00
1.395093007310729549e-01 1.758166974835075891e-01 3.226212670626563694e-01 3.908282122915910373e-01 4.395016279623152333e-01 5.171834548183400493e-01 5.864985082898124258e-01 6.304056905691909352e-01 6.687649971128412085e-01 6.908694334780690616e-01 7.566647586699642991e-01 7.820541518951598103e-01 8.211835604532141675e-01 8.494423316376861210e-01 8.824760397815120117e-01 8.963451936444147838e-01 9.640465228851627932e-01 9.930194280576385424e-01 1.013656890791453158e+00 1.052860157483232584e+00 1.077509312588207591e+00 1.092168922712320356e+00 1.113851752664606121e+00 1.160556658062197100e+00 1.181644470174308736e+00 1.200277592420749828e+00 1.258532301849636159e+00 1.283125761850671065e+00 1.328017637812861196e+00 1.361837185029575847e+00 1.422750850157977753e+00 1.447697263400917533e+00 1.473471374220845842e+00 1.498395474628274382e+00 1.524712678347481809e+00 1.570368180352989862e+00 1.599312383697761852e+00 1.629186799267603014e+00 1.693832308138839560e+00 1.737107012447567378e+00 1.805913197256876934e+00 1.859023062600490217e+00 1.881592866918646578e+00 1.973564099600011224e+00 2.029422982630220140e+00 2.092057851216422737e+00 2.123534104947067291e+00 2.238917987205102378e+00 2.270893778068115321e+00 2.331838580354399948e+00 2.438251020575623595e+00 2.445428509436991416e+00 2.557707190330027469e+00 2.621590712219809216e+00 2.713727959781106591e+00 2.806285108771716885e+00 2.848238711732558492e+00 3.063841020592958486e+00 3.276748297458489834e+00 3.344782629633073157e+00
1.022144064390485135e-01 1.433985780913135943e-01 2.956715893845929810e-01 3.705367824796930720e-01 4.236964002211024427e-01 5.089596506875410098e-01 5.848895057580597578e-01 6.307583153362198436e-01 6.694864851023218932e-01 6.932916407030461636e-01 7.555858299982366466e-01 7.861456128054749026e-01 8.214651576579201642e-01 8.601820554647541250e-01 8.817170313926682157e-01 8.966019883683506997e-01 9.677971131604417021e-01 9.922089799841262714e-01 1.014971052678800723e+00 1.055470807452375315e+00 1.070314932892949988e+00 1.096192032566951857e+00 1.115561620877950189e+00 1.162924930929400524e+00 1.184941690255567392e+00 1.211351917238540743e+00 1.248729874706379306e+00 1.282021705853384486e+00 1.315011342806237105e+00 1.363816290708124823e+00 1.417375772472072137e+00 1.438228504505108640e+00 1.474318817184681052e+00 1.492839606100430538e+00 1.523038697983300382e+00 1.577714582763936058e+00 1.614124687691419924e+00 1.630832935536203454e+00 1.697396016115167106e+00 1.742123428540419461e+00 1.806804129101582612e+00 1.856169399081616822e+00 1.877647674109444553e+00 1.974576461084003975e+00 2.026004873624089875e+00 2.086089017129434620e+00 2.116032846098131692e+00 2.233650720363564712e+00 2.269866991948883861e+00 2.322557477622685163e+00 2.415539438242618520e+00 2.436901841785386935e+00 2.547198166801985408e+00 2.616718178910574011e+00 2.705518310890258071e+00 2.804226557279871024e+00 2.840138223329326195e+00 3.075399748503256703e+00 3.272296400454335341e+00 3.343704404931411300e+00
5.919115322539929974e-02 1.171773626373750210e-01 2.549917932998818082e-01 3.561488644567100681e-01 4.126083711056841019e-01 5.007184024408755096e-01 5.846885068800328211e-01 6.302878013313766292e-01 6.645982437994157888e-01 7.036058794752666490e-01 7.523437519344809976e-01 7.935823409177977794e-01 8.212787955934948148e-01 8.662396198375710288e-01 8.819023131294472240e-01 9.016620883119551566e-01 9.718634855905353698e-01 9.905243284841367402e-01 1.013931609077490137e+00 1.051504681892541315e+00 1.064827600219340642e+00 1.099399562104549588e+00 1.119201104959815618e+00 1.156572005770702960e+00 1.193338037420375031e+00 1.216375628535391495e+00 1.245319858797480084e+00 1.280703545642188024e+00 1.306213519281196556e+00 1.364513175827342328e+00 1.413056003537060512e+00 1.431780086395409990e+00 1.471883862939674437e+00 1.487852672583642510e+00 1.519418085792846096e+00 1.584225782279365724e+00 1.623255776901758596e+00 1.633595580645894829e+00 1.698066319913974276e+00 1.752484347402938125e+00 1.807473482849578872e+00 1.853392347948866981e+00 1.873524216493422934e+00 1.976947270815946567e+00 2.022683542232178056e+00 2.079356440860210320e+00 2.110514611822760234e+00 2.229056612794546588e+00 2.267511589749817702e+00 2.312398142770425213e+00 2.392929359435151948e+00 2.429541883124591628e+00 2.540229326282643640e+00 2.613250189507444254e+00 2.698611366351565621e+00 2.801022847435441498e+00 2.833250510496336805e+00 3.086763465219426017e+00 3.267908621264213220e+00 3.342342421958047982e+00
-7.842156628574001309e-03 8.987102280899522677e-02 2.018846176153976379e-01 3.507190531824296298e-01 4.066522015135509704e-01 4.890217400487825161e-01 5.848689539483900024e-01 6.305898824238743705e-01 6.599961753215183302e-01 7.141186991854158173e-01 7.491154613888391101e-01 8.019511447888881817e-01 8.224510246296344862e-01 8.651533941861594412e-01 8.839811465527414036e-01 9.116560508179335498e-01 9.755024803881297002e-01 9.905386087698978548e-01 1.009256434742656028e+00 1.046837151908563079e+00 1.061364425744539375e+00 1.098188855724915758e+00 1.122136105331915212e+00 1.146773152229285220e+00 1.201068024965437742e+00 1.210353073291231984e+00 1.252505685751402975e+00 1.277969108957309974e+00 1.306762921795705967e+00 1.362925484050028446e+00 1.408799968803467806e+00 1.429350712878011853e+00 1.465357912103816496e+00 1.486169969130937574e+00 1.514398581098504559e+00 1.588918272298999623e+00 1.622233926146329219e+00 1.640201896623495470e+00 1.697715043647011424e+00 1.764555118665642519e+00 1.808869564796331098e+00 1.851082605452389895e+00 1.869626378377061915e+00 1.980701174454489122e+00 2.019623119605025607e+00 2.072164558345466645e+00 2.108654435481019718e+00 2.223880680484171979e+00 2.262044878545469206e+00 2.303305229624649453e+00 2.376851266951448771e+00 2.422707896697256835e+00 2.535806229095264097e+00 2.610334352721451534e+00 2.693127316498385770e+00 2.797397684230976456e+00 2.827473244707517264e+00 3.097111561486250775e+00 3.263763772671746555e+00 3.340929527553462730e+00
-3.443330340951629431e-02 5.947012841852107601e-02 1.414837534497629945e-01 3.514333957539377828e-01 4.050514238608043383e-01 4.744337227098392451e-01 5.847565307180040417e-01 6.317432764806135692e-01 6.575416743297892719e-01 7.215029205067380325e-01 7.470724128166287281e-01 8.077545897388209717e-01 8.266296947871990541e-01 8.619209511324493755e-01 8.852223960256189184e-01 9.230620180872848302e-01 9.769191096011864417e-01 9.937281317962112226e-01 1.005480100120484721e+00 1.040909519332559263e+00 1.059301345620110801e+00 1.092861195603265001e+00 1.122424810554097041e+00 1.137084891214265703e+00 1.199362977662020935e+00 1.213310006185482903e+00 1.251748418843584565e+00 1.283449713459256181e+00 1.313225415954668351e+00 1.359547328990118764e+00 1.403706737744519151e+00 1.430016683018588308e+00 1.458145128206862262e+00 1.486693437508745053e+00 1.508417411864008573e+00 1.591381057831957824e+00 1.617697410381356837e+00 1.645917745627281104e+00 1.697752502572091649e+00 1.774177320917183609e+00 1.811901790610546570e+00 1.849281072615099220e+00 1.866232414663757888e+00 1.985345265544814941e+00 2.017130550308257497e+00 2.065948237453776315e+00 2.109543745345769494e+00 2.217187062571909895e+00 2.254961601982391262e+00 2.297138811776428202e+00 2.367599081602296263e+00 2.417383432417168354e+00 2.533206191085806580e+00 2.607755919328275773e+00 2.689210270942682168e+00 2.794076981091731859e+00 2.823013505371262166e+00 3.105515637166747833e+00 3.260226918808020624e+00 3.339707020219810918e+00
-3.432338056421282979e-02 2.717011160093152702e-02 7.828061850005539613e-02 3.542635723492896793e-01 4.068278845131650945e-01 4.606421673782598591e-01 5.844628765259801684e-01 6.329172132240006299e-01 6.567027140246808337e-01 7.251923187837584495e-01 7.465221763341435279e-01 8.100942478841437477e-01 8.317226815361197234e-01 8.594917203628850144e-01 8.855739528200753385e-01 9.315481858803595916e-01 9.767517255132461829e-01 9.979640399743611168e-01 1.006966337017188184e+00 1.032395781564862114e+00 1.059237000993556554e+00 1.084866961408304187e+00 1.120073859712020337e+00 1.132289811147993763e+00 1.196276445378959830e+00 1.218554151656707774e+00 1.247762229491024222e+00 1.289944522508521541e+00 1.321962983835922367e+00 1.355661479303068795e+00 1.398392111067993770e+00 1.431779215977224018e+00 1.453011363228682296e+00 1.488354430046500809e+00 1.502706768205042343e+00 1.591931336430348898e+00 1.614076924548027758e+00 1.649378953752831167e+00 1.698100445246617962e+00 1.779471970877197773e+00 1.815758676396893811e+00 1.847966212617140558e+00 1.863758153165905540e+00 1.989339053298098792e+00 2.015757075369264406e+00 2.061743085304461598e+00 2.111223955624764947e+00 2.210424796269629510e+00 2.249933711014866500e+00 2.293754574368476629e+00 2.363156450471797232e+00 2.414122412588772804e+00 2.531914357992104847e+00 2.605842282532350396e+00 2.686902760760018882e+00 2.791735804327391435e+00 2.820179979443556917e+00 3.111049605764482973e+00 3.257792774735106978e+00 3.338881240884078672e+00
-1.727292795206590255e-04 -1.371343545097367437e-04 -1.968757490342758747e-08 3.556795309682426742e-01 4.086122661078339102e-01 4.543709013955736786e-01 5.843209991112374713e-01 6.333871935434234324e-01 6.565492997569684075e-01 7.261777427547512209e-01 7.465748382870397437e-01 8.106706458406165439e-01 8.337889786900900546e-01 8.587204987394498890e-01 8.856098365980599185e-01 9.345328328133220008e-01 9.765848500600121662e-01 9.997093714596649860e-01 1.010665615538405282e+00 1.026534370364617699e+00 1.059723171484647342e+00 1.080457795330181048e+00 1.118673799443905992e+00 1.131313149402601859e+00 1.195324778265876464e+00 1.220518317199854375e+00 1.246169009192778176e+00 1.292145713405915997e+00 1.326692009801813121e+00 1.353524007755263048e+00 1.395893151940508226e+00 1.432664770631306483e+00 1.451170924547237062e+00 1.489616403823523116e+00 1.499912295545040131e+00 1.591823373964144750e+00 1.612851028831427724e+00 1.650533024643123792e+00 1.698283030362507828e+00 1.781029809517134188e+00 1.817607131782061680e+00 1.847424318825028555e+00 1.862821802836416074e+00 1.990891052234511127e+00 2.015444988920896296e+00 2.060218917721153620e+00 2.112007700620134987e+00 2.207472600440186117e+00 2.248276316681991016e+00 2.292659971314256584e+00 2.361857377410877312e+00 2.413043201404220461e+00 2.531537659084222902e+00 2.605119998257027891e+00 2.686147582529859079e+00 2.790889485916879575e+00 2.819207590554834830e+00 3.112988047245317080e+00 3.256917973030615698e+00 3.338589903110197543e+00
