-1.568519109752633024e-04 -4.775232336662750099e-08 -3.132868034587493168e-08 3.223993577767798602e-01 3.627662908084582916e-01 3.646426938940576234e-01 3.760234515232040442e-01 4.172217219700646296e-01 4.282591777218002216e-01 4.382046840615411165e-01 4.661316637613922009e-01 5.431733404516160268e-01 5.496601166052070830e-01 5.549156798145232772e-01 5.771333556615639848e-01 5.960670252450920303e-01 6.164084154664702941e-01 6.349893462280961076e-01 6.477737215225344292e-01 6.608927927578238659e-01 6.849511199587886567e-01 6.983815582717805004e-01 7.142224744560018435e-01 7.144640594817538437e-01 7.356062650642932743e-01 7.660488446384544625e-01 7.714442974735716829e-01 8.136345779453937332e-01 8.178392977350107396e-01 8.251490547511366458e-01 8.650751316764814236e-01 8.763832182097965884e-01 8.832020781110128116e-01 9.044790201349636183e-01 9.224839649679603681e-01 9.404282437335568234e-01 9.498309464248341216e-01 9.859581336795939510e-01 9.948578550679172405e-01 1.014957864185221270e+00 1.047515292440577950e+00 1.058008072525566057e+00 1.078111181840464727e+00 1.130457260827273602e+00 1.159454127472895779e+00 1.161350786605600538e+00 1.181607480083711303e+00 1.200652422254613105e+00 1.220530471812639295e+00 1.230880808677902172e+00 1.245727643506526761e+00 1.256169198505965312e+00 1.265839538816883048e+00 1.275231813576515272e+00 1.277184512230174374e+00 1.280320898872131741e+00 1.288658302177206449e+00 1.322338144312156016e+00 1.332366764826513394e+00 1.339147444324020553e+00 1.341874111479418596e+00 1.375615272295731328e+00 1.390928630339120398e+00 1.398291854380875998e+00 1.419775683858664594e+00 1.451825146239382747e+00 1.480497196659170234e+00 1.489231265696692397e+00 1.496357533571336162e+00 1.527593701320819397e+00 1.542916545016804752e+00 1.567373311234951716e+00 1.584711116395585817e+00 1.607212957619116533e+00 1.626907620183075220e+00 1.631136567157684514e+00 1.668534713123729807e+00 1.669679418091589707e+00 1.681497954525779548e+00 1.696055877408822132e+00 1.755886086706001326e+00 1.828201820140146872e+00 1.927950623180759049e+00 1.945278575256507159e+00 1.959722554241737580e+00 1.968160175123835343e+00 1.976834604254032346e+00 1.986030253455577377e+00 1.993677252790688526e+00 2.000705174888040450e+00 2.026977455112521476e+00 2.074131272607307785e+00 2.120280383160301874e+00 2.152046399068414217e+00 2.176612674782722578e+00 2.195241622362643419e+00 2.216899081957787399e+00 2.250152364338784849e+00 2.257892054943815729e+00 2.278540383639642286e+00 2.318180952675958029e+00 2.389444743061638121e+00 2.439295237859841592e+00 2.496296415753757714e+00 2.534229822393642362e+00 2.563811914385166535e+00 2.583773579422981470e+00 2.650306648396038689e+00 2.657001507795801576e+00 2.715657054956464922e+00 2.826539321971576868e+00 2.865554829253868174e+00 2.925906501656502900e+00 3.014972451538669329e+00 3.100837087786143531e+00 3.140673332590003142e+00 3.243680355601152865e+00 3.264433646605855888e+00 3.435687149287529607e+00 3.508120430170038606e+00
4.389528870908945835e-02 5.324245640463637352e-02 8.457707772384301381e-02 3.028968214596653441e-01 3.439020339868221754e-01 3.667270399033978889e-01 3.870658962521086321e-01 4.210983329209100900e-01 4.363264893443984938e-01 4.402983347259600277e-01 4.690373460299736008e-01 5.364955015519153880e-01 5.444250979636070520e-01 5.586130900428900592e-01 5.739056004723099846e-01 5.931906093357226517e-01 6.157465238449979505e-01 6.325307257070400535e-01 6.440312104087532186e-01 6.565784728998038666e-01 6.806706303181403461e-01 7.025051067335178479e-01 7.121357227796450973e-01 7.185003013728133991e-01 7.382729631767084300e-01 7.715249148784280031e-01 7.768220751749839170e-01 8.137486475665246521e-01 8.188292889035000410e-01 8.305167102222981157e-01 8.649288437143654029e-01 8.763984988944754084e-01 8.815907738426089768e-01 9.032061418467196567e-01 9.239050506111491368e-01 9.402757474412374306e-01 9.503216516969472671e-01 9.869067746599604618e-01 9.894000997948134701e-01 1.017103090416949129e+00 1.045988534851882257e+00 1.057708234912249301e+00 1.075484502289628885e+00 1.133030671094110708e+00 1.159565202868240830e+00 1.160587296867517937e+00 1.181783837977178120e+00 1.200042578714390018e+00 1.219734544533187526e+00 1.232274528094226218e+00 1.246269160323342007e+00 1.256036245304213317e+00 1.264204459125493285e+00 1.275392870915723176e+00 1.275727407985709938e+00 1.283510270579159451e+00 1.288314504781422176e+00 1.321815068035768981e+00 1.331328784883515137e+00 1.339083014059371690e+00 1.341917505743511319e+00 1.375614016097344683e+00 1.389767169018478299e+00 1.404100049520113469e+00 1.419773501739459931e+00 1.451826454881349537e+00 1.470404072916047244e+00 1.492970916254676483e+00 1.500937375082608494e+00 1.530727763489929671e+00 1.542915645361313093e+00 1.567143579400768649e+00 1.584711717810314058e+00 1.605193846165337668e+00 1.626315992895583706e+00 1.632917654310491073e+00 1.668270965472694822e+00 1.668534702465836128e+00 1.681984385956250216e+00 1.695128929941003282e+00 1.755830897999667961e+00 1.828712362847967343e+00 1.927950937442836077e+00 1.944470549947726168e+00 1.958714455884983163e+00 1.968276803615504278e+00 1.980360792607483322e+00 1.985611691607522822e+00 1.993720413637946942e+00 2.001042257106967259e+00 2.026898641255453271e+00 2.072697826188834913e+00 2.118850897102103392e+00 2.152046402183075635e+00 2.178186861054210333e+00 2.195241607147000451e+00 2.217778499004679382e+00 2.249206525351588493e+00 2.255682605342134828e+00 2.281781203117814627e+00 2.320529014200229945e+00 2.389736093627841118e+00 2.436757999926457252e+00 2.494274434923231532e+00 2.537014891595542387e+00 2.564037078456152141e+00 2.583973221591256753e+00 2.630049873007244798e+00 2.670936861164553644e+00 2.723026750142238495e+00 2.824655076765029360e+00 2.860026531909136249e+00 2.926887366426412562e+00 3.017279931333566090e+00 3.100913865891968157e+00 3.139263315359842377e+00 3.238862522535174815e+00 3.270491616747007946e+00 3.434692527935847561e+00 3.508109668749873400e+00
8.694483019226592613e-02 1.059327220609628528e-01 1.666795666975297574e-01 2.686804344498401886e-01 3.044384122326376785e-01 3.653317092364359864e-01 4.056667962963694807e-01 4.267780871942756793e-01 4.306660629208177160e-01 4.562396902132888066e-01 4.739436389295362817e-01 5.269806527370950455e-01 5.359318589314249204e-01 5.575192350640791883e-01 5.685096737815142909e-01 5.888910918734303612e-01 6.131733105109267168e-01 6.233772672850406149e-01 6.349289193667781994e-01 6.574399425107173567e-01 6.758136430014358709e-01 7.042608239160782491e-01 7.078339140092481108e-01 7.278922505392150244e-01 7.431788151211102811e-01 7.717409053183481582e-01 7.943775184509289655e-01 8.204790703138866714e-01 8.212947574913652682e-01 8.403857042907735275e-01 8.670160071729005047e-01 8.764593833360727615e-01 8.794347941558979809e-01 9.000603270825059399e-01 9.238095876326968270e-01 9.399548452313662983e-01 9.485858815348315876e-01 9.832797766422670671e-01 9.891311415143944075e-01 1.017218884685121338e+00 1.044978526422589260e+00 1.056967190591475703e+00 1.067088469038537824e+00 1.139347237557373216e+00 1.159827751311824251e+00 1.160313360017440454e+00 1.182243273334468103e+00 1.199526852260203169e+00 1.217886085126948181e+00 1.234106934022610513e+00 1.247488715074375420e+00 1.255710494360361196e+00 1.261523336153237862e+00 1.266889440002052281e+00 1.277039492588555536e+00 1.287359758079473115e+00 1.290034116659604546e+00 1.322019582955029193e+00 1.332702809255378096e+00 1.338936013465434893e+00 1.342013649591948798e+00 1.375611019709492844e+00 1.390405706825076360e+00 1.412159269674802653e+00 1.419768236718007115e+00 1.451829613069297142e+00 1.457954240007085511e+00 1.490006653845201923e+00 1.513956154848980606e+00 1.537377795310163942e+00 1.542913473475825414e+00 1.566609964015523326e+00 1.584713169660388887e+00 1.600787107124617803e+00 1.624646737724086965e+00 1.636344232450455349e+00 1.665136710952439758e+00 1.668534676736589173e+00 1.682909282218135294e+00 1.692892049920527997e+00 1.755698607486850138e+00 1.829938465164213879e+00 1.927951695658109976e+00 1.942842381157847464e+00 1.956956626177124514e+00 1.968571850788767286e+00 1.984655796541491268e+00 1.988427802485446483e+00 1.993798557147207440e+00 2.001818064387562490e+00 2.026704321719326352e+00 2.068502350002410672e+00 2.115793379804718377e+00 2.152046409702500718e+00 2.181951391061970558e+00 2.195241570413211996e+00 2.219669443462927827e+00 2.247242226659855735e+00 2.251606558665628199e+00 2.287741856479118319e+00 2.327979884019761858e+00 2.387704927097077157e+00 2.432765463961487740e+00 2.488957621239256568e+00 2.543335756086432031e+00 2.564027096757215407e+00 2.585921182518219119e+00 2.609652658788273349e+00 2.677936088979941953e+00 2.737417585026911127e+00 2.816093942654155136e+00 2.851969883455291122e+00 2.929357131355691646e+00 3.022837069241212316e+00 3.100669625899442838e+00 3.135411170581833495e+00 3.231925818440798626e+00 3.280662563689435096e+00 3.432201554759149342e+00 3.508082967047208456e+00
1.268722533664934371e-01 1.572097847779325430e-01 2.298161764670989260e-01 2.466569733083696925e-01 2.596922981616126558e-01 3.555546625721666687e-01 3.937541049822042560e-01 4.338090333699174406e-01 4.396913997885669168e-01 4.595786738413938366e-01 4.761609245796620260e-01 5.146867309355593889e-01 5.433770693994676160e-01 5.480918016537766890e-01 5.727420841074156721e-01 5.842455464964674272e-01 6.073996604935864019e-01 6.117664484902832767e-01 6.267713665512369969e-01 6.633399127120486183e-01 6.723645330658829522e-01 7.043732620742836348e-01 7.102846393825114069e-01 7.279030736096960830e-01 7.469588034901777363e-01 7.719933956170385025e-01 8.045530635245011775e-01 8.238872479063322762e-01 8.330361192531475778e-01 8.494097058715370796e-01 8.700675296028717032e-01 8.765710881796470177e-01 8.833690095509598716e-01 8.967732974147774039e-01 9.191342449054142882e-01 9.396867841595745174e-01 9.401965599349357827e-01 9.827567739485852938e-01 9.912804157048070719e-01 1.018978719124214782e+00 1.044595779351360054e+00 1.055320906838631334e+00 1.056199783295464822e+00 1.145668267224573933e+00 1.160082057378770237e+00 1.162401039129285385e+00 1.182756150671767648e+00 1.201284906183168300e+00 1.216104992699488685e+00 1.231646454263603641e+00 1.248623543210648501e+00 1.255367493854624428e+00 1.255653946800161291e+00 1.260668908043017566e+00 1.278644621161497019e+00 1.286100609215744761e+00 1.293925631826879696e+00 1.324193174821321817e+00 1.337831860271595064e+00 1.338798972934242437e+00 1.342099731695260756e+00 1.375608074733169595e+00 1.393714405184794058e+00 1.413333037398601499e+00 1.419762976048486891e+00 1.450188223965795498e+00 1.451832769627853903e+00 1.488170481990295668e+00 1.523951165746440628e+00 1.542911301696376913e+00 1.544323162391455728e+00 1.566201441852915766e+00 1.584714621378228161e+00 1.596298347388337202e+00 1.622605905993447006e+00 1.638578425303681030e+00 1.662654889063236663e+00 1.668534651009017322e+00 1.683411235525946958e+00 1.690756055552286252e+00 1.755566281676545604e+00 1.831155959758541174e+00 1.927952453194337279e+00 1.941560184268104505e+00 1.955565519760747772e+00 1.968888859550645076e+00 1.983751124674428823e+00 1.993853208318300707e+00 1.996900550647481953e+00 2.002550270331067139e+00 2.026503911749424347e+00 2.062917963467224336e+00 2.113244921128274445e+00 2.152046417221878283e+00 2.185762448176635786e+00 2.195241533679461288e+00 2.221138694676003222e+00 2.245685285495057748e+00 2.248318732086375782e+00 2.292025733647643282e+00 2.340340973385493406e+00 2.378645266140204662e+00 2.432611980727419354e+00 2.483118700827719127e+00 2.549301919617083634e+00 2.563616446018599948e+00 2.585731379891741621e+00 2.601333476384979804e+00 2.679002814409269906e+00 2.745642505746827666e+00 2.804031212431080000e+00 2.850367504906573757e+00 2.932201959055573237e+00 3.028443663822223630e+00 3.100034332792767522e+00 3.130702699297432723e+00 3.227490863670811727e+00 3.288695607638784768e+00 3.429568868966580641e+00 3.508054984868143933e+00
1.497337922713076475e-01 1.967500785647198491e-01 2.103115340736494698e-01 2.221963716840315295e-01 3.028668583285965554e-01 3.224576778897136342e-01 3.827576697503908831e-01 4.379931739964962323e-01 4.488120898306088291e-01 4.576151117499659415e-01 4.766298871086201427e-01 5.081502561018682584e-01 5.404403238143746790e-01 5.626781489674453907e-01 5.668714658851881083e-01 5.824482776884595259e-01 6.034770102386817214e-01 6.061333262106656239e-01 6.241736105956703362e-01 6.655620175313803344e-01 6.718553753466738332e-01 7.030675250440909796e-01 7.175926404105197332e-01 7.218716313454048850e-01 7.483168337188519370e-01 7.721107348228343215e-01 8.084009160918282921e-01 8.250056447640049528e-01 8.355911195874466957e-01 8.610343776745742472e-01 8.650522693262917562e-01 8.766404231378661649e-01 8.896363527843303975e-01 8.953544705290703565e-01 9.155312625968188289e-01 9.342500246751246351e-01 9.395880812506682833e-01 9.825795793958108648e-01 9.921531757705948085e-01 1.023923365547157793e+00 1.041410486507659883e+00 1.049963916580243461e+00 1.055873509184069636e+00 1.148319296662895894e+00 1.160184894321168114e+00 1.163979246237294429e+00 1.182986285556973050e+00 1.203751817692313431e+00 1.215378595967069542e+00 1.227503824562076851e+00 1.249079388246109312e+00 1.251345339957893099e+00 1.255215804024614190e+00 1.260691982740221873e+00 1.279494414937363045e+00 1.285391183935275183e+00 1.294938762015132250e+00 1.325258465305384492e+00 1.338744653823589870e+00 1.340960923455366771e+00 1.342132913121515836e+00 1.375606869946064625e+00 1.397307567230740455e+00 1.409782192111028953e+00 1.419760798281213487e+00 1.448485917248119037e+00 1.451834076640425852e+00 1.487702116689507026e+00 1.527466823452900302e+00 1.542910402146924875e+00 1.547750863116318820e+00 1.566160877748048241e+00 1.584715222660722178e+00 1.594158299067199192e+00 1.621601247677918911e+00 1.639075465712390711e+00 1.661978877474524108e+00 1.668534640352798082e+00 1.683397450312094090e+00 1.689980982524354580e+00 1.755511098378342405e+00 1.831657869805944028e+00 1.927952766777367710e+00 1.941108913580500417e+00 1.955035008894179915e+00 1.969027646913561913e+00 1.983385732955917469e+00 1.993871312363756809e+00 2.000792396632359527e+00 2.002843181674751172e+00 2.026418997247148024e+00 2.060018038469519475e+00 2.112325440019020562e+00 2.152046420336493959e+00 2.187383960218711731e+00 2.195241518463851627e+00 2.221586346640743059e+00 2.245093927060823003e+00 2.247152130075312115e+00 2.293424249221553524e+00 2.350310037207875791e+00 2.369407121728755339e+00 2.433706445399103302e+00 2.480551114698067661e+00 2.551732870282624521e+00 2.563767261638050243e+00 2.582030487406040464e+00 2.603155931828710745e+00 2.678286463296557951e+00 2.746593152699533746e+00 2.799536088163070424e+00 2.850823631930748725e+00 2.933545641844272911e+00 3.030791232583416317e+00 3.099751240733352287e+00 3.128403928667927048e+00 3.226061053546431356e+00 3.291728385739128626e+00 3.428431719983610737e+00 3.508042946396049633e+00
1.625322567854601274e-01 2.015497477396883397e-01 2.034042476702802027e-01 2.279218340495161588e-01 3.153637382249426802e-01 3.348965544647312664e-01 3.841586060368614719e-01 4.318376713659622390e-01 4.371594523706754942e-01 4.518778102308806388e-01 4.781755932831153744e-01 5.117536521531687033e-01 5.358628860700624941e-01 5.621385894474091316e-01 5.680669707172354421e-01 5.856270474461403586e-01 6.055740425780588021e-01 6.069095119076630684e-01 6.235609972779598831e-01 6.599860587110324417e-01 6.740560130262764904e-01 7.032851209248993651e-01 7.139508267819201226e-01 7.304116268372342624e-01 7.486008160939174871e-01 7.751966100216782785e-01 8.028996854718408738e-01 8.249424620396046404e-01 8.343726370142197091e-01 8.534660269306566516e-01 8.681400456133800958e-01 8.738902784812330182e-01 8.947083866752330028e-01 8.977093710474727262e-01 9.132855386150389165e-01 9.322011115503324730e-01 9.381233869259986147e-01 9.810060401363371874e-01 9.938120206505330900e-01 1.023600259880807162e+00 1.033978141050912125e+00 1.054845271714785815e+00 1.057756852207908382e+00 1.150783911228238532e+00 1.160024460429268434e+00 1.163524524383420244e+00 1.183165643379533005e+00 1.204356868892519028e+00 1.215206961190635093e+00 1.228775940901556174e+00 1.248851890689454569e+00 1.252266460980264062e+00 1.255506332592833285e+00 1.261188881482915303e+00 1.279196765309832395e+00 1.284468099775872174e+00 1.294242634615645704e+00 1.328312517975789531e+00 1.337839054741591482e+00 1.339238864761310710e+00 1.342887397096188984e+00 1.375851599851673823e+00 1.396275796073294329e+00 1.411376163649034732e+00 1.419724875126910701e+00 1.451502139478968223e+00 1.452003643964839164e+00 1.487975453400784964e+00 1.526274868200714341e+00 1.542916584294949489e+00 1.546873770707042572e+00 1.565278837874293005e+00 1.584715677196059325e+00 1.592580791941298424e+00 1.624275735600954507e+00 1.638481867630672939e+00 1.661584453023580599e+00 1.668529680429913453e+00 1.683905901981950670e+00 1.691187324845774054e+00 1.755067743323319496e+00 1.832767579950015602e+00 1.927930183009745946e+00 1.940806779951998573e+00 1.956228246224232636e+00 1.969053434958436544e+00 1.983428357948297860e+00 1.993825462054008124e+00 2.000346307428488402e+00 2.002844729630997023e+00 2.026420123347790536e+00 2.060069062345302626e+00 2.111098398790894670e+00 2.152046157001727078e+00 2.185972431521332915e+00 2.195240669375982723e+00 2.221294060103440327e+00 2.243069240150717292e+00 2.247795651125981120e+00 2.296117699701485382e+00 2.350326456046203827e+00 2.370681504001240558e+00 2.434107903210747992e+00 2.478044754232660907e+00 2.546368966112410259e+00 2.563434622719896083e+00 2.583053124529909095e+00 2.604668144664065377e+00 2.678669352151353600e+00 2.748946022411024703e+00 2.794871535949559060e+00 2.849763441173582823e+00 2.942506271314502708e+00 3.037342906437132672e+00 3.094195554543059057e+00 3.132779205521058152e+00 3.222810948824477606e+00 3.288580707604404463e+00 3.428809338933252793e+00 3.506116728666048843e+00
1.907630222125775432e-01 1.934673697010525772e-01 2.215625465786241199e-01 2.442276834606308400e-01 3.303816971683284920e-01 3.625141864059826524e-01 3.932575514986406118e-01 4.155025968761346111e-01 4.215084271116190662e-01 4.348339949905993818e-01 4.778431634155667629e-01 5.128302891808741437e-01 5.332267580741943958e-01 5.631267039029592691e-01 5.702914308541959798e-01 5.901753303272657680e-01 6.067529733683493243e-01 6.095663315569795904e-01 6.212441488496127651e-01 6.540716381270713642e-01 6.745902452363170543e-01 7.047529196442458010e-01 7.147658086272112854e-01 7.369582922848942896e-01 7.493316088383287221e-01 7.829870883993238495e-01 7.939261068361401774e-01 8.244148882347824836e-01 8.245193673580876181e-01 8.441897276049454835e-01 8.692878820279356100e-01 8.706823459029475742e-01 8.967163967237464783e-01 9.009318112971789194e-01 9.109488733962326501e-01 9.284109778679611180e-01 9.349521383121153217e-01 9.787934867013039497e-01 9.981253820091714468e-01 1.018770148673189491e+00 1.034103685501517988e+00 1.051947900746194708e+00 1.066012604505683914e+00 1.154169758181440741e+00 1.159612547772245872e+00 1.163628817325671250e+00 1.183631293463021095e+00 1.206348138582804985e+00 1.214714295426954527e+00 1.230816226949176251e+00 1.248352749076198531e+00 1.254267250333052974e+00 1.256183754751289072e+00 1.262746935434484907e+00 1.278000488297856840e+00 1.282710583693935202e+00 1.294510966089871040e+00 1.330970106633682093e+00 1.335787681767772517e+00 1.339822767393155756e+00 1.345299904845614902e+00 1.376568651662157583e+00 1.394324027237135555e+00 1.413436030000550403e+00 1.419626705637087261e+00 1.450607444471314622e+00 1.458300682117214642e+00 1.491689892484212576e+00 1.523892717960638965e+00 1.542932972830083793e+00 1.543959855192990727e+00 1.562665178104421626e+00 1.584716851497444567e+00 1.589327734670530345e+00 1.627081650699282678e+00 1.639791359751669120e+00 1.659610465226112330e+00 1.668516623836413304e+00 1.684810761882631791e+00 1.695939552212706092e+00 1.754035580751736267e+00 1.835448240576268208e+00 1.927870953040213386e+00 1.940292718328151311e+00 1.958514707387474463e+00 1.969120731061942964e+00 1.983543212021541269e+00 1.993702450804633708e+00 1.999336970362173060e+00 2.002848796892635175e+00 2.026423121982307674e+00 2.060915038774569830e+00 2.107493685314064003e+00 2.152045464768538530e+00 2.181868333550774253e+00 2.195238436893659273e+00 2.218994295487515700e+00 2.241312330155052379e+00 2.249176257375105958e+00 2.301914754780256978e+00 2.350026843974466040e+00 2.374751147629383663e+00 2.434512645303046785e+00 2.471702047724957385e+00 2.537606651220836174e+00 2.555907774890404216e+00 2.587234489341129873e+00 2.608434842227199013e+00 2.681534180596002237e+00 2.751689895834301680e+00 2.783788277226503460e+00 2.849626043422532451e+00 2.966287274988346656e+00 3.053755321430577485e+00 3.083827275530798939e+00 3.139961753720017068e+00 3.212412476767813274e+00 3.280876354544106199e+00 3.429631241169483591e+00 3.500888684239454651e+00
2.012551293665277019e-01 2.214277388600051355e-01 2.468444517444316200e-01 2.689695360590454443e-01 3.250222688608774280e-01 3.662502406488419293e-01 3.927867675657932822e-01 4.016863335672744562e-01 4.088152277746047170e-01 4.545964283471293776e-01 4.773727599753176398e-01 5.092157865544697515e-01 5.374425067929268218e-01 5.660490294883318008e-01 5.737050277353524796e-01 5.873402773254852161e-01 6.073497960059316414e-01 6.104003288186625742e-01 6.187077024819657156e-01 6.506030675212464143e-01 6.743877408995668787e-01 7.080308618514273844e-01 7.151788425172006525e-01 7.330221933893614761e-01 7.502287810046051053e-01 7.892930653782719297e-01 7.920014366631022984e-01 8.089986797956824072e-01 8.237142336149413380e-01 8.341272680385435345e-01 8.664558474453705195e-01 8.682734260028796003e-01 8.859791400396823668e-01 9.008629522587980887e-01 9.127409511896714678e-01 9.326758878744177972e-01 9.329002424176670027e-01 9.770960176953082943e-01 1.003706332061588435e+00 1.017955777280449725e+00 1.036765047158300312e+00 1.047778006182258359e+00 1.074562610798897477e+00 1.149565976946198109e+00 1.159116804997605499e+00 1.169199185269451435e+00 1.184202948333206606e+00 1.210271364808831462e+00 1.214016850885741849e+00 1.230545095803945665e+00 1.247850646778153161e+00 1.255400523855792150e+00 1.256937077174230311e+00 1.263559982138712456e+00 1.275777063908251296e+00 1.281652183458805716e+00 1.297271466008362184e+00 1.330667615216867272e+00 1.340078682495966733e+00 1.342069240918377426e+00 1.348295911820214465e+00 1.377633808499026724e+00 1.390777656251362515e+00 1.413227258357146798e+00 1.419495277473407979e+00 1.449441735489791050e+00 1.462311525251561717e+00 1.500819648062028611e+00 1.522185791481415640e+00 1.539197428091528597e+00 1.542953715688267113e+00 1.560317131066943253e+00 1.584718274140027860e+00 1.584872992592003316e+00 1.623677154124459898e+00 1.646346757116736725e+00 1.657184982849622346e+00 1.668500285070769307e+00 1.683599026066644910e+00 1.705186399699532229e+00 1.752749326018633980e+00 1.838360236422098115e+00 1.927797277794062403e+00 1.939802569577082414e+00 1.959939518924021407e+00 1.969203593118938889e+00 1.983693152138258142e+00 1.993543135924004783e+00 1.998426538114788764e+00 2.002853825170560764e+00 2.026426990622163693e+00 2.063909589399862909e+00 2.101769197891175889e+00 2.152044600558070009e+00 2.176220304350084955e+00 2.195235648820371477e+00 2.214283313681730370e+00 2.242297557306295097e+00 2.251805728811141716e+00 2.307644490272510396e+00 2.349141707926554634e+00 2.381240983739716377e+00 2.432962891858248877e+00 2.464856616089150076e+00 2.529853483255868785e+00 2.544895393031469499e+00 2.590453204053701608e+00 2.613574943186127264e+00 2.688336453986391650e+00 2.750700287576378855e+00 2.768749125861801996e+00 2.855592889039251236e+00 2.996949037209466482e+00 3.071043688318339626e+00 3.077998357763034321e+00 3.145114844269310872e+00 3.193694297226724821e+00 3.272608730248119713e+00 3.430361624358722494e+00 3.494011900464892406e+00
2.242280588252839324e-01 2.480676850547613443e-01 2.735029309032188660e-01 2.991044255403830232e-01 3.051879075879176395e-01 3.377057071116722486e-01 3.669205928178619902e-01 3.790637019013531339e-01 4.275872346301863303e-01 4.696738791368783583e-01 5.037050378897566238e-01 5.215540460487776420e-01 5.407550063487556180e-01 5.681791770173333367e-01 5.794531119268792052e-01 5.828575646748566097e-01 6.039471167442268529e-01 6.045429189296316341e-01 6.194577026494918481e-01 6.396099976714854085e-01 6.708090462164122414e-01 7.116743936089042766e-01 7.138185514292485490e-01 7.266881572540078160e-01 7.509741201169473079e-01 7.858566459099125545e-01 7.961960674596856302e-01 7.982544992572279119e-01 8.236649970895407735e-01 8.262209721378283023e-01 8.572086417240226686e-01 8.660042490772525969e-01 8.817496318649613585e-01 8.975452754574968495e-01 9.165763330834693079e-01 9.323174692610056713e-01 9.390200561142563185e-01 9.751289726473341135e-01 1.008906353524701816e+00 1.022595688163489003e+00 1.035839815109194317e+00 1.043534577693311594e+00 1.084761653763978817e+00 1.140856199332697551e+00 1.158720047229192085e+00 1.175284109684556766e+00 1.184671155737895720e+00 1.213374002487415337e+00 1.215422433676751401e+00 1.228160631249474610e+00 1.247486358625933933e+00 1.255054256156517001e+00 1.257535487881515257e+00 1.261203897096192073e+00 1.273735304871583374e+00 1.281235739822665698e+00 1.299757107028999048e+00 1.339839328039005961e+00 1.340192487839651170e+00 1.347371624075365926e+00 1.350524098044826093e+00 1.378680255315485104e+00 1.383085696845730572e+00 1.411586501733925747e+00 1.419377508123852660e+00 1.448430946128731023e+00 1.465412423759980598e+00 1.509137301840742573e+00 1.521140426573713622e+00 1.536058559026543424e+00 1.542971146021061113e+00 1.559493217350411465e+00 1.580019455622575508e+00 1.584719410193072386e+00 1.617981188857109620e+00 1.651968571641034389e+00 1.657020935209047474e+00 1.668486719733545121e+00 1.681353654971455613e+00 1.714515148603325212e+00 1.751327674217478592e+00 1.840417418659788584e+00 1.927736476852691228e+00 1.939258348224377038e+00 1.960100824477571724e+00 1.969270742642121874e+00 1.983824977634469189e+00 1.993404757416097794e+00 1.997956629461219435e+00 2.002857770671667925e+00 2.026430461029252950e+00 2.069322886433292208e+00 2.094721201866501570e+00 2.152043884933558804e+00 2.171250357689510579e+00 2.195233339295862507e+00 2.210159143875809029e+00 2.243621258172041610e+00 2.254938549625134403e+00 2.311764929276749925e+00 2.348217828197950219e+00 2.387807741454180732e+00 2.428862715956447982e+00 2.460890867219190259e+00 2.524480058824003947e+00 2.535729636694719957e+00 2.591823494593097355e+00 2.618071785396861362e+00 2.697604511505752978e+00 2.747722361021099680e+00 2.753616286661606072e+00 2.864169256794883545e+00 3.024168373233850904e+00 3.066855335379063963e+00 3.098970312484358836e+00 3.147335881662738810e+00 3.167797106783630579e+00 3.266944991083017502e+00 3.430771629715370530e+00 3.488022473024113612e+00
2.456400504847637833e-01 2.582258700279709829e-01 2.908860070465736913e-01 2.944023540608554645e-01 3.165785481018116854e-01 3.228195488932370516e-01 3.453017831509434532e-01 3.602249322524883057e-01 4.403188205956577450e-01 4.671730907618185658e-01 5.098668471609864028e-01 5.421001073672061521e-01 5.579075001374091958e-01 5.685182246473939882e-01 5.798771754795934985e-01 5.839677084532731710e-01 5.970714219008268486e-01 5.999304769361694101e-01 6.200535626742572637e-01 6.232693641678005436e-01 6.653289456489845932e-01 7.134364676905483593e-01 7.136894874482606621e-01 7.301298888872000958e-01 7.512702429361444167e-01 7.765191244069491461e-01 7.940741324982464322e-01 8.000945950931503958e-01 8.244647077977378391e-01 8.264902532933072754e-01 8.481425683737618959e-01 8.661917063102311243e-01 8.816054194036744285e-01 8.952710968778624379e-01 9.188367427891300787e-01 9.325119438348149492e-01 9.415206121615175006e-01 9.742271606572502352e-01 1.011447531004722844e+00 1.026571881985080870e+00 1.033693620333493657e+00 1.041349211037113642e+00 1.091349561584802563e+00 1.135077418795703785e+00 1.158554234124902660e+00 1.178053209930274958e+00 1.184870954622668338e+00 1.213092003003338082e+00 1.219053406094435577e+00 1.226235522075728612e+00 1.247338331855262217e+00 1.253700864729231146e+00 1.257768611570414530e+00 1.260005524017907330e+00 1.272911936246830633e+00 1.281096481522300934e+00 1.300513612769969463e+00 1.340236437146288706e+00 1.344967521391494447e+00 1.351378490524799858e+00 1.353517699742111668e+00 1.375330838296970226e+00 1.379172234051403878e+00 1.410934078980436990e+00 1.419325720666489987e+00 1.447991092966876003e+00 1.467355221660188835e+00 1.512586704644958813e+00 1.518820829530517003e+00 1.537464845518931700e+00 1.542978614259835624e+00 1.558813860808981655e+00 1.577613097175829759e+00 1.584719863290800834e+00 1.614864285146282663e+00 1.652657619792749166e+00 1.658944093998622638e+00 1.668480981501993199e+00 1.680174550792618460e+00 1.718963079310832143e+00 1.750504879672726277e+00 1.841137637371236702e+00 1.927710851525566982e+00 1.938996840617107642e+00 1.959843021371352911e+00 1.969297342479518820e+00 1.983887380657958444e+00 1.993341391143639951e+00 1.997896815356231315e+00 2.002858813697530493e+00 2.026432444409821176e+00 2.073788042746696370e+00 2.089714020036055775e+00 2.152043583184380271e+00 2.169005243243685044e+00 2.195232365236536420e+00 2.208615149780264186e+00 2.244121533484475517e+00 2.256457249427215039e+00 2.313435777937709492e+00 2.347991729433084540e+00 2.390654814056563104e+00 2.426087120104270412e+00 2.459889253576984292e+00 2.522605856578211458e+00 2.531500322518788426e+00 2.592451670818214815e+00 2.619785812415144299e+00 2.703803488999037885e+00 2.742034277271554021e+00 2.749721511881368929e+00 2.868295400701972309e+00 3.036165203844839233e+00 3.064667281270040178e+00 3.119013806370503961e+00 3.143140624589142895e+00 3.149762346307887206e+00 3.264781371563482804e+00 3.430946524290873434e+00 3.485468113745030738e+00
2.455823053456039073e-01 2.582682060094699805e-01 2.913746976311747949e-01 2.951409457734872066e-01 3.157293964114392670e-01 3.227317138159208065e-01 3.453265867062298988e-01 3.597426876170709553e-01 4.406433236320833058e-01 4.671513716374892100e-01 5.102781904103365074e-01 5.418936213192817597e-01 5.577914167152143721e-01 5.687349419339278178e-01 5.797113031817255902e-01 5.839930445215245625e-01 5.972794968988731634e-01 6.000083451196641660e-01 6.197990447515493440e-01 6.232184073762567778e-01 6.651468663039571405e-01 7.134569549189471172e-01 7.137268720921233767e-01 7.301596306959234894e-01 7.512791157708107459e-01 7.763794445141762868e-01 7.942709968664758424e-01 8.001014273396213072e-01 8.244779889705373677e-01 8.266491145808829710e-01 8.477174386258471417e-01 8.661790473895406572e-01 8.816015265422628699e-01 8.952718517821970368e-01 9.189719016434594323e-01 9.325037536471342259e-01 9.415184908743068348e-01 9.742214697484609109e-01 1.011471354956931412e+00 1.026636115625792600e+00 1.033584836199430868e+00 1.041332115115223278e+00 1.091453539587002197e+00 1.135023724561241121e+00 1.158551816666200329e+00 1.178112923664313971e+00 1.184877957450363173e+00 1.213076159547944011e+00 1.219317724120677848e+00 1.225961709352853424e+00 1.247352041127206990e+00 1.253685447635698891e+00 1.257766888190854582e+00 1.260005652660277864e+00 1.272908438428625555e+00 1.281093836588247159e+00 1.300586278972065246e+00 1.340236892251418510e+00 1.345006345158936689e+00 1.351380579846382934e+00 1.353447222305541153e+00 1.375283116347559176e+00 1.379175691548917948e+00 1.410948611075292680e+00 1.419325666871976033e+00 1.447988713144082285e+00 1.467399977400013933e+00 1.512574763131904199e+00 1.518862119317409887e+00 1.537565803634026951e+00 1.542978662796728129e+00 1.558694399673466569e+00 1.577595530912892174e+00 1.584719869496677758e+00 1.614827408866513769e+00 1.652752944002420898e+00 1.658837306739624262e+00 1.668480947994668284e+00 1.680271991697779521e+00 1.718938641861227579e+00 1.750501163372153890e+00 1.841125661022499749e+00 1.927710705693396642e+00 1.939013219489437834e+00 1.959800212114986229e+00 1.969299212421293355e+00 1.983883477819109231e+00 1.993340280626487271e+00 1.997933415068771978e+00 2.002863315369830310e+00 2.026431243653723069e+00 2.073843412219528837e+00 2.089626630910588645e+00 2.152043581649456971e+00 2.168984696743578411e+00 2.195232359852452131e+00 2.208625411837008112e+00 2.244136769771850837e+00 2.256443673424261220e+00 2.313494736182588607e+00 2.348053145760185423e+00 2.390557457523347029e+00 2.426063192349380504e+00 2.459883755307139541e+00 2.522686452333384732e+00 2.531332183135185154e+00 2.592458783628216690e+00 2.619775746899645430e+00 2.703957301806396707e+00 2.742135651317799461e+00 2.749684923150180538e+00 2.868197568832923317e+00 3.036243158196108016e+00 3.064660776136253872e+00 3.119119320860424871e+00 3.143104095040026191e+00 3.149627207471258128e+00 3.264802006421330116e+00 3.430928838207212284e+00 3.485449791024516131e+00
2.499988073666847277e-01 2.623254620241264323e-01 2.828046767072581735e-01 2.989593903025012933e-01 3.157686800277675898e-01 3.187204172235618693e-01 3.350918702717592956e-01 3.522260786772707930e-01 4.437918795188801613e-01 4.695093362500266099e-01 5.121973265072672366e-01 5.358339918545859115e-01 5.463883328723371235e-01 5.594249849816690379e-01 5.684193473502534566e-01 5.789853600544211387e-01 5.856978834392345679e-01 6.020604592054289439e-01 6.091495300292446569e-01 6.272303372817937817e-01 6.664300772135923756e-01 6.971883985525972882e-01 7.159536976061922076e-01 7.299199106934209924e-01 7.426179249147217831e-01 7.769679484530684910e-01 7.873491141327088050e-01 8.042374046171434365e-01 8.227776887892194191e-01 8.260016632459635799e-01 8.464062403297246684e-01 8.636750579943861528e-01 8.845986364454736517e-01 8.963480111987920385e-01 9.186572847355368721e-01 9.293077637182146633e-01 9.435528210748344025e-01 9.740951073538131055e-01 1.008629767725489179e+00 1.028632300809089184e+00 1.035074635518696162e+00 1.041552294860643713e+00 1.090800786148959256e+00 1.134451658677750885e+00 1.171191299294459087e+00 1.179086942535047200e+00 1.190683355705774327e+00 1.218370849034845271e+00 1.222581732550512168e+00 1.226004264119261444e+00 1.250936027203920720e+00 1.259105983423003172e+00 1.261981131515532484e+00 1.274704416339569990e+00 1.280938392172081164e+00 1.293638304294502772e+00 1.302147000382452902e+00 1.343265647672145402e+00 1.352657340675153197e+00 1.357882361557050110e+00 1.360036305772024834e+00 1.374651634711545389e+00 1.393657853078243081e+00 1.411478078697128158e+00 1.425185848824637391e+00 1.451203885738190369e+00 1.468986258753447682e+00 1.512124294972011729e+00 1.517333611612538213e+00 1.535660064909991185e+00 1.547667657139720321e+00 1.559321179055385365e+00 1.577916362122526284e+00 1.601405991860532119e+00 1.613953123928738131e+00 1.652832491758260414e+00 1.655244690253931505e+00 1.670691823892947792e+00 1.689753893952978370e+00 1.718956782639559311e+00 1.751225488401788821e+00 1.840767504794023957e+00 1.925984151327181593e+00 1.938535584307421900e+00 1.959094221520768508e+00 1.967777652879596051e+00 1.982712590964829324e+00 1.991233871827632118e+00 1.996885367625673258e+00 2.003780434213308759e+00 2.024917181858483239e+00 2.073964488101759596e+00 2.089670258128243141e+00 2.149361216853595824e+00 2.171370311575880230e+00 2.193780629466944188e+00 2.208240801382804541e+00 2.243308439122008391e+00 2.255610190746704102e+00 2.312066863174689235e+00 2.346541488557738031e+00 2.389025965670577900e+00 2.424597736139296078e+00 2.458323347975736262e+00 2.520580971571369400e+00 2.529059303686870486e+00 2.589524699441840827e+00 2.617041119260374415e+00 2.700950189103644039e+00 2.739797610169053765e+00 2.747054977326312653e+00 2.864822991692089094e+00 3.034596663531557326e+00 3.063645360538140849e+00 3.117480973505869279e+00 3.141409832350282372e+00 3.148057127969071889e+00 3.262470720551230219e+00 3.429387567235823386e+00 3.484319301620813825e+00
2.587422611026913288e-01 2.640140630186375570e-01 2.722915658426336982e-01 2.959718548776967273e-01 3.029668324401462720e-01 3.100979673976689277e-01 3.212478937128101508e-01 3.425218211680223779e-01 4.496515033047360776e-01 4.708557622241487661e-01 4.764568376912145520e-01 5.100019703174207830e-01 5.153768651543907398e-01 5.271665730484641488e-01 5.572621993368980231e-01 5.652508358093669694e-01 5.783081130295755212e-01 5.937085764442130431e-01 6.113449054403887750e-01 6.323622929737712228e-01 6.689390889964338394e-01 6.787200118866851817e-01 7.153499121730689803e-01 7.216617204872499691e-01 7.369077536376228421e-01 7.763775558286555301e-01 7.813209104733951360e-01 8.101675094722348147e-01 8.170304618013261022e-01 8.246703697862082239e-01 8.438256431688627712e-01 8.646070690927516456e-01 8.920320599362708824e-01 8.993820270381553961e-01 9.166098051136728486e-01 9.261776441058621190e-01 9.475155571271306476e-01 9.730550778447136784e-01 1.005089643539886168e+00 1.029347480306430418e+00 1.037591166165298562e+00 1.046908584105785245e+00 1.089663084095868983e+00 1.133281211847678493e+00 1.177000217212685662e+00 1.183524760793145392e+00 1.216291770778471504e+00 1.218467620217138503e+00 1.229417646969974243e+00 1.242508005574089802e+00 1.252500319557456887e+00 1.259088634147804253e+00 1.284884212291952155e+00 1.294622639234095374e+00 1.303904289690466234e+00 1.308069844500209022e+00 1.323278420594170557e+00 1.345646421405868542e+00 1.354190055250309221e+00 1.365642335065926138e+00 1.392701734045685980e+00 1.402435537886753458e+00 1.419460585176394618e+00 1.435276925563387485e+00 1.443822493581387256e+00 1.458789367987139984e+00 1.478963944630766525e+00 1.511372664452180548e+00 1.516130006942866704e+00 1.535640396909671690e+00 1.551851905342550353e+00 1.570701991265728736e+00 1.580159909226522386e+00 1.610185268855492069e+00 1.629828903376697724e+00 1.653995582353941396e+00 1.660140872434684445e+00 1.670677253585778566e+00 1.712265052950088018e+00 1.723057639606845104e+00 1.756347747418939953e+00 1.839839390478976267e+00 1.921043791177964088e+00 1.937037273630966228e+00 1.956689960391794658e+00 1.963803315206164246e+00 1.979277701237840192e+00 1.985989859357147003e+00 1.993117653177864046e+00 2.006452247736401517e+00 2.020776044225801371e+00 2.074310901724445877e+00 2.089771871976723538e+00 2.143660632748144668e+00 2.176427304938820306e+00 2.189606361590816341e+00 2.207141281580203174e+00 2.240869320559670363e+00 2.253193199346218645e+00 2.307869151932963270e+00 2.342102678837499230e+00 2.384468299454949758e+00 2.420247724731471539e+00 2.453750915736558014e+00 2.514274744853513432e+00 2.522325079405244530e+00 2.580762006632654426e+00 2.608850980819675591e+00 2.691966630317565556e+00 2.732221686200648314e+00 2.739711442112793716e+00 2.854699300706437626e+00 3.029706537192840443e+00 3.060650134065292516e+00 3.112724300746088968e+00 3.136453128735401386e+00 3.143459546078871458e+00 3.255592244502015120e+00 3.424824047661009452e+00 3.481023723494774291e+00
2.290781545206726222e-01 2.450561637272684612e-01 2.665026762443872266e-01 2.784967228115936555e-01 2.909126126490922948e-01 3.074311043324510773e-01 3.208605340044269338e-01 3.446209274929181166e-01 3.994814014231030108e-01 4.274861725396517098e-01 4.439038550363407221e-01 4.833037406015913140e-01 4.901874507474741627e-01 5.213375287911452549e-01 5.449981118399623847e-01 5.697154775773147772e-01 5.734673802713581292e-01 6.009210249248417846e-01 6.154282975261710087e-01 6.368382693443879194e-01 6.702409260015866899e-01 6.777748746274762093e-01 7.092972649018109976e-01 7.214113177895362661e-01 7.411019536727001533e-01 7.713223842363293725e-01 7.852622207983126490e-01 8.112767348671887646e-01 8.172631899381485043e-01 8.239864248180374107e-01 8.446811768551611976e-01 8.717483853737728605e-01 8.999533646840239820e-01 9.051604652688151065e-01 9.145986253720829184e-01 9.278050938823134697e-01 9.517213300145425103e-01 9.708577656246608623e-01 1.004808015617016936e+00 1.027070981251158255e+00 1.042687208924629516e+00 1.056155970632524088e+00 1.089000684509575434e+00 1.132113475878580244e+00 1.179795316473543076e+00 1.184301305755416367e+00 1.213719193899301496e+00 1.228470024863675514e+00 1.239930793466905934e+00 1.254656067162690736e+00 1.259473253613357935e+00 1.274179375141152315e+00 1.297824413238437113e+00 1.306873336808541453e+00 1.322839408463773569e+00 1.336366298730244706e+00 1.346445295789801433e+00 1.355872830442521160e+00 1.362389657847990154e+00 1.369300844038985332e+00 1.405204922699107462e+00 1.438941692192496014e+00 1.443295415398565984e+00 1.466232652863892705e+00 1.483676506986976618e+00 1.493812904275366948e+00 1.505405874425979729e+00 1.513904813756041356e+00 1.528049729058017503e+00 1.546889545120359699e+00 1.557039337332628559e+00 1.584487340679712197e+00 1.598137000551295372e+00 1.607958624585803076e+00 1.634527002013640429e+00 1.657885901647803140e+00 1.667189637609587161e+00 1.689767778695038025e+00 1.719555882461164975e+00 1.742333085717591601e+00 1.787975828220914387e+00 1.839222249924612029e+00 1.913523590066009694e+00 1.934384391426926753e+00 1.951636592171490214e+00 1.959086831584289534e+00 1.973873097426365630e+00 1.978650992555846422e+00 1.987348875224918210e+00 2.010082713021843936e+00 2.015819666799606225e+00 2.074855582080581851e+00 2.089985630168822883e+00 2.137458975939424466e+00 2.181737080523828087e+00 2.183805764597366750e+00 2.205570959688406329e+00 2.237029307516436472e+00 2.249460103527720189e+00 2.301159448738783198e+00 2.335065193036682807e+00 2.377008660589383204e+00 2.413139488180184866e+00 2.446500604921370670e+00 2.503812765927037720e+00 2.511398005862684357e+00 2.566303053180666094e+00 2.595257347573917794e+00 2.677145068235398107e+00 2.718129933338762516e+00 2.728838688347756225e+00 2.837906018997319091e+00 3.021722073540629605e+00 3.055815718665124248e+00 3.105327948862426801e+00 3.128592437967537165e+00 3.136153332330001930e+00 3.244512532586504516e+00 3.417429712158841060e+00 3.475827784464768921e+00
1.524814587643390507e-01 2.026661289461758053e-01 2.281919226980861637e-01 2.571814988936362845e-01 2.792410154752998364e-01 3.108805455251781868e-01 3.297365681366024592e-01 3.510795942107088896e-01 3.699299667854751283e-01 3.986130612770404924e-01 4.121975677459378540e-01 4.887637800054286941e-01 4.953868115979953024e-01 5.136848935986758624e-01 5.500788699968788276e-01 5.750279425535544942e-01 5.836426355670982780e-01 6.092799047793644451e-01 6.202271760279799429e-01 6.412750758470949775e-01 6.740831838451174507e-01 6.860375962931430927e-01 7.147870210656378509e-01 7.262684023026839686e-01 7.484139844411287212e-01 7.693143231220237466e-01 7.919567550452839555e-01 8.096863710787255419e-01 8.205667466590035319e-01 8.302697932320626251e-01 8.495493368533000300e-01 8.832125193414140929e-01 9.035690140899125256e-01 9.089150428486362232e-01 9.223684375038285754e-01 9.330201717888724211e-01 9.553119825189376746e-01 9.701548543254852053e-01 1.007115216288302140e+00 1.024113625441962938e+00 1.050031087088104442e+00 1.066411416531231948e+00 1.089629290984337473e+00 1.131282001287046812e+00 1.181759484798050819e+00 1.184449986966390700e+00 1.209492087121302850e+00 1.232775976301209164e+00 1.241839201262559200e+00 1.256085223435216003e+00 1.265380741536230813e+00 1.296111174714486003e+00 1.300815583987790403e+00 1.314939440068948029e+00 1.338439732058039899e+00 1.347895962354329180e+00 1.362969494382009206e+00 1.375195795031173063e+00 1.382244030681025082e+00 1.398482197999189269e+00 1.413984964928362231e+00 1.452156132795111798e+00 1.464226488807496951e+00 1.483044590649880146e+00 1.500432793381243135e+00 1.508715801104700605e+00 1.524828807622335303e+00 1.533842500750443927e+00 1.548103383066602445e+00 1.576545398819419797e+00 1.598273165961204834e+00 1.602741156186628935e+00 1.613477065671407473e+00 1.632162560287490960e+00 1.639770733711983564e+00 1.668905559016865991e+00 1.678219013717560548e+00 1.706478744444250850e+00 1.731458396285807666e+00 1.761605647350092063e+00 1.830789582376577185e+00 1.857503588788737670e+00 1.904539155929473759e+00 1.930411256601175962e+00 1.944317234665317251e+00 1.954355972088166915e+00 1.966788158011460785e+00 1.971220403306827906e+00 1.981478814690611268e+00 2.008156879821036966e+00 2.019467457058339743e+00 2.075601608097641826e+00 2.090876156778177730e+00 2.132541459853348531e+00 2.174984524452064250e+00 2.188583112737778169e+00 2.204136197247290152e+00 2.232492947321482735e+00 2.244936725056997595e+00 2.292374677569886554e+00 2.326115216435811206e+00 2.366907696892153634e+00 2.403465604968285874e+00 2.437125988899386364e+00 2.489341640748730544e+00 2.496768450493457081e+00 2.546415760438173859e+00 2.576388977400037916e+00 2.656770908462751990e+00 2.697294764929436983e+00 2.714360739681296320e+00 2.814858047843659783e+00 3.010904037666371824e+00 3.049338488328195762e+00 3.096069358599835564e+00 3.118384459910242601e+00 3.126608214858787704e+00 3.229806636489803040e+00 3.407549592294584428e+00 3.469106546800671431e+00
5.377703274286538965e-02 1.257674574975280735e-01 2.101934596317358017e-01 2.505349519379555523e-01 2.778897828897512468e-01 3.158151891607505202e-01 3.530029939072483192e-01 3.643471664668556653e-01 3.823309367058557173e-01 4.095029778180998559e-01 4.255124353896702627e-01 4.871290442430485368e-01 5.126991267487532866e-01 5.240624123985224703e-01 5.655195626297602196e-01 5.822635463267553657e-01 5.967253969303792926e-01 6.184694952936747869e-01 6.308457758182084429e-01 6.489935233425306871e-01 6.804119889510028552e-01 6.996181881050117513e-01 7.276459677565145778e-01 7.339018427227057551e-01 7.578015856997877275e-01 7.721553445448848807e-01 8.000565689655824153e-01 8.131420952791973411e-01 8.227574220044605591e-01 8.425000391564045898e-01 8.567843790867544218e-01 8.964980836582097101e-01 9.039969723357549336e-01 9.124037519023699971e-01 9.338021699730281178e-01 9.436537795064937617e-01 9.578670790079594211e-01 9.741362221705071045e-01 1.010614252273160707e+00 1.021762474463883352e+00 1.056889649741090231e+00 1.077543474434754955e+00 1.092179045859985820e+00 1.131376038168497411e+00 1.180468500622957828e+00 1.187027152346010528e+00 1.204750247472191171e+00 1.233028970339102415e+00 1.242806104640196585e+00 1.257887396769973964e+00 1.270531403311014662e+00 1.295814828306651068e+00 1.312694040706151144e+00 1.320279227047866932e+00 1.344338560079180622e+00 1.356073948742972268e+00 1.371359320026594553e+00 1.393789382160195434e+00 1.401122936318971002e+00 1.429735688841393015e+00 1.435393033837759846e+00 1.458696543489969688e+00 1.480989552928035691e+00 1.496761875907325345e+00 1.507354764389638557e+00 1.519138824779632024e+00 1.534749180252153566e+00 1.546324610965952528e+00 1.560543828600228888e+00 1.589283424107049258e+00 1.601718738430961464e+00 1.624138870838732318e+00 1.628654158341487523e+00 1.653102686028647517e+00 1.664006382638420156e+00 1.701558151685202303e+00 1.720125596086725661e+00 1.728285120658523910e+00 1.751801562228930909e+00 1.797588118364240817e+00 1.834078844705641753e+00 1.893143145424424523e+00 1.912071496291771755e+00 1.925795984494047541e+00 1.940940384156268683e+00 1.948353624834794795e+00 1.958281237811521525e+00 1.968717670767443639e+00 1.980354635147957953e+00 2.007345255884800839e+00 2.030701405233835910e+00 2.076787765279668019e+00 2.094215970030679941e+00 2.131430670814690842e+00 2.166751326061014726e+00 2.192823562099696755e+00 2.203486397879112157e+00 2.229309771917295180e+00 2.240762629452612398e+00 2.282211659472456411e+00 2.316507467188608338e+00 2.354674970344869500e+00 2.391567451750665985e+00 2.426267668740553329e+00 2.471286739220683870e+00 2.479208482538831859e+00 2.521586418912828531e+00 2.552545591953389259e+00 2.631296396428089324e+00 2.670303045321998248e+00 2.694961401342724550e+00 2.786777978192283012e+00 2.997659066328195010e+00 3.041428267415087205e+00 3.085922569907707746e+00 3.106560218454401667e+00 3.115379325309235004e+00 3.212274269294478124e+00 3.395693594995061737e+00 3.461277360500805589e+00
9.673454355031652074e-02 1.342202826943168503e-01 2.238926372977431967e-01 2.780367598136009866e-01 3.102822949992208312e-01 3.442324418784917794e-01 3.816208514415382891e-01 3.900447438165524083e-01 4.142656239832568921e-01 4.370889502475484578e-01 4.556136452331426834e-01 5.015698529824356156e-01 5.323956861310780164e-01 5.437550487020716972e-01 5.842148545248968539e-01 5.932138448612204185e-01 6.114869570339667160e-01 6.328855645099836780e-01 6.459092839356070925e-01 6.632395514664766178e-01 6.896715513409821252e-01 7.149926791430135653e-01 7.412231763959934439e-01 7.444302170737842061e-01 7.679777321900428388e-01 7.826986750370162893e-01 8.091554432249195017e-01 8.211419352171981378e-01 8.274050458862436397e-01 8.574767226369903739e-01 8.651150078114100417e-01 9.018198080128111416e-01 9.108458187405140682e-01 9.190480272536498685e-01 9.426832598706641475e-01 9.563162387040609058e-01 9.652179986374415099e-01 9.818895610349560599e-01 1.014378261956959237e+00 1.021807842878814654e+00 1.061676633445994167e+00 1.088739397165650491e+00 1.096563351733856884e+00 1.133300253424330606e+00 1.178385175659968809e+00 1.188893805444768637e+00 1.200672165516927459e+00 1.230682283103145203e+00 1.242978897818866724e+00 1.260332775018318863e+00 1.274534597247660717e+00 1.292713110036048052e+00 1.314608970154742984e+00 1.329144047271038964e+00 1.349436918830108967e+00 1.365818568820771572e+00 1.380809446199139368e+00 1.405303243459023799e+00 1.412181074236735556e+00 1.440888046153559587e+00 1.456276530120448554e+00 1.467963137596861589e+00 1.493493796209381497e+00 1.500496263776300854e+00 1.523389836323266078e+00 1.527839610698568551e+00 1.543682030626735591e+00 1.562258347631547029e+00 1.573654334222267970e+00 1.591783502850707466e+00 1.611677825293797550e+00 1.620043889502136958e+00 1.629360295559432403e+00 1.657004819008052410e+00 1.681037188935700311e+00 1.723044337066844234e+00 1.744480610839336920e+00 1.775118583094573044e+00 1.792985368840136706e+00 1.829678411303083285e+00 1.844824797117966098e+00 1.885857933139098108e+00 1.913564867755353616e+00 1.922947493650041029e+00 1.941659555469084975e+00 1.946469688869819192e+00 1.962167693255581602e+00 1.977416618999718878e+00 1.998070132629889750e+00 2.018189070538287666e+00 2.046990998067718781e+00 2.080124652018477516e+00 2.102750943920504767e+00 2.137898211202092114e+00 2.161082671312426928e+00 2.194627535581573419e+00 2.202153618972025217e+00 2.229165952121878735e+00 2.240319829470624136e+00 2.272248160380477611e+00 2.308234421697084482e+00 2.341342885069140234e+00 2.378306055695319721e+00 2.414187397403964486e+00 2.450627769056402450e+00 2.459972113483060330e+00 2.492695121714343376e+00 2.524434238568914246e+00 2.601318135069028425e+00 2.637910573638451162e+00 2.668579241548305614e+00 2.756258910350787517e+00 2.982587026078013626e+00 3.032282809392126133e+00 3.075860432133397993e+00 3.094005016862821478e+00 3.103066387721905350e+00 3.192932409471560540e+00 3.382514476594683295e+00 3.452748384144495919e+00
2.138398169876217225e-01 2.249192424445303762e-01 2.787202589660636165e-01 3.379539718259794712e-01 3.588235004850977017e-01 3.899817178593751321e-01 4.154163912561823491e-01 4.305261892978320959e-01 4.512619635301599041e-01 4.738027495791243271e-01 4.940544419820530608e-01 5.310874894418812220e-01 5.514871661090690047e-01 5.703144511181705845e-01 6.043201671885719550e-01 6.108624177936921029e-01 6.280964290823887186e-01 6.540863269270147384e-01 6.651295919361215336e-01 6.849880593366252102e-01 7.035172464672054815e-01 7.306879979096622124e-01 7.534091297094224204e-01 7.583940608988899434e-01 7.798564669378722503e-01 7.990769010343670153e-01 8.204406817360211379e-01 8.309563316341658235e-01 8.357512736144606658e-01 8.714488138356490943e-01 8.764447784417099818e-01 9.051385262428688350e-01 9.162136283763592237e-01 9.325389552754527189e-01 9.518200133838279342e-01 9.615733932021051089e-01 9.846651437571516396e-01 9.905538651484888657e-01 1.016947772132301253e+00 1.027603390830280405e+00 1.065131716957558261e+00 1.096847300066015274e+00 1.103219194903464206e+00 1.137308706003794967e+00 1.175457747496488903e+00 1.188884287461722034e+00 1.199317158445885934e+00 1.227375972174667540e+00 1.242279813416964140e+00 1.262542307096200300e+00 1.274326387672984007e+00 1.291698796602825938e+00 1.312801910529806992e+00 1.336764803817239722e+00 1.355972715812169715e+00 1.376211682680103410e+00 1.392461229618900953e+00 1.415354769419223446e+00 1.417180569084567132e+00 1.441662528407399391e+00 1.464465776784753093e+00 1.476630104237410812e+00 1.492446494087533049e+00 1.516371583587773575e+00 1.527775905335400752e+00 1.534978433067081038e+00 1.551422913724401553e+00 1.578377346758139010e+00 1.583522482720010727e+00 1.595041690155992953e+00 1.612284305738496126e+00 1.624322510935005015e+00 1.628577324213680511e+00 1.661467769519928694e+00 1.685726135906307599e+00 1.727012440984261099e+00 1.766609305485326464e+00 1.798242096040293170e+00 1.819840506431184002e+00 1.831931284900228052e+00 1.869771569327375982e+00 1.879254201378064204e+00 1.905540267743699223e+00 1.915951320935345814e+00 1.935018237260039964e+00 1.940533806105997794e+00 1.973130767863549462e+00 1.993823732514666158e+00 2.028188149831499310e+00 2.041556968815728457e+00 2.066603772532168648e+00 2.091208888106764974e+00 2.115249326690540332e+00 2.146061760264344365e+00 2.168974694235981548e+00 2.194925927993148118e+00 2.204360647417454633e+00 2.230247426696990498e+00 2.243076915874612887e+00 2.268434359666374966e+00 2.303243018940302367e+00 2.329306919931676934e+00 2.366032872411502730e+00 2.399952116050043660e+00 2.429203744722773006e+00 2.440992459685241922e+00 2.461563356630035226e+00 2.493833945559845056e+00 2.567528990240352194e+00 2.601344829909893797e+00 2.633108369605039467e+00 2.726923148048415957e+00 2.966495132099036702e+00 3.022105679599015993e+00 3.066575520997225190e+00 3.081776326989913883e+00 3.090284339642062506e+00 3.173008430111065259e+00 3.368748213256024915e+00 3.443892831296471169e+00
3.187156431100635068e-01 3.263198592315267321e-01 3.465152470546734587e-01 4.085869680797194481e-01 4.121340727650807390e-01 4.412591078072326534e-01 4.558294062108117495e-01 4.744263961308002320e-01 4.958267497895522680e-01 5.151905439358855920e-01 5.406977520858299302e-01 5.644395750070783091e-01 5.746856887746171205e-01 6.019202842474812298e-01 6.276220023826799554e-01 6.340145826371632598e-01 6.508080984286868098e-01 6.765593593555573326e-01 6.916642090266053033e-01 7.128114583303649665e-01 7.268906533368207912e-01 7.491955943158054021e-01 7.663492286234018236e-01 7.756176635590350532e-01 7.947016183480436480e-01 8.154183921982013361e-01 8.345216365586856089e-01 8.417470393128896333e-01 8.474234624035579255e-01 8.809400239910184505e-01 8.933778856495142584e-01 9.134460944611214606e-01 9.228367031838392576e-01 9.463398782676879506e-01 9.620801433217475163e-01 9.693668861270416937e-01 9.981944651189877948e-01 1.004901589053281530e+00 1.022801419275692236e+00 1.037887332540596619e+00 1.068493582197730607e+00 1.102000878977198672e+00 1.111142314092715910e+00 1.141414869722286562e+00 1.171750522587328591e+00 1.187626251977142777e+00 1.201285473460846687e+00 1.224489132791400037e+00 1.240624682844859050e+00 1.262815570783865748e+00 1.270976333887013254e+00 1.292668826957688033e+00 1.309976915057961877e+00 1.343374405016496187e+00 1.364501505224362976e+00 1.384763742067686820e+00 1.405851363393918252e+00 1.416590946118382099e+00 1.426653434292190603e+00 1.439193764145716203e+00 1.467794376991960359e+00 1.479153486671402673e+00 1.494305299380276342e+00 1.525741823417567034e+00 1.529786592376263687e+00 1.538983841830359189e+00 1.552997608626408343e+00 1.579228315773179681e+00 1.594279737168547317e+00 1.597256314998378723e+00 1.605335838863871212e+00 1.625388146603830464e+00 1.636534973436422513e+00 1.663008552798772133e+00 1.690042449090478183e+00 1.729511097273173537e+00 1.775046917975508620e+00 1.802157541926449058e+00 1.825288852054985034e+00 1.829177686202319242e+00 1.865721352801249067e+00 1.879609096437544924e+00 1.897890803021584638e+00 1.911567077711175067e+00 1.927526897355702484e+00 1.936438476097073424e+00 1.986157448345892806e+00 2.007663616083076086e+00 2.034379822305473873e+00 2.065201077781209094e+00 2.094759195366734161e+00 2.112496266869885009e+00 2.127057331861091249e+00 2.153487433060288225e+00 2.178550946787520814e+00 2.202200117114949673e+00 2.214192406107636124e+00 2.235501578585722182e+00 2.244513048299197955e+00 2.277117797166947177e+00 2.299875210996344954e+00 2.323058882169492634e+00 2.360068227791786377e+00 2.381925563600369333e+00 2.410057649498230425e+00 2.421971822774093397e+00 2.433495779584993635e+00 2.465654898637879011e+00 2.530688220831667667e+00 2.562603619167652447e+00 2.589634924210138411e+00 2.701234021192834511e+00 2.950330785072903250e+00 3.011163117744556583e+00 3.058103906947978956e+00 3.071231385380631895e+00 3.077627516998727053e+00 3.153935426618585502e+00 3.355131534777079594e+00 3.435039919391921437e+00
3.921635392462489156e-01 4.136047880645674635e-01 4.170689764394163723e-01 4.561660609833709246e-01 4.729745712715222594e-01 4.812965367427298746e-01 5.085435010987467974e-01 5.155406424718780301e-01 5.472933659815202301e-01 5.577044398415883508e-01 5.849821522456187806e-01 5.937478706280863161e-01 6.062546518919655902e-01 6.366251721651412510e-01 6.508978090633584790e-01 6.657404150371569740e-01 6.839289774209996731e-01 7.044053442047332192e-01 7.197693660652120240e-01 7.448070767999901420e-01 7.637342458515173904e-01 7.767523528867934512e-01 7.840458699762982153e-01 7.959667034072520631e-01 8.110610143806377126e-01 8.313677091193047985e-01 8.475930404796845341e-01 8.552474881593015166e-01 8.614364479197366142e-01 8.919610148624939061e-01 9.136705018896232877e-01 9.249624940712856125e-01 9.366532866388559420e-01 9.582508765043131760e-01 9.762052635251252664e-01 9.805299428377242110e-01 1.005737354725803057e+00 1.017496057004046550e+00 1.040149792953057206e+00 1.050309565202100837e+00 1.072680779130804840e+00 1.108324368634797885e+00 1.118127670156423115e+00 1.142372665835561962e+00 1.169281189569290280e+00 1.186034658142651299e+00 1.204232539575699423e+00 1.223186267309925856e+00 1.238441051529365344e+00 1.260160300734189054e+00 1.268172353315289325e+00 1.294207916424108484e+00 1.306969595407429185e+00 1.349536403559049136e+00 1.373956822457246485e+00 1.390616491150592493e+00 1.412109145370166630e+00 1.421680114321907773e+00 1.435154237346669914e+00 1.438584464751479386e+00 1.465772471102993579e+00 1.480893676022380978e+00 1.499923707591816591e+00 1.523460556495124907e+00 1.530987103877621935e+00 1.541607884864115929e+00 1.557942506157590890e+00 1.572309550678995249e+00 1.589278797939813304e+00 1.594937585255713275e+00 1.604501443124278781e+00 1.626030106480247595e+00 1.639605310970982721e+00 1.659357528898163459e+00 1.689194577455343405e+00 1.733056504447549884e+00 1.775466557469721041e+00 1.795057024510229304e+00 1.818891952560391712e+00 1.825629833451855255e+00 1.851863333506559295e+00 1.874984699071283289e+00 1.888866450860656965e+00 1.906825862231229962e+00 1.922066052332892960e+00 1.933807773097284244e+00 1.996551087126151369e+00 2.010703505996598306e+00 2.032283698330530353e+00 2.069474196202969463e+00 2.104565050251632652e+00 2.123919904115600499e+00 2.149215079697154529e+00 2.168982265130233955e+00 2.182935151525106754e+00 2.206858608482866746e+00 2.225125816237520926e+00 2.237471136608604638e+00 2.263172639258670849e+00 2.286243892935388988e+00 2.302001007087467688e+00 2.321741378961593938e+00 2.353690439192539063e+00 2.367557019304877386e+00 2.393501570106140175e+00 2.404280027425639954e+00 2.418313864474853858e+00 2.448998253481420750e+00 2.491857294833322634e+00 2.523133214179561712e+00 2.548190319630889267e+00 2.679600736801288630e+00 2.935035944687416354e+00 2.999832040492574237e+00 3.049787452434455925e+00 3.062993671462456380e+00 3.066500426551393765e+00 3.137317704816370068e+00 3.342316654508887375e+00 3.426468505684921340e+00
4.421763011503119789e-01 4.693233090734826862e-01 4.823009350903164627e-01 4.958464556152394898e-01 5.145760676301893710e-01 5.267251641720176458e-01 5.458719657006013692e-01 5.614214897810659854e-01 5.892460550939132569e-01 5.971522267248760008e-01 6.147381807994871661e-01 6.235361906161807077e-01 6.375274006632627444e-01 6.679678921479630382e-01 6.769168132751237632e-01 6.928279165220488922e-01 7.203957178370143932e-01 7.474784904821513143e-01 7.561391784015034645e-01 7.761450974267942726e-01 7.926052260565020768e-01 8.099846624191063826e-01 8.193371302675735990e-01 8.238648949305398261e-01 8.327891011813287614e-01 8.497397799134410734e-01 8.617516661792239407e-01 8.664515063878426293e-01 8.833403558465099392e-01 9.097405346463810494e-01 9.297789447380996330e-01 9.498334224525531999e-01 9.550193478702280192e-01 9.714418730400324886e-01 9.887840752869306860e-01 9.987370825563003374e-01 1.016167980306268648e+00 1.029598000020589987e+00 1.058908773098102163e+00 1.066730465675308714e+00 1.079227661894516688e+00 1.118780716004324605e+00 1.124206204034985612e+00 1.139333729329393918e+00 1.170840983020501103e+00 1.184195999194164184e+00 1.205410181510663037e+00 1.221454179509627647e+00 1.237727029739810858e+00 1.257504016209993969e+00 1.267057772662835813e+00 1.295425355394958622e+00 1.305188563976847460e+00 1.354248752120253529e+00 1.381588624789199971e+00 1.395337969034241565e+00 1.410665938899630323e+00 1.424485761054698152e+00 1.443859201290548899e+00 1.447872792665810593e+00 1.460668028703685950e+00 1.482061640181528972e+00 1.505123571718667286e+00 1.518822735967165549e+00 1.530329020630175396e+00 1.542590031129802863e+00 1.559133928994707929e+00 1.563562343823492240e+00 1.585840703179459465e+00 1.589541509025361510e+00 1.598963256537510480e+00 1.623796549628804042e+00 1.635853901557783097e+00 1.651393772845079155e+00 1.678285233158413048e+00 1.737968023982449761e+00 1.770526058265583735e+00 1.783421567244941386e+00 1.806525824709118266e+00 1.821381951532632382e+00 1.839534561327903717e+00 1.866139983634980570e+00 1.878587250002633269e+00 1.894688050051119399e+00 1.920704733004845455e+00 1.932797336100823271e+00 1.997801747237411218e+00 2.005840837624043971e+00 2.026187137070249999e+00 2.066207709647773338e+00 2.093761876119951904e+00 2.127443998832546868e+00 2.149210844921697117e+00 2.176196312210300743e+00 2.199083599159467717e+00 2.206910184751968096e+00 2.218523793964077839e+00 2.253008060851083627e+00 2.273974936342068265e+00 2.292709241681504473e+00 2.307663916046661434e+00 2.323823570559095053e+00 2.335246734001128477e+00 2.364192623437828988e+00 2.376825969556580986e+00 2.398687503577102476e+00 2.421433625810177848e+00 2.435987648317930798e+00 2.459432811893907278e+00 2.491188314559654504e+00 2.528431220921101730e+00 2.662081517259965224e+00 2.921381671642000910e+00 2.988597016238842663e+00 3.041678127947079258e+00 3.051956280175846636e+00 3.062608243268083008e+00 3.124732656881200388e+00 3.330796908075836171e+00 3.418395218303266425e+00
4.792187014790268984e-01 5.059668007877768936e-01 5.226717926396188263e-01 5.363496994184455691e-01 5.513422112553096888e-01 5.673757606367600959e-01 5.772362347309702990e-01 5.989512598103441388e-01 6.210326807671018301e-01 6.243133623029195611e-01 6.370552205238965149e-01 6.470922042708325828e-01 6.611092924675905369e-01 6.920423625016213220e-01 7.053898415608200745e-01 7.111261378271656053e-01 7.487569674559798605e-01 7.797905058604861495e-01 7.916321042958753829e-01 8.052301270444525150e-01 8.162833906266890871e-01 8.303490149922387875e-01 8.405129122039964873e-01 8.589905242824580345e-01 8.698583213773886103e-01 8.740824574884794584e-01 8.840088800196920227e-01 8.973245848829969340e-01 9.138982159501923830e-01 9.406766057874644815e-01 9.447667083845182612e-01 9.716791458326299313e-01 9.828988713614039696e-01 9.883945325984423436e-01 1.002326553554563793e+00 1.013511343144596122e+00 1.040937401524200778e+00 1.048934885296408215e+00 1.072951498927845027e+00 1.083092518973847396e+00 1.092201889131080517e+00 1.128300214353050945e+00 1.135269850081575216e+00 1.139105930988084880e+00 1.174956250171084848e+00 1.185438462938560589e+00 1.205141364984329222e+00 1.217251545624415954e+00 1.236717115701818637e+00 1.256540561317393001e+00 1.271811701946895079e+00 1.295331670154970416e+00 1.305957546372695566e+00 1.356240629765658623e+00 1.384885289474250047e+00 1.400543315443621761e+00 1.410490847274596282e+00 1.422533016584608401e+00 1.453070058054623193e+00 1.455101580748326739e+00 1.460864494095098776e+00 1.484968431922227827e+00 1.499189589388394639e+00 1.521712236030945187e+00 1.529387152665884653e+00 1.536893661880289752e+00 1.550047645304720056e+00 1.564777949267714963e+00 1.579074957206526353e+00 1.586185548570715920e+00 1.594227487500670337e+00 1.616674180541869843e+00 1.627171840767462685e+00 1.640098365672251424e+00 1.659787644380165794e+00 1.739894415408349770e+00 1.760139864683221811e+00 1.773436632682104053e+00 1.794277814286572292e+00 1.809728895446022889e+00 1.833705878531197708e+00 1.854661148590808217e+00 1.867309929674365154e+00 1.879769404572605218e+00 1.919644224483859185e+00 1.931166171622636929e+00 1.987090623507493214e+00 1.997174173700562827e+00 2.016462015393993834e+00 2.058583567605186904e+00 2.078274272452856675e+00 2.119862749264599611e+00 2.141737140849525378e+00 2.162784542037117230e+00 2.189213584377463384e+00 2.202586021087091783e+00 2.229667208188529148e+00 2.253183143712061298e+00 2.272923309085336019e+00 2.290833753780757931e+00 2.299978944311223295e+00 2.314187633579492864e+00 2.350854045958426841e+00 2.358065035798097675e+00 2.368353067334365125e+00 2.390936326450557203e+00 2.405220489175873944e+00 2.427858464165034480e+00 2.460780276909769526e+00 2.495862673407775567e+00 2.534326520983444908e+00 2.649375990665929326e+00 2.909860729663600765e+00 2.977996463705576691e+00 3.034662989370117359e+00 3.039922786009944033e+00 3.063372928232384051e+00 3.117204094101154954e+00 3.320849830395932401e+00 3.410956690790986734e+00
5.074187925632174245e-01 5.293462493080622888e-01 5.540255878479857232e-01 5.727461221585625761e-01 5.850992150094798117e-01 5.994177926209770524e-01 6.038101359866848705e-01 6.285472830535285826e-01 6.376923029489881545e-01 6.432843292293403126e-01 6.620997255685647787e-01 6.680678605020157201e-01 6.773161679264582125e-01 7.113978771008108160e-01 7.221255229124247110e-01 7.322333874189251857e-01 7.680909275060908703e-01 7.946582169158890041e-01 8.035709480801224158e-01 8.166048939749123159e-01 8.365742377033458244e-01 8.436590799014056508e-01 8.642205203561688087e-01 8.772481765505339979e-01 8.921848800965702653e-01 8.993301617714672958e-01 9.205893446009596470e-01 9.375432201072984029e-01 9.503446523010792291e-01 9.640413211028870943e-01 9.809386635783617914e-01 9.981445811972462501e-01 1.002975826174063556e+00 1.010936652788622325e+00 1.024247249920440694e+00 1.028281883295570687e+00 1.068324309714540066e+00 1.072027624900304010e+00 1.094526178953151296e+00 1.100150170383143999e+00 1.104118812646817771e+00 1.133978783925918110e+00 1.143508789079150434e+00 1.164938338133525209e+00 1.174693339453450447e+00 1.193064559344865438e+00 1.208995356041818070e+00 1.214850319891187302e+00 1.234187785573316098e+00 1.257780175338899298e+00 1.283162850029736957e+00 1.295281804213985755e+00 1.308260455781951714e+00 1.356544758008081164e+00 1.385684022076642208e+00 1.402360379109152344e+00 1.412708623669507446e+00 1.423861679424136550e+00 1.446553041079867485e+00 1.460168038829843695e+00 1.476414511376193728e+00 1.485591962782716768e+00 1.494411160415147100e+00 1.516297205458660979e+00 1.524333934754917852e+00 1.534212540510455858e+00 1.545017104050394163e+00 1.564299835064833388e+00 1.572304867779915183e+00 1.577193437165467893e+00 1.597120137570425591e+00 1.606450034002556260e+00 1.615649488107055332e+00 1.627074519183552725e+00 1.639084572305127274e+00 1.732607720124204054e+00 1.745234673554986404e+00 1.766615219667434955e+00 1.787080517761312271e+00 1.796230236601640717e+00 1.827260090757971911e+00 1.840613055328837344e+00 1.855318256342452177e+00 1.866317238962464264e+00 1.917664921566539338e+00 1.927400906212227927e+00 1.968096854453345701e+00 1.983799933282855310e+00 2.003210054191915113e+00 2.046311380807277924e+00 2.059995983955354326e+00 2.103995885335878668e+00 2.127744540589912248e+00 2.145930286850656454e+00 2.169280925763668932e+00 2.186431769481125720e+00 2.230321964295010506e+00 2.241152285937182853e+00 2.259722723115519916e+00 2.283409035807277387e+00 2.291636587593880670e+00 2.305818294870545682e+00 2.332429917861077673e+00 2.362512086288425461e+00 2.376234964931176918e+00 2.383913230198583033e+00 2.411220705036634993e+00 2.441261571211347903e+00 2.481104569297247320e+00 2.518484870074543469e+00 2.554852510903832918e+00 2.642862606358801436e+00 2.900693111254653900e+00 2.968547143957092960e+00 3.027384393183385036e+00 3.030034621824239771e+00 3.066881718732911821e+00 3.114612402999588081e+00 3.312502722669315780e+00 3.404191527560858077e+00
5.284037000908177184e-01 5.479741749308949528e-01 5.806878763823714040e-01 6.017455892544296692e-01 6.139659460566332383e-01 6.225529000219500730e-01 6.260320792241946819e-01 6.466761814588519730e-01 6.510819293462799529e-01 6.564072528877070711e-01 6.798243413475754116e-01 6.911426888090259624e-01 6.973312278503988049e-01 7.235427873773547791e-01 7.383173493797964282e-01 7.488601197757223105e-01 7.823439508039706780e-01 7.924133310010812448e-01 8.144158417974614039e-01 8.191350065499908295e-01 8.363508294978392321e-01 8.546519802997395443e-01 8.770695008039868235e-01 8.917370988989351543e-01 9.142777110614050962e-01 9.248573017835964860e-01 9.470478031060293178e-01 9.554485173719665658e-01 9.654525047448037078e-01 9.935620054808244062e-01 1.007192330252312029e+00 1.016824741018020228e+00 1.032446095313951151e+00 1.036126636175048965e+00 1.046509274002625833e+00 1.058860824753351748e+00 1.080293835099769950e+00 1.100084456770762387e+00 1.105622295823989187e+00 1.117138507964047900e+00 1.122785602171231689e+00 1.155977190141748379e+00 1.163339559144462632e+00 1.176416152051567687e+00 1.187181535970348145e+00 1.198286351152922258e+00 1.213583420177640981e+00 1.225257886856734091e+00 1.239924673020766921e+00 1.266337307294911785e+00 1.289754141375863528e+00 1.301540343405648059e+00 1.312026405465448242e+00 1.359613247321455720e+00 1.384623973792463048e+00 1.401032312530289925e+00 1.417204977382292119e+00 1.424664095622857340e+00 1.443652689357309615e+00 1.463934995694687435e+00 1.477173561013677139e+00 1.485994544404399376e+00 1.499792646544440888e+00 1.504303409983423157e+00 1.519568756560459644e+00 1.528781414204577027e+00 1.541185939131686888e+00 1.560940728123152432e+00 1.565739457528014134e+00 1.575209749697467965e+00 1.593987965775966797e+00 1.597332913355729911e+00 1.603510249761125994e+00 1.615114513035066590e+00 1.625380401107928918e+00 1.716330226219636490e+00 1.728442931342660138e+00 1.757253024342961156e+00 1.778306347136564547e+00 1.793518515990669249e+00 1.813524228924142223e+00 1.826932383623213418e+00 1.843890398049071067e+00 1.855035936243794259e+00 1.914311216300620622e+00 1.921327707783369032e+00 1.944864810496763186e+00 1.966133025981455784e+00 1.986325474091550136e+00 2.025790205318017900e+00 2.040870612100475601e+00 2.075086912413410811e+00 2.110717838914855538e+00 2.132495826953207718e+00 2.149634500145936489e+00 2.161454211204760778e+00 2.216271463136246567e+00 2.233090229224572898e+00 2.247950576786716059e+00 2.259629001618288058e+00 2.269654665096550339e+00 2.296856732930583789e+00 2.333216034067759903e+00 2.369664675528361464e+00 2.395131533321348094e+00 2.403879468578870693e+00 2.429689567238155767e+00 2.453798308065102685e+00 2.507077508844485436e+00 2.543542275114393458e+00 2.576515453192327776e+00 2.644579656501810039e+00 2.893932255104677331e+00 2.960686676588731192e+00 3.016568698615022193e+00 3.026245599574678646e+00 3.072059985880361666e+00 3.115676709545560197e+00 3.305529482757215476e+00 3.398032023346317043e+00
5.431418580082800762e-01 5.650734915893503851e-01 6.024878635368495772e-01 6.198281564675864885e-01 6.309886086994755949e-01 6.396423422447079510e-01 6.454561641624323443e-01 6.588107414254519290e-01 6.600751461786941165e-01 6.751096731610051194e-01 6.922533991319678170e-01 7.062762618024515104e-01 7.254946620435259730e-01 7.320313402632169231e-01 7.529578912341613472e-01 7.610638118888385373e-01 7.849685065686752283e-01 7.954822110371141397e-01 8.137612009104914224e-01 8.242479729839106151e-01 8.331462758658589873e-01 8.593018925093022231e-01 8.850431620883481010e-01 8.995373228307935731e-01 9.310866356101241692e-01 9.402732094890301484e-01 9.581630177608864152e-01 9.640060283739791958e-01 9.739969357423906571e-01 1.016002113143034125e+00 1.018987512234855064e+00 1.040967523108639936e+00 1.043794228836811611e+00 1.056235318909218845e+00 1.067132477619060493e+00 1.082943890193055259e+00 1.092215725950384853e+00 1.107153699040564598e+00 1.120798886153760332e+00 1.128538930790662809e+00 1.162736436083561253e+00 1.165761846701081739e+00 1.182148767014880253e+00 1.189050884056623625e+00 1.195858577137637990e+00 1.218504126466439574e+00 1.223257697771497510e+00 1.232735881797336619e+00 1.262854742279439169e+00 1.281472889306973117e+00 1.289896077289663934e+00 1.310849204778467669e+00 1.322320924260169450e+00 1.367857963291418510e+00 1.381553035276674946e+00 1.398153917971395321e+00 1.420979056327775547e+00 1.425055955443064404e+00 1.445220824525577541e+00 1.464623798846764524e+00 1.470976654164634967e+00 1.480527529878793436e+00 1.494886864385901459e+00 1.502903592582987891e+00 1.510645711457896390e+00 1.529589524786620247e+00 1.535941989446455436e+00 1.554485253781687115e+00 1.564475723284017850e+00 1.572148441738896452e+00 1.580803321567479491e+00 1.590374331395007168e+00 1.593545657223967460e+00 1.616463766587788564e+00 1.621419914507757243e+00 1.695643200577915399e+00 1.711380592451025029e+00 1.740723908759660654e+00 1.773251754139366643e+00 1.783334240142497196e+00 1.806549515911676229e+00 1.813478442947082936e+00 1.833820080019598731e+00 1.844118013203444040e+00 1.907516686233974079e+00 1.914015363249899737e+00 1.921368556327711197e+00 1.946458778298763015e+00 1.966412518150628896e+00 1.997132993796685740e+00 2.018470199881658100e+00 2.043111585170055200e+00 2.082317328224478459e+00 2.107680279885865815e+00 2.136014830625528216e+00 2.147896455447054986e+00 2.207365362398939101e+00 2.222573395997245793e+00 2.234978823283983562e+00 2.249334706931127581e+00 2.257558051316587377e+00 2.278515114435705868e+00 2.359923523990850480e+00 2.382505734271679554e+00 2.416488135631727818e+00 2.424243143473375106e+00 2.450234128022928726e+00 2.464932841287246212e+00 2.531309194034840004e+00 2.568466164485838643e+00 2.591774920537365912e+00 2.655269561681382839e+00 2.889589075988649558e+00 2.954757468045873914e+00 3.006985341056492622e+00 3.024115664325686570e+00 3.077741467632776562e+00 3.118483288084573868e+00 3.299490481652005425e+00 3.392317778017398755e+00
5.533375573165895123e-01 5.804497679716974501e-01 6.177135767916456244e-01 6.226954180733448307e-01 6.378032904009404147e-01 6.517420161579015048e-01 6.624477449798350515e-01 6.653957135698416181e-01 6.762630311483633916e-01 6.926652931576199324e-01 7.011736078401016314e-01 7.198200516365438340e-01 7.410159988199240821e-01 7.486714581540531155e-01 7.583675082618385188e-01 7.731677975227958521e-01 7.805089184477955744e-01 8.051688597039524664e-01 8.113896997718954562e-01 8.257951855791276774e-01 8.330612924426245014e-01 8.631362048015887023e-01 8.898692229147442401e-01 9.037266659726781448e-01 9.375377171424518208e-01 9.440811407573203029e-01 9.617307622653388233e-01 9.685811024758456123e-01 9.838378726788590267e-01 1.023254697376354994e+00 1.035287612693286396e+00 1.042537514209023852e+00 1.056870993856737106e+00 1.066972814156885718e+00 1.080708277558601882e+00 1.097993832290959482e+00 1.105893418519164895e+00 1.112938953988847013e+00 1.131664727604255072e+00 1.136491912988076169e+00 1.166048281386554475e+00 1.181613722350268292e+00 1.194523921493645835e+00 1.205412713936671709e+00 1.215169713721018008e+00 1.233343820863121998e+00 1.244629697126498513e+00 1.252942580307461196e+00 1.280523110765588335e+00 1.283429876280654636e+00 1.304880462583068779e+00 1.318028219874081142e+00 1.337333149065653481e+00 1.375521993651423136e+00 1.377760408499625111e+00 1.395451307365535021e+00 1.416398035462075544e+00 1.430784505389434136e+00 1.446924193862623831e+00 1.455749543019618120e+00 1.466887196568636309e+00 1.477416685751392622e+00 1.481240303204564013e+00 1.493123179327072947e+00 1.516083925882314221e+00 1.518739904984139022e+00 1.535916523396586797e+00 1.549890812960184716e+00 1.563091952647684968e+00 1.567337916290342248e+00 1.570222975824364653e+00 1.586795461994746193e+00 1.596492502438205952e+00 1.614525628573250993e+00 1.629679807202368158e+00 1.674247096950183256e+00 1.695730331102618393e+00 1.720984808467114213e+00 1.758635976290881864e+00 1.772031056789796111e+00 1.798986056403204525e+00 1.810631831865150865e+00 1.824497183986256266e+00 1.832495483284755977e+00 1.891771859325596106e+00 1.902559351814601785e+00 1.908636332685791581e+00 1.926780511727346434e+00 1.945996938820496069e+00 1.965761940295419841e+00 1.987429478746694400e+00 2.018252816559965357e+00 2.044664578558831547e+00 2.074896307749788171e+00 2.123443160164451449e+00 2.154038078314102211e+00 2.193800929946398970e+00 2.211165028013305278e+00 2.239439646248829074e+00 2.250837825934547620e+00 2.261101129804084398e+00 2.272745612181851893e+00 2.385738583636639820e+00 2.395023021101084559e+00 2.436080050923326912e+00 2.442867182671286663e+00 2.465195101979135828e+00 2.482437465531355691e+00 2.552010095307738702e+00 2.590441645514689473e+00 2.603396077739533965e+00 2.670652940693868160e+00 2.887702298233920217e+00 2.951020631608303635e+00 2.999399495256710235e+00 3.022907950243824082e+00 3.082711158287353648e+00 3.121049792814990731e+00 3.293822808822547632e+00 3.386840408916906409e+00
5.603899973358472675e-01 5.930110630265444938e-01 6.120355830247604656e-01 6.299434541418013067e-01 6.401610368595777034e-01 6.581830682649879583e-01 6.670613211665827880e-01 6.743437397892843022e-01 6.929361254098259648e-01 7.019764709934794844e-01 7.144353626058445039e-01 7.260874234346933465e-01 7.451506569266062030e-01 7.574317536989435551e-01 7.636712580509754655e-01 7.805865937604996585e-01 7.890818152050776968e-01 8.081051982132607669e-01 8.204738358945267152e-01 8.264729784452803374e-01 8.365472198604794185e-01 8.665954700107655340e-01 8.936015703896489359e-01 9.057161246931355603e-01 9.359013153796208462e-01 9.430010400759157863e-01 9.620541389355118378e-01 9.683669535420585950e-01 9.953557438970755955e-01 1.023733919722260577e+00 1.037046581439140747e+00 1.044574533609655020e+00 1.066082976735486243e+00 1.076358703352014334e+00 1.086347088386637738e+00 1.094848120360971233e+00 1.118644803287609735e+00 1.125307793165321923e+00 1.139138481117038193e+00 1.144983187420867132e+00 1.163101499745759826e+00 1.177853798693874632e+00 1.211431318151829695e+00 1.214034232172199301e+00 1.231708083796525299e+00 1.248142864746470959e+00 1.267037820242001178e+00 1.275322695693343222e+00 1.284450015331160433e+00 1.298822994147265986e+00 1.313018687924902173e+00 1.327060703614535431e+00 1.349244539928848852e+00 1.367898733513940757e+00 1.383183748575216088e+00 1.395175041799398441e+00 1.411646485636745219e+00 1.428821839708454000e+00 1.433422760327453638e+00 1.445657835339101416e+00 1.461149331760861036e+00 1.472989333671529177e+00 1.477858832304215664e+00 1.490872407503970098e+00 1.505069056012318995e+00 1.519307834914785049e+00 1.534214123388955908e+00 1.539045717552224746e+00 1.558441800902950147e+00 1.563476625144351484e+00 1.581711742645162566e+00 1.585952300148701033e+00 1.600404505026026936e+00 1.614199532438917117e+00 1.637985569239166717e+00 1.658520743300222478e+00 1.682907857032585053e+00 1.702039983738751205e+00 1.734624394752503074e+00 1.767034257880740533e+00 1.786118964926389552e+00 1.811585255485085311e+00 1.814619478003538289e+00 1.823369610472333147e+00 1.871983850917894321e+00 1.890346121989440187e+00 1.898573188788137633e+00 1.909382011711872051e+00 1.927666456641752513e+00 1.936370286802444385e+00 1.957744288888933148e+00 1.990855245552885622e+00 2.011278055599761583e+00 2.051011861500724898e+00 2.114767789471700077e+00 2.144841619035612545e+00 2.191170402078337798e+00 2.220705001322950789e+00 2.248947038830852119e+00 2.256200718564410401e+00 2.266832704708741986e+00 2.285752582408540956e+00 2.399955904661166706e+00 2.412193026305146315e+00 2.451521531275469012e+00 2.459226761054519983e+00 2.477714181135494353e+00 2.505926143396588923e+00 2.569377263634114783e+00 2.604729786221597454e+00 2.619697237646162691e+00 2.685455358886344346e+00 2.888365796472429192e+00 2.949668384421239686e+00 2.994191155865600251e+00 3.022125976737165765e+00 3.085873498806421367e+00 3.121702323038583415e+00 3.287975560800336705e+00 3.381418143863187620e+00
5.648959060037809232e-01 5.955569507664977280e-01 6.050522816810576243e-01 6.295357459490861229e-01 6.426589861341492904e-01 6.588485949717044488e-01 6.686277447051042211e-01 6.796481059550792958e-01 6.987380414423326469e-01 7.066662727005419420e-01 7.233821602588491606e-01 7.315364099984071888e-01 7.401865476209386063e-01 7.568549622162222823e-01 7.739981708318052211e-01 7.867181474433919686e-01 8.023456562042461382e-01 8.207652177149539208e-01 8.257354952113855617e-01 8.333915717258685296e-01 8.454586389342371167e-01 8.694289752722416109e-01 8.957363326934837389e-01 9.065325672928521428e-01 9.316380121198356568e-01 9.398552345849854328e-01 9.618304708753852017e-01 9.680833146900299502e-01 9.956375236040638788e-01 1.025396103002438108e+00 1.038317253623322056e+00 1.040980607353653609e+00 1.069344786731742936e+00 1.075267353361526457e+00 1.088770312002978358e+00 1.096186226329696201e+00 1.125232607186984257e+00 1.133271190684359331e+00 1.145401993707530153e+00 1.148267821267848543e+00 1.162745739211240137e+00 1.179553388161464822e+00 1.211016301115730665e+00 1.228674996896814697e+00 1.242707689984455355e+00 1.254636105173689398e+00 1.275421588766001646e+00 1.287543656229861666e+00 1.303361902693405572e+00 1.311106632601271249e+00 1.317255782020189558e+00 1.335200652334133986e+00 1.352600658575970449e+00 1.357020279333274626e+00 1.387586320445846511e+00 1.395721092297753207e+00 1.405122540166070522e+00 1.411085993224448609e+00 1.425278769800273571e+00 1.440881218171169875e+00 1.447085134872708956e+00 1.458787461583113565e+00 1.484437626223064965e+00 1.491637335728157376e+00 1.499491796992632464e+00 1.517421918141181658e+00 1.524596296775968307e+00 1.538413699911492794e+00 1.555211428689972308e+00 1.560440927835226255e+00 1.584688436215603957e+00 1.596417604263197232e+00 1.602756497245324319e+00 1.612747403473224539e+00 1.642623574804235487e+00 1.654021039984070907e+00 1.674298890723366018e+00 1.687806681636126349e+00 1.714310650984224971e+00 1.754270136731913787e+00 1.779384779982341458e+00 1.800413026927528914e+00 1.806154905903764041e+00 1.823354722185326571e+00 1.854561174393769996e+00 1.875853787778432036e+00 1.884187184409198412e+00 1.895706960367576688e+00 1.909939834425395722e+00 1.916022960204006642e+00 1.936990543066317239e+00 1.959374585031080640e+00 1.990626266945563438e+00 2.034917172661462548e+00 2.107974193985485467e+00 2.125429110914997644e+00 2.206899848294670896e+00 2.232708940957798927e+00 2.261530325179819112e+00 2.266661261332023170e+00 2.277138502706365308e+00 2.306713157146002224e+00 2.402354477255054022e+00 2.432241262987949959e+00 2.464366187572364364e+00 2.473213500077642735e+00 2.491413018714868421e+00 2.530346926435765642e+00 2.584035792212463711e+00 2.615487792343889506e+00 2.638452459958556151e+00 2.697303299017519862e+00 2.891743722424029439e+00 2.950805811186429040e+00 2.991555917859561209e+00 3.021458498628136535e+00 3.086434445944487681e+00 3.119279669064891625e+00 3.281571155792337713e+00 3.375983094371507676e+00
5.655961904407781349e-01 5.805289715121261240e-01 6.094966183847742025e-01 6.242106682424789499e-01 6.425692557840928520e-01 6.537658344473342709e-01 6.699547421134046665e-01 6.798921655173494338e-01 6.943975034430005522e-01 7.086225046197005550e-01 7.215712968358115598e-01 7.297325743436671175e-01 7.467223932330200320e-01 7.558563243219060812e-01 7.848318315579289051e-01 7.924036635879507795e-01 8.158472379365213634e-01 8.277208855886453165e-01 8.383861203753324443e-01 8.469151690542633393e-01 8.581231080258946431e-01 8.718465618838969755e-01 8.956076478601094903e-01 9.071381951920121089e-01 9.268941009081108628e-01 9.362334918440687881e-01 9.618216494984901388e-01 9.692516412928950942e-01 9.860606099990849582e-01 1.026552350671394054e+00 1.036003390443021477e+00 1.041397066216474654e+00 1.061191014723144921e+00 1.069055081118401196e+00 1.090080879859034013e+00 1.104065028580555552e+00 1.123816299834889954e+00 1.134628381056362434e+00 1.149592617793538718e+00 1.152621849624223094e+00 1.165427701279722061e+00 1.185075008796610652e+00 1.209205830620510014e+00 1.236871497028983580e+00 1.247863588499912302e+00 1.260692260070232162e+00 1.275937378769489206e+00 1.290494912164298125e+00 1.312627301910292310e+00 1.314510376929718394e+00 1.327307696838010864e+00 1.336923265095206315e+00 1.344064025539635887e+00 1.360791490328887798e+00 1.377942214868238979e+00 1.391163027229094240e+00 1.399254842787015507e+00 1.406549873526277805e+00 1.416078780251081026e+00 1.433589580162271782e+00 1.440255124194775860e+00 1.451030424252481410e+00 1.479716130464456603e+00 1.489935862067861327e+00 1.495020770596047210e+00 1.514762864034522316e+00 1.521241987481874780e+00 1.534534984879574626e+00 1.553191433380621600e+00 1.562140161651745629e+00 1.583955610852207041e+00 1.594672306988989652e+00 1.609679219696788177e+00 1.617553864981100542e+00 1.643827862721822797e+00 1.651269582890253718e+00 1.670752642476774907e+00 1.683073918260729718e+00 1.700802147162735478e+00 1.737542067779899613e+00 1.775521818998158308e+00 1.786236305945703817e+00 1.800174187806152792e+00 1.824597296900882126e+00 1.839905342001667332e+00 1.857850569525039575e+00 1.871516940617905966e+00 1.880902542088737306e+00 1.895634341702474135e+00 1.905947572952380042e+00 1.922450626560963993e+00 1.935956026683411046e+00 1.978170771390719063e+00 2.023216229008940381e+00 2.099570958986908931e+00 2.112869582531168078e+00 2.224976569619253830e+00 2.244272247569947254e+00 2.275568395826612189e+00 2.279773732799950103e+00 2.291517327448727936e+00 2.328760110834469099e+00 2.400162745145013599e+00 2.449088393780848527e+00 2.475136257199444412e+00 2.486420422334449931e+00 2.504323782041175228e+00 2.553069325952957325e+00 2.596563850687568120e+00 2.626882218481884301e+00 2.655561555916498673e+00 2.705690218728862728e+00 2.897985318861277637e+00 2.954379309232167294e+00 2.991438101092065427e+00 3.020893487421898893e+00 3.084063366642536774e+00 3.113245019977584072e+00 3.274564969166339878e+00 3.370650076609291279e+00
5.532041337918736090e-01 5.748028547419907763e-01 6.091801556260932893e-01 6.198490518238749525e-01 6.368263523083774746e-01 6.470589640927727482e-01 6.675269054322247042e-01 6.763970112681130242e-01 6.904559229254564334e-01 7.075809103856501858e-01 7.190998520109339598e-01 7.278520628637099588e-01 7.448167369023259710e-01 7.588576990834986491e-01 7.978130696764683671e-01 8.028775061482118502e-01 8.178161534780826747e-01 8.423567034376587825e-01 8.502975070687971426e-01 8.607734819302190754e-01 8.723978387468394047e-01 8.749733495432214792e-01 8.940534582321236767e-01 9.094009375343509172e-01 9.226691733483338709e-01 9.330253516476925135e-01 9.548385309938111076e-01 9.733911091753406630e-01 9.812307130138059330e-01 1.012856121875849169e+00 1.036497956203659809e+00 1.042864453155041060e+00 1.052319788984976023e+00 1.064063350958392107e+00 1.093853268919611876e+00 1.100165756160583763e+00 1.122645043211823790e+00 1.137982259689035880e+00 1.150049434615878274e+00 1.156871848073001807e+00 1.168134786348784981e+00 1.191429406524347145e+00 1.208359093486766955e+00 1.237150328145991240e+00 1.249182635049367329e+00 1.266319112846146622e+00 1.270330425819258924e+00 1.291859360521231626e+00 1.305806538376844683e+00 1.316720961027336934e+00 1.325254137487141159e+00 1.336172060262220018e+00 1.348419355717479728e+00 1.360881459203744370e+00 1.366211420498316675e+00 1.384108631195102301e+00 1.397572593892124404e+00 1.402337990839322091e+00 1.411903296358828497e+00 1.428997624838860503e+00 1.436796550876635381e+00 1.449253141619603502e+00 1.470825865756894224e+00 1.485430966464913460e+00 1.491101033777956442e+00 1.511325011686794673e+00 1.518895117993841248e+00 1.532456770231640508e+00 1.553532713270610710e+00 1.563908182637825606e+00 1.582440211751026116e+00 1.589830106651297426e+00 1.612294872453172490e+00 1.624367760862239773e+00 1.640426771519962523e+00 1.651212494149109089e+00 1.670834816576202808e+00 1.684841086075438588e+00 1.694100980659700051e+00 1.722516373132979783e+00 1.770904948678743818e+00 1.775293686529831216e+00 1.795665771473831773e+00 1.820539078456070881e+00 1.832025390928473385e+00 1.842636813576006949e+00 1.859925638559484229e+00 1.869111293590250744e+00 1.884423268826389108e+00 1.898418001329530425e+00 1.910282637691560259e+00 1.925577924267452001e+00 1.972297332989171981e+00 2.013763682613470163e+00 2.089293823921954285e+00 2.108622151886208940e+00 2.241470904716933443e+00 2.254723701598345009e+00 2.287924673284543964e+00 2.294329158507709909e+00 2.305383565015548530e+00 2.348298252847580869e+00 2.396489097753430997e+00 2.462277111451505185e+00 2.481911460707964867e+00 2.500992239290812158e+00 2.514475778939776696e+00 2.571952692071601820e+00 2.607214351081238668e+00 2.639071868710436863e+00 2.669520909512868467e+00 2.710870444623206588e+00 2.906817369240307425e+00 2.960024530076496685e+00 2.993360720953010201e+00 3.020821528669853429e+00 3.079052475180966031e+00 3.103809981635558213e+00 3.267365925871893229e+00 3.365733515107023788e+00
5.355970557444188485e-01 5.756034806015076777e-01 6.037241811453539775e-01 6.164753446616347832e-01 6.297055110158412683e-01 6.404441479816269656e-01 6.634002586572507187e-01 6.711558169727454004e-01 6.890079105080514354e-01 7.072801659328386004e-01 7.195378508219787417e-01 7.241495104425361706e-01 7.405109719292256587e-01 7.611356230412420487e-01 8.044638680705730183e-01 8.171593505072951569e-01 8.228434073774196778e-01 8.524936761789452255e-01 8.593069776251737180e-01 8.700511229743304042e-01 8.793480147429468818e-01 8.873699079733688988e-01 8.925580024969332893e-01 9.143831121247639748e-01 9.200503594254999529e-01 9.315871359878578062e-01 9.428333876037031658e-01 9.749122347505979613e-01 9.843250003232308920e-01 9.976033433382350823e-01 1.027423331700223486e+00 1.040634805199870616e+00 1.049072140999824931e+00 1.066229583408448978e+00 1.088962933894966234e+00 1.096855674784870560e+00 1.125150966389542262e+00 1.139887661997775137e+00 1.149529921940711352e+00 1.158668307419278065e+00 1.171168396513306176e+00 1.196915148540454554e+00 1.208073109238433140e+00 1.231946492363972911e+00 1.247411615683649444e+00 1.262060699778556172e+00 1.269107858833807834e+00 1.288847583431775856e+00 1.303454219566953176e+00 1.315529809388045646e+00 1.325881393787948115e+00 1.330204699509035748e+00 1.348408105437218563e+00 1.354689959231000662e+00 1.362813057192092225e+00 1.381403411487721833e+00 1.393829705457895196e+00 1.402980825862634617e+00 1.408244110946491823e+00 1.427613809774658460e+00 1.434176053192191880e+00 1.446797589654231331e+00 1.467926818595959748e+00 1.479624543928323988e+00 1.488962406829674956e+00 1.506746537682290832e+00 1.516231612062305834e+00 1.534037377434849025e+00 1.552833187992229913e+00 1.565331124174937472e+00 1.578714481264619440e+00 1.589202604056678014e+00 1.611673020756075880e+00 1.621688416085240059e+00 1.644913698947851666e+00 1.652438332881588812e+00 1.670855785375604752e+00 1.686653506500949362e+00 1.690688123025954726e+00 1.713736603923797563e+00 1.763472418391174745e+00 1.771333795477556317e+00 1.791547689743337557e+00 1.811529201288567981e+00 1.827883057251336485e+00 1.836651430528545959e+00 1.851586598295794195e+00 1.860410698657983364e+00 1.875382575682636999e+00 1.888078065176090670e+00 1.907223992977030047e+00 1.920865633021574537e+00 1.971489326656339580e+00 2.005567194900740535e+00 2.081690688864043626e+00 2.107243453418437884e+00 2.254049046344814844e+00 2.264067471691870725e+00 2.296781765026251865e+00 2.307467747445431261e+00 2.316198676469343187e+00 2.362433255792291131e+00 2.393913165701981871e+00 2.471673235256756751e+00 2.485584600633457431e+00 2.514748852972334969e+00 2.521261837419505270e+00 2.585683970921841546e+00 2.615672987955498741e+00 2.650840474114300349e+00 2.679148249674428328e+00 2.713515969586333121e+00 2.916804842292112010e+00 2.966797915585182910e+00 2.996243812670126516e+00 3.021991696632337909e+00 3.072529124764363573e+00 3.092204586842384639e+00 3.260856579088776019e+00 3.361693292602209393e+00
5.227112786049455950e-01 5.772402072077641444e-01 5.967743346039917629e-01 6.136233936121685550e-01 6.250648661471072121e-01 6.355636150499949233e-01 6.602280652137317851e-01 6.673310458702295112e-01 6.880550406549139630e-01 7.078224521995045704e-01 7.202751774217720504e-01 7.228236134579140160e-01 7.354323771469875037e-01 7.627276056873084631e-01 8.094425024202998031e-01 8.176016740907212643e-01 8.391029677665436948e-01 8.572765067220812218e-01 8.641470956219813315e-01 8.718062780664601608e-01 8.858902228563746428e-01 8.931464870428169611e-01 8.975876331050998136e-01 9.138841942758680892e-01 9.231262172595841031e-01 9.324278587975995958e-01 9.360480302627278704e-01 9.735231041228260551e-01 9.816701804731322589e-01 9.909955680057828120e-01 1.015960306649677181e+00 1.037690632103216881e+00 1.055180522253224229e+00 1.063190987265316689e+00 1.079970568962137500e+00 1.099886166836741674e+00 1.126734059504853613e+00 1.140292609640533916e+00 1.148665123215742101e+00 1.159706685070855503e+00 1.173869870831584450e+00 1.200120534084456070e+00 1.207974532592891226e+00 1.225560406509905942e+00 1.244927019718016004e+00 1.256471732011374298e+00 1.263480860168340270e+00 1.292741530527124372e+00 1.305079218346225423e+00 1.315080521981959905e+00 1.322642213728466576e+00 1.326367694868253455e+00 1.342573559143671380e+00 1.351926255978445734e+00 1.361316835440288253e+00 1.381241166206837345e+00 1.390839479873864359e+00 1.403094016032961910e+00 1.409508983250794989e+00 1.421848623967459257e+00 1.435437718534111395e+00 1.444070941574849609e+00 1.468160783818630799e+00 1.478478184713206023e+00 1.485812807297591132e+00 1.503518904235318976e+00 1.514621784463069165e+00 1.535950688114939622e+00 1.551043685956222218e+00 1.566124134261695167e+00 1.576161242350982983e+00 1.590313166136974710e+00 1.608529118730851692e+00 1.619259920443752776e+00 1.649216047571300470e+00 1.654644011428695105e+00 1.670656403642567289e+00 1.682052252009381021e+00 1.692249378142648641e+00 1.711384927292868507e+00 1.758182878616749933e+00 1.770373691155544105e+00 1.787327219199035477e+00 1.805858440922464725e+00 1.821979417668834866e+00 1.838824151306914123e+00 1.846896610767585045e+00 1.854121544449235159e+00 1.868735330245044457e+00 1.881434919377868997e+00 1.907166116070643236e+00 1.918300577287298969e+00 1.973605930199352487e+00 1.998843977732787991e+00 2.077449839168617363e+00 2.106798390057122550e+00 2.261280066163441571e+00 2.271498456166763269e+00 2.301713698546022258e+00 2.315824817197216223e+00 2.323493955998627403e+00 2.369886207352625895e+00 2.393529499840132413e+00 2.476998172372518958e+00 2.487755467817437616e+00 2.522495985321842937e+00 2.526912912796261512e+00 2.593941350216530939e+00 2.621202168408471422e+00 2.659823342157396020e+00 2.684139506931833452e+00 2.714566092393629226e+00 2.925025529186144002e+00 2.972809056059323218e+00 2.998617782362574147e+00 3.024608516800185054e+00 3.066697578987934936e+00 3.081302656234659487e+00 3.256221458330915919e+00 3.359017602145998982e+00
5.180350096924067893e-01 5.783246357840320373e-01 5.932649674325595202e-01 6.128168151948221176e-01 6.231496621340597564e-01 6.339071837392289410e-01 6.590433252860161684e-01 6.660369732598327985e-01 6.876569803272529757e-01 7.080846457277736317e-01 7.203864501656724872e-01 7.231611128193549121e-01 7.330436655941103830e-01 7.632653335925810856e-01 8.112644381932599957e-01 8.176105498153388718e-01 8.470976956244798961e-01 8.583563434894689870e-01 8.653728174826026409e-01 8.705314731535631623e-01 8.894108128107431899e-01 8.953040689903851712e-01 8.987655351270574799e-01 9.126815759384387938e-01 9.226320486655839037e-01 9.353010333101992035e-01 9.367026726653918667e-01 9.704012686978823465e-01 9.767608201942170609e-01 9.955106710729060282e-01 1.006904213841448792e+00 1.040778250279049688e+00 1.057865880509787138e+00 1.059046473593113324e+00 1.076430705642516639e+00 1.101542584172871431e+00 1.127141570120996583e+00 1.140275977400115881e+00 1.148272099134576951e+00 1.160075421989097189e+00 1.175018630759724125e+00 1.200891540409880109e+00 1.208148366802495488e+00 1.222622912157999231e+00 1.243914884494971451e+00 1.253985669293162797e+00 1.261078167981179998e+00 1.295531760198267213e+00 1.306284276065055261e+00 1.315448119703255925e+00 1.319058857457132694e+00 1.326479860424629287e+00 1.338898229141271434e+00 1.351346364055090454e+00 1.360687940727332901e+00 1.380982296869435633e+00 1.390688255660217365e+00 1.402007452268227095e+00 1.413168390950844344e+00 1.416804788789685521e+00 1.437110182681530235e+00 1.442256272277606000e+00 1.468402698966450481e+00 1.480481962396426709e+00 1.482642168543057082e+00 1.502548766980033257e+00 1.514062064018595999e+00 1.536847478783141430e+00 1.549980197105409463e+00 1.566351815370537137e+00 1.575457243029699805e+00 1.591040679209813957e+00 1.606737575677552599e+00 1.618655677943166227e+00 1.650392226011507146e+00 1.655986480866164845e+00 1.670678583784469984e+00 1.679442453301274174e+00 1.693169543856274828e+00 1.711180713348940063e+00 1.756409344515686533e+00 1.770386049602165501e+00 1.785261284872233345e+00 1.804139593481126180e+00 1.819878987099193601e+00 1.840620211533562367e+00 1.845434203556802766e+00 1.851288512652921270e+00 1.866136984208057958e+00 1.879406492258120842e+00 1.907318116173465805e+00 1.917432290319272647e+00 1.975230368761523803e+00 1.995819201125108355e+00 2.076118161927682948e+00 2.106702615559960634e+00 2.263553621317988984e+00 2.274473450423826648e+00 2.303131167788932121e+00 2.318544940880617578e+00 2.326225807626111308e+00 2.371966747107938644e+00 2.393849135438622433e+00 2.478561980552826061e+00 2.488672161629790658e+00 2.523845394586619495e+00 2.530175389303337852e+00 2.596710474139654057e+00 2.623129929548574601e+00 2.663271396591787354e+00 2.685510916454461938e+00 2.714818760599101655e+00 2.928239257778777027e+00 2.975327791725561610e+00 2.999491073221266291e+00 3.026315486749689754e+00 3.064340902392549193e+00 3.076371876891672574e+00 3.254530212807836609e+00 3.358079223947687542e+00
5.180583467155142063e-01 5.782947743273194607e-01 5.932685059349450674e-01 6.127886029545526192e-01 6.231172841656027472e-01 6.339145855952482700e-01 6.590503368818247942e-01 6.660563655530188365e-01 6.876492159993643494e-01 7.080940708775071979e-01 7.203390788443300163e-01 7.232765949175954390e-01 7.330491089222532786e-01 7.632382781500750557e-01 8.112649888592847747e-01 8.176218888523636430e-01 8.470685309969910870e-01 8.583617817722122290e-01 8.653851221393333848e-01 8.705388468102670529e-01 8.893800976705811268e-01 8.953088486779328115e-01 8.987352271539612580e-01 9.126473375749742933e-01 9.226370605505325173e-01 9.352984980100667034e-01 9.367313141726603121e-01 9.703872654732142999e-01 9.767825314410861770e-01 9.955406226890647359e-01 1.006871282952060298e+00 1.040765147243803312e+00 1.057429081773325175e+00 1.059535326197962091e+00 1.076453863914783371e+00 1.101531934565153303e+00 1.127081961520283837e+00 1.140248812834328218e+00 1.148286829397128672e+00 1.160063668543187765e+00 1.174999172845650142e+00 1.200905651505513427e+00 1.208175036240425104e+00 1.222658069794128721e+00 1.243926834718560359e+00 1.253977148400799102e+00 1.261101732053082847e+00 1.295518280856999160e+00 1.306265556337246947e+00 1.315406151162976434e+00 1.319046554719753406e+00 1.326487779583714222e+00 1.338882267728978670e+00 1.351383270208518228e+00 1.360743694035438711e+00 1.380948376628467145e+00 1.390699873501576755e+00 1.401993470809386411e+00 1.413032029637812492e+00 1.416956069156110054e+00 1.437102989603823655e+00 1.442287268153826352e+00 1.468376152770868970e+00 1.480209440163335444e+00 1.482895538054193274e+00 1.502501696184595614e+00 1.514100306920535211e+00 1.536822099631613758e+00 1.550037990444234737e+00 1.566352280162004451e+00 1.575437984340897435e+00 1.591062723733299711e+00 1.606749139531101545e+00 1.618653316830158229e+00 1.650388898013020800e+00 1.655982454075699994e+00 1.670638396140418536e+00 1.679465254048317480e+00 1.693168716816416008e+00 1.711205653032782159e+00 1.756407765600523252e+00 1.770388705997912426e+00 1.785258493882110109e+00 1.804136717289171798e+00 1.819881327680251681e+00 1.840608930410550181e+00 1.845422815882897583e+00 1.851289212448420374e+00 1.866157240983298493e+00 1.879407630229832593e+00 1.907315718935863380e+00 1.917429407917536910e+00 1.975230588954939970e+00 1.995815113485977621e+00 2.076121310688077592e+00 2.106703143777807430e+00 2.263528718649817861e+00 2.274470453042892082e+00 2.303122746387861852e+00 2.318550529134484339e+00 2.326222957894984233e+00 2.371979457444681749e+00 2.393896883994936164e+00 2.478559518868786338e+00 2.488653203980007333e+00 2.523883288350055931e+00 2.530151453331507927e+00 2.596729371663619279e+00 2.623013933805686815e+00 2.663226512484414332e+00 2.685547059897964051e+00 2.714887800263930728e+00 2.928249074244754002e+00 2.975330253064175423e+00 2.999478234524122211e+00 3.026330613105185918e+00 3.064346778384031023e+00 3.076361385633614276e+00 3.254528301452676686e+00 3.358077629872627146e+00
5.195805232987484867e-01 5.762227089312635941e-01 5.924581715203494081e-01 6.117606003162882056e-01 6.220711158933600604e-01 6.350202755365379481e-01 6.592588366001987943e-01 6.667009760748422442e-01 6.870571350560359392e-01 7.083913888734975073e-01 7.186957288249524733e-01 7.271484821350749916e-01 7.332425218190899985e-01 7.616222586082900259e-01 8.114418376327171556e-01 8.186533248708769417e-01 8.474797655857821965e-01 8.597662242088037754e-01 8.653585253308488934e-01 8.709538611943647979e-01 8.896390126970610268e-01 8.951922989252132368e-01 8.987034392033188546e-01 9.111470116806349440e-01 9.212350246617065919e-01 9.348474106822015628e-01 9.372621717470598357e-01 9.670131721917522016e-01 9.770659211602281680e-01 9.968995604706963887e-01 1.006773276139504292e+00 1.040552352187341656e+00 1.055509766701746122e+00 1.063546022760415655e+00 1.077385565245992494e+00 1.101296750794115376e+00 1.125303649314136178e+00 1.139156664015815945e+00 1.147991832344281482e+00 1.160734619611174301e+00 1.173642695382973278e+00 1.200725632372271701e+00 1.209221601275843216e+00 1.224214311306562220e+00 1.245376693639017152e+00 1.254034035877326758e+00 1.261385407109982593e+00 1.293461867006016730e+00 1.306840101057365588e+00 1.312614305647808122e+00 1.319230116463215863e+00 1.327801152020630981e+00 1.338479627693387464e+00 1.352078922446543485e+00 1.360879180808682865e+00 1.379794205381251082e+00 1.392244440488551893e+00 1.402180907766440221e+00 1.411656312633820631e+00 1.419077598979168853e+00 1.436721907950383681e+00 1.442967529373162305e+00 1.467754891380784743e+00 1.475127212699411494e+00 1.486518846721834652e+00 1.500773591627271975e+00 1.515831973783447584e+00 1.536075344034207202e+00 1.551849092405203079e+00 1.566287116032482496e+00 1.574387499202289931e+00 1.592373177091896075e+00 1.607708012035063971e+00 1.618239967161453796e+00 1.650048035527583057e+00 1.656249532848317108e+00 1.669746866838067278e+00 1.679369697981717646e+00 1.693203231760689542e+00 1.712480645920368305e+00 1.756213862020065353e+00 1.770349051385945893e+00 1.785018795826205817e+00 1.803675317163970115e+00 1.820021026552539833e+00 1.840333199979034218e+00 1.844867874783880701e+00 1.851256632463740059e+00 1.867501149458663301e+00 1.879380004512799518e+00 1.907205882460675461e+00 1.917100408030574688e+00 1.975078369495475217e+00 1.995931924915189670e+00 2.076237598357514536e+00 2.106812528908082349e+00 2.261408383322329740e+00 2.275636411460274289e+00 2.303389880897531494e+00 2.318109271908434632e+00 2.325752798732803939e+00 2.373482762151268410e+00 2.396689227226013852e+00 2.477125589105096726e+00 2.488747077830926191e+00 2.525399319499271655e+00 2.528444967313344005e+00 2.598641155053989849e+00 2.618691115154762272e+00 2.659923480131771711e+00 2.688972892279982485e+00 2.715312165417971713e+00 2.928629985902452493e+00 2.975331528707136908e+00 2.999002216854276259e+00 3.027635727482905992e+00 3.064752014388184786e+00 3.075531160360693406e+00 3.254374271991146372e+00 3.358044634987048749e+00
5.227494891571531355e-01 5.720908148751969735e-01 5.905073900329184111e-01 6.092057723796003854e-01 6.209316403241579296e-01 6.375887137589076881e-01 6.594138908490688733e-01 6.675148032369770945e-01 6.859955148283363169e-01 7.089552482886438689e-01 7.183890899080261905e-01 7.311825568374568096e-01 7.346314260065103241e-01 7.578643511385434461e-01 8.125603351943914143e-01 8.204037145524663011e-01 8.488079005950025513e-01 8.621771620547876713e-01 8.657960224759786438e-01 8.716996816405667703e-01 8.895869167921383047e-01 8.950924354166537311e-01 8.993110340355863208e-01 9.074587538042704349e-01 9.190259741409416705e-01 9.343969608125908266e-01 9.379787695166040828e-01 9.588432450116415318e-01 9.781592835311763157e-01 9.995830992775579515e-01 1.006649862811331619e+00 1.040210211485802061e+00 1.054431393516558568e+00 1.068533568678071477e+00 1.079530038940788472e+00 1.100686196194143429e+00 1.121623037518578725e+00 1.137681056788802936e+00 1.146445241138160487e+00 1.162540563439331098e+00 1.171381158835699710e+00 1.199992159205215181e+00 1.211318369438372677e+00 1.226327120518312608e+00 1.249514845546344066e+00 1.254959064772010136e+00 1.261539267548683174e+00 1.288226178473338646e+00 1.305392368934922720e+00 1.310958567036099254e+00 1.319931280335618462e+00 1.329871361452636958e+00 1.337643822849579500e+00 1.351698511335698738e+00 1.361332894080218736e+00 1.378738310874551676e+00 1.394641798991582249e+00 1.402422941146147739e+00 1.411090458168641204e+00 1.421571466566668773e+00 1.436116815010595626e+00 1.444340764804193045e+00 1.464438870211398847e+00 1.471855899607689144e+00 1.487269081852703456e+00 1.499793579411251576e+00 1.518528450503558780e+00 1.534860293408222942e+00 1.555086209706066702e+00 1.566142664856849720e+00 1.572411658659763178e+00 1.594364383298200405e+00 1.610052774414560961e+00 1.617390420351690450e+00 1.649285570176691751e+00 1.656801432014520126e+00 1.668212062338162660e+00 1.678858708028759583e+00 1.693339314880397684e+00 1.715135733008379404e+00 1.755774677999798472e+00 1.770220517762363777e+00 1.784414138094819746e+00 1.802829032248552288e+00 1.820280374545188540e+00 1.839741837394652135e+00 1.844065450903327630e+00 1.851173438093759005e+00 1.869894722594670045e+00 1.879508060662276714e+00 1.906924677043899230e+00 1.916392264511449506e+00 1.974779655471794459e+00 1.996156405048835625e+00 2.076482671871735519e+00 2.107042943221372866e+00 2.257413832881669968e+00 2.277917359692243071e+00 2.304151334167147791e+00 2.316600908230994627e+00 2.325153346566248835e+00 2.375692439908585030e+00 2.403786623242884168e+00 2.474384858238375617e+00 2.488894582366949937e+00 2.516745934515275618e+00 2.537469567713807272e+00 2.601284085597410201e+00 2.609211795499507325e+00 2.655806378579071758e+00 2.693542627201418682e+00 2.716216550569499955e+00 2.929392019897449018e+00 2.975352274742974590e+00 2.998064135467211955e+00 3.030492852636602841e+00 3.065573954891219977e+00 3.073630740999234945e+00 3.254068959633163782e+00 3.357969110722022865e+00
5.260801271580760607e-01 5.682133254947162593e-01 5.882750978726081215e-01 6.067349357713980318e-01 6.202741378321414700e-01 6.403073452123326792e-01 6.592366393169625249e-01 6.677092851817537644e-01 6.853329148865336951e-01 7.087866302728346168e-01 7.200231966028458608e-01 7.316765938522692414e-01 7.390968237968971177e-01 7.529463274098041614e-01 8.144179076857985811e-01 8.218545979962798009e-01 8.503139273037163548e-01 8.628105621513293411e-01 8.676265491795700502e-01 8.728134280037086468e-01 8.884288084041495059e-01 8.956586768829944978e-01 9.000694678456905296e-01 9.042068540072224492e-01 9.175804995137331055e-01 9.334315392681429291e-01 9.389090239410000649e-01 9.503866250409711558e-01 9.792272082596371607e-01 1.002028822702666799e+00 1.006281384223867592e+00 1.039930047206151231e+00 1.053880238270829439e+00 1.072578777624968671e+00 1.082423244912254612e+00 1.099684309040278141e+00 1.117775920045902316e+00 1.136830031697534604e+00 1.144360295517951931e+00 1.164607420776999414e+00 1.169501992964666393e+00 1.199049147505247381e+00 1.213237051849682446e+00 1.227334890086876795e+00 1.254243213355365816e+00 1.257787494256010774e+00 1.262187400334970011e+00 1.280518362141965127e+00 1.301889242720835949e+00 1.312453735101220431e+00 1.320711480371718372e+00 1.332191467572699350e+00 1.336537473752639649e+00 1.349692565136806799e+00 1.361863181053082128e+00 1.378711054023488591e+00 1.396666010359283394e+00 1.402398758452799932e+00 1.411526328464582702e+00 1.423666348166109374e+00 1.435807880438004336e+00 1.445825326023036927e+00 1.458956845187059148e+00 1.471115643551616836e+00 1.485905797149290386e+00 1.500678138655675120e+00 1.520592276900313733e+00 1.533914665311010950e+00 1.558330446833510408e+00 1.565789663816970378e+00 1.570417774949397272e+00 1.595712813915438621e+00 1.612588096990433817e+00 1.616766265167257854e+00 1.648420320635044067e+00 1.657247597345453016e+00 1.666886605277197564e+00 1.678234496545623067e+00 1.693507881886254340e+00 1.717807501605617349e+00 1.755291340409650624e+00 1.770037883965835057e+00 1.783699415333118488e+00 1.802130716083771622e+00 1.820495258753801027e+00 1.839168470263510935e+00 1.843556315811560431e+00 1.851070028613350793e+00 1.871761393509484339e+00 1.879967742506173378e+00 1.906548189310798502e+00 1.915698077944633537e+00 1.974501198465501650e+00 1.996362910088676390e+00 2.076723471639545071e+00 2.107268272163395739e+00 2.254053865598450113e+00 2.279917650243650229e+00 2.305260232428867351e+00 2.314425559139583477e+00 2.324853815762275566e+00 2.377194741794101063e+00 2.412121766563121383e+00 2.471889659485134061e+00 2.488738833597660349e+00 2.507978562407895406e+00 2.549150636857243413e+00 2.593944719992002046e+00 2.606419457024490516e+00 2.653201035062733748e+00 2.696487858544907024e+00 2.717235170524101129e+00 2.930120156915477558e+00 2.975397608779001946e+00 2.997137435584231291e+00 3.033520588591568590e+00 3.066413778943596569e+00 3.071471200697686310e+00 3.253777020980055390e+00 3.357894669459100090e+00
5.275534728365075532e-01 5.666327389299985473e-01 5.872349064648356709e-01 6.058049645089179647e-01 6.200497700151479386e-01 6.414884624654165757e-01 6.590718798827625013e-01 6.676321142613158566e-01 6.851881830554109598e-01 7.084938834662077856e-01 7.212004018132662786e-01 7.314255039498354094e-01 7.422135331268189251e-01 7.497070136739504287e-01 8.153751350911132567e-01 8.224175049452370212e-01 8.509918723502480908e-01 8.627689577548833810e-01 8.682651709900467418e-01 8.737544320017647248e-01 8.874203898831508619e-01 8.963927533746944842e-01 9.000122508669339272e-01 9.033425370033856261e-01 9.173085596220306170e-01 9.325972119539405192e-01 9.393640851524842628e-01 9.468010411934056902e-01 9.796399975468184085e-01 1.002994127507069511e+00 1.006071796637368676e+00 1.039825990370509823e+00 1.053707135294634778e+00 1.074061753603992919e+00 1.084076701686278676e+00 1.099010241944710531e+00 1.116092146651887385e+00 1.136614185091448403e+00 1.143376827164847898e+00 1.165712076137965791e+00 1.168597999686546096e+00 1.198614940477835900e+00 1.213994073066858803e+00 1.227532065677970463e+00 1.255542607979301284e+00 1.259232847036973579e+00 1.265835582029383399e+00 1.274406059757873466e+00 1.300527479274889542e+00 1.313191602664891100e+00 1.321052795306050909e+00 1.333782535994329166e+00 1.335583571983052886e+00 1.348500117518786956e+00 1.362013755208417720e+00 1.378876746669975617e+00 1.397502326448365695e+00 1.402299041931542423e+00 1.411848340558225834e+00 1.424683290678598224e+00 1.435780080264502656e+00 1.446623589048917413e+00 1.456070924895185970e+00 1.470991768499551711e+00 1.485213012146737732e+00 1.501250587405998038e+00 1.521317197062465709e+00 1.533589836081127533e+00 1.559946125804091865e+00 1.565407271848226145e+00 1.569511485815591412e+00 1.596148651639839544e+00 1.613534519301220937e+00 1.616733544945605949e+00 1.648007713887152725e+00 1.657396258959406676e+00 1.666388351308982552e+00 1.677953871786045381e+00 1.693583911430029731e+00 1.718944154066138763e+00 1.755070924285196510e+00 1.769942584821550424e+00 1.783371312438075673e+00 1.801877105414618985e+00 1.820574198994318493e+00 1.838941433314752905e+00 1.843396419589156787e+00 1.851022125347581593e+00 1.872379108335618714e+00 1.880295546055286371e+00 1.906354050960264779e+00 1.915414242698969316e+00 1.974389569626414431e+00 1.996445031359991518e+00 2.076823178172972018e+00 2.107361298483739098e+00 2.252774455793207675e+00 2.280719218354900324e+00 2.305947234755029385e+00 2.313228049909176853e+00 2.324780308163269638e+00 2.377700090718444681e+00 2.416045609136807215e+00 2.470802451230915686e+00 2.488516142307214185e+00 2.504323479494118043e+00 2.556234771297015484e+00 2.586552817588368747e+00 2.607218672056273334e+00 2.652326916336899654e+00 2.697441196766815708e+00 2.717691607215489746e+00 2.930417140052205216e+00 2.975423123305551254e+00 2.996751336025956558e+00 3.034858460844495731e+00 3.066821741495176390e+00 3.070421755012541443e+00 3.253657834959724937e+00 3.357864013770269551e+00
5.316216126069176484e-01 5.667287885360901001e-01 5.894579711980360015e-01 6.093044246457726132e-01 6.213477595411694976e-01 6.424310381250185609e-01 6.598831768868816949e-01 6.695800886420349984e-01 6.855225088813574619e-01 7.088239617093615719e-01 7.186883216315141931e-01 7.322185996243953943e-01 7.435371027974787550e-01 7.498071214339715462e-01 8.128163205552031423e-01 8.228388457855513316e-01 8.462711002229735824e-01 8.610244299601267359e-01 8.648937507260738844e-01 8.748327369101666084e-01 8.844952678865009021e-01 8.936829701670675474e-01 8.959585691064273494e-01 9.053030943445796730e-01 9.243184075081619655e-01 9.280346333738475062e-01 9.389623209516668734e-01 9.439839717773025329e-01 9.849320824484656400e-01 1.006340788194758362e+00 1.011227628042222104e+00 1.037832016895607223e+00 1.054586680947190436e+00 1.069081755936497347e+00 1.089107727371252832e+00 1.098236033727868044e+00 1.118265692253921584e+00 1.135478123109192605e+00 1.143560428291729991e+00 1.163227766598948332e+00 1.171484034546937281e+00 1.197269789626613345e+00 1.214050723700152323e+00 1.228989875692358069e+00 1.256931011285699729e+00 1.261450157325337829e+00 1.265526789966196608e+00 1.276458236742596730e+00 1.298988922743854024e+00 1.311473083370842563e+00 1.324839468561856970e+00 1.334880029296890092e+00 1.337713186477381022e+00 1.349448502098560931e+00 1.361641607232963791e+00 1.379483137370051793e+00 1.397150543128744982e+00 1.403000378869686537e+00 1.412055855155500250e+00 1.426081094622483780e+00 1.434732987337006715e+00 1.447354023722763783e+00 1.456638496570099583e+00 1.471002313418939167e+00 1.486218534174019723e+00 1.501699656741593447e+00 1.522281653562499670e+00 1.533794300427637314e+00 1.559615886584271749e+00 1.565425252789553578e+00 1.571272522270691141e+00 1.595351398813620536e+00 1.612191670994392423e+00 1.619547893540252526e+00 1.647629586726360174e+00 1.654917951509942808e+00 1.668184039956021270e+00 1.678341968645479021e+00 1.693573759145281743e+00 1.719154916953176793e+00 1.757185042127447305e+00 1.769924843193938502e+00 1.785090099483404691e+00 1.803964387944693826e+00 1.822683805951502034e+00 1.837851234638567366e+00 1.844017279930166175e+00 1.854058646969464208e+00 1.875292083244185726e+00 1.881166615351424820e+00 1.906600184725770086e+00 1.916303776112128654e+00 1.973090850850031552e+00 1.999258931062145805e+00 2.078135285697787271e+00 2.107289767517519063e+00 2.251660273649600530e+00 2.278121524208086335e+00 2.301957221627671579e+00 2.311129828422251009e+00 2.324051713791410290e+00 2.373719139664977273e+00 2.414931718575687558e+00 2.469041713999343468e+00 2.488009617254693495e+00 2.502524734165511244e+00 2.554586501718258962e+00 2.585342522550903244e+00 2.604536762262588567e+00 2.649307588663930790e+00 2.695396174451303306e+00 2.716653797742490717e+00 2.926771653866480083e+00 2.971965052526175377e+00 2.996883327301117728e+00 3.034894846406567925e+00 3.068778460428573940e+00 3.074402248700925266e+00 3.255451185925254176e+00 3.358777569480544845e+00
5.415953853956165798e-01 5.670176489501838057e-01 5.969284332199021881e-01 6.174053030668816833e-01 6.254192374880244154e-01 6.445211105517604233e-01 6.630384711448447099e-01 6.741095514780134357e-01 6.871469365104255766e-01 7.084799273172966982e-01 7.157728553105990876e-01 7.324282368024070955e-01 7.431994412397544547e-01 7.534721706021408894e-01 8.057852197265221728e-01 8.218433695441871301e-01 8.371005558216173537e-01 8.545602090944359741e-01 8.590419625126128889e-01 8.673245488988703400e-01 8.802361032794765450e-01 8.870338606762545597e-01 8.955055905661311044e-01 9.069763056218517194e-01 9.171280386588626099e-01 9.336596572981337161e-01 9.410027243575227462e-01 9.424405781097862089e-01 9.953828337356150913e-01 1.013740329211929136e+00 1.020485842846667435e+00 1.038938630515085837e+00 1.053084122348816765e+00 1.063218159095423498e+00 1.091859882523571024e+00 1.102405378347915299e+00 1.120665627837875045e+00 1.134192387217618059e+00 1.143781508801101410e+00 1.160547765279935417e+00 1.175013758952644372e+00 1.192228229259248096e+00 1.214828285718762890e+00 1.232032157949462858e+00 1.259021664914830696e+00 1.260551412704793428e+00 1.272194577033974205e+00 1.282993374135727560e+00 1.295336087529858959e+00 1.312203397342915689e+00 1.327242559088928520e+00 1.335807013988579595e+00 1.344686142197020651e+00 1.353547688224695067e+00 1.361761018194702411e+00 1.381728986834329209e+00 1.395209878269846104e+00 1.404358162428481327e+00 1.412602226625929491e+00 1.429770565081807998e+00 1.433698710280972177e+00 1.448328924906296278e+00 1.459713085995032023e+00 1.471588290544944888e+00 1.489045004344640599e+00 1.503079811245596309e+00 1.524646144860902108e+00 1.534383130667060779e+00 1.558044837849244191e+00 1.566278094854524738e+00 1.575852073946753418e+00 1.593495314757466641e+00 1.610793680289641649e+00 1.624547015490145796e+00 1.646545541409604629e+00 1.649382291612441209e+00 1.672195133000085265e+00 1.678207829434861464e+00 1.693751999187038448e+00 1.721606861556238988e+00 1.763300628182834506e+00 1.770681284706608238e+00 1.788640623538215735e+00 1.810367325707993968e+00 1.829081242576115818e+00 1.835392692429484551e+00 1.848373045210242260e+00 1.860495911449582485e+00 1.882487734790847522e+00 1.884960302312260083e+00 1.907959005274743713e+00 1.919032470632632936e+00 1.971491404457836882e+00 2.005735320873451855e+00 2.082273271696024608e+00 2.107318524054519582e+00 2.247864810484390574e+00 2.270604225471320348e+00 2.292535923621262572e+00 2.304057931932237846e+00 2.320588132089878020e+00 2.362740120670904442e+00 2.411916207787444311e+00 2.463707327098863864e+00 2.486095328595717913e+00 2.497478464528910536e+00 2.549080132565735735e+00 2.581991842005666005e+00 2.596461999873963311e+00 2.641385275126546084e+00 2.688933816927902676e+00 2.713771656859379267e+00 2.917181699338152523e+00 2.963961689045929049e+00 2.997323648819992581e+00 3.035765216047851656e+00 3.074405188228843677e+00 3.082499324912795213e+00 3.260368000040231529e+00 3.361390507389192539e+00
5.495750841604235548e-01 5.723371347003854970e-01 6.063065820658077865e-01 6.263004702960732750e-01 6.317823984986956631e-01 6.467517028073083152e-01 6.691152633961806595e-01 6.779988849686745533e-01 6.921212759595274377e-01 7.063239605476887562e-01 7.161720264198921937e-01 7.315452495297833924e-01 7.408389174542829858e-01 7.590634026523149780e-01 7.946018122036112574e-01 8.157319258095520054e-01 8.306320552698513993e-01 8.419373200260266144e-01 8.517974562343858524e-01 8.555339770074730232e-01 8.700407294473622155e-01 8.826764635044402896e-01 8.978592648440678614e-01 9.026930714340354323e-01 9.117972506756335527e-01 9.335989377339082296e-01 9.426522878856232746e-01 9.561162864502947834e-01 1.000781135195688343e+00 1.023240947315334104e+00 1.029697460254595409e+00 1.040077764571797569e+00 1.054898100056204102e+00 1.060474858367338902e+00 1.090863268415729781e+00 1.109378229788286596e+00 1.119939576100603906e+00 1.134399422261169077e+00 1.144293692321072253e+00 1.158996866895354305e+00 1.177389290380944864e+00 1.184284854956755506e+00 1.214043443079415141e+00 1.234746048123234186e+00 1.254781379103480532e+00 1.264855026374745339e+00 1.278601504125938204e+00 1.283306934157887991e+00 1.303398360051215787e+00 1.316946232023178176e+00 1.323076392023405212e+00 1.334327165596636000e+00 1.351629042899423094e+00 1.356084296585609916e+00 1.371329015846962429e+00 1.385404355001064847e+00 1.391299142834225178e+00 1.404069425455757081e+00 1.414486890416837728e+00 1.431492274183238766e+00 1.438020686389144487e+00 1.449527260935131734e+00 1.464995928694482474e+00 1.476467926576134682e+00 1.492894405167819905e+00 1.504691566720494533e+00 1.526976928387287602e+00 1.536067602313768710e+00 1.554957367730840145e+00 1.567987787076436490e+00 1.581767501158173994e+00 1.592074486693513036e+00 1.608029562561796411e+00 1.631004293693925522e+00 1.639269336100846353e+00 1.648935693368860811e+00 1.674494475087396905e+00 1.678719310247121621e+00 1.694158090274562545e+00 1.730083069630402370e+00 1.771251845749340470e+00 1.774161308672559612e+00 1.792751424751503730e+00 1.819305201042607623e+00 1.833536806634217253e+00 1.840741157306649667e+00 1.857606914646938057e+00 1.868673898130139399e+00 1.888478492125229113e+00 1.895290668698816683e+00 1.912913030707925843e+00 1.924401872429497340e+00 1.972626065684078833e+00 2.013812282066463677e+00 2.089558423356898675e+00 2.108269374423325626e+00 2.240160668273525335e+00 2.259394596928222754e+00 2.280719645118364447e+00 2.292702968410247344e+00 2.312063595748697686e+00 2.346778478380763033e+00 2.408328196128010301e+00 2.454715029681188376e+00 2.481794505009587315e+00 2.490016011224840842e+00 2.539141911940656637e+00 2.576336225183514461e+00 2.583476537343289969e+00 2.630973729403855987e+00 2.677883685331572394e+00 2.709228160521035544e+00 2.904885183926861902e+00 2.955592939041400857e+00 2.998143243733490504e+00 3.037883799229728954e+00 3.081180670424827905e+00 3.090387909237992670e+00 3.267263271149370318e+00 3.365359446917709718e+00
5.505285271249421575e-01 5.839985679814302388e-01 6.119460401610715694e-01 6.328835165012167696e-01 6.372243104323657148e-01 6.504711980103867752e-01 6.750216137697475638e-01 6.812493219733545269e-01 6.991621378021030120e-01 7.058075922193274288e-01 7.185107752678023818e-01 7.274698743743144291e-01 7.413514566310573928e-01 7.608177719575406339e-01 7.819223061145128550e-01 8.060732790040407991e-01 8.221042535484849312e-01 8.299608538296271432e-01 8.389680264380054986e-01 8.462629034078219536e-01 8.594927383008035271e-01 8.786044049361191322e-01 8.907498269199317642e-01 9.008601547607461013e-01 9.135875848183688808e-01 9.385932633682297910e-01 9.454030368515921046e-01 9.674444899548747534e-01 1.003847834189141253e+00 1.025368710068548905e+00 1.036765384071410612e+00 1.042078717004622845e+00 1.054031952526454319e+00 1.070750827886801648e+00 1.087662859486260736e+00 1.109992106485252261e+00 1.121542820249568972e+00 1.133612942484205632e+00 1.145937194591746922e+00 1.157351638990108400e+00 1.173898364594179622e+00 1.179720696229996202e+00 1.210551430655889327e+00 1.235671277637220955e+00 1.250469030422623806e+00 1.263740426885087142e+00 1.275708198184539066e+00 1.285326089098723257e+00 1.311146551248790315e+00 1.315817219732570598e+00 1.324950540548150979e+00 1.333615255866921201e+00 1.350034164624717814e+00 1.365704624828149694e+00 1.375835221196391567e+00 1.388301328814107727e+00 1.395851578156121153e+00 1.402708583107423967e+00 1.417350676764205453e+00 1.438211214559760531e+00 1.440052933624632381e+00 1.453181494433892773e+00 1.472065952976714165e+00 1.486003776652742969e+00 1.497866108158774301e+00 1.505041887324295002e+00 1.527658834199991933e+00 1.540568929463186576e+00 1.551666205350424432e+00 1.567665978115427405e+00 1.586858195168387331e+00 1.594269198779642238e+00 1.603354141641170516e+00 1.625015019884114231e+00 1.641236004310183683e+00 1.651461101651003238e+00 1.671168522576951032e+00 1.682967847950030960e+00 1.699586419590796815e+00 1.744745216821164124e+00 1.773719998696141609e+00 1.785815591674283054e+00 1.798273179757910567e+00 1.823118283848679244e+00 1.839866674967521654e+00 1.855671807192801559e+00 1.872739153404836099e+00 1.878394432606401487e+00 1.895656019318553209e+00 1.906553741266551194e+00 1.923419749231006115e+00 1.936860581873250053e+00 1.978404202749701524e+00 2.023183203237683525e+00 2.098987991520933960e+00 2.112509623584024165e+00 2.227405658793110810e+00 2.246670998590299284e+00 2.268622178608269646e+00 2.278985085110054598e+00 2.297929069070789421e+00 2.327416992063256806e+00 2.405914839289175156e+00 2.442128999732986472e+00 2.474252071968088273e+00 2.480809870558617458e+00 2.525289957664804685e+00 2.564945505852024521e+00 2.569501040697118377e+00 2.619761230640864635e+00 2.662909034090143123e+00 2.702944469925702364e+00 2.893374970462605500e+00 2.949510884501881147e+00 2.999363727458037587e+00 3.040710861917558905e+00 3.086751901809217991e+00 3.095881376650889028e+00 3.274845837151632910e+00 3.370228943321508908e+00
5.490450655765213295e-01 5.932067390436138732e-01 6.111927846700518918e-01 6.330572516254167059e-01 6.393434735992704621e-01 6.584902974385248298e-01 6.763156896410849050e-01 6.842024368526926636e-01 7.009549720982012344e-01 7.094911029122503709e-01 7.175852984529919043e-01 7.233458623305901725e-01 7.446896714778232784e-01 7.548059247846011788e-01 7.744765242996012322e-01 7.944538356586585692e-01 8.073301551061322634e-01 8.199210331109176852e-01 8.259882693336728643e-01 8.392187498071307372e-01 8.522013081885345676e-01 8.714950794909067655e-01 8.847939641482843731e-01 9.013378910259269849e-01 9.166235570494896123e-01 9.448843309779729749e-01 9.505343190427556488e-01 9.722669880692094146e-01 1.008584052450813395e+00 1.022476365462579251e+00 1.030990663377494565e+00 1.052967488784814165e+00 1.054954800202346998e+00 1.078273351287243109e+00 1.083219203523464902e+00 1.109263254190150594e+00 1.119273790894883769e+00 1.135231169831354414e+00 1.146151441723650244e+00 1.152880715733739070e+00 1.165736854967846847e+00 1.178597731843322949e+00 1.207453950131169629e+00 1.233013627656638800e+00 1.243672358592497806e+00 1.253099018383450947e+00 1.271724413531725162e+00 1.287847201391476126e+00 1.298378531646416256e+00 1.310622115849781721e+00 1.323489446632150734e+00 1.335495083265437311e+00 1.354121276712847433e+00 1.368141164842961777e+00 1.380075124271584297e+00 1.390926763278475198e+00 1.398566276637115413e+00 1.410456743880438735e+00 1.423151423156356232e+00 1.439064797576345311e+00 1.452001331140897245e+00 1.458872618375836039e+00 1.481222088236687107e+00 1.489437704742066382e+00 1.503734532117957379e+00 1.509550193573720778e+00 1.528097172925043656e+00 1.542111183634849780e+00 1.554838032618537369e+00 1.563787399188253380e+00 1.589617956975495350e+00 1.593368724750041876e+00 1.602562488616136926e+00 1.616278829510069848e+00 1.638492231205531890e+00 1.657967333887125694e+00 1.670999289730512372e+00 1.689716352852610681e+00 1.714401696291836474e+00 1.762409048942407352e+00 1.774618120746395578e+00 1.799196083021038950e+00 1.806195187007802350e+00 1.821407623567985690e+00 1.853512909967867772e+00 1.872965328293230147e+00 1.887375989099636220e+00 1.892563768321477546e+00 1.906854383766399597e+00 1.920614737371322711e+00 1.937154256650572837e+00 1.961357197504276728e+00 1.990148735629339916e+00 2.034737699132406874e+00 2.106409380797559905e+00 2.125129980134981000e+00 2.210905222619927279e+00 2.233704857711966252e+00 2.257471281264965768e+00 2.265871400746634734e+00 2.281123931215077061e+00 2.305998098397354923e+00 2.404503947593149782e+00 2.426279031402525099e+00 2.463892979127621174e+00 2.469652153802383676e+00 2.508707161429440724e+00 2.547016436277434348e+00 2.556376656194919494e+00 2.607718014728121148e+00 2.645388740460331789e+00 2.694941795255032080e+00 2.885044431686694111e+00 2.946658485315662546e+00 3.001014064519236246e+00 3.043541267839384279e+00 3.089848750379309283e+00 3.098246979592560013e+00 3.282140950594914841e+00 3.375560338836431473e+00
5.469372083322453504e-01 5.922180630865382378e-01 6.080417429664410900e-01 6.272093052403098223e-01 6.410852645386941884e-01 6.619722307011485229e-01 6.714901911084085739e-01 6.848960458245298977e-01 6.989424310299363619e-01 7.041870184644398734e-01 7.132815369178646669e-01 7.249900095556537361e-01 7.361084387348697522e-01 7.518933542497775457e-01 7.709363425703529282e-01 7.833966510089287461e-01 7.952552838890543097e-01 8.083019922698532200e-01 8.124254081867322563e-01 8.345538781465052791e-01 8.480847397735304938e-01 8.661044230213739148e-01 8.824713713657355019e-01 9.004562513325424788e-01 9.200956136504330196e-01 9.496813816925306906e-01 9.566751739738870164e-01 9.713208083179977193e-01 1.007099739972320496e+00 1.021655058374240088e+00 1.028709604117654219e+00 1.049979165841676609e+00 1.055506327918114717e+00 1.079623729926790343e+00 1.080572328358250234e+00 1.108659163264053671e+00 1.115290768892959417e+00 1.131435664044686762e+00 1.142896619138847214e+00 1.145861700413975504e+00 1.160471474507788203e+00 1.176129116102177852e+00 1.207677300583675617e+00 1.220258129973437189e+00 1.228657492086156156e+00 1.248221654208249820e+00 1.262788831469797701e+00 1.278128510940375273e+00 1.284903285690190300e+00 1.298444931711583816e+00 1.320585634313093726e+00 1.326098424432788692e+00 1.348166488536730823e+00 1.373697625051481186e+00 1.382529421013204418e+00 1.396532088524605753e+00 1.405905918467255988e+00 1.415524146602962663e+00 1.434649354858835935e+00 1.441623155487498309e+00 1.456274917402677671e+00 1.465634070326397920e+00 1.483681086118189496e+00 1.501146693562154244e+00 1.507004301263604074e+00 1.521323447417993080e+00 1.529403177169084804e+00 1.540181252433103998e+00 1.559302304660674432e+00 1.565054988973878958e+00 1.580828885905056991e+00 1.592824418524736663e+00 1.600899231953264001e+00 1.613017063654866634e+00 1.634294699598009659e+00 1.660568980829321140e+00 1.681806915522864543e+00 1.703375150053516141e+00 1.735620838689475809e+00 1.773452788068122565e+00 1.781329299322014670e+00 1.810448400474795605e+00 1.815104820395387897e+00 1.821174730601349934e+00 1.870860734608021270e+00 1.889327736779190303e+00 1.899344677356536337e+00 1.905739031711819909e+00 1.926047894876536493e+00 1.940951749201592413e+00 1.959552183602653930e+00 1.992460871228919794e+00 2.009772516454972013e+00 2.050585350446592958e+00 2.112960392808885146e+00 2.143704500933887314e+00 2.195647382445372831e+00 2.221368909114744827e+00 2.247157956695946979e+00 2.256284451155202486e+00 2.267613556568093713e+00 2.285331244446695553e+00 2.399934296018522151e+00 2.408755167691692733e+00 2.452384425097966503e+00 2.456193335937642441e+00 2.490758185779144096e+00 2.528311008150999406e+00 2.539243997189760460e+00 2.593518003453708420e+00 2.627195927358847438e+00 2.685435875738725997e+00 2.880804565259650118e+00 2.947072152853665639e+00 3.003200992873186870e+00 3.045755789233474342e+00 3.090014858001509879e+00 3.097878071445768100e+00 3.288694673010158720e+00 3.381042293046802705e+00
5.440784614064287927e-01 5.787611876060612115e-01 6.059261900349292018e-01 6.183263262780477332e-01 6.401370356739889411e-01 6.547254175020807976e-01 6.597576738000954233e-01 6.794905134246472800e-01 6.848602398312533257e-01 7.015296812772334745e-01 7.074887937312898112e-01 7.228957350547334793e-01 7.277672781337105601e-01 7.454877747187269588e-01 7.561052967361661103e-01 7.757380191126506119e-01 7.878687799902376332e-01 7.950975034507478112e-01 8.082825905372391651e-01 8.296764905899972620e-01 8.455035490421677347e-01 8.662555355935415147e-01 8.816672223144995657e-01 8.976271713523541473e-01 9.226841615301240029e-01 9.528579838359259035e-01 9.569679847382700499e-01 9.696251814068295172e-01 9.981774460648267233e-01 1.014533038321473013e+00 1.028768875468558219e+00 1.044894432396946016e+00 1.047941191876662348e+00 1.074036941566428371e+00 1.080159734421042295e+00 1.099984160574513981e+00 1.107558643388995678e+00 1.122270866827694613e+00 1.131633575736811892e+00 1.138407465181635159e+00 1.160882310230814118e+00 1.175011042270330597e+00 1.196541423156538997e+00 1.208975365220644527e+00 1.210131848035836066e+00 1.236221095067247422e+00 1.252200540496415160e+00 1.260915013423462128e+00 1.273755087616202486e+00 1.283747524813751761e+00 1.298692406521080533e+00 1.324559273138315563e+00 1.340089248806371813e+00 1.369725768374002506e+00 1.383456553637678388e+00 1.396948821604321100e+00 1.412135823266046808e+00 1.431695481363369549e+00 1.436255078465327628e+00 1.447369619871559987e+00 1.457504390037701825e+00 1.467423519447841329e+00 1.486727828325348000e+00 1.507849730175722547e+00 1.522827679856134875e+00 1.527690974614368535e+00 1.534341295739972466e+00 1.545715586662864904e+00 1.560950952891129395e+00 1.566911672916524445e+00 1.574625602855293849e+00 1.591496402642866625e+00 1.600072976533488012e+00 1.605705344564186898e+00 1.628339853261956627e+00 1.675684549824031144e+00 1.695063051186612046e+00 1.722572409467204801e+00 1.759693357042978912e+00 1.772959412045353345e+00 1.798100920555818272e+00 1.810212320096043159e+00 1.823521641292846329e+00 1.831363083997235464e+00 1.891162605911766326e+00 1.902730324473983936e+00 1.907801722112033138e+00 1.924061601113282283e+00 1.945565748964846131e+00 1.967851628972913547e+00 1.992749949090081518e+00 2.016470036977924707e+00 2.043870026163242759e+00 2.074434989513495253e+00 2.121709954032372725e+00 2.153216874729892094e+00 2.196683058049789139e+00 2.211969593986649052e+00 2.238914062828760709e+00 2.250353622044600321e+00 2.261121696421170668e+00 2.272252287071238275e+00 2.382049696482846812e+00 2.396666691247389291e+00 2.438220890614350100e+00 2.443214243098000171e+00 2.472681648044365410e+00 2.509746365292832238e+00 2.517976558837446532e+00 2.575582522018932785e+00 2.609913895465846512e+00 2.674868709204926365e+00 2.880532302908534792e+00 2.950418249663682602e+00 3.006124936614900989e+00 3.046796880449329503e+00 3.087200097756592321e+00 3.096361589012292637e+00 3.294555842530054512e+00 3.386548819547542166e+00
5.392804418700687386e-01 5.600187329346244525e-01 5.975400606928440439e-01 6.078107674197444910e-01 6.334475652494014897e-01 6.376838188460055568e-01 6.446782413875228324e-01 6.601756686742200619e-01 6.712395536368053195e-01 6.910991255830087887e-01 7.019453393936430086e-01 7.111759993198569774e-01 7.276487158887193774e-01 7.364289128469080348e-01 7.396708351377034862e-01 7.619861675361161435e-01 7.749936217658053295e-01 7.814501235948871916e-01 8.157789444679550694e-01 8.245964715811586743e-01 8.432310390092676577e-01 8.691515164189260734e-01 8.812555726534836431e-01 8.922732084814432030e-01 9.218676962538363551e-01 9.496972954345870299e-01 9.535994934400756629e-01 9.667234889155114086e-01 9.827339421063645553e-01 9.992073591234225116e-01 1.020184661030447471e+00 1.033504427233605805e+00 1.048164143453344188e+00 1.062519991685965115e+00 1.067916316462265147e+00 1.078276599397130608e+00 1.097601654056201248e+00 1.109388593039206450e+00 1.114947725103428988e+00 1.131732878875564507e+00 1.157613489992785016e+00 1.166027430587678770e+00 1.177414203743088361e+00 1.191652508969326396e+00 1.201875190850288710e+00 1.227078250400454040e+00 1.229426688701023451e+00 1.242445919323354353e+00 1.260374206318633172e+00 1.268722955625778637e+00 1.280673838729389447e+00 1.318675740099149563e+00 1.329919907453827932e+00 1.363447169913813983e+00 1.384476726256877122e+00 1.398828947925130795e+00 1.411305763772451316e+00 1.427517320707257342e+00 1.441469468800157028e+00 1.456301582917643334e+00 1.463166456393020898e+00 1.478504220686831960e+00 1.489243555362536275e+00 1.509550200971894851e+00 1.520725912847544548e+00 1.533707127389492664e+00 1.547449502538174260e+00 1.553982744892134837e+00 1.566593754193519761e+00 1.573230680072535304e+00 1.578999424998063672e+00 1.588508571455774732e+00 1.598215538218415332e+00 1.601577313976714878e+00 1.625081891913886301e+00 1.697131097146753254e+00 1.710322092814788864e+00 1.742827812314276414e+00 1.773577228300023068e+00 1.782599843228603875e+00 1.805504472172410502e+00 1.814095248831222085e+00 1.833515289152588545e+00 1.842647912028292367e+00 1.907078654477740498e+00 1.914437945917555339e+00 1.920617992639881866e+00 1.945324908400736685e+00 1.965964341754779632e+00 1.996985516582517439e+00 2.028773555913673476e+00 2.036415198297147899e+00 2.081049561589539909e+00 2.109064373766961431e+00 2.133943649219802285e+00 2.148123778563208575e+00 2.208192433691746892e+00 2.219819009422958178e+00 2.238096522632158081e+00 2.251253384098717447e+00 2.253425457822514577e+00 2.278801195622830011e+00 2.357665055507887519e+00 2.383931952008213173e+00 2.419863957339700722e+00 2.430508269102770402e+00 2.454701285001235522e+00 2.491011781582981754e+00 2.494755533164843442e+00 2.553803923967833622e+00 2.593387185115351823e+00 2.664175479493886112e+00 2.883680536114581194e+00 2.956224850034752105e+00 3.010054885925554480e+00 3.046272974366783792e+00 3.081945344044927371e+00 3.095911072635135319e+00 3.300142449038205417e+00 3.392131182632231123e+00
5.277069925869146694e-01 5.419496096167393251e-01 5.799800246167357010e-01 5.936237147773822942e-01 6.158801702404607115e-01 6.206026267133846197e-01 6.241427237504263426e-01 6.377678877452312989e-01 6.539857684065980559e-01 6.714087431258036753e-01 6.916952437342297477e-01 7.013567971280330049e-01 7.162305115681634193e-01 7.232959237340258474e-01 7.319497587819346895e-01 7.464889300878053691e-01 7.568039393081409383e-01 7.742439864617427503e-01 8.140395841336018901e-01 8.213068537420349369e-01 8.414424789664680659e-01 8.707628669622494710e-01 8.772396575602011692e-01 8.845638140210217992e-01 9.144028418969848415e-01 9.389489904000551945e-01 9.471480864735759564e-01 9.521790137302357238e-01 9.661891362173608000e-01 9.781933317806240646e-01 9.975591152396482419e-01 1.022372131716206001e+00 1.032787485762759694e+00 1.036856039083532188e+00 1.054325311161287360e+00 1.058541581179839319e+00 1.077023545728573062e+00 1.086795963085621208e+00 1.103517496601771342e+00 1.121419322330275525e+00 1.127779514156100227e+00 1.157348510534943919e+00 1.167152855603021955e+00 1.184523029753305146e+00 1.191671263644229484e+00 1.197835349549162931e+00 1.215750977882084749e+00 1.232513625233105925e+00 1.241289522859804428e+00 1.249645372697144818e+00 1.278843655390945688e+00 1.311172494771976282e+00 1.322034169138230686e+00 1.358627200759610965e+00 1.382917777721166086e+00 1.403038055929920036e+00 1.409232651453177665e+00 1.427204588306414390e+00 1.435198833273217289e+00 1.458080074645760948e+00 1.473911564198194357e+00 1.488313295788505464e+00 1.494610745760280635e+00 1.514310569700996201e+00 1.520777905967547694e+00 1.529106263779065111e+00 1.555078221859873100e+00 1.561429167934519135e+00 1.569613904674154625e+00 1.577139617838402952e+00 1.585232323210396199e+00 1.597608385430377087e+00 1.603521110608820077e+00 1.605588830793799549e+00 1.628853182618072104e+00 1.717733849303527460e+00 1.727288581800834555e+00 1.758633266962684294e+00 1.779787067325006911e+00 1.791463966639715188e+00 1.812679864840624822e+00 1.828177685512575090e+00 1.843535112332380432e+00 1.853256485110012841e+00 1.912924191005905605e+00 1.922607837179541423e+00 1.944669082763294199e+00 1.966397483300031945e+00 1.985313605546360050e+00 2.025256070273997899e+00 2.045775376448522032e+00 2.072831078985955866e+00 2.108534859580628584e+00 2.135397170274417000e+00 2.151109007301905685e+00 2.158544246501144848e+00 2.214652071649231946e+00 2.235096116541056332e+00 2.246649184187283321e+00 2.260809376903396117e+00 2.264584404587039135e+00 2.298216572337265173e+00 2.333375522612080921e+00 2.369447080053360466e+00 2.400353591852629975e+00 2.414494233236358145e+00 2.434869789160673648e+00 2.466417255431248012e+00 2.477737074864595268e+00 2.530164919764271936e+00 2.576031997173102717e+00 2.655198779306708889e+00 2.889667695359976918e+00 2.963934541743910245e+00 3.015288037188137427e+00 3.044469839110412135e+00 3.075703360573334599e+00 3.098163131031807183e+00 3.306070630834823110e+00 3.397956113791610555e+00
5.041067505830585382e-01 5.265848863012209113e-01 5.567049738516282043e-01 5.713121109928217534e-01 5.915333797661753712e-01 5.980812256424534734e-01 5.996283164365810991e-01 6.164940668903865495e-01 6.327535468669921448e-01 6.504352500080047284e-01 6.652077655538679579e-01 6.953215995551239592e-01 7.006496918198702462e-01 7.026145702850427055e-01 7.230625621794215530e-01 7.319710336769964520e-01 7.377594523436167284e-01 7.681052588721162255e-01 8.025679458182286563e-01 8.150252690449358850e-01 8.383406507680423170e-01 8.622773633888864975e-01 8.673703966710586410e-01 8.733747323444622790e-01 8.972638355165730717e-01 9.130698162176208443e-01 9.220343222980745823e-01 9.396398010959687852e-01 9.481222933024215926e-01 9.569243388098989112e-01 9.653253811044494315e-01 9.883968049234147513e-01 9.975127455428329792e-01 1.016999490985178722e+00 1.030145155846508231e+00 1.049251299146996219e+00 1.055309523449958098e+00 1.068649604903469497e+00 1.082563749620166993e+00 1.098870819424398793e+00 1.109947873554716580e+00 1.141598235198320710e+00 1.157332894881221819e+00 1.165710683041366380e+00 1.174177777153166513e+00 1.190043842275879005e+00 1.207834061769142986e+00 1.220462436506590587e+00 1.235159400752977144e+00 1.246352384046396589e+00 1.271276225841306617e+00 1.309403680915794732e+00 1.319536845435570482e+00 1.353018320925910345e+00 1.380455821109790815e+00 1.406637977736390432e+00 1.410120226478843275e+00 1.421696263181726705e+00 1.437399976243719513e+00 1.454515121300862246e+00 1.476382706875305484e+00 1.488323708127551992e+00 1.498451761312436625e+00 1.522801322614300901e+00 1.524877121638537503e+00 1.532560219281484670e+00 1.556449572938960246e+00 1.565837365221500521e+00 1.572233033075251640e+00 1.575985268900440328e+00 1.586119214964794466e+00 1.603674131537778269e+00 1.619426427625762166e+00 1.624689706644655729e+00 1.640347554152143728e+00 1.733080375785173599e+00 1.744928542645581393e+00 1.766762783014190541e+00 1.788768639218100143e+00 1.795509656240978913e+00 1.827417493392912817e+00 1.841102440408134866e+00 1.854737864035605588e+00 1.864255383441542069e+00 1.915560360014054275e+00 1.929539505245881470e+00 1.967849668604680247e+00 1.985459347096589555e+00 2.000912111534757010e+00 2.049685001930730444e+00 2.059020646996668535e+00 2.103001973950623604e+00 2.126654857361057971e+00 2.146463677162383288e+00 2.171008346809801814e+00 2.184934202183634877e+00 2.228533472703436491e+00 2.247252303405926188e+00 2.253824116372184161e+00 2.283358560864574116e+00 2.287452590667411023e+00 2.309178973110739719e+00 2.332438842926560785e+00 2.356220285243429302e+00 2.381486726683588184e+00 2.399140484020563679e+00 2.416025829034452066e+00 2.442346486727699606e+00 2.461368740765535801e+00 2.508657090177402349e+00 2.556921391899340090e+00 2.650652948592952196e+00 2.898050394448612010e+00 2.972875432743684598e+00 3.022098868397467886e+00 3.042787059175063202e+00 3.070076004587141583e+00 3.103895566860603861e+00 3.312986600143843940e+00 3.404221721970519976e+00
4.735351138670725879e-01 4.998250282908328068e-01 5.319221857422552491e-01 5.445217625968159503e-01 5.567340631286432640e-01 5.687197307636983057e-01 5.749558840697442941e-01 5.911328896460628091e-01 6.078275487705616653e-01 6.285126254174376870e-01 6.347479177234791603e-01 6.688663693056496884e-01 6.816676720814294210e-01 6.875547097845602362e-01 7.042949127094846329e-01 7.103534576266751221e-01 7.234128515652249458e-01 7.598099017396876542e-01 7.821561139128825335e-01 8.023582696827078475e-01 8.251443164660768881e-01 8.327928518118822288e-01 8.493180085017434378e-01 8.553480303774773086e-01 8.626892006684132586e-01 8.862079781868563710e-01 8.958314039291461750e-01 9.053605293096640416e-01 9.192885952281152351e-01 9.288708505942863125e-01 9.448661439072907342e-01 9.598965826981968874e-01 9.670030633839589163e-01 9.854475619509743822e-01 1.013272469595006609e+00 1.032462896290191612e+00 1.044073862457622015e+00 1.051615547001590878e+00 1.063307418869769316e+00 1.067165465462674989e+00 1.097071702928638759e+00 1.128716770376975598e+00 1.135092903732655811e+00 1.157116192085184458e+00 1.168531502733731076e+00 1.187101650069755321e+00 1.202687488812105299e+00 1.219118030153397036e+00 1.235851398826162573e+00 1.250466739734573673e+00 1.262709492709471748e+00 1.308109275642991509e+00 1.322287707259972356e+00 1.344728169955490049e+00 1.378324096600692661e+00 1.405859711237389176e+00 1.412322528911261754e+00 1.419731690610461339e+00 1.438306735658714253e+00 1.452395628064437449e+00 1.465908221750045648e+00 1.495436922609726160e+00 1.495990926490835538e+00 1.524602616409429734e+00 1.529418123222485271e+00 1.543983510897338762e+00 1.549572852899400610e+00 1.571080928780728136e+00 1.574723659057085445e+00 1.582412435567064568e+00 1.590443015560579321e+00 1.611572889290475707e+00 1.630455186704090620e+00 1.640400711703617231e+00 1.659790815534798014e+00 1.739800075181775707e+00 1.760241267220782335e+00 1.773636945666991815e+00 1.793783598741867547e+00 1.811658812316402800e+00 1.835567042636820023e+00 1.853257760113519392e+00 1.868096821823779674e+00 1.876724108975878380e+00 1.916867196763111680e+00 1.934147602630391649e+00 1.986497352809193151e+00 2.000602982788445505e+00 2.012174162345537809e+00 2.067077398564655333e+00 2.072589092963213808e+00 2.118608888580112648e+00 2.140264923430546862e+00 2.162900076587990661e+00 2.185011048744324391e+00 2.208933908166737403e+00 2.230849824998864861e+00 2.251208517318146640e+00 2.268658947292084171e+00 2.292971833630869760e+00 2.303951323496240988e+00 2.316469828323153290e+00 2.344265814234423484e+00 2.357337954334388641e+00 2.367645966186298523e+00 2.393864966330251143e+00 2.410206204522281404e+00 2.426236405440360677e+00 2.446786177988307109e+00 2.497592290918007940e+00 2.538234216067465798e+00 2.652916092123783542e+00 2.908567090906566843e+00 2.982262463716747192e+00 3.030543961387897056e+00 3.043324481507280854e+00 3.066347982972339459e+00 3.113186070408101358e+00 3.321424538648829472e+00 3.411084060858677880e+00
4.355721857660067586e-01 4.568743743417680858e-01 4.984788929784484957e-01 5.072735227906172151e-01 5.232635025191481049e-01 5.338296563739353129e-01 5.434954388179712437e-01 5.575484941798174443e-01 5.784111799052824576e-01 5.994050191562729779e-01 6.069241657116795086e-01 6.350803461075043010e-01 6.452361693380666008e-01 6.669151762841668551e-01 6.773909936729333170e-01 6.830852606460671161e-01 7.066440624307098739e-01 7.427524575393542605e-01 7.536085035165923651e-01 7.770098961806906068e-01 7.835274334639170668e-01 8.004072565409239282e-01 8.171686219666615125e-01 8.287476123219753577e-01 8.382653228495263731e-01 8.549904546134011740e-01 8.647101238110369570e-01 8.808669268516055029e-01 8.885204026652910869e-01 9.080749969771320096e-01 9.300593608452407679e-01 9.325534174761556105e-01 9.503291504876181239e-01 9.645791483297890823e-01 9.979916028504104419e-01 1.012402176319443292e+00 1.024918423435386305e+00 1.033183451651553675e+00 1.048357260841072280e+00 1.057920727160370111e+00 1.084765456658202121e+00 1.103114027832643895e+00 1.128140972066214109e+00 1.156407879423784424e+00 1.167012347158986385e+00 1.186961083542154682e+00 1.199676079548439356e+00 1.223053150922346122e+00 1.238249240150984587e+00 1.253888571734106172e+00 1.258627893277772580e+00 1.306744087632040197e+00 1.325305441231693138e+00 1.334923979108066261e+00 1.375856187227017635e+00 1.401361124578013762e+00 1.412707715763133365e+00 1.421556189705444506e+00 1.434278930010685738e+00 1.449867766783384582e+00 1.459780961987600767e+00 1.492003726247368656e+00 1.500035990671500397e+00 1.525281290105739762e+00 1.527831490767170175e+00 1.545618465406057185e+00 1.556136404312922661e+00 1.573403355782300839e+00 1.576001026189562726e+00 1.587462326789671474e+00 1.602346536006482136e+00 1.620173974312573595e+00 1.636841497301420256e+00 1.651389969791281276e+00 1.678127209303382328e+00 1.737630101896424195e+00 1.770459572460474140e+00 1.783830243767451584e+00 1.806577077538259690e+00 1.822770234050151039e+00 1.842331000730628832e+00 1.864443836533639098e+00 1.880904945801311623e+00 1.890358555138342389e+00 1.917357895407905133e+00 1.936752616417461770e+00 1.997822286202620701e+00 2.010094248403319295e+00 2.020362122245019876e+00 2.074931005429914155e+00 2.088285327892625887e+00 2.125890084349284948e+00 2.143834779678398750e+00 2.176278486441001636e+00 2.193416414042423490e+00 2.214123598874663923e+00 2.226083612943190015e+00 2.244114229800045823e+00 2.275344901951890542e+00 2.296178214815132623e+00 2.304649194298497683e+00 2.322131301239727552e+00 2.341684421749449019e+00 2.363081573682823677e+00 2.382181865690796041e+00 2.396045097216135566e+00 2.408319227441066523e+00 2.431953491808974022e+00 2.449195917165664316e+00 2.503330464832230984e+00 2.536591149908350662e+00 2.662620949041103913e+00 2.921074034681278242e+00 2.991365334638758533e+00 3.039621434792307841e+00 3.048590891599941788e+00 3.065367316120330976e+00 3.125690778490385568e+00 3.331705360673100635e+00 3.418613967150452293e+00
3.831143193492950183e-01 4.024664456319149708e-01 4.375580927446724999e-01 4.590588288285686880e-01 4.816557186090687503e-01 4.955638310560440685e-01 5.089182861537173697e-01 5.194971372571985935e-01 5.444564963676575831e-01 5.564983070202140780e-01 5.756821238217104675e-01 5.929400818733355782e-01 6.037748707596015674e-01 6.328931443405324542e-01 6.430026086372049310e-01 6.547191070269468005e-01 6.807829775947780160e-01 7.122884477129796110e-01 7.261897698266046586e-01 7.364994845840507898e-01 7.577921004655712167e-01 7.650034162501355706e-01 7.870941932951411868e-01 8.028755591380090095e-01 8.137478833729151484e-01 8.320465086472877969e-01 8.484222394153467794e-01 8.572586543230714673e-01 8.718347898774940763e-01 8.922195254334709391e-01 9.067282168113580676e-01 9.187791693952119809e-01 9.366371884597788355e-01 9.495455827029369855e-01 9.845367041480735937e-01 9.929271380481929921e-01 1.008685471958116420e+00 1.023417441908147207e+00 1.037251775832279010e+00 1.051772305174906830e+00 1.065123170193978730e+00 1.088780807001697770e+00 1.126883064178453520e+00 1.153002601108524372e+00 1.168744192949578098e+00 1.186494454503469465e+00 1.201831488444335960e+00 1.224693789789605081e+00 1.240536355101103272e+00 1.254315524951467919e+00 1.261290425674731930e+00 1.304633147354911538e+00 1.323204819495206852e+00 1.329715796940848849e+00 1.372375771513602682e+00 1.394358172278467256e+00 1.410042306269451373e+00 1.423042017973840778e+00 1.430258142272103017e+00 1.439095220102975414e+00 1.464993586366776235e+00 1.488892532985468309e+00 1.497138660884442807e+00 1.522316868281786917e+00 1.527253750159985213e+00 1.547330158302990810e+00 1.561877932138207026e+00 1.574488460319374505e+00 1.579927710575507627e+00 1.591957520461357634e+00 1.611154716461879133e+00 1.625866250591194939e+00 1.639252187678981620e+00 1.658482239195226526e+00 1.689636268841416156e+00 1.731723455873949602e+00 1.775452346887039345e+00 1.795795775173244735e+00 1.819948703643711641e+00 1.826455309466725740e+00 1.854547374737643750e+00 1.873479682599482166e+00 1.891646048667428470e+00 1.901729800404583948e+00 1.918402834968174986e+00 1.939102370995824609e+00 1.999698543687041363e+00 2.013175182225956483e+00 2.025757855223059956e+00 2.073039388442085684e+00 2.100713041979384688e+00 2.120589131200924626e+00 2.142867949547532014e+00 2.169031196860092603e+00 2.193412105047426230e+00 2.203981993426138875e+00 2.220495153922154685e+00 2.234546078791898704e+00 2.269481071384348070e+00 2.287521647390821311e+00 2.300686205926831818e+00 2.317088862895815726e+00 2.353350863398306458e+00 2.373450009327199961e+00 2.392910247203654972e+00 2.413295753507164854e+00 2.414723996287848173e+00 2.445521728803481842e+00 2.477592615372199880e+00 2.508038568805598167e+00 2.575445485279930669e+00 2.679164870783983243e+00 2.935380676689654411e+00 2.999821695890106277e+00 3.048067550810021675e+00 3.059955340254203016e+00 3.067562673740126034e+00 3.140764470963619548e+00 3.343879091129678738e+00 3.426786572542328102e+00
3.061127370482827348e-01 3.308662453772434064e-01 3.602368180420071342e-01 3.975371874732053223e-01 4.258494552253886956e-01 4.488014583963946813e-01 4.726826130704582241e-01 4.807934531807498968e-01 4.928464412655548244e-01 5.108613945598654560e-01 5.354760362206955060e-01 5.562747173323830951e-01 5.723525117804972862e-01 5.922973451182401705e-01 6.045538357542549202e-01 6.332000769863981304e-01 6.557361524814558917e-01 6.781407705565520860e-01 6.948843403686423281e-01 7.046215290298343259e-01 7.350166406520514117e-01 7.485749965106128778e-01 7.633339281846460711e-01 7.847928089394567985e-01 7.930734712608045189e-01 8.143387280739643463e-01 8.325690889465896527e-01 8.412503927129353354e-01 8.589915550193575333e-01 8.791676675039639122e-01 8.912257953916331576e-01 9.050734957360991872e-01 9.201169855862569857e-01 9.414560996313947605e-01 9.691384442711188374e-01 9.776555356274034825e-01 9.998138392495730109e-01 1.016761743547756058e+00 1.026116518144789769e+00 1.040751228793448613e+00 1.046937359561849634e+00 1.085240401390769494e+00 1.126703334932463330e+00 1.147644854800120129e+00 1.170334076981322635e+00 1.184989777168038882e+00 1.206716720870708359e+00 1.225810774913450141e+00 1.241448244331412321e+00 1.255196359438818687e+00 1.265653239227376936e+00 1.297513593253951658e+00 1.321690301546864621e+00 1.327747227135567698e+00 1.368214492577783714e+00 1.385438505556592093e+00 1.405449903542357326e+00 1.416398503129859154e+00 1.426473877133705104e+00 1.435368165674872687e+00 1.469912772328043182e+00 1.485016631118305952e+00 1.490331724685050485e+00 1.518493247696716120e+00 1.527190901767571773e+00 1.549504810807462718e+00 1.562542095062865233e+00 1.570040352432658270e+00 1.586717145530473605e+00 1.596799558153940701e+00 1.609230045241920593e+00 1.627769627139671993e+00 1.638346652040527429e+00 1.663898431746835493e+00 1.690524822631688462e+00 1.726884288991704208e+00 1.774826906651940428e+00 1.803856614070612263e+00 1.826113980122005431e+00 1.830694340009598964e+00 1.867433224944933468e+00 1.877316460539674381e+00 1.900341241613846988e+00 1.906559793348055365e+00 1.924049095642824891e+00 1.943683009626919311e+00 1.991679003473230125e+00 2.008582907956072638e+00 2.024708519562721687e+00 2.054952742085655260e+00 2.100578639673973846e+00 2.112006237116331508e+00 2.137785712875685196e+00 2.141500118445465173e+00 2.187579878320501603e+00 2.197964202249442778e+00 2.207141389119442909e+00 2.232335302633664309e+00 2.255223098409741223e+00 2.274853463399890696e+00 2.289004854793843968e+00 2.328837274441856398e+00 2.355935195503833235e+00 2.387049526909026831e+00 2.411530607143283600e+00 2.433969795850140727e+00 2.444877258099128703e+00 2.460354037810674743e+00 2.513566047318387842e+00 2.528496523000973273e+00 2.623790122097118260e+00 2.702718760384093866e+00 2.951055208903591964e+00 3.007785464638271122e+00 3.057372758684709702e+00 3.071886810448920535e+00 3.075782906982841070e+00 3.157511650739196263e+00 3.357701843907960448e+00 3.435494180594234948e+00
2.055565590731373571e-01 2.289215023827376183e-01 2.913560112143067093e-01 3.303329942500085048e-01 3.670429579069420245e-01 3.956385449542011434e-01 4.187132135595936222e-01 4.363030631686987681e-01 4.569212835830661623e-01 4.762456660098831618e-01 5.007385533290040769e-01 5.202283920675924156e-01 5.412452650195347381e-01 5.605798705996646314e-01 5.719323080054864450e-01 6.124524533761038780e-01 6.317011065810007597e-01 6.505889987585166123e-01 6.663304211414355915e-01 6.832676946059724754e-01 7.230810196544251722e-01 7.349162011958476626e-01 7.455839093352591984e-01 7.686626844519263146e-01 7.800288308434655260e-01 7.980722343776166516e-01 8.149200702146064401e-01 8.311395204520889424e-01 8.494350582037283326e-01 8.674146359101926329e-01 8.791828472132300343e-01 8.888538530375489355e-01 9.092319070471325260e-01 9.362603201521554341e-01 9.525438237390511098e-01 9.658503439407438718e-01 9.905042374523046478e-01 1.007461758369387228e+00 1.016581002119043120e+00 1.027907586740468115e+00 1.040703578855193490e+00 1.083638604497893176e+00 1.126870104649995596e+00 1.139904266968333468e+00 1.170665863510577998e+00 1.184075978775280369e+00 1.211547517017159681e+00 1.228262747512929076e+00 1.240730741277811466e+00 1.257186435549658921e+00 1.268588769673967942e+00 1.288275320036898597e+00 1.322846467622053712e+00 1.324059039153741679e+00 1.363839375247797303e+00 1.377420730488704503e+00 1.395426219033154114e+00 1.407610151815016586e+00 1.421079233341074666e+00 1.435970657842470466e+00 1.469643954312790379e+00 1.477909148237019910e+00 1.486266689701983168e+00 1.515149725797328761e+00 1.526608998428858444e+00 1.541751455305840901e+00 1.560232771390571038e+00 1.566351338412904193e+00 1.580761904691143416e+00 1.597346485078314782e+00 1.607373283380356233e+00 1.627680914353718533e+00 1.634480102982886596e+00 1.666454280620399908e+00 1.683525402608142540e+00 1.724264941334908929e+00 1.765345759076266230e+00 1.801977739233019626e+00 1.819617895717279277e+00 1.832215010781076625e+00 1.867765583427291265e+00 1.878852621084132091e+00 1.907014014260178136e+00 1.911134927895998814e+00 1.933539283580429036e+00 1.950208019975270268e+00 1.976537876014194062e+00 1.994038898853344399e+00 2.009066068257940429e+00 2.036218438278952991e+00 2.076805591970940945e+00 2.095813335098139163e+00 2.121535316608842425e+00 2.139845733085425028e+00 2.173788223036926315e+00 2.193381502393896731e+00 2.198555719395647756e+00 2.230094766958867769e+00 2.249348566477831213e+00 2.257618096828399423e+00 2.289350242543724878e+00 2.345229977817134603e+00 2.362633332575139633e+00 2.403390052350257378e+00 2.428777220169571205e+00 2.460336540754312740e+00 2.479307508632890400e+00 2.482421685475474149e+00 2.548510852378353952e+00 2.559099405843883179e+00 2.664298506863328697e+00 2.734936951687840345e+00 2.967281204782557413e+00 3.015784287965945776e+00 3.067599045594983753e+00 3.080119612815660712e+00 3.091978731353525411e+00 3.174894883622178643e+00 3.372639378009613331e+00 3.444568769661801255e+00
9.200171108274510234e-02 1.331526830296869413e-01 2.353334378225769852e-01 2.744083125292227088e-01 3.160368454440447561e-01 3.439499155967710164e-01 3.747474684555384128e-01 4.028423754658784217e-01 4.227614875916222981e-01 4.462015784470723667e-01 4.702869141142180798e-01 4.903472919986194278e-01 5.120018587878885086e-01 5.319661545415309556e-01 5.463799922315727420e-01 5.945106442436911554e-01 6.092799867720369855e-01 6.309144808702407126e-01 6.515462362038223487e-01 6.675206220812028857e-01 7.143753185170329534e-01 7.218761551870529480e-01 7.307814245192589819e-01 7.563022874396087003e-01 7.687007450833206468e-01 7.838412716002227665e-01 8.015830498115830149e-01 8.233476821996118522e-01 8.402287319709786928e-01 8.563337691470152002e-01 8.676312775905717922e-01 8.752482587384012858e-01 9.026074453650637652e-01 9.277807542240099625e-01 9.406220777421274715e-01 9.560740236807504511e-01 9.789081192378866758e-01 9.912067434069423699e-01 1.012103715886556232e+00 1.026048600804801758e+00 1.036108132594133258e+00 1.080949434569846712e+00 1.126479132604167432e+00 1.131349477551085059e+00 1.169636481722410748e+00 1.184346151979484896e+00 1.214641818006461094e+00 1.232384278783489107e+00 1.238524065483732839e+00 1.258975899828729483e+00 1.269716675750573343e+00 1.281271925492153629e+00 1.317163750895355756e+00 1.323626781877936365e+00 1.359178190655679908e+00 1.373034611276067407e+00 1.380467636397333830e+00 1.400978159842090065e+00 1.411967448837409433e+00 1.436002181488838403e+00 1.454776664639202854e+00 1.473608867207696793e+00 1.483264329226515743e+00 1.510170887712701804e+00 1.523950336371103553e+00 1.526870093218718916e+00 1.539557550091017246e+00 1.561164725050661506e+00 1.573849354669415002e+00 1.596481289391492142e+00 1.611952832436860827e+00 1.618120923010403223e+00 1.633604519906459274e+00 1.660618298109871382e+00 1.679408430768283278e+00 1.719807686146807457e+00 1.740672466400742024e+00 1.779909314573403734e+00 1.791029566273627527e+00 1.829385308088584905e+00 1.843629471980656742e+00 1.885680316682403879e+00 1.913656236720459480e+00 1.919207427678711664e+00 1.943421232065360105e+00 1.954248195405641431e+00 1.963908281267730205e+00 1.975884059245687219e+00 1.989869507771248047e+00 2.018929195660386977e+00 2.042605396494959091e+00 2.081825691745733842e+00 2.116592591701402792e+00 2.138783313517613749e+00 2.158370511605004705e+00 2.188221700967189598e+00 2.204444527232436446e+00 2.225913895644458407e+00 2.243553907399534086e+00 2.257452620565862489e+00 2.298296824744936018e+00 2.358940492767668484e+00 2.376675666881093996e+00 2.417879771313519832e+00 2.446243202093817626e+00 2.485961692232931952e+00 2.508854388652510981e+00 2.514031307345206301e+00 2.579351448332667829e+00 2.591546963543258197e+00 2.693093853984263486e+00 2.773779418834408705e+00 2.982793838282116639e+00 3.024547618463757193e+00 3.077736683319969302e+00 3.090352032061790322e+00 3.108804806967403689e+00 3.191881278183811066e+00 3.387903874305470797e+00 3.453799274420751075e+00
5.398067928052235204e-02 1.271840193474157721e-01 2.105990183556794293e-01 2.440003034168337359e-01 2.892416048089391234e-01 3.186109788621914740e-01 3.432742408448471449e-01 3.746935352406570163e-01 3.933426490602706105e-01 4.220778695458581309e-01 4.459062242869963888e-01 4.691149470904735774e-01 4.880120985269477685e-01 5.104406070249113414e-01 5.244919650698769420e-01 5.783601847612386271e-01 5.940723247198377299e-01 6.160127684024566674e-01 6.451287188682731655e-01 6.580945638550935728e-01 7.057120857936634017e-01 7.097408826260570569e-01 7.190331799455111916e-01 7.466786454452403188e-01 7.576367849733455229e-01 7.728176245923618071e-01 7.944629691218514367e-01 8.169030304687678878e-01 8.298201003752969651e-01 8.466050094026699169e-01 8.559653148304415815e-01 8.685950539241590329e-01 8.951466389558493386e-01 9.151277766419327886e-01 9.350143865771135543e-01 9.471884611433103451e-01 9.692517062265409988e-01 9.756922369846239285e-01 1.011708477542096363e+00 1.026631682435220183e+00 1.032463528147941734e+00 1.076326362808085912e+00 1.119919918226995437e+00 1.128791141886421601e+00 1.168429790584257777e+00 1.184504858817531314e+00 1.216054801463820167e+00 1.234635343074660607e+00 1.237550914283416459e+00 1.258849502668089704e+00 1.270680339612124232e+00 1.277740110380718663e+00 1.307951508891806558e+00 1.320636385387617961e+00 1.354917866673708282e+00 1.363983317222991154e+00 1.372043780802954416e+00 1.392621037324486943e+00 1.398563094470797852e+00 1.425907781932259422e+00 1.435058237240734558e+00 1.462080138511492100e+00 1.476633854722677164e+00 1.497712036960516802e+00 1.511840018642923944e+00 1.515663961791106074e+00 1.521518131108629435e+00 1.550193573388703561e+00 1.575017441867226031e+00 1.585884059126585255e+00 1.609666939069891445e+00 1.621068651799328020e+00 1.628457647450457069e+00 1.649317363950789650e+00 1.663268057062176286e+00 1.694322266175544378e+00 1.715379726576211183e+00 1.733904734043975049e+00 1.754113322089063454e+00 1.796161119400676132e+00 1.836259150561434739e+00 1.891578568737956267e+00 1.912554721193092666e+00 1.925317050529736118e+00 1.935489728018596089e+00 1.956883076217759587e+00 1.964048344515003874e+00 1.970130788869824956e+00 1.978434116379719665e+00 2.006706861402827169e+00 2.019586316441067453e+00 2.076298783818173010e+00 2.111080148533957868e+00 2.132301546176982754e+00 2.162307602160082887e+00 2.188251428264209153e+00 2.207151223172883370e+00 2.222802887282524065e+00 2.244368954022170737e+00 2.265141193501719385e+00 2.309207619981522353e+00 2.371602624560703809e+00 2.391518843658345883e+00 2.430809660469675393e+00 2.464575872364842546e+00 2.508615852566565163e+00 2.536225444913550398e+00 2.544359660648852106e+00 2.605568306838213388e+00 2.621781340711451858e+00 2.713968646998877521e+00 2.812329684816461395e+00 2.996064840485693992e+00 3.034768245573773005e+00 3.087163110329355753e+00 3.101773299445120813e+00 3.125015268540130897e+00 3.207564199914452185e+00 3.402543624351590523e+00 3.462927635893356282e+00
1.440665278357690371e-01 1.939829795629021969e-01 2.288968784054317418e-01 2.534413748135883049e-01 2.951024954869412853e-01 3.206456083097685705e-01 3.403889495058524117e-01 3.546584545642685882e-01 3.778030915167668313e-01 4.059535213491587413e-01 4.287386799925241299e-01 4.542898500308663601e-01 4.709062221600807119e-01 5.016939246662120988e-01 5.117485356080796466e-01 5.627664667977960722e-01 5.843446463492089071e-01 6.064056181365273801e-01 6.430732605559852377e-01 6.560737035697494779e-01 6.969645951050800203e-01 6.982151491858260561e-01 7.120286932945815161e-01 7.365979080141213942e-01 7.508983777147485439e-01 7.660889459778206234e-01 7.915393673069657243e-01 8.110920475350607006e-01 8.200642214306618216e-01 8.388303466908820782e-01 8.470243919734804505e-01 8.660959789311445389e-01 8.847853876376928772e-01 9.064844264814329033e-01 9.291695558587493853e-01 9.382218966336465238e-01 9.558909088664419018e-01 9.736955152038536676e-01 1.012302189567629629e+00 1.024522230078906970e+00 1.032198918337861038e+00 1.070529274551585530e+00 1.110682589570440637e+00 1.129235285655658449e+00 1.167943374302946147e+00 1.183450841932362163e+00 1.217249377475985606e+00 1.229110738174411521e+00 1.241881598080818883e+00 1.258162454115705042e+00 1.268533064154375722e+00 1.278164242359241864e+00 1.296580276245692165e+00 1.313524230045590269e+00 1.343153574794262894e+00 1.352979851391761912e+00 1.365598659622197619e+00 1.376962175979997483e+00 1.384530800963086339e+00 1.394745540515680782e+00 1.421122314838345391e+00 1.445747255736837156e+00 1.465529765552231467e+00 1.482159987551004976e+00 1.492387882332012916e+00 1.510318334472003921e+00 1.516055352915195442e+00 1.537700730367587809e+00 1.556345946313178574e+00 1.584529864226215556e+00 1.593368309001797378e+00 1.607616911147538907e+00 1.620405482615558501e+00 1.627018046583673883e+00 1.633341950674986442e+00 1.654170841397869296e+00 1.681230372727290590e+00 1.704834700564887395e+00 1.736253093066680186e+00 1.763730434222557042e+00 1.834300407710904190e+00 1.855590285875924117e+00 1.905482362217634673e+00 1.928044932914950049e+00 1.943134433683419315e+00 1.964131097425956929e+00 1.968769076643137383e+00 1.974031709588353722e+00 1.979494023681365844e+00 2.002499142308155733e+00 2.012471649469021351e+00 2.073665264845201861e+00 2.107076898372190588e+00 2.132661735662600755e+00 2.171311839788810261e+00 2.187003957048988756e+00 2.204278461655007071e+00 2.228138028258643377e+00 2.249033709051994290e+00 2.272928559691594685e+00 2.319902626045843075e+00 2.383130275837532785e+00 2.404232968100620926e+00 2.442869040115657864e+00 2.481786851381313053e+00 2.527479325884126826e+00 2.560327907635653322e+00 2.570127600189325623e+00 2.627278176900964990e+00 2.647704898598446821e+00 2.730003055969599135e+00 2.845765507263576577e+00 3.006098413657605217e+00 3.046351343799431177e+00 3.095672630594081820e+00 3.112974226961240376e+00 3.139709789959291175e+00 3.221223074667209474e+00 3.415596178481609790e+00 3.471612287350101411e+00
1.937879123096587775e-01 2.180473767611298408e-01 2.668734644788413046e-01 2.857789822725076978e-01 3.146294368088486393e-01 3.398377622138822884e-01 3.601488662383623418e-01 3.749787072591351245e-01 3.876676664209897094e-01 4.193511834289895823e-01 4.333315945340166508e-01 4.452070040877485479e-01 4.609339889150156910e-01 4.888226388675359080e-01 5.321812633929370318e-01 5.503918991000978922e-01 5.774607111294604023e-01 5.996251473399424325e-01 6.424045820861801204e-01 6.646688377628930944e-01 6.873826858978115961e-01 6.915150560651426304e-01 7.090889847702385174e-01 7.276999269164490247e-01 7.472596373390748559e-01 7.649165278785591271e-01 7.908628415243771359e-01 8.053686077757344908e-01 8.139068134700606638e-01 8.332580757405221306e-01 8.415277759772201716e-01 8.653808641496294474e-01 8.763566642602477197e-01 9.008671630399008867e-01 9.237365632607360544e-01 9.298685725426488746e-01 9.440324231639229957e-01 9.791945422862888826e-01 1.013064267330126889e+00 1.019694046737521731e+00 1.034772752904295379e+00 1.064851535673215555e+00 1.101806830158858164e+00 1.130053980235286470e+00 1.167400542471594305e+00 1.182418776473273425e+00 1.218628442687613944e+00 1.221027939439136567e+00 1.244217970887439684e+00 1.256045324244054129e+00 1.259099517197844076e+00 1.279143768777298185e+00 1.285331573354470125e+00 1.303958945410174985e+00 1.321524075861190806e+00 1.328179816423610937e+00 1.347785545225658632e+00 1.356513891476926581e+00 1.366939952126192459e+00 1.383650953482681079e+00 1.411221953505937377e+00 1.428978335618063644e+00 1.444134985174949426e+00 1.466944267383375466e+00 1.482373521437094777e+00 1.489124061494197404e+00 1.499162931976856905e+00 1.509672901787270538e+00 1.525990218193204573e+00 1.549938493159489505e+00 1.570111173781259861e+00 1.587206628694620925e+00 1.603931913527458120e+00 1.614998886742005535e+00 1.623270771148044078e+00 1.639682205641141088e+00 1.662512941117345378e+00 1.688033226137376719e+00 1.730291822267485458e+00 1.746559133396086372e+00 1.787205018304115711e+00 1.841686816584522379e+00 1.913824971657929863e+00 1.931607588317824753e+00 1.953182089338542315e+00 1.968685481915255941e+00 1.974358207631317752e+00 1.980104594922933892e+00 1.984669163990492757e+00 1.999665603558290927e+00 2.015758204528380837e+00 2.072242515215274139e+00 2.104705698380937573e+00 2.137463153577362718e+00 2.178342547481434188e+00 2.184308425406992882e+00 2.203883417127923128e+00 2.234033141722024052e+00 2.254805876086396932e+00 2.279470310869748939e+00 2.329184438376861177e+00 2.392680610348347781e+00 2.414267523490059464e+00 2.453534475335024556e+00 2.496311570161153348e+00 2.542189604685505255e+00 2.579785325281319874e+00 2.590622153484276602e+00 2.644414121518059435e+00 2.668356936478399888e+00 2.742288415282241321e+00 2.872139406308617637e+00 3.013056611839458387e+00 3.057889712149518324e+00 3.102999133378856911e+00 3.122773640570163600e+00 3.152087665498064517e+00 3.232325153319346889e+00 3.426271381649986569e+00 3.479376656255811717e+00
2.247820673710478334e-01 2.363876522444876283e-01 2.535802931638654889e-01 2.737947983978816779e-01 3.516502305381862259e-01 3.586839686165488317e-01 3.757837117504521096e-01 3.862875130950608193e-01 4.170808929719547753e-01 4.331482304583203491e-01 4.429480941517641157e-01 4.705046450792705892e-01 4.895181358811916961e-01 5.177108905549976381e-01 5.362201464099115578e-01 5.705257103279376407e-01 5.823263304398398343e-01 5.954222092035216241e-01 6.395690277290264625e-01 6.761247499586671150e-01 6.792648604466595685e-01 6.950659817883623193e-01 7.121811308361344350e-01 7.221122131272036393e-01 7.448649337567916362e-01 7.685276441465109798e-01 7.911878980960916907e-01 8.003648481828722350e-01 8.122787827434291286e-01 8.309628260583913351e-01 8.389419701658032968e-01 8.621791114467052264e-01 8.783214169242434810e-01 8.962610121572084365e-01 9.191452617940928382e-01 9.231704960445596964e-01 9.372643148843433636e-01 9.869956116441837013e-01 1.012717937872080531e+00 1.015674286530656945e+00 1.038044259464656838e+00 1.059858571355883017e+00 1.094704038697898785e+00 1.131002613997385442e+00 1.166048172359062329e+00 1.182517686253030886e+00 1.208516199677753811e+00 1.215217509456203437e+00 1.231811498440388286e+00 1.246800274524190177e+00 1.258419514184473398e+00 1.267492518945624980e+00 1.279187023726271244e+00 1.294622806246907176e+00 1.298539739793750591e+00 1.305300616769752287e+00 1.313413831769763229e+00 1.334490236326572710e+00 1.362416288927416952e+00 1.384141693810708951e+00 1.397126671752903393e+00 1.403002456541242893e+00 1.412335795968861829e+00 1.433959584180809932e+00 1.444204541984884793e+00 1.460429392297194706e+00 1.480870253689601457e+00 1.490819545397331192e+00 1.516769772052865450e+00 1.534161452848204155e+00 1.559707011033041324e+00 1.572359845768843911e+00 1.599418324473791619e+00 1.610049387841131940e+00 1.622848886641771848e+00 1.634732686250045752e+00 1.649735372474298467e+00 1.673550471962204744e+00 1.719522672769107974e+00 1.729631572458275590e+00 1.757012823976842331e+00 1.843176624057033752e+00 1.921140951637383854e+00 1.934130255503375917e+00 1.961338310961766584e+00 1.971504375857476621e+00 1.979475991130501766e+00 1.984556646322252371e+00 1.989629856746243153e+00 1.998958023411961937e+00 2.021228737559122912e+00 2.071407545703804143e+00 2.103366226961182583e+00 2.143667362123023334e+00 2.175363228541782767e+00 2.188977606149576260e+00 2.204885666868348970e+00 2.238252944635183095e+00 2.260132321723200555e+00 2.284287805874991140e+00 2.336282532549109447e+00 2.399714447480768786e+00 2.421551837292725384e+00 2.461881987975936159e+00 2.507218846198863371e+00 2.552650497876070013e+00 2.593939580176731763e+00 2.605462754185729590e+00 2.656828168503504894e+00 2.683284803618890990e+00 2.751092644127888232e+00 2.890898089390212089e+00 3.017601672544138580e+00 3.067504676508648220e+00 3.108748502674027581e+00 3.130329449764944538e+00 3.161464383064576555e+00 3.240497134733546947e+00 3.434073805923369083e+00 3.485609024464140671e+00
2.297998377713108831e-01 2.499565198281350209e-01 2.583018306411323239e-01 2.639743174866183151e-01 3.487309891678614382e-01 3.546815553592220782e-01 3.910984924748732161e-01 4.020257330796108142e-01 4.225636390245086083e-01 4.385535834558780266e-01 4.630395502040406397e-01 4.802204967142115755e-01 5.193501525059228685e-01 5.251791767058999749e-01 5.631009169005473103e-01 5.860569006601513697e-01 6.008936758598804051e-01 6.323285008402478313e-01 6.398088469161015146e-01 6.727250323472766524e-01 6.762008181908696347e-01 7.041124505402105438e-01 7.148136096490558256e-01 7.335963095527999744e-01 7.433884208921003323e-01 7.731638023673722548e-01 7.930045046416170917e-01 7.968746807200079996e-01 8.127808057296871391e-01 8.326833096381550670e-01 8.379726697634549692e-01 8.597129627896377135e-01 8.878260968450352175e-01 8.929197810931361889e-01 9.143349687052181318e-01 9.187056839684298870e-01 9.359615634271417628e-01 9.941401053968206281e-01 1.009482754149330974e+00 1.015476590056436201e+00 1.041100653551103372e+00 1.055846098511366460e+00 1.090888394051011234e+00 1.131924945942929250e+00 1.164897314541422535e+00 1.175596325642310536e+00 1.184691405905566208e+00 1.208016030130967478e+00 1.229744264966209588e+00 1.231830511078231272e+00 1.251959923731562174e+00 1.260009255708558928e+00 1.266885950613558354e+00 1.275254060404007905e+00 1.284423457106816491e+00 1.291403479649193553e+00 1.299367402946512540e+00 1.309898622134706647e+00 1.353175869122891006e+00 1.361919627695092894e+00 1.375070975083803271e+00 1.387001060869017532e+00 1.391602097039390529e+00 1.412605539734272497e+00 1.424741658421763146e+00 1.450692972872810849e+00 1.477961920104633897e+00 1.483213963181749584e+00 1.517081368416526965e+00 1.532934372679764179e+00 1.549304881964660430e+00 1.566785202869951599e+00 1.594961320619185052e+00 1.604765978155223261e+00 1.615641318179319885e+00 1.627131020694775332e+00 1.648097630466172969e+00 1.669529185115984804e+00 1.690947636250739627e+00 1.730272196472413926e+00 1.753413700459445002e+00 1.844476430498062314e+00 1.926004291846159955e+00 1.935556013707592005e+00 1.966659224932263195e+00 1.973064109873478689e+00 1.983302886360699624e+00 1.986286523889508659e+00 1.992627424635284639e+00 1.999941708760797132e+00 2.025428914097677779e+00 2.070931839843002109e+00 2.102658442793924998e+00 2.149360127565015599e+00 2.170614103275624984e+00 2.193562115515755639e+00 2.205707095085383873e+00 2.240708999827834003e+00 2.263803401312359131e+00 2.287206628020710397e+00 2.340715247056196713e+00 2.403990239944890472e+00 2.425996339066676111e+00 2.467174273305785537e+00 2.513960134263102830e+00 2.558889930927391365e+00 2.602500439801789245e+00 2.614438276122163618e+00 2.664359696435264713e+00 2.692287846245961624e+00 2.756416266431568118e+00 2.902050599049061930e+00 3.020197675360009271e+00 3.073774370837981440e+00 3.112467742203464116e+00 3.135079231110069475e+00 3.167312576469884622e+00 3.245493432224981323e+00 3.438787810942776524e+00 3.489672759600091823e+00
2.254092784268879324e-01 2.553744650812733163e-01 2.564537865691099428e-01 2.706429982437251747e-01 3.468974077093512354e-01 3.516058953389250008e-01 3.982382055236478591e-01 4.001783657138328620e-01 4.227702009459077259e-01 4.460422364168090126e-01 4.596904026675257549e-01 4.985046279840417704e-01 5.181182368162193796e-01 5.341278412046632784e-01 5.603418148219341255e-01 5.871110542080575367e-01 6.256561218371966548e-01 6.329242250114798241e-01 6.616596846345141891e-01 6.705742303031081430e-01 6.744664482209686840e-01 7.086518178204177509e-01 7.118159805310115829e-01 7.426253423252033858e-01 7.459586917360907510e-01 7.748443753286660129e-01 7.953822859811959800e-01 7.955022581642606783e-01 8.128175285660659277e-01 8.349788763554493176e-01 8.376661128244636823e-01 8.588192334560896812e-01 8.913928848920182890e-01 8.947973993924165370e-01 9.112338525992319527e-01 9.169244018530541274e-01 9.364976457574381019e-01 9.972167405920917549e-01 1.007903863642932940e+00 1.015673861350444351e+00 1.042447115023644288e+00 1.054153284817247238e+00 1.090030497170441315e+00 1.132420842221109059e+00 1.159099379126001139e+00 1.165296722734511681e+00 1.182786619690552765e+00 1.206378221802226314e+00 1.220740767745200461e+00 1.233742361114367192e+00 1.239940224029009608e+00 1.257631514630957348e+00 1.258952133831987563e+00 1.270198205165838035e+00 1.274584309377472691e+00 1.280819448019750784e+00 1.298106836588261981e+00 1.306703752596718671e+00 1.340478338670807235e+00 1.351872654948360175e+00 1.371918535907877379e+00 1.378917329141847059e+00 1.389820039325151191e+00 1.411349207145113027e+00 1.419271925466044637e+00 1.448001986557702514e+00 1.477125008491977809e+00 1.481591415595152839e+00 1.518026539358225291e+00 1.534134633276735604e+00 1.542977553692639558e+00 1.566665883451126007e+00 1.584717336837117241e+00 1.604172759759094458e+00 1.613570978378003229e+00 1.627706102648762920e+00 1.648742621049652968e+00 1.668481933798750871e+00 1.681243271640456172e+00 1.730633357470684031e+00 1.752991098402234105e+00 1.844950398524690227e+00 1.927713172911257544e+00 1.936005531454371820e+00 1.968532973315586077e+00 1.973549749602629078e+00 1.985189606820927377e+00 1.986092958902867078e+00 1.993604137790567998e+00 2.000618298658853877e+00 2.026968412033246292e+00 2.070771048485489541e+00 2.102432178571225219e+00 2.152043559323464361e+00 2.168274957312849249e+00 2.195232476764390928e+00 2.205972198638676662e+00 2.241513587388984874e+00 2.265103464824993917e+00 2.288181070214362567e+00 2.342220443265269569e+00 2.405422089810651975e+00 2.427493283743487051e+00 2.468984049599972863e+00 2.516238821894643429e+00 2.560961738935479737e+00 2.605361994789264113e+00 2.617441167485027087e+00 2.666885573581455393e+00 2.695294015240765173e+00 2.758200422748224856e+00 2.905744350728038494e+00 3.021046086622805937e+00 3.075938784161053707e+00 3.113761781564512887e+00 3.136698028105080471e+00 3.169299799238572746e+00 3.247174061440361026e+00 3.440360334306454160e+00 3.491086706533468309e+00
2.271496567297589253e-01 2.572997239456576435e-01 2.596131767674803581e-01 2.754516569529339987e-01 3.229045833356024575e-01 3.666375747506935845e-01 3.937247586804156207e-01 3.966961932625882037e-01 4.313305033619364570e-01 4.315096027443334759e-01 4.638125864228493933e-01 5.113951261269853443e-01 5.242748078963278546e-01 5.405242531647972415e-01 5.616141093708639787e-01 5.846501260689983548e-01 6.229064043182210852e-01 6.257842782674365445e-01 6.577065127417691670e-01 6.662004543579682636e-01 6.757544913077659920e-01 7.094667981014861624e-01 7.102555489513016074e-01 7.449856183954970401e-01 7.467890494479080266e-01 7.698888516763258139e-01 7.899947780657000651e-01 7.960310803118161305e-01 8.190025070937172469e-01 8.333328228366789769e-01 8.435108817686969296e-01 8.601431208516189253e-01 8.889229484423953886e-01 8.948316354807627215e-01 9.091349481061991034e-01 9.224102060399813618e-01 9.359514710144790639e-01 9.931679158279986819e-01 1.008393500868521642e+00 1.016333362794403117e+00 1.042308493980877326e+00 1.054944631134062005e+00 1.088561707225585984e+00 1.132261882163152267e+00 1.159025745729013845e+00 1.166386055326410487e+00 1.183041845421952232e+00 1.207197459744543400e+00 1.219471975541607245e+00 1.238527372427796314e+00 1.241173823140128585e+00 1.257577753113667596e+00 1.257662488324514660e+00 1.266560725005745791e+00 1.274364110201269273e+00 1.280865493911796715e+00 1.293492158196743569e+00 1.314234222918499118e+00 1.340443681174036339e+00 1.351806066134564777e+00 1.371175119081653682e+00 1.378952977981183103e+00 1.387929062981203998e+00 1.411269084302957166e+00 1.419279168854634676e+00 1.448000335812051897e+00 1.474277661668091710e+00 1.486458058142468230e+00 1.519050691781019591e+00 1.533893507246712806e+00 1.542977691569035192e+00 1.566952348701429631e+00 1.584717690149452851e+00 1.595040200435030808e+00 1.617883475937141435e+00 1.632002122969922642e+00 1.650793185798547613e+00 1.668481801688387556e+00 1.679554174263228283e+00 1.729957193498739887e+00 1.752442427363175570e+00 1.844435591536358610e+00 1.927712851286630613e+00 1.936332887751449627e+00 1.968631375761972890e+00 1.971115267488634748e+00 1.985773498727895214e+00 1.987393227171171839e+00 1.993550682506572747e+00 2.000964564418382441e+00 2.026896743336705331e+00 2.071196662649811504e+00 2.100848617701954524e+00 2.152043562509085906e+00 2.168229486175678566e+00 2.195232460944568142e+00 2.206611904882262998e+00 2.241307430184015459e+00 2.263751961839225224e+00 2.292136431419108167e+00 2.342388428501173347e+00 2.404468736597614953e+00 2.427244318189936578e+00 2.467479874241662152e+00 2.516594762576754185e+00 2.556468974659997340e+00 2.603615747905268840e+00 2.618121228957639435e+00 2.670249298650561709e+00 2.702607822601584164e+00 2.757678841848008489e+00 2.901251567602282755e+00 3.023267955393556861e+00 3.072909821224580895e+00 3.116455479890727354e+00 3.136709708436774324e+00 3.166870227149226835e+00 3.249560696939213233e+00 3.439229473114863822e+00 3.490237212688087176e+00
2.323141212569177494e-01 2.626714987798611789e-01 2.686527148789075725e-01 2.888143634584039443e-01 2.984355572825204694e-01 3.551556019499942929e-01 3.777308944869978702e-01 4.046079316524986424e-01 4.129765924626112028e-01 4.459093355806497683e-01 4.765251162772262128e-01 5.336548351756036368e-01 5.386266978073760425e-01 5.564345370385377354e-01 5.638295560257803318e-01 5.781760159863517101e-01 6.113493978545955221e-01 6.151782387017558085e-01 6.470449657153231060e-01 6.518476605279027725e-01 6.753349663497850708e-01 7.094605771853617071e-01 7.112067764366267753e-01 7.423751745987379191e-01 7.486857267846208641e-01 7.700837963284244969e-01 7.862604619584872001e-01 7.974592668960830411e-01 8.208172778582338847e-01 8.296547717477443795e-01 8.558265644010327744e-01 8.629090170297805118e-01 8.850924342649487686e-01 8.949367646774001317e-01 9.069468968178282520e-01 9.324600334732568996e-01 9.346100253482186870e-01 9.846907916252586324e-01 1.009590270937767542e+00 1.017625914807678278e+00 1.041954012497797066e+00 1.052922416430031038e+00 1.087142129197845142e+00 1.132805541753120426e+00 1.158843293421662146e+00 1.170022351137055550e+00 1.183706542774451531e+00 1.209754934069800836e+00 1.216748218165156992e+00 1.243565407738852047e+00 1.243809925082551393e+00 1.254314187617004084e+00 1.257729094479809184e+00 1.262098551992462570e+00 1.273806211631656637e+00 1.280970486127846586e+00 1.289908423832587081e+00 1.326785550900407173e+00 1.340359387167075367e+00 1.351642518266377602e+00 1.366985716374830018e+00 1.379039619477315570e+00 1.383815280090526345e+00 1.410976129927620004e+00 1.419297018177372527e+00 1.447996354287580667e+00 1.470714501178975286e+00 1.495573255050688832e+00 1.521279680531225864e+00 1.533513077235657551e+00 1.542978034728974990e+00 1.566757241218534658e+00 1.584175799976272225e+00 1.584718552805423064e+00 1.617526284253442803e+00 1.641393434709208954e+00 1.657104394678031944e+00 1.668481478192998413e+00 1.675668134589860969e+00 1.727343446954473949e+00 1.751362323998714832e+00 1.843167949233510683e+00 1.927712063125418540e+00 1.937213768159178118e+00 1.966353533027447531e+00 1.968881725983016473e+00 1.985013418547776798e+00 1.991733975003716406e+00 1.993449556057009797e+00 2.001754417620496884e+00 2.026717952293602742e+00 2.072195024265763408e+00 2.096771232584318856e+00 2.152043570358997737e+00 2.168370186273553823e+00 2.195232422397323191e+00 2.207741378029038248e+00 2.241580354271764275e+00 2.260920211366809429e+00 2.301023746892316701e+00 2.343261277715178892e+00 2.401038570017156371e+00 2.426711905850083451e+00 2.464082497475244438e+00 2.517735616225370343e+00 2.546888692536998899e+00 2.599012307484191542e+00 2.618913210757171317e+00 2.681973930534953254e+00 2.717602209316503536e+00 2.756157288428383811e+00 2.889516187566351757e+00 3.028720318075510676e+00 3.067631090375016356e+00 3.120380199441860292e+00 3.137395583242899022e+00 3.160806628465284263e+00 3.255458175053367320e+00 3.436233752843520062e+00 3.488242967812628770e+00
2.398018966940379804e-01 2.660851901981500789e-01 2.813025625717331391e-01 2.851144060187344453e-01 3.079788014297962229e-01 3.339678596491714724e-01 3.583809957131523505e-01 3.773900733732556412e-01 4.311989639586095158e-01 4.601773340673221413e-01 4.947393450790542047e-01 5.497970079736977933e-01 5.547547552613909527e-01 5.599516761825952260e-01 5.752129018661811255e-01 5.761868887810900342e-01 5.993281865391606456e-01 6.044457707062949048e-01 6.322960138062080349e-01 6.338260029130661222e-01 6.695430999442184561e-01 7.118290847795579745e-01 7.127510045195910582e-01 7.341195979125619830e-01 7.504751721882894078e-01 7.770775724923046912e-01 7.875464454833187578e-01 7.991936917410183971e-01 8.225601121352027478e-01 8.260694114328096527e-01 8.561288719325230723e-01 8.652918883398785788e-01 8.825714792940392295e-01 8.951029530811313029e-01 9.121679873524221049e-01 9.332034804728529531e-01 9.399843305537539662e-01 9.771356200396769109e-01 1.010836643678079350e+00 1.020787040494586684e+00 1.041558337823315084e+00 1.043694404197489600e+00 1.089242269345742864e+00 1.134286245778486801e+00 1.158650189399029751e+00 1.175075718428195248e+00 1.184468334258202304e+00 1.213847030493773849e+00 1.214239719466640111e+00 1.235181239649809193e+00 1.246228247126823785e+00 1.253931101833483552e+00 1.257774240291001933e+00 1.261000291280844676e+00 1.273197210170348148e+00 1.281065992200890236e+00 1.294659778708361353e+00 1.338926044369012525e+00 1.340273736660917425e+00 1.351469742486874237e+00 1.358972846499321152e+00 1.378808977522081980e+00 1.379128873387369447e+00 1.410816661923512738e+00 1.419315907449604008e+00 1.447992433006150215e+00 1.468160022534704456e+00 1.505735797436943413e+00 1.521505321127144761e+00 1.534881450788352364e+00 1.542978406931700741e+00 1.563094317969748293e+00 1.578584126594446690e+00 1.584719443016249896e+00 1.615783970449066187e+00 1.648333222668489695e+00 1.661740050783940381e+00 1.668481142225146652e+00 1.675596023416124014e+00 1.722561242269605941e+00 1.750672563444582108e+00 1.841828298125537389e+00 1.927711243282978382e+00 1.938315737913795855e+00 1.961980542626817980e+00 1.969157694244954016e+00 1.984249051254081131e+00 1.993373181683455009e+00 1.995852302143271029e+00 2.002510458453091058e+00 2.026526896609581740e+00 2.073213801762268105e+00 2.092181752980294629e+00 2.152043578696362758e+00 2.168784799024652266e+00 2.195232382937696958e+00 2.208382626691792083e+00 2.242987564051162064e+00 2.258031672331882955e+00 2.309578489700090387e+00 2.345601931015842911e+00 2.395109792261237214e+00 2.426278616219013529e+00 2.461070986514683145e+00 2.519969123690404711e+00 2.537376597502600362e+00 2.594391964495862624e+00 2.619555239464196550e+00 2.696341906344045469e+00 2.732374514159028767e+00 2.753427850118148612e+00 2.875816772747300742e+00 3.034055033873566121e+00 3.064799491725741731e+00 3.120701867806254359e+00 3.139981403534432669e+00 3.154023161767816053e+00 3.261719141183206272e+00 3.432752923385285371e+00 3.486314884767019784e+00
2.456400504847598143e-01 2.582258700279650432e-01 2.908860070465689174e-01 2.944023540608501910e-01 3.165785481018153491e-01 3.228195488932359414e-01 3.453017831509440638e-01 3.602249322524876951e-01 4.403188205956591883e-01 4.671730907618187323e-01 5.098668471609860697e-01 5.421001073672093717e-01 5.579075001374117493e-01 5.685182246473927670e-01 5.798771754795953859e-01 5.839677084532729490e-01 5.970714219008271817e-01 5.999304769361697431e-01 6.200535626742569306e-01 6.232693641678005436e-01 6.653289456489849263e-01 7.134364676905491365e-01 7.136894874482593298e-01 7.301298888872008730e-01 7.512702429361447498e-01 7.765191244069489240e-01 7.940741324982458771e-01 8.000945950931500628e-01 8.244647077977373950e-01 8.264902532933066093e-01 8.481425683737606747e-01 8.661917063102314573e-01 8.816054194036747615e-01 8.952710968778624379e-01 9.188367427891298567e-01 9.325119438348147272e-01 9.415206121615183887e-01 9.742271606572510123e-01 1.011447531004722178e+00 1.026571881985081092e+00 1.033693620333494101e+00 1.041349211037113420e+00 1.091349561584802119e+00 1.135077418795704229e+00 1.158554234124903104e+00 1.178053209930274958e+00 1.184870954622668782e+00 1.213092003003337638e+00 1.219053406094435577e+00 1.226235522075729056e+00 1.247338331855261995e+00 1.253700864729231812e+00 1.257768611570414974e+00 1.260005524017906886e+00 1.272911936246830189e+00 1.281096481522300934e+00 1.300513612769969019e+00 1.340236437146288706e+00 1.344967521391494225e+00 1.351378490524799414e+00 1.353517699742111446e+00 1.375330838296970226e+00 1.379172234051403434e+00 1.410934078980437212e+00 1.419325720666489987e+00 1.447991092966874893e+00 1.467355221660188169e+00 1.512586704644957480e+00 1.518820829530516336e+00 1.537464845518930812e+00 1.542978614259835402e+00 1.558813860808980545e+00 1.577613097175831314e+00 1.584719863290801278e+00 1.614864285146283995e+00 1.652657619792749388e+00 1.658944093998621083e+00 1.668480981501992311e+00 1.680174550792618904e+00 1.718963079310833253e+00 1.750504879672728276e+00 1.841137637371236035e+00 1.927710851525566094e+00 1.938996840617106310e+00 1.959843021371355798e+00 1.969297342479519708e+00 1.983887380657958444e+00 1.993341391143638619e+00 1.997896815356229983e+00 2.002858813697529605e+00 2.026432444409818956e+00 2.073788042746696814e+00 2.089714020036053554e+00 2.152043583184386044e+00 2.169005243243686376e+00 2.195232365236533312e+00 2.208615149780265519e+00 2.244121533484475961e+00 2.256457249427214151e+00 2.313435777937713933e+00 2.347991729433084096e+00 2.390654814056560884e+00 2.426087120104271744e+00 2.459889253576983403e+00 2.522605856578211458e+00 2.531500322518790203e+00 2.592451670818213039e+00 2.619785812415142967e+00 2.703803488999036997e+00 2.742034277271553577e+00 2.749721511881368929e+00 2.868295400701966980e+00 3.036165203844840121e+00 3.064667281270039290e+00 3.119013806370501740e+00 3.143140624589149557e+00 3.149762346307889427e+00 3.264781371563479695e+00 3.430946524290877431e+00 3.485468113745026297e+00
5.180583467155163158e-01 5.782947743273146868e-01 5.932685059349428469e-01 6.127886029545507318e-01 6.231172841656003047e-01 6.339145855952474928e-01 6.590503368818250163e-01 6.660563655530199467e-01 6.876492159993643494e-01 7.080940708775078640e-01 7.203390788443304604e-01 7.232765949175959941e-01 7.330491089222538337e-01 7.632382781500756108e-01 8.112649888592853298e-01 8.176218888523646422e-01 8.470685309969908650e-01 8.583617817722115628e-01 8.653851221393330517e-01 8.705388468102671640e-01 8.893800976705810157e-01 8.953088486779327004e-01 8.987352271539613691e-01 9.126473375749737382e-01 9.226370605505325173e-01 9.352984980100663703e-01 9.367313141726604231e-01 9.703872654732147440e-01 9.767825314410863990e-01 9.955406226890645138e-01 1.006871282952060298e+00 1.040765147243803312e+00 1.057429081773325175e+00 1.059535326197962313e+00 1.076453863914783593e+00 1.101531934565153303e+00 1.127081961520283393e+00 1.140248812834327996e+00 1.148286829397128006e+00 1.160063668543187765e+00 1.174999172845650142e+00 1.200905651505512983e+00 1.208175036240424660e+00 1.222658069794128721e+00 1.243926834718560581e+00 1.253977148400799102e+00 1.261101732053083069e+00 1.295518280856998938e+00 1.306265556337247169e+00 1.315406151162976434e+00 1.319046554719753628e+00 1.326487779583714000e+00 1.338882267728978448e+00 1.351383270208518228e+00 1.360743694035438933e+00 1.380948376628467367e+00 1.390699873501577200e+00 1.401993470809386189e+00 1.413032029637812714e+00 1.416956069156110498e+00 1.437102989603824099e+00 1.442287268153825464e+00 1.468376152770867638e+00 1.480209440163335222e+00 1.482895538054194162e+00 1.502501696184596502e+00 1.514100306920534766e+00 1.536822099631612870e+00 1.550037990444235847e+00 1.566352280162003785e+00 1.575437984340898323e+00 1.591062723733300377e+00 1.606749139531101322e+00 1.618653316830158895e+00 1.650388898013021688e+00 1.655982454075699106e+00 1.670638396140419646e+00 1.679465254048317258e+00 1.693168716816416453e+00 1.711205653032781493e+00 1.756407765600522808e+00 1.770388705997911982e+00 1.785258493882109665e+00 1.804136717289171798e+00 1.819881327680252348e+00 1.840608930410551292e+00 1.845422815882896472e+00 1.851289212448421262e+00 1.866157240983298493e+00 1.879407630229832815e+00 1.907315718935864268e+00 1.917429407917536910e+00 1.975230588954939970e+00 1.995815113485978065e+00 2.076121310688077148e+00 2.106703143777808318e+00 2.263528718649818749e+00 2.274470453042892526e+00 2.303122746387861852e+00 2.318550529134484339e+00 2.326222957894984678e+00 2.371979457444682637e+00 2.393896883994935276e+00 2.478559518868787226e+00 2.488653203980007333e+00 2.523883288350055487e+00 2.530151453331508371e+00 2.596729371663619723e+00 2.623013933805686815e+00 2.663226512484413444e+00 2.685547059897964939e+00 2.714887800263929840e+00 2.928249074244754890e+00 2.975330253064173647e+00 2.999478234524120879e+00 3.026330613105186362e+00 3.064346778384031911e+00 3.076361385633614276e+00 3.254528301452678463e+00 3.358077629872624481e+00
5.167569932907806196e-01 5.780538732567285232e-01 5.937330151910883425e-01 6.115705576723646786e-01 6.236135227448396101e-01 6.344202498470804530e-01 6.598560822413499505e-01 6.666024975536428698e-01 6.881977853385585764e-01 7.084354072548278980e-01 7.212367684341003393e-01 7.241606378664460220e-01 7.332913643378375923e-01 7.638445511967691948e-01 8.108690010996290054e-01 8.172733986648771376e-01 8.461135197773851369e-01 8.572051116191079512e-01 8.647898775642557379e-01 8.705818050079122683e-01 8.849419971992501521e-01 8.957564538048365943e-01 8.975868448568058433e-01 9.104910866456926710e-01 9.247405041175400520e-01 9.364596446570945254e-01 9.386508370468061857e-01 9.690746252915432013e-01 9.790671146594297491e-01 9.965698614894884511e-01 1.007655913815237003e+00 1.040228313226641665e+00 1.052612244305605183e+00 1.063906651920761837e+00 1.076511237527900677e+00 1.101158675201947768e+00 1.125359018758828711e+00 1.139560237963049394e+00 1.148755169512826191e+00 1.159372310297561048e+00 1.175652479754852431e+00 1.201792773822262239e+00 1.209825367196616597e+00 1.222351210745488359e+00 1.244600086288508489e+00 1.253249142966204710e+00 1.262205555227146059e+00 1.296115411421293828e+00 1.305361305555405194e+00 1.314778200423633248e+00 1.318986953659856409e+00 1.325277988975625210e+00 1.338147890016124553e+00 1.352928077270911800e+00 1.364457792573536166e+00 1.379712031498044222e+00 1.387383368389429661e+00 1.401378426328056204e+00 1.410252062880871460e+00 1.420276775697091320e+00 1.437419748930996555e+00 1.443970977384612553e+00 1.466521241672245734e+00 1.480475564125018018e+00 1.484765795508787845e+00 1.501971985778862262e+00 1.514809276841333929e+00 1.535951520112018187e+00 1.550932343573915295e+00 1.567124877310785314e+00 1.575515043862984577e+00 1.590326936936018676e+00 1.607073094557473159e+00 1.618584992174760817e+00 1.650503734387860133e+00 1.655689062381650478e+00 1.669430197152206752e+00 1.680118010749649171e+00 1.693324927996457951e+00 1.711760774273509700e+00 1.756480228679607958e+00 1.770660161629364904e+00 1.785208172106169666e+00 1.804745698552162603e+00 1.819972508954088131e+00 1.839764535154876368e+00 1.845309597202834828e+00 1.851590461469972526e+00 1.865696775722312850e+00 1.879939879235903222e+00 1.907275178798566673e+00 1.917444886575015994e+00 1.975619520470934143e+00 1.994964767978980147e+00 2.076347483181726794e+00 2.106611281475533115e+00 2.260127473306248191e+00 2.276079145302736695e+00 2.302330530191294411e+00 2.318613880587789389e+00 2.327540389093886830e+00 2.369366909272013544e+00 2.397653218524525176e+00 2.478558077135038396e+00 2.488568396412970785e+00 2.522739777989511545e+00 2.531275828717181930e+00 2.594640974012730528e+00 2.617282757296564011e+00 2.667133482954330059e+00 2.682293810319070548e+00 2.720947461129024525e+00 2.928629745487710601e+00 2.975618650675782462e+00 2.999506758178063226e+00 3.025902283446110896e+00 3.064240081149743666e+00 3.076232710668806547e+00 3.254682546922437858e+00 3.357849735429769833e+00
5.135162302329286943e-01 5.772807019509424986e-01 5.937411653455875182e-01 6.101495824846367988e-01 6.247588600640139322e-01 6.362049661496896880e-01 6.613539620779684824e-01 6.679038452656770319e-01 6.898925619318059255e-01 7.092437497556896009e-01 7.230344579818842599e-01 7.256857527627166293e-01 7.345759895993287936e-01 7.656020177113651570e-01 8.095198620527700450e-01 8.163888077472848392e-01 8.416039438920834836e-01 8.543051528124953053e-01 8.642727051666204696e-01 8.703440789040209902e-01 8.794284817287875144e-01 8.926336606944891283e-01 8.985067384883534958e-01 9.086455125148763523e-01 9.257756386525657355e-01 9.374890566824474192e-01 9.430889430440740906e-01 9.652889618423341478e-01 9.839507337203275972e-01 9.991070598980025252e-01 1.009947386722976459e+00 1.039755321616083528e+00 1.048694897961468087e+00 1.065890737412475309e+00 1.075704912804479552e+00 1.101140989309062901e+00 1.122159679076718986e+00 1.139438680910470403e+00 1.148286121778078206e+00 1.158042626964546740e+00 1.176726063927120203e+00 1.203662283743059280e+00 1.213383099732478376e+00 1.221579534003385703e+00 1.247079360699358652e+00 1.252397371589135666e+00 1.263992723763413206e+00 1.296747514222116315e+00 1.304410261953842021e+00 1.312152877018682107e+00 1.319069573043423649e+00 1.324346163000105658e+00 1.336445910215819488e+00 1.355546155113459994e+00 1.371820550010658391e+00 1.373691602199622164e+00 1.384412633302134710e+00 1.399310730700028982e+00 1.408827253449427275e+00 1.422749805578041871e+00 1.438036860251523441e+00 1.446971602996716344e+00 1.464411112258911851e+00 1.481824289873793665e+00 1.486069691234702894e+00 1.502118886009888188e+00 1.516410713083762740e+00 1.534581659827320754e+00 1.551652513482383311e+00 1.568346397318961305e+00 1.576674708022114624e+00 1.588586448915080274e+00 1.607898732158723032e+00 1.618327539266778192e+00 1.650730072381959346e+00 1.655052698769262642e+00 1.667203289188802451e+00 1.681015514212004680e+00 1.693747905855198743e+00 1.713010290414458625e+00 1.756647807212898815e+00 1.771287366296130594e+00 1.785116002787159539e+00 1.806233772285179562e+00 1.820202308441531747e+00 1.837928831268507812e+00 1.845111629861049041e+00 1.852250673400433811e+00 1.864370156862295236e+00 1.881183369079823864e+00 1.907248452773987024e+00 1.917536124228236716e+00 1.976558672888411916e+00 1.992822994673193460e+00 2.076892345718650112e+00 2.106391264903483052e+00 2.253958112274691672e+00 2.277771357403742591e+00 2.300886732014734370e+00 2.318516637119212298e+00 2.330710614292317295e+00 2.364903071105608490e+00 2.405028656386182906e+00 2.478211434171951222e+00 2.488855837685806094e+00 2.520531649640862515e+00 2.532908931543254027e+00 2.589214594438960848e+00 2.607110834129185317e+00 2.668346276114701876e+00 2.683752099454948858e+00 2.731328435478800998e+00 2.929520963443623671e+00 2.976324880647297277e+00 2.999721750137017029e+00 3.024789707589840226e+00 3.063986103573684172e+00 3.075880765862957222e+00 3.255081100000790872e+00 3.357280833448737845e+00
5.094820602645188101e-01 5.759141793733869585e-01 5.917950980064005106e-01 6.110082968080855492e-01 6.255415925020483270e-01 6.393562466625194451e-01 6.619386699947445996e-01 6.703863989599194717e-01 6.926747861780122584e-01 7.104213531403662518e-01 7.241334847740797942e-01 7.276931897084867318e-01 7.380869154659358555e-01 7.681303686468420322e-01 8.061212958915155991e-01 8.149052631355870879e-01 8.322465471131202941e-01 8.523531187899374695e-01 8.641929821999475569e-01 8.699846445668582007e-01 8.762436140000955387e-01 8.887431503082612316e-01 9.009351219861578830e-01 9.072367286698467259e-01 9.255189199873548045e-01 9.380658737272098424e-01 9.469010025360902194e-01 9.606406959309115035e-01 9.888680809216248146e-01 1.001839394094707236e+00 1.012313349980699995e+00 1.041047341737785015e+00 1.046899456046712196e+00 1.065042239184115669e+00 1.073296376300448163e+00 1.101533495817022645e+00 1.119921525302382870e+00 1.140345276806505659e+00 1.146339165296396123e+00 1.156646044684479069e+00 1.177133313167039397e+00 1.205634927210372576e+00 1.216720390842544131e+00 1.221112227890833735e+00 1.251217996495193718e+00 1.253504952849037180e+00 1.265767911870102624e+00 1.296189029580337770e+00 1.303690698746576615e+00 1.308934594138004837e+00 1.319072805861716047e+00 1.324171418642104525e+00 1.334391241963035935e+00 1.358604601779523691e+00 1.362284813774324421e+00 1.380129476569983416e+00 1.386224464823172076e+00 1.395616159468748840e+00 1.409408968466310030e+00 1.423529400002022882e+00 1.437491997292362322e+00 1.450032379182061737e+00 1.464571957024999316e+00 1.482558532067821178e+00 1.484934177734507532e+00 1.504663389112372629e+00 1.518494810371199044e+00 1.533287556352181058e+00 1.550988445620978817e+00 1.568987088196229118e+00 1.579545812295619189e+00 1.586722480324961326e+00 1.608944923194603138e+00 1.617987410629980083e+00 1.650817954632302520e+00 1.654270663088200921e+00 1.664687157382463090e+00 1.681808265475943420e+00 1.694330348742599135e+00 1.714583188494372079e+00 1.756873598832370931e+00 1.772091293164538950e+00 1.785069184963890665e+00 1.808160293527418583e+00 1.820480151735222263e+00 1.835919355290840604e+00 1.844979363412489359e+00 1.852881716290052161e+00 1.862423192008017425e+00 1.882580051223106565e+00 1.907342724958207114e+00 1.917880210682009423e+00 1.977759954140664522e+00 1.989826063961807279e+00 2.077602000717249542e+00 2.106097886840091249e+00 2.247797350818413253e+00 2.277730513718475791e+00 2.299645284288386549e+00 2.318240773257288279e+00 2.334740678335735620e+00 2.360901200696164715e+00 2.413003499566090504e+00 2.477680138311958657e+00 2.489662340113660388e+00 2.517645817727009572e+00 2.534378399636509460e+00 2.581808118864186152e+00 2.597045117996626740e+00 2.664249694312419869e+00 2.691883318062904706e+00 2.741485105015279977e+00 2.930697838077121808e+00 2.977286372228888478e+00 3.000077717380699394e+00 3.023207643081272433e+00 3.063700814797677197e+00 3.075373416448519581e+00 3.255624428503122392e+00 3.356512973772186381e+00
5.057791350215079529e-01 5.742345390511610637e-01 5.888861028032523759e-01 6.137117738175860149e-01 6.254933115548395595e-01 6.431986897898908095e-01 6.612392152430027759e-01 6.736185669834998668e-01 6.958595753677964124e-01 7.118439071102804494e-01 7.238114917212913335e-01 7.300808885749693333e-01 7.439848645291501361e-01 7.706164944185867061e-01 7.979407536367686404e-01 8.131652466154237757e-01 8.257977446981734637e-01 8.503919628223106653e-01 8.641965655674587188e-01 8.694060094355655632e-01 8.740664629353750437e-01 8.861578608785418698e-01 9.024194953937993979e-01 9.079454569910658801e-01 9.250337064056860514e-01 9.375718239817435462e-01 9.486363471583539875e-01 9.576211575373001494e-01 9.925306737805008606e-01 1.003025492839411559e+00 1.013298112120674777e+00 1.044015090781774457e+00 1.048070175993250031e+00 1.062936033358493182e+00 1.070008834244283280e+00 1.100992335281034684e+00 1.119625289729292872e+00 1.140682843049892314e+00 1.144766720203197696e+00 1.156022818123708440e+00 1.176494984624043560e+00 1.207172929106717474e+00 1.217398742856266258e+00 1.221896345734091893e+00 1.253343455672570883e+00 1.259950203388202405e+00 1.268102576724964070e+00 1.294555758357020192e+00 1.300381098403488256e+00 1.308507073868121040e+00 1.318229820193845159e+00 1.323957906316323596e+00 1.332836239380877918e+00 1.351625858675010949e+00 1.362777130960290961e+00 1.381218832545889175e+00 1.389902930856406593e+00 1.396300921257523697e+00 1.410694615113381456e+00 1.423435659122634922e+00 1.434850410307467294e+00 1.452885317333912463e+00 1.466954627872337769e+00 1.479867484377483278e+00 1.484778248784260901e+00 1.508375665549507305e+00 1.520662205203531681e+00 1.532019975563964520e+00 1.548908026538829086e+00 1.569530850201058758e+00 1.582364852505232511e+00 1.585861436508042344e+00 1.609844699152584102e+00 1.617793145574471403e+00 1.650519396231210356e+00 1.653641488116986080e+00 1.662444267844440882e+00 1.682422350774963160e+00 1.694943691854096546e+00 1.716044023300039356e+00 1.757113195504221625e+00 1.772863171039861907e+00 1.785096041885655849e+00 1.809938018114672031e+00 1.820638245180704606e+00 1.834516807859112975e+00 1.845097438749635943e+00 1.853005499395701028e+00 1.860462986917107875e+00 1.883615830720577922e+00 1.907556490038648134e+00 1.918578199383841332e+00 1.978856639456390010e+00 1.986694288237523365e+00 2.078287028241775136e+00 2.105806290730055430e+00 2.242782072135127258e+00 2.276461822838444338e+00 2.298945435115217872e+00 2.317865797157642849e+00 2.338585303127372228e+00 2.357943062316498750e+00 2.419972597642997325e+00 2.477157138888436361e+00 2.491125709853591275e+00 2.514118866926376761e+00 2.535499506312963280e+00 2.574681583018029407e+00 2.588785345819234252e+00 2.660971803772258504e+00 2.699307338856972827e+00 2.749620486560110599e+00 2.931858479115765803e+00 2.978262275161417616e+00 3.000494465198025651e+00 3.021524989739113654e+00 3.063476041103088132e+00 3.074834929610689827e+00 3.256172228300660443e+00 3.355743460236408016e+00
5.032329412774095845e-01 5.728044670115294279e-01 5.867118173413233828e-01 6.165282942162720881e-01 6.247665400397828250e-01 6.465100374916787906e-01 6.600879043710704552e-01 6.762470281375626557e-01 6.983311276300803172e-01 7.133675409473687612e-01 7.229638083107777780e-01 7.317491379812467445e-01 7.516351749536034355e-01 7.715669239911714383e-01 7.869848200005926664e-01 8.123542818119743325e-01 8.240873330890048365e-01 8.481926146899643193e-01 8.642929081469471475e-01 8.682121889565268535e-01 8.728315291424078026e-01 8.848459160548158842e-01 9.024617329932014265e-01 9.105070838597081329e-01 9.248548752336804846e-01 9.366223943148336284e-01 9.473069216815350746e-01 9.578218996392685591e-01 9.946572480954719575e-01 1.003074368521887472e+00 1.013022549299077646e+00 1.045751195184665416e+00 1.051578977543313531e+00 1.060577042030711237e+00 1.068391451125919600e+00 1.099334138434042263e+00 1.120314257642783584e+00 1.138227601781883758e+00 1.146494078490531976e+00 1.155902563899231961e+00 1.175405812017104257e+00 1.208227563017593598e+00 1.216637744815359135e+00 1.222688119062048662e+00 1.254884175467185559e+00 1.266186078762959966e+00 1.272282549665967544e+00 1.292115112325388004e+00 1.296440935821685070e+00 1.308986178157866664e+00 1.316765748057067587e+00 1.323125784576775876e+00 1.332457625288204550e+00 1.344504572350608163e+00 1.366448151272392941e+00 1.380041435637358482e+00 1.387557983964478492e+00 1.403719382888281686e+00 1.412330876613294484e+00 1.422829390985900888e+00 1.431259731061161666e+00 1.454854084764050981e+00 1.469549895126687877e+00 1.478026592852554222e+00 1.483801984482191694e+00 1.511248762550761571e+00 1.522643771893850584e+00 1.530901586748172338e+00 1.546527272514589324e+00 1.570020902234546378e+00 1.583050962172643183e+00 1.586966340100618433e+00 1.610337090546668515e+00 1.617850802242460251e+00 1.650097364763138286e+00 1.653145404435371280e+00 1.660969739140474744e+00 1.682822866307929877e+00 1.695426637548404836e+00 1.717048220349188803e+00 1.757305998131429403e+00 1.773416770637963991e+00 1.785155945984312487e+00 1.811088705457419179e+00 1.820605267730200705e+00 1.833997268893582167e+00 1.845496311280811819e+00 1.852411850534590343e+00 1.859218259079238988e+00 1.884137129900535168e+00 1.907758860439448201e+00 1.919391321059001232e+00 1.979500613993980807e+00 1.984371842972439737e+00 2.078775736098613880e+00 2.105593049982925624e+00 2.239546070869042449e+00 2.275108418186773562e+00 2.298652023616157170e+00 2.317542320380427512e+00 2.341353471599087577e+00 2.356110449466394474e+00 2.424751547399284668e+00 2.476789722393763604e+00 2.493040335641762972e+00 2.510538999741127597e+00 2.536228080754173053e+00 2.569720134127736699e+00 2.583346239387990462e+00 2.659176956889357513e+00 2.704141490415761684e+00 2.754825036420611273e+00 2.932702285650588880e+00 2.978987264686272951e+00 3.000851124221562749e+00 3.020213268326898515e+00 3.063345522559326461e+00 3.074421633011045873e+00 3.256577193915536572e+00 3.355176923355915886e+00
5.023306954776455280e-01 5.722372324946326527e-01 5.859476780902757032e-01 6.178527514951792643e-01 6.242057755859939938e-01 6.478935817796570573e-01 6.594832920947153454e-01 6.772477950922988210e-01 6.992312597081569159e-01 7.141690479307246653e-01 7.224669872896287703e-01 7.322993314019103916e-01 7.569590507216287234e-01 7.700976023296211004e-01 7.818956716004449303e-01 8.122585967537013785e-01 8.239194224641075426e-01 8.471500025543134971e-01 8.643278067772122153e-01 8.675499579606449352e-01 8.724852097209795376e-01 8.844579355128013853e-01 9.024258165288129296e-01 9.117409679851948834e-01 9.248670436111232629e-01 9.361728013447261354e-01 9.462912168411855562e-01 9.583506966759202106e-01 9.952897051540784412e-01 1.003010290049173081e+00 1.012736785635241388e+00 1.046266735071594844e+00 1.053504002989832378e+00 1.058991482947424734e+00 1.068558369766703597e+00 1.098316427172192133e+00 1.120745317036611954e+00 1.136908648174639547e+00 1.147684167791604315e+00 1.155807919417601193e+00 1.174877405746084236e+00 1.208635019768119045e+00 1.216214148216829161e+00 1.222895864429057067e+00 1.255430998249090990e+00 1.268485582798528855e+00 1.275493017990585232e+00 1.290216953339963446e+00 1.294817390513939293e+00 1.309050523664172072e+00 1.316126471776909002e+00 1.322344952902602566e+00 1.332749015336215148e+00 1.341927134280235245e+00 1.368320426706446158e+00 1.378858655797902122e+00 1.386775160591442235e+00 1.406614582538601832e+00 1.414050814170036308e+00 1.421926372822768903e+00 1.429412044742540022e+00 1.455533059917013317e+00 1.470173597514255581e+00 1.478769982886474432e+00 1.482387862122455990e+00 1.512253235288451902e+00 1.523600001195045239e+00 1.530414590823490961e+00 1.545433278806668254e+00 1.570206219962236860e+00 1.583033878330096789e+00 1.587711162281463251e+00 1.610467092083091245e+00 1.617933860823036030e+00 1.649936445173009192e+00 1.652892587616615394e+00 1.660483107086930810e+00 1.682963731076989156e+00 1.695612531069222939e+00 1.717402523230458611e+00 1.757381631252862508e+00 1.773618215107139795e+00 1.785185839660348162e+00 1.811464626791383647e+00 1.820551179284224386e+00 1.833940888112195911e+00 1.845775314803920875e+00 1.851928710217889407e+00 1.858851566213254536e+00 1.884277620160589750e+00 1.907836821652502790e+00 1.919766643433021835e+00 1.979638210852455060e+00 1.983572786665645182e+00 2.078952149004541283e+00 2.105514999320808656e+00 2.238431277022292498e+00 2.274554198676511430e+00 2.298576837122131344e+00 2.317414759714157668e+00 2.342373079388373469e+00 2.355474113172294715e+00 2.426458752461555957e+00 2.476659225291119260e+00 2.494124587605528909e+00 2.508794424221092001e+00 2.536491013324277510e+00 2.567951405179005331e+00 2.581454134678192069e+00 2.658621207622782645e+00 2.705804548202400461e+00 2.756612470890846822e+00 2.933010179287015795e+00 2.979254642366188310e+00 3.000996404728407008e+00 3.019712675066056118e+00 3.063304397318863614e+00 3.074266422174319668e+00 3.256726358488366557e+00 3.354968700499106227e+00
5.041899818681105927e-01 5.704197534991877205e-01 5.870515724487359588e-01 6.155735101694963518e-01 6.255552955623862044e-01 6.472318909546930232e-01 6.601063621007170479e-01 6.765117573750613067e-01 6.981464896431055500e-01 7.146095709309163713e-01 7.235129811501642694e-01 7.319000115469065371e-01 7.574568195700143169e-01 7.691120491493184108e-01 7.814123930293597198e-01 8.135235986921640627e-01 8.248557320931040326e-01 8.470048131602188057e-01 8.621157644004882048e-01 8.672657320592833674e-01 8.734423457342130881e-01 8.838335125347001053e-01 9.031112085680109702e-01 9.122871534729306564e-01 9.245771956553664461e-01 9.368246824240715753e-01 9.454870604090168662e-01 9.606716190028934399e-01 9.912069383344842555e-01 1.006447443952617204e+00 1.013917338203485619e+00 1.045121931924208880e+00 1.052532005549575933e+00 1.058842333549820047e+00 1.068081015660375055e+00 1.097778281282048463e+00 1.120718403193641022e+00 1.136075084956865711e+00 1.147860358709142492e+00 1.155874185889392836e+00 1.174793763926949230e+00 1.207541610637381302e+00 1.216858460562179278e+00 1.225878803251521321e+00 1.255058851288861410e+00 1.268352439770453310e+00 1.275013745206803328e+00 1.289291796026174941e+00 1.295792560995794318e+00 1.307821875828049762e+00 1.316108444827380319e+00 1.323279319108092933e+00 1.333273192105669080e+00 1.341991752036776564e+00 1.367133812883297495e+00 1.379708949161354559e+00 1.386022346870994237e+00 1.405126473168190726e+00 1.412475449154081186e+00 1.423145296094648238e+00 1.431517856735101457e+00 1.454881710242499127e+00 1.470109443647349190e+00 1.478711664408229431e+00 1.483388603989146182e+00 1.513048254255255465e+00 1.522909573155409424e+00 1.531244365966635490e+00 1.543446357506764066e+00 1.570185537031499212e+00 1.584352127933748022e+00 1.588051849749531952e+00 1.610494628259194760e+00 1.617556258092046617e+00 1.649975853864710684e+00 1.653638129642486465e+00 1.660246086219432593e+00 1.682618527119069896e+00 1.695415111196293623e+00 1.717775377484827670e+00 1.757204128713823144e+00 1.773504028346580608e+00 1.784962545726223482e+00 1.810121263380440437e+00 1.821215957061203428e+00 1.834248653894179126e+00 1.845325387055361421e+00 1.852341035579089024e+00 1.859496102313040300e+00 1.884395566232438091e+00 1.907834378305894862e+00 1.919446616239744996e+00 1.979568025561012634e+00 1.983617030243571833e+00 2.079035679758471478e+00 2.105674215735689803e+00 2.239350645887860924e+00 2.274593206903841036e+00 2.297638471706615615e+00 2.317669288848421161e+00 2.337238644590613035e+00 2.360051191757246869e+00 2.427939736581051555e+00 2.477078393373279397e+00 2.493023947568482779e+00 2.508678364309655517e+00 2.537650817825847671e+00 2.570578340329235711e+00 2.580581193405116380e+00 2.656548293908465919e+00 2.699434269688839372e+00 2.761070219122773395e+00 2.933486791166407315e+00 2.979094437318823729e+00 3.000486639636820829e+00 3.021461258217527313e+00 3.063421586602864011e+00 3.073579330769145024e+00 3.256409267937688146e+00 3.355004050410255623e+00
5.089611209219285781e-01 5.667116374150352742e-01 5.889916191405196733e-01 6.109151722093211223e-01 6.273692840014645222e-01 6.465064097844287483e-01 6.614374717417078609e-01 6.742949183602777730e-01 6.955978818243021555e-01 7.165726645225093394e-01 7.251517272543361869e-01 7.313596137095352834e-01 7.580388823114984076e-01 7.666503082654696488e-01 7.810204814766994463e-01 8.156402457469791312e-01 8.274465893306129916e-01 8.467174797028597100e-01 8.580047874794088925e-01 8.673595837810342823e-01 8.736849827905440735e-01 8.832012426185114062e-01 9.031438033721213010e-01 9.145978179049571999e-01 9.241100527327362757e-01 9.376110557510844989e-01 9.448478111575568938e-01 9.657845700894913676e-01 9.862533714357960557e-01 1.007171116677406220e+00 1.018914929150266602e+00 1.041561005372261484e+00 1.052057234887761039e+00 1.058239168959166365e+00 1.066402844619091850e+00 1.096319549018353046e+00 1.120687706058778765e+00 1.134113013737921616e+00 1.148099597902996205e+00 1.156291562443795273e+00 1.174591694082327553e+00 1.206115928092907019e+00 1.218648595622586095e+00 1.231737660618593466e+00 1.253939983546913606e+00 1.267078966065478207e+00 1.274507493360164112e+00 1.289016486217230639e+00 1.296478673429258155e+00 1.305314487804960955e+00 1.316426811327374491e+00 1.323949934321723143e+00 1.334123052911176055e+00 1.343066194401851376e+00 1.365515057134724541e+00 1.381652156647136476e+00 1.383462227555829260e+00 1.402451036370312210e+00 1.410586716338009916e+00 1.425079685628592996e+00 1.433773805503219201e+00 1.453063505415581824e+00 1.470531994908251816e+00 1.477930493470405837e+00 1.488041783019822262e+00 1.514814211519228682e+00 1.521187510346681648e+00 1.532108773024146942e+00 1.539236625295790528e+00 1.570198102620534275e+00 1.585779495023411423e+00 1.590378458269029904e+00 1.610538112443568037e+00 1.616554012983061783e+00 1.649822884867128359e+00 1.655685649620951105e+00 1.659752021367324026e+00 1.681650399017886377e+00 1.694966176173152483e+00 1.718714320216537805e+00 1.756774261549724159e+00 1.773234207888406022e+00 1.784372086633941201e+00 1.807554232751724665e+00 1.822212881105806259e+00 1.834760849112525127e+00 1.844999328992102505e+00 1.852552262095119806e+00 1.861213946490761995e+00 1.884776909699462877e+00 1.907809475590012127e+00 1.918630947988614555e+00 1.979436922407481925e+00 1.983689185866094551e+00 2.079238064758002658e+00 2.106057357700928723e+00 2.242005713596672223e+00 2.273598483574921225e+00 2.296726430640199990e+00 2.316721141174891585e+00 2.330625878878909152e+00 2.366061009223796585e+00 2.431966276770548330e+00 2.477873307857860308e+00 2.489470266384513408e+00 2.509776880062535298e+00 2.540220516645132598e+00 2.575590207342142168e+00 2.580686732278026696e+00 2.649216213901679495e+00 2.688004774989039891e+00 2.768971686959229572e+00 2.934636228005670144e+00 2.978694834010224390e+00 2.999434084916354770e+00 3.025732361550097949e+00 3.063560640185973849e+00 3.071844745996352710e+00 3.255640008595136692e+00 3.355088808938982758e+00
5.142166595510653249e-01 5.637716541995699826e-01 5.893833012750221423e-01 6.070636468957310017e-01 6.281542465575814527e-01 6.471426925718160028e-01 6.625860970904245972e-01 6.712435267875510592e-01 6.932542227526328205e-01 7.197824647865014303e-01 7.256550941873315397e-01 7.312011310467020353e-01 7.568133145201662026e-01 7.655184733731736912e-01 7.810596519146103534e-01 8.167844452760369967e-01 8.302992525172088190e-01 8.464620276725278725e-01 8.546890321977941296e-01 8.684830465794980414e-01 8.727920812188875166e-01 8.826440522696330504e-01 9.023934181380016684e-01 9.173287517193901008e-01 9.237516178149264290e-01 9.370240362207933327e-01 9.459373010871227061e-01 9.711364250319591829e-01 9.831856072896454357e-01 1.004660683743355820e+00 1.023782517725481345e+00 1.038043600342045680e+00 1.053689364619316171e+00 1.057599804992406023e+00 1.063395926157156612e+00 1.094666916898147990e+00 1.120666760246523674e+00 1.132238667364013462e+00 1.148103494656550483e+00 1.157055396662865610e+00 1.174373132897132521e+00 1.205457881257024022e+00 1.220811491826781392e+00 1.236403318044198452e+00 1.253222148206451170e+00 1.263987283897251013e+00 1.275166347233820163e+00 1.290618921221272197e+00 1.296007238953883922e+00 1.302155034172133741e+00 1.317291474293095455e+00 1.323146801765310965e+00 1.334076777272478420e+00 1.346101927761450545e+00 1.365959512871904202e+00 1.377045656545436980e+00 1.385525267417032413e+00 1.401390774047683196e+00 1.408606490764782171e+00 1.426968488182390971e+00 1.433716657029306507e+00 1.450584747573671951e+00 1.470961269314371211e+00 1.477808057891566440e+00 1.495869622261410292e+00 1.516416093323243341e+00 1.518162745018871274e+00 1.529295319539405007e+00 1.537922808715209699e+00 1.570256261932048147e+00 1.585909948260235902e+00 1.593872500508623835e+00 1.610556548286505851e+00 1.615348038661728713e+00 1.649540404306066410e+00 1.657472140316880616e+00 1.659814988008607495e+00 1.680431570446186962e+00 1.694561651475078312e+00 1.719711831686364656e+00 1.756343604882266485e+00 1.772974142232428552e+00 1.783693661721847290e+00 1.805498743425020036e+00 1.822808583860688669e+00 1.834968178502785152e+00 1.845355284398211282e+00 1.852259060551360914e+00 1.862904202494902739e+00 1.885327349280001119e+00 1.907747626779080052e+00 1.917749704529156940e+00 1.979355205127016015e+00 1.983717173027101932e+00 2.079441365690670729e+00 2.106438807149392023e+00 2.245664390360821105e+00 2.270458654967832057e+00 2.298516145572194080e+00 2.312292780373092604e+00 2.328053101221651211e+00 2.369801621510030820e+00 2.436820383175425153e+00 2.477770599465076717e+00 2.485660845039967093e+00 2.512014205457514748e+00 2.542803930894385278e+00 2.573463373713121172e+00 2.590787202924546673e+00 2.636371323792023436e+00 2.680626972929064156e+00 2.774815460736387074e+00 2.935786200434648663e+00 2.978274039244322324e+00 2.998543918616460413e+00 3.030286041306597067e+00 3.063267007733247560e+00 3.070110123805936286e+00 3.254865347307815515e+00 3.355172753801983987e+00
5.165662342841771393e-01 5.628086895631273512e-01 5.887087165847350034e-01 6.059496980250712594e-01 6.282790724118720860e-01 6.478809909763316721e-01 6.630205907066333282e-01 6.696174671568038139e-01 6.923607097974608937e-01 7.218611681632106647e-01 7.252511475239128425e-01 7.311298259164568103e-01 7.556376716811447070e-01 7.656557420166654193e-01 7.810938572410480729e-01 8.170586989755640461e-01 8.314971770106979188e-01 8.463193114724396615e-01 8.534704686726642953e-01 8.695294804391088261e-01 8.721457702407235946e-01 8.821488768116688695e-01 9.020816032359533221e-01 9.184713169276791378e-01 9.235523234583985497e-01 9.364821713694315708e-01 9.467802186115097385e-01 9.737265201650183721e-01 9.821629499823377740e-01 1.002849430469040515e+00 1.025477374766602390e+00 1.036814335320596969e+00 1.055872141559989652e+00 1.057258462116781317e+00 1.060888528185169211e+00 1.093932470230389864e+00 1.120649335126459256e+00 1.131494716208497398e+00 1.148049644578300832e+00 1.157462584935507355e+00 1.174273469181362550e+00 1.205306131847604600e+00 1.221882187713849044e+00 1.237746706446749556e+00 1.253903982317522869e+00 1.261701060047528244e+00 1.275708332234038567e+00 1.292653423146500780e+00 1.295016256190580251e+00 1.300141538876770531e+00 1.317918838099878753e+00 1.322386114349423325e+00 1.333960911785233572e+00 1.347957029705468157e+00 1.367861125450088311e+00 1.372735868098759138e+00 1.386983423896925638e+00 1.401575318026916817e+00 1.407330525515716024e+00 1.427736621051213683e+00 1.433423010054216684e+00 1.449308179761585214e+00 1.470984349155615156e+00 1.477994460131830001e+00 1.501473348409636532e+00 1.514498439818390718e+00 1.517452205031081247e+00 1.527193916797427775e+00 1.538214591625207905e+00 1.570288145807950064e+00 1.585869642072084140e+00 1.595437333475734576e+00 1.610561769109167818e+00 1.614749528047474181e+00 1.649407129745960932e+00 1.657749282724483519e+00 1.660396028622515674e+00 1.679825361445361320e+00 1.694408286041382938e+00 1.720143487883291300e+00 1.756165350950582571e+00 1.772869802676777518e+00 1.783381963429132577e+00 1.804745329842372570e+00 1.822992045617155776e+00 1.834981973016556633e+00 1.845648668801958880e+00 1.852055986227494788e+00 1.863561251733082624e+00 1.885616151735888479e+00 1.907706844526318113e+00 1.917364241455130847e+00 1.979335038402282532e+00 1.983716614127427613e+00 2.079525813142950597e+00 2.106596329770937803e+00 2.247752735818030700e+00 2.268273060291228660e+00 2.301001761344723118e+00 2.308588849626796335e+00 2.327726771603134903e+00 2.371011865033820776e+00 2.439180636829994864e+00 2.476983535475768772e+00 2.484471772829457858e+00 2.513152358423833554e+00 2.543982279498266053e+00 2.571921980393792939e+00 2.598420244037209503e+00 2.627448387537879793e+00 2.678473653216222328e+00 2.776875061043304616e+00 2.936263404283669498e+00 2.978092618529743163e+00 2.998208025032889079e+00 3.032330841635664687e+00 3.062881102438492764e+00 3.069468256418663277e+00 3.254542854099029103e+00 3.355207289980760788e+00
1.497337922713076475e-01 1.967500785647198491e-01 2.103115340736494698e-01 2.221963716840315295e-01 3.028668583285965554e-01 3.224576778897136342e-01 3.827576697503908831e-01 4.379931739964962323e-01 4.488120898306088291e-01 4.576151117499659415e-01 4.766298871086201427e-01 5.081502561018682584e-01 5.404403238143746790e-01 5.626781489674453907e-01 5.668714658851881083e-01 5.824482776884595259e-01 6.034770102386817214e-01 6.061333262106656239e-01 6.241736105956703362e-01 6.655620175313803344e-01 6.718553753466738332e-01 7.030675250440909796e-01 7.175926404105197332e-01 7.218716313454048850e-01 7.483168337188519370e-01 7.721107348228343215e-01 8.084009160918282921e-01 8.250056447640049528e-01 8.355911195874466957e-01 8.610343776745742472e-01 8.650522693262917562e-01 8.766404231378661649e-01 8.896363527843303975e-01 8.953544705290703565e-01 9.155312625968188289e-01 9.342500246751246351e-01 9.395880812506682833e-01 9.825795793958108648e-01 9.921531757705948085e-01 1.023923365547157793e+00 1.041410486507659883e+00 1.049963916580243461e+00 1.055873509184069636e+00 1.148319296662895894e+00 1.160184894321168114e+00 1.163979246237294429e+00 1.182986285556973050e+00 1.203751817692313431e+00 1.215378595967069542e+00 1.227503824562076851e+00 1.249079388246109312e+00 1.251345339957893099e+00 1.255215804024614190e+00 1.260691982740221873e+00 1.279494414937363045e+00 1.285391183935275183e+00 1.294938762015132250e+00 1.325258465305384492e+00 1.338744653823589870e+00 1.340960923455366771e+00 1.342132913121515836e+00 1.375606869946064625e+00 1.397307567230740455e+00 1.409782192111028953e+00 1.419760798281213487e+00 1.448485917248119037e+00 1.451834076640425852e+00 1.487702116689507026e+00 1.527466823452900302e+00 1.542910402146924875e+00 1.547750863116318820e+00 1.566160877748048241e+00 1.584715222660722178e+00 1.594158299067199192e+00 1.621601247677918911e+00 1.639075465712390711e+00 1.661978877474524108e+00 1.668534640352798082e+00 1.683397450312094090e+00 1.689980982524354580e+00 1.755511098378342405e+00 1.831657869805944028e+00 1.927952766777367710e+00 1.941108913580500417e+00 1.955035008894179915e+00 1.969027646913561913e+00 1.983385732955917469e+00 1.993871312363756809e+00 2.000792396632359527e+00 2.002843181674751172e+00 2.026418997247148024e+00 2.060018038469519475e+00 2.112325440019020562e+00 2.152046420336493959e+00 2.187383960218711731e+00 2.195241518463851627e+00 2.221586346640743059e+00 2.245093927060823003e+00 2.247152130075312115e+00 2.293424249221553524e+00 2.350310037207875791e+00 2.369407121728755339e+00 2.433706445399103302e+00 2.480551114698067661e+00 2.551732870282624521e+00 2.563767261638050243e+00 2.582030487406040464e+00 2.603155931828710745e+00 2.678286463296557951e+00 2.746593152699533746e+00 2.799536088163070424e+00 2.850823631930748725e+00 2.933545641844272911e+00 3.030791232583416317e+00 3.099751240733352287e+00 3.128403928667927048e+00 3.226061053546431356e+00 3.291728385739128626e+00 3.428431719983610737e+00 3.508042946396049633e+00
1.532368391685094422e-01 1.907134563746222256e-01 2.085298999709882806e-01 2.134864095430277220e-01 3.118316661392711575e-01 3.296001394161961473e-01 3.849986042274378684e-01 4.276744216456043746e-01 4.503581990874176988e-01 4.555305021405229304e-01 4.771411531912335136e-01 5.105401933935130865e-01 5.409564905261851075e-01 5.470312002667812035e-01 5.519241411559203669e-01 5.835743522826697394e-01 5.941339557594497167e-01 6.046059288122402897e-01 6.096930310556701871e-01 6.648821287913835310e-01 6.725146808593752690e-01 6.886765142741611001e-01 7.171128577398356851e-01 7.223376965187677801e-01 7.418966976991857587e-01 7.676678270883734445e-01 8.097734067246603606e-01 8.204639820344417078e-01 8.364729409882921685e-01 8.591919221027044529e-01 8.658055860052282782e-01 8.770526676581118508e-01 8.898332457396643802e-01 8.955355807872793505e-01 9.157565108841927426e-01 9.363065928758825818e-01 9.395082479235870032e-01 9.757817764472285216e-01 1.000327612080716744e+00 1.024010088509704763e+00 1.041855279059706207e+00 1.050485132425549750e+00 1.056307319633535968e+00 1.147805271437186025e+00 1.163272695795954714e+00 1.174008068248529213e+00 1.186363568613080233e+00 1.203670340288311769e+00 1.222622042895321615e+00 1.227003579263359345e+00 1.250682508606437038e+00 1.255919814682892710e+00 1.263280730623454806e+00 1.271528867817579789e+00 1.286077684717099379e+00 1.293106314186268424e+00 1.296896470949668867e+00 1.325558823512920092e+00 1.338389972082492774e+00 1.350973390857852063e+00 1.357225084787117009e+00 1.381626275062188158e+00 1.397994386766691743e+00 1.408080909907609923e+00 1.425685488436592374e+00 1.448913174217421274e+00 1.455572952479364801e+00 1.488872966698212785e+00 1.525146050601227987e+00 1.547006798504474201e+00 1.548285095349396068e+00 1.566247142975417228e+00 1.594014280781198112e+00 1.596824566718029192e+00 1.623026890997725680e+00 1.638247992367006800e+00 1.660266341076998664e+00 1.668904447676459624e+00 1.686614647988049054e+00 1.696893101552694016e+00 1.755060501578819654e+00 1.831436610119695940e+00 1.926185460728568666e+00 1.940391992650591924e+00 1.954519491825745581e+00 1.967788760973464335e+00 1.982500358332071055e+00 1.992012947634300257e+00 1.999955902943763686e+00 2.003999046598653688e+00 2.025053854027873079e+00 2.060418125265123024e+00 2.111955497918120539e+00 2.150400228742555431e+00 2.188350006358469546e+00 2.194266267797698511e+00 2.220833806308099234e+00 2.244484183403398614e+00 2.246865009362578824e+00 2.292281910148754154e+00 2.348989752084162053e+00 2.368582972790256314e+00 2.432209780639946750e+00 2.479177507449060514e+00 2.549958981192913310e+00 2.561520156859803610e+00 2.579740367758211583e+00 2.600884378397073426e+00 2.676315379800523253e+00 2.743892805214690256e+00 2.796980167129796246e+00 2.848422551439429018e+00 2.932552192641492361e+00 3.029609525626471900e+00 3.098446855052856108e+00 3.127202335151295642e+00 3.224818164832150114e+00 3.289489285983012490e+00 3.427125220648559623e+00 3.506927880080262128e+00
1.551522247498721974e-01 1.745086337269391441e-01 1.873754833597722769e-01 2.213486515876957605e-01 3.298906886329342480e-01 3.473121583252176681e-01 3.881808001089385174e-01 4.060097588936491531e-01 4.400581559381028796e-01 4.581928709403275124e-01 4.724117655741866262e-01 4.997127461160293938e-01 5.125195484533439094e-01 5.197855098448123101e-01 5.391242304040019251e-01 5.503366924421064788e-01 5.767539978948248436e-01 5.898983681873672946e-01 6.118271067771564597e-01 6.547053896773196158e-01 6.737374471025711076e-01 6.760088762341472934e-01 7.110577221221734412e-01 7.230193000166154071e-01 7.336449383033797345e-01 7.602370191881836492e-01 8.117423996292372212e-01 8.132467959919990053e-01 8.367070603453046207e-01 8.558260407277831217e-01 8.673458166306482475e-01 8.799499968703962116e-01 8.908934257157403724e-01 8.966502104595802658e-01 9.163163217054394183e-01 9.372892091025009087e-01 9.444723521532257804e-01 9.696981130173957242e-01 1.011711094452243165e+00 1.024523276604630384e+00 1.043140060753374287e+00 1.052662827838507065e+00 1.057329428925222636e+00 1.147205912746800838e+00 1.163529021089319881e+00 1.182735680503234521e+00 1.203298263664976497e+00 1.212556189861534905e+00 1.228238548767578431e+00 1.239362643550385723e+00 1.250868714610290588e+00 1.256019384778326531e+00 1.285678508309601398e+00 1.290767187378443426e+00 1.296605035233282965e+00 1.304675911849043413e+00 1.319346785735129313e+00 1.328634302372276421e+00 1.342228677693242611e+00 1.382521229074730407e+00 1.391939718797219783e+00 1.394277031235601205e+00 1.402699702368242818e+00 1.410896629294608351e+00 1.441038276184144484e+00 1.456704477345305060e+00 1.463974174052891097e+00 1.500692826365351396e+00 1.523191782369094582e+00 1.548749147376156543e+00 1.554856885984989834e+00 1.567920162625757063e+00 1.594375942808165858e+00 1.615942965836794309e+00 1.627642605231542694e+00 1.639924768249797493e+00 1.665382421346001562e+00 1.670768241361308970e+00 1.686631141589269856e+00 1.723099731936915457e+00 1.754042013790634291e+00 1.830840295169012366e+00 1.921183933233959751e+00 1.938090589472835301e+00 1.952831789937891749e+00 1.964265439208929154e+00 1.979817497530316217e+00 1.987524970725091045e+00 1.997967985192557139e+00 2.006397559430486144e+00 2.021117002284869457e+00 2.061595057690754018e+00 2.110863874083371616e+00 2.146095153487814322e+00 2.188861927038555422e+00 2.193293213409707398e+00 2.218742852671031329e+00 2.242767497270457877e+00 2.245927962669070244e+00 2.288946696752429233e+00 2.345041916772140578e+00 2.366198453439332550e+00 2.427783929469784940e+00 2.475108342116723037e+00 2.544604424322736147e+00 2.554878410976181957e+00 2.572900725229656516e+00 2.594106619960723670e+00 2.670365934770153160e+00 2.735789978209000051e+00 2.789270383080836080e+00 2.841193665269254875e+00 2.929716383535999835e+00 3.026133133989673318e+00 3.094630684514561025e+00 3.123656415839054734e+00 3.221157078011477104e+00 3.282843197534051960e+00 3.423254476368434940e+00 3.503650106942982845e+00
1.317470464032470812e-01 1.474005355341548029e-01 1.982497813411680798e-01 2.304447687820414536e-01 3.413348639272463236e-01 3.628680455404805216e-01 3.706863397125869097e-01 3.849361182002149495e-01 4.094099294265185485e-01 4.366113578935797435e-01 4.472830295285506463e-01 4.685650166411693962e-01 4.766728914391761274e-01 5.085476615592100513e-01 5.293207225404079619e-01 5.424185999762586308e-01 5.600851947582069501e-01 5.900983596832827249e-01 6.155919690986401127e-01 6.442335575195217157e-01 6.708808967209519691e-01 6.790924396692687992e-01 7.022510618531944138e-01 7.244563297281791936e-01 7.343696052963248899e-01 7.546078932155881880e-01 8.059994229089276763e-01 8.157823269428871038e-01 8.354350985587922773e-01 8.552668494484507722e-01 8.692525443856691236e-01 8.851644222318780786e-01 8.936385748917484717e-01 8.993873036227233442e-01 9.173117840388770317e-01 9.367824512237047374e-01 9.539548258951694448e-01 9.694019830978536367e-01 1.020704788160595511e+00 1.027394157835462396e+00 1.044534658950355910e+00 1.057202300679560558e+00 1.060374151098287809e+00 1.146983677415757352e+00 1.164715557366358789e+00 1.183790464814346466e+00 1.202912445802394759e+00 1.224043335954529521e+00 1.243324163801357685e+00 1.252775824307644115e+00 1.257061079121100988e+00 1.262338326250671106e+00 1.291293611457382973e+00 1.304955952796032159e+00 1.312630131635273978e+00 1.324402676984703264e+00 1.333987622047965171e+00 1.342490886673030737e+00 1.365343912634962020e+00 1.392057795899662054e+00 1.403753186328239311e+00 1.419372381040486797e+00 1.424079895947409025e+00 1.439585884127591475e+00 1.451236853412363192e+00 1.480779654029925396e+00 1.492867245807813159e+00 1.520427054326305205e+00 1.542837324155545309e+00 1.555601277926476289e+00 1.561101041678489620e+00 1.574608872501348511e+00 1.595333060819863480e+00 1.623735477218109180e+00 1.628747350905163316e+00 1.645150688418713258e+00 1.673501101909313338e+00 1.685781703082976257e+00 1.694680596381734183e+00 1.748613089716227531e+00 1.771515846447583531e+00 1.830108320067865391e+00 1.913568773497239972e+00 1.934074659795989914e+00 1.949469329128803441e+00 1.959166321759464591e+00 1.975272221998760180e+00 1.981781471752798618e+00 1.995539022090122794e+00 2.009313256317818652e+00 2.015422196303051194e+00 2.063558396854668686e+00 2.109124690187832663e+00 2.140434133021417384e+00 2.184287138182555932e+00 2.196055113287470828e+00 2.216034217040957266e+00 2.240048126305739018e+00 2.244380433229577143e+00 2.283698374455858993e+00 2.338562515598602953e+00 2.362486382423446774e+00 2.420631191422812023e+00 2.468499359305567964e+00 2.535512722289972487e+00 2.544209098281626336e+00 2.561606030983012428e+00 2.582942986464991098e+00 2.660330663143410046e+00 2.722292916496814819e+00 2.776282622307553183e+00 2.829154286773587934e+00 2.925398853262522803e+00 3.020565526826929581e+00 3.088583582296511754e+00 3.117937674984227581e+00 3.215276497371505560e+00 3.272003918073435713e+00 3.416967735794018246e+00 3.498402870947157961e+00
8.513242372557985882e-02 1.345565945643842909e-01 2.127774012989607777e-01 2.350652198547663607e-01 2.600036294322702335e-01 3.380784729505394992e-01 3.593789289429669132e-01 3.840158900220794758e-01 3.916154726159232213e-01 4.098057528049257603e-01 4.424347772808127077e-01 4.503093734393437408e-01 4.818716566700260162e-01 5.061958547553854215e-01 5.337059565405067874e-01 5.418562111077204202e-01 5.654189887332882192e-01 5.920602353713427801e-01 6.206517722921365277e-01 6.406975292616324813e-01 6.682298758584490628e-01 6.846362206257292637e-01 7.008468073041886903e-01 7.273421271285487322e-01 7.383303745800883222e-01 7.514788679011403794e-01 8.032593342319575003e-01 8.191911218432434971e-01 8.353290091272099760e-01 8.567453743571944447e-01 8.709125379044178050e-01 8.916207678034483441e-01 8.979393513257619697e-01 9.045766167241621192e-01 9.190397061080811669e-01 9.381360939762017903e-01 9.625690853347421694e-01 9.764403734901896392e-01 1.022594317779401907e+00 1.036657895513231065e+00 1.045884328452141299e+00 1.061509593931154960e+00 1.069200543944549109e+00 1.146770054888550661e+00 1.167092545670104009e+00 1.183882673812969077e+00 1.201690284635804185e+00 1.223090884540069201e+00 1.247802191553465612e+00 1.254752266401332417e+00 1.265831297667417088e+00 1.284434739514631607e+00 1.294290655843251425e+00 1.313187188036580189e+00 1.322752749951769724e+00 1.336152927474795193e+00 1.349622260061706047e+00 1.370462410609729176e+00 1.390632652092777866e+00 1.401189656242859405e+00 1.415433326785044077e+00 1.428022416585509768e+00 1.439007406682595525e+00 1.462363102612081356e+00 1.467817136314839122e+00 1.506579635054502875e+00 1.526221429045727884e+00 1.531531949469844500e+00 1.560291561049861775e+00 1.571726095786520894e+00 1.590513868232968253e+00 1.599811221010010165e+00 1.605455048738115620e+00 1.629271735985935443e+00 1.638903287504516637e+00 1.655015321594740296e+00 1.684098640342494457e+00 1.688288972247297126e+00 1.729702537320782829e+00 1.746669042415029294e+00 1.828383459582710868e+00 1.832264018563024344e+00 1.904070944426147216e+00 1.928645510231506988e+00 1.943587763344382546e+00 1.953825884909719646e+00 1.969112443521273681e+00 1.976263018637191671e+00 1.993655813018162970e+00 2.005953004351952895e+00 2.016184653957198591e+00 2.066518970443727898e+00 2.106944235710344504e+00 2.134882387805215220e+00 2.177661692623643841e+00 2.197771489037092518e+00 2.214939274048028928e+00 2.236251505796566175e+00 2.242689549728348997e+00 2.277008442170878499e+00 2.329850293489931889e+00 2.357796606240452064e+00 2.411122302772606751e+00 2.459606638893758301e+00 2.522237400829168141e+00 2.530350586248905298e+00 2.546026417519959839e+00 2.567623630846103566e+00 2.646043538231211301e+00 2.703457515232004393e+00 2.757825790004654554e+00 2.812584244238316877e+00 2.920009437807012276e+00 3.013237039509841786e+00 3.080741186259125630e+00 3.110316015415548474e+00 3.207494449960574645e+00 3.257328019920803008e+00 3.408517136177458440e+00 3.491479942283981508e+00
-8.905979507036611287e-02 1.188549206935719665e-01 1.880324759619506902e-01 2.231282710638508304e-01 2.435460006045734038e-01 3.075405408127995788e-01 3.526156260283977439e-01 3.685802489098656265e-01 4.068503486346624620e-01 4.287227842325284644e-01 4.512778714581487383e-01 4.602055542256539566e-01 4.943964816623394598e-01 5.135960135949038108e-01 5.425158431505767709e-01 5.557494497970024705e-01 5.772859618197347942e-01 5.966930137058343853e-01 6.265980397343078323e-01 6.419946775607712208e-01 6.701170251155877944e-01 6.920773127808874658e-01 7.041463158897193209e-01 7.315291697441631547e-01 7.432969781284486377e-01 7.517423381941706895e-01 8.035092919937807387e-01 8.242364236014495527e-01 8.378891135985033767e-01 8.592521274002841158e-01 8.716311606018347646e-01 8.974225225345677792e-01 9.038264968895894924e-01 9.117321254737245084e-01 9.228124290574332145e-01 9.431232849941044716e-01 9.693552763882280487e-01 9.884101640768502284e-01 1.023336635211243850e+00 1.042495568006816864e+00 1.051820725028728587e+00 1.066627749500128841e+00 1.081981893033578279e+00 1.146105429137379561e+00 1.170436737172412034e+00 1.184231734207462416e+00 1.200486709147091213e+00 1.219877527122899208e+00 1.247327071327167358e+00 1.257559392575618329e+00 1.272136425751882571e+00 1.287679153797175458e+00 1.306923184168368168e+00 1.318768153995412584e+00 1.329703562892345481e+00 1.343838058633603838e+00 1.367057097881145156e+00 1.384468272978143455e+00 1.405045075842202840e+00 1.416961806935120416e+00 1.432684872456789771e+00 1.442580831203910119e+00 1.455084247016741106e+00 1.479849823339378201e+00 1.492080785230580631e+00 1.508360021903260240e+00 1.537553844502318245e+00 1.544398392940966369e+00 1.568271662488699203e+00 1.584303352839030676e+00 1.604141324211396658e+00 1.614439161666826106e+00 1.632020103286281776e+00 1.641891295851400034e+00 1.663603685295477863e+00 1.675432939050823355e+00 1.715160266250977950e+00 1.722067663070995680e+00 1.743640191104510739e+00 1.765667424575561695e+00 1.830633799664180383e+00 1.889604517746229062e+00 1.896565364842484280e+00 1.922973557694549696e+00 1.935424071529779688e+00 1.949237371602484448e+00 1.962988316379685072e+00 1.973023797833949544e+00 1.992825015459867011e+00 1.999699761572379941e+00 2.024111232454969045e+00 2.071123753738405515e+00 2.104859132196816418e+00 2.131370691533863049e+00 2.170615634120224513e+00 2.195097417583615318e+00 2.218111412622045808e+00 2.231271995621487481e+00 2.242078900493429394e+00 2.269512333549840388e+00 2.319509211065546861e+00 2.352699237850365055e+00 2.399850319344011496e+00 2.448753797494335416e+00 2.504335131475998732e+00 2.514391563817193642e+00 2.526455043252831878e+00 2.548530010724072259e+00 2.627334306180635348e+00 2.679443118885207031e+00 2.733705769186553614e+00 2.792208679974963470e+00 2.913864843060160581e+00 3.004591665832129443e+00 3.071650357512955232e+00 3.101139163679738964e+00 3.198228572747917386e+00 3.239315036633245715e+00 3.398260775370768538e+00 3.483239468215040713e+00
-1.353202176827273950e-01 1.368906755764905114e-01 1.977293397659952989e-01 2.451230822942812027e-01 2.610352453347228319e-01 3.119616826639680096e-01 3.646836733708123668e-01 3.819676982238546237e-01 4.258830909560003541e-01 4.540201770820129212e-01 4.664392572637420242e-01 4.852763230616665147e-01 5.217936005291614610e-01 5.295241826650077810e-01 5.591738219200599325e-01 5.704667233173755791e-01 5.907307835965557308e-01 6.070507635660888912e-01 6.335376670644681241e-01 6.482223624397998041e-01 6.771336413901415385e-01 7.018250924405252666e-01 7.095552547200937310e-01 7.366717490148765313e-01 7.481659650611042212e-01 7.568077487349573751e-01 8.059437272501189797e-01 8.314426965247255774e-01 8.434656296546423349e-01 8.628730655498763058e-01 8.720438206834411066e-01 9.018885647164561759e-01 9.102241584076392611e-01 9.185389280762407127e-01 9.315648030581266115e-01 9.515085072833209257e-01 9.762990766478055749e-01 1.000824629213867611e+00 1.025075788449847813e+00 1.043254064440442885e+00 1.062618190500441484e+00 1.073255953286276876e+00 1.096919733587907286e+00 1.145004182603103882e+00 1.174022981938269261e+00 1.184963565818756503e+00 1.200048983636414102e+00 1.215602600611057404e+00 1.246545637485989788e+00 1.258300884262034680e+00 1.276736315411411971e+00 1.287653692339897349e+00 1.313503827762443565e+00 1.321297476023925555e+00 1.341020828553605826e+00 1.352378200568952638e+00 1.371347167962431834e+00 1.398265971418947373e+00 1.415588966454746966e+00 1.423337681960017420e+00 1.436438802428206207e+00 1.461293726564015572e+00 1.483047117445758012e+00 1.498109395476729722e+00 1.509118261123963523e+00 1.521725808397034418e+00 1.542029099974359552e+00 1.549465900863821410e+00 1.572594382037560967e+00 1.583508075769743506e+00 1.612518706152492820e+00 1.616229286110216545e+00 1.632242975335056023e+00 1.673628828257494927e+00 1.677845015787152727e+00 1.699873409908844835e+00 1.732499652856495986e+00 1.768857230174384121e+00 1.779603282012252707e+00 1.798447328221578490e+00 1.835599492020779211e+00 1.883212001117743561e+00 1.915466253695032650e+00 1.924241422193679663e+00 1.938178480154856054e+00 1.948488202257321555e+00 1.961440300423186400e+00 1.974376179064706527e+00 1.990261488468193729e+00 2.007730127824447930e+00 2.036166099723641931e+00 2.078791388680256702e+00 2.104106223808409837e+00 2.132816189946701080e+00 2.165441196722090567e+00 2.189524585287413672e+00 2.221841739297288676e+00 2.226584003947894352e+00 2.245024327402368236e+00 2.262000031370773545e+00 2.308526137523167598e+00 2.348295948898116325e+00 2.387730626890391505e+00 2.436207354778227252e+00 2.482393973061902237e+00 2.496621146844951067e+00 2.503558922246627017e+00 2.526288171266085403e+00 2.604178448035542548e+00 2.650591455466696278e+00 2.703900940311227519e+00 2.769187203625461446e+00 2.907152530007465430e+00 2.995165366801558093e+00 3.061920004369973913e+00 3.090809911673474186e+00 3.187962467640149455e+00 3.218612877243339554e+00 3.386655515932046168e+00 3.474065058634955960e+00
-2.948924431528171519e-02 2.057343401194598465e-01 2.432131440286595947e-01 2.892424007576402945e-01 2.997799196555869794e-01 3.448188212533569441e-01 3.917640372012526351e-01 4.124762672866514879e-01 4.536748182206162827e-01 4.819633112319524626e-01 4.939766491368089985e-01 5.185441188572845750e-01 5.444361999850261258e-01 5.607969187910752940e-01 5.802686544642661204e-01 5.864900038016522821e-01 6.042651971441720393e-01 6.247171975023931845e-01 6.429785119867357235e-01 6.606963418211805328e-01 6.872980349519914878e-01 7.142288027968826114e-01 7.170083829634592565e-01 7.432561017426054795e-01 7.536945116828723812e-01 7.655978410340219531e-01 8.098416682451526905e-01 8.405881041216063387e-01 8.513564939372034734e-01 8.681047847878897716e-01 8.745397714240731313e-01 9.061457132062814557e-01 9.151890239468957189e-01 9.259511310067602974e-01 9.438335994008487662e-01 9.621405737660349011e-01 9.847478944236058851e-01 1.011272756102138182e+00 1.028415366297653843e+00 1.044160231584129184e+00 1.072067179805729964e+00 1.082339433806237983e+00 1.112249940065747289e+00 1.144280329579340227e+00 1.177023191461250784e+00 1.185878989468140077e+00 1.200604241225903479e+00 1.210830386712040019e+00 1.246268879000414831e+00 1.257633883783916273e+00 1.278772507123888680e+00 1.287668110744551342e+00 1.314178124359208111e+00 1.325967531767107133e+00 1.348812477517402852e+00 1.362560500497677518e+00 1.375376575061593165e+00 1.404816837930589646e+00 1.422235249392197698e+00 1.434095687735515545e+00 1.440657793574255052e+00 1.472409529033388287e+00 1.490681380625372476e+00 1.504459290047538200e+00 1.535686335959583149e+00 1.539749744248571250e+00 1.543442149268239749e+00 1.559189080474741251e+00 1.576092661787796612e+00 1.581943084374168862e+00 1.614252453488931760e+00 1.621271729845518594e+00 1.631436854708628870e+00 1.678791326526813510e+00 1.689100952916130938e+00 1.725970236778647138e+00 1.739518204229847820e+00 1.802741650553067787e+00 1.811253735411300747e+00 1.825957679242544707e+00 1.844790483811699744e+00 1.876993137609332729e+00 1.909427943586867960e+00 1.918310964498876725e+00 1.938172708475200734e+00 1.955113417309052082e+00 1.969928374888425093e+00 1.977573753566796322e+00 2.004681515643325973e+00 2.028197915076733082e+00 2.050858566396093430e+00 2.091001066608380032e+00 2.106696644062649781e+00 2.139861492454311342e+00 2.168589175850589079e+00 2.183720511320867086e+00 2.216581508574650528e+00 2.230045444337968696e+00 2.250440092983399420e+00 2.258664657395712538e+00 2.298418409289962661e+00 2.346519144934962053e+00 2.376332821154397479e+00 2.421867670993684385e+00 2.457664313011320711e+00 2.474909880051037181e+00 2.480513868835188873e+00 2.502204675771779296e+00 2.577015228378990219e+00 2.617580987094183964e+00 2.668883770515124265e+00 2.744905326053496797e+00 2.899985585861729387e+00 2.985547927668739554e+00 3.052178196516285080e+00 3.079765757981258290e+00 3.177149237578776209e+00 3.196075208568276871e+00 3.374234494957028208e+00 3.464332096416895990e+00
2.084431485094374037e-01 2.870453773928181018e-01 3.110645311583193906e-01 3.397671164466549154e-01 3.539713685069139082e-01 3.960831606069587507e-01 4.289732695102732030e-01 4.522571731989306620e-01 4.909614805920424763e-01 5.168887080572417414e-01 5.267188630577088748e-01 5.511375089143428774e-01 5.685843249148083700e-01 5.909053640796365636e-01 6.041268506543447936e-01 6.111383506681951072e-01 6.234274736962144292e-01 6.458322822214861425e-01 6.566636830640216749e-01 6.815416191692577064e-01 6.998975301489070988e-01 7.259660582869087442e-01 7.309904416149720641e-01 7.524937707503884798e-01 7.611235628885388849e-01 7.769198652086539703e-01 8.145865783969195029e-01 8.509561389914412910e-01 8.592890614274462102e-01 8.750632381267144932e-01 8.835650276273807613e-01 9.105152695160484422e-01 9.203603516531760897e-01 9.338214003120043349e-01 9.568971361882525617e-01 9.743666304105867981e-01 9.956232199023946627e-01 1.018779491508676083e+00 1.033374111357706848e+00 1.047031510897154183e+00 1.078519363058246583e+00 1.093676227014256597e+00 1.124220703377456276e+00 1.146361356908998985e+00 1.179292538344202335e+00 1.187164515982118251e+00 1.201537561299454993e+00 1.206040672877424003e+00 1.245937437525010294e+00 1.257819130396005347e+00 1.277526836325581616e+00 1.287814729833738570e+00 1.312787343847546806e+00 1.329138192264568641e+00 1.356295716320952804e+00 1.369644468881201727e+00 1.384504343555271522e+00 1.405442780241806799e+00 1.428062601991206604e+00 1.442377035412877317e+00 1.453374621866818872e+00 1.476052854412585491e+00 1.488353215345419311e+00 1.509617766089663027e+00 1.538086299973085769e+00 1.546501213183408829e+00 1.555617076987623859e+00 1.569375875150593291e+00 1.577840501742318491e+00 1.588838043538820521e+00 1.611485237065619858e+00 1.624506612949287998e+00 1.636918768065772190e+00 1.683586764301771899e+00 1.696712081458434884e+00 1.720843654967876057e+00 1.759570939458197758e+00 1.809546097947512422e+00 1.825275218169761349e+00 1.836743814703503563e+00 1.857524353070825418e+00 1.872762498902882822e+00 1.899717637560147221e+00 1.916600040277672612e+00 1.933253917623017903e+00 1.951910744738514003e+00 1.975443298005464809e+00 1.996876038979156442e+00 2.026080445036716249e+00 2.047063884647066789e+00 2.067107400053890043e+00 2.103357308517626478e+00 2.117392664238789912e+00 2.146317488411434216e+00 2.177286560447663000e+00 2.186665219027777329e+00 2.210265612952450720e+00 2.236969681949427802e+00 2.247291497763517221e+00 2.270342503817481816e+00 2.292442257541684736e+00 2.348145240386545929e+00 2.369793822257910243e+00 2.405007071880762570e+00 2.431606878716364051e+00 2.448124364628209815e+00 2.458732841300568683e+00 2.480200488657048119e+00 2.547262456853565560e+00 2.581874138235723759e+00 2.630123026566277833e+00 2.720768369153920396e+00 2.892491257151033945e+00 2.976318711104809722e+00 3.043044700791931678e+00 3.068465514651527837e+00 3.165337189165025489e+00 3.173581864864696733e+00 3.361568160835997521e+00 3.454383677217405246e+00
3.190861841046279679e-01 3.581808797484482554e-01 3.743803001808627684e-01 3.885438661791780768e-01 4.216671142904626080e-01 4.548275354114857394e-01 4.784785977717331829e-01 4.945580959150173705e-01 5.358932599658008389e-01 5.540393504000770131e-01 5.606268301059764703e-01 5.755833745256049294e-01 6.012204248256100003e-01 6.128821207990438058e-01 6.280715604128043195e-01 6.453145657079586428e-01 6.530037130047954275e-01 6.679873500283213250e-01 6.778041051508899573e-01 7.068599311668288809e-01 7.207490075942192265e-01 7.415779802636963680e-01 7.497409733308874058e-01 7.652546521846991245e-01 7.720487165814757802e-01 7.919792477388599705e-01 8.200756033924940791e-01 8.599567297434809188e-01 8.700536157996172637e-01 8.822770559098245258e-01 9.009112277751296638e-01 9.150109090008170520e-01 9.280103634823591019e-01 9.424754602158645911e-01 9.696585290043163718e-01 9.879777030812898486e-01 1.008515796242020146e+00 1.024524464422988057e+00 1.039284740457066647e+00 1.053104102440977963e+00 1.083176324422933323e+00 1.104409176962753314e+00 1.128654669530376076e+00 1.153138163832519103e+00 1.181283689012573523e+00 1.189426365662747731e+00 1.200176683599458949e+00 1.204439185999469641e+00 1.244685995829528879e+00 1.260125590939544571e+00 1.274640098522432208e+00 1.286775915905176593e+00 1.310412081953004293e+00 1.330078557560937069e+00 1.365450948075224158e+00 1.374531806923563027e+00 1.395227288462711934e+00 1.405865674921451536e+00 1.432167653892594705e+00 1.452910013461292671e+00 1.464694563565213770e+00 1.473839029188526828e+00 1.490651804115379564e+00 1.510494411135964610e+00 1.534748250215109744e+00 1.544319295994307284e+00 1.555794725438203630e+00 1.577739941728182105e+00 1.579357563896236716e+00 1.596968891388576006e+00 1.607928996012423672e+00 1.626647382379994733e+00 1.642024079965206607e+00 1.687952783331851281e+00 1.695995980889634547e+00 1.718642101763868446e+00 1.766116923486037660e+00 1.804713743895935307e+00 1.825662913973315815e+00 1.833894297352089753e+00 1.859599905145408627e+00 1.876963394462063839e+00 1.889285723793504790e+00 1.913904261852716449e+00 1.926761543863331205e+00 1.945220867909452478e+00 1.984962192207097686e+00 2.011787284647108986e+00 2.032548863528736316e+00 2.063174936075619748e+00 2.087201255729768778e+00 2.109705417268245675e+00 2.137298210918537222e+00 2.154778993735088299e+00 2.178474262348875978e+00 2.195886217869708723e+00 2.210043702609213678e+00 2.236406490736012831e+00 2.255803399542807508e+00 2.278158818762002102e+00 2.298973303027142645e+00 2.347249224266390044e+00 2.374382900883296621e+00 2.386728098392518316e+00 2.406100928219970569e+00 2.423665166026504281e+00 2.431926428030192877e+00 2.465449342468351013e+00 2.517263056214131822e+00 2.547160139914045551e+00 2.591509419715604778e+00 2.698223889971639977e+00 2.884890430902423475e+00 2.967956635537290389e+00 3.035114112764678573e+00 3.057389783343085199e+00 3.145829511448043903e+00 3.159305464365969485e+00 3.349213813370120807e+00 3.444515661946900398e+00
3.963835306881716147e-01 4.149119470225920425e-01 4.233391320772694200e-01 4.328026570869563661e-01 4.861481537874444703e-01 5.096038510368449126e-01 5.255701848970869561e-01 5.454993324610981631e-01 5.767379348307908327e-01 5.897827424485743153e-01 5.957475972837940059e-01 6.016402108785183778e-01 6.280576452844263136e-01 6.401500221802887136e-01 6.592110234336031604e-01 6.748102636449282432e-01 6.819470624245681512e-01 6.961940899064424926e-01 7.056716900282248295e-01 7.308458643137700772e-01 7.528128603191340806e-01 7.677663830047886107e-01 7.730624459392008152e-01 7.846524931469965880e-01 7.892737938202679659e-01 8.136077647451164241e-01 8.277862662337635014e-01 8.687841407560699114e-01 8.839205605947684230e-01 8.912560982324163605e-01 9.197334993371973910e-01 9.234265628192460662e-01 9.405460151696175553e-01 9.541006425353247833e-01 9.820860949942005202e-01 1.002680437758064036e+00 1.021326462267242885e+00 1.031341417987744702e+00 1.047128484753127919e+00 1.062372215597052527e+00 1.087318765940132659e+00 1.112104611132638254e+00 1.129360510858123057e+00 1.158680843391817206e+00 1.179900349838277185e+00 1.194260826918149165e+00 1.199227006942400475e+00 1.207089935413463655e+00 1.242984944666374991e+00 1.262986012133780367e+00 1.271935196074696295e+00 1.284360545474609427e+00 1.307644049909600703e+00 1.330753416975220649e+00 1.372190143543994045e+00 1.382240174597611615e+00 1.400283299559335948e+00 1.411072181361678890e+00 1.438534588284264171e+00 1.457327411795632743e+00 1.466298028889069460e+00 1.480155524415931900e+00 1.497650302231612329e+00 1.508554270121161611e+00 1.529069361810405647e+00 1.538910034255325465e+00 1.554333446880676872e+00 1.576228929851257510e+00 1.580992530481919900e+00 1.596403219726766354e+00 1.607203481103869569e+00 1.628354331638621755e+00 1.641907715388273070e+00 1.683345373539647083e+00 1.690861862851417818e+00 1.719784075485905062e+00 1.764232814986090636e+00 1.795269744634069964e+00 1.819890817137498784e+00 1.829797471078839166e+00 1.848897636690223001e+00 1.875353646225717430e+00 1.887030106291962328e+00 1.908428399953011390e+00 1.920399061277769048e+00 1.939605380880198293e+00 1.992007891108931616e+00 2.015464189795344918e+00 2.028882336865293734e+00 2.070989750106792648e+00 2.089668862698480289e+00 2.124354152642471849e+00 2.149397413044862759e+00 2.167261924703358211e+00 2.187222186882904484e+00 2.194718482736506271e+00 2.214833793663538497e+00 2.238875157694692142e+00 2.263883699713193476e+00 2.283683560546664548e+00 2.308373107856044104e+00 2.345833125249750406e+00 2.358800366071850618e+00 2.378959863203765401e+00 2.386063088877963700e+00 2.401037118968194939e+00 2.418567634654416043e+00 2.456857107123625372e+00 2.487075585991534332e+00 2.518915291829711744e+00 2.564938011022859232e+00 2.679104304363049138e+00 2.877536250304270737e+00 2.960748309589890326e+00 3.028906721878910968e+00 3.047078683071995364e+00 3.122649968962172728e+00 3.150649381355708822e+00 3.337662132022170436e+00 3.434967279771327320e+00
4.472556522629277942e-01 4.607854216978615747e-01 4.657130967503277930e-01 4.734213760661813986e-01 5.256047667577598004e-01 5.575182350705008005e-01 5.649750764873034958e-01 5.828278983964350068e-01 6.027093664449720833e-01 6.160073783457686858e-01 6.322359058656477071e-01 6.379441056466177429e-01 6.553337344486417360e-01 6.702182901936571957e-01 6.868280756657574315e-01 7.010440318445241292e-01 7.063960359101169040e-01 7.271317906729263258e-01 7.414708835013986699e-01 7.548393706743324882e-01 7.825076157859093273e-01 7.900528758440524824e-01 8.047147253689463930e-01 8.190394000431397981e-01 8.243770685398906783e-01 8.392546691505488043e-01 8.456557300489682127e-01 8.803332056926633786e-01 8.951122182942857775e-01 9.052644385412775829e-01 9.292413094303580978e-01 9.459187618060976854e-01 9.595593423875430350e-01 9.722243282507772033e-01 9.947668777813774010e-01 1.019199671174777055e+00 1.033652856402061282e+00 1.039878778651841085e+00 1.059960211013447395e+00 1.074076665525686591e+00 1.093632179184004460e+00 1.115516608487082673e+00 1.130912266020702273e+00 1.159909083857408651e+00 1.174571000608667370e+00 1.193576072648877107e+00 1.207563908752509407e+00 1.212245858283625743e+00 1.241862553216558585e+00 1.264231268854826506e+00 1.269976426580714968e+00 1.282295355726077668e+00 1.306154671321270389e+00 1.332230063305224421e+00 1.375910679617073029e+00 1.391903853054082818e+00 1.401259135379559373e+00 1.419590195435914914e+00 1.446697132008577746e+00 1.450112540292821883e+00 1.473113703558831755e+00 1.487354549187163810e+00 1.499974153772728247e+00 1.511520522861259597e+00 1.522363931874967546e+00 1.533564015313807261e+00 1.553808639931533842e+00 1.570927002540669415e+00 1.579274266726995890e+00 1.590505674680464665e+00 1.607359727286280071e+00 1.624755574268177627e+00 1.637241606142820549e+00 1.671923702254582089e+00 1.680321036328117801e+00 1.721861130014799235e+00 1.756620451283210871e+00 1.785346920422236083e+00 1.810740838397132846e+00 1.823880941550757528e+00 1.840303105334055944e+00 1.864120624180728214e+00 1.883828969139095699e+00 1.900864923169407694e+00 1.916712988685178365e+00 1.936352459430452200e+00 1.991388005490107194e+00 2.012071413155095190e+00 2.020675796566861138e+00 2.071736233813983752e+00 2.081384327497728393e+00 2.125116083382929233e+00 2.146880361102239121e+00 2.178081785221932076e+00 2.195572477443591630e+00 2.205125384467848892e+00 2.217130567651321549e+00 2.243136849541484512e+00 2.266462481654184291e+00 2.286530313342731269e+00 2.308662439910769582e+00 2.337190287276956990e+00 2.345751452208191701e+00 2.354223158780059499e+00 2.370969483201375905e+00 2.388565854482125772e+00 2.418194897122347253e+00 2.445850189779175121e+00 2.470746287433460253e+00 2.502106781984063666e+00 2.564126705030302489e+00 2.666297521978539198e+00 2.870886293840498649e+00 2.954739957841437725e+00 3.024622077625680028e+00 3.038318879072825496e+00 3.100488862710710336e+00 3.144190711657350423e+00 3.327288592126562250e+00 3.425913852068772858e+00
4.826166059505530015e-01 4.961996377896244481e-01 5.048305174331010337e-01 5.113824376466715727e-01 5.526408210912221453e-01 5.890841410748627327e-01 5.949876269970598708e-01 6.069411191541917994e-01 6.228474116317723741e-01 6.349994972684233074e-01 6.567677880669134938e-01 6.669618639076941857e-01 6.853246351794635149e-01 6.949100083226767977e-01 7.072593764438522834e-01 7.187337024120650231e-01 7.272674068867559516e-01 7.582076759122270415e-01 7.719362065960226893e-01 7.856581000444969876e-01 7.983585889875490782e-01 8.194221829838255200e-01 8.296897039483562830e-01 8.554768349497053892e-01 8.630750438360472732e-01 8.687362200560928560e-01 8.849505349833680645e-01 8.982152991171821199e-01 9.088797879647338984e-01 9.229726656949728270e-01 9.446816988252614289e-01 9.673915759684510451e-01 9.821437990386833183e-01 9.965023895126803311e-01 1.009509875131107348e+00 1.039809293460718154e+00 1.045393548594513833e+00 1.057122453194616174e+00 1.073872593487224636e+00 1.088200711437258716e+00 1.107593493607875290e+00 1.117817402272904825e+00 1.134160211598761459e+00 1.158389375570491264e+00 1.168177565139798757e+00 1.192273762318166286e+00 1.212564416922509603e+00 1.220525664326391091e+00 1.242414761684549118e+00 1.264356028795918352e+00 1.267926965582015786e+00 1.283025680892813325e+00 1.307835566030899344e+00 1.334492369124216538e+00 1.379848779322823349e+00 1.395155249377109108e+00 1.407931080312004202e+00 1.426599112006893710e+00 1.437756609251615414e+00 1.460945312535724128e+00 1.478578033747401710e+00 1.490314949041855241e+00 1.494429510319865928e+00 1.514547770239008662e+00 1.522488785950817380e+00 1.529759639507940916e+00 1.553963295014080481e+00 1.564946870433499226e+00 1.574687925597978211e+00 1.584670713847688761e+00 1.604521864038103152e+00 1.616274424404051224e+00 1.628691668707180407e+00 1.659290137447984481e+00 1.663341503515379793e+00 1.722203340379484082e+00 1.744327986953073450e+00 1.777758421953686163e+00 1.801079598591824871e+00 1.812631276176245754e+00 1.836504040869869403e+00 1.852236558725310678e+00 1.873675338649206212e+00 1.890435981830095091e+00 1.915429308010403009e+00 1.934315415216874001e+00 1.982666530116575565e+00 2.003295435355622267e+00 2.009789809149963968e+00 2.065450512743622902e+00 2.069686119879520003e+00 2.119079276601580908e+00 2.138391716765210226e+00 2.163708879995927425e+00 2.197933480851790300e+00 2.214436405573978028e+00 2.225789415726048937e+00 2.240979227122959827e+00 2.253783088013443514e+00 2.288185932416500812e+00 2.304919399313085648e+00 2.316941145964655391e+00 2.328036506676174788e+00 2.350463338718141948e+00 2.362859348255308856e+00 2.386863757393837382e+00 2.407813503080293405e+00 2.430269517403165214e+00 2.467587698278108643e+00 2.519540493186535723e+00 2.576210361202329935e+00 2.663861404693677493e+00 2.865413707302159274e+00 2.949777547077223616e+00 3.021255507266084717e+00 3.032821904647308386e+00 3.080525252411161929e+00 3.139776118835413410e+00 3.318314997010941347e+00 3.417460501454216537e+00
5.106276273615968364e-01 5.239763156087013929e-01 5.379599317909378176e-01 5.457670655405526539e-01 5.755527479435570415e-01 6.095495277890298214e-01 6.133059014035092682e-01 6.269674398843776419e-01 6.410763577438258753e-01 6.512375898863097534e-01 6.726455357773296617e-01 6.885069424856627984e-01 7.054898945283392120e-01 7.156808346502009366e-01 7.218136873369757067e-01 7.342496650636438638e-01 7.443824794283618873e-01 7.711807956468063052e-01 7.960854446272668250e-01 8.076421870847765305e-01 8.163185938929493624e-01 8.426255875195476364e-01 8.584542590071342349e-01 8.714107144863547649e-01 8.848225188122424978e-01 8.980744863457040816e-01 9.178525548575713344e-01 9.275279524037209899e-01 9.384448162913496816e-01 9.484078529086326093e-01 9.668909083568522078e-01 9.884541838087199661e-01 1.005455358578243752e+00 1.016240526780239462e+00 1.030641954445806752e+00 1.055245280787052042e+00 1.066860802572532352e+00 1.080341963866555899e+00 1.091954885757029148e+00 1.102974064480015670e+00 1.122477398241131796e+00 1.132424920723026807e+00 1.141542160126588934e+00 1.157334491936048204e+00 1.164700291955902856e+00 1.191891046188231496e+00 1.215809443743825380e+00 1.224800840440247951e+00 1.246503196486042464e+00 1.261051424465869042e+00 1.271249754392104414e+00 1.287404652114471748e+00 1.312536995494616221e+00 1.337333494761435704e+00 1.384774420196225764e+00 1.395215703872759061e+00 1.417406286022604212e+00 1.426473693546792765e+00 1.432621950724042081e+00 1.472594296924454316e+00 1.481435099847451919e+00 1.487392125647547081e+00 1.492932564969669418e+00 1.510766490889490665e+00 1.520034226523636400e+00 1.532822886385553085e+00 1.553877915577474900e+00 1.560893550252939299e+00 1.568793103198379280e+00 1.580421811101696772e+00 1.598672577706299558e+00 1.605822648843802991e+00 1.618974869781796055e+00 1.638382952261302927e+00 1.651164804467556424e+00 1.718596339448790866e+00 1.728499432548889825e+00 1.772114807787990021e+00 1.791662415743278114e+00 1.802161449342198685e+00 1.831988323495425730e+00 1.840266781332243973e+00 1.859521790486308612e+00 1.879739967280037671e+00 1.912756674400149404e+00 1.932224534686220130e+00 1.967926783741247965e+00 1.989138559828167230e+00 1.997165692812080007e+00 2.048609678131738665e+00 2.058203807606504121e+00 2.114271433694909330e+00 2.125087284472811699e+00 2.146210902165604395e+00 2.179738467525391687e+00 2.199572275786379816e+00 2.219998261554727570e+00 2.235434823816594196e+00 2.250978656713639392e+00 2.275999413365216384e+00 2.290814220986497673e+00 2.308868380781497365e+00 2.320822903310776120e+00 2.352784275418223547e+00 2.371318828292130920e+00 2.379314002440500175e+00 2.405240781912231007e+00 2.431445971989421917e+00 2.482885000235520057e+00 2.537696022216240799e+00 2.592825694573600792e+00 2.673132907656287749e+00 2.861508234721509503e+00 2.945642374206033143e+00 3.016895873866244582e+00 3.032378353791719050e+00 3.063873517981991146e+00 3.137225364821627061e+00 3.310784665721622222e+00 3.409638525350100480e+00
5.333787994714502823e-01 5.453761515953327033e-01 5.648359817443053821e-01 5.763896486389105123e-01 5.955992314054054937e-01 6.241355810870120591e-01 6.250881433428625567e-01 6.472027128638310201e-01 6.521125006646848465e-01 6.665527088662906996e-01 6.855019350319798699e-01 7.047677869954971364e-01 7.190316130725852295e-01 7.288199653934568367e-01 7.360069153665884656e-01 7.467948275468563324e-01 7.620117868699975983e-01 7.763009477134541481e-01 8.105376127668848518e-01 8.189891218724471011e-01 8.333107984218209863e-01 8.554986406329778692e-01 8.731941296462597535e-01 8.839432859233627982e-01 8.964412158858063862e-01 9.243216320342090286e-01 9.402502860749986091e-01 9.483725563448223150e-01 9.561772129081109739e-01 9.756687261284321400e-01 9.975200899591303294e-01 1.014083027341337262e+00 1.027423334956222734e+00 1.029875971545420876e+00 1.054978114158757307e+00 1.071433188791260260e+00 1.085413008606718188e+00 1.103107217263269657e+00 1.104230995887975686e+00 1.127013657326171092e+00 1.132136772066846264e+00 1.145947102600436862e+00 1.155855037821408748e+00 1.163754419734098100e+00 1.180669757539843490e+00 1.196364164736104962e+00 1.218762724636953454e+00 1.224808149966994497e+00 1.254506060701061188e+00 1.261739712760781451e+00 1.277746790590731818e+00 1.294323368786993722e+00 1.318513900944568551e+00 1.341050078511919930e+00 1.389222666480755430e+00 1.396541977318457528e+00 1.417011798360272357e+00 1.426528460131490261e+00 1.435725098738082517e+00 1.474321524425619367e+00 1.478587401016231428e+00 1.490830952823184452e+00 1.498487543301271208e+00 1.504028387969808422e+00 1.516075836673406840e+00 1.531893527110014253e+00 1.547886741687169776e+00 1.556963618732625454e+00 1.569193899242423473e+00 1.577427776883195465e+00 1.594000011838285324e+00 1.596428150113073041e+00 1.609750224984386024e+00 1.614564235936081227e+00 1.642637567524013464e+00 1.708378144018350753e+00 1.713077804984085351e+00 1.764021284548015212e+00 1.782747222628855877e+00 1.797119616088570071e+00 1.824150639112210426e+00 1.828821795687742835e+00 1.842791595080134348e+00 1.870000987369039969e+00 1.907752344357154461e+00 1.929518212030831181e+00 1.949280935991312136e+00 1.971203792810378053e+00 1.982202060649957076e+00 2.024410047957677428e+00 2.046085568172792080e+00 2.097592421374512739e+00 2.112136818481690881e+00 2.129286974959158307e+00 2.155732598225924335e+00 2.165770791119979499e+00 2.212626065065255165e+00 2.232234795193362764e+00 2.244697734564505165e+00 2.256358143574698882e+00 2.275108386580354747e+00 2.293883146022835717e+00 2.331542689647142730e+00 2.360699630270489013e+00 2.378620067692999829e+00 2.395227304631266652e+00 2.419072860048890661e+00 2.438167683798494689e+00 2.505817224977157753e+00 2.544417868433204610e+00 2.614399174670799297e+00 2.689154351913148666e+00 2.859435165429303538e+00 2.942216304471542365e+00 3.012355788761633679e+00 3.033386122816844388e+00 3.053336164782132656e+00 3.136076118357903120e+00 3.304555464171008428e+00 3.402408289814660591e+00
5.508254767721971756e-01 5.619850370157298824e-01 5.850897144281254070e-01 6.032921369423634994e-01 6.094363667473834401e-01 6.324460091156243191e-01 6.410537451498050654e-01 6.559343409411408921e-01 6.668680506199718971e-01 6.811386041777981459e-01 6.968489649144035125e-01 7.166907373082526123e-01 7.279191638829354272e-01 7.411196128835875196e-01 7.448115348742695430e-01 7.584836113218028641e-01 7.766372537400419995e-01 7.807558465326284169e-01 8.183281217586680922e-01 8.271213259711274191e-01 8.448408184636109208e-01 8.611595978041055588e-01 8.725698137235896601e-01 8.992628181052063630e-01 9.042621955911053222e-01 9.421275254036712843e-01 9.538698360416251187e-01 9.611005549000576353e-01 9.649323126956086405e-01 9.931414915714519287e-01 1.017057659238797651e+00 1.032250378560497728e+00 1.041618058881100151e+00 1.060932856835854921e+00 1.071284993039895328e+00 1.087779383764830188e+00 1.098797962566784525e+00 1.104481670732171628e+00 1.128118308450818397e+00 1.132204475148729461e+00 1.147872635679326070e+00 1.152503610776089760e+00 1.174448906631921696e+00 1.184408050715285432e+00 1.204937052955746601e+00 1.213032237081091980e+00 1.222636764602316628e+00 1.226796162652940447e+00 1.264305741938831718e+00 1.272374281331221324e+00 1.287905097607312532e+00 1.301392535064823219e+00 1.323999439810655598e+00 1.346276667088139645e+00 1.391682363590105886e+00 1.397290143322738043e+00 1.411534045654239788e+00 1.429680833187312095e+00 1.441183918414868925e+00 1.467801492371017202e+00 1.475633414826723167e+00 1.491945724255756556e+00 1.495609578015671737e+00 1.508911529344569402e+00 1.514116735898058508e+00 1.527606518641237310e+00 1.537710877167572932e+00 1.551421045883531136e+00 1.571737999294754662e+00 1.573099458504123804e+00 1.588269450425285223e+00 1.591788789563819861e+00 1.594460578831471853e+00 1.608032184148967314e+00 1.636453508752288455e+00 1.690117633035259415e+00 1.702550032109753309e+00 1.749443635613153969e+00 1.778315990048357387e+00 1.791768579192777766e+00 1.813365191241556040e+00 1.819191971058270019e+00 1.826712806279642942e+00 1.860671561742592850e+00 1.900952480599037875e+00 1.925413457740013934e+00 1.929117995403771157e+00 1.951167959050041034e+00 1.964631558338333361e+00 1.997510831301985812e+00 2.032677265321939597e+00 2.061767308049638370e+00 2.089884862455976933e+00 2.107390459565690488e+00 2.140589791804925035e+00 2.147275116063692035e+00 2.206055659631305677e+00 2.230380680414830508e+00 2.234164290076608772e+00 2.246757203046279017e+00 2.257014200685408589e+00 2.277456007912659341e+00 2.354026699041777526e+00 2.374335625739681710e+00 2.394511477449801973e+00 2.414373610441805429e+00 2.436440605376009483e+00 2.449261986405586455e+00 2.521280459547825537e+00 2.553480899658796321e+00 2.635458006356795835e+00 2.706329028073001908e+00 2.859380173572498851e+00 2.939571582149645756e+00 3.008733170551472824e+00 3.028624493072785917e+00 3.054038040241337182e+00 3.135591162257187037e+00 3.299316528783050817e+00 3.395673198890163835e+00
5.625833034331821914e-01 5.750097633919825091e-01 5.985585271162335852e-01 6.157423346051845714e-01 6.272620538573031590e-01 6.371728598727762760e-01 6.573840977809261021e-01 6.582293414230979689e-01 6.831042175313135623e-01 6.954099943324308919e-01 7.068394545872345169e-01 7.257584730407086182e-01 7.353646888606619747e-01 7.497840918793016174e-01 7.520744590936363494e-01 7.670046575872606631e-01 7.816690412190139270e-01 7.918518498831778052e-01 8.210012372602990549e-01 8.355952639626975653e-01 8.485641917330533079e-01 8.626391102159544078e-01 8.750312461297892197e-01 9.051304280285012993e-01 9.127713631189483534e-01 9.470584033222527731e-01 9.604808962622851665e-01 9.647876063446660932e-01 9.790996629839862075e-01 1.004345086960133804e+00 1.019963007667445520e+00 1.039417003911165427e+00 1.059507167524170956e+00 1.081371160642765172e+00 1.086744261599831507e+00 1.098437251524303271e+00 1.110621059067075089e+00 1.113800427606434829e+00 1.123896351511463942e+00 1.140208166658364775e+00 1.156291334429575324e+00 1.163440957770854656e+00 1.199006332668769215e+00 1.200264514162965312e+00 1.216914300971665863e+00 1.223213957138516772e+00 1.239479991372934853e+00 1.249684595072384496e+00 1.274013382888367518e+00 1.285898359695868853e+00 1.300160235490149807e+00 1.311118064091663316e+00 1.327850608258716703e+00 1.352227862385607216e+00 1.392905693342783247e+00 1.396609834691491026e+00 1.406755714725642203e+00 1.432593240102991050e+00 1.439643053821614282e+00 1.460202313458460521e+00 1.470494056641715508e+00 1.489834418534545790e+00 1.494052102464630716e+00 1.501908656379278062e+00 1.514522458802876059e+00 1.521667092523223408e+00 1.544367098914031899e+00 1.545235533954217644e+00 1.555357870105165352e+00 1.569940464638321043e+00 1.581767476800001404e+00 1.591545483392255766e+00 1.596299079050444547e+00 1.607110083725068472e+00 1.634833896497265959e+00 1.672722172412846264e+00 1.692201883490703995e+00 1.731030467995516409e+00 1.775651433246417721e+00 1.776254259139664393e+00 1.801684427878385009e+00 1.812329127120496208e+00 1.817905516863570492e+00 1.850990860902736790e+00 1.893378076075340033e+00 1.906090489491046425e+00 1.922525298941124561e+00 1.930306190755558760e+00 1.945363307981569090e+00 1.971329829954111768e+00 2.013468834991354761e+00 2.026249368346342727e+00 2.052409229965523441e+00 2.079773588171854204e+00 2.129128614383533069e+00 2.152440797050334975e+00 2.200622583141810029e+00 2.211200566226980246e+00 2.237786250339658611e+00 2.244223037896436956e+00 2.259007880233762311e+00 2.269693189955849455e+00 2.376558808352537522e+00 2.389796600941795024e+00 2.411808020138343611e+00 2.432949223997227239e+00 2.451753547039289938e+00 2.463699072473835461e+00 2.525367880711233415e+00 2.572950222180612645e+00 2.652688993443522047e+00 2.721790953809890112e+00 2.861532749282313048e+00 2.937950765561985200e+00 3.006198652795963877e+00 3.021395161282268482e+00 3.060796012296016499e+00 3.134858918877658773e+00 3.294634464629325077e+00 3.389307708215768322e+00
5.685673742026313704e-01 5.838450807137548493e-01 6.061856996718669732e-01 6.227796511729076778e-01 6.310697591293031872e-01 6.490580999759194558e-01 6.598008489188332826e-01 6.694327690732583269e-01 6.969541974729311917e-01 7.054906633782138670e-01 7.184808773643155400e-01 7.317652743534140969e-01 7.432015279020134368e-01 7.566756537191283716e-01 7.593642157529355563e-01 7.725170027360744873e-01 7.839857891421163627e-01 7.993161164895321580e-01 8.237730538853230700e-01 8.417913905196801050e-01 8.461002817365028683e-01 8.671956966659086774e-01 8.799578024364322903e-01 9.071999930414684776e-01 9.174354521581489230e-01 9.444101527114520112e-01 9.614101519767073167e-01 9.703694598314041020e-01 9.906723545544644516e-01 1.011123903013253722e+00 1.018786599714906371e+00 1.043087544801128308e+00 1.061461226640513678e+00 1.084506506157257411e+00 1.098226777221300576e+00 1.108150032469748414e+00 1.115957918264438575e+00 1.126684764819140261e+00 1.133523347013337679e+00 1.144396632071528863e+00 1.161236925373672957e+00 1.168487982279456938e+00 1.201178990529048862e+00 1.210062451934843741e+00 1.234092120441254492e+00 1.243423923871123327e+00 1.258473309878412438e+00 1.274242974034418552e+00 1.282345833917544864e+00 1.298137468796590310e+00 1.309231383408480776e+00 1.324731701446865806e+00 1.329900636335852093e+00 1.356634235308493475e+00 1.392431905902352884e+00 1.397372496312883960e+00 1.402910801637146765e+00 1.421910525325826402e+00 1.438019889276228591e+00 1.450498679578527961e+00 1.466911466624621019e+00 1.482779512185684156e+00 1.487953097863365493e+00 1.496167542453220589e+00 1.510277636745768648e+00 1.520094513001380987e+00 1.537125467576557325e+00 1.541959453695155524e+00 1.556621204679726311e+00 1.571482501645253160e+00 1.580974577576075291e+00 1.588433242665047818e+00 1.602381180673650096e+00 1.604948181327482182e+00 1.638434208798490443e+00 1.661297643594208395e+00 1.682820342312841833e+00 1.711257471400680963e+00 1.752860741058486216e+00 1.771534308293463811e+00 1.790681284554513697e+00 1.802614258352838617e+00 1.819941778513553432e+00 1.840507902432063636e+00 1.884966224987433714e+00 1.885812447402873682e+00 1.907762578143807231e+00 1.918847833817117987e+00 1.926648492985545413e+00 1.948132545067038146e+00 1.978569524375641597e+00 2.000453234940671177e+00 2.023397624067427181e+00 2.053158788677806434e+00 2.120303245575203999e+00 2.151847890974078137e+00 2.190030748913017966e+00 2.214439966993566600e+00 2.244183121452959284e+00 2.250723258088345613e+00 2.263000268428035255e+00 2.278151479968063775e+00 2.393959378422438444e+00 2.405776242501939333e+00 2.428461123018515799e+00 2.451950755395178927e+00 2.463240226533911947e+00 2.479179591729224086e+00 2.529335286128865157e+00 2.594217312423725996e+00 2.665912385589611855e+00 2.734438317036493871e+00 2.866125133307436901e+00 2.937692273834589418e+00 3.004553620288386906e+00 3.015633987460954568e+00 3.067935318244890741e+00 3.132941019600542720e+00 3.290031218745489205e+00 3.383198088338478016e+00
5.677058605865444862e-01 5.890214166545262309e-01 6.109879102676284424e-01 6.218153633455738571e-01 6.316920768377228823e-01 6.568311877927993647e-01 6.635026667993295657e-01 6.748872489322226276e-01 7.074553828891126939e-01 7.108885126066747384e-01 7.280412097866436616e-01 7.380606317487813373e-01 7.501252781258123115e-01 7.602498589100652460e-01 7.708535943279997138e-01 7.776307937116321289e-01 7.853859797290604350e-01 8.020775492283211960e-01 8.233497698201887038e-01 8.433339872616630872e-01 8.506960481538817787e-01 8.736283364956172193e-01 8.867750784662258301e-01 9.077237502724494478e-01 9.180943198360138613e-01 9.399973899551755663e-01 9.574411671442171201e-01 9.761965604269164931e-01 9.995135349344803632e-01 1.011114119345424944e+00 1.020886912570220462e+00 1.044328201361317543e+00 1.058573974675695251e+00 1.078137358232668541e+00 1.101062310989528337e+00 1.104566729987897178e+00 1.127700206724232990e+00 1.135852121218380972e+00 1.140457852618285584e+00 1.151017116604475587e+00 1.171118295100604056e+00 1.176702565795819666e+00 1.197447273191186046e+00 1.209198095456341049e+00 1.253423104800561516e+00 1.265399680867019372e+00 1.268557235090459923e+00 1.288850320257663551e+00 1.291944216907024323e+00 1.304748705430079037e+00 1.319051421376334687e+00 1.331817633844624593e+00 1.338230726686179928e+00 1.358402357927985138e+00 1.386588710108130895e+00 1.394439301705633794e+00 1.402739899607459151e+00 1.406909872282010143e+00 1.430714447164788794e+00 1.444466493719374300e+00 1.459563488803541365e+00 1.470643539517238141e+00 1.482764868951551795e+00 1.493685212492754433e+00 1.508866687730866740e+00 1.512804139915335577e+00 1.527805558425198829e+00 1.543070058373008591e+00 1.558435941465646124e+00 1.575203659530054034e+00 1.582731226617167808e+00 1.590787413747091872e+00 1.601579051749783655e+00 1.608387934748337189e+00 1.642856285057424204e+00 1.659655762015125324e+00 1.675126561191874197e+00 1.692123922281688619e+00 1.729481176382730467e+00 1.761615229288175044e+00 1.783065272484917640e+00 1.794352760545049108e+00 1.823366497264955477e+00 1.829253299954654022e+00 1.865877265609629188e+00 1.877202455148260452e+00 1.888971368118129490e+00 1.907548150801301245e+00 1.914628528589595646e+00 1.927806720278056440e+00 1.947570463234631566e+00 1.969589077462549742e+00 2.009492484530039480e+00 2.030586315191877933e+00 2.112675524889021883e+00 2.135682166816361249e+00 2.196757200483301364e+00 2.225849902002226433e+00 2.251293171311415264e+00 2.264166753710422419e+00 2.270465981259178978e+00 2.296020791663886840e+00 2.402756919087902787e+00 2.423314207787769625e+00 2.443932539008337734e+00 2.469379343776340274e+00 2.475218339844253101e+00 2.493335085873169987e+00 2.537128534730218377e+00 2.613393601802908250e+00 2.675991723209833584e+00 2.744028263760005526e+00 2.873378792884658139e+00 2.939159735793223316e+00 3.003507356983178500e+00 3.011991765530456000e+00 3.073375652686176185e+00 3.129023372589521568e+00 3.285089242822972544e+00 3.377288603274354095e+00
5.597010828793637094e-01 5.919800647814984496e-01 6.125166668440122919e-01 6.147722172303303756e-01 6.336472671037246540e-01 6.598579006415794534e-01 6.648235782371737512e-01 6.759983514672387450e-01 7.079154834114361750e-01 7.204541613526147525e-01 7.295992695053115096e-01 7.438735803481103526e-01 7.542427967404105038e-01 7.637786144647730202e-01 7.779893724697004576e-01 7.843787315971297858e-01 7.950185979715772566e-01 8.052943569396409096e-01 8.188815689852011470e-01 8.451863444273144399e-01 8.591156732148239605e-01 8.811607830672896213e-01 8.934250780920058865e-01 9.082858132069011603e-01 9.177064955519703693e-01 9.366747982676821849e-01 9.505271298628173993e-01 9.791054263086754750e-01 1.000576424148813759e+00 1.013395292645048018e+00 1.023573040687723257e+00 1.044294915957549419e+00 1.053627508036728333e+00 1.073530751286250196e+00 1.093429789324838142e+00 1.106073310588178371e+00 1.126110933764573607e+00 1.134639790306250617e+00 1.149402955628322065e+00 1.159324256902587669e+00 1.182537219494845360e+00 1.187311104840574671e+00 1.196034225972080201e+00 1.208100207716251040e+00 1.264783114082875803e+00 1.273057302956372983e+00 1.279320424791112742e+00 1.295789677634787473e+00 1.297634928475575933e+00 1.311677631039642300e+00 1.322563492861279943e+00 1.334141606833896043e+00 1.350563179639751032e+00 1.360783044249226803e+00 1.371560693236061779e+00 1.384911427419486696e+00 1.392264020574909944e+00 1.407693820317087230e+00 1.425876285532718724e+00 1.437773217543743653e+00 1.451642504946182965e+00 1.459101130123330092e+00 1.474570793028774363e+00 1.497196492178642480e+00 1.504438097261579621e+00 1.509772731450696126e+00 1.522100965109690396e+00 1.542143699118806666e+00 1.552232447093842449e+00 1.574692326864649550e+00 1.584682852453904278e+00 1.598770133515058589e+00 1.601792507545363842e+00 1.615900526312374241e+00 1.647671254411080533e+00 1.657680412323084607e+00 1.669018576861945879e+00 1.680253847806256973e+00 1.710357825927548925e+00 1.747884818553687047e+00 1.776985241446712882e+00 1.788428060744940984e+00 1.817309185000581362e+00 1.826253509290205024e+00 1.848877970072013710e+00 1.866479939364523499e+00 1.875084283928212248e+00 1.893574431778022538e+00 1.901371258338385717e+00 1.912218884343114267e+00 1.928840282562743536e+00 1.944158339721755668e+00 2.000412720660464938e+00 2.012783048900926186e+00 2.105110923927181243e+00 2.120432539526140747e+00 2.206525475394284452e+00 2.240855956586591091e+00 2.261460009509743241e+00 2.274004344365463393e+00 2.288197614810413505e+00 2.315186809830360293e+00 2.406588526930948380e+00 2.440004284436978921e+00 2.457101174602378091e+00 2.479483172615908337e+00 2.495271011856089682e+00 2.505778847492429851e+00 2.547414432595922040e+00 2.629317711316690342e+00 2.683947406315787543e+00 2.750734065686114338e+00 2.883344838186353787e+00 2.942687824921873752e+00 3.002837475502150966e+00 3.010376680418880291e+00 3.076205379299800313e+00 3.122546290017821580e+00 3.279571557464111109e+00 3.371620575574343803e+00
5.463984467263797162e-01 5.920136622246425784e-01 6.051883354829619144e-01 6.136111359813368749e-01 6.330663994551014584e-01 6.610561994491739313e-01 6.632198663742280287e-01 6.755239850268293100e-01 7.046118264493023142e-01 7.266587065028469183e-01 7.282561255699004921e-01 7.429555317857725605e-01 7.550610553476007070e-01 7.670956977067944216e-01 7.824101806055081543e-01 7.941889455353164928e-01 8.049941667381600441e-01 8.116121099402682226e-01 8.222875829823844684e-01 8.485411857676189440e-01 8.647141621863796423e-01 8.884948189350351244e-01 8.977369780913008190e-01 9.096794727533872305e-01 9.184069539161061613e-01 9.379697539608787826e-01 9.421880857781554930e-01 9.780194492968776743e-01 9.938562351467907785e-01 1.016769431202036555e+00 1.029451792625820428e+00 1.038087093968793839e+00 1.053383183158093983e+00 1.068809781772364076e+00 1.086576746723547426e+00 1.106224973036923798e+00 1.118676968813248962e+00 1.134191823673430743e+00 1.153957701329742180e+00 1.165210540114501425e+00 1.183587802059109961e+00 1.191976192041942495e+00 1.202947292736006535e+00 1.214261592385133426e+00 1.266629373096912037e+00 1.277253547858091975e+00 1.282809955735548346e+00 1.293669819988029213e+00 1.303112275936870290e+00 1.319327327183379195e+00 1.323804168164225192e+00 1.332894600728901979e+00 1.349408483265287950e+00 1.353595674521919090e+00 1.366156443772405193e+00 1.375945106646306648e+00 1.389004639270533525e+00 1.408350317234430271e+00 1.422149184346865658e+00 1.429015663296168359e+00 1.445136640995908106e+00 1.459114065449462094e+00 1.464915246970729612e+00 1.492178015476512742e+00 1.500886565604599099e+00 1.511572406128104396e+00 1.520071871745775738e+00 1.538768122022081686e+00 1.545859964645449169e+00 1.574041330873265032e+00 1.584713421717411475e+00 1.599281362832065678e+00 1.608957765782237148e+00 1.624519200644172434e+00 1.645156048416725358e+00 1.651631137653930770e+00 1.665201394149497860e+00 1.681614423890099852e+00 1.698028988183332810e+00 1.734422564417494650e+00 1.770844692623323891e+00 1.783985756173361859e+00 1.806687496830414741e+00 1.826643629977607208e+00 1.834932278071686573e+00 1.856053799664221460e+00 1.864508978087719315e+00 1.876806665640709859e+00 1.887745039827515514e+00 1.905845856587634835e+00 1.913200101545990295e+00 1.931481944006570250e+00 1.993449439550620816e+00 1.999765208648915271e+00 2.096393808798848735e+00 2.111875232332868002e+00 2.215451006771423259e+00 2.255932928783487945e+00 2.272232882324309866e+00 2.285300283778830099e+00 2.306245352619167299e+00 2.331960792341271294e+00 2.409870194986343694e+00 2.454261865125072717e+00 2.467712147639116171e+00 2.489022126785053413e+00 2.513911212982239185e+00 2.518728155693783055e+00 2.558167592428894910e+00 2.641456483140899536e+00 2.690626217066918180e+00 2.754883609029827873e+00 2.895619483776648906e+00 2.948520828653759196e+00 3.002381913759345711e+00 3.010535262107126186e+00 3.076212644454189959e+00 3.113325788363985769e+00 3.273534997161351434e+00 3.366350754179418647e+00
5.307689491349175670e-01 5.878525652121860956e-01 5.972534987415346608e-01 6.137804695068123095e-01 6.309200929098656152e-01 6.570362428153361245e-01 6.632728673773321537e-01 6.757149195507992090e-01 7.005721310649982714e-01 7.240229149726806757e-01 7.294499473286704117e-01 7.382873800613882764e-01 7.556979004639348130e-01 7.685739960387660830e-01 7.847553761103326364e-01 8.023636630761754596e-01 8.126416411053789535e-01 8.179311147412900995e-01 8.379306474121255288e-01 8.543636788399313620e-01 8.678166317001400065e-01 8.894637028816123614e-01 9.023538390441877555e-01 9.112911362517995828e-01 9.199602388935934627e-01 9.335757835556244277e-01 9.460424974314791680e-01 9.755535489077606925e-01 9.831779275820006214e-01 1.018849932376481249e+00 1.025276681614337715e+00 1.040469136765529656e+00 1.055843583417544806e+00 1.061821125394171395e+00 1.081127581294718309e+00 1.101556591120407935e+00 1.117353832258432433e+00 1.133830553246243378e+00 1.153878269661572809e+00 1.168524929930185197e+00 1.176126792111188646e+00 1.197467379758258454e+00 1.210758352242038205e+00 1.221703851507673910e+00 1.264612861420358669e+00 1.275366905571956089e+00 1.282051876043602601e+00 1.293603332182877930e+00 1.303135084611211525e+00 1.316790520346064808e+00 1.322500302659401328e+00 1.333959328153656365e+00 1.337656884108774591e+00 1.348105112139721617e+00 1.357031350328750330e+00 1.381396718245006650e+00 1.395369154825163438e+00 1.401667109796819188e+00 1.414483583353404184e+00 1.429584233746266975e+00 1.438856434442295384e+00 1.457265025562344718e+00 1.464098211502425917e+00 1.485169724512682254e+00 1.495029615458310035e+00 1.511623103417112590e+00 1.522476402467327183e+00 1.533819627900854021e+00 1.544576365320397882e+00 1.573235106169334596e+00 1.584742751883042589e+00 1.597004600795637996e+00 1.610760446476233287e+00 1.630214157936413999e+00 1.636256356262677736e+00 1.653844671018983581e+00 1.663375631201284177e+00 1.684426307690507940e+00 1.693123709514832376e+00 1.724273336197850837e+00 1.765421871212607963e+00 1.779813850844685019e+00 1.797945598480541252e+00 1.821691337046822845e+00 1.828264852828044296e+00 1.846769016877498171e+00 1.856317318651676818e+00 1.863042593505525035e+00 1.877111570347847591e+00 1.898588958480072142e+00 1.905101161205264404e+00 1.926384993275173985e+00 1.987815373598448287e+00 1.991312588081738610e+00 2.088451344762350281e+00 2.108069983249466262e+00 2.223625094938689983e+00 2.267461933084250258e+00 2.282162281741583865e+00 2.297487082656167523e+00 2.320619817919570504e+00 2.344247574616843188e+00 2.414882360028146380e+00 2.465280889159372713e+00 2.476520652250137289e+00 2.498030215852570901e+00 2.523625153005737420e+00 2.536921338572166729e+00 2.568022430421582847e+00 2.649802581653671218e+00 2.696454775411536442e+00 2.756875481618179524e+00 2.908981145189549089e+00 2.956669803815153763e+00 3.001965017712678652e+00 3.012204658138439850e+00 3.073791685901328563e+00 3.101728355931905767e+00 3.267402342171725316e+00 3.361739823482878364e+00
5.162469555817894573e-01 5.808282196233683914e-01 5.910058195358529609e-01 6.153571417889063255e-01 6.279646901259784419e-01 6.524211493050011690e-01 6.618365985286379649e-01 6.767589366188266897e-01 6.984600730115885225e-01 7.194472013139366906e-01 7.277003360075702254e-01 7.343332255557496469e-01 7.565151535012119011e-01 7.691952289043400004e-01 7.840556165044542114e-01 8.072227048612755640e-01 8.208852772904495776e-01 8.274116258879893326e-01 8.528232718829449333e-01 8.622857217127878338e-01 8.697032912603867016e-01 8.890912737140165278e-01 8.992540385583537299e-01 9.146178238858768683e-01 9.227967976205945222e-01 9.299299384736378071e-01 9.518009185653191206e-01 9.704652921696877987e-01 9.792462468871520054e-01 1.010042636463823973e+00 1.024688451350812324e+00 1.045938811677217695e+00 1.054395353473791763e+00 1.058828609723489578e+00 1.074218836950493028e+00 1.098693532753289848e+00 1.118929248105202889e+00 1.134052342497238186e+00 1.151835205459416978e+00 1.164980647451630880e+00 1.173369274841048249e+00 1.202357484626591644e+00 1.216036686268933797e+00 1.224137005395960376e+00 1.260866056919350831e+00 1.272357530665828573e+00 1.278522799860875248e+00 1.292876864195781739e+00 1.299425538658964374e+00 1.313220700469114988e+00 1.319683178825551861e+00 1.323851663047408866e+00 1.338339915294587845e+00 1.343446422177441812e+00 1.358231364783696993e+00 1.384241452062549671e+00 1.392642085325085155e+00 1.403656789977693053e+00 1.410132565344892841e+00 1.428383657866399314e+00 1.433492052183599874e+00 1.455218673843612587e+00 1.467684130659717923e+00 1.480372820949423351e+00 1.488782028883853359e+00 1.511561124987538918e+00 1.523777087950062281e+00 1.531518667691827318e+00 1.544819195357165720e+00 1.572197692124948754e+00 1.584356775061282585e+00 1.592445113188041717e+00 1.609973840712788151e+00 1.624058841212826509e+00 1.642686520471801748e+00 1.654765205205116496e+00 1.661426852579551250e+00 1.684104468908981689e+00 1.693909130398294938e+00 1.719019153423281709e+00 1.761202201719371363e+00 1.776252018368038144e+00 1.791288108176823712e+00 1.815571426559071222e+00 1.825249590156962531e+00 1.838944265952687340e+00 1.850698359313594610e+00 1.855919999803922860e+00 1.867617820082847713e+00 1.890152782839855439e+00 1.905649172653948842e+00 1.923120758277476972e+00 1.983304733956880117e+00 1.986661903449599365e+00 2.082961974975071406e+00 2.106376662965721014e+00 2.230869925448624169e+00 2.273266320977193278e+00 2.290722397347766837e+00 2.308147161787273305e+00 2.331192489673189705e+00 2.351787605671316950e+00 2.420657818815323825e+00 2.472262996811541491e+00 2.484629333294282372e+00 2.504731921853363907e+00 2.530407878635286156e+00 2.552726494119646361e+00 2.575765293225601660e+00 2.654956778544459439e+00 2.701295732169118669e+00 2.757268733877263678e+00 2.921256971101006350e+00 2.966446257819706833e+00 3.001522922357747092e+00 3.014973030252837471e+00 3.069855467667196081e+00 3.089057847706830895e+00 3.261943654431595174e+00 3.358109564657790536e+00
5.060149523751920064e-01 5.746269017081707675e-01 5.872275376874962483e-01 6.170966782877331802e-01 6.253050068802600281e-01 6.490867971983855789e-01 6.601564789601438443e-01 6.772453845267292216e-01 6.986922726027275932e-01 7.155763782158826025e-01 7.242053370963272840e-01 7.327106169297710192e-01 7.568957507689852982e-01 7.697862212537449622e-01 7.825750595493440320e-01 8.108679594513520383e-01 8.233027631017288961e-01 8.403318228915249710e-01 8.625274825877924378e-01 8.664894531456682758e-01 8.714545295871007902e-01 8.880577358196570792e-01 8.974385174713550573e-01 9.146060290300557227e-01 9.243479590375340837e-01 9.326622885944789720e-01 9.500406635534379696e-01 9.614583590107963484e-01 9.899418382204292488e-01 1.001286113912505771e+00 1.020972291062077320e+00 1.044857875068037290e+00 1.056532837329563934e+00 1.057306416376655678e+00 1.069448385969334447e+00 1.098277936554657774e+00 1.120292280710033950e+00 1.135528114862990545e+00 1.149300483147308150e+00 1.158420383364322070e+00 1.174433948247908921e+00 1.206445118955008278e+00 1.217307735465718466e+00 1.223290499479370297e+00 1.257153590126342424e+00 1.269518976025673762e+00 1.276088062560572167e+00 1.291092298435428498e+00 1.296008383350531590e+00 1.310636431540542990e+00 1.317359320723891614e+00 1.321060361932513416e+00 1.334796272132605655e+00 1.342216249430426389e+00 1.364478903872676119e+00 1.381709521648421646e+00 1.388177185018472981e+00 1.406577941756116612e+00 1.411537441089247391e+00 1.424165836227790471e+00 1.430627974377141731e+00 1.455335671753058557e+00 1.469700887492678687e+00 1.478670754063631243e+00 1.484222042188801272e+00 1.511988681669715007e+00 1.523702687227933339e+00 1.530731135140248833e+00 1.545260511594646502e+00 1.570880878926227853e+00 1.583495499479532720e+00 1.588829130206310447e+00 1.610077869131555151e+00 1.619623600672236430e+00 1.648054711703545117e+00 1.653740121241481953e+00 1.660522560520919511e+00 1.683286902323079648e+00 1.695185221173493240e+00 1.717541261720348711e+00 1.758396204606296420e+00 1.774189795847294082e+00 1.786827130951202047e+00 1.812390345984166817e+00 1.822005236553545515e+00 1.834937326032751503e+00 1.847064297349178430e+00 1.852906353318139354e+00 1.861066369778455964e+00 1.885670401858178247e+00 1.907089141595305071e+00 1.920744216774065594e+00 1.980540568682609415e+00 1.984311651771662133e+00 2.079914521359149226e+00 2.105690926115099781e+00 2.236308925860260644e+00 2.274631001655067042e+00 2.296543372279998607e+00 2.315081330291007156e+00 2.338994951391749400e+00 2.355009294097260231e+00 2.424937489109806332e+00 2.475670049579309140e+00 2.491339656715216844e+00 2.508054453324358057e+00 2.534888299290474656e+00 2.563754139127689236e+00 2.580237328206661296e+00 2.657733349872700046e+00 2.704610382676983171e+00 2.756881733886315633e+00 2.929901240409563901e+00 2.975417734665119163e+00 3.001149023436999297e+00 3.018085678013327389e+00 3.065615019850094658e+00 3.078400676976631445e+00 3.258112337413142434e+00 3.355775268586236315e+00
5.023306954776455280e-01 5.722372324946326527e-01 5.859476780902757032e-01 6.178527514951792643e-01 6.242057755859939938e-01 6.478935817796570573e-01 6.594832920947153454e-01 6.772477950922988210e-01 6.992312597081569159e-01 7.141690479307246653e-01 7.224669872896287703e-01 7.322993314019103916e-01 7.569590507216287234e-01 7.700976023296211004e-01 7.818956716004449303e-01 8.122585967537013785e-01 8.239194224641075426e-01 8.471500025543134971e-01 8.643278067772122153e-01 8.675499579606449352e-01 8.724852097209795376e-01 8.844579355128013853e-01 9.024258165288129296e-01 9.117409679851948834e-01 9.248670436111232629e-01 9.361728013447261354e-01 9.462912168411855562e-01 9.583506966759202106e-01 9.952897051540784412e-01 1.003010290049173081e+00 1.012736785635241388e+00 1.046266735071594844e+00 1.053504002989832378e+00 1.058991482947424734e+00 1.068558369766703597e+00 1.098316427172192133e+00 1.120745317036611954e+00 1.136908648174639547e+00 1.147684167791604315e+00 1.155807919417601193e+00 1.174877405746084236e+00 1.208635019768119045e+00 1.216214148216829161e+00 1.222895864429057067e+00 1.255430998249090990e+00 1.268485582798528855e+00 1.275493017990585232e+00 1.290216953339963446e+00 1.294817390513939293e+00 1.309050523664172072e+00 1.316126471776909002e+00 1.322344952902602566e+00 1.332749015336215148e+00 1.341927134280235245e+00 1.368320426706446158e+00 1.378858655797902122e+00 1.386775160591442235e+00 1.406614582538601832e+00 1.414050814170036308e+00 1.421926372822768903e+00 1.429412044742540022e+00 1.455533059917013317e+00 1.470173597514255581e+00 1.478769982886474432e+00 1.482387862122455990e+00 1.512253235288451902e+00 1.523600001195045239e+00 1.530414590823490961e+00 1.545433278806668254e+00 1.570206219962236860e+00 1.583033878330096789e+00 1.587711162281463251e+00 1.610467092083091245e+00 1.617933860823036030e+00 1.649936445173009192e+00 1.652892587616615394e+00 1.660483107086930810e+00 1.682963731076989156e+00 1.695612531069222939e+00 1.717402523230458611e+00 1.757381631252862508e+00 1.773618215107139795e+00 1.785185839660348162e+00 1.811464626791383647e+00 1.820551179284224386e+00 1.833940888112195911e+00 1.845775314803920875e+00 1.851928710217889407e+00 1.858851566213254536e+00 1.884277620160589750e+00 1.907836821652502790e+00 1.919766643433021835e+00 1.979638210852455060e+00 1.983572786665645182e+00 2.078952149004541283e+00 2.105514999320808656e+00 2.238431277022292498e+00 2.274554198676511430e+00 2.298576837122131344e+00 2.317414759714157668e+00 2.342373079388373469e+00 2.355474113172294715e+00 2.426458752461555957e+00 2.476659225291119260e+00 2.494124587605528909e+00 2.508794424221092001e+00 2.536491013324277510e+00 2.567951405179005331e+00 2.581454134678192069e+00 2.658621207622782645e+00 2.705804548202400461e+00 2.756612470890846822e+00 2.933010179287015795e+00 2.979254642366188310e+00 3.000996404728407008e+00 3.019712675066056118e+00 3.063304397318863614e+00 3.074266422174319668e+00 3.256726358488366557e+00 3.354968700499106227e+00
