1.498536168255596213e+00 1.949659433029056865e+00 2.248623322740088248e+00 2.312158447981099929e+00 2.441571021710973177e+00 2.590774153963200543e+00 2.655727118482746008e+00 2.701176824947180588e+00 2.769524346298891437e+00 2.856790356599857805e+00 2.875726279647758066e+00 2.991850330409056902e+00 3.040200459090519391e+00 3.061253311019791035e+00 3.179777931985293904e+00 3.186380848512601727e+00 3.260803089361928198e+00 3.299030554571949825e+00 3.324514965223064777e+00 3.367710157678633021e+00 3.390574095089178286e+00 3.440359154573062739e+00 3.529311304478025324e+00 3.546809064887846308e+00 3.685310126298901867e+00 3.777095766208246719e+00 4.199831563646462484e+00 4.231276837477872199e+00 4.360936502926923808e+00 4.422926933243956249e+00 4.478072611731207964e+00 4.763285909646021388e+00 4.894046866400076468e+00 5.046362443442916401e+00 5.170524261516226794e+00 5.336637126618854587e+00 5.376199458699606026e+00 5.464136028857701888e+00 5.585379074194660731e+00 5.686212527294872920e+00 5.805986715616204386e+00 5.928678210861024311e+00 6.396134827518089594e+00 6.441307497258099701e+00 6.460420412556546310e+00 6.510364635340779138e+00 6.591247927505693660e+00 6.671584594237266685e+00 6.921022106070532587e+00 7.155516547582684517e+00 7.188721742382211843e+00 7.366948546979085855e+00 7.445309028065272727e+00 7.508205988978270184e+00 7.636441125476693514e+00 7.702906078272642176e+00 7.887621615078333370e+00 7.906868140373739529e+00 8.081201441972037713e+00 8.175902392503875404e+00 8.385679236922443991e+00 8.578686747856917094e+00 8.708056932709803633e+00 8.798336460358873623e+00 9.419696035539168122e+00 9.461625161332465339e+00 9.551443528504714564e+00 9.934463693236146753e+00 1.031487616350730363e+01 1.066712598056252581e+01 1.076223391710660415e+01 1.087105760549821731e+01 1.113904123544132041e+01 1.117522098072149994e+01 1.124992925866066962e+01 1.131139014795059872e+01 1.166477539458908019e+01 1.175112943830500534e+01 1.179862806183821533e+01 1.197576765825746925e+01 1.219081653390577635e+01 1.231377691977557554e+01 1.241501051387882093e+01 1.248663711271067278e+01 1.256754514650837962e+01 1.269064440465737142e+01 1.289741619132310113e+01 1.305300315958040969e+01 1.316756500929135676e+01 1.323415447005474022e+01 1.325973032015539310e+01 1.340103530905984108e+01 1.350514457035862925e+01 1.362059660448640486e+01 1.371215793696547181e+01 1.381330915572721629e+01 1.383800126154111609e+01 1.391897474078604446e+01 1.404887396597259652e+01 1.415153239838126709e+01 1.421190129871357755e+01 1.439421607225377464e+01 1.445641975887014041e+01 1.446590384405651264e+01 1.458426838936482461e+01 1.463334964212138267e+01 1.478278252609826282e+01 1.479409398708516932e+01 1.492211263824759726e+01 1.503603630749706177e+01 1.511382302106940756e+01 1.523685006277970899e+01 1.533619001475019950e+01 1.554903776595566001e+01 1.563792696771515089e+01 1.574681826325083911e+01 1.588647771921492335e+01 1.596873089864676132e+01 1.614510123890980253e+01 1.619719395656144201e+01 1.629190935809158347e+01 1.647231888042262682e+01 1.673515957226847561e+01 1.702921212577232524e+01 1.733068284554698124e+01 1.741939826883059439e+01 1.813835647874831380e+01 1.827594576922047764e+01 1.879716002230883731e+01 1.951605455803507638e+01 2.002596420338576877e+01 2.025742170383395901e+01 2.055081807123088922e+01 2.072576757224303634e+01 2.091823506632380614e+01 2.094860029084480502e+01 2.119672614829578450e+01 2.123569690234706187e+01 2.176503446374785611e+01 2.190229671543180601e+01 2.214314387901400494e+01 2.240083280908867991e+01 2.243343931885553744e+01 2.266251779418624324e+01
1.513603056016657789e+00 1.973328360285906635e+00 2.256102636226922531e+00 2.321936490062431524e+00 2.446567428275546963e+00 2.602026774710815005e+00 2.660343992840036975e+00 2.707046001301224969e+00 2.764695064003834357e+00 2.854580928271890805e+00 2.887204106787824021e+00 2.996461688610502883e+00 3.037274446658230875e+00 3.068409604374881194e+00 3.159970974431829394e+00 3.199391638592282039e+00 3.266976483626128580e+00 3.298675509968099107e+00 3.329742017575444191e+00 3.351292207580918614e+00 3.417731907899521637e+00 3.455607586399468634e+00 3.534897168444638638e+00 3.563297573061664725e+00 3.691204091457966019e+00 3.787160663736105271e+00 4.200109266909874073e+00 4.234615533650400998e+00 4.342410641675062521e+00 4.425278903733400604e+00 4.501910511164108009e+00 4.753887702822559902e+00 4.901112258087469087e+00 5.043368324166131345e+00 5.170584442002605030e+00 5.339278798529385917e+00 5.364371744367469219e+00 5.461710110126980489e+00 5.581289155465120722e+00 5.683383251673738812e+00 5.798100481605313661e+00 5.928806339600854791e+00 6.382536273317460207e+00 6.443138085065483800e+00 6.454382791721561929e+00 6.510024232944499722e+00 6.582080194611534374e+00 6.669346069590591064e+00 6.917832335087156892e+00 7.142303503403210740e+00 7.179317514697618030e+00 7.360111497184565366e+00 7.438273106781057464e+00 7.503138240721511920e+00 7.631900492011813419e+00 7.697489674168068063e+00 7.852086688718483920e+00 7.941355681062086447e+00 8.089208124839323943e+00 8.180035192099643027e+00 8.378567028786855886e+00 8.586777520219326831e+00 8.685534831587085947e+00 8.829708234996230587e+00 9.412226712912920235e+00 9.462560030920389664e+00 9.545574151659263151e+00 9.926078392335307754e+00 1.030810993841867607e+01 1.066123868572437772e+01 1.075310904643557031e+01 1.084732210318784951e+01 1.110437775547305250e+01 1.116088019353627736e+01 1.119872000681597335e+01 1.133313197841749798e+01 1.163721931754033889e+01 1.175397058443923015e+01 1.181609505543594096e+01 1.195555688434142638e+01 1.217395551570901446e+01 1.231841061706280271e+01 1.240047117286687772e+01 1.245007960485387066e+01 1.255894748575565600e+01 1.270404390201572298e+01 1.287478411053586491e+01 1.304073132900362175e+01 1.312202315956605325e+01 1.316253092025792704e+01 1.326264899669034847e+01 1.341207903963463188e+01 1.351432439136471864e+01 1.361792608139713145e+01 1.373242860872462323e+01 1.383792296442880421e+01 1.384995131051474537e+01 1.391440550801910803e+01 1.402221628944472087e+01 1.413509448087568998e+01 1.426768066372312482e+01 1.439131659574826116e+01 1.443154294856450903e+01 1.452487435478295730e+01 1.459387537397757306e+01 1.465383092163602363e+01 1.475828100563177081e+01 1.484949897278196396e+01 1.493197096621231701e+01 1.500586268664104317e+01 1.514245364903916879e+01 1.527413978285687435e+01 1.534976543121049453e+01 1.555298792106962935e+01 1.563670099861461082e+01 1.574835364788008540e+01 1.589577485553974867e+01 1.598454392852721284e+01 1.615323858204577689e+01 1.620964237914999018e+01 1.630777614082964533e+01 1.648377134460453775e+01 1.673471359343897547e+01 1.704309410191930496e+01 1.732430771236028733e+01 1.742718910899189311e+01 1.808254112889233411e+01 1.834019569917818160e+01 1.880205599182639631e+01 1.951853098602203929e+01 2.002979691498876136e+01 2.024904241674110139e+01 2.054456168351334000e+01 2.071344079811926164e+01 2.091938698360304727e+01 2.095495319494612829e+01 2.120340866516690426e+01 2.123741560848638699e+01 2.176407079930770649e+01 2.191303843358565828e+01 2.214846234518019230e+01 2.238953001645283436e+01 2.244409129004977999e+01 2.266485028885998432e+01
1.557648723454373885e+00 2.030658578893454358e+00 2.274619085699560728e+00 2.350623942319741033e+00 2.458724681871285789e+00 2.632634484640531625e+00 2.669406539255434030e+00 2.723661952377028683e+00 2.762301396539328824e+00 2.856808623491329691e+00 2.905393537546076210e+00 3.006039047233756367e+00 3.026513346282844186e+00 3.084035761740686610e+00 3.145642260452836236e+00 3.203747914382979456e+00 3.277456090579986991e+00 3.306044809015745489e+00 3.335713396419447196e+00 3.359574361914789087e+00 3.448126614648911570e+00 3.501979786502512848e+00 3.550531516389441755e+00 3.612233433504152380e+00 3.703566967398770782e+00 3.819898930105653623e+00 4.197354791214026548e+00 4.240820367508156608e+00 4.321663913737469720e+00 4.433320343024302446e+00 4.543751259533494569e+00 4.739547147950101014e+00 4.910991742327213139e+00 5.034401048121309508e+00 5.171378657924472932e+00 5.319675195461508466e+00 5.356264662133729537e+00 5.451671239257379398e+00 5.570614569160500018e+00 5.675399588887906077e+00 5.776214971140015919e+00 5.928471142846529318e+00 6.350293174905728755e+00 6.431695721898891271e+00 6.447155569019130006e+00 6.507983626996342252e+00 6.557269990135244697e+00 6.662487574884714547e+00 6.908741416297833560e+00 7.109421434372313442e+00 7.152022225420208379e+00 7.333311816641221448e+00 7.414682038473167758e+00 7.497134015244494520e+00 7.618954976951879843e+00 7.684908671864949525e+00 7.816230509762831957e+00 7.962209569838821999e+00 8.112091367396178754e+00 8.194949521064623710e+00 8.363112011058731809e+00 8.593028307853852965e+00 8.670756516087120502e+00 8.885735465799452726e+00 9.391783938067629123e+00 9.458627484999414747e+00 9.533008957494539359e+00 9.906190949209738861e+00 1.028253553060469194e+01 1.063297684013964783e+01 1.072809552523432686e+01 1.079548183486572022e+01 1.099544048328927204e+01 1.107827044551499185e+01 1.115394857861861766e+01 1.136595137997454508e+01 1.155609487312695371e+01 1.173186300248788250e+01 1.180303598744296423e+01 1.197355396086934576e+01 1.213030566305911329e+01 1.228614239800676167e+01 1.234175948956110069e+01 1.241164109924664949e+01 1.251715443346473577e+01 1.271553132805602004e+01 1.281606591915405780e+01 1.296936494364642556e+01 1.300097721381215798e+01 1.307251940434523618e+01 1.325536745148693640e+01 1.340257780904008378e+01 1.352436213961636291e+01 1.361455233940238685e+01 1.375694299726265513e+01 1.384277792891040804e+01 1.387754852786675031e+01 1.393537754039477505e+01 1.401869754114791711e+01 1.415209223140048245e+01 1.431836942546081026e+01 1.436696292342239900e+01 1.448362305933633287e+01 1.457234629136965154e+01 1.465932903465420623e+01 1.469018110026439139e+01 1.479219572704259633e+01 1.487347465388724466e+01 1.497932078743445139e+01 1.500825358375100649e+01 1.519019224752658381e+01 1.535582499253900046e+01 1.539029276346747821e+01 1.557056083100347443e+01 1.563687162453049417e+01 1.575516863845735749e+01 1.592181237591855769e+01 1.602071069449558749e+01 1.618321469294079051e+01 1.624397498148591268e+01 1.635417878313117512e+01 1.651611279815968558e+01 1.673930369649510297e+01 1.707840855096382526e+01 1.731250774982244778e+01 1.744455704755417358e+01 1.799999686015779332e+01 1.844812513405062759e+01 1.881659335306951419e+01 1.952560018172553669e+01 2.004148277405838030e+01 2.022612211502258717e+01 2.052656976491704199e+01 2.068052108769051500e+01 2.091966651438790947e+01 2.096979953110363581e+01 2.121893299554504964e+01 2.124564266286939329e+01 2.176247755783806781e+01 2.194095963734958943e+01 2.216462974013852261e+01 2.236849895665957888e+01 2.246333247300826841e+01 2.267203272442265316e+01
1.622550432304620927e+00 2.094697862105478592e+00 2.297082556661680819e+00 2.383416977372714740e+00 2.471763034593388308e+00 2.653584285582664126e+00 2.684585754668998181e+00 2.755021707773015471e+00 2.775164168467830095e+00 2.861965848893980979e+00 2.924258661513528423e+00 2.998106844835896290e+00 3.024263842009864423e+00 3.101313308335365893e+00 3.147848447166045283e+00 3.214414977058901890e+00 3.270981291331872320e+00 3.326565237166010824e+00 3.344572429402378422e+00 3.405197588406295495e+00 3.484714141693406209e+00 3.540723543021868647e+00 3.595010923484034837e+00 3.676478004783889197e+00 3.729287031851124201e+00 3.868807030923799850e+00 4.187013988750409865e+00 4.248750734555549968e+00 4.326828979501176065e+00 4.446657442183007625e+00 4.578729200276724143e+00 4.742871414441240496e+00 4.909286887650001319e+00 5.019294488648484709e+00 5.171597499962564903e+00 5.266822412106146878e+00 5.363512988064481846e+00 5.429343255346456232e+00 5.555704756381548037e+00 5.661274446048361497e+00 5.747931551359891422e+00 5.926398284887847367e+00 6.307699951464037724e+00 6.405793926964539864e+00 6.436043614914710886e+00 6.500946632351513266e+00 6.526092622040981617e+00 6.650782773911719126e+00 6.894686405938843521e+00 7.066728330423328153e+00 7.110625683476243353e+00 7.292789370934811721e+00 7.373346260282098719e+00 7.489522232680076108e+00 7.604243781158841919e+00 7.667316904064445993e+00 7.786729314398878721e+00 7.951833887491091879e+00 8.139940323192824678e+00 8.221418024047835615e+00 8.346554680733264675e+00 8.587730713509873937e+00 8.692408528321156069e+00 8.943550541812561150e+00 9.361817100138624781e+00 9.438846938865120606e+00 9.523699257588651435e+00 9.884061845465705431e+00 1.023453592537354950e+01 1.054787817598388244e+01 1.067313128591275451e+01 1.076079731348039736e+01 1.084100513619526573e+01 1.098135843780680254e+01 1.111256004863374258e+01 1.136320704286876548e+01 1.144557680638616581e+01 1.164433780239475347e+01 1.178453500244151009e+01 1.199148587843507308e+01 1.207995082931287989e+01 1.218902195730021631e+01 1.228887289454091380e+01 1.237674472751914934e+01 1.243559026715621307e+01 1.266481968869480568e+01 1.272696544161761878e+01 1.282766075782055992e+01 1.287575369811384540e+01 1.300928436419071765e+01 1.327135256069377434e+01 1.335647982425408564e+01 1.348172554415572932e+01 1.357478055323843691e+01 1.377570832442670579e+01 1.383540053607619313e+01 1.391465281833758283e+01 1.399890508829723323e+01 1.405511007706141946e+01 1.421046421648212110e+01 1.428303812349921209e+01 1.439969884097648389e+01 1.457266223988617959e+01 1.462532455367801987e+01 1.469727514418216252e+01 1.478374665448801828e+01 1.485586725227375382e+01 1.489858085793430753e+01 1.503223761104666245e+01 1.509957036324302493e+01 1.525351821720250101e+01 1.542866027993009048e+01 1.546956421649446689e+01 1.561278431678993428e+01 1.564990166358353996e+01 1.576883761759717828e+01 1.595998235771831375e+01 1.606536137766814676e+01 1.623442392573979021e+01 1.629903931754505919e+01 1.642656230566901954e+01 1.656469330488771519e+01 1.675978147355035119e+01 1.712164392104539345e+01 1.730729604402595356e+01 1.746438000794369572e+01 1.792928071801822298e+01 1.856088332053683132e+01 1.884051423770181088e+01 1.953632787130344894e+01 2.006114240021351947e+01 2.019377180548521977e+01 2.049859821396008996e+01 2.063371770711581021e+01 2.091429861952664382e+01 2.098308917161457643e+01 2.122861752631345311e+01 2.127018585717030064e+01 2.176188874702316056e+01 2.197614690101170609e+01 2.219208204171618704e+01 2.234595650094827590e+01 2.248493474314090790e+01 2.268357671022423361e+01
1.689816213806558665e+00 2.144034396814400445e+00 2.309810728362730270e+00 2.400166276497599505e+00 2.484125309640747847e+00 2.648974106607060897e+00 2.693697755025684870e+00 2.768626150888159110e+00 2.788898654559388568e+00 2.889056542955433571e+00 2.945895305767537664e+00 2.984863266605251919e+00 3.034058718631393425e+00 3.125526803832335609e+00 3.157400435876140943e+00 3.233615336835158782e+00 3.265707232428904483e+00 3.344507369263125973e+00 3.369400125392534751e+00 3.448091176926919132e+00 3.532726265017789746e+00 3.576040568230529182e+00 3.658078936492342947e+00 3.720417524221168115e+00 3.805981619798000981e+00 3.912076698591604895e+00 4.186208311844701768e+00 4.261170633435743760e+00 4.343636219736803028e+00 4.465193988716007034e+00 4.607070120291199444e+00 4.766453150292597307e+00 4.896274567237261621e+00 4.997653541504239350e+00 5.154620575472328881e+00 5.218897325199520765e+00 5.363642604689328408e+00 5.394094080405248626e+00 5.532230777821208534e+00 5.635932326396590142e+00 5.729518994942640830e+00 5.922456344376410442e+00 6.259506727532360593e+00 6.373299313001313138e+00 6.410798587694711337e+00 6.480670686345027853e+00 6.506018347254443057e+00 6.634055931349253754e+00 6.876202473309896313e+00 7.018028322905445648e+00 7.063830219420379031e+00 7.251507614011686975e+00 7.327586557302097070e+00 7.466160084695824040e+00 7.590409004982099361e+00 7.642130099234097251e+00 7.762986743829566549e+00 7.921416287021422420e+00 8.154726459819253037e+00 8.254622003887059023e+00 8.333144812621361197e+00 8.597034445970590966e+00 8.725406154339303555e+00 8.993914558143881521e+00 9.326765369657222138e+00 9.405416625003471864e+00 9.516796814110852765e+00 9.864398255473009414e+00 1.017031726295871863e+01 1.039708180536202953e+01 1.055537641813585559e+01 1.067320441753388671e+01 1.076321071198653456e+01 1.091157469877353847e+01 1.103944924109845616e+01 1.123079392433538004e+01 1.141419020316143040e+01 1.153195597420621965e+01 1.173421907092651928e+01 1.194052555342205402e+01 1.201984207782915171e+01 1.209621541448580828e+01 1.222813316082766733e+01 1.228144027249427950e+01 1.236658542284236084e+01 1.252678601360555177e+01 1.259323928252219815e+01 1.271586082338885326e+01 1.278226525037101169e+01 1.293316082227889297e+01 1.326351104086377042e+01 1.330559183969986314e+01 1.339828322705452734e+01 1.351948536377228471e+01 1.379801484752113261e+01 1.383647200038056191e+01 1.397105965346337797e+01 1.404693959881644361e+01 1.409452695914256815e+01 1.425015485153851458e+01 1.429932563132082279e+01 1.443833083784151405e+01 1.465375033015686235e+01 1.467562068335141845e+01 1.475941806769917264e+01 1.486621606688749964e+01 1.491110705208791032e+01 1.499729545026878519e+01 1.510992755862824843e+01 1.521762558802502596e+01 1.533361025212476569e+01 1.548857380640209414e+01 1.556930983092799714e+01 1.566656557494650315e+01 1.570461261758828364e+01 1.579433681841982740e+01 1.600570226399558038e+01 1.612054022062559611e+01 1.629701429357978171e+01 1.637331376918744397e+01 1.651662991688489868e+01 1.662585828511390673e+01 1.680256015043589102e+01 1.715916123901525481e+01 1.731962088178111259e+01 1.748524582817883655e+01 1.787794139559475681e+01 1.866833064331881076e+01 1.887423303378581352e+01 1.954949026124312539e+01 2.008634455439732136e+01 2.015820956066307446e+01 2.046254796768749529e+01 2.057747295379432728e+01 2.089907161873184194e+01 2.098489265032771200e+01 2.123183710798032564e+01 2.130244098280125442e+01 2.176258778771686764e+01 2.200778860894320843e+01 2.222867070012481250e+01 2.232968522943518863e+01 2.250830734839805203e+01 2.269750193032700025e+01
1.739364695475987599e+00 2.164233358402849916e+00 2.301934602028165688e+00 2.389542469996406293e+00 2.493275296974609923e+00 2.628480841099052334e+00 2.680379462438999827e+00 2.743701118910851999e+00 2.778036028387119494e+00 2.921625940052826831e+00 2.966778261519020798e+00 2.990450709456694778e+00 3.054203240185545454e+00 3.145667263446901618e+00 3.172375479964172129e+00 3.252120338431164548e+00 3.274979554061088649e+00 3.360190823294879170e+00 3.396385418780643928e+00 3.469946241773788298e+00 3.571371816238011920e+00 3.624753975324864541e+00 3.722931823772029247e+00 3.779653266282333668e+00 3.904619058126373332e+00 3.934456899585020206e+00 4.210216483195305059e+00 4.273425269450489949e+00 4.354601204092841016e+00 4.494842568407175776e+00 4.628900912053814487e+00 4.775295174108157958e+00 4.896471450721977092e+00 4.972354496487760400e+00 5.101909553210457027e+00 5.202045098169972626e+00 5.340990677171408407e+00 5.364722115267491986e+00 5.490052036387482737e+00 5.605052030854478673e+00 5.728108314524494205e+00 5.918119414842978543e+00 6.208800574061543287e+00 6.333986355220266873e+00 6.372683843105130030e+00 6.458535823866754733e+00 6.490238673386362400e+00 6.611751661760711052e+00 6.853155174246156278e+00 6.964053551783448093e+00 7.021451726736101406e+00 7.215436105350752527e+00 7.287102903582555413e+00 7.428859395341796734e+00 7.570663333827816643e+00 7.608767080766587476e+00 7.741068076173314161e+00 7.885382407921509795e+00 8.151329093513764334e+00 8.276759587321743439e+00 8.336659834987534268e+00 8.621005793955768937e+00 8.756313656321623284e+00 9.029049955174704323e+00 9.289409563031327366e+00 9.368188275863319703e+00 9.505249266721591539e+00 9.845434415271546058e+00 1.009249938067612007e+01 1.019790842007625820e+01 1.039842231707067022e+01 1.051443926541711882e+01 1.073563988072160669e+01 1.086905742617313386e+01 1.091898708071819257e+01 1.108575394793589552e+01 1.134608229652627998e+01 1.144825856953778320e+01 1.163223921900613078e+01 1.184330021401656907e+01 1.191004230274643305e+01 1.203328268051656202e+01 1.212227484068203864e+01 1.214740106162813760e+01 1.225694268081969263e+01 1.238061821469760737e+01 1.249756398968702342e+01 1.262908814096753041e+01 1.269191727335518749e+01 1.283694405760119395e+01 1.317172528307619217e+01 1.324412091212852438e+01 1.332907271132186899e+01 1.353652604557852079e+01 1.379438194090336012e+01 1.383729155734241623e+01 1.399591095514858452e+01 1.408146392409630820e+01 1.413122318637114994e+01 1.428525677552711315e+01 1.436934918343155587e+01 1.448035652345452284e+01 1.469893667846091034e+01 1.475352039922661440e+01 1.484425538037524817e+01 1.491453210221491688e+01 1.498467089437401256e+01 1.512485589182070278e+01 1.520492256583808022e+01 1.532975009695755197e+01 1.544294096770651592e+01 1.554437948523319513e+01 1.566193519309491045e+01 1.572920892767852052e+01 1.580286981216737985e+01 1.584553990596018203e+01 1.605835879271860733e+01 1.618873649346845411e+01 1.636689495234122305e+01 1.646087627160676803e+01 1.661215701218672081e+01 1.670133028721580715e+01 1.686677976726853601e+01 1.718519482121762820e+01 1.735426922688046147e+01 1.751072071844568612e+01 1.784730018346454727e+01 1.876135784709567744e+01 1.892036426937942650e+01 1.956364354978301989e+01 2.008986474266873756e+01 2.014484144171114721e+01 2.042033860377837939e+01 2.051441201358124999e+01 2.087070218225300877e+01 2.096709012130282801e+01 2.123355828483227015e+01 2.132282895552572199e+01 2.176428244805374490e+01 2.202954874133014229e+01 2.225762572847946785e+01 2.234104196780219809e+01 2.253164308317575149e+01 2.271331752665783199e+01
1.759988269115474679e+00 2.144409718964267242e+00 2.270152910218835363e+00 2.358919150605597981e+00 2.475468605505371400e+00 2.587812115418628434e+00 2.635961476428852812e+00 2.694075262815892824e+00 2.771313123962712677e+00 2.919998194949614323e+00 2.974001835854995779e+00 3.009930278345397614e+00 3.076986129276391591e+00 3.151866442120175194e+00 3.183254967461800256e+00 3.274827655509308766e+00 3.285403425050190673e+00 3.379598805588361898e+00 3.409252822275789629e+00 3.481382456379644275e+00 3.594946240724824715e+00 3.651032224963023598e+00 3.785672698401127523e+00 3.873612197686000513e+00 3.931006169518373561e+00 4.010798155855658464e+00 4.234985863066579981e+00 4.289591313703118303e+00 4.366137685204979135e+00 4.527963387821431596e+00 4.610541314290668602e+00 4.763179761346592045e+00 4.893696951070617196e+00 4.963343167304067549e+00 5.056056958727331185e+00 5.185177233062378654e+00 5.295698760251927872e+00 5.350829134284893485e+00 5.446044403618644836e+00 5.575647757093133983e+00 5.735153929458971511e+00 5.913943602614639694e+00 6.156884870516428521e+00 6.288613648028592351e+00 6.333434026441030262e+00 6.436784964990079239e+00 6.469455649408913267e+00 6.582020444121324587e+00 6.824069510361590041e+00 6.908265215766924427e+00 6.988842015505383642e+00 7.180242962478574853e+00 7.258317222500533461e+00 7.385476108598004075e+00 7.538378396116642399e+00 7.573321528160333216e+00 7.710524831334074847e+00 7.856234333484546362e+00 8.133871833496822745e+00 8.272600001491282384e+00 8.366834069313688005e+00 8.643232151167577371e+00 8.779189299914730071e+00 9.044286323740839961e+00 9.243415538923505537e+00 9.335339891573378068e+00 9.484510335861450869e+00 9.818192198006137517e+00 9.949844773962608357e+00 1.002338884744943748e+01 1.022090372418251292e+01 1.035696057667802528e+01 1.066675331815502226e+01 1.071530938913035058e+01 1.085451822195934390e+01 1.098841653331910528e+01 1.120525890051201934e+01 1.139141814435375721e+01 1.149293841561202711e+01 1.171120545678614100e+01 1.178453993226607821e+01 1.187947775278700924e+01 1.197576944191160031e+01 1.207412393140197970e+01 1.211856565984303913e+01 1.226307067221898528e+01 1.241722585137884138e+01 1.252671305019061698e+01 1.261485833318836391e+01 1.278303526399431611e+01 1.302004121026490502e+01 1.313954736088500397e+01 1.332799857763022011e+01 1.358287231181189192e+01 1.378032241601416175e+01 1.381631075490111726e+01 1.400507924927441827e+01 1.410602139532758059e+01 1.416331491250345564e+01 1.435387709866806993e+01 1.440531563258891623e+01 1.455486158080935510e+01 1.475047353356599444e+01 1.480605787740043233e+01 1.492266837330773832e+01 1.497875568080133846e+01 1.506649331647193435e+01 1.524446159918434063e+01 1.530298288593862033e+01 1.542238572553033826e+01 1.557412349284679642e+01 1.560425114667265589e+01 1.573365893101025570e+01 1.582484713000211762e+01 1.589456069663100735e+01 1.594738468259295949e+01 1.612162659903294681e+01 1.626890974946563162e+01 1.644298654728745746e+01 1.655561142558227772e+01 1.670046562094950815e+01 1.679679849864299257e+01 1.694718496875489677e+01 1.720661445646059562e+01 1.740627670573672248e+01 1.754647946104111256e+01 1.783462848304742110e+01 1.883152478183370704e+01 1.898232591399167291e+01 1.957663463140653448e+01 2.004257294866978967e+01 2.017092403880815965e+01 2.037472107054311721e+01 2.044786077765635568e+01 2.082758246458670470e+01 2.092430698391832777e+01 2.123372886265127590e+01 2.131000745609257407e+01 2.176719471787774296e+01 2.204326931839565873e+01 2.226663138158176025e+01 2.239352858617105468e+01 2.255022053049118114e+01 2.273629157384992538e+01
1.749250794149596056e+00 2.084012261074005501e+00 2.209024139079463822e+00 2.294958714126456911e+00 2.416690344274801117e+00 2.526228439093354705e+00 2.564508406732036505e+00 2.649233963003105874e+00 2.754008086578114245e+00 2.893284688970505947e+00 2.962651225628443630e+00 3.029464140228688152e+00 3.096214374738147868e+00 3.139891270229415721e+00 3.183941272376885845e+00 3.276355482164649224e+00 3.304017976326664385e+00 3.381508193556128639e+00 3.411773057661860786e+00 3.493204092130724803e+00 3.605722134490288777e+00 3.658811450039289426e+00 3.821750604064990675e+00 3.922714472806362096e+00 3.983725404650270807e+00 4.090038737435112814e+00 4.228629805301732603e+00 4.316370917516230143e+00 4.390530396958543413e+00 4.483726099932251685e+00 4.618650597109464684e+00 4.741401796592228379e+00 4.855454711284981961e+00 4.939693360480958084e+00 5.021189752600121459e+00 5.180800425288736299e+00 5.255500543241972800e+00 5.319437254231407231e+00 5.450867888622985546e+00 5.545687041456777600e+00 5.744235380131810231e+00 5.905225725213600896e+00 6.104145645929746955e+00 6.244779293482823235e+00 6.302515404848154645e+00 6.406425514070676286e+00 6.444960613115727988e+00 6.542243777080824607e+00 6.785512072420108787e+00 6.857040813134780421e+00 6.967332326239715989e+00 7.135988058763182984e+00 7.245881377322294981e+00 7.342647152039272207e+00 7.492784201107212994e+00 7.538473912799504184e+00 7.667557846124045895e+00 7.838838247127891457e+00 8.106791925542793820e+00 8.257372814184574139e+00 8.400301018070047476e+00 8.643252504716972595e+00 8.791774602978211561e+00 9.036481854956130988e+00 9.174391885295694493e+00 9.307542791683701466e+00 9.452306335060010056e+00 9.717317493224761904e+00 9.779500247717436423e+00 9.899010737713684449e+00 1.005054437924324517e+01 1.020568876590931673e+01 1.048648645515022615e+01 1.059669404399961046e+01 1.075196270783010455e+01 1.091761929342868243e+01 1.107608329739931108e+01 1.125765111303856614e+01 1.135324400420763347e+01 1.153170562286379131e+01 1.164150576982381047e+01 1.171865291207329918e+01 1.184115879319113063e+01 1.198544375091338132e+01 1.200208845824336912e+01 1.217737729666980329e+01 1.230489293580957977e+01 1.239116507423187130e+01 1.259107649276268859e+01 1.278013282826525376e+01 1.285396610283792462e+01 1.304408631136708507e+01 1.333210249452988272e+01 1.361615056440837002e+01 1.375356946988836704e+01 1.380344399878371320e+01 1.401362500589506332e+01 1.411350384903308530e+01 1.419216425554085426e+01 1.441606340683181742e+01 1.445349475748128576e+01 1.463059625957553855e+01 1.478476466342019258e+01 1.484544070326983523e+01 1.498956107617650169e+01 1.508379581112574641e+01 1.514061814761130975e+01 1.533640908305954831e+01 1.540632271653225160e+01 1.549956341839683205e+01 1.564716545232808542e+01 1.572886800447768429e+01 1.580392863462937036e+01 1.592623882502597610e+01 1.598885306990379185e+01 1.607904078673174197e+01 1.619834330100743713e+01 1.635887320276923518e+01 1.652321986938328990e+01 1.665160285145844909e+01 1.678061302697700086e+01 1.690780002541400506e+01 1.703873902477061009e+01 1.723280240368881522e+01 1.747251207253481198e+01 1.759530712365440763e+01 1.783601154177726045e+01 1.888036377110788422e+01 1.905515037778008747e+01 1.958411723934152349e+01 1.997155220355628558e+01 2.018025092015084354e+01 2.032970935372535237e+01 2.038811878876534323e+01 2.076819741523650009e+01 2.085745734620904557e+01 2.121137519049883480e+01 2.126082988244484895e+01 2.177285181250817203e+01 2.205700615921948327e+01 2.227879642240409908e+01 2.246070955073135877e+01 2.256457956590107727e+01 2.277362548784161334e+01
1.706592023302837324e+00 1.991855044040007794e+00 2.104183354368901693e+00 2.158759920317752101e+00 2.324039953817158111e+00 2.449003806919968884e+00 2.479140095078072203e+00 2.606923504969687055e+00 2.729856793751637145e+00 2.845491911379100625e+00 2.923471416923622890e+00 3.043244975793578000e+00 3.094691903136153499e+00 3.119396096767467430e+00 3.182481918026773826e+00 3.258561539703639376e+00 3.315866022357942366e+00 3.355543783204257835e+00 3.414020954629531701e+00 3.496894563527522148e+00 3.602156046378806931e+00 3.664100922063898036e+00 3.827376641782028077e+00 3.919415985252620693e+00 4.064442891352298304e+00 4.098810595897161235e+00 4.207735238783744336e+00 4.322117707895252181e+00 4.364312766129073928e+00 4.484884933545754571e+00 4.646238125578229905e+00 4.706449053298658036e+00 4.797833664763705208e+00 4.875394844860072574e+00 4.964360439665076008e+00 5.161464981768340010e+00 5.226143281446103295e+00 5.312669983294324716e+00 5.489277021113270649e+00 5.528770751677103412e+00 5.751662645721490108e+00 5.881877587780329542e+00 6.050941854311635559e+00 6.211227508836508093e+00 6.282464174356976905e+00 6.367687476203157892e+00 6.416929106163228091e+00 6.495168303811483135e+00 6.735491015542058868e+00 6.815823206594003203e+00 6.953152354779764899e+00 7.083806254860353313e+00 7.241567911875738339e+00 7.306749942948340681e+00 7.439870134774400512e+00 7.499117105504430114e+00 7.619353966791861055e+00 7.826392017070691765e+00 8.073156807501305821e+00 8.235797534469407211e+00 8.422060923529327781e+00 8.605809659491958641e+00 8.785998527055655316e+00 8.984148868303677204e+00 9.088210402735711568e+00 9.274522521218804272e+00 9.408564122215041792e+00 9.518772049425935577e+00 9.656351333976735063e+00 9.782496884036001816e+00 9.919551526518356255e+00 1.004576456158312858e+01 1.029359116981298428e+01 1.047556735657692251e+01 1.058950927975261003e+01 1.080984351099323071e+01 1.098278474108682801e+01 1.106818010451653045e+01 1.117562376089650122e+01 1.135825532368561852e+01 1.148241889763368739e+01 1.160650498396567265e+01 1.173191153027573463e+01 1.185654973302113646e+01 1.190389432450813167e+01 1.208718227886374841e+01 1.215995696086611488e+01 1.232001979387176327e+01 1.257079220369514516e+01 1.266511409926617127e+01 1.283247888231129075e+01 1.296613636066459918e+01 1.333652271459382277e+01 1.362466356141095325e+01 1.368916256607323767e+01 1.382682907085632884e+01 1.400920199887239725e+01 1.412575442208169463e+01 1.421467995522739614e+01 1.445885131734038609e+01 1.452501053483523030e+01 1.469059675612132487e+01 1.479502647514071434e+01 1.489045506984751022e+01 1.506555262543574969e+01 1.517141132802924552e+01 1.523156266137924320e+01 1.540625144022863680e+01 1.550263297457360245e+01 1.556335093334055486e+01 1.571335195385608330e+01 1.583855301229490031e+01 1.589824443593063386e+01 1.601604859571881079e+01 1.609652063207708395e+01 1.622090998967790654e+01 1.628561810000091370e+01 1.645393690227885486e+01 1.660493521847665477e+01 1.674312867101920688e+01 1.685881863925652269e+01 1.702020032201413713e+01 1.713628673040002326e+01 1.727457028784517590e+01 1.755329497773057312e+01 1.765488592140338397e+01 1.785073911545367054e+01 1.891689336829153945e+01 1.912682751020929217e+01 1.957554684272895429e+01 1.987795910819770384e+01 2.013800598136646514e+01 2.027629669308936045e+01 2.035269527102867571e+01 2.067916166870266537e+01 2.078363780407451245e+01 2.109197350652846126e+01 2.124554961943708165e+01 2.178419796891445870e+01 2.207992661754877872e+01 2.230364402214944164e+01 2.251574517939725339e+01 2.259683867540238822e+01 2.282577365670950442e+01
1.622673738511228647e+00 1.869034625600341615e+00 1.923404089731399980e+00 1.951432358526718813e+00 2.217520438951047446e+00 2.338069314829181344e+00 2.394795728711056615e+00 2.559761483933251203e+00 2.703830653468153322e+00 2.768615793621156840e+00 2.866191627771140116e+00 3.005913401791606265e+00 3.056959090804262313e+00 3.123137877515416161e+00 3.174021298247291067e+00 3.240125779518551408e+00 3.292428657639421719e+00 3.335230834834697511e+00 3.413246924538115401e+00 3.486171250587096093e+00 3.587863497363874998e+00 3.666495710620516491e+00 3.805687260930858073e+00 3.905751684937919244e+00 4.031979795894905294e+00 4.072557847603123449e+00 4.178706753008414765e+00 4.299774274129493534e+00 4.352945938442251972e+00 4.513574835082027725e+00 4.631628232013764723e+00 4.676053658637732369e+00 4.746416119163111347e+00 4.816065811046216005e+00 4.904394427797662992e+00 5.095838570575748960e+00 5.181338534296133780e+00 5.330187587076958167e+00 5.507802479232007720e+00 5.562652461783431868e+00 5.752501457859318990e+00 5.837986338983045975e+00 5.998407736957590330e+00 6.183467236582538717e+00 6.254556942302841982e+00 6.339219905905703278e+00 6.382488407117404172e+00 6.463399996689534355e+00 6.677017166233030210e+00 6.784384166307638964e+00 6.937857590358937898e+00 7.032205183001882354e+00 7.226106926746423298e+00 7.284897032810955686e+00 7.387127329537115372e+00 7.455828396424106330e+00 7.571631140935811466e+00 7.809402684711844067e+00 8.034139391336056590e+00 8.204023356807017109e+00 8.423149565644077796e+00 8.531359779323416603e+00 8.721785821372286307e+00 8.869302456549432279e+00 9.023678575893313791e+00 9.222758827432475215e+00 9.314946143709953219e+00 9.375903229001735895e+00 9.496312848346228463e+00 9.698239017303668774e+00 9.809737072143057901e+00 9.862771084952701273e+00 1.012591757474720211e+01 1.034574865699386592e+01 1.038405849731600838e+01 1.065745150057740531e+01 1.082361825906152930e+01 1.093464200942557873e+01 1.097595432800252802e+01 1.118457179461395690e+01 1.136945419807999968e+01 1.151214181938594905e+01 1.164167478382471721e+01 1.170433552181512304e+01 1.182257028734822590e+01 1.193621318887889160e+01 1.206623539313831905e+01 1.228048002663154747e+01 1.249206051881853519e+01 1.255722078083419468e+01 1.286521159576599516e+01 1.292033148409541532e+01 1.333721777631856042e+01 1.360324870564118349e+01 1.363159309423118337e+01 1.383674889586821877e+01 1.399036532323021476e+01 1.415072163467191402e+01 1.423375394572100916e+01 1.449237383990328532e+01 1.459359452291522352e+01 1.473386365699954581e+01 1.480674324651776352e+01 1.493428647665946407e+01 1.514073704045269864e+01 1.523189050934370847e+01 1.534243213099256131e+01 1.546070129566550122e+01 1.557814025236752542e+01 1.562882618762696652e+01 1.578076266123448868e+01 1.591156375119449784e+01 1.601847624476040011e+01 1.609231632471114537e+01 1.620930995156179932e+01 1.635734569792302651e+01 1.638684553548439382e+01 1.654649785774387638e+01 1.668635768637481220e+01 1.682669637150943487e+01 1.693712581114601434e+01 1.711860325601378463e+01 1.722548015839733182e+01 1.735424378295073566e+01 1.764292972947031402e+01 1.771669222039326286e+01 1.788836356175109188e+01 1.894640776964006079e+01 1.918304813184380109e+01 1.952725863951954111e+01 1.976606204698714464e+01 2.004743213877437213e+01 2.020945163315796478e+01 2.030651330532681342e+01 2.053167530056667545e+01 2.072597738671773726e+01 2.095944303817267595e+01 2.123757662255491852e+01 2.180524273690943104e+01 2.211726318401283820e+01 2.233926819935503971e+01 2.254239787008482310e+01 2.266932721385673943e+01 2.288879888158038511e+01
1.429745618301802246e+00 1.635562675522393095e+00 1.697484547144336720e+00 1.766118350868806308e+00 2.088945616169294084e+00 2.206618579741018493e+00 2.304599070577329378e+00 2.494764860426299968e+00 2.627600961475614838e+00 2.707852881719818416e+00 2.790373449653889004e+00 2.906626000233934359e+00 2.994798520971314826e+00 3.093574422296562432e+00 3.172002594475293424e+00 3.225612661904766476e+00 3.270448803539511395e+00 3.318718502182155916e+00 3.402885047991874856e+00 3.467511028360166225e+00 3.564252045702618332e+00 3.652600125022095856e+00 3.758710064098663484e+00 3.851423237312934678e+00 3.974590108478788686e+00 4.005567652864747252e+00 4.184603708830965552e+00 4.267701339267858884e+00 4.320027626095643392e+00 4.449138758282153994e+00 4.560374278582752794e+00 4.670411075036753346e+00 4.748760245240417177e+00 4.795930318100024792e+00 4.846939893987913806e+00 5.016749771460340845e+00 5.125809302018264901e+00 5.315548748593821315e+00 5.520248709877833448e+00 5.605491687496431119e+00 5.737245524741034330e+00 5.783835323971679543e+00 5.948288068024868203e+00 6.138633872630935073e+00 6.215996656103738083e+00 6.308254180028560754e+00 6.346187595990365971e+00 6.483167423411815733e+00 6.616647533491438971e+00 6.759481538522379651e+00 6.912047750263605295e+00 6.988436579148986638e+00 7.185380701316202767e+00 7.267343332627260288e+00 7.352631739661190657e+00 7.414767229251832958e+00 7.527300539289568881e+00 7.781150783712428520e+00 7.988148793953195437e+00 8.152159537535643707e+00 8.378653657688591494e+00 8.443430179667290147e+00 8.573031364727386361e+00 8.755480937993478818e+00 8.944203031718048535e+00 9.127123334232424057e+00 9.183188149664605504e+00 9.277010515451706851e+00 9.380540244066313704e+00 9.603907305699797448e+00 9.682002184927858579e+00 9.712566605745786674e+00 9.966504852166254480e+00 1.014231992307849595e+01 1.023339386150924213e+01 1.046437304688136471e+01 1.064105781235904047e+01 1.078349455589040140e+01 1.085091684157038827e+01 1.100893357464310363e+01 1.128221488483979051e+01 1.143481253694913846e+01 1.150006500275960875e+01 1.161283973777251965e+01 1.172430179231954206e+01 1.181266251814525425e+01 1.197612890711282674e+01 1.224751234868140770e+01 1.235200872435223296e+01 1.252418848786770056e+01 1.285803937276857134e+01 1.292445690144805859e+01 1.332273994707205134e+01 1.352646887453216529e+01 1.361741109591839738e+01 1.382338773473616911e+01 1.396623747574012775e+01 1.417197967737497954e+01 1.425541675894416827e+01 1.451674432980951046e+01 1.463707643625910038e+01 1.476454282797035944e+01 1.483829388519370163e+01 1.497635452960926905e+01 1.520479840041557829e+01 1.528896740086768880e+01 1.544390879388443771e+01 1.549915387169379422e+01 1.563613736841898039e+01 1.570469246159313670e+01 1.584268502853100102e+01 1.597673245058790492e+01 1.612572946177569122e+01 1.616526979033693578e+01 1.631606081207041470e+01 1.644449856160977674e+01 1.653269970708553416e+01 1.662954112223447822e+01 1.676626410879475770e+01 1.690399470735978582e+01 1.701209657315883916e+01 1.718990681552826771e+01 1.730337594062497075e+01 1.747939596899191272e+01 1.771780242014068563e+01 1.777454511856168651e+01 1.796909831176317951e+01 1.896307452858362197e+01 1.918169421786130258e+01 1.943325156567882672e+01 1.961089048644954858e+01 1.993822322062977648e+01 2.013285063863121138e+01 2.022524390616603540e+01 2.034733284772287476e+01 2.065942603049882820e+01 2.091783237207654267e+01 2.122689593445003098e+01 2.184002165526155181e+01 2.216901977444209493e+01 2.238027628708706018e+01 2.256201110693466205e+01 2.276329883853949454e+01 2.295999634419652224e+01
9.645707764226109093e-01 1.319291313569494584e+00 1.482065617045917438e+00 1.618841685059791979e+00 1.915111320420177954e+00 2.077601688457090479e+00 2.201436587273107204e+00 2.400502048811949951e+00 2.495479148841234451e+00 2.646590702553959229e+00 2.693500792370055574e+00 2.801530281524966082e+00 2.848710926246456054e+00 3.077233286138735924e+00 3.156912765193317316e+00 3.210759050186834607e+00 3.264384204891955576e+00 3.305537515633024448e+00 3.363631811692286533e+00 3.449759709701232246e+00 3.525869431198441539e+00 3.604490359812633216e+00 3.718580843819840887e+00 3.799724488763583707e+00 3.923147698657060811e+00 3.949550769402343064e+00 4.116093539340003105e+00 4.251499351015114669e+00 4.277311319377579579e+00 4.340635652466735550e+00 4.484556804721297141e+00 4.623386746735670627e+00 4.725510602355951661e+00 4.776436318921492230e+00 4.853757613191321596e+00 4.942255497559931321e+00 5.073304724054053416e+00 5.276826121864544028e+00 5.511119360283130320e+00 5.606507080420777278e+00 5.705417201027526808e+00 5.750199377843810744e+00 5.899690646630997293e+00 6.071070417172435008e+00 6.187026937699848794e+00 6.260087662466101932e+00 6.320148033622853490e+00 6.512581961480926829e+00 6.581037724517954324e+00 6.738859216243288763e+00 6.867862341538625515e+00 6.952564519308318758e+00 7.125779510270059625e+00 7.244354211647601183e+00 7.334904823799583085e+00 7.383793515756259751e+00 7.494728594251223619e+00 7.738234697567134113e+00 7.930307514526671930e+00 8.064717186383186132e+00 8.235565817041715420e+00 8.388849267914292085e+00 8.425632976675151653e+00 8.626214138866219017e+00 8.823142056571393610e+00 9.010735623420213614e+00 9.068283911241836748e+00 9.152734871331237088e+00 9.289898791919632970e+00 9.457308378011790140e+00 9.571367291591601045e+00 9.636636459106556529e+00 9.800665127233644469e+00 9.899846940929039718e+00 1.011003794012639112e+01 1.028089490859565913e+01 1.048358830434718847e+01 1.062232250895050534e+01 1.075904126342875067e+01 1.085752841103298216e+01 1.118208636011942048e+01 1.131443294123138443e+01 1.136986493125104936e+01 1.156282213077503584e+01 1.160789499721268925e+01 1.175464010678829219e+01 1.187912011671903123e+01 1.218367344028168908e+01 1.226123839513236824e+01 1.249510396573895221e+01 1.282911834496587922e+01 1.294001893088271338e+01 1.327679532593374390e+01 1.344781103255022714e+01 1.358949636296855878e+01 1.380001570265653399e+01 1.394256706741775176e+01 1.417713654420515468e+01 1.427907068220654274e+01 1.453046968642836489e+01 1.464503919865319226e+01 1.478850329287790188e+01 1.488590271669824183e+01 1.501782263335081247e+01 1.525153994628191079e+01 1.534829170945088883e+01 1.551512633656080453e+01 1.552919544839362231e+01 1.568383112625825149e+01 1.578687880185126780e+01 1.589707115352731570e+01 1.603984017554957475e+01 1.619288333075242292e+01 1.625537160064454056e+01 1.641083168047340379e+01 1.651104923145969394e+01 1.667711658811691677e+01 1.670352662393515430e+01 1.684213743088427151e+01 1.698015926727913438e+01 1.707874850597492156e+01 1.723522613207654786e+01 1.738286421742200361e+01 1.762143463595063508e+01 1.774321825426708443e+01 1.785218880130070929e+01 1.808868861176517129e+01 1.887602957416315164e+01 1.908019178181570297e+01 1.929457737321120803e+01 1.946464604034256141e+01 1.986764400362581640e+01 2.004744067503384741e+01 2.014598441177886201e+01 2.018661118351920436e+01 2.058359143724635842e+01 2.095020943696863824e+01 2.121620047245996332e+01 2.189076450936814666e+01 2.223180090755687743e+01 2.242176401553771825e+01 2.258202492382479676e+01 2.286863715300782829e+01 2.303918879802589714e+01
-5.164527962176546083e-01 8.648550922155455734e-01 1.288716722863027853e+00 1.448164241685015785e+00 1.714192720814368798e+00 1.937236343216507173e+00 2.082842314556410113e+00 2.281736738062200232e+00 2.346776838099092988e+00 2.451920115309129233e+00 2.617381973173606546e+00 2.682317301267636012e+00 2.745881804765900380e+00 3.058678984791724620e+00 3.125239677347781964e+00 3.174268016409369508e+00 3.257859024674118587e+00 3.290698709684152234e+00 3.322206153016038499e+00 3.401079485430531513e+00 3.500984243826449571e+00 3.555586706877623016e+00 3.697399017003613508e+00 3.772326915574724104e+00 3.838782382484554834e+00 3.903117789971263019e+00 4.009794964705393205e+00 4.210481429466041980e+00 4.244762964647144088e+00 4.253673797024159597e+00 4.410227091784521214e+00 4.543409888122718954e+00 4.659482224232593062e+00 4.731771372115232133e+00 4.835425850224741140e+00 4.919887349287741074e+00 5.047595192041034018e+00 5.217644129659495533e+00 5.474611571489447215e+00 5.533535806919398503e+00 5.690591654710891234e+00 5.742743819054955345e+00 5.851571362636715179e+00 6.001436033337089526e+00 6.155358319722716409e+00 6.211068704309447241e+00 6.303075704816405889e+00 6.467744811960793427e+00 6.613743857544562843e+00 6.710826170612993913e+00 6.806327934656153822e+00 6.925241414693012132e+00 7.070367599469001618e+00 7.225387497297266037e+00 7.297917363384093470e+00 7.371051817958970354e+00 7.479458308138346112e+00 7.681475310759064534e+00 7.851868476787533524e+00 7.924938994771978606e+00 8.074533728175223857e+00 8.299012403936188775e+00 8.345433944588245723e+00 8.490826857373884096e+00 8.683669591674371802e+00 8.869653035627816706e+00 8.935939341146292847e+00 9.034919105083305979e+00 9.174919498160685194e+00 9.314455799108806389e+00 9.506592652383240249e+00 9.533393427789922825e+00 9.648972462442957365e+00 9.697330380941032502e+00 9.968693779967347623e+00 1.013407615007580098e+01 1.035514492555435417e+01 1.049823171702918323e+01 1.064877931289906243e+01 1.073956578257060990e+01 1.106763153421953305e+01 1.113993394014331528e+01 1.126518036878121976e+01 1.147884049698181741e+01 1.157928788341066806e+01 1.168985915647781582e+01 1.180287835818608855e+01 1.208333654199798701e+01 1.222763314364004295e+01 1.246970525504905503e+01 1.278714196643780099e+01 1.294815361354335259e+01 1.318695724947842862e+01 1.337935944644146780e+01 1.353636568031306631e+01 1.377357814500159705e+01 1.392333199433687163e+01 1.416861090438526816e+01 1.429653732675792988e+01 1.452875260342510799e+01 1.463013107721590522e+01 1.479198916065586999e+01 1.493170762634333393e+01 1.505993985094529641e+01 1.527942518169230546e+01 1.540265076198331151e+01 1.552257189870648268e+01 1.558493937640564297e+01 1.571521562783090253e+01 1.586442510249714566e+01 1.594615866485373346e+01 1.610549874447366392e+01 1.623463908501368280e+01 1.634601112542355494e+01 1.649233953002287123e+01 1.656127091590152745e+01 1.675010073669806943e+01 1.682100518987920879e+01 1.691216733386259463e+01 1.705669099992504556e+01 1.713442176266531902e+01 1.726777052416218083e+01 1.745685916580629637e+01 1.770160901607960469e+01 1.778720939662913736e+01 1.792927862201666755e+01 1.820822455631568815e+01 1.856654714868974665e+01 1.897326135583903906e+01 1.914399258942415116e+01 1.947136706494673319e+01 1.979354046183782501e+01 1.996007981221396577e+01 2.004799482977317027e+01 2.012157113169657308e+01 2.051511424975661413e+01 2.099789695148021451e+01 2.121199529616633583e+01 2.195673935577298508e+01 2.230038381609407949e+01 2.246057346440572644e+01 2.260086996570749207e+01 2.298060587120335541e+01 2.312794878166712564e+01
-1.111291737481954645e+00 -2.681363856836911364e-01 1.063669110683552077e+00 1.237834880177735908e+00 1.514998839574126510e+00 1.778447762375945373e+00 1.948819473218736276e+00 2.101255152185548702e+00 2.167334835610892796e+00 2.279051254293963158e+00 2.481245327907249276e+00 2.592846588885430403e+00 2.693460670398115209e+00 3.021934161872197322e+00 3.074330147012908743e+00 3.128382878991779137e+00 3.234015394031687141e+00 3.251573475966630156e+00 3.310323827745886405e+00 3.359570516026565201e+00 3.479483880249165217e+00 3.526314778291372409e+00 3.681620853017942174e+00 3.733253997552953951e+00 3.761195834058468801e+00 3.829483713729757710e+00 3.938780791634666656e+00 4.136639703280866165e+00 4.167639709808010018e+00 4.222901636134625214e+00 4.336931147720537894e+00 4.480040409707916282e+00 4.577701132526142302e+00 4.650540554047643660e+00 4.773717689014176813e+00 4.910639656503726691e+00 5.052471488349012496e+00 5.136294129332870106e+00 5.416965360801070162e+00 5.448520141456420163e+00 5.664027613076664913e+00 5.748393625715913835e+00 5.809340724325513960e+00 5.939098133840005289e+00 6.114267926946916454e+00 6.170434519841917265e+00 6.288218410575432848e+00 6.405503629157180079e+00 6.598135104728958034e+00 6.656184980874553681e+00 6.787722752701593087e+00 6.900372490338806841e+00 7.035143014043692133e+00 7.204683846087037935e+00 7.238405712474299314e+00 7.371089400625600696e+00 7.452104870190074948e+00 7.623565567145649702e+00 7.732167128467057893e+00 7.784436363384248381e+00 7.954129962560121392e+00 8.195257859648721777e+00 8.276628658779513259e+00 8.372138319930373385e+00 8.544681461901852515e+00 8.697671844511873473e+00 8.788785104966052586e+00 8.928882001304820903e+00 9.042305524160232366e+00 9.200249706267182859e+00 9.348860464106511614e+00 9.448415734941768562e+00 9.485561492182066345e+00 9.626986516363228219e+00 9.840648468611314925e+00 1.000984983633484049e+01 1.024852056759483432e+01 1.041376951819127861e+01 1.051311698415051410e+01 1.064427777622937121e+01 1.093436048135190752e+01 1.099403601093907135e+01 1.113381524188258709e+01 1.140833134793929027e+01 1.155807538928711686e+01 1.159905260662693571e+01 1.176634734230368373e+01 1.199243338895147382e+01 1.220849482530516639e+01 1.244462405113540981e+01 1.273057722888248300e+01 1.292932881509900689e+01 1.307316880692749628e+01 1.331276389712743935e+01 1.347063880838487293e+01 1.374030066884003887e+01 1.390951181306582285e+01 1.414812632668281012e+01 1.430164276642771704e+01 1.449958691475378103e+01 1.460107350652595848e+01 1.474697052356851223e+01 1.496816706186185186e+01 1.509958000490414776e+01 1.528447149934683047e+01 1.542932877705142403e+01 1.552940069706585646e+01 1.562758341841802867e+01 1.572653907987374033e+01 1.591330169822882290e+01 1.599423605547896088e+01 1.618218174463398285e+01 1.626819717741788551e+01 1.642619929531920064e+01 1.656000341175513668e+01 1.660083409094057316e+01 1.679210651038998137e+01 1.693045313393981033e+01 1.697699683407362059e+01 1.712273917782427191e+01 1.718461478366656081e+01 1.729441604513802133e+01 1.751445994536017281e+01 1.766065327401948437e+01 1.780617671529486401e+01 1.801026678946614012e+01 1.822620669979260200e+01 1.846839169480448106e+01 1.875996253484907328e+01 1.915055788069520304e+01 1.948427295602308718e+01 1.967898415845488458e+01 1.987873831089362753e+01 1.996937473286324760e+01 2.012053650189810483e+01 2.045711972347138285e+01 2.103256332341018364e+01 2.122102616659921281e+01 2.203435186841188909e+01 2.236845279996961011e+01 2.249500378009827628e+01 2.261681143497697732e+01 2.309340543506419507e+01 2.322746294984509419e+01
-1.322368639743078722e+00 -7.628619069016593368e-01 8.050910454367344871e-01 1.007337717874477123e+00 1.322298263743878488e+00 1.597906725838361242e+00 1.787944170999468563e+00 1.843126147251771707e+00 2.054891253437368892e+00 2.155771722334849372e+00 2.338188461733230028e+00 2.515108685874623440e+00 2.653992983905296033e+00 2.957914755069215751e+00 3.000553075032650341e+00 3.100037299178719064e+00 3.173616850462196215e+00 3.233906986906916359e+00 3.301308509097269361e+00 3.354394403805289748e+00 3.432707764047302490e+00 3.515027706382483963e+00 3.621546109028140226e+00 3.672996746657599232e+00 3.741029493710536613e+00 3.778196603123395558e+00 3.884901985476936215e+00 4.041157880379580014e+00 4.101052771051411305e+00 4.185880123835150179e+00 4.272658377672708063e+00 4.435105170370728267e+00 4.482242891777977967e+00 4.566258367425939824e+00 4.716667906149303313e+00 4.861494573773327943e+00 5.026935071167143221e+00 5.072217755822242324e+00 5.349164602902652277e+00 5.390201935024440338e+00 5.620584891858633192e+00 5.741272590963976796e+00 5.788246124475209697e+00 5.889091845489195620e+00 6.062682545003631240e+00 6.142745630599334206e+00 6.267302450064737407e+00 6.337264001394632196e+00 6.479393173715825682e+00 6.637031847454298195e+00 6.786078505361486712e+00 6.889914182983328139e+00 7.013589944661800857e+00 7.149852371663180328e+00 7.177929163839350757e+00 7.373100105633081824e+00 7.390937500808133720e+00 7.554563163695899419e+00 7.636479520279362276e+00 7.697141756030921655e+00 7.862221245971210415e+00 8.083327042202473223e+00 8.191557978878973856e+00 8.278654772523557526e+00 8.406409213240262801e+00 8.544992681604806961e+00 8.634145579121645042e+00 8.807674072183193204e+00 8.932690761518228939e+00 9.101905754168646112e+00 9.161830144658251740e+00 9.315347291575434951e+00 9.407291737635414819e+00 9.554345150079168292e+00 9.774175121458299031e+00 9.904052463863296296e+00 1.015652220228082392e+01 1.032522692005738918e+01 1.037363230230941724e+01 1.055771598849609738e+01 1.080136184972270286e+01 1.087568893766088785e+01 1.100779112761276224e+01 1.133465662634705140e+01 1.144533233954500062e+01 1.158027930099431302e+01 1.173008766487686749e+01 1.191807669860515340e+01 1.219751662156244087e+01 1.240515346409284803e+01 1.265375667271328908e+01 1.281752878724805811e+01 1.301541986565122677e+01 1.323948875493333510e+01 1.341673612628118661e+01 1.369941461396452809e+01 1.389568676881430775e+01 1.410980654108510635e+01 1.427120875250619569e+01 1.441017766381889409e+01 1.456103283341140120e+01 1.466606328291193329e+01 1.499938902581216915e+01 1.511812138517621484e+01 1.527830535111614907e+01 1.542763069076334581e+01 1.555682902737762063e+01 1.565662236119293382e+01 1.573072752153825604e+01 1.593531983317212664e+01 1.603095576690499868e+01 1.627071899275799183e+01 1.631113885172444355e+01 1.649411129212814231e+01 1.660864674828725285e+01 1.664791344925340510e+01 1.681830214389693623e+01 1.700379263518729545e+01 1.703721198674719162e+01 1.716093149017385855e+01 1.723875933655751425e+01 1.731311256154335254e+01 1.753098994192200877e+01 1.757851146269842246e+01 1.772984080004607321e+01 1.813947701700829285e+01 1.826331346264155897e+01 1.855645892335736136e+01 1.859746310109229128e+01 1.917994255030985329e+01 1.943981652412517391e+01 1.958969537141078732e+01 1.980580705098590144e+01 1.990443230761887605e+01 2.014786867077704002e+01 2.040978104227741596e+01 2.104971904255134874e+01 2.124085640066609670e+01 2.211797077428222735e+01 2.242894819514135563e+01 2.252437154948664499e+01 2.263022577547906167e+01 2.320171440194519974e+01 2.333469354430406284e+01
-1.291180903360040100e+00 -8.539414440315100663e-01 5.446431069112466217e-01 8.069838694814597257e-01 1.121997477675763966e+00 1.358741288502682387e+00 1.616024948216793877e+00 1.704561579861840537e+00 1.952355925751615873e+00 2.043970384371283089e+00 2.220435120726885536e+00 2.446865940184282717e+00 2.629024530419102224e+00 2.877003031307837411e+00 2.928088158079571013e+00 3.049007702476933979e+00 3.140347489955720217e+00 3.220312850910861613e+00 3.295131198573038489e+00 3.351229100844434594e+00 3.391342740807461897e+00 3.462429439317263657e+00 3.573540754540979858e+00 3.659410455427869469e+00 3.704931920755997865e+00 3.754608765588594022e+00 3.844899165077233505e+00 3.943672869273493919e+00 4.033535971712584711e+00 4.144515290392211782e+00 4.232103804585921836e+00 4.368654119832945604e+00 4.408685914262536976e+00 4.487110637890578069e+00 4.675375768578942548e+00 4.780096939405689582e+00 4.934424264057469145e+00 5.064086956393458294e+00 5.285631344178443491e+00 5.363847311893539249e+00 5.564127579056957096e+00 5.716855047490506436e+00 5.787254233317486118e+00 5.851423675415555969e+00 6.005317834716323411e+00 6.124673513859316465e+00 6.210704999102194535e+00 6.270157333437330394e+00 6.376680475948251825e+00 6.600509639555419028e+00 6.754927925464858873e+00 6.907734035071484868e+00 6.983307453944237686e+00 7.061364696137328423e+00 7.150496264892471032e+00 7.324174349695304898e+00 7.349078049401333246e+00 7.504053006081992550e+00 7.563802964639652515e+00 7.670104412787800641e+00 7.786480031487142739e+00 7.966928612414252875e+00 8.086610935060674521e+00 8.203644769315346252e+00 8.274580078058171750e+00 8.429872739869281872e+00 8.495910568910163718e+00 8.692648320057232425e+00 8.842108410280088648e+00 8.968363795937918326e+00 9.043114011451496737e+00 9.191138089225253438e+00 9.319306085292456743e+00 9.463780690146702312e+00 9.741732078532070460e+00 9.837918338245053462e+00 1.005987892261672734e+01 1.018205575639282223e+01 1.026374383000316293e+01 1.049064767379994834e+01 1.069011276497775853e+01 1.076820150206203763e+01 1.090521327529799933e+01 1.124460107559459132e+01 1.131590079011610683e+01 1.156728444148234658e+01 1.166111856288278759e+01 1.185328810080567052e+01 1.215926904507739614e+01 1.231803510360829179e+01 1.255215026849507254e+01 1.271884314564386464e+01 1.298276202123992284e+01 1.318791814520784023e+01 1.337829672462514097e+01 1.365062714022865187e+01 1.385906881957324899e+01 1.401369233145433491e+01 1.414481537091167596e+01 1.434652822811374406e+01 1.452666677406711315e+01 1.461744241293214230e+01 1.502618976901360170e+01 1.510537271602958320e+01 1.529651652065024159e+01 1.542853634381231487e+01 1.558063140473475805e+01 1.567289431060730998e+01 1.574626069537039719e+01 1.594636604949923075e+01 1.605615691299988157e+01 1.633785173460870155e+01 1.638662832496614286e+01 1.654920373120317123e+01 1.664653068157861782e+01 1.670125177442075071e+01 1.682797229806835659e+01 1.703373928569308760e+01 1.708971256000592120e+01 1.719124333676665017e+01 1.726913247178551103e+01 1.732744853257530337e+01 1.749995236057914383e+01 1.756471841729771555e+01 1.770301518012123765e+01 1.822418346250814025e+01 1.831060354190358908e+01 1.850193168526680054e+01 1.871879345416494544e+01 1.920603866846536789e+01 1.933259858544620968e+01 1.954559552281283530e+01 1.974247527832201143e+01 1.985002440256393896e+01 2.018368278413299777e+01 2.037239615440425311e+01 2.106009595789081601e+01 2.125988042737406758e+01 2.220105152215101540e+01 2.247395705524683152e+01 2.254969839471890225e+01 2.264330545271182515e+01 2.330254415035943083e+01 2.344050262987628130e+01
-1.024240372700210067e+00 -7.559278918579998008e-01 3.731674623408184344e-01 6.844859488668418868e-01 8.916890480382775319e-01 1.153806800872144711e+00 1.507633144089877142e+00 1.619818727721913376e+00 1.858040203062181428e+00 1.940855188396464426e+00 2.149274074085887332e+00 2.403594678099713278e+00 2.623192123758249839e+00 2.795867626279035179e+00 2.864785724165668679e+00 2.979456397147650648e+00 3.125307195113953718e+00 3.205686287898326992e+00 3.276127580137627060e+00 3.340909440145031883e+00 3.372093622565227822e+00 3.413437078870097174e+00 3.569141387144661781e+00 3.632546337749323673e+00 3.665388698890177821e+00 3.748080652516190714e+00 3.816465094719278639e+00 3.867577905525536597e+00 3.956581419556242540e+00 4.103965167236182765e+00 4.213595470940980192e+00 4.296066244278223145e+00 4.348713810250480094e+00 4.420767913325036602e+00 4.629177210047312307e+00 4.709508784036267492e+00 4.850562753369276336e+00 5.050943514573933868e+00 5.240778510237213084e+00 5.359617412849777551e+00 5.506445709424095725e+00 5.685459672308487811e+00 5.789012290026952279e+00 5.816324012299292967e+00 5.947888012989910322e+00 6.088891637111350619e+00 6.122287792093700887e+00 6.201156514211528581e+00 6.345358501882998326e+00 6.541850144666422118e+00 6.727179716647056829e+00 6.869206335328500224e+00 6.974227688022581972e+00 7.030305907345034022e+00 7.134954593410892443e+00 7.241148663836916022e+00 7.320390507056749207e+00 7.491895201016586903e+00 7.511869734691231315e+00 7.644794419844099131e+00 7.720575249549630037e+00 7.871598515814988595e+00 7.969772767941615044e+00 8.110348082868011232e+00 8.194258576617214018e+00 8.338792430158703084e+00 8.398509747592509456e+00 8.597096133100960103e+00 8.760828489243044359e+00 8.835330347036157050e+00 8.960421627531895084e+00 9.086026024325928319e+00 9.206227472787350763e+00 9.382688464964695996e+00 9.686706356088018666e+00 9.819061887742028816e+00 9.941711456384650702e+00 1.003465416098470087e+01 1.016825387828138183e+01 1.044164901450195515e+01 1.058370145987581523e+01 1.068608239398231063e+01 1.082651001202706631e+01 1.113852653588719477e+01 1.119431844026700951e+01 1.147819542297660789e+01 1.158255795670343247e+01 1.178924919855406372e+01 1.201311757969781624e+01 1.228650479019035480e+01 1.250458697002140340e+01 1.268790330950232459e+01 1.294035019734569403e+01 1.317360129438076832e+01 1.334201487342348180e+01 1.356738526550520518e+01 1.373050831481572942e+01 1.392963313955445948e+01 1.407342226304173671e+01 1.433009630212119134e+01 1.450187491532089190e+01 1.459250022458757989e+01 1.504629569123519595e+01 1.508390847356181297e+01 1.532718572994344797e+01 1.543437475475041332e+01 1.558962576519759935e+01 1.568718521402132637e+01 1.576890420632434520e+01 1.595193152827701333e+01 1.607604317790825021e+01 1.638740095496524418e+01 1.646762009589188480e+01 1.659296590923759496e+01 1.667634435333392773e+01 1.674367713429451499e+01 1.683174962475872150e+01 1.703842869372280333e+01 1.713134516584550227e+01 1.723000377915058223e+01 1.727210174130154741e+01 1.733894653827463017e+01 1.750704839670115831e+01 1.755835162833519902e+01 1.770074556738736860e+01 1.813210378237794629e+01 1.842814625978460086e+01 1.859151724293793606e+01 1.883839944008624911e+01 1.918147994307852855e+01 1.926048422982573882e+01 1.949230301262894471e+01 1.968201183155419898e+01 1.981771340265782300e+01 2.021698370942206680e+01 2.034338081811609200e+01 2.107336307904431649e+01 2.126975941531016545e+01 2.227730693183024968e+01 2.249692271454587100e+01 2.257338682267598173e+01 2.265767773233610427e+01 2.339273743378754133e+01 2.353344287396269152e+01
-6.132196149494875126e-01 -4.731178257687984057e-01 4.029450132432491061e-01 6.250097051965017858e-01 7.724845665224536750e-01 1.066985323464644919e+00 1.434670990392598489e+00 1.579840123745789304e+00 1.774775402613607334e+00 1.863619975306501031e+00 2.120457426113486754e+00 2.401899120836739510e+00 2.630859172983119443e+00 2.731716051741130524e+00 2.805227544007486973e+00 2.928826532912800040e+00 3.093425250623973000e+00 3.184395361571988214e+00 3.260195761857111574e+00 3.345597028066979561e+00 3.367931738987429036e+00 3.396556190892875193e+00 3.560463843379436888e+00 3.602189519187701805e+00 3.639950533081214079e+00 3.747273802410025834e+00 3.768626239698244618e+00 3.839862422997968316e+00 3.888462176768511469e+00 4.063933951208987594e+00 4.210109230294687421e+00 4.246779305603265442e+00 4.294219639127292432e+00 4.362370448479374829e+00 4.570892376920767219e+00 4.665206069555781099e+00 4.795445906694668636e+00 5.038385012922514505e+00 5.224980205508961362e+00 5.370325874596360904e+00 5.457640486195608709e+00 5.641633535531375365e+00 5.768820388845910863e+00 5.801384816326167204e+00 5.874133249193314477e+00 6.011991751042853771e+00 6.080655187092673941e+00 6.146882278520883425e+00 6.363375419318259674e+00 6.478073127750761273e+00 6.712756139814535672e+00 6.800410671463510859e+00 6.973938308124143504e+00 7.031097708947575242e+00 7.133098024240807078e+00 7.175915451062804706e+00 7.305641042222761783e+00 7.447010911697255153e+00 7.508876281911475381e+00 7.602433514077479693e+00 7.654815974659459954e+00 7.815224623938795467e+00 7.878905534300266744e+00 8.006034844948818119e+00 8.163197066179732175e+00 8.267628583860670233e+00 8.339258875374307323e+00 8.524521457258078527e+00 8.681355640855169753e+00 8.742139952262508729e+00 8.876623125897882716e+00 8.998066496419991012e+00 9.077686925671033080e+00 9.324859596534002648e+00 9.621476292301487376e+00 9.784546777747669566e+00 9.820100938472533514e+00 9.933317715531408965e+00 1.010643881305363223e+01 1.037214929016564646e+01 1.050624244349712377e+01 1.063273078234423430e+01 1.076509337229997065e+01 1.102755538854514406e+01 1.109294494786609242e+01 1.128859554217348204e+01 1.156660203850128532e+01 1.173924114778946226e+01 1.191828253273305549e+01 1.229741777571129369e+01 1.248995164406587222e+01 1.269124648270789635e+01 1.290525423457672893e+01 1.317629499675274829e+01 1.327827577297149197e+01 1.343817052652043920e+01 1.365574506724028936e+01 1.391208722078978610e+01 1.402821515479923065e+01 1.432171342804857694e+01 1.448422518430649575e+01 1.457843172674792243e+01 1.505400904586842437e+01 1.507085097708461419e+01 1.535141554074217041e+01 1.544314338925300767e+01 1.558871475293013020e+01 1.570288563944885318e+01 1.578835026791338159e+01 1.595368089751493912e+01 1.609155015080647289e+01 1.643302384922769122e+01 1.652257473245522235e+01 1.662656846379613640e+01 1.668710857822357596e+01 1.676567593162221215e+01 1.684734776928180366e+01 1.704578395737219765e+01 1.716011071832811652e+01 1.725403820905633268e+01 1.727910418930611414e+01 1.734629144262923361e+01 1.749779873345848813e+01 1.758238877796096489e+01 1.770147419722024296e+01 1.803425188756490982e+01 1.855366848005158786e+01 1.871240642587962810e+01 1.892914505558026050e+01 1.908218068768589859e+01 1.925986767096839714e+01 1.943162790759546965e+01 1.961972421440903958e+01 1.980821859830371068e+01 2.024253659102599912e+01 2.032148604437601236e+01 2.109183931297144454e+01 2.126905410591904300e+01 2.234147835940609639e+01 2.250014406030662073e+01 2.259341930770043305e+01 2.267208631637782190e+01 2.346650812095692729e+01 2.360423267002012793e+01
-3.095816068469550153e-01 -1.881130604102223547e-01 2.499301867167774416e-01 6.062905619205000152e-01 1.003910057834338287e+00 1.111823513408454867e+00 1.399625906527671715e+00 1.571627588218913241e+00 1.711072978328945338e+00 1.824844508608981952e+00 2.113411549504679687e+00 2.428966868216142050e+00 2.632514014141715375e+00 2.700020922968230153e+00 2.759691564167812583e+00 2.908678871466237492e+00 3.056329224191054017e+00 3.159225871264675245e+00 3.272127272866466541e+00 3.349144051519975296e+00 3.364161547148907250e+00 3.406003971384956142e+00 3.527121474502763920e+00 3.588075050707297375e+00 3.635638542903046222e+00 3.711414512693351320e+00 3.764068231154007460e+00 3.822302045355511435e+00 3.853621241999988012e+00 4.030993071176322218e+00 4.202931056254620934e+00 4.232137431108523806e+00 4.258702197393711586e+00 4.317288915861222875e+00 4.520591525540290867e+00 4.632290348961422666e+00 4.775269070752017342e+00 5.031846730010736124e+00 5.240750146180574554e+00 5.383831632480265306e+00 5.422885638009014464e+00 5.597003982312244830e+00 5.714634040359921840e+00 5.797488066680383412e+00 5.814313378671704946e+00 5.973743971427089683e+00 6.041548645619450930e+00 6.129858394243605346e+00 6.392999829854556282e+00 6.430714802350525616e+00 6.698293256310694943e+00 6.758098376876861657e+00 6.962167392625706164e+00 7.033146609802635396e+00 7.093237262916193053e+00 7.187206089853613200e+00 7.297647777175444439e+00 7.414951305607683452e+00 7.482026803899127110e+00 7.550321891308910516e+00 7.646027030927231571e+00 7.756437978394101762e+00 7.851693612797912891e+00 7.934460494645972695e+00 8.138941223772317102e+00 8.231671367815172502e+00 8.307024149357673082e+00 8.479067294104540409e+00 8.608564209234236486e+00 8.690477433934761464e+00 8.791277144721046710e+00 8.907079103217840910e+00 9.006168638297150864e+00 9.291346232576072950e+00 9.571589358259004143e+00 9.693692065402791158e+00 9.751920924584561945e+00 9.909988436748820462e+00 1.007515784966148154e+01 1.028900551558844256e+01 1.048255384081092245e+01 1.059872336109232371e+01 1.072086043027132085e+01 1.094585020321972912e+01 1.102262042959266530e+01 1.117741802489579506e+01 1.155995164105095085e+01 1.171055741148022911e+01 1.187883041322007394e+01 1.230741560610319851e+01 1.248514444925378086e+01 1.271207754098153941e+01 1.288757503969194751e+01 1.316043629680943106e+01 1.319353252488421369e+01 1.338213249473264277e+01 1.362990847729175847e+01 1.390717849633634273e+01 1.399742496423245264e+01 1.431735980602675440e+01 1.447320821878417263e+01 1.457134209785164458e+01 1.504568072482614483e+01 1.507395943092486235e+01 1.536448612793324209e+01 1.545167972253879363e+01 1.558543362966181611e+01 1.571517821741954535e+01 1.580047106202633245e+01 1.595346862878874816e+01 1.610151893725686278e+01 1.647429449776490173e+01 1.653913513394109103e+01 1.664967336201942061e+01 1.668579497922652877e+01 1.677796590782482511e+01 1.686178838072867592e+01 1.706119783880593133e+01 1.717526456332956641e+01 1.724876828397731288e+01 1.729398790891158910e+01 1.736335913562816557e+01 1.748043275987235390e+01 1.761077237265580209e+01 1.769877564807819326e+01 1.797146446719629154e+01 1.867402787798443242e+01 1.881678129312620840e+01 1.893047117800750812e+01 1.902894658580319742e+01 1.925482220844401482e+01 1.938700628200071563e+01 1.956799329963040179e+01 1.980902879770802372e+01 2.025801056083800233e+01 2.030732205565072235e+01 2.111051775870592451e+01 2.126207823640494254e+01 2.238853554979111138e+01 2.249211645067323673e+01 2.260595568976133052e+01 2.268299048799847384e+01 2.351593342792157770e+01 2.364760905991944995e+01
-7.676169753884223108e-04 -5.879120859592340933e-04 1.478111709220942877e-07 6.081851261592249314e-01 1.018281116080689719e+00 1.232412303558368283e+00 1.390286519023694600e+00 1.574348578445495805e+00 1.685256788477025980e+00 1.815242165121941031e+00 2.112924083769535333e+00 2.444322389728897704e+00 2.626978041292312049e+00 2.694460714340380481e+00 2.745172141430470614e+00 2.905859366649974795e+00 3.040590060423279617e+00 3.148267198444911763e+00 3.283102962150744819e+00 3.344234465920608468e+00 3.365137469362350142e+00 3.418519798355135197e+00 3.505590516482920638e+00 3.581868292341638504e+00 3.637497142495216718e+00 3.696410283528118956e+00 3.767772292805509959e+00 3.810656220034595698e+00 3.845744048130730786e+00 4.017967956513606609e+00 4.195618878419291597e+00 4.236034247415338072e+00 4.244796360593051432e+00 4.301495924047996411e+00 4.497433720706259130e+00 4.621135638658699030e+00 4.771470423421852125e+00 5.030414646538090118e+00 5.261629544087536026e+00 5.371300193203824236e+00 5.422270783264477423e+00 5.580401364641917716e+00 5.675447028078481004e+00 5.775470911251910699e+00 5.820385963526854667e+00 5.957702554773347536e+00 6.031728397461613156e+00 6.125414359410560117e+00 6.400021843990328030e+00 6.420739435171202381e+00 6.688791233777298118e+00 6.745470656890629968e+00 6.958054698120841763e+00 7.033174515235766755e+00 7.069770658423505161e+00 7.201348597613546509e+00 7.293875319996687701e+00 7.401765002368778212e+00 7.459986223347314649e+00 7.538360002754172839e+00 7.652044866139662282e+00 7.728762428632408366e+00 7.850319464703708228e+00 7.907548265660595987e+00 8.126659229073883495e+00 8.224995068843421464e+00 8.297180205257770780e+00 8.463944783878416089e+00 8.572225611130177114e+00 8.680294064783515395e+00 8.741760598921594294e+00 8.870714648606170982e+00 8.990081720377267160e+00 9.280349645353783927e+00 9.555350779100617586e+00 9.649114301780246095e+00 9.732121115284892099e+00 9.907867135377745882e+00 1.006595029994961799e+01 1.025507468632580377e+01 1.047898282726741925e+01 1.058578036185511273e+01 1.070400915078162996e+01 1.091893769401684722e+01 1.099676378827387424e+01 1.114573276039316241e+01 1.155783927549323309e+01 1.170119557412909828e+01 1.186748489323082190e+01 1.231081040782712677e+01 1.248397616987459280e+01 1.272512248870934215e+01 1.288448158873399585e+01 1.311364688016785607e+01 1.319003164425656394e+01 1.337055931642711037e+01 1.362257919180322396e+01 1.390645511636001608e+01 1.398598967733727072e+01 1.431604924952415736e+01 1.446939422939294317e+01 1.456922945003647740e+01 1.504143829273015598e+01 1.507606271827925681e+01 1.536835955933918463e+01 1.545525006842825633e+01 1.558392779523529903e+01 1.571981174112846524e+01 1.580448801439092321e+01 1.595313857538400093e+01 1.610495328468363851e+01 1.649919671028348844e+01 1.653082973219435559e+01 1.665879947120858162e+01 1.668542443041094359e+01 1.678237700850942460e+01 1.686598209083445710e+01 1.707015397447021243e+01 1.717954283769483581e+01 1.724468762489795637e+01 1.729646334667627983e+01 1.737634759706281429e+01 1.747118569754524131e+01 1.762258579630256605e+01 1.769624172960805453e+01 1.795014179832540790e+01 1.875992682836017877e+01 1.882479280595833515e+01 1.890417512394547117e+01 1.902523550350061043e+01 1.925123283528871454e+01 1.937177468591885798e+01 1.954696691525322549e+01 1.981040447797697368e+01 2.026299598691042192e+01 2.030245918877323419e+01 2.111896280517586888e+01 2.125778029758199139e+01 2.240813004438718181e+01 2.248535297576153980e+01 2.261009681307053043e+01 2.268705423097097906e+01 2.353349310769395686e+01 2.366205578359249273e+01
1.183730358159577056e-01 2.339348945014689263e-01 4.064278767040130358e-01 6.701436535581437592e-01 9.888663397845859349e-01 1.126063689298591797e+00 1.437934108804105993e+00 1.643620619797064419e+00 1.701949428997426628e+00 1.813211258972947437e+00 2.075530848872168210e+00 2.378388921768469721e+00 2.547844167834626639e+00 2.674793711534323215e+00 2.741859781212119263e+00 2.845386299526493357e+00 3.017808924271742743e+00 3.260558955168038509e+00 3.278110421349064385e+00 3.345802866724454372e+00 3.379878373946449521e+00 3.438705780262436562e+00 3.511466688743631437e+00 3.585772404625962473e+00 3.636732394583296113e+00 3.719623555183015018e+00 3.777529776120931881e+00 3.823589886508738989e+00 3.876173892149823885e+00 4.005864366328624193e+00 4.206273659141125165e+00 4.250676371303113044e+00 4.274209882790997561e+00 4.319402956653984660e+00 4.481960757035458265e+00 4.597297640518538842e+00 4.785423725477990331e+00 5.026812535991325603e+00 5.254394787663624555e+00 5.383713459662055278e+00 5.435626575086828005e+00 5.579857297843814123e+00 5.669378336248278138e+00 5.731656613046474114e+00 5.842833852994382404e+00 5.948761827871756225e+00 6.046309316081832641e+00 6.136004914926744824e+00 6.408887742423413414e+00 6.420604395647645291e+00 6.628040693206877165e+00 6.819119123383361902e+00 6.985780277240023928e+00 7.031869235818654751e+00 7.080062476413313099e+00 7.203357273511016956e+00 7.276389806777873837e+00 7.393360351155738641e+00 7.499917026772235040e+00 7.536496104555620690e+00 7.676269156728709575e+00 7.768313839961521694e+00 7.860572158209465421e+00 7.924390102519449641e+00 8.126878073932934043e+00 8.233223437963889779e+00 8.297487969594920187e+00 8.459084718609704012e+00 8.598801201272436856e+00 8.681085512315135588e+00 8.748033535809621952e+00 8.865782785335211358e+00 8.983716751345918183e+00 9.285047597365613470e+00 9.555654725240071201e+00 9.649925028460149434e+00 9.793633998590001610e+00 9.903899101857700060e+00 1.007865240851022470e+01 1.025642792396633673e+01 1.054667779609331291e+01 1.060938506040175966e+01 1.071380912999294033e+01 1.091991140335240118e+01 1.098463886424775460e+01 1.117339416512322359e+01 1.155847271312404878e+01 1.169932234330700460e+01 1.183800576795622383e+01 1.231702110871060007e+01 1.248613893093129334e+01 1.267902425694028778e+01 1.289112310819840879e+01 1.311106275210274319e+01 1.318463704935133229e+01 1.336413952318292964e+01 1.363987749613647615e+01 1.390420704347652325e+01 1.398000584971565807e+01 1.436770124798095871e+01 1.446888515835575717e+01 1.457048650534098222e+01 1.503889974634629745e+01 1.508043928520357468e+01 1.537204883749430984e+01 1.545672084778870747e+01 1.557261378921594464e+01 1.572220170007728157e+01 1.580226607534053684e+01 1.595609200958377194e+01 1.609817407699019043e+01 1.647661305616594163e+01 1.652715541962813006e+01 1.664714917722319143e+01 1.668374499499369179e+01 1.676226162601981784e+01 1.686675749325642215e+01 1.698851755591580215e+01 1.708342064013200101e+01 1.727152856574381090e+01 1.729930348674424323e+01 1.738260704474005891e+01 1.745716183312631742e+01 1.762060866879338406e+01 1.768608419014176292e+01 1.789290147804641506e+01 1.876211307000124862e+01 1.882594337746538216e+01 1.890514764610207976e+01 1.901607462147071814e+01 1.925029718175358795e+01 1.935984079539252534e+01 1.954400524160973518e+01 1.979172459738467182e+01 2.026556692028002615e+01 2.030743347886768646e+01 2.113744782779768983e+01 2.126144038152687799e+01 2.240598179536769408e+01 2.248351839962938925e+01 2.261195685803532029e+01 2.268683339523086673e+01 2.342173633058717286e+01 2.383215326904632647e+01
2.155748218124967364e-01 4.621243014664821458e-01 5.362451173725104603e-01 8.310873183817752974e-01 9.311508070194084441e-01 1.110792906202756392e+00 1.507070658035050581e+00 1.682240304262422992e+00 1.776204314988842237e+00 1.828486088473797899e+00 1.933449822880729085e+00 2.234735643632538515e+00 2.312827415143834831e+00 2.718738044709951396e+00 2.755303117955178127e+00 2.854052914814836139e+00 3.018215217947719520e+00 3.253204844513889693e+00 3.278152119367635287e+00 3.335416148436671335e+00 3.401986189974556041e+00 3.463427970554965984e+00 3.541845589175399045e+00 3.579745187375579007e+00 3.647382562826844143e+00 3.746289780091194288e+00 3.832717772859112859e+00 3.876125766968915975e+00 3.942294991773599211e+00 3.991669737324301082e+00 4.189324006342619811e+00 4.288284590017143572e+00 4.327572307994526746e+00 4.358238295677427487e+00 4.460470027841576979e+00 4.547514965469606096e+00 4.804344067107276572e+00 5.030646937996920975e+00 5.199679643278853902e+00 5.378552410138920159e+00 5.462889350627123441e+00 5.549086871330567661e+00 5.663184734292481259e+00 5.722585892221907500e+00 5.866447676866036964e+00 5.961542256847759624e+00 6.048297900887779299e+00 6.137545823347941187e+00 6.414509200845682102e+00 6.426790607708881886e+00 6.592388742730717510e+00 6.878062507649338464e+00 7.020874032553552802e+00 7.065345060245046938e+00 7.102218068073471891e+00 7.207142014265941476e+00 7.254664079413581490e+00 7.372409003555262075e+00 7.462379701670125876e+00 7.577447804389329633e+00 7.692565540751553854e+00 7.796782880023677365e+00 7.895750227583691938e+00 7.997495184547308789e+00 8.133103683514731230e+00 8.264551560865051272e+00 8.341206738688528688e+00 8.452003606629553190e+00 8.623825074351678666e+00 8.684003934871849850e+00 8.760017614453033730e+00 8.862959648028011728e+00 8.977992314999028167e+00 9.294571794912537044e+00 9.555738905324639987e+00 9.652017425222615188e+00 9.851835493980644287e+00 9.933829207371111636e+00 1.011019106791450284e+01 1.025957743509363240e+01 1.056967097637186370e+01 1.071293634572200659e+01 1.084888532893748092e+01 1.095657497806432268e+01 1.107440013994957262e+01 1.123627725161909829e+01 1.155992718480547232e+01 1.169491679499428294e+01 1.178246111877603930e+01 1.224599709268527192e+01 1.248842274039816758e+01 1.257967108086529606e+01 1.290590648724434608e+01 1.310032216679581829e+01 1.317810526467207666e+01 1.335059958389184764e+01 1.367916596214396385e+01 1.389687774934465558e+01 1.396737289215515965e+01 1.446370373207975746e+01 1.452791611439517361e+01 1.460080263784918486e+01 1.503609350962777214e+01 1.508847384674897008e+01 1.537957504109215279e+01 1.545929223129836672e+01 1.553263442410113271e+01 1.571921015553711776e+01 1.579760320903696247e+01 1.591906253436602547e+01 1.606234633125138345e+01 1.625238048783737455e+01 1.650130078289076607e+01 1.657464923386606159e+01 1.668047770850104072e+01 1.670242613192214520e+01 1.676878128219383157e+01 1.692253660697697626e+01 1.711018289886713362e+01 1.727309400422534935e+01 1.730539876867220883e+01 1.739381348336089772e+01 1.744100097540264827e+01 1.761613057819248951e+01 1.766084720337850200e+01 1.783215488544721694e+01 1.876347183952600517e+01 1.882741370039894591e+01 1.891598170403197088e+01 1.899166150518752971e+01 1.924295142041996343e+01 1.935068825326689179e+01 1.953756581185808727e+01 1.976985698049675833e+01 2.026934900401160533e+01 2.031388283114279147e+01 2.116455765647233989e+01 2.127017796027124064e+01 2.240050875148779497e+01 2.248014813871409245e+01 2.261555125528737165e+01 2.268624649949463290e+01 2.334446431228392171e+01 2.402165521617722987e+01
2.558439340509406357e-01 5.466456133241385240e-01 6.504120195557357986e-01 7.411243170409068659e-01 8.405344238797586298e-01 1.432963851122966314e+00 1.553344901263204347e+00 1.580122665396064940e+00 1.712956933234623946e+00 1.809505573890419328e+00 1.906121880279169067e+00 2.161806803024837187e+00 2.231329310134943622e+00 2.731085854867182583e+00 2.768616855950684297e+00 2.863705101008960696e+00 3.020165690154831939e+00 3.245530144987466059e+00 3.268770363064334106e+00 3.326370474142519740e+00 3.410108523848574880e+00 3.480138148165354384e+00 3.525647168461843783e+00 3.585835359664918176e+00 3.653621054461588358e+00 3.749841058220042100e+00 3.852969279831351290e+00 3.921528463181731983e+00 3.943136854031846106e+00 4.045060240146042929e+00 4.154033666616491871e+00 4.318714391058654734e+00 4.340912709793701474e+00 4.385357285972912855e+00 4.459007078289696224e+00 4.516740359269721949e+00 4.809391652627253322e+00 5.053494684796319802e+00 5.129220537904635613e+00 5.379545918355812084e+00 5.452431541146834704e+00 5.544536311830368547e+00 5.673934196171299682e+00 5.724128898601618332e+00 5.875806890826491546e+00 5.979354698083874098e+00 6.044814235952372883e+00 6.124079413592888876e+00 6.412436278842085002e+00 6.432985970145946197e+00 6.587140309197913268e+00 6.896787111646549562e+00 7.018198686125026065e+00 7.101887874738553208e+00 7.117788588490695290e+00 7.213259545427550101e+00 7.250313496282494441e+00 7.363868870180228399e+00 7.423347697770866560e+00 7.589495530590596672e+00 7.709516275248981643e+00 7.784398275720375793e+00 7.905813856139449314e+00 8.017958956406442184e+00 8.139686932195990821e+00 8.280920705802301995e+00 8.394371970227586743e+00 8.454742122768612589e+00 8.617074257898828193e+00 8.686064952621526558e+00 8.763939246888284629e+00 8.864961470969621615e+00 8.980419644682136493e+00 9.299503819610670519e+00 9.555622658063523289e+00 9.653164860364242372e+00 9.850905224331288679e+00 9.958297040697608793e+00 1.012705893737412843e+01 1.026141346094692253e+01 1.056989474944015228e+01 1.072268410629909319e+01 1.086631808801768528e+01 1.095635999823386797e+01 1.122664234849309928e+01 1.152950186806485533e+01 1.158242890273027115e+01 1.168878741413231559e+01 1.176133208761317839e+01 1.200587262983255599e+01 1.248395357235586722e+01 1.255084219706937354e+01 1.291505810044337821e+01 1.309133603207611607e+01 1.317703346984754553e+01 1.334334206904352449e+01 1.370270318976187163e+01 1.389044236071934613e+01 1.396089549926620066e+01 1.446396106838238538e+01 1.455678221920698334e+01 1.480512522004381104e+01 1.504194818522637433e+01 1.509702754890158438e+01 1.536857276384801807e+01 1.538982892751553777e+01 1.547197483287870412e+01 1.566399449731531135e+01 1.576738265320753740e+01 1.580861215756538130e+01 1.602744761677313790e+01 1.614209327406993211e+01 1.648734000268882482e+01 1.656050394801540193e+01 1.667817274559207874e+01 1.669473952052459254e+01 1.675781431234408458e+01 1.692638800375502228e+01 1.712519946133751247e+01 1.727071541042346681e+01 1.730749277155172550e+01 1.740085444555645822e+01 1.743549299626955218e+01 1.761218110020532990e+01 1.764718215075601648e+01 1.781664974879161534e+01 1.876359208988558080e+01 1.882759504795402705e+01 1.892759912788342191e+01 1.897406981728343922e+01 1.923815987740805156e+01 1.935086133200965008e+01 1.953417129168191124e+01 1.976345756408576193e+01 2.027097216913474043e+01 2.031596195806375960e+01 2.117434027852797129e+01 2.127517304972700174e+01 2.239728267050791644e+01 2.247861683300579472e+01 2.261730555842023094e+01 2.268587078449844441e+01 2.332367449303663776e+01 2.409649586388406561e+01
1.492477782778262041e+00 1.956208327136458092e+00 2.258294955588502795e+00 2.299964509877633567e+00 2.421948753352733963e+00 2.632436237433439352e+00 2.678118291439131049e+00 2.679106759408876215e+00 2.732313577206457733e+00 2.877626351280455186e+00 2.904626116389373180e+00 2.973351372195015774e+00 3.029046879910255452e+00 3.081237754827407915e+00 3.159242695590415817e+00 3.217899624176823625e+00 3.249458866278305269e+00 3.257928841385099972e+00 3.303931957228108729e+00 3.386622962375344770e+00 3.419685052506900913e+00 3.477166632473788432e+00 3.503426100731881210e+00 3.541382326495363664e+00 3.668571085465663462e+00 3.775587876342649807e+00 4.174012282996798717e+00 4.248661434945923077e+00 4.347999108036597171e+00 4.478562708727830355e+00 4.537858075256191448e+00 4.636133215175521904e+00 4.925546079796667698e+00 5.054859942142017282e+00 5.146979483148187207e+00 5.285107083975596254e+00 5.416650050758003765e+00 5.521615489494251072e+00 5.612414252170317752e+00 5.657564209779765818e+00 5.773197659930159986e+00 5.942616501308831900e+00 6.355106330343178733e+00 6.423889737380524600e+00 6.514698436150440308e+00 6.523159461147399973e+00 6.583932844602860435e+00 6.671077172845517822e+00 6.922883607641034942e+00 7.126067714043517576e+00 7.208197714831659830e+00 7.425287918688786348e+00 7.483988188510457107e+00 7.511798965361477620e+00 7.551896105278504301e+00 7.648759595294319702e+00 7.870070743997351848e+00 7.930234128376848268e+00 8.101288832678475771e+00 8.187305416222041998e+00 8.404577315479338395e+00 8.560120520634818320e+00 8.744848785416470704e+00 8.810339769373914720e+00 9.366582190462825253e+00 9.451300916286715648e+00 9.548273405911245959e+00 9.967533297406820481e+00 1.035435017334031649e+01 1.057912938819488247e+01 1.081294890399336772e+01 1.086164157895603921e+01 1.108481540939462562e+01 1.116443479246344417e+01 1.125112986578117891e+01 1.134675121540934484e+01 1.164146027993150057e+01 1.177159130178688073e+01 1.180461605563862904e+01 1.201813224622523180e+01 1.216365730709262039e+01 1.235528971353206984e+01 1.241649035251042932e+01 1.248669861784147805e+01 1.253719639769059668e+01 1.270018541504167509e+01 1.285364532092025236e+01 1.305777948358149132e+01 1.317214345098129158e+01 1.324091568971507016e+01 1.328419648707290257e+01 1.340851918527893893e+01 1.354156551879019865e+01 1.356722517336387845e+01 1.364929439077819495e+01 1.382859411238698399e+01 1.388688931278005789e+01 1.399275253935268282e+01 1.404225279706375495e+01 1.413026095173241359e+01 1.421000690553949042e+01 1.429919733631394152e+01 1.443255746930985772e+01 1.453135484409142109e+01 1.455985275540993307e+01 1.460992694482787968e+01 1.481441611754040544e+01 1.484624262350872925e+01 1.489058033355676969e+01 1.502827718043541871e+01 1.511823442635462023e+01 1.522390250302688131e+01 1.539589439075600019e+01 1.553161046187733696e+01 1.563648209754728668e+01 1.569074517224925458e+01 1.588616753342978605e+01 1.599335222612752894e+01 1.612774045634744979e+01 1.621494131629255975e+01 1.630060835753416271e+01 1.648502123562318644e+01 1.673172813240143242e+01 1.704251499466720787e+01 1.730497916590341134e+01 1.741513160856987597e+01 1.814365081874808538e+01 1.827292337460250948e+01 1.879677150665807162e+01 1.952682235808028466e+01 2.001826756138899199e+01 2.026014675639811813e+01 2.054526833725651258e+01 2.071831340424590451e+01 2.090993187032824707e+01 2.099922212468079863e+01 2.116556668706860123e+01 2.122854321464435046e+01 2.178291578014859553e+01 2.189886632789166043e+01 2.213100951608173972e+01 2.241333169214088628e+01 2.242514906696932186e+01 2.266357791640893637e+01
1.508000140503722664e+00 1.980650821961606356e+00 2.264190129853411726e+00 2.306003059570108871e+00 2.437959555737950534e+00 2.630325114384424179e+00 2.668447697261647100e+00 2.700876414902876110e+00 2.742881058669361938e+00 2.873907825686066175e+00 2.904564864823262926e+00 2.976944926265619351e+00 3.022997439369103923e+00 3.075117110644212115e+00 3.161754771784009765e+00 3.214532767779591182e+00 3.246717504540805432e+00 3.274814279403778006e+00 3.319756099142610495e+00 3.398741789870089569e+00 3.423619125171619704e+00 3.488297123176296477e+00 3.510259075461455325e+00 3.555192276160456633e+00 3.675281552592700951e+00 3.780848365235131681e+00 4.176612416326191735e+00 4.235761254799932374e+00 4.352562486187506074e+00 4.485624804301377111e+00 4.544424984820335744e+00 4.631466303840804599e+00 4.934406232239887835e+00 5.049564752505509624e+00 5.148867646184863922e+00 5.284098360418655105e+00 5.401991517986393987e+00 5.516207744501640420e+00 5.610249963982519184e+00 5.657239566719955981e+00 5.768455298594882485e+00 5.942467267691995403e+00 6.347422166188144921e+00 6.415748569092111886e+00 6.510360483335682957e+00 6.524498284327648889e+00 6.574496903122500235e+00 6.669653427378262833e+00 6.919822409920763917e+00 7.111775138791080586e+00 7.202015059238991768e+00 7.407536970654489572e+00 7.470778573970660474e+00 7.500229085939138507e+00 7.558828283529685166e+00 7.649155433825675310e+00 7.860808885334997775e+00 7.948136048720487956e+00 8.098555350226920524e+00 8.195218288204245027e+00 8.399604409734818589e+00 8.573072076132337571e+00 8.731202346617015664e+00 8.818650794042971697e+00 9.369588109542641874e+00 9.448109364317501147e+00 9.545628155682143401e+00 9.959608467823903410e+00 1.032906077773955822e+01 1.059410622119891521e+01 1.080509978422891137e+01 1.084041136635335434e+01 1.105453353798130323e+01 1.112939887592037813e+01 1.122655813428790417e+01 1.134634753728081158e+01 1.163070892203861995e+01 1.177001014920399058e+01 1.180845857995605108e+01 1.199680800715671936e+01 1.217005857095850629e+01 1.231969356716752628e+01 1.239827460383312996e+01 1.248388841297235707e+01 1.254131441994016782e+01 1.266936535675996289e+01 1.285191383037355983e+01 1.303075047572113299e+01 1.313701283686384258e+01 1.320240917352988497e+01 1.329187000412856356e+01 1.338493419645341298e+01 1.350859868081447068e+01 1.361262238376105493e+01 1.367860203101479755e+01 1.383309958996104960e+01 1.389492213161290124e+01 1.397098514116969170e+01 1.403652925170080046e+01 1.416048818503543849e+01 1.420648286846368968e+01 1.432059320453524265e+01 1.444249417212032327e+01 1.454065706199267360e+01 1.459990236456999746e+01 1.461331366323273606e+01 1.478731427262897213e+01 1.489387397161298132e+01 1.491473017936142043e+01 1.499364156319415997e+01 1.515603692076970610e+01 1.525128503355109899e+01 1.540270624106184094e+01 1.555108078102650637e+01 1.561945952883843347e+01 1.571398022806395289e+01 1.588405146000641643e+01 1.599996714910117213e+01 1.614596381250913026e+01 1.622502265689995227e+01 1.631375928244093743e+01 1.649555492614051033e+01 1.673416676230030120e+01 1.705556953441034196e+01 1.729754970312280804e+01 1.742603591202760072e+01 1.808142593276020804e+01 1.834255039293888956e+01 1.880182915728887139e+01 1.952806941777367911e+01 2.002235234710275336e+01 2.025101599674638919e+01 2.053846544411261021e+01 2.070917973737617857e+01 2.090611121489874691e+01 2.101207616353467955e+01 2.116864166812939629e+01 2.123103280747920607e+01 2.178190849640798987e+01 2.190660167417925663e+01 2.213712352561933372e+01 2.240703239204312780e+01 2.243442740160893933e+01 2.266416748952875082e+01
1.552978947913643992e+00 2.041177860694743273e+00 2.273278388133538552e+00 2.336721969136770660e+00 2.467461028471491513e+00 2.640574950014054512e+00 2.663989114685893167e+00 2.727188322081266048e+00 2.768729847495790874e+00 2.864198664547784823e+00 2.908953356264493806e+00 2.991358172728427078e+00 3.001308358855891534e+00 3.069708170647710510e+00 3.165088223802963618e+00 3.210104706387062468e+00 3.254049357492944328e+00 3.309888384073787382e+00 3.341020764143798782e+00 3.428790610868161615e+00 3.450054479182556921e+00 3.504467854133654026e+00 3.542451413874263100e+00 3.595431227298594656e+00 3.697070949081721292e+00 3.796661414838582882e+00 4.171693257038073810e+00 4.224306691186972884e+00 4.355404281573185266e+00 4.504674337037233300e+00 4.558560070211492565e+00 4.629577881454043364e+00 4.954574296059081284e+00 5.035097166253480694e+00 5.153113773834548716e+00 5.276988478164172491e+00 5.362204046879257113e+00 5.501454810390719707e+00 5.601087551258888908e+00 5.655893098299737964e+00 5.756238137901209306e+00 5.941892033307476062e+00 6.324411253376741371e+00 6.395636805765657407e+00 6.498940942046647073e+00 6.521805721802737210e+00 6.551920886842312441e+00 6.664405818597812114e+00 6.911041030256863671e+00 7.074480513790522451e+00 7.182140087131509532e+00 7.360920009470804715e+00 7.428891599210021290e+00 7.488031489026236720e+00 7.567025605900155050e+00 7.646822073854507629e+00 7.845639326103311717e+00 7.971701487992281621e+00 8.103991394658818237e+00 8.212817212910355380e+00 8.384069429406629581e+00 8.606870953701044158e+00 8.705427460649641347e+00 8.836175291968944023e+00 9.372222639937739075e+00 9.440703020460569306e+00 9.539690765753253032e+00 9.938285057566904612e+00 1.027086409475830564e+01 1.061884065765780072e+01 1.076979392819007586e+01 1.078736684100796239e+01 1.095986116956253831e+01 1.103822791888228316e+01 1.118550772969909701e+01 1.135232306060543195e+01 1.156391802771726418e+01 1.174587914974887859e+01 1.179647021234833559e+01 1.199909471007784312e+01 1.213955118418349421e+01 1.226852643253586095e+01 1.234674674732476340e+01 1.245556138774870192e+01 1.251036910397404078e+01 1.262322173118134039e+01 1.281668880972387647e+01 1.294897084808410348e+01 1.303500638075544948e+01 1.315932527969640731e+01 1.328368874726066373e+01 1.334441546340767815e+01 1.345562636429636427e+01 1.364558726438490766e+01 1.375646407757237633e+01 1.384105793186831690e+01 1.389052780178010416e+01 1.398513023947416656e+01 1.402508616350467996e+01 1.415988976738745819e+01 1.424800098298669759e+01 1.437993317701821638e+01 1.447472030767094253e+01 1.455964234876289431e+01 1.464143340950096572e+01 1.469198356579527420e+01 1.477328961086176484e+01 1.493818099868732041e+01 1.498056733770443927e+01 1.499605661724028849e+01 1.520582234114423059e+01 1.532159752967794297e+01 1.543412198341050079e+01 1.558782825290914431e+01 1.561285595031734275e+01 1.574618294936816909e+01 1.589154284593377220e+01 1.601753894469784001e+01 1.619761756276689013e+01 1.625355554242665690e+01 1.635118425276930054e+01 1.652541423299806311e+01 1.674653449858350740e+01 1.708901100373005377e+01 1.728342895870444806e+01 1.745126777574861521e+01 1.799224579284879155e+01 1.845397533683348001e+01 1.881713013313365579e+01 1.953207152819259562e+01 2.003434386495833763e+01 2.022625030528244494e+01 2.051883465577063959e+01 2.068304165602665989e+01 2.089868850478578466e+01 2.104031127038661708e+01 2.117742112876138805e+01 2.123870325414330651e+01 2.177989606968957759e+01 2.192655348191432552e+01 2.215530533746709096e+01 2.239663968156364149e+01 2.245261923230864909e+01 2.266715214545512325e+01
1.618933079124936336e+00 2.109034489488866626e+00 2.288293221871700478e+00 2.379032695838256828e+00 2.483937844620579316e+00 2.659299255314758081e+00 2.675774448588332799e+00 2.731655309948507693e+00 2.812393843263859772e+00 2.859334642171923235e+00 2.913841650667319261e+00 2.971607435461024682e+00 3.024090921880496552e+00 3.075941605537145129e+00 3.168242827898601899e+00 3.206658255620523423e+00 3.273835406494439049e+00 3.325291964080139717e+00 3.373282844899441191e+00 3.463766579571339488e+00 3.500825652071844818e+00 3.523934547313609666e+00 3.598194814375560657e+00 3.657831941234866324e+00 3.739723314876021387e+00 3.821151403264368085e+00 4.145310892134495440e+00 4.241491262066159784e+00 4.357259757065027550e+00 4.516970067338441197e+00 4.577114564199457725e+00 4.653893918535467300e+00 4.970707938469979048e+00 5.018109638350675361e+00 5.154875022413617280e+00 5.249704568773326585e+00 5.313375732739931578e+00 5.479224455141546990e+00 5.581968072237382117e+00 5.650644654638427689e+00 5.742109325224276084e+00 5.940710861755381877e+00 6.288970724733117912e+00 6.369565338285295475e+00 6.473658094185897660e+00 6.506246626190395510e+00 6.534237002706110076e+00 6.654360155752069517e+00 6.897465149495764614e+00 7.024536542051464494e+00 7.147339999563142143e+00 7.301456962017867980e+00 7.379764703571797035e+00 7.472815211379736589e+00 7.568512786910738477e+00 7.637351327795635747e+00 7.826758834896997641e+00 7.971460506950473146e+00 8.131671691595254714e+00 8.232846403849849892e+00 8.360563427140384363e+00 8.645647985844952643e+00 8.689086678551772636e+00 8.859811169703613487e+00 9.360396601575146747e+00 9.434747776839515154e+00 9.534309821676531627e+00 9.909053012221427537e+00 1.020154540773731355e+01 1.061314876077375224e+01 1.066875502743817528e+01 1.072525701550685895e+01 1.082549386144219739e+01 1.095582662423919018e+01 1.114213204893332154e+01 1.135824240041111111e+01 1.142470466306703081e+01 1.164703578662585315e+01 1.180662981548212187e+01 1.199107562915668090e+01 1.207237765196662416e+01 1.223840015598062614e+01 1.227844258702282687e+01 1.238827435251781850e+01 1.241662230185123938e+01 1.258511753421637636e+01 1.270659606279875398e+01 1.281699385535616287e+01 1.294919672119392828e+01 1.310261813436096823e+01 1.324355844126862891e+01 1.331056470147162862e+01 1.341099214288622399e+01 1.363839085655467542e+01 1.378876720343187223e+01 1.384441168092246777e+01 1.389813301976414550e+01 1.399718990929219764e+01 1.410560890714964799e+01 1.420219819657427784e+01 1.424413235664588839e+01 1.440845680310462562e+01 1.456175833078891380e+01 1.461277367966989438e+01 1.467833084729508109e+01 1.477052800203168381e+01 1.481705397734023677e+01 1.496668125905524960e+01 1.504917957794399186e+01 1.510659123549766569e+01 1.525582102682699848e+01 1.540653463503839404e+01 1.549854959664461163e+01 1.559796300591887075e+01 1.566138761712855754e+01 1.577258026007822345e+01 1.592489772171268747e+01 1.604829637144512233e+01 1.627430778760142971e+01 1.629784504319072269e+01 1.640763605766391819e+01 1.657104971814815997e+01 1.677751551946017727e+01 1.712968720764758501e+01 1.727555380036279331e+01 1.748132679274065282e+01 1.791608036270480397e+01 1.856695077684193507e+01 1.884314837860831915e+01 1.953945314870092886e+01 2.005324114033923877e+01 2.019179066385031263e+01 2.048785572974215086e+01 2.064357018949344180e+01 2.088921892977210248e+01 2.106518546544727144e+01 2.119183190425871999e+01 2.125143155294325226e+01 2.177799197481073534e+01 2.195169620032043767e+01 2.218550990999480987e+01 2.238470788344796958e+01 2.247450970547518168e+01 2.267513932873725579e+01
1.687425291687496998e+00 2.157316147826068509e+00 2.301719472572291814e+00 2.415070277082489891e+00 2.485047641543504326e+00 2.651939105504161898e+00 2.689485751050586515e+00 2.728420640711543665e+00 2.835892114349167770e+00 2.872102742150411281e+00 2.909350626799465100e+00 2.981864359695124644e+00 3.061357021024129654e+00 3.090418969630528867e+00 3.177384474519620028e+00 3.208382760428081237e+00 3.289002098950369657e+00 3.329048606007746436e+00 3.411348817933304911e+00 3.491564671194688607e+00 3.547055970936324965e+00 3.574782987916385935e+00 3.648397733584483493e+00 3.748288947867353116e+00 3.797779267107020296e+00 3.858426228415431147e+00 4.121571323958955091e+00 4.256113046431126534e+00 4.375073910584315939e+00 4.519329768326810104e+00 4.602158827885646453e+00 4.703588738531532698e+00 4.958671405918527952e+00 5.015834714720437404e+00 5.136308213336237216e+00 5.197741216452754109e+00 5.280320347696624061e+00 5.449653600410705678e+00 5.551820822734335970e+00 5.637472598080558228e+00 5.732712077791965122e+00 5.938765016169966771e+00 6.247655544011734285e+00 6.339358716817118378e+00 6.428470831767523208e+00 6.487944318158463730e+00 6.521184003729584511e+00 6.639656034295832399e+00 6.879432316943873360e+00 6.970883183682483164e+00 7.099224639299932527e+00 7.246641635977568718e+00 7.333879184670255569e+00 7.448485201262555755e+00 7.563714294275998284e+00 7.621064547782265386e+00 7.798995863237186299e+00 7.952463184880578240e+00 8.162764355853738607e+00 8.248661307198341675e+00 8.343424688280229873e+00 8.659424859971514010e+00 8.706486859562886593e+00 8.890476620650968442e+00 9.330662719719187592e+00 9.427783988139490035e+00 9.531047478027526054e+00 9.876984127893857490e+00 1.012960201968703622e+01 1.046977158359523408e+01 1.055921840782728616e+01 1.063028790058575801e+01 1.072985155570099103e+01 1.091676608009432847e+01 1.107617823728851825e+01 1.124360225992912277e+01 1.136970903752604833e+01 1.151311359266635570e+01 1.177546543500148779e+01 1.191270645899111358e+01 1.202218492605998179e+01 1.216232165459445369e+01 1.221703313022254278e+01 1.228882785096170771e+01 1.232536184119522993e+01 1.250409353069681551e+01 1.255450817805918007e+01 1.267892673910526824e+01 1.288499455514872238e+01 1.301166265274253320e+01 1.313519270303975972e+01 1.330730523815624622e+01 1.339873473896675549e+01 1.358860529060134326e+01 1.375494824808126282e+01 1.384469010630532360e+01 1.396090885463150855e+01 1.405050365995113815e+01 1.415898423176817111e+01 1.422660471203617227e+01 1.429881184105336622e+01 1.442539705614241186e+01 1.463846482747150723e+01 1.467061063100351781e+01 1.473392510108915410e+01 1.483597605787477391e+01 1.490702449795761275e+01 1.504030857144941180e+01 1.515040367117615183e+01 1.522541007112365108e+01 1.531820898346465221e+01 1.549123919194688526e+01 1.557180760159050159e+01 1.564065915830821751e+01 1.571358077509322193e+01 1.581769483280666755e+01 1.597385906009687240e+01 1.609825905496091281e+01 1.635316158446746115e+01 1.636991540060777339e+01 1.647700862254898269e+01 1.663059273603452226e+01 1.683016968788484391e+01 1.716183906999284403e+01 1.728704255758677277e+01 1.751222252599883689e+01 1.786137854886271725e+01 1.867093185244433329e+01 1.888106969621448883e+01 1.955073902172450317e+01 2.007544446063455368e+01 2.015446749735239251e+01 2.044660935890144771e+01 2.059561839047629306e+01 2.087439637925482216e+01 2.107040695700971611e+01 2.120889019622429572e+01 2.126811932602243260e+01 2.177601661226714214e+01 2.197538918330112878e+01 2.222743307892030273e+01 2.237354568773208996e+01 2.249630401454815498e+01 2.268967475636063824e+01
1.738367479955363892e+00 2.172898026304631358e+00 2.298428675124141840e+00 2.426499687204041411e+00 2.480129620161085402e+00 2.631089206557721383e+00 2.661789919162113272e+00 2.717598848326528316e+00 2.816012933476916391e+00 2.882828519878681828e+00 2.922464476301224412e+00 3.024200560395458481e+00 3.080776897670745473e+00 3.114905111185175990e+00 3.199970729486338872e+00 3.216534909463442560e+00 3.290380042235027336e+00 3.336361278265338459e+00 3.443087242577536067e+00 3.511095553736592656e+00 3.581476843211072847e+00 3.635292643628129206e+00 3.701216483320437067e+00 3.814750569920371426e+00 3.881541180628571119e+00 3.926682475618643586e+00 4.114754177125024448e+00 4.254287290744839467e+00 4.396933497521301248e+00 4.538343178807926037e+00 4.628324569009287792e+00 4.755196968594413320e+00 4.924674938134486979e+00 5.007475599935349742e+00 5.070784527206956938e+00 5.172094953394375416e+00 5.263992145342002438e+00 5.415475444141506500e+00 5.510445285132028026e+00 5.614851026611510143e+00 5.731228338108234510e+00 5.935078777053568899e+00 6.205345539891403916e+00 6.305202303941372932e+00 6.375976178022201957e+00 6.469131145081858492e+00 6.502554775693802469e+00 6.620020012329148607e+00 6.854484974574059031e+00 6.920638876173184961e+00 7.046141415587005241e+00 7.202004730185450398e+00 7.294035126236916078e+00 7.415495873009477101e+00 7.551066459125189922e+00 7.602914553295741840e+00 7.761255738684353922e+00 7.924812335137939812e+00 8.170574281424626051e+00 8.253231590946528584e+00 8.353266296026973237e+00 8.664028707282502850e+00 8.731645875114825373e+00 8.926472920382362730e+00 9.288599045609347016e+00 9.413351930774522813e+00 9.526347456857953588e+00 9.843623269816909271e+00 1.004805025746611058e+01 1.025971751927393960e+01 1.039924471662452099e+01 1.049978297164849295e+01 1.069546869770724129e+01 1.085968511730560415e+01 1.098305572377558548e+01 1.109496866110861824e+01 1.134569329242454749e+01 1.138148507767255957e+01 1.165402696207357991e+01 1.183497963497366889e+01 1.193374599885137322e+01 1.203590814560547173e+01 1.211530010165970062e+01 1.216815668805505624e+01 1.225827966462597196e+01 1.235539928681411403e+01 1.245259052358117735e+01 1.259113192735927989e+01 1.282035313586397507e+01 1.284861819635712443e+01 1.308042420485135438e+01 1.319799357329978662e+01 1.342258966309637458e+01 1.357291668357808945e+01 1.371895336272302757e+01 1.384564523380270273e+01 1.400066235914006718e+01 1.409499493247275836e+01 1.416048259349758887e+01 1.430990398821069931e+01 1.437823477654979953e+01 1.443400069910083872e+01 1.468284599070264740e+01 1.472025991097163455e+01 1.483874174324474460e+01 1.490329491006517060e+01 1.499262672828281318e+01 1.514862995595570716e+01 1.526675431657479187e+01 1.531983649901209432e+01 1.541376203447004478e+01 1.555772638384799755e+01 1.564210372889257172e+01 1.572426850086529626e+01 1.578872018405727040e+01 1.589021521090324462e+01 1.602591515863376515e+01 1.616851779936599698e+01 1.642312299467079839e+01 1.647081064938237560e+01 1.655480561446592702e+01 1.670502911173518967e+01 1.690070083166597215e+01 1.717800330689044586e+01 1.732494224566186247e+01 1.754429405139521236e+01 1.783079385522221116e+01 1.875753635460317881e+01 1.893273160441965075e+01 1.956570568782479214e+01 2.007820098279808718e+01 2.013476276270031207e+01 2.039594444239246585e+01 2.054397165586241059e+01 2.085022391467047242e+01 2.105073817232173639e+01 2.121402874989676590e+01 2.128546780834293628e+01 2.177358960890877881e+01 2.199478581995661486e+01 2.227426091680935372e+01 2.237190421400958229e+01 2.251568194420243074e+01 2.271019771203878079e+01
1.760211292772932756e+00 2.152750583094559467e+00 2.270608398862211885e+00 2.396394355233379070e+00 2.465351345238461001e+00 2.582767306305864263e+00 2.622057217081690705e+00 2.682300786894362243e+00 2.785117268437009574e+00 2.887275484252096902e+00 2.935160745454816311e+00 3.049471817411068653e+00 3.089767412029036819e+00 3.128232638523079423e+00 3.215201743195827522e+00 3.240548660111910451e+00 3.296157945180032467e+00 3.337505171091110778e+00 3.460932668117354893e+00 3.529064568403220914e+00 3.588849804215607620e+00 3.675214571164391764e+00 3.749726885722695524e+00 3.875051756425111904e+00 3.969182444290624279e+00 4.013871909580744912e+00 4.134733437456855398e+00 4.250018383611925188e+00 4.398142833607662006e+00 4.560185525747471047e+00 4.665384618171851017e+00 4.773999504943577499e+00 4.866466572026902249e+00 4.951500778665050895e+00 5.035037838560468160e+00 5.169434467446871295e+00 5.254535368728666889e+00 5.393968189289867432e+00 5.460890965580726508e+00 5.584870221416426972e+00 5.736429349270963485e+00 5.926481873950410595e+00 6.162353133690148255e+00 6.267466155179075571e+00 6.329098762949001866e+00 6.444935351645111332e+00 6.477063208552473306e+00 6.593107630490247395e+00 6.817474730075061551e+00 6.877945061114244751e+00 7.001203694410020439e+00 7.160551824858874426e+00 7.264760244768422304e+00 7.376208326056206133e+00 7.526165780947272843e+00 7.586901856162616475e+00 7.716247381885922962e+00 7.895997230201959205e+00 8.148310515960451639e+00 8.251324430002849653e+00 8.382889478764816715e+00 8.668918124649456658e+00 8.744459415326664598e+00 8.961631790926270824e+00 9.233518912824489888e+00 9.392463140233612506e+00 9.512554894554146045e+00 9.801166735994092605e+00 9.916953009990125523e+00 1.007539171340671835e+01 1.021620690943355036e+01 1.035045472497498231e+01 1.065639673836091816e+01 1.069218329360743169e+01 1.090862883784588533e+01 1.100495916370259586e+01 1.118659204627154757e+01 1.135974147813180934e+01 1.147769533627970162e+01 1.172108798538342178e+01 1.180295220875152573e+01 1.187062550738673572e+01 1.195475374632837884e+01 1.209495620115106718e+01 1.214895492337713101e+01 1.224619133886004363e+01 1.236780226658796344e+01 1.253257567711148646e+01 1.266904397146705818e+01 1.278463011261943549e+01 1.303045475728537639e+01 1.304936592402447815e+01 1.341647248690090066e+01 1.359807244385125813e+01 1.369677959765171593e+01 1.383442848155174865e+01 1.402788778834058547e+01 1.409462133947886997e+01 1.421362472599891191e+01 1.437653424848539352e+01 1.441084894239556036e+01 1.448322138008671445e+01 1.473394589713012692e+01 1.478093324339323544e+01 1.491820218264903097e+01 1.498765855926016677e+01 1.508064390807409616e+01 1.526190306423741738e+01 1.536162825393869191e+01 1.540210983467238037e+01 1.551721849033372180e+01 1.562873943952664035e+01 1.572499532794941324e+01 1.582635922177446375e+01 1.589084511025680335e+01 1.598426810908328477e+01 1.608377798094502609e+01 1.625369901729697375e+01 1.649895156618416081e+01 1.657404437325724089e+01 1.663884713856523589e+01 1.679537652343157106e+01 1.698333722231782872e+01 1.718849597505687754e+01 1.738252645596033830e+01 1.758038230030174986e+01 1.782211570297764780e+01 1.882271889141985710e+01 1.899693141855007283e+01 1.958278844950876518e+01 2.003267626360319653e+01 2.014968663883616173e+01 2.033842825719475300e+01 2.049334740075613581e+01 2.081344901155998883e+01 2.100810526174791448e+01 2.118826716041823133e+01 2.129473719724781233e+01 2.177160146079371472e+01 2.201208184222348407e+01 2.230154750989520096e+01 2.240559717776112336e+01 2.253157800834253877e+01 2.273677419615161810e+01
1.750310478144498694e+00 2.097346582851970176e+00 2.208272989437968903e+00 2.324437535809320554e+00 2.412121906735090082e+00 2.501666806023008949e+00 2.587768771646111521e+00 2.639568415874572249e+00 2.738430630464948834e+00 2.886017938618878009e+00 2.937991901326605149e+00 3.041115042234432408e+00 3.091407298175126162e+00 3.129597589992943796e+00 3.210113503850186678e+00 3.253404921227986524e+00 3.322197712963423921e+00 3.334445973992083534e+00 3.458543668096282442e+00 3.537612752689053952e+00 3.576533116925176170e+00 3.694274053229480437e+00 3.762986874552153971e+00 3.962817987215861315e+00 4.020326269999569213e+00 4.084245093984567809e+00 4.176325798858402827e+00 4.261471670816708190e+00 4.379527195629987268e+00 4.553811198779046165e+00 4.703356719765358740e+00 4.747634833010602406e+00 4.769695402256773242e+00 4.907511313671765407e+00 5.007644112078978083e+00 5.174009514645826258e+00 5.245705292742219861e+00 5.394424830473617760e+00 5.425574202368151688e+00 5.556430295777338380e+00 5.744587156750059265e+00 5.907629239266768195e+00 6.116434729104626378e+00 6.228669659932808855e+00 6.298812293889621827e+00 6.410124298827757805e+00 6.447491001194356919e+00 6.555596401968167619e+00 6.767765132335305189e+00 6.842146741135229249e+00 6.969763204057009887e+00 7.116622478385989936e+00 7.249039345825535996e+00 7.334292223445751269e+00 7.488238264151357626e+00 7.568583284960471502e+00 7.667135064642947917e+00 7.873584723879579528e+00 8.110694773903635024e+00 8.238406310490994144e+00 8.414367717710359074e+00 8.657819870512987848e+00 8.747509994060457927e+00 8.986161303998439820e+00 9.157173985272093475e+00 9.368321741634588307e+00 9.478586989997289436e+00 9.694283547240145182e+00 9.757493273271268919e+00 9.936771040773921371e+00 1.005522664513482667e+01 1.019172726625137315e+01 1.048236140630702984e+01 1.059392225577520286e+01 1.078229628969873133e+01 1.093120156642480545e+01 1.105849168578697572e+01 1.126800425376562309e+01 1.130252572812853984e+01 1.154366080263696048e+01 1.163007414363122827e+01 1.176968889584562739e+01 1.177787704681853143e+01 1.197946804707121871e+01 1.206225975399258843e+01 1.215940519550059840e+01 1.228943281222744410e+01 1.241727088550962499e+01 1.256871806110477507e+01 1.278389353772016790e+01 1.288103782199200076e+01 1.298692592526284173e+01 1.340289790256419700e+01 1.359904705311106099e+01 1.369784478955102358e+01 1.382306078378205783e+01 1.404072265445045176e+01 1.410197179531551370e+01 1.425070999623944346e+01 1.440302624913545770e+01 1.447617694585663450e+01 1.453426159533048789e+01 1.478730008183505440e+01 1.483954126940772511e+01 1.498109386713774782e+01 1.508848015003534293e+01 1.517260201951742893e+01 1.534326262260701945e+01 1.543428786901865735e+01 1.549337329069503255e+01 1.559967191668267184e+01 1.572662737503736707e+01 1.582398117439423757e+01 1.592694629984584687e+01 1.600185615034726538e+01 1.609981139218698587e+01 1.615592379504344578e+01 1.634820264576777404e+01 1.657431845465957920e+01 1.667247744322639136e+01 1.672971296850914413e+01 1.689786510847020651e+01 1.707394220244486149e+01 1.720626020857693916e+01 1.745523792014773079e+01 1.762244130425974120e+01 1.783108054259687592e+01 1.887065356268211502e+01 1.906560027280069392e+01 1.959856162632589616e+01 1.996061602204046537e+01 2.014977676517063898e+01 2.028307158896761919e+01 2.044832446939010850e+01 2.076185308991243517e+01 2.094350925880587155e+01 2.111374844634350723e+01 2.128990918534487164e+01 2.177297514712641302e+01 2.203273802376018509e+01 2.231195175215728099e+01 2.247373100807010715e+01 2.254384970131401644e+01 2.277294177886593118e+01
1.708689718408048730e+00 2.006115331307421368e+00 2.090024742707466743e+00 2.204924305014219765e+00 2.301776724914231131e+00 2.415632230806393999e+00 2.545133322147907329e+00 2.592603504993468366e+00 2.690025095871388494e+00 2.864355308154709068e+00 2.922612514567340725e+00 3.010939965163592635e+00 3.065023842793408004e+00 3.134821331794378274e+00 3.192898237188891652e+00 3.249000040768565523e+00 3.328528468612966140e+00 3.348234688554772021e+00 3.431119703259857268e+00 3.533541805259997837e+00 3.565387244590898508e+00 3.697465621765408716e+00 3.759970017593165181e+00 3.993035395079131522e+00 4.062125261602605342e+00 4.106968413546037588e+00 4.211995225455718028e+00 4.291262737956035522e+00 4.333775818618165410e+00 4.542633308023369842e+00 4.629129370474937666e+00 4.719917454357911879e+00 4.747570321519978265e+00 4.866129529909965612e+00 4.966888490321579752e+00 5.133014490451444978e+00 5.264407310734688039e+00 5.349495546362111220e+00 5.465474291932403084e+00 5.548103148305419730e+00 5.748551872604217294e+00 5.875462797665448988e+00 6.066283621724731567e+00 6.194577418063724750e+00 6.286648172494513354e+00 6.366736512863071518e+00 6.414460016878816617e+00 6.509996883821614233e+00 6.710613846588351805e+00 6.810795362949975562e+00 6.944356172471969124e+00 7.073731075963960002e+00 7.242637175929392157e+00 7.295177228999342844e+00 7.440359613087666801e+00 7.539723121172897891e+00 7.618769220485843263e+00 7.857627852997215889e+00 8.064156304814581233e+00 8.215643699507198860e+00 8.433832644260416345e+00 8.615850209550510286e+00 8.734811154375229592e+00 8.978135054428454609e+00 9.061191603970032205e+00 9.335806814892137595e+00 9.411859466012820974e+00 9.500353941960952397e+00 9.648538027900203318e+00 9.798398465485572473e+00 9.936340447206893245e+00 1.003149740207608431e+01 1.028853303860891799e+01 1.048528368205967709e+01 1.060770158310381284e+01 1.080870531354471709e+01 1.098022775582952804e+01 1.105884348853204813e+01 1.115266460873337451e+01 1.136488696570518897e+01 1.146774925630289665e+01 1.164049264429706909e+01 1.169567135508117950e+01 1.186437546997798620e+01 1.191383185553186586e+01 1.208455887081694513e+01 1.220538102081210674e+01 1.229488599745534216e+01 1.252137713437479327e+01 1.271662355751735163e+01 1.282240221906783795e+01 1.294142797258733779e+01 1.339262807681954115e+01 1.358281877949202610e+01 1.368128547392507777e+01 1.382268590856328139e+01 1.403114997359864446e+01 1.413013539798042650e+01 1.426425572978206269e+01 1.444052017807743304e+01 1.453832096035426780e+01 1.458646404872787983e+01 1.481843735028749265e+01 1.489653576511879329e+01 1.505427747475093980e+01 1.517918043401785688e+01 1.526943664843627069e+01 1.538960287554650463e+01 1.551568680833138814e+01 1.556659651127798227e+01 1.568557144739942188e+01 1.581812944192068215e+01 1.593212051714785460e+01 1.601767025042124715e+01 1.611715740321859869e+01 1.622708617606729220e+01 1.624952918321263695e+01 1.644679983844119064e+01 1.664559592003372046e+01 1.675920348749959388e+01 1.682877885087186698e+01 1.699938524338188017e+01 1.716575682801497038e+01 1.724926212814673931e+01 1.754232932429845349e+01 1.766873950535541837e+01 1.785662269486726217e+01 1.890785207719231664e+01 1.912825925170984220e+01 1.960637906696042165e+01 1.986078121776790084e+01 2.010208148719191712e+01 2.023947830481064614e+01 2.040614001043384107e+01 2.068769425358299330e+01 2.085273229852327148e+01 2.099798449825157576e+01 2.127373671017171830e+01 2.178237858036940366e+01 2.206315560851448510e+01 2.233056940626144282e+01 2.254019772940019806e+01 2.256518193406938977e+01 2.282381295944932020e+01
1.628135300003959340e+00 1.852055920378407272e+00 1.900965709775260359e+00 2.033471584169140645e+00 2.181357852809323372e+00 2.314409975649153850e+00 2.476957080246313669e+00 2.529058334979609413e+00 2.663579510323096144e+00 2.802439132614119366e+00 2.879643783611797403e+00 2.954717862877260348e+00 3.026837591812939543e+00 3.127071165396014152e+00 3.171828934566102820e+00 3.240128484093238725e+00 3.321043620077205105e+00 3.337316816858199253e+00 3.420762734995039356e+00 3.507354684003998635e+00 3.562973966340414744e+00 3.687031926998734388e+00 3.746618062981783570e+00 3.968641758588397739e+00 4.023129675389570892e+00 4.110135856394923515e+00 4.206235821282802156e+00 4.280602094690785009e+00 4.308063105013606453e+00 4.512404407524970296e+00 4.580396044608050055e+00 4.694036562198361295e+00 4.741066912268670386e+00 4.820104347148123303e+00 4.918188408507492504e+00 5.072186973509722030e+00 5.260689955172681564e+00 5.306407024511512027e+00 5.509876428565496198e+00 5.570354444864489274e+00 5.737071828672435814e+00 5.836093518860366203e+00 6.013149403958017558e+00 6.165583979419260174e+00 6.264637295144305007e+00 6.335123650550230856e+00 6.375281128593313085e+00 6.478095310650894056e+00 6.651350785807405686e+00 6.780845791802003752e+00 6.916088541817695834e+00 7.037444329533201426e+00 7.228571648824560825e+00 7.271080698021769706e+00 7.389231626295185151e+00 7.497432902754651352e+00 7.575980997151840590e+00 7.837126641649032166e+00 8.009858227196584579e+00 8.187739488012658384e+00 8.427844217294900631e+00 8.541904645479203140e+00 8.675802937756094124e+00 8.881432367026276253e+00 9.006569575842492625e+00 9.247888969662424685e+00 9.314469756493547692e+00 9.351202554879010975e+00 9.534251764491401104e+00 9.681558928841605294e+00 9.818734578091742549e+00 9.869643547841896236e+00 1.012194641095789827e+01 1.033191680287021796e+01 1.041808388804708763e+01 1.065945868279184694e+01 1.081578259709607792e+01 1.091206763892297360e+01 1.097256645025088595e+01 1.119801350582926247e+01 1.134803311896922651e+01 1.154324637163979972e+01 1.161474172585096376e+01 1.173387583558246661e+01 1.179103380934972201e+01 1.194673326006717140e+01 1.212047139790063355e+01 1.223679254489431756e+01 1.245906558753075188e+01 1.259141023691358008e+01 1.285572708428934341e+01 1.291332707796655299e+01 1.337837813492479100e+01 1.355646330119208187e+01 1.365315042524785483e+01 1.381311734279174175e+01 1.401558903225623709e+01 1.416186977812400372e+01 1.426762003099405440e+01 1.447496118370754203e+01 1.459120297868070182e+01 1.464999002057614597e+01 1.483794922088427448e+01 1.494193623680275884e+01 1.513379200643993272e+01 1.524797886324268958e+01 1.537127492670404472e+01 1.543011572757123417e+01 1.558364370644332197e+01 1.563692466916910995e+01 1.576791031965581347e+01 1.589502971939559473e+01 1.603228233579592299e+01 1.610730270011080734e+01 1.622933427287219033e+01 1.633218149714098999e+01 1.638527723229335464e+01 1.654219552378671310e+01 1.671419542982058104e+01 1.683488693949845327e+01 1.693027663244353676e+01 1.707925357615748041e+01 1.724429570822860569e+01 1.734543919513845012e+01 1.763812934528713328e+01 1.771461139542568475e+01 1.790525710964508121e+01 1.893694461667040940e+01 1.917241077932137472e+01 1.959142745295894983e+01 1.972541499239548557e+01 2.001344470649475937e+01 2.019429337633744481e+01 2.034176499399139715e+01 2.054689630053724514e+01 2.074777017234784537e+01 2.091609545286946314e+01 2.125260985821213566e+01 2.180462214098070817e+01 2.210720281854399261e+01 2.236198188566376643e+01 2.255572545993649314e+01 2.263965691950841119e+01 2.289161393370683228e+01
1.433048390223616408e+00 1.599249935741968054e+00 1.678778031465940623e+00 1.858884937873910959e+00 2.047883189464193787e+00 2.198889617136494667e+00 2.378909144358304140e+00 2.455949198005628720e+00 2.626343639936288721e+00 2.716364996405179255e+00 2.799825320491607261e+00 2.857779204778737370e+00 2.984114694645211063e+00 3.070013475770585476e+00 3.172023009674996619e+00 3.231863312600828486e+00 3.307639763485611173e+00 3.325885803402005347e+00 3.421975918939303085e+00 3.456446168841266875e+00 3.560592136336733216e+00 3.662171795611879777e+00 3.725558043980786938e+00 3.878194183236206349e+00 3.974149163472403323e+00 4.054184301663574352e+00 4.142336188146359177e+00 4.253447242705472142e+00 4.291227849991618548e+00 4.470721408870792501e+00 4.556142573087816672e+00 4.669332177814889739e+00 4.727002032330738679e+00 4.792915127535026798e+00 4.866284745616703766e+00 5.005171887796788788e+00 5.223817717944426953e+00 5.274752024687305862e+00 5.526813216514781857e+00 5.604036683907482441e+00 5.708339754308698666e+00 5.796460680700202595e+00 5.957486386412653268e+00 6.134992117317749738e+00 6.213646253394316865e+00 6.301804997002196984e+00 6.338911071939606678e+00 6.493866004751971843e+00 6.594701062898803201e+00 6.754564997732978249e+00 6.880957404028736235e+00 7.005194199766861196e+00 7.187883555590079077e+00 7.265340949073258336e+00 7.352169502119165756e+00 7.448892744696623325e+00 7.537772689065871390e+00 7.795078286380338284e+00 7.954243941343855262e+00 8.149726068048323668e+00 8.365242410416204422e+00 8.453384014010344671e+00 8.557809445848786112e+00 8.765090241730598919e+00 8.932768076004956370e+00 9.109316318735656282e+00 9.172896620267861678e+00 9.281197363879931217e+00 9.432884529466946333e+00 9.565154611708523547e+00 9.687818908062661549e+00 9.729716244496133370e+00 9.968189576911605343e+00 1.012519668883923174e+01 1.025758283493031264e+01 1.047909990972998351e+01 1.063884569557846405e+01 1.073187495307846184e+01 1.086236720806308753e+01 1.104050668534575408e+01 1.126251672411158467e+01 1.143388507054636172e+01 1.151532054724632559e+01 1.160841751925601528e+01 1.172304821631088778e+01 1.179851988956924913e+01 1.203188639525854065e+01 1.219728338408560653e+01 1.236648394281191266e+01 1.251703204320791407e+01 1.286121555342846712e+01 1.291635107012358574e+01 1.334861618533408922e+01 1.350358342957121849e+01 1.364118425389978206e+01 1.378402061781558707e+01 1.399607321963120832e+01 1.418309741298427262e+01 1.427234344068371996e+01 1.449942692750560980e+01 1.463557662415704996e+01 1.471153070618962033e+01 1.486223044102016821e+01 1.497815525416850946e+01 1.520431487671243787e+01 1.530509576545293093e+01 1.545406906774386790e+01 1.547850569742482030e+01 1.564247339163368089e+01 1.570837545790990930e+01 1.583864040200259282e+01 1.596030877617539367e+01 1.611555961996609909e+01 1.620005313632854538e+01 1.633217112026866502e+01 1.642386530875892703e+01 1.653618546166321224e+01 1.662564387404190924e+01 1.678446721802955821e+01 1.690453982735062155e+01 1.702628043189911011e+01 1.712961610518462763e+01 1.732220543499962773e+01 1.747864947517094336e+01 1.771218574744400698e+01 1.777271625238233099e+01 1.798776281521058351e+01 1.894933862938399471e+01 1.917300704532748057e+01 1.947951185673616692e+01 1.958088880181233193e+01 1.991892436186263993e+01 2.014100177977401884e+01 2.023817727325247517e+01 2.034920182903467989e+01 2.065849962529117789e+01 2.091288320288233038e+01 2.123252963602119792e+01 2.184263108513505358e+01 2.216418110288635646e+01 2.240063327679683525e+01 2.256703832520068431e+01 2.272455870887206331e+01 2.297392486737810557e+01
9.367088496655888719e-01 1.333310015154391515e+00 1.440582994899757052e+00 1.693564986441099540e+00 1.889311690617004658e+00 2.077557803468807140e+00 2.259111355673562471e+00 2.367420062089542476e+00 2.517625582674412055e+00 2.630884112829911192e+00 2.678138162727436544e+00 2.770696129530344276e+00 2.867152275339725609e+00 3.054141547755354402e+00 3.152561950021228743e+00 3.237893922031971794e+00 3.277195043723630352e+00 3.326089464282282915e+00 3.379503235549003559e+00 3.420818958718070402e+00 3.540140433921346919e+00 3.626750326157311299e+00 3.701169850608193812e+00 3.788048340615063125e+00 3.907933458244135405e+00 3.958435398663328275e+00 4.067609410480768517e+00 4.227121269664539938e+00 4.270409075988282233e+00 4.404484931479207610e+00 4.500371885458536170e+00 4.628484114274137085e+00 4.694389701902088596e+00 4.773343818044740061e+00 4.837025071666522180e+00 4.951263038802530936e+00 5.176986280854051437e+00 5.240214119093582923e+00 5.501269102402397415e+00 5.615019745657614969e+00 5.683062759116382701e+00 5.757840870397418875e+00 5.897514708042854714e+00 6.091594698855757883e+00 6.166489774551750180e+00 6.247418721660853436e+00 6.314990925370694619e+00 6.504385682205738206e+00 6.579901046109532636e+00 6.739898152137050680e+00 6.833118282178165970e+00 6.967704661106027153e+00 7.129853219220226634e+00 7.254377408084748957e+00 7.348036473688215331e+00 7.401256780940691726e+00 7.505039991230428420e+00 7.722390551692335237e+00 7.900370915624242762e+00 8.081286570300440175e+00 8.212573832233662330e+00 8.372568078152381688e+00 8.455103884581724571e+00 8.639505705780615941e+00 8.790701515923350584e+00 8.994520038551385710e+00 9.057797844466980663e+00 9.160492323652537294e+00 9.334443466281591384e+00 9.425626520457726087e+00 9.567204612510687767e+00 9.647119620436670928e+00 9.801824875313032592e+00 9.896022542638140962e+00 1.011720725215905325e+01 1.029666644831133304e+01 1.048403896251942058e+01 1.058043787022498350e+01 1.076058059378163101e+01 1.090115984338186017e+01 1.117616939633495399e+01 1.131456343912714857e+01 1.135744579126640375e+01 1.156519005073000272e+01 1.162058569692303323e+01 1.171580776160237747e+01 1.194206723652002999e+01 1.214586102030555637e+01 1.227732882219034849e+01 1.248152993311466119e+01 1.283333947350803328e+01 1.293761107106116093e+01 1.328926343273190724e+01 1.343451608934497976e+01 1.362279168077430747e+01 1.375048136036302004e+01 1.397371381752170016e+01 1.418655726764314728e+01 1.428001371896236371e+01 1.451509419663596212e+01 1.465738218847914176e+01 1.476413469676767498e+01 1.489714583821065830e+01 1.501186968745842698e+01 1.525429234666607847e+01 1.536481169718586948e+01 1.548445411644322967e+01 1.554493184728862332e+01 1.569646240974817353e+01 1.578150907331312780e+01 1.589928886113509421e+01 1.601746675921024021e+01 1.618100955176594269e+01 1.629179690402455449e+01 1.642216633974584639e+01 1.650304582117581731e+01 1.667171831452908037e+01 1.670210770577117998e+01 1.685789543076645103e+01 1.697363779444563647e+01 1.710801673286660574e+01 1.716668675072891048e+01 1.739951204297559073e+01 1.761974388718814311e+01 1.773852717460959383e+01 1.785783901381516259e+01 1.810400845072874176e+01 1.886488574812905838e+01 1.909571574549859463e+01 1.921363790667471960e+01 1.953745743147139535e+01 1.985791910882489120e+01 2.007578586526984665e+01 2.013201390786587197e+01 2.017915220227191497e+01 2.057778740821439101e+01 2.095554124977573807e+01 2.121787355327228042e+01 2.189671502954174898e+01 2.223040624555906675e+01 2.243984408934367991e+01 2.258051190168300693e+01 2.281876296706472473e+01 2.306588705727812183e+01
-5.868289855785765452e-01 9.135490744200731594e-01 1.229897204352579099e+00 1.501060615673567300e+00 1.723754991790580338e+00 1.949486960940006508e+00 2.116335832707119113e+00 2.257168337017491311e+00 2.349635129320275073e+00 2.450200786952669851e+00 2.610387103939135756e+00 2.688151641055477548e+00 2.739901364742916900e+00 3.049876385667241063e+00 3.120816636759391027e+00 3.218042293903076612e+00 3.242179583989045710e+00 3.285050358793024650e+00 3.339497827800554930e+00 3.404363745913095762e+00 3.500095201147345847e+00 3.601272319349876128e+00 3.667116656271749431e+00 3.736626938870011738e+00 3.801449355628879090e+00 3.877291864193779691e+00 4.025678509105067526e+00 4.171125554735973573e+00 4.239006581965719889e+00 4.320328459741278770e+00 4.429791323073005493e+00 4.575930777347993583e+00 4.646307724258112337e+00 4.699207206628112310e+00 4.805033293480151180e+00 4.947225404145485506e+00 5.134337088419711925e+00 5.194088420384464833e+00 5.447237263215661152e+00 5.565197501504243860e+00 5.668055683874496431e+00 5.740007428714158699e+00 5.839181884853389626e+00 6.034638690637424752e+00 6.130534575247544637e+00 6.191705697116880458e+00 6.298389560972752044e+00 6.454403416579792996e+00 6.623748722364618757e+00 6.728724297560311207e+00 6.773250784544227798e+00 6.922562925674762724e+00 7.075700588717347195e+00 7.239898594380593799e+00 7.338833618655019819e+00 7.370732385938238096e+00 7.484838324240362439e+00 7.630312401537755918e+00 7.832798761404019317e+00 7.946736997196476082e+00 8.061477148882779886e+00 8.286438426896552301e+00 8.389040551281636837e+00 8.494072716740655338e+00 8.635890312622288789e+00 8.872480700491845340e+00 8.918090184975126178e+00 9.033901339373116457e+00 9.197035467790906083e+00 9.302983420678721416e+00 9.473131748917911210e+00 9.564555745680628718e+00 9.638595909110865279e+00 9.702720396604659570e+00 9.979998199980729012e+00 1.013056869756116996e+01 1.035840350514835784e+01 1.047069907873849637e+01 1.065209401192490013e+01 1.078061431694236205e+01 1.106244355494065879e+01 1.115206999008582045e+01 1.125126475004056559e+01 1.146878617979722570e+01 1.158182127036392828e+01 1.165816412304828376e+01 1.186426058803074923e+01 1.206883695479847241e+01 1.222809043687575858e+01 1.246111934804299004e+01 1.279068904608826784e+01 1.295181900140363318e+01 1.318502338991504352e+01 1.336925374490974860e+01 1.357081047046549394e+01 1.372898008482265375e+01 1.395207322279767048e+01 1.417412327618915491e+01 1.428242775265646358e+01 1.452053105634462149e+01 1.465181301029120675e+01 1.480199740006563047e+01 1.492717334380165894e+01 1.505058588321577417e+01 1.528426574492195478e+01 1.542046838913207196e+01 1.549623466715411801e+01 1.559214041253741456e+01 1.572838370582450906e+01 1.585504996991851456e+01 1.595693366087456333e+01 1.607096365717371711e+01 1.623159450229528389e+01 1.637540893632214534e+01 1.649868435764364705e+01 1.656555517349078954e+01 1.672804439134120003e+01 1.682384347187405993e+01 1.692903748152156496e+01 1.704730324568723887e+01 1.715856349160626237e+01 1.721492361059708642e+01 1.746487177280269165e+01 1.770470431475917295e+01 1.779005411739783327e+01 1.792950913641514887e+01 1.823075462545119052e+01 1.854170230655800822e+01 1.893745658464828097e+01 1.913650192571704167e+01 1.953379733599986778e+01 1.978734701679828945e+01 1.998612711084680527e+01 2.002653283376745108e+01 2.011018600230056563e+01 2.050808114400822646e+01 2.100601827588538129e+01 2.121296750716111745e+01 2.196483466816583174e+01 2.230090908336070044e+01 2.247569842832846376e+01 2.259471077929977767e+01 2.292502143779461932e+01 2.316315475123199619e+01
-1.148982798777633096e+00 1.997585815869404591e-01 9.779527443246454066e-01 1.270584031593554153e+00 1.563679727559604160e+00 1.812237821443652752e+00 1.941000770683712018e+00 2.069992660216393165e+00 2.184537456133798461e+00 2.295433981790579114e+00 2.497130491912370687e+00 2.607526707485481321e+00 2.656079889411360639e+00 3.024420217746332629e+00 3.088057473365688921e+00 3.145336746575346787e+00 3.193598096924165297e+00 3.244779881865781146e+00 3.334369538905607389e+00 3.390768035492008892e+00 3.465733459384127357e+00 3.563911971421120484e+00 3.631434374679996857e+00 3.664038311599355779e+00 3.748107787805369462e+00 3.822832677157419923e+00 3.987688613791744885e+00 4.102878525184727287e+00 4.167066689815957403e+00 4.248784454860951243e+00 4.363337633486503719e+00 4.525566038836426053e+00 4.568498566564119123e+00 4.616380110710944784e+00 4.748568170107767550e+00 4.947408928545069529e+00 5.075602484574814000e+00 5.156129305768240023e+00 5.388830782928404339e+00 5.477465573702960278e+00 5.644896375372204567e+00 5.740173089419399410e+00 5.791263577146440689e+00 5.975494143473572883e+00 6.096823189473678184e+00 6.140380162731824853e+00 6.285579389756075663e+00 6.399985951589804323e+00 6.599457690199212578e+00 6.681604998794152372e+00 6.774018267226965762e+00 6.884996658140634551e+00 7.040596348437413887e+00 7.212097366996832903e+00 7.270787817267970965e+00 7.381292447894448827e+00 7.457811373367623453e+00 7.560925306120254596e+00 7.719606284860871526e+00 7.806439084181975296e+00 7.947847589530363521e+00 8.202857786645363802e+00 8.322405611398952630e+00 8.349108765605006255e+00 8.495110183140077709e+00 8.719961676348907176e+00 8.754926958327667208e+00 8.918090070841778072e+00 9.054456941346725074e+00 9.203191475645731146e+00 9.340948211342100294e+00 9.431641617205613670e+00 9.484958994595999116e+00 9.636048888519463063e+00 9.848911393457276731e+00 1.000117930059850480e+01 1.025021548976569719e+01 1.039190938979237444e+01 1.052533584720337245e+01 1.067608462384072077e+01 1.093165530051932954e+01 1.099356337389857785e+01 1.114660775511230817e+01 1.137330197153477762e+01 1.156060854733172327e+01 1.159397293435992360e+01 1.180380950908792670e+01 1.198551644160895968e+01 1.220889179859126905e+01 1.244351699076183237e+01 1.273491459924262337e+01 1.293149272343752898e+01 1.306200090058904983e+01 1.330611444148990330e+01 1.350103590001358533e+01 1.370918063906008655e+01 1.393240141485470751e+01 1.414691234229998784e+01 1.426950479493247492e+01 1.451311327633334969e+01 1.462573589510636829e+01 1.478751439584720195e+01 1.495012542586562354e+01 1.509210068226934887e+01 1.529543762345942426e+01 1.543018763545260619e+01 1.552330022531141829e+01 1.562447506002761344e+01 1.573076637746640394e+01 1.590721229587276220e+01 1.600961721517364467e+01 1.613732303331441997e+01 1.627394207194964793e+01 1.644533985776426022e+01 1.656247958237570117e+01 1.661355038380910898e+01 1.676011231003317903e+01 1.693016087254109436e+01 1.699245915508763360e+01 1.712040647050931597e+01 1.719252224460279521e+01 1.726547743467346407e+01 1.750725229403003169e+01 1.768983258670836989e+01 1.780900969744973850e+01 1.799463663273256131e+01 1.823598093782561946e+01 1.843971431408307282e+01 1.875348727826301953e+01 1.914947390207954925e+01 1.952522283251396829e+01 1.967582507115803381e+01 1.991076145463187430e+01 1.993722096737362293e+01 2.011162655419048306e+01 2.045036750130698167e+01 2.104179514065707224e+01 2.122226770430358656e+01 2.204295291104675059e+01 2.236995394114432401e+01 2.250670003442506939e+01 2.260838058467695788e+01 2.304151867914606555e+01 2.326258805036209409e+01
-1.352015212238543818e+00 -6.886014224098108150e-01 6.902439822608197328e-01 1.028793335053292957e+00 1.396458228227506870e+00 1.638868903690045009e+00 1.719809338710366564e+00 1.872317419277798045e+00 2.070149017387052925e+00 2.163562420910718487e+00 2.364286088806281771e+00 2.524759529641739775e+00 2.611871718608249626e+00 2.954411013205314962e+00 3.034986623337422085e+00 3.097695781438048357e+00 3.143759323772879366e+00 3.219763333586722176e+00 3.334330374499993699e+00 3.377220490705255873e+00 3.426009920025452793e+00 3.496465883751255888e+00 3.573772638878621510e+00 3.648179331731005615e+00 3.727456609964099332e+00 3.787266606378792755e+00 3.935276764842091435e+00 4.035873463187374277e+00 4.079805307547777815e+00 4.187293652457940496e+00 4.308864387016552833e+00 4.460957556853582417e+00 4.483969181865918863e+00 4.538283672831417093e+00 4.699126996364088704e+00 4.892594004871258839e+00 5.011911597579961075e+00 5.124440635742724126e+00 5.330379345754702847e+00 5.406056979557855691e+00 5.605350766291934406e+00 5.736577712128873685e+00 5.762837196894817993e+00 5.921038086689426549e+00 6.050795189119638984e+00 6.111181469045654069e+00 6.268604136679623018e+00 6.341674000716333026e+00 6.475839845930060790e+00 6.662911830749196795e+00 6.773258421871313217e+00 6.882009319787136370e+00 7.020375119615617443e+00 7.138720152178374079e+00 7.200541523358847229e+00 7.367506974647660023e+00 7.412708552061660683e+00 7.538071158210141398e+00 7.608437129125200649e+00 7.712085188904639566e+00 7.853682702219228595e+00 8.099880203841372861e+00 8.211940308089877405e+00 8.250760419049692374e+00 8.373939082609714646e+00 8.565793292533081527e+00 8.601657420326175085e+00 8.799149610250251996e+00 8.935714037362796347e+00 9.108504665268354117e+00 9.164441001146895971e+00 9.301739211704793675e+00 9.384656592182301083e+00 9.563888068258373565e+00 9.777049844370079512e+00 9.900861311799895148e+00 1.015886565230733396e+01 1.030483088342517028e+01 1.038621761469174487e+01 1.058217839480848355e+01 1.080539834260282639e+01 1.086290926037179183e+01 1.102890350301307087e+01 1.129277852669233795e+01 1.146402669113106043e+01 1.158091773860770779e+01 1.174419159755621678e+01 1.191275990366912474e+01 1.220036976048077015e+01 1.241240681054985195e+01 1.265702933006380349e+01 1.280565885669878412e+01 1.301812650379341463e+01 1.323879902809887277e+01 1.343897311906414060e+01 1.368227212622301892e+01 1.391187495024282050e+01 1.409476566537625075e+01 1.422609421285634390e+01 1.448361317113367441e+01 1.457568199684749466e+01 1.469455338418283574e+01 1.498093380471756220e+01 1.511467537072667255e+01 1.529077108996575696e+01 1.541370503497658717e+01 1.556369184123579608e+01 1.564839538418332943e+01 1.572450793771753474e+01 1.593445778758897013e+01 1.604030815047639180e+01 1.623137201603391588e+01 1.631824323727228787e+01 1.650065798005165263e+01 1.661365326286519917e+01 1.666035220501018799e+01 1.678117572858732842e+01 1.700200121289870125e+01 1.704893245968379745e+01 1.716743426639071757e+01 1.724262735959828063e+01 1.729720667708302884e+01 1.750690143012693767e+01 1.761968637888928058e+01 1.773306334343410384e+01 1.812596868829102803e+01 1.824080457634754282e+01 1.855621341521926837e+01 1.860816156580189684e+01 1.917348193232821174e+01 1.945088377098222665e+01 1.960321815323616690e+01 1.984162234535054381e+01 1.987105334503836929e+01 2.014058986978069044e+01 2.040412869938630536e+01 2.105858755207464839e+01 2.124252438200129944e+01 2.212558740749918940e+01 2.243106615585297803e+01 2.253211981003545006e+01 2.262221204398301566e+01 2.316233377955122563e+01 2.336119895950745473e+01
-1.315839312128485927e+00 -8.099933791925182369e-01 4.023664131280782486e-01 8.193846955845096591e-01 1.196456258276058504e+00 1.370745790965076427e+00 1.580591994132383604e+00 1.733129671403218053e+00 1.964303947662288552e+00 2.048681420457229230e+00 2.247139844401014663e+00 2.454144610701604279e+00 2.592213882754074383e+00 2.866782880640963427e+00 2.959683105084295995e+00 3.055204281961367396e+00 3.122067493083692913e+00 3.196241517433916268e+00 3.330162401292883878e+00 3.354264202123468319e+00 3.380033329111589602e+00 3.433098151263370035e+00 3.563477553435068668e+00 3.634886045359832174e+00 3.709230013393038927e+00 3.761658109662083582e+00 3.876328745666450803e+00 3.961980028500673878e+00 4.010870833317425443e+00 4.132156367726612878e+00 4.264638069861208969e+00 4.370853262275000262e+00 4.422522632010028154e+00 4.465947303138927182e+00 4.660090301142775893e+00 4.799179661199779012e+00 4.948173441829111674e+00 5.089243984649248986e+00 5.268051411577155285e+00 5.379494833119443875e+00 5.554087823045451344e+00 5.714032084168339409e+00 5.761351816535766446e+00 5.871821185000744237e+00 5.997207788814993279e+00 6.105713270111421842e+00 6.214871527250042327e+00 6.273139114763841562e+00 6.374783464137767197e+00 6.612889306674223810e+00 6.749304472340201144e+00 6.907940745066502686e+00 6.993056852440641791e+00 7.052625405254915769e+00 7.153906391843391610e+00 7.315500196181565329e+00 7.363048091505259407e+00 7.510765060845962182e+00 7.564721272721124379e+00 7.656564681171471598e+00 7.780324958584308170e+00 7.975508816765819020e+00 8.069555501706757283e+00 8.192227096144122811e+00 8.263434716637670263e+00 8.436064421747923703e+00 8.484898743307931923e+00 8.687341393173037218e+00 8.837188935122185285e+00 8.969746286549312941e+00 9.049226778089881407e+00 9.181881810880215156e+00 9.295399991062543776e+00 9.462662156364826771e+00 9.747693181558451769e+00 9.834723432943366817e+00 1.007025011846967288e+01 1.017522335427572600e+01 1.025988332481636434e+01 1.050746307165277926e+01 1.069097472500930301e+01 1.075978749036616833e+01 1.091933296176721058e+01 1.120919127311839070e+01 1.134126230646869971e+01 1.157064428103386611e+01 1.165968482759361535e+01 1.184999047049402066e+01 1.215851613200574199e+01 1.233641743037845018e+01 1.255256956746086061e+01 1.271462692576817055e+01 1.299127316297949264e+01 1.318958276320165446e+01 1.339200779766982841e+01 1.364607460692634966e+01 1.386557215486668504e+01 1.398647548568665400e+01 1.414601939862029489e+01 1.440872054954634329e+01 1.452424112506422915e+01 1.462601386754077204e+01 1.501227639444015693e+01 1.510488477750896408e+01 1.530465480900465991e+01 1.541606816236918753e+01 1.558496303506854908e+01 1.566876105545034115e+01 1.573496225680706218e+01 1.594781090285707315e+01 1.606053938340544818e+01 1.632411828364920225e+01 1.637609011389243108e+01 1.654660158298116457e+01 1.665405485358114390e+01 1.671062072006848354e+01 1.679292659505437157e+01 1.703504794975601655e+01 1.709647654324020394e+01 1.720060855901526153e+01 1.727933413273604657e+01 1.731653885443257224e+01 1.748563710547266226e+01 1.758192981940763033e+01 1.771640677230310601e+01 1.821811664068932757e+01 1.827175792091448159e+01 1.853732748782044126e+01 1.870889752421914665e+01 1.919190739537787493e+01 1.934000617126002552e+01 1.956033239296701609e+01 1.976754942983103547e+01 1.982976804405369720e+01 2.017843582713208050e+01 2.036811489892698290e+01 2.106712281570311873e+01 2.126178360444373538e+01 2.220674423513584372e+01 2.247654404714003107e+01 2.255303154077357775e+01 2.263792378546174788e+01 2.327910765988912800e+01 2.345493284070273887e+01
-1.045241388751430245e+00 -7.418533885272519113e-01 2.487530557136435894e-01 6.922049287294677056e-01 9.201799329481146206e-01 1.192066083043227032e+00 1.476780745098087433e+00 1.638731365543691698e+00 1.863385325867340958e+00 1.952038126352214853e+00 2.167681000857038853e+00 2.411093091681081546e+00 2.596092092892114511e+00 2.785736794676806127e+00 2.888367165556098293e+00 2.997122838764717301e+00 3.093122044549846184e+00 3.192510165163951807e+00 3.286561544016753267e+00 3.336432054011524873e+00 3.371696770233735485e+00 3.406927086034563512e+00 3.569623579031198535e+00 3.612522686148808226e+00 3.677515852981525502e+00 3.749539677884072830e+00 3.828641954249219381e+00 3.891054836514996396e+00 3.943834381118924703e+00 4.093608522535617134e+00 4.230058073071649716e+00 4.299922561523644049e+00 4.351577262768948628e+00 4.408967807472962797e+00 4.614626758194934730e+00 4.724470269396545241e+00 4.871480115595856475e+00 5.059148997237842060e+00 5.226894361598687588e+00 5.374614197763863288e+00 5.502856089233550740e+00 5.684881846143841067e+00 5.763572874221406295e+00 5.825551182672122685e+00 5.949018469094003336e+00 6.093698604797032736e+00 6.113347583943967045e+00 6.197318581177349905e+00 6.347407651198521350e+00 6.541848596877796851e+00 6.728785789304859044e+00 6.882546993563947169e+00 6.969316104349963403e+00 7.028397473312363530e+00 7.132714872695533614e+00 7.237420269888463764e+00 7.323051346272698936e+00 7.501054597743301855e+00 7.518687548156304246e+00 7.631953811740538995e+00 7.721688717675650793e+00 7.866756901900079590e+00 7.939169969163174301e+00 8.118168166767230076e+00 8.182835252050955077e+00 8.344450849615537180e+00 8.398368164390426216e+00 8.593457637991445353e+00 8.751879262540773752e+00 8.834513154071649055e+00 8.963863542686405950e+00 9.078592447939506371e+00 9.190471929912769511e+00 9.376592997533778728e+00 9.689455083132283875e+00 9.816533578539578642e+00 9.964063739034967782e+00 1.002642600458037236e+01 1.016258317421532631e+01 1.045344100650370933e+01 1.057595745694289846e+01 1.068686836674729790e+01 1.083082707002898815e+01 1.111881857342895508e+01 1.121327918572024096e+01 1.148387705378658730e+01 1.157926325596933026e+01 1.179037593716861743e+01 1.201655887842811943e+01 1.229899831079884187e+01 1.250571498072108945e+01 1.268872194126477204e+01 1.294691329046344386e+01 1.317567459414279440e+01 1.335007917902860619e+01 1.357191737978063806e+01 1.371860823397026508e+01 1.392448681839965730e+01 1.407954360641837610e+01 1.435529384868551794e+01 1.449993090387131645e+01 1.459583385631108854e+01 1.503685530369525836e+01 1.508474438534518036e+01 1.533210302885503395e+01 1.542802492042435958e+01 1.558837529745263772e+01 1.568791062562284644e+01 1.575883073250201960e+01 1.595354835284827644e+01 1.607825988553296526e+01 1.638637746988763055e+01 1.645248190206705630e+01 1.658743265091755958e+01 1.668008702016762257e+01 1.675161929137353312e+01 1.680631565118125792e+01 1.704387499816439444e+01 1.713040152465591603e+01 1.724190159268374245e+01 1.728172571770648958e+01 1.733154910400264725e+01 1.749895752244614755e+01 1.756738632005863820e+01 1.771324008702851671e+01 1.812510777767564107e+01 1.841033606909644504e+01 1.860840555224439186e+01 1.882797949202552346e+01 1.916933690286082381e+01 1.926876943929775265e+01 1.950370463973315438e+01 1.969273181338278889e+01 1.981048906440706503e+01 2.021425101857067474e+01 2.034034238306914233e+01 2.107777482248355838e+01 2.127146764820340863e+01 2.228086461065072044e+01 2.249904085991622438e+01 2.257368484511837892e+01 2.265533547282540994e+01 2.338254958845753606e+01 2.353820280956115951e+01
-6.096880402307225388e-01 -5.273884586062410618e-01 4.355069387223453048e-01 6.258443594280335143e-01 7.487094715999879080e-01 1.106265316626031670e+00 1.408493930955647455e+00 1.588004670434525645e+00 1.777767862931320941e+00 1.873997425396431771e+00 2.129500923218442754e+00 2.408055549731497713e+00 2.614098399977647258e+00 2.725135939558039677e+00 2.821688442829112464e+00 2.944423646878501000e+00 3.059417202011263104e+00 3.190835992284652978e+00 3.254268180172158687e+00 3.342296007595369822e+00 3.370661567930023139e+00 3.398444939892885763e+00 3.569067179597561701e+00 3.591050050016728168e+00 3.640947831500740417e+00 3.752820636149217126e+00 3.770457464820289761e+00 3.851002112977760738e+00 3.884724444355637019e+00 4.060366054064738606e+00 4.213377246333289250e+00 4.252612126649769841e+00 4.292450889711298956e+00 4.355328798608170793e+00 4.564931844668343786e+00 4.672946241849936122e+00 4.808272742812303768e+00 5.039797969126792232e+00 5.217192566610356685e+00 5.379708145251466789e+00 5.459373933240031285e+00 5.642867366261454798e+00 5.752451757378787001e+00 5.800051826090999896e+00 5.878671336167885286e+00 6.014096679696633529e+00 6.084524386725790990e+00 6.137910292377405597e+00 6.365005898249695093e+00 6.476685661675402272e+00 6.711249607432757891e+00 6.813852106660969632e+00 6.968073431213062108e+00 7.027392231587833216e+00 7.133167880071806799e+00 7.174157769048932209e+00 7.306200452895346587e+00 7.459255443648268979e+00 7.500653585353090236e+00 7.597964122932694409e+00 7.661784460525977281e+00 7.801194890339523624e+00 7.862545604100329655e+00 8.013954602228253066e+00 8.157240752833319064e+00 8.272850427680765506e+00 8.340963739517775366e+00 8.523046837732316305e+00 8.671913729326261588e+00 8.740216688181373428e+00 8.877599235986799897e+00 8.991712793426035688e+00 9.073985805428938178e+00 9.320434259302727398e+00 9.620581213166415679e+00 9.783237605888761124e+00 9.837210870965400034e+00 9.930469322444709590e+00 1.010394035140618918e+01 1.037878772841631303e+01 1.049913949818400205e+01 1.063518412100002841e+01 1.076451303267374016e+01 1.102408385927632395e+01 1.110185172826349387e+01 1.129292773726562338e+01 1.156616353379381756e+01 1.174092741925612238e+01 1.191904707935830032e+01 1.230246762963940022e+01 1.249048846321157491e+01 1.269399469071194098e+01 1.290768871454464062e+01 1.317838992569227230e+01 1.328171822476608099e+01 1.343766300658158031e+01 1.365010143689282351e+01 1.391061319676988894e+01 1.403092796383842611e+01 1.433066571785841070e+01 1.448374248238832607e+01 1.457966689319326470e+01 1.504920533315616460e+01 1.507153233279986182e+01 1.535348786104073682e+01 1.544159759852389158e+01 1.558629872195654187e+01 1.570426376241631061e+01 1.578256616805097146e+01 1.595472116082681602e+01 1.609259157550000197e+01 1.643419902169914337e+01 1.651339051511582667e+01 1.662206532575175189e+01 1.668678714237401906e+01 1.677091282658317795e+01 1.683480153039764105e+01 1.705062824996561588e+01 1.715406156681123306e+01 1.727049528672482026e+01 1.728055409968090572e+01 1.734170997046596341e+01 1.749961827242513479e+01 1.758132862054339896e+01 1.770946416100645848e+01 1.803162308538582437e+01 1.854532866022189452e+01 1.871707136191122345e+01 1.891756026768416277e+01 1.908700108018995323e+01 1.925781347056755521e+01 1.944056288491738727e+01 1.962230543968301788e+01 1.980643327136465359e+01 2.024191280212723854e+01 2.031950670172946261e+01 2.109382648746677091e+01 2.127015299340495957e+01 2.234324682960830089e+01 2.250099957896655312e+01 2.259301005907883919e+01 2.267153953093745855e+01 2.346380461613021140e+01 2.360441329870875649e+01
-3.053242602802927474e-01 -2.454243896399608271e-01 2.727591882078964081e-01 6.034912761925104174e-01 1.015878294868028275e+00 1.111274867422826551e+00 1.387986615589838379e+00 1.574142038187875681e+00 1.713223710005198797e+00 1.827891636614914050e+00 2.115978012688014775e+00 2.431128301303133288e+00 2.626441945897104890e+00 2.697085588739755568e+00 2.767365879253173677e+00 2.914024074970097189e+00 3.043036537890932536e+00 3.163265905840312531e+00 3.268924588153727662e+00 3.348238731985453853e+00 3.364907821526744058e+00 3.407883318605271938e+00 3.529627579613974220e+00 3.586688184291377368e+00 3.634205283946982945e+00 3.714784981788087137e+00 3.762567414798372312e+00 3.824705163366604932e+00 3.853956046057042784e+00 4.030396600942850682e+00 4.203466168548976256e+00 4.234394928514896073e+00 4.257951591833367466e+00 4.313978537818551118e+00 4.520414499773602657e+00 4.634007850393286887e+00 4.778742417376999008e+00 5.031774107038110344e+00 5.238146161950610669e+00 5.385443069917293712e+00 5.426406314629754313e+00 5.598144998107224879e+00 5.708928233351053372e+00 5.795618907292533706e+00 5.815481130953971345e+00 5.974802420807909797e+00 6.042849022290951666e+00 6.127464682340434621e+00 6.394235322677690014e+00 6.429989007044248694e+00 6.695193553237028361e+00 6.764322114455611157e+00 6.960054878018230085e+00 7.030934318569632246e+00 7.092831237761586749e+00 7.187851911692860085e+00 7.297761058837821224e+00 7.419404008447489929e+00 7.476959093588897431e+00 7.549476385843475690e+00 7.650734670377471680e+00 7.748381074230926480e+00 7.848621714648252201e+00 7.937385342568847868e+00 8.137489603509456160e+00 8.233216288473462541e+00 8.307998841873828866e+00 8.478981085719702548e+00 8.603395030946222377e+00 8.689711969683836301e+00 8.791044197386774783e+00 8.906587024669532227e+00 9.006097299012601809e+00 9.290017554410052725e+00 9.570951442651521646e+00 9.693859688293265719e+00 9.757313822601027198e+00 9.909597186330069363e+00 1.007466124233945770e+01 1.029034130478185638e+01 1.048059320846085107e+01 1.059969826454167041e+01 1.072023623452001395e+01 1.094664641453899101e+01 1.102514177680546403e+01 1.117798353647643772e+01 1.155993740983235440e+01 1.171102548151697675e+01 1.187876648954899395e+01 1.230855861754124625e+01 1.248520846050800159e+01 1.271365339268978900e+01 1.288777063356207719e+01 1.316200132009766754e+01 1.319283381153852730e+01 1.338184548113691541e+01 1.362867808006603454e+01 1.390675196214521847e+01 1.399811794073470850e+01 1.431936529131977309e+01 1.447316156048149516e+01 1.457162757836258038e+01 1.504491291968492739e+01 1.507363554030784414e+01 1.536492069517453984e+01 1.545166491943370879e+01 1.558448764167612133e+01 1.571566051119480356e+01 1.579878610131355110e+01 1.595380276956799293e+01 1.610179879816289628e+01 1.647546351032602274e+01 1.653586462013500835e+01 1.664801051750120209e+01 1.668543074160941231e+01 1.677979466081974991e+01 1.685826474151127030e+01 1.706291465790238959e+01 1.717100279803923613e+01 1.725523629738063391e+01 1.729465504367199813e+01 1.736255390458241621e+01 1.748177335933142373e+01 1.760928869099742045e+01 1.770167208616142318e+01 1.797075606125693881e+01 1.867222674994318865e+01 1.881546352663029964e+01 1.892624717714865312e+01 1.903367617151968716e+01 1.925225299226459086e+01 1.939131343155488807e+01 1.956802474260756242e+01 1.980872549352743661e+01 2.025816324563938764e+01 2.030652847234125957e+01 2.111098588946704879e+01 2.126243629392627454e+01 2.238906447865196725e+01 2.249222494719985832e+01 2.260577800384594838e+01 2.268295703044255873e+01 2.351567030410820180e+01 2.364722669501836805e+01
-7.676169753884223108e-04 -5.879120859592340933e-04 1.478111709220942877e-07 6.081851261592249314e-01 1.018281116080689719e+00 1.232412303558368283e+00 1.390286519023694600e+00 1.574348578445495805e+00 1.685256788477025980e+00 1.815242165121941031e+00 2.112924083769535333e+00 2.444322389728897704e+00 2.626978041292312049e+00 2.694460714340380481e+00 2.745172141430470614e+00 2.905859366649974795e+00 3.040590060423279617e+00 3.148267198444911763e+00 3.283102962150744819e+00 3.344234465920608468e+00 3.365137469362350142e+00 3.418519798355135197e+00 3.505590516482920638e+00 3.581868292341638504e+00 3.637497142495216718e+00 3.696410283528118956e+00 3.767772292805509959e+00 3.810656220034595698e+00 3.845744048130730786e+00 4.017967956513606609e+00 4.195618878419291597e+00 4.236034247415338072e+00 4.244796360593051432e+00 4.301495924047996411e+00 4.497433720706259130e+00 4.621135638658699030e+00 4.771470423421852125e+00 5.030414646538090118e+00 5.261629544087536026e+00 5.371300193203824236e+00 5.422270783264477423e+00 5.580401364641917716e+00 5.675447028078481004e+00 5.775470911251910699e+00 5.820385963526854667e+00 5.957702554773347536e+00 6.031728397461613156e+00 6.125414359410560117e+00 6.400021843990328030e+00 6.420739435171202381e+00 6.688791233777298118e+00 6.745470656890629968e+00 6.958054698120841763e+00 7.033174515235766755e+00 7.069770658423505161e+00 7.201348597613546509e+00 7.293875319996687701e+00 7.401765002368778212e+00 7.459986223347314649e+00 7.538360002754172839e+00 7.652044866139662282e+00 7.728762428632408366e+00 7.850319464703708228e+00 7.907548265660595987e+00 8.126659229073883495e+00 8.224995068843421464e+00 8.297180205257770780e+00 8.463944783878416089e+00 8.572225611130177114e+00 8.680294064783515395e+00 8.741760598921594294e+00 8.870714648606170982e+00 8.990081720377267160e+00 9.280349645353783927e+00 9.555350779100617586e+00 9.649114301780246095e+00 9.732121115284892099e+00 9.907867135377745882e+00 1.006595029994961799e+01 1.025507468632580377e+01 1.047898282726741925e+01 1.058578036185511273e+01 1.070400915078162996e+01 1.091893769401684722e+01 1.099676378827387424e+01 1.114573276039316241e+01 1.155783927549323309e+01 1.170119557412909828e+01 1.186748489323082190e+01 1.231081040782712677e+01 1.248397616987459280e+01 1.272512248870934215e+01 1.288448158873399585e+01 1.311364688016785607e+01 1.319003164425656394e+01 1.337055931642711037e+01 1.362257919180322396e+01 1.390645511636001608e+01 1.398598967733727072e+01 1.431604924952415736e+01 1.446939422939294317e+01 1.456922945003647740e+01 1.504143829273015598e+01 1.507606271827925681e+01 1.536835955933918463e+01 1.545525006842825633e+01 1.558392779523529903e+01 1.571981174112846524e+01 1.580448801439092321e+01 1.595313857538400093e+01 1.610495328468363851e+01 1.649919671028348844e+01 1.653082973219435559e+01 1.665879947120858162e+01 1.668542443041094359e+01 1.678237700850942460e+01 1.686598209083445710e+01 1.707015397447021243e+01 1.717954283769483581e+01 1.724468762489795637e+01 1.729646334667627983e+01 1.737634759706281429e+01 1.747118569754524131e+01 1.762258579630256605e+01 1.769624172960805453e+01 1.795014179832540790e+01 1.875992682836017877e+01 1.882479280595833515e+01 1.890417512394547117e+01 1.902523550350061043e+01 1.925123283528871454e+01 1.937177468591885798e+01 1.954696691525322549e+01 1.981040447797697368e+01 2.026299598691042192e+01 2.030245918877323419e+01 2.111896280517586888e+01 2.125778029758199139e+01 2.240813004438718181e+01 2.248535297576153980e+01 2.261009681307053043e+01 2.268705423097097906e+01 2.353349310769395686e+01 2.366205578359249273e+01
-2.222087033447377180e-01 -6.330348970310527290e-02 2.078025817060464853e-01 5.923644751463753577e-01 1.023956076132352067e+00 1.248894733269961144e+00 1.361901737091349984e+00 1.576563441085878425e+00 1.714543092760907772e+00 1.822830256347306443e+00 2.121121758181551797e+00 2.448840036707198742e+00 2.630597338035887134e+00 2.702844725401830406e+00 2.766041614396710369e+00 2.922990635013617222e+00 3.047323986491846437e+00 3.150862179682347719e+00 3.278638215934624345e+00 3.346265513795511737e+00 3.371529040528715271e+00 3.421350245977687443e+00 3.508399874477996061e+00 3.591651678512968182e+00 3.634203810531267287e+00 3.715660541450221288e+00 3.767534948747514267e+00 3.814302705955940009e+00 3.852885709702162931e+00 4.038989917219191206e+00 4.194176668944600728e+00 4.227946443774413865e+00 4.258842719609068794e+00 4.333426557946669533e+00 4.537819278932254896e+00 4.639125594288247889e+00 4.782952149759947424e+00 5.026240255245907562e+00 5.268387741138779390e+00 5.384683561950616593e+00 5.429664432753744663e+00 5.593423639042127249e+00 5.677211468399939953e+00 5.763327414732599685e+00 5.827856095874124343e+00 5.980797529283170988e+00 6.036577677500491568e+00 6.136941844433055238e+00 6.382940498572724053e+00 6.427776383438520647e+00 6.689504883601485652e+00 6.750951551000343720e+00 6.957630906535957394e+00 7.047686036099625184e+00 7.079652794748763078e+00 7.194928568860646578e+00 7.297753985742303939e+00 7.392020272952542825e+00 7.483017743549423173e+00 7.565674179230065022e+00 7.652500500712609011e+00 7.743895340824947127e+00 7.857664201568340445e+00 7.924718266948069356e+00 8.120456023482175212e+00 8.225363714538083570e+00 8.312600154414896636e+00 8.462478751587523718e+00 8.617687570946685582e+00 8.711694791742180755e+00 8.753172112242504355e+00 8.932596557093845036e+00 9.017920733921066301e+00 9.304135783798583859e+00 9.602488595678451588e+00 9.647089599511001978e+00 9.771712654363952311e+00 9.902652462261032795e+00 1.006929754484738559e+01 1.033563646964989680e+01 1.049161928397664845e+01 1.061320756477439886e+01 1.073854194107934745e+01 1.094770852826114016e+01 1.104113341441285634e+01 1.120163209606264232e+01 1.156426421680402150e+01 1.170129296001632824e+01 1.188602893007765360e+01 1.231607962143126933e+01 1.248263306607331735e+01 1.273276396082269457e+01 1.290635580615690259e+01 1.311366200047799069e+01 1.319519267088838177e+01 1.337008538065080288e+01 1.363206731395711557e+01 1.391497436661981624e+01 1.398675437955514589e+01 1.432167603783520526e+01 1.446946140990978513e+01 1.457901900181777144e+01 1.503552007390962864e+01 1.506972082131998469e+01 1.536397357660168872e+01 1.545074474468395564e+01 1.557903694813242090e+01 1.570866024835141062e+01 1.579762074424688834e+01 1.594888218014150283e+01 1.609893620657530988e+01 1.648434419781132831e+01 1.652139048819235256e+01 1.665855834673979174e+01 1.668335847356219048e+01 1.678129120523935569e+01 1.686634453552261093e+01 1.706501981410539415e+01 1.718042305256077285e+01 1.724093090597099476e+01 1.729461811437014163e+01 1.738481188125014043e+01 1.746327223054493416e+01 1.761939004891987892e+01 1.770302078859576511e+01 1.795008004150711045e+01 1.875563464642273459e+01 1.882050206008947058e+01 1.890568015907325261e+01 1.902031290043181500e+01 1.924256249613290848e+01 1.936289356166942355e+01 1.954293121590953319e+01 1.981667833102913789e+01 2.026001360486551306e+01 2.030219503148751770e+01 2.111024828498063854e+01 2.125509502114966054e+01 2.239951419934432408e+01 2.248370329330532158e+01 2.260806425148274812e+01 2.268579783086797264e+01 2.352019873284011808e+01 2.364803368326260014e+01
-4.331335455659032774e-01 2.709891128464939070e-01 3.883999186601131970e-01 5.548479319024680612e-01 1.089231229655483579e+00 1.296478316727919244e+00 1.365094706398136459e+00 1.599970810499715901e+00 1.783434307236100080e+00 1.864345028888495737e+00 2.158435111765722336e+00 2.458844187068564668e+00 2.638037435567579969e+00 2.733105270544876397e+00 2.824709756961233609e+00 2.964656983670791224e+00 3.068287262250635195e+00 3.160429448106145234e+00 3.271818700244673028e+00 3.357148730141518822e+00 3.377165727315499133e+00 3.426168076661258333e+00 3.515964763808300031e+00 3.613474841624839673e+00 3.637478250005523162e+00 3.748046923173347533e+00 3.782926342378070572e+00 3.827911474727404784e+00 3.875343423156983658e+00 4.094320489992881562e+00 4.180649382569883166e+00 4.243185069012851862e+00 4.302259118966785145e+00 4.412006272335952772e+00 4.622283291948723338e+00 4.692789071903704645e+00 4.821411331375790255e+00 5.015804450603940090e+00 5.286651678235525509e+00 5.417187790299754724e+00 5.454725524051620589e+00 5.631515835157210326e+00 5.684543887671988927e+00 5.745752470980374227e+00 5.841623693663230199e+00 6.012591277249913269e+00 6.067050726187258824e+00 6.168249351994844254e+00 6.343075156578540152e+00 6.464696796510366994e+00 6.697228565495750630e+00 6.760646061491902614e+00 6.958814015386582064e+00 7.043775933991752503e+00 7.091541761410266709e+00 7.212625474755646415e+00 7.312121884607991618e+00 7.379300121232051701e+00 7.543233792013396943e+00 7.593540178507780070e+00 7.684817154560417585e+00 7.789326625271503879e+00 7.903547608601963148e+00 7.975693408726169054e+00 8.110597447794324566e+00 8.234682276499343700e+00 8.363311983882379508e+00 8.469062174783646313e+00 8.664757886908786233e+00 8.786999743101079119e+00 8.823130166979233024e+00 9.000165146372163250e+00 9.147936808042071988e+00 9.377408536606209211e+00 9.620332940758073548e+00 9.681627052097395492e+00 9.877759432725076394e+00 9.949237467628369913e+00 1.009623644032517653e+01 1.047041109991789476e+01 1.058461241886548798e+01 1.068798947946688394e+01 1.082607883321972331e+01 1.099928613556845036e+01 1.117139652269026584e+01 1.142212750214219597e+01 1.158483156657156421e+01 1.170167019825309573e+01 1.196557930404572012e+01 1.233322216537224492e+01 1.247826408967937084e+01 1.275817220789169326e+01 1.298329503111988537e+01 1.311614915202997800e+01 1.321229616872101786e+01 1.337010048955444041e+01 1.366072833935245256e+01 1.393887805121327972e+01 1.399108008132564684e+01 1.433908594776165657e+01 1.447014205029125122e+01 1.461033364163833070e+01 1.501836881942065105e+01 1.505075096010635960e+01 1.534984184715940003e+01 1.543686224297590037e+01 1.556375352027148473e+01 1.567688340152262860e+01 1.577631445980728664e+01 1.593610569147509359e+01 1.608108368457367376e+01 1.644829524230353357e+01 1.648803359289042803e+01 1.665013854973354412e+01 1.668384397730437030e+01 1.677435317028432848e+01 1.686546841473986547e+01 1.705427595777513616e+01 1.718359641489401923e+01 1.722915348326566232e+01 1.728913300602014047e+01 1.739887254475009826e+01 1.745756719455755857e+01 1.760893108157314657e+01 1.772114725787620060e+01 1.795298833986378995e+01 1.874110528001996201e+01 1.880801702365504013e+01 1.890743522149620759e+01 1.900833408516005818e+01 1.922119070093751247e+01 1.934067577704439600e+01 1.953145131464620476e+01 1.983444830627169608e+01 2.025098326115465142e+01 2.030137474849056289e+01 2.108650245534074941e+01 2.124661285067002936e+01 2.237659631629834678e+01 2.247729301717299677e+01 2.260252417066636710e+01 2.268224422576254540e+01 2.348205792567420502e+01 2.360914007288943850e+01
-4.898608517681896646e-01 4.781015886943876247e-01 6.611287266854050104e-01 7.693628837890642558e-01 1.233594738819737913e+00 1.372030093847772081e+00 1.440229911681424335e+00 1.663749511023297378e+00 1.867741558929352452e+00 1.960764369875225288e+00 2.234598053933993356e+00 2.469041238702414987e+00 2.654207435551976690e+00 2.773731145060479797e+00 2.915289364513173442e+00 3.012355076152203548e+00 3.105099681781204435e+00 3.180791785438707997e+00 3.271469670865923884e+00 3.365212408501211616e+00 3.382498270374275862e+00 3.428031881635010603e+00 3.530152818779368928e+00 3.610870913825909856e+00 3.683249082307365363e+00 3.760134489478251574e+00 3.808453195553885173e+00 3.874816675448243597e+00 3.924465591308540002e+00 4.152919772207587457e+00 4.191902028572580541e+00 4.298007517577858927e+00 4.359602594275497012e+00 4.516369154711444622e+00 4.706935927605582215e+00 4.771996155659361527e+00 4.892438888255852270e+00 5.006385156844769924e+00 5.313820969828189078e+00 5.444294530816625510e+00 5.506059298711756256e+00 5.672075966312146278e+00 5.704909189278070336e+00 5.737492662021808520e+00 5.871923836881794756e+00 6.025614993575601375e+00 6.105695465551541190e+00 6.212293613027857653e+00 6.314714505306247894e+00 6.524126862675538874e+00 6.718547060255074754e+00 6.772308035709525775e+00 6.960914586446017793e+00 7.026656993490917991e+00 7.077549307838025605e+00 7.259661574863504718e+00 7.329505158712414925e+00 7.392711960562310836e+00 7.578150788147120842e+00 7.652230600201456845e+00 7.726340043025373028e+00 7.831207194193249066e+00 7.990400346320137182e+00 8.032684891211038902e+00 8.183094772335570255e+00 8.252063517724359087e+00 8.413187725553875396e+00 8.523020848042262898e+00 8.689320832891281654e+00 8.851479459232690417e+00 8.998818370495943242e+00 9.060333242868379600e+00 9.300244892428354504e+00 9.493410830344444662e+00 9.618554215959816744e+00 9.717379222378260906e+00 9.860096614125856362e+00 1.002481129773787139e+01 1.028496119540286280e+01 1.053775606333373815e+01 1.075653685564465967e+01 1.079988093846791664e+01 1.095279260439233404e+01 1.108526592531261201e+01 1.134994499833908499e+01 1.161124764330786618e+01 1.168851268204065441e+01 1.171111576629837359e+01 1.220882745008522008e+01 1.237362508572074482e+01 1.247205639716776382e+01 1.280247423851727184e+01 1.310795667839442302e+01 1.314451585902422792e+01 1.327486035941539200e+01 1.338423559305220678e+01 1.371326623510015175e+01 1.396153257351282484e+01 1.401990323944586159e+01 1.436991416562871571e+01 1.447394818073000167e+01 1.467247235740438427e+01 1.499381274958983390e+01 1.502099232362220960e+01 1.532372625827078494e+01 1.541201369218015493e+01 1.553537094413401043e+01 1.563096373606224887e+01 1.573933412803055454e+01 1.591512011242950386e+01 1.605285522210205329e+01 1.639758065657736807e+01 1.643530364569670965e+01 1.662171317646637902e+01 1.669008730249545991e+01 1.675909205608344266e+01 1.685733169942338350e+01 1.704472377586965592e+01 1.719121852798025785e+01 1.720854742292942063e+01 1.728002648519214901e+01 1.740456533537451733e+01 1.748413717012347846e+01 1.759104629818477150e+01 1.774815374629087827e+01 1.796845145975155589e+01 1.871467489922429550e+01 1.879078736405431727e+01 1.889704060940474051e+01 1.899533105919717002e+01 1.920326332617296217e+01 1.931321308337937381e+01 1.951453391114987568e+01 1.986254513492203699e+01 2.023579080992317358e+01 2.030013910952801837e+01 2.105422204169069644e+01 2.123166919344127379e+01 2.234537516167797477e+01 2.246521821461124091e+01 2.259463612877593519e+01 2.267678721904070116e+01 2.342356131791309082e+01 2.355462582932344873e+01
2.889853035805660664e-01 6.781127103586090943e-01 9.226613460029191582e-01 1.206211865287424079e+00 1.391154081750749505e+00 1.483734341556222303e+00 1.573073800612241335e+00 1.756088175775217586e+00 1.964090663630574163e+00 2.112770908738659692e+00 2.342603243418178938e+00 2.480481683767422396e+00 2.682256871929285413e+00 2.823713357742442920e+00 3.008566162270389199e+00 3.062573939040404092e+00 3.156085247248790804e+00 3.211499365979936460e+00 3.279610934702079206e+00 3.348769110681082406e+00 3.397798194399886729e+00 3.435363830430570697e+00 3.546078570995991885e+00 3.616419930522668746e+00 3.730429568242075611e+00 3.777972301266343980e+00 3.840533234583888067e+00 3.920967771678011804e+00 4.018929171182352711e+00 4.176109352076320391e+00 4.269908713587555305e+00 4.388382492079350605e+00 4.424006265077266242e+00 4.624972272312888322e+00 4.784821644359444015e+00 4.849429575397487646e+00 4.966783352851883215e+00 5.031730324976549262e+00 5.343654145865445848e+00 5.464825499138608045e+00 5.567128087272797288e+00 5.671639050371391377e+00 5.729620878655707905e+00 5.770344950312074062e+00 5.923899969124079234e+00 6.037543391315647767e+00 6.120482967510421091e+00 6.249998272567699686e+00 6.309198102525845009e+00 6.586612667936577736e+00 6.748025107355237751e+00 6.789903321221336441e+00 6.955652443919711381e+00 7.017479509166338225e+00 7.076801356993815517e+00 7.284361923066879463e+00 7.338952798374625885e+00 7.438748757086414365e+00 7.601945423131246216e+00 7.687725506014952082e+00 7.806599063148208728e+00 7.880237665770604139e+00 8.008158002197696135e+00 8.106135448234333296e+00 8.269175980360461864e+00 8.392006323711751037e+00 8.430133660313119393e+00 8.650059448757964731e+00 8.714782248487212613e+00 8.929456511971494592e+00 9.118794461846544408e+00 9.266976693134516552e+00 9.451452897565523870e+00 9.564178116389651763e+00 9.676938773470226351e+00 9.772826745849375385e+00 9.855605940217644800e+00 1.002592480762894134e+01 1.047789100730011569e+01 1.062052262057941121e+01 1.087593743364798904e+01 1.095623308984783861e+01 1.109554252284493359e+01 1.122567064680165316e+01 1.152457804825491650e+01 1.166967288591176199e+01 1.170742860197665003e+01 1.182285650905425101e+01 1.237132110752249403e+01 1.244974840444906405e+01 1.261023578765442998e+01 1.285779127211836048e+01 1.313169796728884720e+01 1.321352247268441538e+01 1.335269118932907695e+01 1.357255421487953662e+01 1.381510789462897648e+01 1.397645205192743845e+01 1.410934698889371575e+01 1.440922679606591394e+01 1.449876644894890632e+01 1.477781538531820793e+01 1.496178026663610616e+01 1.502745084381343155e+01 1.528356091098381420e+01 1.537559041192142040e+01 1.548763261237111699e+01 1.558970302241095318e+01 1.569125558997725811e+01 1.588822737876502877e+01 1.602059596520451734e+01 1.633290100711817772e+01 1.637507100615545497e+01 1.657765100607559106e+01 1.669423098083196066e+01 1.673455246021201148e+01 1.683381195699195132e+01 1.704156524657606653e+01 1.717565148198787384e+01 1.721033393057194516e+01 1.727478971178841149e+01 1.742321229506626068e+01 1.751746720411707514e+01 1.757963861607096945e+01 1.778465337506998623e+01 1.801410461812319497e+01 1.867940877775800601e+01 1.877545650690436574e+01 1.886452487111704812e+01 1.898111711464931162e+01 1.920414682987274446e+01 1.929008945565312061e+01 1.949566438117369671e+01 1.990221825116175580e+01 2.021502885646517811e+01 2.029913274448069416e+01 2.102245417486556178e+01 2.121020799960378156e+01 2.231247353544066314e+01 2.245009064251943798e+01 2.258557019728318593e+01 2.266986089453757458e+01 2.335088926453262914e+01 2.349795927481837410e+01
7.487123417830010563e-01 8.536973236359048922e-01 1.256306044003490108e+00 1.457423998990108105e+00 1.580696405629545387e+00 1.690235175810919532e+00 1.800796478608389650e+00 1.859595312886816343e+00 2.085366243413123932e+00 2.304063008737469165e+00 2.463392114244843611e+00 2.507419918365943357e+00 2.721256417643346914e+00 2.881761989667064761e+00 3.087040734889634930e+00 3.118695211012307844e+00 3.214844595207807298e+00 3.246176790198514350e+00 3.289819011696879070e+00 3.324760473954697204e+00 3.402370330402719745e+00 3.467233132847121535e+00 3.562605880243808087e+00 3.635686127567214321e+00 3.755282285128969555e+00 3.820510656631849855e+00 3.900870026947562685e+00 3.962750439370836819e+00 4.127652894680629458e+00 4.225571936117370697e+00 4.358792257370489587e+00 4.485968691308380940e+00 4.511319350050616350e+00 4.719107771972859133e+00 4.838473223920646937e+00 4.927366230598546615e+00 5.009743225788377607e+00 5.119368866651706540e+00 5.369863648891860741e+00 5.485701762872929876e+00 5.607604816983129403e+00 5.668115399016969036e+00 5.748018042590987697e+00 5.822954628592006188e+00 5.964459298250877950e+00 6.067028438413321290e+00 6.112008533990302084e+00 6.271895560367370948e+00 6.330673276246956860e+00 6.627644413617654884e+00 6.769541679409855739e+00 6.806931015054401790e+00 6.943836238774358627e+00 7.029350428966938402e+00 7.094591401972939693e+00 7.273520725325719916e+00 7.361341108261769683e+00 7.475910531077501808e+00 7.644020723442415566e+00 7.684117219193344006e+00 7.885934824100198526e+00 7.940193254012248403e+00 7.994480180476508657e+00 8.217860487113478385e+00 8.310064937613969249e+00 8.443020674548916915e+00 8.585416888185914530e+00 8.743274958878652470e+00 8.843286854895383797e+00 9.009595725724967252e+00 9.224086550822402586e+00 9.537103265326951629e+00 9.568758751721556877e+00 9.641928011967763723e+00 9.744985575536611933e+00 9.812424678533355760e+00 9.976518662527299242e+00 1.006115343869512024e+01 1.059024544627603781e+01 1.071416294322086671e+01 1.099360376139043893e+01 1.109557053136406424e+01 1.127784948115153796e+01 1.138515169587574682e+01 1.161886570557179610e+01 1.170271750830305635e+01 1.176450616718932629e+01 1.192702484615682224e+01 1.241535033664785459e+01 1.244500413028275609e+01 1.281818494742506331e+01 1.292440257201870146e+01 1.314400936278938126e+01 1.327924863448785864e+01 1.337706939032267250e+01 1.371679683360290802e+01 1.388714711174987571e+01 1.403912401714496916e+01 1.423453968050667484e+01 1.441909551998672079e+01 1.458053450299938092e+01 1.480424499067999733e+01 1.490507037279383873e+01 1.517946657424676360e+01 1.522784092143110790e+01 1.534458324650236705e+01 1.542393020231109624e+01 1.556743644020978579e+01 1.571484161001095359e+01 1.587623940215346963e+01 1.602975070442306915e+01 1.625512497783273247e+01 1.633797931029912931e+01 1.654455122423641455e+01 1.668212470485562804e+01 1.670706580314208978e+01 1.679384289652779927e+01 1.704494517208320659e+01 1.716090025577180356e+01 1.723200069991039385e+01 1.728345530197575641e+01 1.744886442531154458e+01 1.751026590017439943e+01 1.761912753324746106e+01 1.783078726159354588e+01 1.811610761938807812e+01 1.864345899657920214e+01 1.876730423098414136e+01 1.881938906571351566e+01 1.896655257788937732e+01 1.920293651901814513e+01 1.929339175141383933e+01 1.947983501730169209e+01 1.995597589744147626e+01 2.019210872995650163e+01 2.029984148134030164e+01 2.100028635305073976e+01 2.118308868521836885e+01 2.228431303360450144e+01 2.243739002237994384e+01 2.257692220761322943e+01 2.266258291770364508e+01 2.327251717039957768e+01 2.345184715539933151e+01
9.800329745665095071e-01 1.009876392006544554e+00 1.436397500280689243e+00 1.629998549359931381e+00 1.731336001785339418e+00 1.856567505356401693e+00 1.932095956931699554e+00 2.200387013463299457e+00 2.266782056219405650e+00 2.469631355174689347e+00 2.541116685365275796e+00 2.618016491242590060e+00 2.783226417873805758e+00 2.940360258260191539e+00 3.139113088210325309e+00 3.181258191211339792e+00 3.242116714804237798e+00 3.272602082096885301e+00 3.302265022346400958e+00 3.337690500564414631e+00 3.422290627074707547e+00 3.519832462168222431e+00 3.590284386159237950e+00 3.669969548500521928e+00 3.771331949429014507e+00 3.883623442871210862e+00 3.971109291640809058e+00 4.016299419755426037e+00 4.235219504278510350e+00 4.307866367518493611e+00 4.447653214093509888e+00 4.553138293632618350e+00 4.637599064737633725e+00 4.783209103901388204e+00 4.872003992550448359e+00 5.009242425219417427e+00 5.076581597196361706e+00 5.194894751581511372e+00 5.394554235195560210e+00 5.507989521966313085e+00 5.602368641096563628e+00 5.692959360601371976e+00 5.773446765917062073e+00 5.872238089191566424e+00 5.967919808778417767e+00 6.080675722696834207e+00 6.130101015570167178e+00 6.272887814070186252e+00 6.374174650657226771e+00 6.645855642283271969e+00 6.778011834361985954e+00 6.800210667341463733e+00 6.939629960106968198e+00 7.054633900814886616e+00 7.121745067475964142e+00 7.245310561132424887e+00 7.378848789916234274e+00 7.504083813840842332e+00 7.663265875606994904e+00 7.688772153860256253e+00 7.924697112978074998e+00 7.961662046188461517e+00 8.044879323329357845e+00 8.251082672172982413e+00 8.413073060188976271e+00 8.472185017909181326e+00 8.669887725918865584e+00 8.851447936066005440e+00 8.999670035793290168e+00 9.138508393697639676e+00 9.338907743321103183e+00 9.548937618234990765e+00 9.693481614607268426e+00 9.784301318290982152e+00 9.879420126651227818e+00 9.956457688131505890e+00 1.005239807059959034e+01 1.032646276207687386e+01 1.068256024194355547e+01 1.080652462353626753e+01 1.109091369466913157e+01 1.123290045734305309e+01 1.141883553571911847e+01 1.155300143631784060e+01 1.168828477889812945e+01 1.173203668948855949e+01 1.179385319421620082e+01 1.208401901969466863e+01 1.240531310958762390e+01 1.249368573867372234e+01 1.289479977103437847e+01 1.301854313104342253e+01 1.314458161771810474e+01 1.334452812774762798e+01 1.344527409414081376e+01 1.378579879124127494e+01 1.388767519698932773e+01 1.411701941429046769e+01 1.429490387278959318e+01 1.440705022057912998e+01 1.466414494944209856e+01 1.474290861851193490e+01 1.483589729046186712e+01 1.512951170759826525e+01 1.516866503818433642e+01 1.527504303722072976e+01 1.535927810783975289e+01 1.549299549501529860e+01 1.572114899328501458e+01 1.586328400088186896e+01 1.610736860659590519e+01 1.617931999110188812e+01 1.639617953513002391e+01 1.659358030124117533e+01 1.668471346957408130e+01 1.673450728525891407e+01 1.678713016831565952e+01 1.703307073116064529e+01 1.722786609293024895e+01 1.727484648597025441e+01 1.734900446726816980e+01 1.747092119304535274e+01 1.750492211274661258e+01 1.768440319377686620e+01 1.789041626566933374e+01 1.829085071716063382e+01 1.861723130208232035e+01 1.876052036591818606e+01 1.878486414004635563e+01 1.896433886362177645e+01 1.918445656499334007e+01 1.932517035683811812e+01 1.947426144126585967e+01 2.001671435228524842e+01 2.018053652600466563e+01 2.030589026074586556e+01 2.099313451807458719e+01 2.115229439167892167e+01 2.226516909722009885e+01 2.243439832044094828e+01 2.257163396117480758e+01 2.265790788711041870e+01 2.319932551982416769e+01 2.342342930191096784e+01
1.120107573753636343e+00 1.163824497528442192e+00 1.491713666634255420e+00 1.717918879381407304e+00 1.845263896625760403e+00 1.926261027872391729e+00 2.129590604189160796e+00 2.339324917577938034e+00 2.521041624690647964e+00 2.570306861601062032e+00 2.692709069300494029e+00 2.739715585674966647e+00 2.887526939621130939e+00 2.999145281037865374e+00 3.162851456085306268e+00 3.177642557385255806e+00 3.260682995387522709e+00 3.285009472466555280e+00 3.327148115916684468e+00 3.368191941208530160e+00 3.530345767019290371e+00 3.576620158992271037e+00 3.646890109417442627e+00 3.737117627518486529e+00 3.803277863147303872e+00 3.954849148537210368e+00 4.021173289291692932e+00 4.119502096449797257e+00 4.344177156780428817e+00 4.400511487034597380e+00 4.520919700485520387e+00 4.618500248365505989e+00 4.757429749031202526e+00 4.823746016804511427e+00 4.918614281903210816e+00 5.078608081631684534e+00 5.148603725958651900e+00 5.252286621761151686e+00 5.412251329715621395e+00 5.526916190599977519e+00 5.593440273400529961e+00 5.718407406647239455e+00 5.794478507807860446e+00 5.916956814212859683e+00 5.960585282261693152e+00 6.043998056716725742e+00 6.188580228458127941e+00 6.259841485880630607e+00 6.419302020700796696e+00 6.650377075593273624e+00 6.754320206360747925e+00 6.792705206185213562e+00 6.937300517669969580e+00 7.080873116167134107e+00 7.148917386779350736e+00 7.214640063601471809e+00 7.380199945477516010e+00 7.524218610963872678e+00 7.641266724154277767e+00 7.712883927966057485e+00 7.904406957949881907e+00 8.016236785546066557e+00 8.104100999597177335e+00 8.258465999326295659e+00 8.464337320373166662e+00 8.535654126511522222e+00 8.713376946802316780e+00 8.938684155154561495e+00 9.062588690403391212e+00 9.321785370252015923e+00 9.470405005014969291e+00 9.550023994296745755e+00 9.665774899754932648e+00 9.919669556088948070e+00 9.988966388392956475e+00 1.007820900090777627e+01 1.038591488916649119e+01 1.066135127141585315e+01 1.080956731541275317e+01 1.092452385033388218e+01 1.117582683889157558e+01 1.135253051149553905e+01 1.147841991304450993e+01 1.166995253104221675e+01 1.172500091009825063e+01 1.177962084212997418e+01 1.189098729043973179e+01 1.228436675305526116e+01 1.238046557658974933e+01 1.256927974441748574e+01 1.293145434838429608e+01 1.308040989552789135e+01 1.314459975665376312e+01 1.337915741680737369e+01 1.355135300880571592e+01 1.382149846803345206e+01 1.388427069602968800e+01 1.418649520825563037e+01 1.430681333621129525e+01 1.440735764907626049e+01 1.464327033749827933e+01 1.470794306637877291e+01 1.478532591974270005e+01 1.499625320880069346e+01 1.509117770760684785e+01 1.515953557812766128e+01 1.527139542273664574e+01 1.540404907095473419e+01 1.563426369547138783e+01 1.579062838521597811e+01 1.601821988103552385e+01 1.613927981801851530e+01 1.635572741153476883e+01 1.652931732606807458e+01 1.668080230085484317e+01 1.669684084257076506e+01 1.694777871993177598e+01 1.700792072056017190e+01 1.720800785467224969e+01 1.731540536513378825e+01 1.746709484129091905e+01 1.750873097525400013e+01 1.771694243079707576e+01 1.784207617295774995e+01 1.810569570337667145e+01 1.850032808021622799e+01 1.863841998692944557e+01 1.873344973923758516e+01 1.879847316178492989e+01 1.899946237564574503e+01 1.917244924822311702e+01 1.935928756680270268e+01 1.949251348944333628e+01 2.004482344089622003e+01 2.021335404800966273e+01 2.033036112785308092e+01 2.099950582187426207e+01 2.112171369346178196e+01 2.225554694135839284e+01 2.244758315754965494e+01 2.257520858962748633e+01 2.266170959308596267e+01 2.314165535760759340e+01 2.341379493964921465e+01
1.224785226176475117e+00 1.284901796602242685e+00 1.507294196680892373e+00 1.734812179796516807e+00 1.922054380975558585e+00 1.980287812429292638e+00 2.285154278931087024e+00 2.409707395032377075e+00 2.571199668079986456e+00 2.680292460371222152e+00 2.739780011136577986e+00 2.931277690595240237e+00 2.978927462406665505e+00 3.043394570918234177e+00 3.111510319360522026e+00 3.204997494382897827e+00 3.274694216918348832e+00 3.293794686928904092e+00 3.359782906613639319e+00 3.469775221704381352e+00 3.611203707305934874e+00 3.630117364959299930e+00 3.746770209653476957e+00 3.807441538399311209e+00 3.921909664611964441e+00 4.046305034183837357e+00 4.079302890815045934e+00 4.254536336349328707e+00 4.429955651104387826e+00 4.501773926063685316e+00 4.575739622051644417e+00 4.693744614014364380e+00 4.849485028049354440e+00 4.872242195887902305e+00 4.973617910123556918e+00 5.130260369084953531e+00 5.200607494495140593e+00 5.314503407170499294e+00 5.404360644837688632e+00 5.536083459194534484e+00 5.600653888460963792e+00 5.732424985246725058e+00 5.805719686839261762e+00 5.941214236008998562e+00 5.963251739275217567e+00 6.009401625686082049e+00 6.209521568386723978e+00 6.260020009244271932e+00 6.452289856207943153e+00 6.650897846803973223e+00 6.702593177188731488e+00 6.799129465972920450e+00 6.925950047419935807e+00 7.095817692164487767e+00 7.160398770031619620e+00 7.202495169344429016e+00 7.369912124721620827e+00 7.520770861940951235e+00 7.617384066395647579e+00 7.726882624214865380e+00 7.880419379421225834e+00 8.060695475962639023e+00 8.153954486787666767e+00 8.275988233788099890e+00 8.483207718757643789e+00 8.578599187289874806e+00 8.755047519518910804e+00 8.974886147349971921e+00 9.097581024313715403e+00 9.397085253842094588e+00 9.518046378792881512e+00 9.597116177094878964e+00 9.701164523477252999e+00 9.978295349805613057e+00 1.011471611702444839e+01 1.025224523124186682e+01 1.067063481108290546e+01 1.094959391773622315e+01 1.102307587399027256e+01 1.116365504902320360e+01 1.126153254721753783e+01 1.145395092291850503e+01 1.152168597137622896e+01 1.165897155204106639e+01 1.177505589788193419e+01 1.186645247133433934e+01 1.208272626554938078e+01 1.232308477784967948e+01 1.250354512399246332e+01 1.268218848161379064e+01 1.296272483472154313e+01 1.306938883468006907e+01 1.318210316702701057e+01 1.341150834755344690e+01 1.363631615266801766e+01 1.384084162313333799e+01 1.388400522208390875e+01 1.417645915675801760e+01 1.434788617869722849e+01 1.443074745958102056e+01 1.452811718779127403e+01 1.463530772548146253e+01 1.480486895364499667e+01 1.484549113582008673e+01 1.500060264700344881e+01 1.502725688332215981e+01 1.516473307859637387e+01 1.531545968338282293e+01 1.551235133360927243e+01 1.568199290496058929e+01 1.590577357598487929e+01 1.611409006980640513e+01 1.626395597588503961e+01 1.647883394096521670e+01 1.665506333733496547e+01 1.667358954643772861e+01 1.695802046038115307e+01 1.701377558593037165e+01 1.716469478822732952e+01 1.734107027978253157e+01 1.746588370097872911e+01 1.753715848708877090e+01 1.779998000368869526e+01 1.795056663726672852e+01 1.847929518077978628e+01 1.856283430437208537e+01 1.871452156750517304e+01 1.877310712974843909e+01 1.895493953861006986e+01 1.915919255508422481e+01 1.924071555298857916e+01 1.939100592574088822e+01 1.958057422584848695e+01 2.003302449404058194e+01 2.026174641997229742e+01 2.040957601198838844e+01 2.100951518738845536e+01 2.109950298700491800e+01 2.225418655661205491e+01 2.247402172599440462e+01 2.259770986095504952e+01 2.268407517622559766e+01 2.310655354535706962e+01 2.341976313372832763e+01
1.291198139725290739e+00 1.365583996354487351e+00 1.483886600240205800e+00 1.728510581646288680e+00 1.958414060318566241e+00 2.066423567380401227e+00 2.350024311325365822e+00 2.454290324355548059e+00 2.595592271562382258e+00 2.731084569830188880e+00 2.764005109638949076e+00 2.936807720188456372e+00 2.999415173254326383e+00 3.064234066886938113e+00 3.090009813336783484e+00 3.239035950094505623e+00 3.274791754716552816e+00 3.298646807100654055e+00 3.374594013414167648e+00 3.644255930576098201e+00 3.670307191104820621e+00 3.724809007185487797e+00 3.805824355375690082e+00 3.900692872866035721e+00 4.014034354488498657e+00 4.134164346457478878e+00 4.261813341667081367e+00 4.375443609668584699e+00 4.474215730238839228e+00 4.625857127016317349e+00 4.651173519402349577e+00 4.771470333771044459e+00 4.891210053388984846e+00 4.947787051838138161e+00 5.031494748450651144e+00 5.175967550887992985e+00 5.238943383944684840e+00 5.353998876838280019e+00 5.384296193734719793e+00 5.534875853566745718e+00 5.605692657373388066e+00 5.730676441229889839e+00 5.817424901435982676e+00 5.932066976294395388e+00 5.956958440198189209e+00 6.010549001867302898e+00 6.178306123446957621e+00 6.285415242007678316e+00 6.462357135201953540e+00 6.625943304450958138e+00 6.675912076808188544e+00 6.805838804620620408e+00 6.912692281164333430e+00 7.088308491615131324e+00 7.153744253615796467e+00 7.214370792759682516e+00 7.352947928007868228e+00 7.492091039159044286e+00 7.596481963960246553e+00 7.733717394182748173e+00 7.859601598017341040e+00 8.082201753161509572e+00 8.193114928320030188e+00 8.320810074721508798e+00 8.489313276078046755e+00 8.597690554375278182e+00 8.785624169756829360e+00 8.978402990698596042e+00 9.115172992532970753e+00 9.430510810681656864e+00 9.472606254347565979e+00 9.581647055396899759e+00 9.766700323798501060e+00 1.008946851435083580e+01 1.022844289093883674e+01 1.037825645690303666e+01 1.086213426018890260e+01 1.109088004256815552e+01 1.130031882983310609e+01 1.135426125599771119e+01 1.148518318527396964e+01 1.160563895126363043e+01 1.162654454888656197e+01 1.168256341759376404e+01 1.181034754314979018e+01 1.201801213477530794e+01 1.226270379033614688e+01 1.228263305971667485e+01 1.263602258883353535e+01 1.283227502634518835e+01 1.296500797066815380e+01 1.309956123912770920e+01 1.320463528519750440e+01 1.345841292109606258e+01 1.368401258428555778e+01 1.384367676330506214e+01 1.390514843568350756e+01 1.409488806181848020e+01 1.435066811748694704e+01 1.439572115579398393e+01 1.447131199692558567e+01 1.457863457226069670e+01 1.463531117859615627e+01 1.484055282504984064e+01 1.488485362294832726e+01 1.493330947055594216e+01 1.506952362114640387e+01 1.521807386678599983e+01 1.536879670113606444e+01 1.556003548270234305e+01 1.578758719413190725e+01 1.606094762434668155e+01 1.618264036920749760e+01 1.645575674306267899e+01 1.662643773332066743e+01 1.666356375141195301e+01 1.693000753146458592e+01 1.702331754247639495e+01 1.712639301891708143e+01 1.736348508797577495e+01 1.746422982279488778e+01 1.755726736910841623e+01 1.787917989991173329e+01 1.802908322310195288e+01 1.850064502538088718e+01 1.860136940727592858e+01 1.870381142145647857e+01 1.884415302023860050e+01 1.908090011738622138e+01 1.922639890207333480e+01 1.940477390520054612e+01 1.951765455904385504e+01 1.990785004685826465e+01 2.005969770762570192e+01 2.030962197985387618e+01 2.053766963767217391e+01 2.100963467956325204e+01 2.109672864725440178e+01 2.226166246479990818e+01 2.249791000135396857e+01 2.264341602340159199e+01 2.274360530334122643e+01 2.309757628682610076e+01 2.343584929478162593e+01
1.268687130048069100e+00 1.382651939001675157e+00 1.476887839300531358e+00 1.732580508261377883e+00 1.984590914298064890e+00 2.145103401478269056e+00 2.355247677061239386e+00 2.481060249321446864e+00 2.597249477829790099e+00 2.747512177647287057e+00 2.772051201482685023e+00 2.873613851412180953e+00 2.959976982304345139e+00 3.041384379292495499e+00 3.112712066765701113e+00 3.243060669093422721e+00 3.276323725630129413e+00 3.321249805704564295e+00 3.403443219187985314e+00 3.662584667735160338e+00 3.726442830569073994e+00 3.833039983924157124e+00 3.916497548156889774e+00 3.958397098443748874e+00 4.140150209818503235e+00 4.210879086143858530e+00 4.376468263987320917e+00 4.511920720051592504e+00 4.574353367725963793e+00 4.709361159524643625e+00 4.769616134600559221e+00 4.842755930653688701e+00 4.921487156926039219e+00 5.024519466316256455e+00 5.090454711523015874e+00 5.220926262029601972e+00 5.265362575511139731e+00 5.339267253825293658e+00 5.385080848674028253e+00 5.511554687782905582e+00 5.600046861510000973e+00 5.726056209048440593e+00 5.821815119123722404e+00 5.902894671864379994e+00 5.957385525259796033e+00 6.029101440765916919e+00 6.138955903768960276e+00 6.293585024189923161e+00 6.446030540672029296e+00 6.557211511888394462e+00 6.697895783852005458e+00 6.805290985085346911e+00 6.917290651532304047e+00 7.061162077453601249e+00 7.150351798425508498e+00 7.220705521504490854e+00 7.330304952980270627e+00 7.455244787982721277e+00 7.579999121384098260e+00 7.731662676122226685e+00 7.844846575329667004e+00 8.085491532065775644e+00 8.226406479926733795e+00 8.383935185888782726e+00 8.486544789358314134e+00 8.607018819393504216e+00 8.803201093434413593e+00 8.969757567461813963e+00 9.120317039277688664e+00 9.369180831232826634e+00 9.481589717247530302e+00 9.575725034960658633e+00 9.772834776323270134e+00 1.014821237470984272e+01 1.032906392966403075e+01 1.047044310687153512e+01 1.101556513408202598e+01 1.117038595097639586e+01 1.142897470692151884e+01 1.147493042619183257e+01 1.160631431569247418e+01 1.169758084009323262e+01 1.183992429928908230e+01 1.192617012903828311e+01 1.205075869877568451e+01 1.216084388849996145e+01 1.220686528079202482e+01 1.247672302313441683e+01 1.273476869680462720e+01 1.285436637563859286e+01 1.297677480637577574e+01 1.317447807928303583e+01 1.328481305466634943e+01 1.352298458978096996e+01 1.368814807770771935e+01 1.381532492910851850e+01 1.393353496284836623e+01 1.401603922200080099e+01 1.419622385143018128e+01 1.428727781808925990e+01 1.443506872959020093e+01 1.447320281551000321e+01 1.464466041581148126e+01 1.470120790460940263e+01 1.481986673626111184e+01 1.489586991225932699e+01 1.503683467689983466e+01 1.510078979046054393e+01 1.523002760516467191e+01 1.545522829906546036e+01 1.566346728001035338e+01 1.592683041769869590e+01 1.618132156979708824e+01 1.644868108938054263e+01 1.659754235439289616e+01 1.666566439500854457e+01 1.689844995025802987e+01 1.700954127102551539e+01 1.711110355042453079e+01 1.738196161654575178e+01 1.746543484701332005e+01 1.756847392153137477e+01 1.796185906546850575e+01 1.811134818885119913e+01 1.846228126078786147e+01 1.858746176033963948e+01 1.868492680608325784e+01 1.889182099997623610e+01 1.915539778026653650e+01 1.930505515161042851e+01 1.946536497748369854e+01 1.963159022447379698e+01 1.995031059650539618e+01 2.023366574547855734e+01 2.050052124420036748e+01 2.072408864018682451e+01 2.100627731497614192e+01 2.110711959216878242e+01 2.227968707593034381e+01 2.251241127510235174e+01 2.269187104660773358e+01 2.285184892753867913e+01 2.311749171592857621e+01 2.345617955999895088e+01
1.117247604789025628e+00 1.388857532254921257e+00 1.486002414932087845e+00 1.761452616734808130e+00 1.992670113002480869e+00 2.204131074923476596e+00 2.338407337415254084e+00 2.478368431453281229e+00 2.600916931440913960e+00 2.711187686209614256e+00 2.778624963628663291e+00 2.827005864005475377e+00 2.918845122530178582e+00 3.028864160613151224e+00 3.095047629106402187e+00 3.243664745655131298e+00 3.270541844659217823e+00 3.356684598920403495e+00 3.446323954010419577e+00 3.658737370038224412e+00 3.778045014942039703e+00 3.865624936747453333e+00 3.957952185363318609e+00 4.017559345245957481e+00 4.167179893459477036e+00 4.345142698798341918e+00 4.464430754451306882e+00 4.626567992830322495e+00 4.709658123033598542e+00 4.792464195710560482e+00 4.841907024098797585e+00 4.907226865234481039e+00 4.963655761802890254e+00 5.091625421286141595e+00 5.144552914631646878e+00 5.247959720979851639e+00 5.266917590346345435e+00 5.340059670466875019e+00 5.383687448751364180e+00 5.477319797403770174e+00 5.584139808864499344e+00 5.727717635636055959e+00 5.815620584844259255e+00 5.854527735992073545e+00 5.980958187331395948e+00 6.050657203664679074e+00 6.104937135397336512e+00 6.279063237667063646e+00 6.411838040048809972e+00 6.486326900390102956e+00 6.711444576021187380e+00 6.813484011614957758e+00 6.935314927446396105e+00 7.038090894666906294e+00 7.139600954580720860e+00 7.221093187527872104e+00 7.302682584817331346e+00 7.421679460334659417e+00 7.572595509367349820e+00 7.721692229721106138e+00 7.836169484545380648e+00 8.081671028524727518e+00 8.262084528577442910e+00 8.422414951889290791e+00 8.499373599613560870e+00 8.612475131265847850e+00 8.808161096631589970e+00 8.969199219207485640e+00 9.121367838366614578e+00 9.278917119752881248e+00 9.505938125986395093e+00 9.569481751135151981e+00 9.769850438961555028e+00 1.014785848569034954e+01 1.038250015805089355e+01 1.055476747980954144e+01 1.110284639528694584e+01 1.126338995178636715e+01 1.147675085402896933e+01 1.154117569874182436e+01 1.163270543087187825e+01 1.188066968339034268e+01 1.193846312305406698e+01 1.209060859438827507e+01 1.221586810698929426e+01 1.234631933290788020e+01 1.247186351354465472e+01 1.265275891057606295e+01 1.277772652076409798e+01 1.287788809600571938e+01 1.297784150295663963e+01 1.318237141292783399e+01 1.344300262721882078e+01 1.358109785774323264e+01 1.365064842669369582e+01 1.377227041369058291e+01 1.384012119211064373e+01 1.397398729120354766e+01 1.405032590701414463e+01 1.416418438979594363e+01 1.437745554137621085e+01 1.441491890565432676e+01 1.455209235094824827e+01 1.464010406963485700e+01 1.479360114440101448e+01 1.485702804343093852e+01 1.497434466002303211e+01 1.503366285269901326e+01 1.517427868036048721e+01 1.538498030417116880e+01 1.553735659133919711e+01 1.577584235875466412e+01 1.620448077380835628e+01 1.645053146320274706e+01 1.656813048605378214e+01 1.667908332226296153e+01 1.686433997978118171e+01 1.698923010050357263e+01 1.711008055442128395e+01 1.739642003003149995e+01 1.746819636264810782e+01 1.757393101451296857e+01 1.804332648090341351e+01 1.819365533814052682e+01 1.840838078785064269e+01 1.855035145600236746e+01 1.867238284964721373e+01 1.891475991770583320e+01 1.919625155291587859e+01 1.935224168516191057e+01 1.955530352558056251e+01 1.972874206303455580e+01 1.992938621686872480e+01 2.026548873920037153e+01 2.061662880061226844e+01 2.097588807546473433e+01 2.102987644829962832e+01 2.111552195396373222e+01 2.230663159873974877e+01 2.252004435986054176e+01 2.273128129791394159e+01 2.296474774116104811e+01 2.317262736259323219e+01 2.347609961006070733e+01
9.415010852419635201e-01 1.394649975131651010e+00 1.471333377929737285e+00 1.806551818084376704e+00 1.977989543613980716e+00 2.230673588151538489e+00 2.334690635902357592e+00 2.456217232800405270e+00 2.609889580542660514e+00 2.669726459409532460e+00 2.759852416220370142e+00 2.823295458570421079e+00 2.894907279858190297e+00 3.019166838411956100e+00 3.069862717694079812e+00 3.245773488042841937e+00 3.264303592807948906e+00 3.378417086326592322e+00 3.500765135021735031e+00 3.634752913128030283e+00 3.821977902388147275e+00 3.891403891210009292e+00 3.945268625290102360e+00 4.066672430984437980e+00 4.160979146462009837e+00 4.351670511210869563e+00 4.620541668712691674e+00 4.716115989993730828e+00 4.796605222480826214e+00 4.849687728101208961e+00 4.893722138399472676e+00 4.935508103684909109e+00 5.020698496207384842e+00 5.114580519318979057e+00 5.170692053656470222e+00 5.202992478916894648e+00 5.295589691369682050e+00 5.348997094719774026e+00 5.389057448624318347e+00 5.485273028062739975e+00 5.579346127324377846e+00 5.729490731230547418e+00 5.763744455650163800e+00 5.841798155705414608e+00 6.003963017691625659e+00 6.049266516901044888e+00 6.107255388005854435e+00 6.251660181111449610e+00 6.372577044497216292e+00 6.432893315640384024e+00 6.708424400652896580e+00 6.826106790454935513e+00 6.959037643533331874e+00 7.034764864238163717e+00 7.113619950436070205e+00 7.226772188585820267e+00 7.276109376797449180e+00 7.395977943193400961e+00 7.573261036146938352e+00 7.710616806977590443e+00 7.831478662438327021e+00 8.077673531527683082e+00 8.302177153115964714e+00 8.404134245108794588e+00 8.544865563879140424e+00 8.615979049601508066e+00 8.798595634180472302e+00 8.990495203929105728e+00 9.123714835165964487e+00 9.197414556425394849e+00 9.523801092228367793e+00 9.560447835796715310e+00 9.767789701075372477e+00 1.013282277474141679e+01 1.040314976646993195e+01 1.061201545672124880e+01 1.113263142319734555e+01 1.135844415539320984e+01 1.149120627738812317e+01 1.158146722142969232e+01 1.167111503121824967e+01 1.188524310153315611e+01 1.202833792564692494e+01 1.217572378725668969e+01 1.235143939631888266e+01 1.250705253441912213e+01 1.268581832737037907e+01 1.281677874354274671e+01 1.289113455212436854e+01 1.293635737050522572e+01 1.306230275043545142e+01 1.323379860299228561e+01 1.342316372304803629e+01 1.351818083456378083e+01 1.356301888761952590e+01 1.366218112300439458e+01 1.376877276345483203e+01 1.392147130623777329e+01 1.400823704553335602e+01 1.419327640516475064e+01 1.429875746563674710e+01 1.439416611193276907e+01 1.447126176934201069e+01 1.457332842333731548e+01 1.469533466471681749e+01 1.480248684774930013e+01 1.495162878947384044e+01 1.505897349358237669e+01 1.519923604827777019e+01 1.533713697499064388e+01 1.543949696963928808e+01 1.564266736151244430e+01 1.622642290989672276e+01 1.645665990442601867e+01 1.654335221762764618e+01 1.669707076943750579e+01 1.683298720261346304e+01 1.697639161159413490e+01 1.711133156770894459e+01 1.740606466149740683e+01 1.747055701281001561e+01 1.757616160355469503e+01 1.811509327130400493e+01 1.826523148775315875e+01 1.835140838333384750e+01 1.850443379204560301e+01 1.866810800763101952e+01 1.892532855117634583e+01 1.921842436802606002e+01 1.937318906682772734e+01 1.962588033574857960e+01 1.980080928247332039e+01 1.991274969346905621e+01 2.027759321799839398e+01 2.064936467398168674e+01 2.102183515134442615e+01 2.111439094312099485e+01 2.117556592533281545e+01 2.233323995861590561e+01 2.252257194564437626e+01 2.275708823359314437e+01 2.302843494367716204e+01 2.324767972337230759e+01 2.349221922518253791e+01
8.593310006568526394e-01 1.397666234879686220e+00 1.459599886377294542e+00 1.832215253259639409e+00 1.963413477586356093e+00 2.233284053143344217e+00 2.341731178488401177e+00 2.443522674475187006e+00 2.604339209379346709e+00 2.667521245325767509e+00 2.745641182415898385e+00 2.821452905188130522e+00 2.892059794820533547e+00 3.014146816018414832e+00 3.059394082811315307e+00 3.246770292278257752e+00 3.261669568925914309e+00 3.384868319240399881e+00 3.536147113471315162e+00 3.611187677468450374e+00 3.841548999306542367e+00 3.903192727035837528e+00 3.935799285081482246e+00 4.078127053616539932e+00 4.158556108913070481e+00 4.351603975947337943e+00 4.653458015924873514e+00 4.776014051020458950e+00 4.833030271185384308e+00 4.879545590608439731e+00 4.923135520675324450e+00 4.928677561353162595e+00 5.060923997010138287e+00 5.098324875503527309e+00 5.158334273655929003e+00 5.197936352273524463e+00 5.257140093052287355e+00 5.381407045999969441e+00 5.407428662466214675e+00 5.493783773915310142e+00 5.606368277380266107e+00 5.680913020686703341e+00 5.753150432484665622e+00 5.851485960767390360e+00 6.007636189533607229e+00 6.041344204784858896e+00 6.122504057894889939e+00 6.234708072757248587e+00 6.354388596616509233e+00 6.413052233283726089e+00 6.705071786712902160e+00 6.828762637490787490e+00 6.976697353395953982e+00 7.037776025578797778e+00 7.094403422048883634e+00 7.233761114873212605e+00 7.262090775490307237e+00 7.385859206292302304e+00 7.574802659492775980e+00 7.705849684433408342e+00 7.829896902934564196e+00 8.076156461004512011e+00 8.330019435048201970e+00 8.380657717168647380e+00 8.568156533338532554e+00 8.617019113676352760e+00 8.790041164563206166e+00 9.010551538082847145e+00 9.128785344949292835e+00 9.153959251141397857e+00 9.532407946829010825e+00 9.554071742320568106e+00 9.767234026662338309e+00 1.012555369700314500e+01 1.040872663900922568e+01 1.063144888578331226e+01 1.113964124223154428e+01 1.139973502046500364e+01 1.148679381552476997e+01 1.160816131931306394e+01 1.169711637053117137e+01 1.183536269323422196e+01 1.205280124498316852e+01 1.230936667462042422e+01 1.233410091004926201e+01 1.256270113530941224e+01 1.266885258975223927e+01 1.285438537654054514e+01 1.298812639237027433e+01 1.317543962275618341e+01 1.320676210932697714e+01 1.326538380162632791e+01 1.332060480721287554e+01 1.335890065032845619e+01 1.345839316285174370e+01 1.352517637642404580e+01 1.378117118076724879e+01 1.396217181048511868e+01 1.405885285472643353e+01 1.415675911815863763e+01 1.428305807592492727e+01 1.440537893680121151e+01 1.443252724806314191e+01 1.453938735377416869e+01 1.463548420979377340e+01 1.477116364695225137e+01 1.493455344006927632e+01 1.513313614592145129e+01 1.521454447760388184e+01 1.527315393961082179e+01 1.543277750027389317e+01 1.557528746695117228e+01 1.623526094990344149e+01 1.646055166148170912e+01 1.653266326249950069e+01 1.670671918678987566e+01 1.681860428243632555e+01 1.697233223733671181e+01 1.711185927532196160e+01 1.740950581294428545e+01 1.747144295886436538e+01 1.757671674258273953e+01 1.815040932408227903e+01 1.830056112857472783e+01 1.831904504670501055e+01 1.847914400374623867e+01 1.866730603416663925e+01 1.892845042341544826e+01 1.922563845738006094e+01 1.937960632484205803e+01 1.965111518724384609e+01 1.982687435849610580e+01 1.990755190867427160e+01 2.028131477640686597e+01 2.065561057874254658e+01 2.103175523975832917e+01 2.111325768537408365e+01 2.122918584202340853e+01 2.234476637380100428e+01 2.252271331411711941e+01 2.276601382396501094e+01 2.304643508948411323e+01 2.328224242659236864e+01 2.349917836247098890e+01
1.251864525679341256e+00 1.649823356092418924e+00 1.826082418510851957e+00 1.982225552804671054e+00 2.186223955765623561e+00 2.299284244826654167e+00 2.377131495374017245e+00 2.429675148406372998e+00 2.553131469652245134e+00 2.650877617834134448e+00 2.699907175593631692e+00 2.745933888152138902e+00 2.815011606106148978e+00 2.840358916438284975e+00 2.919242768890649486e+00 2.991903231921697603e+00 3.013833184179550262e+00 3.086682605040405925e+00 3.256491072508469031e+00 3.534355184496909441e+00 3.607698360526580217e+00 3.717192999310578116e+00 3.792080980238254906e+00 3.973933358513136671e+00 4.086511625882479848e+00 4.218775906433797296e+00 4.285291947976540783e+00 4.387426872735212591e+00 4.458756372559628645e+00 4.550313714164329504e+00 4.741089462274121757e+00 4.956296527993781176e+00 4.985652265087005652e+00 5.155525969211741888e+00 5.281920400433802953e+00 5.440486978694404563e+00 5.467445277447624541e+00 5.518883589881847129e+00 5.562711284920388799e+00 5.611291926506559058e+00 5.675162322198538334e+00 5.785321340700113169e+00 5.874182185161923364e+00 5.951693707138494993e+00 6.024365433045372420e+00 6.054174501161016408e+00 6.138206555304538625e+00 6.197570715418861731e+00 6.425798344161448128e+00 6.515252628664683243e+00 6.734849813280623820e+00 6.943518948041688787e+00 6.962693790928076609e+00 7.061124256724847115e+00 7.108451270473025829e+00 7.214009547131046141e+00 7.444524278918377647e+00 7.650476464526546394e+00 7.916853346850487583e+00 8.002952582405010062e+00 8.140151471483834555e+00 8.420304815909650742e+00 8.434759010179456951e+00 8.602232526709645555e+00 8.679669411370662502e+00 8.812410737196010757e+00 8.904657745117495082e+00 8.971378987003939542e+00 9.013565235897843309e+00 9.061177097533583691e+00 9.244495194786104264e+00 9.391755419780642100e+00 9.688205665268458944e+00 9.865563259999913015e+00 9.973729950010053358e+00 1.016324130261700986e+01 1.020297851943640488e+01 1.035705181060929014e+01 1.063549513570306537e+01 1.089023299027805436e+01 1.111723039230797205e+01 1.121319061842419096e+01 1.133589978827053812e+01 1.165084112298408670e+01 1.199607849336030263e+01 1.223473691760384163e+01 1.237420490261056294e+01 1.242889733893137283e+01 1.251581968702385872e+01 1.269388607472488495e+01 1.272383656798287710e+01 1.280432502809396311e+01 1.303136602262996213e+01 1.353407498101522499e+01 1.370944152933842552e+01 1.381225662320930958e+01 1.388359604913314982e+01 1.414571002377767428e+01 1.424877466950209204e+01 1.429732484894193689e+01 1.452885987868798523e+01 1.462613274563521770e+01 1.476784790978723194e+01 1.480871909488599947e+01 1.496998392643076414e+01 1.501960923605962073e+01 1.540891134502471971e+01 1.542882821417651407e+01 1.545302035068205981e+01 1.558310407749678284e+01 1.578977595714215632e+01 1.579508486077612517e+01 1.585481486999929501e+01 1.614960093878619674e+01 1.622062305922788994e+01 1.628716289908972925e+01 1.642716458527515400e+01 1.650324003987551080e+01 1.662733657030996426e+01 1.670233112214459581e+01 1.683252916556364553e+01 1.691954903755344830e+01 1.693624522477383820e+01 1.699407695201350421e+01 1.712284899815879768e+01 1.748005153293730984e+01 1.761313807806497422e+01 1.926546990121268621e+01 1.963213452160951178e+01 2.021466435073720191e+01 2.056717101457864061e+01 2.082101640875960058e+01 2.100839037805749854e+01 2.115475808437579985e+01 2.144856827034297808e+01 2.159248762138343736e+01 2.170110888760135737e+01 2.190426429834059618e+01 2.208281950385367054e+01 2.221946554197777246e+01 2.260831237767127533e+01 2.271664500393996278e+01 2.357562804817817437e+01 2.396179913707916853e+01
1.289466178039939681e+00 1.660295491969173920e+00 1.820256682716352881e+00 1.984134331370105642e+00 2.181020357382470909e+00 2.278403077804522781e+00 2.379402533231287364e+00 2.445829896063769660e+00 2.549795162630320799e+00 2.636225153960328083e+00 2.703274929077639666e+00 2.755409127630387367e+00 2.821912905968937402e+00 2.849600344625146331e+00 2.937296112248109825e+00 2.951177047680491938e+00 3.050653073561333528e+00 3.111357256495092649e+00 3.248607582379030134e+00 3.543407730199130246e+00 3.599433502888107039e+00 3.686767286238398444e+00 3.816752434809538741e+00 3.944589594978855196e+00 4.093655368480470180e+00 4.203118303587991988e+00 4.288269105238479817e+00 4.384164287456234099e+00 4.456222138077322370e+00 4.548788952880694403e+00 4.729903534687045941e+00 4.929973061294089298e+00 4.971073025197124018e+00 5.125573737285850306e+00 5.290873664211126481e+00 5.365079399493814627e+00 5.478783264525606711e+00 5.516101336440443426e+00 5.570446849905985154e+00 5.603426004433366359e+00 5.656848157752635942e+00 5.788777022016256879e+00 5.876036586461037992e+00 5.926332291349076797e+00 5.995500746957605820e+00 6.061252653534727308e+00 6.150935103027486583e+00 6.261172756142598494e+00 6.424301325394342399e+00 6.526358274218474698e+00 6.743693161366705269e+00 6.942669993733833422e+00 6.964447110269297525e+00 7.052519702375625421e+00 7.136632016317919103e+00 7.229282527657905355e+00 7.449539378447870064e+00 7.644238889378496715e+00 7.907018450442396151e+00 7.999914636613474350e+00 8.143006312603626284e+00 8.346971379745506070e+00 8.500784680140725413e+00 8.592509393078177737e+00 8.672797017275408749e+00 8.807194872038623501e+00 8.882956759776595490e+00 8.978665524246009610e+00 9.001903732751486586e+00 9.092690028719017548e+00 9.247128779916140573e+00 9.384985722395592589e+00 9.687976810415991125e+00 9.855377622909532676e+00 9.977216213194992633e+00 1.016612071577610976e+01 1.021917992445922785e+01 1.036771176281495954e+01 1.062202927967881294e+01 1.091519617768507189e+01 1.110318969236428899e+01 1.121460617428354922e+01 1.133552417694799885e+01 1.161021220860028258e+01 1.197443805670521222e+01 1.219580072230432322e+01 1.232502895870332438e+01 1.239041644402940179e+01 1.249504504586715647e+01 1.263891608424318669e+01 1.270717939584346823e+01 1.290742799685771480e+01 1.300377280189404239e+01 1.345735552865408025e+01 1.362416539033393903e+01 1.385382011641034872e+01 1.396465249104113227e+01 1.413205203878584193e+01 1.423273939064427118e+01 1.442635355191884727e+01 1.450676960585202657e+01 1.462528808848831297e+01 1.475273006267733145e+01 1.479542071453203711e+01 1.494884173370011382e+01 1.509064644491991558e+01 1.540972308449467754e+01 1.544741430710913654e+01 1.546451615713456285e+01 1.559477674877502906e+01 1.578826159281267039e+01 1.580871024078333420e+01 1.588326824644554591e+01 1.615728172316116940e+01 1.622093329633816339e+01 1.629057827427609695e+01 1.641333123383853732e+01 1.653271002899900921e+01 1.663625783839346539e+01 1.671433436280073437e+01 1.683268077211758751e+01 1.691746056072184956e+01 1.694988570410830064e+01 1.700274283759910787e+01 1.712806440090017901e+01 1.748609974760339725e+01 1.762005047846970385e+01 1.926733112064423281e+01 1.963307124305367779e+01 2.020013934602123484e+01 2.056478822205634671e+01 2.080184613286956008e+01 2.098665620507154017e+01 2.114966623524533063e+01 2.141428084644819663e+01 2.156960200460882859e+01 2.168658659423360646e+01 2.193692057442303422e+01 2.207816995112677105e+01 2.222456316489575556e+01 2.253146509054581870e+01 2.280146133357636273e+01 2.351104814427371537e+01 2.388957810997055375e+01
1.361646908312450499e+00 1.671122829393784315e+00 1.810373533745752272e+00 1.978774947322383682e+00 2.144901609115604124e+00 2.256147649520633625e+00 2.369192685521126052e+00 2.476728277923120114e+00 2.538059360158095412e+00 2.628279114578790931e+00 2.697928283644217107e+00 2.776551502920782788e+00 2.825356736940101587e+00 2.886131697546742370e+00 2.920757113748567502e+00 3.005349557008235806e+00 3.065604851722138147e+00 3.173170373727927540e+00 3.237768862008089776e+00 3.526244703265878577e+00 3.589751027908902881e+00 3.662532789967179792e+00 3.823269244769593289e+00 3.907083277751101313e+00 4.084386276530958426e+00 4.165002108321492535e+00 4.281211988278387004e+00 4.375049194869360392e+00 4.451143471539111829e+00 4.544989539901545861e+00 4.698662917048991083e+00 4.855301575976238126e+00 4.929941421900811527e+00 5.067727242839144886e+00 5.216610188624049016e+00 5.328196217668309309e+00 5.436704125416488509e+00 5.475836597341083412e+00 5.549471954090025250e+00 5.589783271453280022e+00 5.665350886645848405e+00 5.764287741422994493e+00 5.845911860119750614e+00 5.921779126572886298e+00 5.935441700968890899e+00 6.103448427044378732e+00 6.210757841741004093e+00 6.341298431358986853e+00 6.428399164822842238e+00 6.558203126049001241e+00 6.768419820294383271e+00 6.922403173556980427e+00 6.992056117975467444e+00 7.055174651882521353e+00 7.186777384007160485e+00 7.269801652427574368e+00 7.464408535397467404e+00 7.623538690609091617e+00 7.879015800042303397e+00 7.986290252960908553e+00 8.145233857689587964e+00 8.273312269327547597e+00 8.536073080324509732e+00 8.583541557694070789e+00 8.663051181836964432e+00 8.775426224409477172e+00 8.869492301468193673e+00 8.964267248442300939e+00 8.991156741396849839e+00 9.155899211619844991e+00 9.253606171463999885e+00 9.367019750628822194e+00 9.688223035473802369e+00 9.829862748538428008e+00 9.989910300117834652e+00 1.018017258327000540e+01 1.025223756572894196e+01 1.039849156941639841e+01 1.059321752543566220e+01 1.096523653509653506e+01 1.106065338769551509e+01 1.121127236632034929e+01 1.133439041831241312e+01 1.150403476678678238e+01 1.190429870953160396e+01 1.208943696415175673e+01 1.221013486093398370e+01 1.228126412692205172e+01 1.241919998564017114e+01 1.251677679669564647e+01 1.278228397512222969e+01 1.293678806332322928e+01 1.305660450403237327e+01 1.325515273410569606e+01 1.357198107560558498e+01 1.390976291042628965e+01 1.402559491529444813e+01 1.412123172572597518e+01 1.433421591654792593e+01 1.441765453281040088e+01 1.453275192900329138e+01 1.470736574288486587e+01 1.474839348582607990e+01 1.480652251911768502e+01 1.493651778657910079e+01 1.517826286303752070e+01 1.542743179249867680e+01 1.547250397952384127e+01 1.550994334142919584e+01 1.562956215372346236e+01 1.579798241415352500e+01 1.583307378412913025e+01 1.595583902452257696e+01 1.617301473784486276e+01 1.623233838913048288e+01 1.630151249003738201e+01 1.640313528946201416e+01 1.658744664493543297e+01 1.666829060916417404e+01 1.674914064714863215e+01 1.683647111643307070e+01 1.692451641254056227e+01 1.697841942051585562e+01 1.702715072599612967e+01 1.714598324913805882e+01 1.750435601315847123e+01 1.764114141228661126e+01 1.927246045931955720e+01 1.963391193572594773e+01 2.015802583853129093e+01 2.055207309094063817e+01 2.074568638878392690e+01 2.092979776626216193e+01 2.112468838970331575e+01 2.130571950465422049e+01 2.152164451435928427e+01 2.168568685079433322e+01 2.197295179109456953e+01 2.206335604462647737e+01 2.222953378208428532e+01 2.246964980728165884e+01 2.290289173972288594e+01 2.333080878338774156e+01 2.367973468002037407e+01
1.402795873063422016e+00 1.647265790535650254e+00 1.808289589907149386e+00 1.951502178411223420e+00 2.065943498229331876e+00 2.231967850038843793e+00 2.355237264061744273e+00 2.440409094500496145e+00 2.553281109131611881e+00 2.621373817310613141e+00 2.698493104405775611e+00 2.788489817897064516e+00 2.850302260500561680e+00 2.902249468654461317e+00 2.979282378955073529e+00 3.073214558730581913e+00 3.085275159827288949e+00 3.191692581483407398e+00 3.279036345767187388e+00 3.460338248024306118e+00 3.571107500318762451e+00 3.675753970242123359e+00 3.774469863153803839e+00 3.908746609220060009e+00 4.043448658186836298e+00 4.111498758543953080e+00 4.239360873225046511e+00 4.354109925612243082e+00 4.444847039117392207e+00 4.536511492799069067e+00 4.658575209513584170e+00 4.758276465460077986e+00 4.861789905799605904e+00 4.998343944657962723e+00 5.105488309281568604e+00 5.263401142690249834e+00 5.334791083575852966e+00 5.447716740404034752e+00 5.516205019363963125e+00 5.577538522233150609e+00 5.673885373242733898e+00 5.725614826314173733e+00 5.802923797184484478e+00 5.881932635465867421e+00 5.950544377698018472e+00 6.145497333488940228e+00 6.276655123997551655e+00 6.399825033677144503e+00 6.457538163307630974e+00 6.604180779479741581e+00 6.803386146951802438e+00 6.904922887356904404e+00 7.030266568747208566e+00 7.078469598367155946e+00 7.237957625162862563e+00 7.324940937867347124e+00 7.487162432931609324e+00 7.585088416164151859e+00 7.834052755524012923e+00 7.952501853694472267e+00 8.119330771212501574e+00 8.233640998489242691e+00 8.514958611845962366e+00 8.577043691129750513e+00 8.678622123879851102e+00 8.728056898787800222e+00 8.865006039844686825e+00 8.939282109236554419e+00 8.980423606868665587e+00 9.208516460611006593e+00 9.255305828508161525e+00 9.357010255772895135e+00 9.689935307575732182e+00 9.799714853724728059e+00 1.001257783294909132e+01 1.019798930212870935e+01 1.028959722876665062e+01 1.044217497434770081e+01 1.055434358060112743e+01 1.098694185628442632e+01 1.099829521394140208e+01 1.118925434326970958e+01 1.132499824083730111e+01 1.138894576967601679e+01 1.175538435152338756e+01 1.191980727644813953e+01 1.201196607462966526e+01 1.218340746506978256e+01 1.231190916781314471e+01 1.248461360775579188e+01 1.281650842424393488e+01 1.290091384661416996e+01 1.300827096036135089e+01 1.322514628331396125e+01 1.356392214628530013e+01 1.392829139121653803e+01 1.399264432137186986e+01 1.414847320713549728e+01 1.433130603789248347e+01 1.446736752808705795e+01 1.456489831281458791e+01 1.470769931604080405e+01 1.478468017685534441e+01 1.496730604896601413e+01 1.498384135667501482e+01 1.522875773560903312e+01 1.542922854747543759e+01 1.553378422138446702e+01 1.556150189064013389e+01 1.568431413293895815e+01 1.581663205603875255e+01 1.586347121831608042e+01 1.604093508864477258e+01 1.618169952199074757e+01 1.627030837430836385e+01 1.633127122761657901e+01 1.642008107192695832e+01 1.663613447991005501e+01 1.672909823641623106e+01 1.680290069052353985e+01 1.685731368423721932e+01 1.694943639046907435e+01 1.701720240108591753e+01 1.706415606491914971e+01 1.718389014962588490e+01 1.753490884019681317e+01 1.767741136622817422e+01 1.927936443777519315e+01 1.962872490034908424e+01 2.009179983694718885e+01 2.050767798448221413e+01 2.065444271688858890e+01 2.086442102284690847e+01 2.105950820754648944e+01 2.114647021870502641e+01 2.148018240197588469e+01 2.169145738815542401e+01 2.196978619306408476e+01 2.203048429588410784e+01 2.220486350728200975e+01 2.249718959182526135e+01 2.295483740806868767e+01 2.307583642377746713e+01 2.337333813200255150e+01
1.388595853268515423e+00 1.588329108739827245e+00 1.797985152361539773e+00 1.897293311527707305e+00 1.968203318477485420e+00 2.168489825713242336e+00 2.330571412395742392e+00 2.365008499895820293e+00 2.531932352206655246e+00 2.595207761250521994e+00 2.701625941333291259e+00 2.796658730496289547e+00 2.863753632047025821e+00 2.949454638249030314e+00 3.028390956179923599e+00 3.120077941292517032e+00 3.148034058290854365e+00 3.178723456849112061e+00 3.338795913342249122e+00 3.401234148439960414e+00 3.545005758253240824e+00 3.647925909315297144e+00 3.756690664148548464e+00 3.886408848271899696e+00 3.997839858799127732e+00 4.059533966489206946e+00 4.144724928893137594e+00 4.310883489420968218e+00 4.427411294622752180e+00 4.515592047912180718e+00 4.615290110235372723e+00 4.687210820548539658e+00 4.755035340054242887e+00 4.930371228743728906e+00 5.007048690403861357e+00 5.133028130902775210e+00 5.238618888815013364e+00 5.403056404640100396e+00 5.466194123901707336e+00 5.572754791197389146e+00 5.661585239421394355e+00 5.712275650099867264e+00 5.774948580092230443e+00 5.844291215597523959e+00 5.962951810414233833e+00 6.171653486417857160e+00 6.340475758473081314e+00 6.435755901043973104e+00 6.508163375763451164e+00 6.655960522240823352e+00 6.835853360722471628e+00 6.914995001372829186e+00 7.065119433238459479e+00 7.121178517679221720e+00 7.278666725571968144e+00 7.383549680170234275e+00 7.507641818224299435e+00 7.532151055324490585e+00 7.771948573770812274e+00 7.893792104118936059e+00 8.056140732792460568e+00 8.231548371412339193e+00 8.486707269048796576e+00 8.543858850388204473e+00 8.678015803775226189e+00 8.709424634598311954e+00 8.849487198864077087e+00 8.913261401410766283e+00 8.972048821628799686e+00 9.204687005780428422e+00 9.239505085752368174e+00 9.394295641178157297e+00 9.687758525246112029e+00 9.777377561424554386e+00 1.003734353806366997e+01 1.019323973713324705e+01 1.032713962026290844e+01 1.045874530652627499e+01 1.052271640325475488e+01 1.090687990243396932e+01 1.098276122497798468e+01 1.111338917703377938e+01 1.128567607723391575e+01 1.134373848153546938e+01 1.153580377697542403e+01 1.162136880121574833e+01 1.188253148647550361e+01 1.213347651851061215e+01 1.223118817175757123e+01 1.245533951182679111e+01 1.269913483475157179e+01 1.282834118505417642e+01 1.306309529556222060e+01 1.330761027727648482e+01 1.355207139691436602e+01 1.387600751183529191e+01 1.395941436409021286e+01 1.415554654238794718e+01 1.428890116017219114e+01 1.450732192755427974e+01 1.465861063039721479e+01 1.472340582949144050e+01 1.476819167336508976e+01 1.507205084734541600e+01 1.519337038315652855e+01 1.526597158140723742e+01 1.542823494554859387e+01 1.556454586441678423e+01 1.563371635310075014e+01 1.574576633481433419e+01 1.583775190813728884e+01 1.589735955590828631e+01 1.610193392195835216e+01 1.618992191959912219e+01 1.631774407824997297e+01 1.640570241000879292e+01 1.646902906064798344e+01 1.667733792820617467e+01 1.679353537889116765e+01 1.684437713949161974e+01 1.693999865533044868e+01 1.699148041698588685e+01 1.707377867778910741e+01 1.711275079423150558e+01 1.725303993835318295e+01 1.757740923264547916e+01 1.773020836506252351e+01 1.928515373942252964e+01 1.960756226954163850e+01 2.000337801396432269e+01 2.039942666042824726e+01 2.053138394515143617e+01 2.082115105204741212e+01 2.093057680738776227e+01 2.099357585455962294e+01 2.142473814407489030e+01 2.167809110884369872e+01 2.187919002920607880e+01 2.202315084639636211e+01 2.213147225984324606e+01 2.258560720229628416e+01 2.277190632485940469e+01 2.287339258651100593e+01 2.316941353948994831e+01
1.322033329380778888e+00 1.508325779537592615e+00 1.754862861149276476e+00 1.816581712381677649e+00 1.860566260305377417e+00 2.071269324321300509e+00 2.245569603368111622e+00 2.292529982740955763e+00 2.461672777074474627e+00 2.568230627810612621e+00 2.672019467725956332e+00 2.769775024253990470e+00 2.857419752155406112e+00 2.984738052737748504e+00 3.019192170423326882e+00 3.121219840164840775e+00 3.188195395717398295e+00 3.234119757310076171e+00 3.336486581736439749e+00 3.408839169435972760e+00 3.527602504363859914e+00 3.586686837421812601e+00 3.736884165271432856e+00 3.833469175625066061e+00 3.959796600200310657e+00 4.020225241372376246e+00 4.059163032941667026e+00 4.233370767929470979e+00 4.380983348458819648e+00 4.483500263282237164e+00 4.547628990043213193e+00 4.631839310388972564e+00 4.661157975558304578e+00 4.857255390861545230e+00 4.923984941916094371e+00 5.008180792695921646e+00 5.143381308629235704e+00 5.339899044274663886e+00 5.398673534674867547e+00 5.564599240809523728e+00 5.642111788819759610e+00 5.709413475386581283e+00 5.758913918663012055e+00 5.819597468300223397e+00 5.966438207597053456e+00 6.193002651089400068e+00 6.368144630816322760e+00 6.486679964905520457e+00 6.543993925396160982e+00 6.709341951030407536e+00 6.860716008082266448e+00 6.956754800063970734e+00 7.100990475429396653e+00 7.171214064915995223e+00 7.302775111748845305e+00 7.406702685147883436e+00 7.472880580276699547e+00 7.526412927962288890e+00 7.700004697674754262e+00 7.817981136969845757e+00 7.985100138172775530e+00 8.224627941757381322e+00 8.455654812133145626e+00 8.505298335261059606e+00 8.643886325840504981e+00 8.712941613773045546e+00 8.823266657792020240e+00 8.884697940165391827e+00 8.962759776960194102e+00 9.146451275577730300e+00 9.221737074261886491e+00 9.446151043301201256e+00 9.669751651418232896e+00 9.772653225816556599e+00 1.003328096989643647e+01 1.012155828137982816e+01 1.035696444441469666e+01 1.042081440846454932e+01 1.055379455624239782e+01 1.082737183884238874e+01 1.087639140189979692e+01 1.101300770974413901e+01 1.119298356826133656e+01 1.128432795966330104e+01 1.135315224833787262e+01 1.145224052040991936e+01 1.171561391621817272e+01 1.206780941184880440e+01 1.223433282763780561e+01 1.234625645343140654e+01 1.260751415120793695e+01 1.284072290266893113e+01 1.313298864931373622e+01 1.336037400268764408e+01 1.352447369226292473e+01 1.376679652364407858e+01 1.394281234848513940e+01 1.413901023013456459e+01 1.428183078260167704e+01 1.453451956889108487e+01 1.468532636422911430e+01 1.472691421146390844e+01 1.484047885675933465e+01 1.516357888315736702e+01 1.530185811157016573e+01 1.540248976157295857e+01 1.544075425562422588e+01 1.556271258813240799e+01 1.571508217379177097e+01 1.579824005341103188e+01 1.585479956682040736e+01 1.593658401185988893e+01 1.612828572860950160e+01 1.620626368288209207e+01 1.637229181157726998e+01 1.650976012541933002e+01 1.653897307496226432e+01 1.671589679626780267e+01 1.684849059550144901e+01 1.689325982750839472e+01 1.703890711647095202e+01 1.704626191923586731e+01 1.714353244636734530e+01 1.720326936614518587e+01 1.736192884962028060e+01 1.763179029479120885e+01 1.780041686999765460e+01 1.928463371587333341e+01 1.955438919666598707e+01 1.988456695454211953e+01 2.023327804751059489e+01 2.037397231551949517e+01 2.074969858257384558e+01 2.078865726600706054e+01 2.087353693133634991e+01 2.130055883265876560e+01 2.160196485861357729e+01 2.164994128031515785e+01 2.200393765477091179e+01 2.206642206207049739e+01 2.253251932169272109e+01 2.266763090666376002e+01 2.273987649812233514e+01 2.315931841434598581e+01
1.206807178448097817e+00 1.408437076134827493e+00 1.655836148876439706e+00 1.709849292722443348e+00 1.747797586634208589e+00 1.932724190851486945e+00 2.122574818103596606e+00 2.175458039815215461e+00 2.378074570303363000e+00 2.526415204006260407e+00 2.606012195693754752e+00 2.673516590193646181e+00 2.775476993903812861e+00 2.975679404526299976e+00 3.037675126526992564e+00 3.100959682216479774e+00 3.201334463500127292e+00 3.277400450139718036e+00 3.312496418096980033e+00 3.439609338906846503e+00 3.479548180745878128e+00 3.556121199809549882e+00 3.686772215303965705e+00 3.782851078888310958e+00 3.912554554002319662e+00 3.995252367963881390e+00 4.037129509579332698e+00 4.144119345047324821e+00 4.308170533134786595e+00 4.406768686365782450e+00 4.453077619207108206e+00 4.590469405980246442e+00 4.601267832917581124e+00 4.752137445314553510e+00 4.858715758256813899e+00 4.929266635661947227e+00 5.059345444667797231e+00 5.269691555327725041e+00 5.328580160187697423e+00 5.539026109278262666e+00 5.618931449563635105e+00 5.700357346444799411e+00 5.742646112263322777e+00 5.828939755671495249e+00 5.962696931951143142e+00 6.214145546894263461e+00 6.352904248507962315e+00 6.536072060990564481e+00 6.571255652484166987e+00 6.760649623937805330e+00 6.881554620060416738e+00 7.008105939747141910e+00 7.133986174844145545e+00 7.216304056253600940e+00 7.303180186790995343e+00 7.334562394924096118e+00 7.469362304580123180e+00 7.505752196216948668e+00 7.647400803815527226e+00 7.742689236135013253e+00 7.915941265309222707e+00 8.192390598661280166e+00 8.414740539170326272e+00 8.472468501750949343e+00 8.615345635735152996e+00 8.689175190858433595e+00 8.779037415047820758e+00 8.856499366508824522e+00 8.939126722876613584e+00 9.084462237092321146e+00 9.188090918297852738e+00 9.459420439938742931e+00 9.637779837660211513e+00 9.765417371964272064e+00 9.912256165676510022e+00 1.007867154737168036e+01 1.036687411969842643e+01 1.041350464410671961e+01 1.051773529460746737e+01 1.062888238288915588e+01 1.078843843473918618e+01 1.090617237495035319e+01 1.107711663468232999e+01 1.121342473030175491e+01 1.130349428289292923e+01 1.142471789867314236e+01 1.153239008890628092e+01 1.201597795083251086e+01 1.216192075314984855e+01 1.232433367150028225e+01 1.258254816445411883e+01 1.286084775995939466e+01 1.318393060019780805e+01 1.336950433701927565e+01 1.347419893560968696e+01 1.367374624097310587e+01 1.390315612299157344e+01 1.412280968097109479e+01 1.429176237363514801e+01 1.455079700410083632e+01 1.467850018725217254e+01 1.474496203750143764e+01 1.492177903823982632e+01 1.520180371874059766e+01 1.537769716318831925e+01 1.548132088944079499e+01 1.552160696401546680e+01 1.557630542782880845e+01 1.577984460346235807e+01 1.585746969774543302e+01 1.587339268804006664e+01 1.598127834774826006e+01 1.613986108685799081e+01 1.623443115598621489e+01 1.642680075636066306e+01 1.659820323449810431e+01 1.662785522640349356e+01 1.675059753343327529e+01 1.691131210043204192e+01 1.695724342983717037e+01 1.709747752530584108e+01 1.713642036185846962e+01 1.720142226538037633e+01 1.734624852020603214e+01 1.750669965260208727e+01 1.770192554117876327e+01 1.788793378646855103e+01 1.926013733314742993e+01 1.943348875049478863e+01 1.972196657643540618e+01 2.003209998062222041e+01 2.020434160508819943e+01 2.059038705570132421e+01 2.064355977574555467e+01 2.075509040196841681e+01 2.112031670821439278e+01 2.120006789979386141e+01 2.155626189099421808e+01 2.197568907671630711e+01 2.211382815582465255e+01 2.245136691346743874e+01 2.261041769805925838e+01 2.283835179443300234e+01 2.318261655683339839e+01
1.025777794356020456e+00 1.271268937409939959e+00 1.480362368654140059e+00 1.560691440970171762e+00 1.583047022609101129e+00 1.769787130558457378e+00 1.975767596809079318e+00 2.033378020906641659e+00 2.270019223032364142e+00 2.378807125527873101e+00 2.473144999830377611e+00 2.599701412692916325e+00 2.694221088034986167e+00 2.978569373833555911e+00 3.044975251066648347e+00 3.077496503880838841e+00 3.169530521904405873e+00 3.271851268955569214e+00 3.306465358697932899e+00 3.405959900781881711e+00 3.472351018410254397e+00 3.548285156668544715e+00 3.651025051892726303e+00 3.733914657707765539e+00 3.879646550177390019e+00 3.947254274409405461e+00 4.019920338874198862e+00 4.103253393655259096e+00 4.210292020135155688e+00 4.288934415740802919e+00 4.400066318934651832e+00 4.517501269673265263e+00 4.550792110049337147e+00 4.640042483032864595e+00 4.811982498509487449e+00 4.854243445745133556e+00 5.003304242660788326e+00 5.201973098865901868e+00 5.272644396568567871e+00 5.486175579096192578e+00 5.599010395237734805e+00 5.698797091170410667e+00 5.729257522920703671e+00 5.849511052431934033e+00 5.955645083477286050e+00 6.230386884565856320e+00 6.314896707431718603e+00 6.533353877893111950e+00 6.617890426180592200e+00 6.806919023216732256e+00 6.887786061997232423e+00 7.049391555033885481e+00 7.115118568136855615e+00 7.201972904191600300e+00 7.272209969719894751e+00 7.321630764578477724e+00 7.415704161137555595e+00 7.486619444476775520e+00 7.619096554588742798e+00 7.685820872548849714e+00 7.853571748952338005e+00 8.135525597588143754e+00 8.365992643433921572e+00 8.440466885716601197e+00 8.582383110741471199e+00 8.632357050872688120e+00 8.714863306851333036e+00 8.812830807865728033e+00 8.899460066272279590e+00 9.035621067202367129e+00 9.148745311977828365e+00 9.380773314576520860e+00 9.576370864943585914e+00 9.733378831685737254e+00 9.827759103038754773e+00 1.001221135205081580e+01 1.022735228333819180e+01 1.037018892432876349e+01 1.043813364400841692e+01 1.057870961059073345e+01 1.072080720877945481e+01 1.080532194550973557e+01 1.097973389584752191e+01 1.115236173205446057e+01 1.132628116002064900e+01 1.135534901717842082e+01 1.146655663965396954e+01 1.195311122172396345e+01 1.209898101316831642e+01 1.235136762179720193e+01 1.256689345389152557e+01 1.287912120631147772e+01 1.320154223122338699e+01 1.330479849876812537e+01 1.342197824223411473e+01 1.363067293319346440e+01 1.385062809125759209e+01 1.411483602866939258e+01 1.430500817821303805e+01 1.455510458383231409e+01 1.464751731277281799e+01 1.477690315185851588e+01 1.498136870619253536e+01 1.520529886250204044e+01 1.541657554646344863e+01 1.546793638420373007e+01 1.559859842188943624e+01 1.567316252751293781e+01 1.579142602817327301e+01 1.589807546829667295e+01 1.594765349538640820e+01 1.604017274364359125e+01 1.615884842531121990e+01 1.627654394794707216e+01 1.647409371332181749e+01 1.664460843515316668e+01 1.672816503660232712e+01 1.679434041025310975e+01 1.698241587463591884e+01 1.702171199678492286e+01 1.716717513734762690e+01 1.722559958284145054e+01 1.726130108807980079e+01 1.748304538378516071e+01 1.765825762998984061e+01 1.779603998642364715e+01 1.799456924282031167e+01 1.903611585817206375e+01 1.931422231722845595e+01 1.952754180026256137e+01 1.978598586357191280e+01 2.008433599297419647e+01 2.038696460583994963e+01 2.047191194798267588e+01 2.048725136487293952e+01 2.085801741009528598e+01 2.109130656884509136e+01 2.147302016893793564e+01 2.200326070149946389e+01 2.218762867417175855e+01 2.245114493491758267e+01 2.258079439352772866e+01 2.296348949264904959e+01 2.322082409470422704e+01
5.724745245211865230e-01 1.034775418618641085e+00 1.184935498823740163e+00 1.361678729009698774e+00 1.425307633499893756e+00 1.616435039200934565e+00 1.795948951199656918e+00 1.912273453357534070e+00 2.053536799968709303e+00 2.233920408754401787e+00 2.378945085627658163e+00 2.555108970118200151e+00 2.629213799929323692e+00 2.954447146598291329e+00 3.001239298515132603e+00 3.078003533928388880e+00 3.136465120246448635e+00 3.251119088459762718e+00 3.307730801180858382e+00 3.359016356808657733e+00 3.456848232155592893e+00 3.538958407466284317e+00 3.647067402436806383e+00 3.707406045890156321e+00 3.796918219203871292e+00 3.884570524728337748e+00 4.010282836054554600e+00 4.082424902000804323e+00 4.121628424831318860e+00 4.189953965985300677e+00 4.353051922949529029e+00 4.435838984673246443e+00 4.461359369425994537e+00 4.574125934308493235e+00 4.750329414851517384e+00 4.780840656559703028e+00 4.955650660116895700e+00 5.151902884065642674e+00 5.239119889021547571e+00 5.419730446075502250e+00 5.577705211949917086e+00 5.700105050259451467e+00 5.728364472833624710e+00 5.866895884585569654e+00 5.946275325880825413e+00 6.226719465606759485e+00 6.275000927558386010e+00 6.501406861845762997e+00 6.641138503482151734e+00 6.843337909585438972e+00 6.862234473151468173e+00 6.983564969417445312e+00 7.064569839192874845e+00 7.173882759885514382e+00 7.259951836992875052e+00 7.304518343062994745e+00 7.414512407387479520e+00 7.452970297418840318e+00 7.593647911069963286e+00 7.639648787827351128e+00 7.806591754442243847e+00 8.064241424707686789e+00 8.309353209780660166e+00 8.405706709890413464e+00 8.510906005953463804e+00 8.556095285377079307e+00 8.634150017926980780e+00 8.741185717017238233e+00 8.858967689111487687e+00 8.986702918220466074e+00 9.118843736850854143e+00 9.232217609022983495e+00 9.477640574679586649e+00 9.698339004119585383e+00 9.768054813247687207e+00 9.881793524795924100e+00 1.009147227512342404e+01 1.031195284324007311e+01 1.045725264578626224e+01 1.049890105161624199e+01 1.066520610191293095e+01 1.075406226784306796e+01 1.091470270430189693e+01 1.105780390896793364e+01 1.120289394302537467e+01 1.142510984119159367e+01 1.148893905504095869e+01 1.189847439597409462e+01 1.207097561825027654e+01 1.236572652346234591e+01 1.254628610236833453e+01 1.288410182600578224e+01 1.313428559099677706e+01 1.321299905323999369e+01 1.339615907746948054e+01 1.362142207008199790e+01 1.381165907494385969e+01 1.410660576680364997e+01 1.431572891921813273e+01 1.455169097838978765e+01 1.459310523184968922e+01 1.477220170204141603e+01 1.502910409866212049e+01 1.519701308071272372e+01 1.540592461526243717e+01 1.543904661557428781e+01 1.566351988994196098e+01 1.572826356070778786e+01 1.581289941990175052e+01 1.594186970714182294e+01 1.600042443520801072e+01 1.611716537212777212e+01 1.621493690338405003e+01 1.633425283964426100e+01 1.651538146467211732e+01 1.667303952080277796e+01 1.677772992950881559e+01 1.688426956775101218e+01 1.704039752312854006e+01 1.708760452926684081e+01 1.723627052224211198e+01 1.730752805776166170e+01 1.732829994640799143e+01 1.758556171344223173e+01 1.779780187343216014e+01 1.787086847775465870e+01 1.812337975919379573e+01 1.858882401740313384e+01 1.919293329773772783e+01 1.929553533947484922e+01 1.963654386131245033e+01 1.998790870490464044e+01 2.015490932196215468e+01 2.024691421096108357e+01 2.034946060840287529e+01 2.065151007923288873e+01 2.112043435840779537e+01 2.138921823337720340e+01 2.205925797832138358e+01 2.227374763381553535e+01 2.247757080802591290e+01 2.257504051321853566e+01 2.308377034038647224e+01 2.328091629505742333e+01
-8.766286784179312397e-01 6.932534854018788106e-01 9.233927510868789046e-01 1.153072618628195878e+00 1.214385817812975388e+00 1.424115432239248413e+00 1.649593352094589793e+00 1.812002663432706662e+00 1.901078697611316981e+00 2.129991605021409384e+00 2.278321602536393264e+00 2.508193942682280575e+00 2.577435767442340708e+00 2.904019830025768467e+00 2.938602126130008152e+00 3.064183130020326828e+00 3.135419521626977346e+00 3.231917524326486379e+00 3.302931576245783152e+00 3.324664072319420960e+00 3.418988738028357233e+00 3.542924806244382552e+00 3.631561978433241134e+00 3.672853294549360825e+00 3.711867783751451988e+00 3.846126917727681782e+00 3.946673181446353595e+00 4.031796849719555098e+00 4.077722439168645963e+00 4.138105076412204930e+00 4.275336475788320101e+00 4.359391057238659606e+00 4.406230885083445514e+00 4.523612156449337007e+00 4.658462989215878203e+00 4.736864373650703897e+00 4.892246634450891030e+00 5.128413970616226614e+00 5.221877729734879736e+00 5.354967912004740427e+00 5.552211291579892460e+00 5.692002356485328818e+00 5.745693269094278577e+00 5.881846510435207342e+00 5.931002832064354635e+00 6.184766175662636201e+00 6.252345177494969874e+00 6.439296034869928853e+00 6.632141303626470474e+00 6.734695523980239962e+00 6.832617163203676292e+00 6.943076030360708195e+00 7.047686961341168121e+00 7.103659921697162538e+00 7.224573335488180703e+00 7.309611016164249797e+00 7.410810152823606778e+00 7.450569191444141204e+00 7.568628138669541983e+00 7.594536878574660754e+00 7.778537779690162246e+00 7.987127047379961375e+00 8.233048665315106263e+00 8.361459641588444569e+00 8.395611398142415638e+00 8.478095315113126418e+00 8.527443218635644584e+00 8.673290175692315529e+00 8.817753696579792688e+00 8.927665667795315230e+00 9.033824348462145437e+00 9.168401974019147360e+00 9.351117342655383524e+00 9.570779023744394820e+00 9.729649515946853455e+00 9.827282622247563992e+00 1.000364346089699374e+01 1.027101761237956623e+01 1.038000871966235295e+01 1.048176226519543164e+01 1.060948601938131475e+01 1.072804995270132800e+01 1.086118665686019469e+01 1.095846435066193081e+01 1.111402518785235927e+01 1.147186642727683115e+01 1.151279876516304412e+01 1.186953064215790477e+01 1.204854454863998470e+01 1.236007662874547641e+01 1.250585733896807561e+01 1.285630736982024480e+01 1.297237641932900409e+01 1.318831760723321622e+01 1.337792672996482679e+01 1.362055401617918449e+01 1.379984931618438715e+01 1.409192672152230230e+01 1.431938931139486648e+01 1.447399322525921939e+01 1.455092313340450971e+01 1.470538432097520420e+01 1.507045389568269478e+01 1.518275277079502139e+01 1.536456529637393764e+01 1.544141877144380892e+01 1.567973108646929248e+01 1.572498034999489747e+01 1.583380999465721928e+01 1.596864096770451269e+01 1.606446973010620738e+01 1.619812593881365714e+01 1.630453185079055700e+01 1.640943777103645829e+01 1.655582943065785528e+01 1.668953372526808820e+01 1.680717744220844168e+01 1.697812720046626112e+01 1.708324768005005367e+01 1.715333521407718465e+01 1.727064183316980817e+01 1.736964246023065428e+01 1.740275261266214102e+01 1.764045159629691994e+01 1.774105532005301100e+01 1.793758034641825461e+01 1.821606592387524515e+01 1.841513579521533117e+01 1.885026596465277393e+01 1.927571536098526650e+01 1.956877663212915763e+01 1.982073947218137633e+01 1.999598179060562231e+01 2.010246288453062746e+01 2.025345084432240128e+01 2.051482217739474834e+01 2.114960710950262168e+01 2.132003317265327880e+01 2.213069620932925474e+01 2.235871453231755979e+01 2.250744593235429747e+01 2.258497165227899117e+01 2.318968691031464147e+01 2.336668889818608719e+01
-1.211175932610094819e+00 -2.166059355204145997e-01 6.647046170336349258e-01 8.637376901617828118e-01 1.043350700309280787e+00 1.286057793008286154e+00 1.555789285486511186e+00 1.718498184718471711e+00 1.820024853807091558e+00 2.031416280497479132e+00 2.189638592975156950e+00 2.454271864209016218e+00 2.551448386261521151e+00 2.842554942456694711e+00 2.880619407600841342e+00 3.013497890239333898e+00 3.157735735239313168e+00 3.215717379427383005e+00 3.288879399888663180e+00 3.312875500121079675e+00 3.385870446187070559e+00 3.527355666561175607e+00 3.551542304863880783e+00 3.642817548150317997e+00 3.703398410816116648e+00 3.808142588143488716e+00 3.874417571025298379e+00 3.955551111755776450e+00 4.042258594720163245e+00 4.091518725378179511e+00 4.215300147410098397e+00 4.312573619798447666e+00 4.361103254239660387e+00 4.475045531043932101e+00 4.584876417847702612e+00 4.699358148737126761e+00 4.822107151251594281e+00 5.118614991195665098e+00 5.204988625541995262e+00 5.311603200156838511e+00 5.522470529288758812e+00 5.683821821166948673e+00 5.762560456785086771e+00 5.882643866160079504e+00 5.921420420888980907e+00 6.132147612943178672e+00 6.213886766354160152e+00 6.347514339385329052e+00 6.554173813821619454e+00 6.613868361993709755e+00 6.777782258310241836e+00 6.962933139043837372e+00 7.011257569199607964e+00 7.043135892013332011e+00 7.186058624217444013e+00 7.276792603871546028e+00 7.408245430160699030e+00 7.449830042010149533e+00 7.547640693859054117e+00 7.571070318723323922e+00 7.763470079716308092e+00 7.909032255713762893e+00 8.109954428018919970e+00 8.261820498343357855e+00 8.332354428486230091e+00 8.377418875301364309e+00 8.432882603712561931e+00 8.629101819204935353e+00 8.762092031469066455e+00 8.854381384361786900e+00 8.943866887404123389e+00 9.166717995682628128e+00 9.236945815840018170e+00 9.424838204799186769e+00 9.666650801253272363e+00 9.825047864498056782e+00 9.926890083197340786e+00 1.022621474133070762e+01 1.028847364043525303e+01 1.045956302201063259e+01 1.057889379418109677e+01 1.067130911601726062e+01 1.075203111661246780e+01 1.092266076214653658e+01 1.108592470836753563e+01 1.144427952694636375e+01 1.153426859921095726e+01 1.186108965722210584e+01 1.199650682868654528e+01 1.232052015993322946e+01 1.245091297090717042e+01 1.276121734347128189e+01 1.290078823440458144e+01 1.317950701292850901e+01 1.335870378578496620e+01 1.361790117263845090e+01 1.380654052554578826e+01 1.406837166700255537e+01 1.422406968783924519e+01 1.433308887135677878e+01 1.454872666036864715e+01 1.462564102690580192e+01 1.509039127130658464e+01 1.515592550300766028e+01 1.535590055629833373e+01 1.544440605311175574e+01 1.565363087268865527e+01 1.572997615765621582e+01 1.582656331819270790e+01 1.596873927526508297e+01 1.610112270665310774e+01 1.631072864918244036e+01 1.639344613284978180e+01 1.648995815806066290e+01 1.660253544472028508e+01 1.669743903536915397e+01 1.682932281068736202e+01 1.703718787816212199e+01 1.711421947519692921e+01 1.720999662593910884e+01 1.723871394353458442e+01 1.739120124864516015e+01 1.746633852483187255e+01 1.753464537763081310e+01 1.769220534292066205e+01 1.805339377847293036e+01 1.828776222911753280e+01 1.855974367083158327e+01 1.860910217683670353e+01 1.926405948867520479e+01 1.950540210773715799e+01 1.962402662851214785e+01 1.987897224620015635e+01 1.999759734828638358e+01 2.021546654412233579e+01 2.042667195890420473e+01 2.114735769843970203e+01 2.128678358764429035e+01 2.220765124980901817e+01 2.243014768079713761e+01 2.253166638425654256e+01 2.260761822966989953e+01 2.328322581811816505e+01 2.346517983394771534e+01
-1.167054609059876347e+00 -5.028633377354900791e-01 3.889962320030997400e-01 6.247570889244603576e-01 8.950270866210124909e-01 1.179656154814982649e+00 1.494783854405305368e+00 1.638753333693086400e+00 1.767392645804264806e+00 1.945456612098683369e+00 2.132442383906826056e+00 2.408801514062639537e+00 2.557312307070179980e+00 2.782237259601262114e+00 2.824563257509569603e+00 2.956904787356058328e+00 3.161001566474544777e+00 3.207477484083072650e+00 3.276064671344052659e+00 3.308244393247988580e+00 3.366929286051669745e+00 3.441650398220953200e+00 3.547344591295278793e+00 3.630054032006089670e+00 3.678103903264609009e+00 3.779024912994231489e+00 3.823567601960875528e+00 3.881221695750678879e+00 3.975130624896041631e+00 4.048964679004824596e+00 4.209925410602850526e+00 4.267111038264759237e+00 4.325850018164512534e+00 4.408067504440986717e+00 4.553119506693504626e+00 4.666108755158298038e+00 4.768299446607421999e+00 5.103068836486737148e+00 5.182884928105621292e+00 5.310122599357948836e+00 5.490618528894555261e+00 5.666802789296632170e+00 5.773281793263588924e+00 5.848197850201238168e+00 5.940395674369088219e+00 6.076354390780425163e+00 6.154452528030851077e+00 6.212451204440545105e+00 6.457862117238267530e+00 6.553065324649211654e+00 6.729385964039034107e+00 6.915911217960232449e+00 6.992363768837733140e+00 7.024366291804413187e+00 7.151751884269076598e+00 7.229542580011659503e+00 7.379515841737523729e+00 7.441459942249727177e+00 7.530454246080678260e+00 7.576660775844428208e+00 7.742364138892948056e+00 7.845434170582320732e+00 7.963851655136753749e+00 8.136160512102625475e+00 8.276629606954545082e+00 8.307155088449544422e+00 8.365533925270923987e+00 8.602072922666865296e+00 8.694452253439409972e+00 8.766772415819293229e+00 8.906090555036138667e+00 9.097408562666663201e+00 9.186836146765253730e+00 9.282962173552043339e+00 9.608570795367226580e+00 9.812093169838231432e+00 9.869886814030067512e+00 1.015993441647063555e+01 1.020087664325431298e+01 1.038144610835142956e+01 1.052949381523999151e+01 1.058659974009252558e+01 1.071783820164862355e+01 1.091936393871742617e+01 1.108872045827917141e+01 1.132963307605365344e+01 1.154776548368493394e+01 1.185475338301926307e+01 1.188283653649323135e+01 1.228467516568103512e+01 1.243630767386600233e+01 1.269997032090368627e+01 1.288015624087055500e+01 1.317927971808944321e+01 1.333675543485361814e+01 1.360993876082098808e+01 1.378596725376416465e+01 1.394172963256507103e+01 1.404943991063320041e+01 1.432441496150205573e+01 1.454515372730954148e+01 1.456911958064966228e+01 1.508870088604389537e+01 1.511892595557129759e+01 1.536404577691260620e+01 1.545186203546083625e+01 1.562125393093169379e+01 1.572987432608330138e+01 1.581574009707109951e+01 1.596317753008755425e+01 1.610997043661975425e+01 1.639829852722398584e+01 1.648556612501719698e+01 1.655492843386874213e+01 1.664617378994149988e+01 1.670967631884738935e+01 1.683486408823915426e+01 1.703294326570320294e+01 1.713232935709952898e+01 1.722908929800430755e+01 1.725457425362520780e+01 1.736455027591829037e+01 1.750490010266053531e+01 1.753686288748372135e+01 1.770351400484362259e+01 1.807312154391853909e+01 1.837758219147984917e+01 1.856505237322297219e+01 1.873562217050919543e+01 1.924546422001714419e+01 1.937798988752986062e+01 1.951092928460066744e+01 1.978643036543470046e+01 1.989126257147709609e+01 2.022163110487451831e+01 2.037217694225187259e+01 2.112453379980168222e+01 2.128075450214511832e+01 2.228108494081397595e+01 2.247617039592707044e+01 2.255471621911307167e+01 2.263640658736380473e+01 2.337082292246938309e+01 2.355427163839049243e+01
-7.703717821237763275e-01 -2.649212391144750156e-01 1.602212238099368913e-01 4.647627754857839300e-01 7.807546495642126994e-01 1.097501771403988302e+00 1.450598113706874637e+00 1.592966016031337917e+00 1.724733194284876037e+00 1.877724109282316922e+00 2.115615889513792425e+00 2.394397706955886385e+00 2.591428306569669271e+00 2.734336014778919743e+00 2.770465592168503743e+00 2.918430581343736563e+00 3.111107967511385741e+00 3.220884336177574969e+00 3.246860124784441748e+00 3.315908815934366594e+00 3.374326770427990230e+00 3.400142891997377514e+00 3.535938681400323969e+00 3.626003537528368792e+00 3.641076013225596153e+00 3.748280130921909592e+00 3.783676823403675726e+00 3.837056230963287184e+00 3.904456586557511155e+00 4.030377946071039830e+00 4.218789334226160648e+00 4.228700461334705452e+00 4.299000622354149037e+00 4.338878055552781277e+00 4.536512216142240206e+00 4.634995619647414244e+00 4.753105763382860616e+00 5.071726149135991513e+00 5.184905159394751273e+00 5.340433956852770336e+00 5.458790306633835243e+00 5.628362611819745176e+00 5.777277656435457764e+00 5.810961850233889336e+00 5.943309857981684985e+00 5.992195945555191194e+00 6.071591245419170946e+00 6.129165315377787415e+00 6.422652339089289342e+00 6.486250300639622601e+00 6.703655060623505690e+00 6.837461352372459444e+00 6.971107945757874624e+00 7.020382697022482965e+00 7.148410717441779916e+00 7.181035460623231614e+00 7.328573173359131054e+00 7.433733199727470264e+00 7.517366962061971414e+00 7.574093975158420200e+00 7.699892890174875326e+00 7.806750992322601945e+00 7.855721063626329936e+00 8.018485651277677206e+00 8.210705199124683773e+00 8.266901545644151028e+00 8.323898371464595769e+00 8.578973348878076166e+00 8.616002468115400603e+00 8.699136773449845705e+00 8.887423667409878547e+00 8.969615490744073938e+00 9.072031122970692252e+00 9.264345019396996506e+00 9.571189161360896591e+00 9.751806766429647055e+00 9.846560202123653127e+00 1.001835045238709654e+01 1.011601566398258356e+01 1.029407800904438908e+01 1.049021365090516689e+01 1.058555985763343088e+01 1.070661706460941076e+01 1.092238029997715110e+01 1.108292503356495473e+01 1.118826457993409917e+01 1.155491519407053325e+01 1.176836989485839347e+01 1.186631372785293692e+01 1.229243894258622838e+01 1.245150484658146794e+01 1.268601892005902698e+01 1.287142417975555908e+01 1.318115352560081988e+01 1.330292590754769577e+01 1.353021367322958213e+01 1.364213432545427729e+01 1.388717892198582327e+01 1.401931327662595272e+01 1.432000686985854898e+01 1.450960666671241128e+01 1.456265401304111862e+01 1.507235454506351857e+01 1.509045630029474694e+01 1.536808504197315806e+01 1.545730410087503515e+01 1.559829050615927137e+01 1.572518880876182124e+01 1.580924902830947332e+01 1.595775931435378503e+01 1.610890112788615980e+01 1.644807666184933836e+01 1.655033460412655444e+01 1.659903032201978235e+01 1.666299919575346777e+01 1.674661125378577253e+01 1.683888052715768069e+01 1.703538250452917424e+01 1.715673861527987754e+01 1.725397870789372590e+01 1.728364435307280900e+01 1.734056736806052612e+01 1.750822783502820812e+01 1.757895698740950507e+01 1.770262232682992121e+01 1.801248000037128705e+01 1.849706795630930500e+01 1.867103876467909274e+01 1.889047123840158804e+01 1.915446944175955579e+01 1.928442376569676853e+01 1.943971979518244453e+01 1.969757325509643664e+01 1.982132228364428883e+01 2.024137436082519770e+01 2.033628181113982336e+01 2.111197227493092043e+01 2.127486656570164669e+01 2.234370705912717270e+01 2.249216261627690727e+01 2.258143531118405534e+01 2.266283444674185077e+01 2.345023777747745086e+01 2.361846965167951140e+01
-3.452696883955683194e-01 -2.670176935570116664e-02 1.898988644863103814e-01 6.220834845715604855e-01 9.772082435277784640e-01 1.057753157275830747e+00 1.412782496443065305e+00 1.577957216599248591e+00 1.695780000480592520e+00 1.831924152182452969e+00 2.115469914081487879e+00 2.421100681839095436e+00 2.623296879384985125e+00 2.705598803759803772e+00 2.742254388472337823e+00 2.904391378769408227e+00 3.061617501366880045e+00 3.171993809580516466e+00 3.269597779057063835e+00 3.336685790876011026e+00 3.374629192760966401e+00 3.399526856464111013e+00 3.520558310809276836e+00 3.598144248586518934e+00 3.635567383306253397e+00 3.708868777061649080e+00 3.769908766036174530e+00 3.817155234248516660e+00 3.861237430055052933e+00 4.020712187698767259e+00 4.203545375537180995e+00 4.231286111704570807e+00 4.263488968864612261e+00 4.306479053219799624e+00 4.511436560962944320e+00 4.621998183219860223e+00 4.763674468628247283e+00 5.041961079000412127e+00 5.221999643894694287e+00 5.378501665937911902e+00 5.426236321704299037e+00 5.587707681053376341e+00 5.736089262537017675e+00 5.795210870361177768e+00 5.838096169664881430e+00 5.965501818054222305e+00 6.034629024252107676e+00 6.123401448964115090e+00 6.408152977365834779e+00 6.436071661594865212e+00 6.692914275798113266e+00 6.770673527839230488e+00 6.959932712943572852e+00 7.021890486437478707e+00 7.105919674473412329e+00 7.187468649284713074e+00 7.297542016287255073e+00 7.415824637298912947e+00 7.491193141723240245e+00 7.547152975723320445e+00 7.670157295236545991e+00 7.740847992286864709e+00 7.846989251134855792e+00 7.937359607779185033e+00 8.152043322814856552e+00 8.237963676785451383e+00 8.303099358629868476e+00 8.504843358212072602e+00 8.580368175367540928e+00 8.676960009174774058e+00 8.811172623811980742e+00 8.877857065629198630e+00 9.008149170204500678e+00 9.275401646802029276e+00 9.555866546342898005e+00 9.685438633285883725e+00 9.774951212850432114e+00 9.919067377392931206e+00 1.007817952871077871e+01 1.026301840551893108e+01 1.048091827186720515e+01 1.058588359125718448e+01 1.070390757942979576e+01 1.092210456018972309e+01 1.102480619002638207e+01 1.114714503416837665e+01 1.155746997831443146e+01 1.171652273475244321e+01 1.186709551820020359e+01 1.230594092273064888e+01 1.247421950576514149e+01 1.270541009148677070e+01 1.287429125179401801e+01 1.317442602227411008e+01 1.321251799127123050e+01 1.339486613818341887e+01 1.362468864350143782e+01 1.389912161236662946e+01 1.399601472890112319e+01 1.431707895950192899e+01 1.447986708667837696e+01 1.456716305629146291e+01 1.505021110119673189e+01 1.507939688369867426e+01 1.536851515577045468e+01 1.545661829733970194e+01 1.558704487443446496e+01 1.572121185973993640e+01 1.580571050233864305e+01 1.595429695604165587e+01 1.610613254355208568e+01 1.648080996879081894e+01 1.654649396185392618e+01 1.664098416691727422e+01 1.667950609107959181e+01 1.677369521356628113e+01 1.685651480266488633e+01 1.705777873177399684e+01 1.717427250817297946e+01 1.725158644349161108e+01 1.729595169926383491e+01 1.735475580642899018e+01 1.748886597065660808e+01 1.761088533992594307e+01 1.769808371204373643e+01 1.796541977476460161e+01 1.863888651491791748e+01 1.880065699521685119e+01 1.895856386925278514e+01 1.903282468041829389e+01 1.925646903335231741e+01 1.938572566139329822e+01 1.959873966270682288e+01 1.980808093832087025e+01 2.025747566678462874e+01 2.031174151471608980e+01 2.111461895794246146e+01 2.126403955423094061e+01 2.238943320026724848e+01 2.248996477593199472e+01 2.260243728193185220e+01 2.268077802662980957e+01 2.351011758769930537e+01 2.365265496393620381e+01
-7.676169753884223108e-04 -5.879120859592340933e-04 1.478111709220942877e-07 6.081851261592249314e-01 1.018281116080689719e+00 1.232412303558368283e+00 1.390286519023694600e+00 1.574348578445495805e+00 1.685256788477025980e+00 1.815242165121941031e+00 2.112924083769535333e+00 2.444322389728897704e+00 2.626978041292312049e+00 2.694460714340380481e+00 2.745172141430470614e+00 2.905859366649974795e+00 3.040590060423279617e+00 3.148267198444911763e+00 3.283102962150744819e+00 3.344234465920608468e+00 3.365137469362350142e+00 3.418519798355135197e+00 3.505590516482920638e+00 3.581868292341638504e+00 3.637497142495216718e+00 3.696410283528118956e+00 3.767772292805509959e+00 3.810656220034595698e+00 3.845744048130730786e+00 4.017967956513606609e+00 4.195618878419291597e+00 4.236034247415338072e+00 4.244796360593051432e+00 4.301495924047996411e+00 4.497433720706259130e+00 4.621135638658699030e+00 4.771470423421852125e+00 5.030414646538090118e+00 5.261629544087536026e+00 5.371300193203824236e+00 5.422270783264477423e+00 5.580401364641917716e+00 5.675447028078481004e+00 5.775470911251910699e+00 5.820385963526854667e+00 5.957702554773347536e+00 6.031728397461613156e+00 6.125414359410560117e+00 6.400021843990328030e+00 6.420739435171202381e+00 6.688791233777298118e+00 6.745470656890629968e+00 6.958054698120841763e+00 7.033174515235766755e+00 7.069770658423505161e+00 7.201348597613546509e+00 7.293875319996687701e+00 7.401765002368778212e+00 7.459986223347314649e+00 7.538360002754172839e+00 7.652044866139662282e+00 7.728762428632408366e+00 7.850319464703708228e+00 7.907548265660595987e+00 8.126659229073883495e+00 8.224995068843421464e+00 8.297180205257770780e+00 8.463944783878416089e+00 8.572225611130177114e+00 8.680294064783515395e+00 8.741760598921594294e+00 8.870714648606170982e+00 8.990081720377267160e+00 9.280349645353783927e+00 9.555350779100617586e+00 9.649114301780246095e+00 9.732121115284892099e+00 9.907867135377745882e+00 1.006595029994961799e+01 1.025507468632580377e+01 1.047898282726741925e+01 1.058578036185511273e+01 1.070400915078162996e+01 1.091893769401684722e+01 1.099676378827387424e+01 1.114573276039316241e+01 1.155783927549323309e+01 1.170119557412909828e+01 1.186748489323082190e+01 1.231081040782712677e+01 1.248397616987459280e+01 1.272512248870934215e+01 1.288448158873399585e+01 1.311364688016785607e+01 1.319003164425656394e+01 1.337055931642711037e+01 1.362257919180322396e+01 1.390645511636001608e+01 1.398598967733727072e+01 1.431604924952415736e+01 1.446939422939294317e+01 1.456922945003647740e+01 1.504143829273015598e+01 1.507606271827925681e+01 1.536835955933918463e+01 1.545525006842825633e+01 1.558392779523529903e+01 1.571981174112846524e+01 1.580448801439092321e+01 1.595313857538400093e+01 1.610495328468363851e+01 1.649919671028348844e+01 1.653082973219435559e+01 1.665879947120858162e+01 1.668542443041094359e+01 1.678237700850942460e+01 1.686598209083445710e+01 1.707015397447021243e+01 1.717954283769483581e+01 1.724468762489795637e+01 1.729646334667627983e+01 1.737634759706281429e+01 1.747118569754524131e+01 1.762258579630256605e+01 1.769624172960805453e+01 1.795014179832540790e+01 1.875992682836017877e+01 1.882479280595833515e+01 1.890417512394547117e+01 1.902523550350061043e+01 1.925123283528871454e+01 1.937177468591885798e+01 1.954696691525322549e+01 1.981040447797697368e+01 2.026299598691042192e+01 2.030245918877323419e+01 2.111896280517586888e+01 2.125778029758199139e+01 2.240813004438718181e+01 2.248535297576153980e+01 2.261009681307053043e+01 2.268705423097097906e+01 2.353349310769395686e+01 2.366205578359249273e+01
-1.864907121000554391e-01 9.368029335357751231e-02 2.025681292744662687e-01 6.000028047532117714e-01 1.001994509145615275e+00 1.240857249984982369e+00 1.379668241382749683e+00 1.581699324154088870e+00 1.708152995499621074e+00 1.817424292343136960e+00 2.115526663666404517e+00 2.441878046937270952e+00 2.634175983661819487e+00 2.703518408128182227e+00 2.756613727897438970e+00 2.914141587346175566e+00 3.047372471724512533e+00 3.163591525931234827e+00 3.282531534771934822e+00 3.342086592607623086e+00 3.375640969516769285e+00 3.417951674572678566e+00 3.511349509933078483e+00 3.586314629432424184e+00 3.635928044724584307e+00 3.709786350258503784e+00 3.770340888475804064e+00 3.809357048870359641e+00 3.852328117733324842e+00 4.036485659960423078e+00 4.193728309337249271e+00 4.229094321896504916e+00 4.258046506965150080e+00 4.337215020597188442e+00 4.528482826236991166e+00 4.631470509085190201e+00 4.783191046061997298e+00 5.023147221954546104e+00 5.267964803675043051e+00 5.382670245573190293e+00 5.431093851151689300e+00 5.591172554559538099e+00 5.674340407159143673e+00 5.758492560302306273e+00 5.835469455801296945e+00 5.975276903463395684e+00 6.033757824351542176e+00 6.138600813768954723e+00 6.384613635041431756e+00 6.431365862787266963e+00 6.690018883247536685e+00 6.744520459303764426e+00 6.960541291460225821e+00 7.047255298056043671e+00 7.081759578094972696e+00 7.195803199384445570e+00 7.292731398429991074e+00 7.394374121478332285e+00 7.483789752213441560e+00 7.564081434611014565e+00 7.647581924198018299e+00 7.751313614736862867e+00 7.861191327245259153e+00 7.920253730024129801e+00 8.121636633381223547e+00 8.224603664678321380e+00 8.307721548988546090e+00 8.463182606363718108e+00 8.624507400924244394e+00 8.707671463175294946e+00 8.751777031185218547e+00 8.928175067961539924e+00 9.011855712071060509e+00 9.302400775395984311e+00 9.598573579438129499e+00 9.647669190940771244e+00 9.757948531291550154e+00 9.902454251621287895e+00 1.006912956681275340e+01 1.032313892801743194e+01 1.049379899709836295e+01 1.060729973987737118e+01 1.073738245946609027e+01 1.094542902301736476e+01 1.102781679049202346e+01 1.119474071537317350e+01 1.156332847195970892e+01 1.170104296502236707e+01 1.188048677227922134e+01 1.231559883860371762e+01 1.248298749820381559e+01 1.272820682811881632e+01 1.290226468518946312e+01 1.311387238868291405e+01 1.319366603113586578e+01 1.337048622934876185e+01 1.363279388668704506e+01 1.391338903338110100e+01 1.398661480218300390e+01 1.432064318654144941e+01 1.446957913954810770e+01 1.457725530412274573e+01 1.503618695622620649e+01 1.507104878532711822e+01 1.536414766596847237e+01 1.545143682122944462e+01 1.557937456346471095e+01 1.571027758737027646e+01 1.580057936087236747e+01 1.595005886303090570e+01 1.609960515582870855e+01 1.648411586313970290e+01 1.652567509127273837e+01 1.665855181009856878e+01 1.668390687799709937e+01 1.677882664246640942e+01 1.686865736492841705e+01 1.706419444899332660e+01 1.717164627541556499e+01 1.724473606414716542e+01 1.729377937857937297e+01 1.738414224832415655e+01 1.746378088108330573e+01 1.761996798644845796e+01 1.770025797808996870e+01 1.795217634238360560e+01 1.875783481909725126e+01 1.882114582005561942e+01 1.890623807663246936e+01 1.901987130133439763e+01 1.924416923888796305e+01 1.936022125724020881e+01 1.954363854095860020e+01 1.981454453921008607e+01 2.026078002971962988e+01 2.030254679454517941e+01 2.111213669036713014e+01 2.125546788148706057e+01 2.240035326428402485e+01 2.248387792513092265e+01 2.260898432596423291e+01 2.268558320191708333e+01 2.351473252466747965e+01 2.365946714609341228e+01
-3.749348517681421744e-01 2.755040225264763776e-01 3.715585988423897867e-01 5.682047545329006466e-01 1.034468642504237312e+00 1.265863702049787154e+00 1.399644837806005349e+00 1.610186702495264965e+00 1.764663841614190432e+00 1.845749326552979630e+00 2.136211538740203419e+00 2.433026680157757582e+00 2.643544829467653567e+00 2.729934623427048734e+00 2.799712726551290665e+00 2.942842474745518189e+00 3.062778492329233160e+00 3.197474596045754680e+00 3.287587755837001691e+00 3.345027800404060336e+00 3.390565030801129254e+00 3.416675105935361056e+00 3.527431735495807796e+00 3.601391437425523812e+00 3.632450793635769504e+00 3.739985094173940094e+00 3.785569692835015321e+00 3.811690545708193323e+00 3.872830605092112410e+00 4.084673143539417239e+00 4.184691712178342904e+00 4.246875989228244386e+00 4.298592824412390989e+00 4.409906246670293406e+00 4.601395636985086135e+00 4.665008951666757220e+00 4.819272896241318271e+00 5.006922824264449901e+00 5.280510803515658047e+00 5.411087808119266818e+00 5.461620317074292075e+00 5.624033797378385380e+00 5.672232456224665320e+00 5.736691096297136028e+00 5.858045511539581973e+00 6.002542235242744439e+00 6.058342046026266026e+00 6.171566378968527999e+00 6.348190860929341817e+00 6.473104086867074614e+00 6.691056714557020335e+00 6.744548579772694730e+00 6.970376287616589117e+00 7.048565132467154548e+00 7.093804531684909875e+00 7.212979104712271550e+00 7.300005156993552902e+00 7.381946242076193876e+00 7.524478912826437771e+00 7.593613473323905794e+00 7.684227987324655729e+00 7.801877840086667959e+00 7.900113228705280655e+00 7.972232019902737221e+00 8.112836392535330177e+00 8.231357138706862031e+00 8.353967463943623883e+00 8.469210186695411480e+00 8.677037828208140624e+00 8.784535553869174507e+00 8.807126787537278290e+00 8.992785813435959952e+00 9.138571107627166512e+00 9.366857680936583108e+00 9.621346443410409677e+00 9.681163572509520421e+00 9.868820710687149500e+00 9.915046178932449550e+00 1.008746710195167395e+01 1.044951719538649648e+01 1.057486704606483841e+01 1.066779492458123357e+01 1.082141856844563499e+01 1.099858795319959803e+01 1.113223246044658588e+01 1.138349182198343712e+01 1.158076100158976374e+01 1.170063671908079428e+01 1.193473590932981487e+01 1.233276843598366490e+01 1.247974151423276190e+01 1.273953840149635397e+01 1.296045776918102277e+01 1.311613732080773786e+01 1.320699353414768140e+01 1.337123128514081749e+01 1.366440539573878077e+01 1.393509861238557512e+01 1.398880905033122879e+01 1.433411925030893563e+01 1.447011863690901023e+01 1.460229964179380779e+01 1.502103037438108046e+01 1.505536467241703136e+01 1.535061675614608667e+01 1.543972226086033572e+01 1.556595892373640666e+01 1.568327724975058324e+01 1.578812470401068957e+01 1.594061341184872305e+01 1.608392664761618462e+01 1.645013216758782804e+01 1.649992068637530807e+01 1.665512899835449900e+01 1.668232349580753748e+01 1.676857677002293912e+01 1.687136114913529283e+01 1.705018692393840141e+01 1.715439359082413873e+01 1.724007894005154995e+01 1.728678526938430693e+01 1.739698604325585407e+01 1.745628241923709822e+01 1.761227201159539746e+01 1.771140728339504022e+01 1.795912159805339670e+01 1.875036507665590690e+01 1.881011152578032863e+01 1.891115718169931625e+01 1.900471691107496497e+01 1.922622309489242909e+01 1.933201388654295627e+01 1.953407988568379849e+01 1.982499126442752768e+01 2.025392111614075219e+01 2.030260383150502790e+01 2.109317521533702688e+01 2.124829376061287078e+01 2.237953779067917992e+01 2.247801604334039993e+01 2.260595876675121119e+01 2.268139020255599902e+01 2.346727161078133861e+01 2.364594713395272052e+01
-5.141729866810920146e-01 5.137056058993069163e-01 5.745415216949861792e-01 7.515188533968223394e-01 1.154263345243626615e+00 1.318466382487963218e+00 1.472384983690666838e+00 1.671291435853448970e+00 1.837226819127089739e+00 1.924429339093256974e+00 2.187046404791617160e+00 2.417615710000894591e+00 2.655512777654327916e+00 2.751400533149472416e+00 2.885764190608945068e+00 2.994619157863261272e+00 3.080370196432229424e+00 3.225399721750791926e+00 3.306459067613791269e+00 3.352284003586369465e+00 3.394680471087596629e+00 3.420169023828794952e+00 3.551103352383384149e+00 3.617229301670447317e+00 3.646309281718389528e+00 3.761418317872463390e+00 3.806884919262154554e+00 3.851469480693885838e+00 3.912644996558835686e+00 4.144162001764486902e+00 4.188658479202233664e+00 4.300730583331177748e+00 4.353198229061368885e+00 4.496963755344646430e+00 4.672787602053328548e+00 4.733496111469034595e+00 4.876775418834268905e+00 4.997144083938731995e+00 5.294128089892638833e+00 5.433294723088435418e+00 5.521675842525104905e+00 5.657496369435832229e+00 5.684630608713239219e+00 5.729387498387696454e+00 5.887745732614013683e+00 6.016103970350460628e+00 6.099602102782152535e+00 6.219890341848749671e+00 6.317316564597101447e+00 6.529652906747990038e+00 6.695322049890138238e+00 6.753111915083484185e+00 6.986713471534400810e+00 7.036943078579509070e+00 7.073650014191039226e+00 7.268425434062089074e+00 7.319131240532148475e+00 7.372999724358480833e+00 7.555556078799215314e+00 7.639311401134761148e+00 7.733023300379184839e+00 7.841295896786576236e+00 7.965111991141109016e+00 8.044216986981600925e+00 8.158160786582261181e+00 8.249118678152070672e+00 8.417311722157789333e+00 8.512693940688871308e+00 8.704679532911468343e+00 8.848463056177457986e+00 8.962656824049311410e+00 9.039164086691782174e+00 9.294694048051773905e+00 9.459209689752839267e+00 9.618396606351682365e+00 9.720961158481218334e+00 9.859473593587887663e+00 1.002030822695927981e+01 1.022677500819265717e+01 1.051176873832539371e+01 1.074016515159735441e+01 1.076831898997971138e+01 1.092972775763601945e+01 1.107599280943298936e+01 1.128720996673547994e+01 1.160000663430081858e+01 1.166300184393013950e+01 1.170542897197550225e+01 1.211656498461307940e+01 1.238276354255459388e+01 1.247513361675216537e+01 1.276421420623628933e+01 1.306095056404087096e+01 1.312503256409106456e+01 1.325036751718677763e+01 1.337984287709364217e+01 1.372309233124494021e+01 1.397167752271912278e+01 1.400115521847932953e+01 1.435585351792222397e+01 1.447173774994099205e+01 1.464899844397869444e+01 1.499898413873704506e+01 1.502796040268687605e+01 1.532529573365995823e+01 1.541926588195464021e+01 1.554246086678244509e+01 1.564480093512498726e+01 1.576644789000723534e+01 1.592341034133164790e+01 1.606018459252030084e+01 1.640567424936644514e+01 1.645175334586420135e+01 1.663831936926403898e+01 1.668483975180104650e+01 1.675161366430155141e+01 1.686676415813323615e+01 1.703209232829302877e+01 1.714397676121403791e+01 1.722421946035819929e+01 1.727637291371563322e+01 1.740025373240674966e+01 1.747391890954583360e+01 1.760097644498604197e+01 1.772909360053596473e+01 1.797348038755990984e+01 1.873665295035687706e+01 1.879314831414773224e+01 1.890932404601221961e+01 1.898364584961758084e+01 1.921092394048958951e+01 1.929866599870774380e+01 1.951952917761023087e+01 1.983925967028537585e+01 2.024188430220797130e+01 2.030225806980566361e+01 2.106624124620062233e+01 2.123582973920379402e+01 2.235070042983173266e+01 2.246643811432320703e+01 2.260158607511322870e+01 2.267486093462294150e+01 2.340527092693346844e+01 2.361609038201443767e+01
-2.420755193940328232e-01 7.047454997596998005e-01 8.192507090668977865e-01 1.127983794745367030e+00 1.281489661784770417e+00 1.430386500195954369e+00 1.584834394242000677e+00 1.759023346671695354e+00 1.926720860066963859e+00 2.046876845623856411e+00 2.266665979762195082e+00 2.400712544189866016e+00 2.676349472241541072e+00 2.779279735510531424e+00 2.969706325337434283e+00 3.078178783833783960e+00 3.099435841569255334e+00 3.244378592257729732e+00 3.322558759260992201e+00 3.355139687364339984e+00 3.389134326162069222e+00 3.430430878228421854e+00 3.573522644036060125e+00 3.630479851353345389e+00 3.695374679428921283e+00 3.782267140398189120e+00 3.839363896968909451e+00 3.900247802323596691e+00 3.990655119046332189e+00 4.186216613280278054e+00 4.233403781279235112e+00 4.379372753783997929e+00 4.419666595239506002e+00 4.581162417590014080e+00 4.732231184339712904e+00 4.819371944977856259e+00 4.927895522260378414e+00 5.033249074552490043e+00 5.304770709094626113e+00 5.447362349719291785e+00 5.592845112449540856e+00 5.650799963189719222e+00 5.719119903285686313e+00 5.762832848147122711e+00 5.928425996583606583e+00 6.028608400668070466e+00 6.126066299777041202e+00 6.266001404806712749e+00 6.302724791156274264e+00 6.576435092336079258e+00 6.714346452011590749e+00 6.774232649582165422e+00 6.986255911135404340e+00 7.039741409248564175e+00 7.060586154285580562e+00 7.307407478524036826e+00 7.345437361179000924e+00 7.378279539510191221e+00 7.586827672345864748e+00 7.703665442389549867e+00 7.776913041841066132e+00 7.878045034814139314e+00 8.022761936975795649e+00 8.076711203033260844e+00 8.244357723928921189e+00 8.336126484182800667e+00 8.436001131929343089e+00 8.644894624104646041e+00 8.740516824213573344e+00 8.922982121823332946e+00 9.083680465176490415e+00 9.197497843883313706e+00 9.434495673427401030e+00 9.531868186017931066e+00 9.639184901328185617e+00 9.776956530920543287e+00 9.859050741129156137e+00 1.003271640449908553e+01 1.041852219361364895e+01 1.057574681856978316e+01 1.085243513406680371e+01 1.093278591268899724e+01 1.104711830799554484e+01 1.119270203962813426e+01 1.145577570627408726e+01 1.164642735869279200e+01 1.169718306235214911e+01 1.179961781445010693e+01 1.232015774060576163e+01 1.245548935645198796e+01 1.260781060220510952e+01 1.280855363637856748e+01 1.312772850843748529e+01 1.315729203387063073e+01 1.333515752552845157e+01 1.346806793984008976e+01 1.381515406387151224e+01 1.399453232078454157e+01 1.409889451260626991e+01 1.438661853141973523e+01 1.448217411131227728e+01 1.473143601044690243e+01 1.497914044006020262e+01 1.499803265500517568e+01 1.528520163837376167e+01 1.538954372496942824e+01 1.550107997158205997e+01 1.560913067431182633e+01 1.574122645475090998e+01 1.589451786513592602e+01 1.603684741313978535e+01 1.634819323159208437e+01 1.639378653697882982e+01 1.660523837527110302e+01 1.668579571737713252e+01 1.672840283825772900e+01 1.685364276500848746e+01 1.701273303293052308e+01 1.714945907249804335e+01 1.720323122505927671e+01 1.726757984786072697e+01 1.741187920535919176e+01 1.749801833931846318e+01 1.759396929624013595e+01 1.775567195987154889e+01 1.800035510186423338e+01 1.871872483366655260e+01 1.877585922409772223e+01 1.888486786432647335e+01 1.896166101611012422e+01 1.921790949813579985e+01 1.926796984138736235e+01 1.950171304226823210e+01 1.985897638202871818e+01 2.022435968161112285e+01 2.030144968004538342e+01 2.103725248058762887e+01 2.121787423400986228e+01 2.231894628241975909e+01 2.245065646344620092e+01 2.259612739210605170e+01 2.266640626101703404e+01 2.333904109845325792e+01 2.357268055596626155e+01
6.524379531800591492e-01 8.714133474576398752e-01 1.091724885505089615e+00 1.384567525302440316e+00 1.496351669440919796e+00 1.640555680124025084e+00 1.744537659086901060e+00 1.853007160404244402e+00 2.044180509148636471e+00 2.197961023745081732e+00 2.372985233228519508e+00 2.392477355066695566e+00 2.708806931687240738e+00 2.817610405691985953e+00 3.030960596983597100e+00 3.113232093031144565e+00 3.184008268449605605e+00 3.267612455461998078e+00 3.327639767927688119e+00 3.340261695253680330e+00 3.389430613494976985e+00 3.444412643294312293e+00 3.588124069746589928e+00 3.656186770442739320e+00 3.763193946755301500e+00 3.816197909412823996e+00 3.895547772443930246e+00 3.943168678061020671e+00 4.090963042246350767e+00 4.227687587091206289e+00 4.307190562706768588e+00 4.446199141569180391e+00 4.517991165933244346e+00 4.647905734368518615e+00 4.792002290237533657e+00 4.880096789168956839e+00 4.979344838213062729e+00 5.123722317380214442e+00 5.309681471871703806e+00 5.458685338095420114e+00 5.631556310499318485e+00 5.672409124686776494e+00 5.733655210526275248e+00 5.821437669581133179e+00 5.967311808578276811e+00 6.050590422969578164e+00 6.135713240214797359e+00 6.277588104901322907e+00 6.322879162944460951e+00 6.598258930118388932e+00 6.746713959306552155e+00 6.802881286388176463e+00 6.961246911524193948e+00 7.052259347327417771e+00 7.074865292593139010e+00 7.303637779668489927e+00 7.361053075779413923e+00 7.427892107157902934e+00 7.621606011159122396e+00 7.725226178659736931e+00 7.851558761134835862e+00 7.918192916787410773e+00 8.014516393865692478e+00 8.190776691432615664e+00 8.275381895266434640e+00 8.421710712529897336e+00 8.519012264061093020e+00 8.735409337725524637e+00 8.865656850378890397e+00 8.999768573616027112e+00 9.158427039829810212e+00 9.471248087457670550e+00 9.525587094711948311e+00 9.600258364813463174e+00 9.700846015721255711e+00 9.795905840787051844e+00 9.972924760201115291e+00 1.004420300951588452e+01 1.051330387188831672e+01 1.067687598641042435e+01 1.095796638603011885e+01 1.107661890755888479e+01 1.120780167665665594e+01 1.132126106949303335e+01 1.157670384695282273e+01 1.168222296711815922e+01 1.173018529303216440e+01 1.187487099799430723e+01 1.239923476320119100e+01 1.244694467459500942e+01 1.281213439153953537e+01 1.289144416271859583e+01 1.314636774118919860e+01 1.321983104968144396e+01 1.336736707188545559e+01 1.361957716466361035e+01 1.387558555961775753e+01 1.402755190875756597e+01 1.426252282407877026e+01 1.441348538741683605e+01 1.454514834806605350e+01 1.480678476648726516e+01 1.493270482443477221e+01 1.510746900544861937e+01 1.522912084876927530e+01 1.535425710189633541e+01 1.543785901858886511e+01 1.558511832011291354e+01 1.575551870912850738e+01 1.585041573075968202e+01 1.604952522677205096e+01 1.627017268388367555e+01 1.635349641492046047e+01 1.656981276749830201e+01 1.667140032826796414e+01 1.670807055830289301e+01 1.683077107727700650e+01 1.700158997427536534e+01 1.714789789515693741e+01 1.721142689438521955e+01 1.726912401372884887e+01 1.743761962161629242e+01 1.750156846406352784e+01 1.761067320217478027e+01 1.779630674900267806e+01 1.805179684835972509e+01 1.870038378794185618e+01 1.876592940640543716e+01 1.884188499585058807e+01 1.893826074418034011e+01 1.922251825250853940e+01 1.927194418263090725e+01 1.948248155339053156e+01 1.989030282586048415e+01 2.020257989970309254e+01 2.030083701186186929e+01 2.101264155107630671e+01 2.119463495952536647e+01 2.228903793297466507e+01 2.243439531593519121e+01 2.258967976647904408e+01 2.265719917594745780e+01 2.327529311260548184e+01 2.352418897327937586e+01
9.401988406698055245e-01 1.022769516972799275e+00 1.287813012884536645e+00 1.594140298809496370e+00 1.628662202066540443e+00 1.846372680167012170e+00 1.931823894369604444e+00 2.065127116325412349e+00 2.229442487508844994e+00 2.345846195682449231e+00 2.394686277444035394e+00 2.534234334084306983e+00 2.746227361416433865e+00 2.870114451404985445e+00 3.070843693691938103e+00 3.140628806678265050e+00 3.232075528858084468e+00 3.288854251601357692e+00 3.311640898297282920e+00 3.360379116458239945e+00 3.408795269077286694e+00 3.466187094515100320e+00 3.607042421122854226e+00 3.683637378607459212e+00 3.833374467329405455e+00 3.872136243266241173e+00 3.975749599108341581e+00 3.986097009725571017e+00 4.190592764597566244e+00 4.289580917272258986e+00 4.390647793266484911e+00 4.499368260526869001e+00 4.627861295196587399e+00 4.698971328404693892e+00 4.853298705461967621e+00 4.919690251404134074e+00 5.057412770390095957e+00 5.211151395687211085e+00 5.321224267318877210e+00 5.471005966042228330e+00 5.634632978577991835e+00 5.715827266548915375e+00 5.753683951723569834e+00 5.863600838091597822e+00 5.988051856049692034e+00 6.080819853106929074e+00 6.142636965007826966e+00 6.278290089194484835e+00 6.350997879919083822e+00 6.605895468664082948e+00 6.775277854673404931e+00 6.821674291527819456e+00 6.939244485522020334e+00 7.052880655063184179e+00 7.102957599298398428e+00 7.284547572834357609e+00 7.371315970338769397e+00 7.491058433559999230e+00 7.640008629019764186e+00 7.726576303976488092e+00 7.916536036434815848e+00 7.960140863331655048e+00 8.018817462357421988e+00 8.243414549656147727e+00 8.365093557076100694e+00 8.427701937970617507e+00 8.667119434860611094e+00 8.810694714601304156e+00 8.986170273745621273e+00 9.109246524942385292e+00 9.240073114366389007e+00 9.539404912216891574e+00 9.691536279569774592e+00 9.729476870568998237e+00 9.804156775528490186e+00 9.891682510908971437e+00 1.004978024460926633e+01 1.020404621892135921e+01 1.057409672185363902e+01 1.077212865334487368e+01 1.105140931386031689e+01 1.119874411623747967e+01 1.139771412526016903e+01 1.143607916192676299e+01 1.164936044579531149e+01 1.169758544334405492e+01 1.177170642541723389e+01 1.199131414014898489e+01 1.241387182825514301e+01 1.249011847007866827e+01 1.288890691195910776e+01 1.298810979004277044e+01 1.315563090692655912e+01 1.328598556309384904e+01 1.343712131722230119e+01 1.371165678782973352e+01 1.388385125764687800e+01 1.407911366966244415e+01 1.431835152651239973e+01 1.441119353306129902e+01 1.463243388787964072e+01 1.477510307452821081e+01 1.487506306059784400e+01 1.514879718376776907e+01 1.519710009699744901e+01 1.532456356020403554e+01 1.537116751824939520e+01 1.553832883896882855e+01 1.577643053939672413e+01 1.582269876491187510e+01 1.614378344918651820e+01 1.619276505957653356e+01 1.641651817510343037e+01 1.656698315681737910e+01 1.666846087575263979e+01 1.672831074189222988e+01 1.680399333674983353e+01 1.700107105863305534e+01 1.717125987904401896e+01 1.724547913775481334e+01 1.729277269278025031e+01 1.747085220875686673e+01 1.749492323545459982e+01 1.765645774696460180e+01 1.785310631550076010e+01 1.815634194332117346e+01 1.868737477719402662e+01 1.875842247721750411e+01 1.880391108991794624e+01 1.891915651512527319e+01 1.919848297674602478e+01 1.932522403981386105e+01 1.946437696164577602e+01 1.993886574066080897e+01 2.018204255527874480e+01 2.030223142493303712e+01 2.099771401014115213e+01 2.116695144661975547e+01 2.226472454852890337e+01 2.242231173856887239e+01 2.258312799460502518e+01 2.265026332350743843e+01 2.321837548971577547e+01 2.348064156785122947e+01
1.110931162350227819e+00 1.164931553053348168e+00 1.380724776010249455e+00 1.663047526228654815e+00 1.840307867137487063e+00 1.923882508280426951e+00 2.051967147207644615e+00 2.289399152702201512e+00 2.379705587944081824e+00 2.478984731796564756e+00 2.593674447426161045e+00 2.728249570855375783e+00 2.782027205470528841e+00 2.940610212150443381e+00 3.087708197307540647e+00 3.176815699407345317e+00 3.239335834275969717e+00 3.257923413592024975e+00 3.309077996480053852e+00 3.389091530315634593e+00 3.467126125262722791e+00 3.514095600647323625e+00 3.641393468196271854e+00 3.715273538868392844e+00 3.876234491024961759e+00 3.971942660656226032e+00 4.024691444161126341e+00 4.080843868978786482e+00 4.285853324592930669e+00 4.368750077019684319e+00 4.466574237202446618e+00 4.551333981792836880e+00 4.698661712537896662e+00 4.780891899307964543e+00 4.907709735048060296e+00 4.972993652925898012e+00 5.122421287829049596e+00 5.264112577933306447e+00 5.359763291254866502e+00 5.488981249825655162e+00 5.638928599467750047e+00 5.738637238147334507e+00 5.775229290128702786e+00 5.884737163871174737e+00 6.001758322852332128e+00 6.071621743210901201e+00 6.180423770619918322e+00 6.279023314160856906e+00 6.376332785090209399e+00 6.609132183443976238e+00 6.780359457729659312e+00 6.826428140825520074e+00 6.928080018761303194e+00 7.055639208113126948e+00 7.118658535255249831e+00 7.268732938723591275e+00 7.374901304145502046e+00 7.541979883186956002e+00 7.639548145435941073e+00 7.721735525061331984e+00 7.929902721716246994e+00 8.013410763797551795e+00 8.056621894463379618e+00 8.245161107447486870e+00 8.421782770856092171e+00 8.473810434446379602e+00 8.757591951719895462e+00 8.921172128979554472e+00 9.038130090489168822e+00 9.214139398820533344e+00 9.381998458478646441e+00 9.536292924754279809e+00 9.684196548696061058e+00 9.875091284190533614e+00 9.940830936332416101e+00 1.010659247925189064e+01 1.021616492300545609e+01 1.045232422234902003e+01 1.068204192602303060e+01 1.085832367923061348e+01 1.113281317193679953e+01 1.130509820905626661e+01 1.149280664319126544e+01 1.157062349336015572e+01 1.169153778139065203e+01 1.176971354707015571e+01 1.180961987861793183e+01 1.215289113576558044e+01 1.238918405222141672e+01 1.256497608611535988e+01 1.293198594740487550e+01 1.305826884763773243e+01 1.315595697567664857e+01 1.332318740921775913e+01 1.354232924190485932e+01 1.377989377501742752e+01 1.387866429084270870e+01 1.414665102912591799e+01 1.431457261221367183e+01 1.440767706357705080e+01 1.466983459598117534e+01 1.471090540157744542e+01 1.482634321334262850e+01 1.505025051429237237e+01 1.511871194765041615e+01 1.526712694367303058e+01 1.529726072290592320e+01 1.546428239782370362e+01 1.569708659160835573e+01 1.577851540741693803e+01 1.607420339777585738e+01 1.615969475539582234e+01 1.642932962850640521e+01 1.651452759918385027e+01 1.668173024692826090e+01 1.675238479843698869e+01 1.691555042094264039e+01 1.701073155109939705e+01 1.721330112291126468e+01 1.728254653008561803e+01 1.745153367197584515e+01 1.750099794155337563e+01 1.759546389360256313e+01 1.778006567979458907e+01 1.793432220619198958e+01 1.835021236260702082e+01 1.869236303321538983e+01 1.872695593665986991e+01 1.880650492674047314e+01 1.892109858690654889e+01 1.918115504500259760e+01 1.938407964898290459e+01 1.945575992673402510e+01 1.999434708151675721e+01 2.018010823573495216e+01 2.031023809577481032e+01 2.099488270326376238e+01 2.113695439855264624e+01 2.224765042438391660e+01 2.241883117316959684e+01 2.258004586348122800e+01 2.265063989392702126e+01 2.317174211416652341e+01 2.344943753836842149e+01
1.222924413124839793e+00 1.289148383465146708e+00 1.441285917676428552e+00 1.707681976286367753e+00 1.879712842930475247e+00 2.025648424493708077e+00 2.162733341038930224e+00 2.359176534352629417e+00 2.498228873361494351e+00 2.605771481823598190e+00 2.783357320280201552e+00 2.818522970715314990e+00 2.943108781462590695e+00 3.033895937824269140e+00 3.104039503560417135e+00 3.181583072495857145e+00 3.233007022946818854e+00 3.258796103311279779e+00 3.355417874708257031e+00 3.413675386211539653e+00 3.516240322515950201e+00 3.593370842118598585e+00 3.689224259210266865e+00 3.763526776842796018e+00 3.910247752587128200e+00 4.036193446251641781e+00 4.099862111895289374e+00 4.216908286491694469e+00 4.387321173105306116e+00 4.447944041268871551e+00 4.526426048508987776e+00 4.613239007929640145e+00 4.747501538061077220e+00 4.878692643624991554e+00 4.955209759236815614e+00 5.035014260975094302e+00 5.160902239770186029e+00 5.306067048328351632e+00 5.396522809759786377e+00 5.508754490882632027e+00 5.648361540726440921e+00 5.743159956407266620e+00 5.791048156128000279e+00 5.893306035835881751e+00 6.007777234693566726e+00 6.044676521556635151e+00 6.209640126412279137e+00 6.285576777294373585e+00 6.404022376833412800e+00 6.612052644564167636e+00 6.745684729214735498e+00 6.835641920884517830e+00 6.920322974794947513e+00 7.059692717542359830e+00 7.122341362214872795e+00 7.258522444984369493e+00 7.373699826243880651e+00 7.554286108736298466e+00 7.643017914547262315e+00 7.709615506817280917e+00 7.915799469075779804e+00 8.054749627448556382e+00 8.118470675135871062e+00 8.239744143386035446e+00 8.413439495788065159e+00 8.548424693442573385e+00 8.813955461697585037e+00 8.986314824834115811e+00 9.078217573244943495e+00 9.287500145755286596e+00 9.506274783790942706e+00 9.588047500568524839e+00 9.657780603168992783e+00 9.946133754606524491e+00 1.004745341885017851e+01 1.030831842925031339e+01 1.043780749204131553e+01 1.073492979954438020e+01 1.091079188047325843e+01 1.097724713375276018e+01 1.120482447566483408e+01 1.140254256989821258e+01 1.152156447286405694e+01 1.165776487445006104e+01 1.173880565457548819e+01 1.179690025953315136e+01 1.198630716976873067e+01 1.231543031954919876e+01 1.237645243976555953e+01 1.264126109308328338e+01 1.296114820509139065e+01 1.308681179235271408e+01 1.316893979831724337e+01 1.336768029140591274e+01 1.360951325068024609e+01 1.383739117597614765e+01 1.387741314033751650e+01 1.422075969463342560e+01 1.428085065664797249e+01 1.441841544300555711e+01 1.459487958560893439e+01 1.466617043402877130e+01 1.482680069515944332e+01 1.491670430361505773e+01 1.501476453239288844e+01 1.516292502053518021e+01 1.522357663216986978e+01 1.537901445325689487e+01 1.559412261415957168e+01 1.568593183413123349e+01 1.598524724525320551e+01 1.612372065723063841e+01 1.635400737673359473e+01 1.646750174129980238e+01 1.667404682493214807e+01 1.672038814597463841e+01 1.693041653295674109e+01 1.702778935093401458e+01 1.718937534575405479e+01 1.730691513079539590e+01 1.746657627041645000e+01 1.753257112986779376e+01 1.772808458530982634e+01 1.793759312073731493e+01 1.828256008423576162e+01 1.855187567188452746e+01 1.869007937066357172e+01 1.873664227615306288e+01 1.891290910241088952e+01 1.898276174381819459e+01 1.919616000097679631e+01 1.942024530019309481e+01 1.950965525490349251e+01 2.002030101720329469e+01 2.022326090545984556e+01 2.034134089016944813e+01 2.100182503283717139e+01 2.110949730585285167e+01 2.223714602238347737e+01 2.242541056550231815e+01 2.258935922095319171e+01 2.266428981599463910e+01 2.313888937325929263e+01 2.343312149149788581e+01
1.294400026747160704e+00 1.383873521389747729e+00 1.466421008507454715e+00 1.749483887588894726e+00 1.885950023411433918e+00 2.076549646221809375e+00 2.251227625945005695e+00 2.383157069500271064e+00 2.594556557543549857e+00 2.694176383504162775e+00 2.798421690184462296e+00 2.902836335903387965e+00 3.018900763471347393e+00 3.064106849005199695e+00 3.111786898227055786e+00 3.164294010277999725e+00 3.243956797460605834e+00 3.311410421479894950e+00 3.408903010698153047e+00 3.533451641315595193e+00 3.622477644381767004e+00 3.674783413340283023e+00 3.749795817180026081e+00 3.823549692842240333e+00 3.939936612730576826e+00 4.071996619366709425e+00 4.194461993466815031e+00 4.358648936245229422e+00 4.490671057218902362e+00 4.527789812158572680e+00 4.608606569930116414e+00 4.680370284458274632e+00 4.796173694497638529e+00 4.947964370660545619e+00 5.017972181619050787e+00 5.084114148289819113e+00 5.196254135236219263e+00 5.340888024802782574e+00 5.405244193755722293e+00 5.518932403570231848e+00 5.661998307778872253e+00 5.725214561039909889e+00 5.809590292299859016e+00 5.892407112978529149e+00 5.992444558543637001e+00 6.034014387922703726e+00 6.202425783024287931e+00 6.303086937226018982e+00 6.433753664631697511e+00 6.615315373136878563e+00 6.695184003120720817e+00 6.836651178120835226e+00 6.913352719715657457e+00 7.061140499936512605e+00 7.121174737561891455e+00 7.243498812752109828e+00 7.375624812528960739e+00 7.529350747677999500e+00 7.654657350970644814e+00 7.690751759547602262e+00 7.890625341265295134e+00 8.080426548806103781e+00 8.173902206053567099e+00 8.251983366970220501e+00 8.399915407347988250e+00 8.604613217928152480e+00 8.846424971006152660e+00 9.008928880751865265e+00 9.116648052462439367e+00 9.349325140121985456e+00 9.480590424544121930e+00 9.599743102988819388e+00 9.736227760966110978e+00 1.002316459292790007e+01 1.015811826554082131e+01 1.041599213423300085e+01 1.063006644497454012e+01 1.104204053971317556e+01 1.108293033043126208e+01 1.125403420058744963e+01 1.131679884832903227e+01 1.149693307414658427e+01 1.158390507330533659e+01 1.164190672496831702e+01 1.181188418229892179e+01 1.189739534806076904e+01 1.217757068322739222e+01 1.228973326647464326e+01 1.252500939418345638e+01 1.273759160870775631e+01 1.297709771580275451e+01 1.306627057111116841e+01 1.320635350035412614e+01 1.343503834313035306e+01 1.363893695282714980e+01 1.384218351640703482e+01 1.392039298499196143e+01 1.417652239383844481e+01 1.434156957187747139e+01 1.441206527909298529e+01 1.449785739397930939e+01 1.459448179344502883e+01 1.474399611479587868e+01 1.486665012498520078e+01 1.491448695588084483e+01 1.503711164762242802e+01 1.515181137737733330e+01 1.528278159888847476e+01 1.547459752089930340e+01 1.556588481414365610e+01 1.588965234152382955e+01 1.609753086056689497e+01 1.623916971529718722e+01 1.645338991062705958e+01 1.665392640914725675e+01 1.670036846819557397e+01 1.691687543990307674e+01 1.703417968286555606e+01 1.715146597154857844e+01 1.733076190176296905e+01 1.746477899866751216e+01 1.755492248797438748e+01 1.781021097691226274e+01 1.799802354184512154e+01 1.850136162249560812e+01 1.859881808922293089e+01 1.872058828603631397e+01 1.875348894143090561e+01 1.904489691124921791e+01 1.911809084067311559e+01 1.932170001890481359e+01 1.945395992177218147e+01 1.975235383358285191e+01 2.002775760541137728e+01 2.027910456083218094e+01 2.044094424978049318e+01 2.100915664852588804e+01 2.109457991093034934e+01 2.223186259157452227e+01 2.243803378765208478e+01 2.262202370604403612e+01 2.269850220032731514e+01 2.312356841230689852e+01 2.343021755731741962e+01
1.323401861341673147e+00 1.417155615279811487e+00 1.471480182822650917e+00 1.792828161873090131e+00 1.903116577187965230e+00 2.098779096794141985e+00 2.310994702072036500e+00 2.412347020376462314e+00 2.631053295228310329e+00 2.719426478029884464e+00 2.799008879405971317e+00 2.934542110317256647e+00 2.988879228439125679e+00 3.049352951444740611e+00 3.115073774528162254e+00 3.174294090852483041e+00 3.265500803361125914e+00 3.337766099240031092e+00 3.426522993896068403e+00 3.589826547274267199e+00 3.742339634843679708e+00 3.775026822064731391e+00 3.843565778043855019e+00 3.961514670444177710e+00 3.981336242515582047e+00 4.109555896184730273e+00 4.291637417319711822e+00 4.472399162006282403e+00 4.543099388246146120e+00 4.638200786930343433e+00 4.699879904745673187e+00 4.781993042622941559e+00 4.849795024564770962e+00 5.002307117157697824e+00 5.092443379764159950e+00 5.108722149948588864e+00 5.242205198301002511e+00 5.359884756240134607e+00 5.386726833771722234e+00 5.506905683983510436e+00 5.668585819804492942e+00 5.707774317976292089e+00 5.803310771810749280e+00 5.891692836574085490e+00 5.970653325912901543e+00 6.048516755405558776e+00 6.171219074377380487e+00 6.317005558662798670e+00 6.449715248885905972e+00 6.587075201027542626e+00 6.679224397119432943e+00 6.821644854022344440e+00 6.912408228574379976e+00 7.057068913104513896e+00 7.117879750079210588e+00 7.222168808069529433e+00 7.382884676450687245e+00 7.494580540639542932e+00 7.642173025413449672e+00 7.683301043197460878e+00 7.861113896094497733e+00 8.093271114386903164e+00 8.194387564514180156e+00 8.308274066047980355e+00 8.393939400103409554e+00 8.650840399313411311e+00 8.852625456630983436e+00 9.019945537321584439e+00 9.152137750053958243e+00 9.372202400715536896e+00 9.440426821808511448e+00 9.570371669432843120e+00 9.761097381255412486e+00 1.013175224348292502e+01 1.024781825073931074e+01 1.046324184650327638e+01 1.082425910537443947e+01 1.115645106871392755e+01 1.130810282547089862e+01 1.140366303295187755e+01 1.157794922954064099e+01 1.161928671664604984e+01 1.165521587404261439e+01 1.178329899202263142e+01 1.186920382931153917e+01 1.205786989740066950e+01 1.221897556529465767e+01 1.236183621735806781e+01 1.263826122414722875e+01 1.285970298875189144e+01 1.295761411949635011e+01 1.306885666311265304e+01 1.324717311114454077e+01 1.352097261711902476e+01 1.365919024845644358e+01 1.381977770163620001e+01 1.396040029501575752e+01 1.409049816031010316e+01 1.430289923660149753e+01 1.438574004735402490e+01 1.446349930935481609e+01 1.449532751151502730e+01 1.463933902436464685e+01 1.477657562219311593e+01 1.486164025845051206e+01 1.498473851897607290e+01 1.507683641545146891e+01 1.516752491502406208e+01 1.534608175497231208e+01 1.544569288766941106e+01 1.578515049199178932e+01 1.603126106294011777e+01 1.616770476664073541e+01 1.645253433379032870e+01 1.662520138970618788e+01 1.669185928637249461e+01 1.690438239059374581e+01 1.702206523830393081e+01 1.712209424406434621e+01 1.735312861742517399e+01 1.746271445531608180e+01 1.756890944059614768e+01 1.789355758829108467e+01 1.805596425364912960e+01 1.851836879195723640e+01 1.856984987311237845e+01 1.871124082367926889e+01 1.885595539771188811e+01 1.914396640203304045e+01 1.920001748906456740e+01 1.942403041713702549e+01 1.952044072850985401e+01 1.993366591088263107e+01 2.014526608162773869e+01 2.036432944016386770e+01 2.064287531434615630e+01 2.100689415327971687e+01 2.110259102203544757e+01 2.223118171966230960e+01 2.245391927037539759e+01 2.267226824847007904e+01 2.276416230213214931e+01 2.313060615684496923e+01 2.343755120583281837e+01
1.264489733928212623e+00 1.395847551202373804e+00 1.497782519659474065e+00 1.832566974065277021e+00 1.931874215072789225e+00 2.116963273818700753e+00 2.335025140622644990e+00 2.448760086394857094e+00 2.624368318409646683e+00 2.703189615914239230e+00 2.787017852359848114e+00 2.912467148777423187e+00 2.963800020289726334e+00 3.027105746354994853e+00 3.122492996972644264e+00 3.187629818580838048e+00 3.281811953353585221e+00 3.354042547367046545e+00 3.439619182966819455e+00 3.608623959034573669e+00 3.785216786106481379e+00 3.825002315117618235e+00 3.881360306762986045e+00 4.035900588240560971e+00 4.134711530314465477e+00 4.241144768427540512e+00 4.373098167351934684e+00 4.541368431101320269e+00 4.610114131348297839e+00 4.737843396240035254e+00 4.765202115216323087e+00 4.873120520111141829e+00 4.930249085541014153e+00 5.068183182965332101e+00 5.117443419666875215e+00 5.169571584632673300e+00 5.291811154743380818e+00 5.351144130018891332e+00 5.375064917985276303e+00 5.462172830750907870e+00 5.652485795673924507e+00 5.709614374328517705e+00 5.762464562940291302e+00 5.903373438105242954e+00 5.965435656615195370e+00 6.070945840169795105e+00 6.132581875459589327e+00 6.315571788279129350e+00 6.440316313705049645e+00 6.518611815798333708e+00 6.707057076070264579e+00 6.804228364161898135e+00 6.911146879083181815e+00 7.050596228214460304e+00 7.108705973134935796e+00 7.210990906383948129e+00 7.385438476317549572e+00 7.463704486840024188e+00 7.607338198538872831e+00 7.689784210865187042e+00 7.834104102318659280e+00 8.098414099020191159e+00 8.199826109792820006e+00 8.367735858286284412e+00 8.416174487812915217e+00 8.691857096752313439e+00 8.837889424894536106e+00 9.023750038749041025e+00 9.180107148512210102e+00 9.326879046960113939e+00 9.433547950014233408e+00 9.537104968576292308e+00 9.762845108563336538e+00 1.016302474396485778e+01 1.034539305968809764e+01 1.050218993203244366e+01 1.099229082403534363e+01 1.122193856666766898e+01 1.142102596853432495e+01 1.149642447071143003e+01 1.162200874835088271e+01 1.175172238958279181e+01 1.191156410363023888e+01 1.196212692927643140e+01 1.212033613413158761e+01 1.214306630902981254e+01 1.225400093675657942e+01 1.252586304101607872e+01 1.270571115126047701e+01 1.288289491654073515e+01 1.299972271625050801e+01 1.306746281982859159e+01 1.333467736844183626e+01 1.360531565894400075e+01 1.368356944477473114e+01 1.377704322909775847e+01 1.391962084625372675e+01 1.404637869260743699e+01 1.415639826650406263e+01 1.425906221040404098e+01 1.436946468664634047e+01 1.452881701957210225e+01 1.462429287173212522e+01 1.464868097625868160e+01 1.479714475921636563e+01 1.495139507461720108e+01 1.501513119307297650e+01 1.508335073143370941e+01 1.522147969367311049e+01 1.535290558684177498e+01 1.567702392457568727e+01 1.589755304750001841e+01 1.617127464856428176e+01 1.645805569324972240e+01 1.659590436241830957e+01 1.668922461969598103e+01 1.689578879904122388e+01 1.699608868895827740e+01 1.710628239205049894e+01 1.737229650414195348e+01 1.746292581842901726e+01 1.757646051583707347e+01 1.797901306395210952e+01 1.811524277233677438e+01 1.848461074331366660e+01 1.852390783877068614e+01 1.870521132082176408e+01 1.892167408027379594e+01 1.917354788455758197e+01 1.926254232150103007e+01 1.951853531218699800e+01 1.965468345903174452e+01 1.993337826835184856e+01 2.022034246815384151e+01 2.049293066671603469e+01 2.090011028474675925e+01 2.100521329992836073e+01 2.113964036252257017e+01 2.223439298670368203e+01 2.247521508875326646e+01 2.272219461873604018e+01 2.285599868748478158e+01 2.316510946427589701e+01 2.345269327917382896e+01
1.119398307888338495e+00 1.396153271965963727e+00 1.499723761683276813e+00 1.867470737456024654e+00 1.953975305231323345e+00 2.146912925688678087e+00 2.329189481046386234e+00 2.472853841013630039e+00 2.602495534694606150e+00 2.674315917629833894e+00 2.764764558628136637e+00 2.886368527257382244e+00 2.952095305480520349e+00 3.020341188481517225e+00 3.114907771648594892e+00 3.196003585930382584e+00 3.284874902512494810e+00 3.374985858460818555e+00 3.453089055868989288e+00 3.596894816154687202e+00 3.788025877216874004e+00 3.861583216447450617e+00 3.925742199440743097e+00 4.106296984103741110e+00 4.162099754512389005e+00 4.385929785064176301e+00 4.471988797155174389e+00 4.561709134791740894e+00 4.717161419662635247e+00 4.814396450830451535e+00 4.858890144518217546e+00 4.927126485064211359e+00 4.980960580122745007e+00 5.090261835811206836e+00 5.147630751986951303e+00 5.229327754097923275e+00 5.306838606313479367e+00 5.351739417582432878e+00 5.383684739478949766e+00 5.444374608226300261e+00 5.600344145655239636e+00 5.705149880356573000e+00 5.751270824208360999e+00 5.901073212664895706e+00 5.978194954190395372e+00 6.080148803780766720e+00 6.105210279974725651e+00 6.292190680419086135e+00 6.418283678294774752e+00 6.449953424931988977e+00 6.711636794053583266e+00 6.817587848196020595e+00 6.902635470242249660e+00 7.051161155764089195e+00 7.094315388835758185e+00 7.215475455440299335e+00 7.376703359874480448e+00 7.440856295962462674e+00 7.573708153564006729e+00 7.697866901822577823e+00 7.814461228254500291e+00 8.099331526088034749e+00 8.200617772367399638e+00 8.391634623707759033e+00 8.483100948749905612e+00 8.724153608143069505e+00 8.817833850850323785e+00 9.019493798748364100e+00 9.170771316466163725e+00 9.292165164569684777e+00 9.432733446006640321e+00 9.500796448388802773e+00 9.765457483931371030e+00 1.015569961089978612e+01 1.040510617777053248e+01 1.054817262556569446e+01 1.110979996270980763e+01 1.128072244854398143e+01 1.147299514479726845e+01 1.153635148163738755e+01 1.165715685504048338e+01 1.191507530534226156e+01 1.200416318836416352e+01 1.204443218505997137e+01 1.221255654091751630e+01 1.240236672151262454e+01 1.254203852799447283e+01 1.267110108755803921e+01 1.271640594833102966e+01 1.288434647317636284e+01 1.305025312898893119e+01 1.309864540333377825e+01 1.342444188888485002e+01 1.362128745531861007e+01 1.367221259833419822e+01 1.373505914716932885e+01 1.387090298058343585e+01 1.393204591868467013e+01 1.398961179827058210e+01 1.420378148188715706e+01 1.432382710980330565e+01 1.450173929597751332e+01 1.456136894845992380e+01 1.462147452274004600e+01 1.478498342346384753e+01 1.482841872063166022e+01 1.491316474489980237e+01 1.507687701143182579e+01 1.517224041990678529e+01 1.530494557487867802e+01 1.557419103675642980e+01 1.575406994827160290e+01 1.619236339512463374e+01 1.646579699092347937e+01 1.656987979219849549e+01 1.669050166348052144e+01 1.688823714413988242e+01 1.697271759339533759e+01 1.709642508836256525e+01 1.738704237185439183e+01 1.746485488142134912e+01 1.757977591434206488e+01 1.806517891921325614e+01 1.817302957437869892e+01 1.842364680080047634e+01 1.847778788193604527e+01 1.870655421415846931e+01 1.896480308584336427e+01 1.919699772358784529e+01 1.928244186500175417e+01 1.956262030774534111e+01 1.981743713592210199e+01 1.992774361162826580e+01 2.024129983990889770e+01 2.058472578370478701e+01 2.098099864722585295e+01 2.104330014252872161e+01 2.125108158415891069e+01 2.223959617255734855e+01 2.249971944405263713e+01 2.276410643069046813e+01 2.294296896763423277e+01 2.321881408720012274e+01 2.347588870323476229e+01
9.697592781789462490e-01 1.397820149713985716e+00 1.488290173051054266e+00 1.889362699592915806e+00 1.966809642944987946e+00 2.189487256326239972e+00 2.301096161254736927e+00 2.470097074278837290e+00 2.596692174751091375e+00 2.654101509575040652e+00 2.741990882559689258e+00 2.879536862553662591e+00 2.943455854097547952e+00 3.020389456284797713e+00 3.103457856860984077e+00 3.196489802428223115e+00 3.282256719605635809e+00 3.393944735486459585e+00 3.475434801501259940e+00 3.560730390664178735e+00 3.792969886000225443e+00 3.877396119566365318e+00 3.962438737847497894e+00 4.131296035608614581e+00 4.226552002165867350e+00 4.375664025016226866e+00 4.497225855048482934e+00 4.702005951743307044e+00 4.785717904634054776e+00 4.863222633042196819e+00 4.921990628506101473e+00 4.962007033583483384e+00 5.013636088621733933e+00 5.115116419159745575e+00 5.173115475567591659e+00 5.219525435662899504e+00 5.276069234708068656e+00 5.348002955827939608e+00 5.384786287662457482e+00 5.497445852147690992e+00 5.570455614107219233e+00 5.703025537708486858e+00 5.769218490877716654e+00 5.876459729574657231e+00 5.984098005316979219e+00 6.072987305607504993e+00 6.102257305632945439e+00 6.254628902907449550e+00 6.395486682615312723e+00 6.406708708544075037e+00 6.695953583638282858e+00 6.837188113013590751e+00 6.903749282741785898e+00 7.058351564815416701e+00 7.079560284163779471e+00 7.225689630108466766e+00 7.363851276621470099e+00 7.424732287664938646e+00 7.551335044378887140e+00 7.703706738697006173e+00 7.804276252291106886e+00 8.097817816360532106e+00 8.199804698860983621e+00 8.405141592195770173e+00 8.548911872136088164e+00 8.725172177050051658e+00 8.821165205320641078e+00 9.016861220204212657e+00 9.112062708230007857e+00 9.309187992825529889e+00 9.423711694002845363e+00 9.471867195046879573e+00 9.768996911912239511e+00 1.014206167978161766e+01 1.043152151508871839e+01 1.058522332828001034e+01 1.116368449899634108e+01 1.134520174693292383e+01 1.147462012517948615e+01 1.159618529242205298e+01 1.168633495896942165e+01 1.188980679304227372e+01 1.202385094761437934e+01 1.219095306886928931e+01 1.237184801761630837e+01 1.251273246674089634e+01 1.264613497390107710e+01 1.283010923248597024e+01 1.284446656699707923e+01 1.296179575731353495e+01 1.312125017583883491e+01 1.320401337371088424e+01 1.340066327304506011e+01 1.353373944731195877e+01 1.356324883353719812e+01 1.364382493091294535e+01 1.372799772423551801e+01 1.387266623434075896e+01 1.403192674715858601e+01 1.421953085059645083e+01 1.431388799734249417e+01 1.442259222402195817e+01 1.451908052864815524e+01 1.458245378710822848e+01 1.474184372610999461e+01 1.479266744625842911e+01 1.485188583003934149e+01 1.499599441123831589e+01 1.520916937320898654e+01 1.533001376037927699e+01 1.548878552103441564e+01 1.562499495746898859e+01 1.621127329082410995e+01 1.647268872145352248e+01 1.655059510769816455e+01 1.669344999835340460e+01 1.688021789246294802e+01 1.696074022223729116e+01 1.708953913415585291e+01 1.739643969020978886e+01 1.746681708457380822e+01 1.758084613198782620e+01 1.814850522691451928e+01 1.822252905769528297e+01 1.834778331855481426e+01 1.844014720091832515e+01 1.870950881025245849e+01 1.899017272259406042e+01 1.921190009306343427e+01 1.929397726108972932e+01 1.958584787750710632e+01 1.988404951628012540e+01 1.996698597061495306e+01 2.025040749360794123e+01 2.063983250807520164e+01 2.098325683974045930e+01 2.105778146166334253e+01 2.135894234786480084e+01 2.224416117513170832e+01 2.251920719675741722e+01 2.279146439772726751e+01 2.300503308727808616e+01 2.326000941804176492e+01 2.350419794700901122e+01
9.031589387620723164e-01 1.398465306331939884e+00 1.481736714842174951e+00 1.895723561357755216e+00 1.971867690010121965e+00 2.222059844308907017e+00 2.273394107132956865e+00 2.462712145496415594e+00 2.599841148708289751e+00 2.647545308275542464e+00 2.733472049385634595e+00 2.875826024175634821e+00 2.943050206626722787e+00 3.021401645513522194e+00 3.097640839744529639e+00 3.195083880343518867e+00 3.281120467718181111e+00 3.400629903751707594e+00 3.503635748473496569e+00 3.525505451869607398e+00 3.796384886672926839e+00 3.881860795478192294e+00 3.976237181769173290e+00 4.132733022900901609e+00 4.291453452867694196e+00 4.326818031650963903e+00 4.502014709948356064e+00 4.789001292103796104e+00 4.808522697655535083e+00 4.870040090697812296e+00 4.921017036414077950e+00 4.963889648408638777e+00 5.047259809389664120e+00 5.124475231482780835e+00 5.197617215765648169e+00 5.214297018652683136e+00 5.243221827937667889e+00 5.362726358782121672e+00 5.384332167377089640e+00 5.454279559795224053e+00 5.611739432966861507e+00 5.712282041470848171e+00 5.796043057393675646e+00 5.839042366335601031e+00 5.981482184036678973e+00 6.073122263927833941e+00 6.102706782157603094e+00 6.235337922271074085e+00 6.375397955900391267e+00 6.402725266561728468e+00 6.688932141813183740e+00 6.837583496141828476e+00 6.913488825240617253e+00 7.059749968520465657e+00 7.074635486726620570e+00 7.230801701472778120e+00 7.357923708906077387e+00 7.418239892584794326e+00 7.543734284840279969e+00 7.705475835230124027e+00 7.801679942252413014e+00 8.096739110466947054e+00 8.199353977237402447e+00 8.410244032897834288e+00 8.580020856442692079e+00 8.712124814423917840e+00 8.832831539367894891e+00 9.023374691613463838e+00 9.073552744908580436e+00 9.324369291510212321e+00 9.414562523902970881e+00 9.461927720709557121e+00 9.770591863815621281e+00 1.013607965512032472e+01 1.043909068040373000e+01 1.059876675978267357e+01 1.117654706190862335e+01 1.137861041171056087e+01 1.146558608688786940e+01 1.164317459185632586e+01 1.169354962133886744e+01 1.183263657380137701e+01 1.204350468331522350e+01 1.230201267374500596e+01 1.240791473573945325e+01 1.252537667204852134e+01 1.260226267280339663e+01 1.287795085140396445e+01 1.294026775298235066e+01 1.317165914889874401e+01 1.320732709822298823e+01 1.329914441611236597e+01 1.331633176665832963e+01 1.338316178238276244e+01 1.347226425137746730e+01 1.350709169929066711e+01 1.371932527589024353e+01 1.386334264011608752e+01 1.410336470799001951e+01 1.424256530782827923e+01 1.431389622335993650e+01 1.438041172350215113e+01 1.447000147070191467e+01 1.455407934307879181e+01 1.474910201346879468e+01 1.477523363965705983e+01 1.483952660489127062e+01 1.495669058187861111e+01 1.522095521357402070e+01 1.538678788855209412e+01 1.543823926125021551e+01 1.555855333188138800e+01 1.621873487320094753e+01 1.647566873133051857e+01 1.654306266363538214e+01 1.669497692272015854e+01 1.687634371468165284e+01 1.695777275231364811e+01 1.708689968950881877e+01 1.739968827311816213e+01 1.746759719191910776e+01 1.758104205404819353e+01 1.819917784637894087e+01 1.825406371671110861e+01 1.828847424100509400e+01 1.842331735259006109e+01 1.871079643978078622e+01 1.899849663126887123e+01 1.921673780245695440e+01 1.929871840659555104e+01 1.959338083658366969e+01 1.988764434113872070e+01 1.999954883929880012e+01 2.025348102819824092e+01 2.065881352771348745e+01 2.098304610748272836e+01 2.105863239370170348e+01 2.139558910045671070e+01 2.224595013239508390e+01 2.252649912680181643e+01 2.280071125942557941e+01 2.302875064338163114e+01 2.327254835751288198e+01 2.351846699471818170e+01
1.215081519992343040e+00 1.652156515304494810e+00 1.760200971801125780e+00 1.964514172982197993e+00 2.209886623820850549e+00 2.267842412984626410e+00 2.399193588521951526e+00 2.431656392691312174e+00 2.522473338497033257e+00 2.617513630461246077e+00 2.688892937138756878e+00 2.723353201196121454e+00 2.831250685047509652e+00 2.874656773800723819e+00 2.947859436333337246e+00 2.951276968734585449e+00 3.021077266390098437e+00 3.108010867815025335e+00 3.220291614076248088e+00 3.551857512968638275e+00 3.633060166266862456e+00 3.742858565852593244e+00 3.785134041937384453e+00 3.939022877210606399e+00 4.055902937641787886e+00 4.234772162639307780e+00 4.287623015287366002e+00 4.395348978344151725e+00 4.457458695494530332e+00 4.559336452554733299e+00 4.694181113437752018e+00 4.972476952773114967e+00 5.053382820453722779e+00 5.154392109474163597e+00 5.319496454028005417e+00 5.423730870597271547e+00 5.452029849317535870e+00 5.496807948146594569e+00 5.582600647964053309e+00 5.623470135565582062e+00 5.658116069835892326e+00 5.713500806290299217e+00 5.905697035881593671e+00 5.988380928907222511e+00 6.023373740241431129e+00 6.071457909161597222e+00 6.107944426549945405e+00 6.170653137311928660e+00 6.435631160909591308e+00 6.569662682387539476e+00 6.711579557100884941e+00 6.921913386141007152e+00 6.982033366092735172e+00 7.036030393002974392e+00 7.097462018954383112e+00 7.236384177749791924e+00 7.448069725758899473e+00 7.641189247705320930e+00 7.901414734748119173e+00 8.007677607245703655e+00 8.138461505362192483e+00 8.418434739309244463e+00 8.441120049650416846e+00 8.594802264852772211e+00 8.672524683374659205e+00 8.823374210895948977e+00 8.878983275345420978e+00 9.002125265381081931e+00 9.003377047497446384e+00 9.090535760865373405e+00 9.242793484825979178e+00 9.477907010008241429e+00 9.582623253301154165e+00 9.898111364983883220e+00 1.001345217014783451e+01 1.007105084331865541e+01 1.016919133290080879e+01 1.035282368100670780e+01 1.062917859270981502e+01 1.089955597596810044e+01 1.111239930079821825e+01 1.131474570722464357e+01 1.142936150022602781e+01 1.152167442100387262e+01 1.207193901906592615e+01 1.217391917278915692e+01 1.236490127545066819e+01 1.241942018622020072e+01 1.262286864434455147e+01 1.263034129914557724e+01 1.271516864628343946e+01 1.280692514533211579e+01 1.302874283636615260e+01 1.353218448736732960e+01 1.370290989664686698e+01 1.381151021636416409e+01 1.388906468729210530e+01 1.414664141853765145e+01 1.424620577327534576e+01 1.429060603830828136e+01 1.456526303021028745e+01 1.458913086624922606e+01 1.474754998280910812e+01 1.483006962629541015e+01 1.497026163632389206e+01 1.504127000367247113e+01 1.538741486793574609e+01 1.543084343446326834e+01 1.545040533564612062e+01 1.557373029769119199e+01 1.575039452387736461e+01 1.579492653584114059e+01 1.592089553366778532e+01 1.615070610557351216e+01 1.622317924712546144e+01 1.628893803756495373e+01 1.642842592385556344e+01 1.650380172310751092e+01 1.659274993723541414e+01 1.672193775433535379e+01 1.683159000261112936e+01 1.691969243259516276e+01 1.696146345544589806e+01 1.697169249048934603e+01 1.712481139159494958e+01 1.747404944567483298e+01 1.761737153557566060e+01 1.926190213232925430e+01 1.963925080335761564e+01 2.020993243545526141e+01 2.056673095465389522e+01 2.086498880532686329e+01 2.099126830718785541e+01 2.114677418603494985e+01 2.134116439702579271e+01 2.154346010255178356e+01 2.187450670963723098e+01 2.196034243754834492e+01 2.209010159491228364e+01 2.225535814707342297e+01 2.240351317674199905e+01 2.277541377294386393e+01 2.356644342301359529e+01 2.397590830943484264e+01
1.267668728493093866e+00 1.660901019283069324e+00 1.760544285515122320e+00 1.960068741012766624e+00 2.195530162682204356e+00 2.270662039593748460e+00 2.391532419754169858e+00 2.447116206654086135e+00 2.544084320835967805e+00 2.601848759212896045e+00 2.701262376198680037e+00 2.725371045494922040e+00 2.827346667665071145e+00 2.857427129118014442e+00 2.923800267913531759e+00 2.990974789037335935e+00 3.043241284585578299e+00 3.123648712131874117e+00 3.224505797590885070e+00 3.539844672434456996e+00 3.622931020843934480e+00 3.727027605831940260e+00 3.807698261025494357e+00 3.909277356623621635e+00 4.066846695176328907e+00 4.219637551030885447e+00 4.288111771617141521e+00 4.400169956543023453e+00 4.443748054972283867e+00 4.565340343462818140e+00 4.680933829330745866e+00 4.943274035683418610e+00 5.052231339755858031e+00 5.124181932046635524e+00 5.263635242928178748e+00 5.396483189819867299e+00 5.464795025982745358e+00 5.517307725659966522e+00 5.560777151151466313e+00 5.593564150368517396e+00 5.661437840388511056e+00 5.745828075301091964e+00 5.890470722406803361e+00 5.951379648245932685e+00 6.005674265688388580e+00 6.033888674815245601e+00 6.165679502427200198e+00 6.233256200507906186e+00 6.437154900774650912e+00 6.568797893790255138e+00 6.724656303086236520e+00 6.922151571006465609e+00 6.991134060170192122e+00 7.039582917525184946e+00 7.110170915843097461e+00 7.247547494203696594e+00 7.454724203760664913e+00 7.636482367412464001e+00 7.895148818903072296e+00 8.002441162638152861e+00 8.139563681134548645e+00 8.353164743456435559e+00 8.501152754032565539e+00 8.587732473516483722e+00 8.666621707768602079e+00 8.807804542434706008e+00 8.885232576205758903e+00 8.976704837823911376e+00 9.002952201154290179e+00 9.112988396350459652e+00 9.245838339931223615e+00 9.467840962466778976e+00 9.592059271486071736e+00 9.890055010849611250e+00 1.002852250695496572e+01 1.007379935640885016e+01 1.018013803534001482e+01 1.036089906340777489e+01 1.061635836359003626e+01 1.091855821720276154e+01 1.110082096001084651e+01 1.131318254438800430e+01 1.139918955978801485e+01 1.152522171431986031e+01 1.199313788541897985e+01 1.217923929904507219e+01 1.231961952874557298e+01 1.237859261694231705e+01 1.254696988240479172e+01 1.261755785568836075e+01 1.272698241739698943e+01 1.288468012169018806e+01 1.300190042056711270e+01 1.345880091957175395e+01 1.362345590356319036e+01 1.384697600565737119e+01 1.396918033811576798e+01 1.413220790394414728e+01 1.422932408645544911e+01 1.442552681591185504e+01 1.454100284837044832e+01 1.458623103755791028e+01 1.471952309659607039e+01 1.483240633662417274e+01 1.495626670028183369e+01 1.510323446311493889e+01 1.538879366378698066e+01 1.544859235929762065e+01 1.546064899247831548e+01 1.558880150818129451e+01 1.576143811803755668e+01 1.580417741262597708e+01 1.594009078221283460e+01 1.615728606313058435e+01 1.622291810677999990e+01 1.629342204652856552e+01 1.641188477220747899e+01 1.653339718471456976e+01 1.660499088282724856e+01 1.673389729131159953e+01 1.683145289467093164e+01 1.692215989760104833e+01 1.696854639089470496e+01 1.698119673976976429e+01 1.713000829956938986e+01 1.747936043177331555e+01 1.762514297983110723e+01 1.926370925165647563e+01 1.964024926947431737e+01 2.019569416792131022e+01 2.056423164716397523e+01 2.084027988752957938e+01 2.096868820519031829e+01 2.114941214466271546e+01 2.131051383158394330e+01 2.154135970404817613e+01 2.185670377509829265e+01 2.194407436802219991e+01 2.209532577853872937e+01 2.224280491481442112e+01 2.242268601180139243e+01 2.278533348095853484e+01 2.352857583540120601e+01 2.389064132440896415e+01
1.360125655558101387e+00 1.670574814861092827e+00 1.764786648019308402e+00 1.953931662979456529e+00 2.146011814670136353e+00 2.279227673265204146e+00 2.373475290522743641e+00 2.466917627443966143e+00 2.547309775172424295e+00 2.622853844838355819e+00 2.703470013190616417e+00 2.746862754979956911e+00 2.800240042226892268e+00 2.879496827513047919e+00 2.926144554005940090e+00 3.021319587473886958e+00 3.081618910966384295e+00 3.163760515258930983e+00 3.243315436085797643e+00 3.500346918971423360e+00 3.602641290203186131e+00 3.709594616088869312e+00 3.813903067700745275e+00 3.877768151211072212e+00 4.070133270913547818e+00 4.180065520934614476e+00 4.279720539162902071e+00 4.394565742026710353e+00 4.427243088487178291e+00 4.575376313249279292e+00 4.640810977381476299e+00 4.872874162747661053e+00 5.031662633476397417e+00 5.056847358769367418e+00 5.141755983122831886e+00 5.382254128252124126e+00 5.406429542493530249e+00 5.482273918789236866e+00 5.529853655935634826e+00 5.607591828643426091e+00 5.663680205818246272e+00 5.758753663245192556e+00 5.857248093770647479e+00 5.905320617076481149e+00 5.941038612653784412e+00 6.077471264558995223e+00 6.246083767144105181e+00 6.313768592311739702e+00 6.450756920349603796e+00 6.564083506395792078e+00 6.760040124724961963e+00 6.929277223501447480e+00 7.008555120512605541e+00 7.055371339356043769e+00 7.147330577161667087e+00 7.276619481422718749e+00 7.473864042280692566e+00 7.618786004383121480e+00 7.875506542274322896e+00 7.984714643439584592e+00 8.135216494846842394e+00 8.286486565828058204e+00 8.527706071576158564e+00 8.598187781767498095e+00 8.651487794320599889e+00 8.773496751570075247e+00 8.888004826353828491e+00 8.943449348806328913e+00 8.990314546318936451e+00 9.152914545573434424e+00 9.253661701581652466e+00 9.446297065713139318e+00 9.612676859898840576e+00 9.871748068681293731e+00 1.005749928265543858e+01 1.008772303142612436e+01 1.021129250707773473e+01 1.038631850501351650e+01 1.058822444681259256e+01 1.095450310398081761e+01 1.106061963378898305e+01 1.130342424381609234e+01 1.135037057212555567e+01 1.149713014858383531e+01 1.185338861477332273e+01 1.209219457543769849e+01 1.220786890708474282e+01 1.228867975493280795e+01 1.244609531792001889e+01 1.251082371879117261e+01 1.281109072573370433e+01 1.291249288241999338e+01 1.304286245140983524e+01 1.325952944636984121e+01 1.357449165363923349e+01 1.390389861480514888e+01 1.403437005977682084e+01 1.411036859367853502e+01 1.434279130023841375e+01 1.443177000290235412e+01 1.452554034774311198e+01 1.466593215464007649e+01 1.474268148644631893e+01 1.483465695130474948e+01 1.495200272563913657e+01 1.518114235482115681e+01 1.541452964370802547e+01 1.546754472264259128e+01 1.550856111979741669e+01 1.562976915456514071e+01 1.578502657250610142e+01 1.582845073869093255e+01 1.599560637248515249e+01 1.617423486282307721e+01 1.622759303158988686e+01 1.630743304841779562e+01 1.639807076259845786e+01 1.658281091376495553e+01 1.665091454487815525e+01 1.676704547474809104e+01 1.683436796345426245e+01 1.693312899885066969e+01 1.698637713667643467e+01 1.700965984855682578e+01 1.714757844043001356e+01 1.749524345262431879e+01 1.764891312159869585e+01 1.926855381386912924e+01 1.964144439604358183e+01 2.015406964397640976e+01 2.055130336838830019e+01 2.077016225528456772e+01 2.091546494207370444e+01 2.113053321218698599e+01 2.123521573132500961e+01 2.152697960531742183e+01 2.180190819392845825e+01 2.193200255849919955e+01 2.207787334013881164e+01 2.222488563029142483e+01 2.247053639370382427e+01 2.280601780100587561e+01 2.342331028639794965e+01 2.364334233543004160e+01
1.406869841421803491e+00 1.639772740768704606e+00 1.776719995129454333e+00 1.938123607953776473e+00 2.082327159017884455e+00 2.252339373331033734e+00 2.360066563275628582e+00 2.431447824355390086e+00 2.532746680832559161e+00 2.634883580493460720e+00 2.720912928077828141e+00 2.766945562358528399e+00 2.826727396602031206e+00 2.904155938498607981e+00 2.990184748439552731e+00 3.032393973352022432e+00 3.131643935366444254e+00 3.186253095653660328e+00 3.283891738186747400e+00 3.443740325929327106e+00 3.577942176222085102e+00 3.692117717083429174e+00 3.767416397989519883e+00 3.899908698390099904e+00 4.047937120714860448e+00 4.121533517918075873e+00 4.231100853726227129e+00 4.369385333073763533e+00 4.428074833897340135e+00 4.548094303182678821e+00 4.609343046988545467e+00 4.777346081278674106e+00 4.968110705957790252e+00 4.996161431376830997e+00 5.018224794438977732e+00 5.277119298260839919e+00 5.326267884961805699e+00 5.452032965060901404e+00 5.509833344390751897e+00 5.586731442055071994e+00 5.671725401636086517e+00 5.742150322524874007e+00 5.826344464671167067e+00 5.848049158469042830e+00 5.950640152903101665e+00 6.124021438707915266e+00 6.317032059550321321e+00 6.376090255665236128e+00 6.493339748547138690e+00 6.553532663414616266e+00 6.808201124594440046e+00 6.947087494288555654e+00 7.026911779907687006e+00 7.084744777500539215e+00 7.205457426499410900e+00 7.315618147696338447e+00 7.501604964267972520e+00 7.582348778521139643e+00 7.837248036034010212e+00 7.947218105445366554e+00 8.110424246981301266e+00 8.242867664923521076e+00 8.500983568728296191e+00 8.618434249211464504e+00 8.649234589062896106e+00 8.732205371316675624e+00 8.871583092017353067e+00 8.923177667995730644e+00 8.977035412201832543e+00 9.183759722894757616e+00 9.259679339674473653e+00 9.430387850872115507e+00 9.633716894235217154e+00 9.850805157165780201e+00 1.006854812017049561e+01 1.012647424183739098e+01 1.025081127678953408e+01 1.043002988536261455e+01 1.055246903121797786e+01 1.094491676568015137e+01 1.101699334523491025e+01 1.127166674221432352e+01 1.132647596446478211e+01 1.140993903618773686e+01 1.170088807236395212e+01 1.192097405126514431e+01 1.197862750960346290e+01 1.218813410107105888e+01 1.236099831456686182e+01 1.247035370086051209e+01 1.283964767096550474e+01 1.288324508314283001e+01 1.301944975436335028e+01 1.320512731153131547e+01 1.356861758745010604e+01 1.392238404743170044e+01 1.400211029948013142e+01 1.414124576074414996e+01 1.433570108263045206e+01 1.448250560270255782e+01 1.455948281744450057e+01 1.467745675974914299e+01 1.479069790916266847e+01 1.497165210792564771e+01 1.500174361528427802e+01 1.521920784203374666e+01 1.542290046005103044e+01 1.553638027857483550e+01 1.556001755534967046e+01 1.568639963290055306e+01 1.581219469891584595e+01 1.585876563331689049e+01 1.606581139185589180e+01 1.618803533790671523e+01 1.625760091589503631e+01 1.633477279093078138e+01 1.641462297667613157e+01 1.662878802736094030e+01 1.673376954565243224e+01 1.681047787575977992e+01 1.685358584789267411e+01 1.695988292992628743e+01 1.701559692534943480e+01 1.705283184914519268e+01 1.718437514183462156e+01 1.752161802368680554e+01 1.768966783249525321e+01 1.927458905371303288e+01 1.963717610373370448e+01 2.008826677857663512e+01 2.050611363656850727e+01 2.066400335386465770e+01 2.085911607963435799e+01 2.104805645354948496e+01 2.113774680345408541e+01 2.149502953619925805e+01 2.174346728910079207e+01 2.190303858945834747e+01 2.205591254858622818e+01 2.219990351376587157e+01 2.253400782905718813e+01 2.281139924562062760e+01 2.325201044887804613e+01 2.329758993962419567e+01
1.395885919750671000e+00 1.569658748190211117e+00 1.773460843548200661e+00 1.885035009842779719e+00 2.002748022245917081e+00 2.186681574810042772e+00 2.334673638592440703e+00 2.354798974237586773e+00 2.508703634992562659e+00 2.604336385549954613e+00 2.712075078636702496e+00 2.791201829982736360e+00 2.876522246632232438e+00 2.941862838131529934e+00 3.017264171227901137e+00 3.107569456670182362e+00 3.173463760110389664e+00 3.185091138536829458e+00 3.300699329792287084e+00 3.408215071938592633e+00 3.560434319159086147e+00 3.643760577340199536e+00 3.755781412665238239e+00 3.904359143929195586e+00 4.019759774832082577e+00 4.047727960151021875e+00 4.126544848690273604e+00 4.338895708204088209e+00 4.409442004560223616e+00 4.473174073266840800e+00 4.609792532169176837e+00 4.689247375583827981e+00 4.852618548389369124e+00 4.923353610193436758e+00 4.942414227778129110e+00 5.134731309032538604e+00 5.234425883924616052e+00 5.414318081495997248e+00 5.498825241631954519e+00 5.527090548050766827e+00 5.662394942055584579e+00 5.725352028335662702e+00 5.792760839072670365e+00 5.833868598202408329e+00 5.966384697934670633e+00 6.160152464222867330e+00 6.376002590955228477e+00 6.418847957206446075e+00 6.540792285303842490e+00 6.565196997058904138e+00 6.857200651088034782e+00 6.972966233304192407e+00 7.049785066972888536e+00 7.126886081640103399e+00 7.261590786646017648e+00 7.364032056410435345e+00 7.523134608379055344e+00 7.530531684818854821e+00 7.775100456966937301e+00 7.881879808751144800e+00 8.072399559245948097e+00 8.210564272747010506e+00 8.472567576684598478e+00 8.604165639025385559e+00 8.631612412414918722e+00 8.721746747206889694e+00 8.843614705478488602e+00 8.901435300265028161e+00 8.972801361306329326e+00 9.188681804590377311e+00 9.247758260417146658e+00 9.441248502395856335e+00 9.646115704303559468e+00 9.834531339382438730e+00 1.006150979491712150e+01 1.016561518346978232e+01 1.026380479101497301e+01 1.046404984286771089e+01 1.052640929290565275e+01 1.089344168253472311e+01 1.098189798871314871e+01 1.118610144790918781e+01 1.129119729440542308e+01 1.133863409427746305e+01 1.151569882333618722e+01 1.161795188317872629e+01 1.186617479942923303e+01 1.206189510127321540e+01 1.231037161927986290e+01 1.243985691895570156e+01 1.269954279104840822e+01 1.284726135214871334e+01 1.307148270376718635e+01 1.328173496450041924e+01 1.355573812937684863e+01 1.387616412759808959e+01 1.396107920196369001e+01 1.415525916218186175e+01 1.429249331655571353e+01 1.451105214772984553e+01 1.465596274065636351e+01 1.471439655445833417e+01 1.476730090876063350e+01 1.508491112139954637e+01 1.519916285751078533e+01 1.524737206604676842e+01 1.542245380739353600e+01 1.557589607164756984e+01 1.563453333662623734e+01 1.574548223363518673e+01 1.583963346910345749e+01 1.589183603768968389e+01 1.611161483698801788e+01 1.619667236966345669e+01 1.631955818550250825e+01 1.638785473425299699e+01 1.646687085670861705e+01 1.668063307915283744e+01 1.680979332025266260e+01 1.684914585383982200e+01 1.691998811141426273e+01 1.700501573250417309e+01 1.706963164936346544e+01 1.710710612180394108e+01 1.725257381094329645e+01 1.755872361348431099e+01 1.774798588093003815e+01 1.927818435549662013e+01 1.961706292854862710e+01 2.000254654900593110e+01 2.039121329730792098e+01 2.053787720561319574e+01 2.082148455513250696e+01 2.092088303357525803e+01 2.100133300053611407e+01 2.143615584024034604e+01 2.168740090845499680e+01 2.183748743216912303e+01 2.205927296410435900e+01 2.211876594510751914e+01 2.259969215264726827e+01 2.275692954618843089e+01 2.285817747440415815e+01 2.318303644259356133e+01
1.336363040189988860e+00 1.475445055230766300e+00 1.742639173168013311e+00 1.794432918931484044e+00 1.893900700309034457e+00 2.094910761615106143e+00 2.235705094779928626e+00 2.289753333609286567e+00 2.460191434962236023e+00 2.565969493203238194e+00 2.665457169602803766e+00 2.785191206616739912e+00 2.876211101165837114e+00 2.997511224946591835e+00 3.015637903724823321e+00 3.089326803173265024e+00 3.197436527543407792e+00 3.234893192794121575e+00 3.300816095750742640e+00 3.393917905821209224e+00 3.566531344249030511e+00 3.596636287011844679e+00 3.735603415251270931e+00 3.866918800644513432e+00 3.960863088719833058e+00 3.988929387597815790e+00 4.050298939799202635e+00 4.249496886041533195e+00 4.372111244020201681e+00 4.415167266309780736e+00 4.599677738496763979e+00 4.622486776576508305e+00 4.733490417177471876e+00 4.822983167827060491e+00 4.880657206236455714e+00 5.018967888487326334e+00 5.136813185257638636e+00 5.361177327917549640e+00 5.456486059306286940e+00 5.492323925367905701e+00 5.629061645055176477e+00 5.699718401145055680e+00 5.771825178501022613e+00 5.844517702038297458e+00 5.978068164804818174e+00 6.186923433646210668e+00 6.390114496817183465e+00 6.465257270587862592e+00 6.545975963817004306e+00 6.644516175010277692e+00 6.891441650932638829e+00 7.003265427957262368e+00 7.090502747278035756e+00 7.174364753554528740e+00 7.289807951175430567e+00 7.410880689681071054e+00 7.453950814314843853e+00 7.538174307673723540e+00 7.698472579489809675e+00 7.798004176300172396e+00 8.032336342779633043e+00 8.162671546800019939e+00 8.452000156504320572e+00 8.555941979418486554e+00 8.613709702184271677e+00 8.725029190030504367e+00 8.810400006972338716e+00 8.871465550693386604e+00 8.969283737251263489e+00 9.156231409782586539e+00 9.220564159921067926e+00 9.471416746777588713e+00 9.644475829571815595e+00 9.827770556291017812e+00 1.000189456095129081e+01 1.014691463622114576e+01 1.025660891100271854e+01 1.045637156229588349e+01 1.056168006424909223e+01 1.085543569887818194e+01 1.087593715152914875e+01 1.101645495325630897e+01 1.120481175109086891e+01 1.128965601686344300e+01 1.133796006087250419e+01 1.147298661637949913e+01 1.172633522907160319e+01 1.196666675816938508e+01 1.227711611132525604e+01 1.235497008404570529e+01 1.260996494975189641e+01 1.285732564546189138e+01 1.314230769806713717e+01 1.333836253211848089e+01 1.351956320458646310e+01 1.376818760005588338e+01 1.394525208748745904e+01 1.414729368762900386e+01 1.427945067008438684e+01 1.453469051425544656e+01 1.466269423254547632e+01 1.474784017409404413e+01 1.483535057459801543e+01 1.517553249093883494e+01 1.528827754459579502e+01 1.539821210499263593e+01 1.543642912295943681e+01 1.557835478593839795e+01 1.571533924398997684e+01 1.579571349728769469e+01 1.586107153721937735e+01 1.593306087422240047e+01 1.612727289871011038e+01 1.621142016646419748e+01 1.638126041829307056e+01 1.647806267429621485e+01 1.653895963507193301e+01 1.673709828803181665e+01 1.685875080121950020e+01 1.689968298761637300e+01 1.700651910842621461e+01 1.705481727212843523e+01 1.716211554918656290e+01 1.718857237860858689e+01 1.736316118480282000e+01 1.760838916821522560e+01 1.782309576306156274e+01 1.927159019144158592e+01 1.956344908272129146e+01 1.989763248273592566e+01 2.020577709157442925e+01 2.038857672986565461e+01 2.075848385506530391e+01 2.078412329946306158e+01 2.086727502052306349e+01 2.130408547846384337e+01 2.160542294260695684e+01 2.164721564539671661e+01 2.197909810903986028e+01 2.208892559736498740e+01 2.253827019547647126e+01 2.267920344182415704e+01 2.272632994001806495e+01 2.315782072557776416e+01
1.229811047598266649e+00 1.362490324574352263e+00 1.631520330511944783e+00 1.690273658030958526e+00 1.771487872780754813e+00 1.978584665959429501e+00 2.088332455746999106e+00 2.198346776218276233e+00 2.385018477958704253e+00 2.507402795370423210e+00 2.584318089620905923e+00 2.730299814874168618e+00 2.804484417603888780e+00 2.960307851488357400e+00 3.037837906498057183e+00 3.070531386895873904e+00 3.205479946856185869e+00 3.274481860933688981e+00 3.303659354844548091e+00 3.379762218906793958e+00 3.548949830874286171e+00 3.589361767743028508e+00 3.679357659943754300e+00 3.799458798435455531e+00 3.891672490454759714e+00 3.948568362555651134e+00 4.039773904438784591e+00 4.158940104330110188e+00 4.292448513201068572e+00 4.378391805933252279e+00 4.510519435603342231e+00 4.602318849152998936e+00 4.628390873396254435e+00 4.703747068287453814e+00 4.830831769794126096e+00 4.939074783892682063e+00 5.050880215829073983e+00 5.300836557718906050e+00 5.389933796252526221e+00 5.468711555250119538e+00 5.598375048197008930e+00 5.674029258074263282e+00 5.754249696797551827e+00 5.858550424175606786e+00 5.987188148959235789e+00 6.206825360977259010e+00 6.365166164839724416e+00 6.487440384548213146e+00 6.588386108549731723e+00 6.719816291987326551e+00 6.900007146463264185e+00 7.037384976046833884e+00 7.145361627259975812e+00 7.212426110113923095e+00 7.289952221560874968e+00 7.339065875728936206e+00 7.451293709752652816e+00 7.519649765924803830e+00 7.637743130848254403e+00 7.719189348461991784e+00 7.985563434315941400e+00 8.097014056772493973e+00 8.428124584448781320e+00 8.495243246953897653e+00 8.606954422802559179e+00 8.702391442053079018e+00 8.765014189620973895e+00 8.841575058893523575e+00 8.952689288788194588e+00 9.098591919262307925e+00 9.187148865519036534e+00 9.469385573034310610e+00 9.642313911877428367e+00 9.806773790358587206e+00 9.855130963339025385e+00 1.009840340968004568e+01 1.028042790491072545e+01 1.045403420971544506e+01 1.052359927202834200e+01 1.065965847416035217e+01 1.075229599504745259e+01 1.093036120084336460e+01 1.107765343983709805e+01 1.121020038197938362e+01 1.132511402922202493e+01 1.144538705491815200e+01 1.156123110225409967e+01 1.191634290633860971e+01 1.217501269361681615e+01 1.234940894149902668e+01 1.258807508065085479e+01 1.287471570499106477e+01 1.318943271932468519e+01 1.336326230026608464e+01 1.345799406585725677e+01 1.367003466742747797e+01 1.391118045165060657e+01 1.413558867230761784e+01 1.428245819178277110e+01 1.455144494746108386e+01 1.464777825105824682e+01 1.477525353039013112e+01 1.491796519033219859e+01 1.520711277646185167e+01 1.537305212465522430e+01 1.546894092135026533e+01 1.552910551100716496e+01 1.558575744976089261e+01 1.577835540941996761e+01 1.585504916420716093e+01 1.587884550821223328e+01 1.598195752747902887e+01 1.613612550389708034e+01 1.623590466826102130e+01 1.643065129988380235e+01 1.657312578116789226e+01 1.662340541635370172e+01 1.678121555623292238e+01 1.692345794124609526e+01 1.695740041588793190e+01 1.707928833941391744e+01 1.711769834914878885e+01 1.723043109127985062e+01 1.733430076246694185e+01 1.750970471767638514e+01 1.767896040408614411e+01 1.791260739931547974e+01 1.922360281898063761e+01 1.945219029436647062e+01 1.975592938921828434e+01 1.998201731458871322e+01 2.022268204382411838e+01 2.059848344739469539e+01 2.063463927331475745e+01 2.074936314957511030e+01 2.111583126631337848e+01 2.122521171644850924e+01 2.156020529006916320e+01 2.195501280822333001e+01 2.213927286235201564e+01 2.247380836825687922e+01 2.260245031450260100e+01 2.281391541736096329e+01 2.318294181232705142e+01
1.065315488235762498e+00 1.217485985498858891e+00 1.393683237998715407e+00 1.516295830921420729e+00 1.675405164705692673e+00 1.832490574599035860e+00 1.933439155971653944e+00 2.076018710747786322e+00 2.250831357357269802e+00 2.396186635610038973e+00 2.501723220281760973e+00 2.587343429160255504e+00 2.728585456409778232e+00 2.927641215389401808e+00 3.040549688316315891e+00 3.087619584059336564e+00 3.175270670857783362e+00 3.276897202487639049e+00 3.313627638959346644e+00 3.366013558043578602e+00 3.481413885206755321e+00 3.591662687821087108e+00 3.667861815369032108e+00 3.724410182418049331e+00 3.814452354324181282e+00 3.938272622453427463e+00 4.018250974029001554e+00 4.124183853669143751e+00 4.191344961876763975e+00 4.324279978081004394e+00 4.417182524222857509e+00 4.502306860330953953e+00 4.561048085227072946e+00 4.621846525719464083e+00 4.775626273499408825e+00 4.880665184451932426e+00 4.990702200298604119e+00 5.231797278740506485e+00 5.334124363722279050e+00 5.427842037571142697e+00 5.573988579078647199e+00 5.665477748545815651e+00 5.736666392936181857e+00 5.867540957303266858e+00 5.991936298420468709e+00 6.218123207070006764e+00 6.322464633567522974e+00 6.486386768484821097e+00 6.636964054612873198e+00 6.786291543606611576e+00 6.886197597745868038e+00 7.059518428856810246e+00 7.148083231112241087e+00 7.213255123649455314e+00 7.250480310281241181e+00 7.303664213087807333e+00 7.403428652898785600e+00 7.506552230532760994e+00 7.600654367991449334e+00 7.669214010588960129e+00 7.926081381650296187e+00 8.028750363835806425e+00 8.387884904890649196e+00 8.443145983714902769e+00 8.581373028000029990e+00 8.642932308099572580e+00 8.705473049768286842e+00 8.804424147789760013e+00 8.920566368862205664e+00 9.043585932315465925e+00 9.147581388457453500e+00 9.373117690223718768e+00 9.630112437304898521e+00 9.691771208272539795e+00 9.817728999000303602e+00 1.000884419686786053e+01 1.025414433653606316e+01 1.030010045743472880e+01 1.046635224225077643e+01 1.058443535939894176e+01 1.069518188469309017e+01 1.081376559199263276e+01 1.097144344425708162e+01 1.114414825642658613e+01 1.136919098761017466e+01 1.141271967684709665e+01 1.146739952422113262e+01 1.187695172339430627e+01 1.210907767044447070e+01 1.236639993578004670e+01 1.257719589312599595e+01 1.288946099172403414e+01 1.319981687724147967e+01 1.329172951344595077e+01 1.343615445087082527e+01 1.360519979896045939e+01 1.386398022281055731e+01 1.412667129818348499e+01 1.429084391160008316e+01 1.455616584603704489e+01 1.462291031304963873e+01 1.481159253326127612e+01 1.497990633420264039e+01 1.520215098759741679e+01 1.540954435513648413e+01 1.548336820886948750e+01 1.558239506752564019e+01 1.568940682172865486e+01 1.578358232150183404e+01 1.589631944025361854e+01 1.595508309007860426e+01 1.603490247892083076e+01 1.616064410106096361e+01 1.627184868180300015e+01 1.647391687831278162e+01 1.662693336816598233e+01 1.673453472572998635e+01 1.681033395372636008e+01 1.699672259900667370e+01 1.702131373131993541e+01 1.714583299444407061e+01 1.720311173933133730e+01 1.729618562700889584e+01 1.747461467939061563e+01 1.765202490581026140e+01 1.779080673670313217e+01 1.801368969658065566e+01 1.897541666753000200e+01 1.934889806035695514e+01 1.951019341155464559e+01 1.980062026181355250e+01 2.009067331310223636e+01 2.036515595698269010e+01 2.048146666706103858e+01 2.052414659966405353e+01 2.085486375557836425e+01 2.110133503351259066e+01 2.147418351551921489e+01 2.199561879565805711e+01 2.221072682253906194e+01 2.247183235920060795e+01 2.256542811954764360e+01 2.291926622260775304e+01 2.323229829117963874e+01
6.807581307303057772e-01 9.404332179860084295e-01 1.109976477968439568e+00 1.284295666278826298e+00 1.566081138031216069e+00 1.690461293895438200e+00 1.763809785259807139e+00 1.928619464079080359e+00 2.066659788187673374e+00 2.263039307653281096e+00 2.399042294582057533e+00 2.494994401011546792e+00 2.665009456361332685e+00 2.905924813686158181e+00 2.999580690982929454e+00 3.098038405021954933e+00 3.147301130402984093e+00 3.267199211834581618e+00 3.314963062027053375e+00 3.357723547872779601e+00 3.410974384520779168e+00 3.585791987099254730e+00 3.622293296279530228e+00 3.703769742050635916e+00 3.753723607514432903e+00 3.887869895454592051e+00 4.020574731659887213e+00 4.082332004520570656e+00 4.116721288901728393e+00 4.226961831168009276e+00 4.340663306416888467e+00 4.417475125623222532e+00 4.482211599091572296e+00 4.567890897293290564e+00 4.700952379508023249e+00 4.825629912335295479e+00 4.958692651448162181e+00 5.160569505460108175e+00 5.291377954270372719e+00 5.381511802601838035e+00 5.550500610562098203e+00 5.671292492060975299e+00 5.724956840409324954e+00 5.874076166657888898e+00 5.987512973665765514e+00 6.211449916892756384e+00 6.279532764289993629e+00 6.465394757191337938e+00 6.660519204973480711e+00 6.829874487422047835e+00 6.854999151047876715e+00 7.000377857307540808e+00 7.060191160488100692e+00 7.208984666975197797e+00 7.241238255330532780e+00 7.286009770648939288e+00 7.387271740584917090e+00 7.470281178234935204e+00 7.581061185092512922e+00 7.643337493174342079e+00 7.857255821059152545e+00 7.969829857507542137e+00 8.325123825687677837e+00 8.400298157939893429e+00 8.512826318337316067e+00 8.554477400746915094e+00 8.628634322277925151e+00 8.754641936287105963e+00 8.877284837279797003e+00 8.992243532725737509e+00 9.109998763235852337e+00 9.221447503205169482e+00 9.512086091247752506e+00 9.684855208382936453e+00 9.759273686037539974e+00 9.856366157260112004e+00 1.013311036418076228e+01 1.027055638294734230e+01 1.043769162603152445e+01 1.049824097932193112e+01 1.067195047016224230e+01 1.075228037972388151e+01 1.089421432454422067e+01 1.103348016172651747e+01 1.126468111750055989e+01 1.146271387251002238e+01 1.149823161085293322e+01 1.184167001905484362e+01 1.208267050101653872e+01 1.237817917658368572e+01 1.256353507042316231e+01 1.288648115718255482e+01 1.312173500627045186e+01 1.320081782071013166e+01 1.343010782950976001e+01 1.358159497679329597e+01 1.382669097626109789e+01 1.411404794489115666e+01 1.429505641122432635e+01 1.455282301910232512e+01 1.458194423040533572e+01 1.481911877594392557e+01 1.502662868757349024e+01 1.519133758545823021e+01 1.539541201814644644e+01 1.544128433077015750e+01 1.565474874087222901e+01 1.575623383520016674e+01 1.579496645002528155e+01 1.594780679352986574e+01 1.600374623134643670e+01 1.610295797778449511e+01 1.622466274886858173e+01 1.632226677369937562e+01 1.651536550354379784e+01 1.666069524221050102e+01 1.679933863337720723e+01 1.687601405557722600e+01 1.704918185954678833e+01 1.709272836523769712e+01 1.721773818803294276e+01 1.729053228711573098e+01 1.735909044794784961e+01 1.757793489053454294e+01 1.777994485460238039e+01 1.788907818272590688e+01 1.812331248552639096e+01 1.854198672786021618e+01 1.918281552446899951e+01 1.930989792583277875e+01 1.969864336005807104e+01 2.000909188205706712e+01 2.011865496249667018e+01 2.027551587504211028e+01 2.036301391521807602e+01 2.062486951243639766e+01 2.112976325928267585e+01 2.138973508571785942e+01 2.206311622121812377e+01 2.229188567374690066e+01 2.249530400644297856e+01 2.255398572616974207e+01 2.303315353562920009e+01 2.329758603944232576e+01
-7.989180985506700861e-01 5.672047975304733702e-01 8.834303153188246549e-01 1.057151833769649718e+00 1.366001227248309746e+00 1.518081034945006902e+00 1.602589130709424659e+00 1.822023649437310766e+00 1.937098533233696740e+00 2.146240671760662799e+00 2.282265759070150501e+00 2.446369867593697123e+00 2.609179569754325190e+00 2.878026958638096655e+00 2.933268781537842429e+00 3.082315262868656980e+00 3.143621137108430386e+00 3.251882985906939805e+00 3.312809241598812182e+00 3.343282762841828681e+00 3.363780245447364869e+00 3.526262557981783452e+00 3.586574900942166799e+00 3.699093688655657353e+00 3.728252355217126723e+00 3.830376873461144083e+00 3.972315854130183066e+00 4.031870549184803032e+00 4.075700912139680554e+00 4.131416961515491870e+00 4.259266442360619465e+00 4.381918085645995831e+00 4.411831979588437314e+00 4.520167015507225550e+00 4.619900887182950555e+00 4.764276502215284204e+00 4.923851859821342103e+00 5.111176379172217565e+00 5.248358335004656539e+00 5.348189798764655833e+00 5.527739011405515157e+00 5.672428075916737811e+00 5.730001892034813693e+00 5.881751085901325560e+00 5.970806418503017632e+00 6.175192030563872336e+00 6.249091955880169635e+00 6.416540458374293543e+00 6.638208127409789050e+00 6.748852601859677058e+00 6.826467983419026275e+00 6.940370253099951370e+00 7.039760227263789361e+00 7.118915219135733885e+00 7.229133030149418992e+00 7.293911675807793316e+00 7.384623486353771860e+00 7.450547156629468759e+00 7.551892174589236895e+00 7.631663283265636366e+00 7.799089565079742492e+00 7.916332422114131795e+00 8.232372803116351889e+00 8.355774070767076012e+00 8.402912974188343043e+00 8.459565460419746330e+00 8.533624399249470471e+00 8.697810746474939236e+00 8.832468505952128623e+00 8.925522999647801825e+00 9.025608029028166612e+00 9.163442333619421731e+00 9.368333259204076668e+00 9.569086705728803821e+00 9.722018778199984723e+00 9.797235699431620759e+00 1.004138638061714950e+01 1.024113175089680006e+01 1.036028271081254637e+01 1.047394017780567665e+01 1.061229206923479929e+01 1.074505402673469767e+01 1.084286462493902548e+01 1.091704499224682223e+01 1.116161964994739009e+01 1.150051327053479788e+01 1.152469469406870139e+01 1.182435054705275768e+01 1.206066838683497622e+01 1.238211653062774964e+01 1.252944493333579956e+01 1.283243818305757245e+01 1.296429810318200104e+01 1.318249388308839265e+01 1.340569698683291655e+01 1.358884586601666200e+01 1.381106657458929554e+01 1.409283515376752938e+01 1.428213690540493985e+01 1.450178460027735206e+01 1.455132106130470682e+01 1.474973194037615265e+01 1.505950008780306248e+01 1.518807980233328259e+01 1.534773471177407878e+01 1.543289968100922849e+01 1.567978075522814585e+01 1.572721391030951565e+01 1.583166381604342909e+01 1.598690535997819140e+01 1.606649436918215912e+01 1.618409159700980737e+01 1.630673006256511925e+01 1.639540476047408291e+01 1.655662433029833380e+01 1.668758378391204289e+01 1.680652519003454159e+01 1.697161050772293578e+01 1.709203867724519910e+01 1.715686482066029939e+01 1.726850590109410177e+01 1.736282531530081030e+01 1.741472258008113627e+01 1.761566174549426478e+01 1.774650369895166691e+01 1.792810028494398367e+01 1.821602355027986420e+01 1.841796924393387513e+01 1.886561381129141779e+01 1.928339272998861631e+01 1.962264224882773433e+01 1.984264108340982702e+01 1.998179016752811066e+01 2.008593762908078872e+01 2.025915400820482049e+01 2.049315125811816429e+01 2.115957764173797884e+01 2.132091319893695669e+01 2.214037956950148001e+01 2.237110614364332406e+01 2.252353526728696664e+01 2.256225321218301616e+01 2.315139441371603368e+01 2.337444155731631668e+01
-1.166242254197585648e+00 -3.503764730556730989e-01 6.197326805887484191e-01 8.298044177958332490e-01 1.105966515722454524e+00 1.361999975498098481e+00 1.524837343778225440e+00 1.740044566935787351e+00 1.847486700207672916e+00 2.043622596548575920e+00 2.187189649806025038e+00 2.408093161069790877e+00 2.572841753821979882e+00 2.829577206970452785e+00 2.875290341324894250e+00 3.038797057723860551e+00 3.157470906612386941e+00 3.223854216275817475e+00 3.293117890166553874e+00 3.332225674755153300e+00 3.342511751863496805e+00 3.460936362244212638e+00 3.577138650100505135e+00 3.665044892778762442e+00 3.713594405766891260e+00 3.795479622230748085e+00 3.891450636574588007e+00 3.972850435220999010e+00 4.012231250792330783e+00 4.074094141500422595e+00 4.222980280289937660e+00 4.329326490144599582e+00 4.366598023672333184e+00 4.480877619801148626e+00 4.551588988187112328e+00 4.709180122448854533e+00 4.865024877324088060e+00 5.091537520253401006e+00 5.205766865529160015e+00 5.333162393532050238e+00 5.506214936262865400e+00 5.666410845582618094e+00 5.743254621444449093e+00 5.883628698322154627e+00 5.951421002067223576e+00 6.126352129173536554e+00 6.209155974572440506e+00 6.330829228911339257e+00 6.539142705360477592e+00 6.656586763687478481e+00 6.763478301349201693e+00 6.960538061143152433e+00 7.009533922133344142e+00 7.050907273066489900e+00 7.188757131413084700e+00 7.268647161365810128e+00 7.385786944127234577e+00 7.435385443020344098e+00 7.534451274941910803e+00 7.618807313508041190e+00 7.767174652465944185e+00 7.863207912731863480e+00 8.095773244855191564e+00 8.263950743587535896e+00 8.332676836500979789e+00 8.360949954910918080e+00 8.445881361736297777e+00 8.645929079169398790e+00 8.776539281941669657e+00 8.844336284043786023e+00 8.946626307808926981e+00 9.164408835861268088e+00 9.242055677927492496e+00 9.416632773362829667e+00 9.659955455383826717e+00 9.806151144874846182e+00 9.954235480353585075e+00 1.020338244289712826e+01 1.028168509928185514e+01 1.045981978173339044e+01 1.056330031401174097e+01 1.067243589188741915e+01 1.075566059161202048e+01 1.089335661364856556e+01 1.110947765041407642e+01 1.147108985387516888e+01 1.153316089861526450e+01 1.183010987162917615e+01 1.200509301903243831e+01 1.236413469082478223e+01 1.245515466526355830e+01 1.272619567768362181e+01 1.290192472352989661e+01 1.317795774526212504e+01 1.337670966339949352e+01 1.360018355056263495e+01 1.381169327911893241e+01 1.405647082938096304e+01 1.419615025304235800e+01 1.438774573275791546e+01 1.454970869862070870e+01 1.464365861526076174e+01 1.507271553627037264e+01 1.516609405337856131e+01 1.534469161472776833e+01 1.543355056098735290e+01 1.565165587281349779e+01 1.572836605823048650e+01 1.582576211236720276e+01 1.598224134766964966e+01 1.610857171573790581e+01 1.631667144017060878e+01 1.637052824526052675e+01 1.648237462144739496e+01 1.659801033740257736e+01 1.671009746759604297e+01 1.679921380872271186e+01 1.703704194345280598e+01 1.712498876578604268e+01 1.721275167851734267e+01 1.725131783454317613e+01 1.738861478763132951e+01 1.744599665128065524e+01 1.753681136779953320e+01 1.770376361065700976e+01 1.806779158657711903e+01 1.829121924261292165e+01 1.855955338766085561e+01 1.862802836463595568e+01 1.925841274670223058e+01 1.954366686452177504e+01 1.962131921144884572e+01 1.989692247701974281e+01 1.997377725008799487e+01 2.020844575716640890e+01 2.041523912884278502e+01 2.115682038758312444e+01 2.128780628742249448e+01 2.221733258358773000e+01 2.243770448923801553e+01 2.254023616934329866e+01 2.259314732838304352e+01 2.326787341623771965e+01 2.345684608642008939e+01
-1.144640708315324051e+00 -5.452196339779357137e-01 3.409601206645811455e-01 6.178530940027714413e-01 9.105669312383756209e-01 1.230842513831887475e+00 1.472159230797034590e+00 1.662416348020102186e+00 1.781828978457351997e+00 1.954833913075602503e+00 2.134093816166656943e+00 2.384222265384257522e+00 2.565815943211259054e+00 2.773471129088496578e+00 2.825514712852681409e+00 2.986067641266765715e+00 3.148268880866207375e+00 3.197256132233851744e+00 3.276727348806827145e+00 3.306781579524917358e+00 3.355570544091169616e+00 3.425509284158973156e+00 3.566255647383821614e+00 3.635000489638916310e+00 3.675359020396104626e+00 3.781172989031361009e+00 3.828926212440785459e+00 3.886298812553775406e+00 3.950268264296683984e+00 4.047533083042517354e+00 4.216071099614103979e+00 4.273699764336657658e+00 4.329094368065430132e+00 4.419936797775416260e+00 4.525363334749126665e+00 4.667474798225266674e+00 4.807121784009462218e+00 5.076842432560433771e+00 5.180041541476848366e+00 5.334636427251230550e+00 5.485455356308260200e+00 5.652542918190284205e+00 5.751575667361994881e+00 5.856686954089667552e+00 5.957035428404513944e+00 6.075681372397497171e+00 6.147605421154317185e+00 6.195908511626107007e+00 6.455270623571270683e+00 6.577484899408939434e+00 6.722997616024200873e+00 6.917791897931987677e+00 6.987488339782466085e+00 7.029134381768818329e+00 7.152120946989253270e+00 7.227694437692775864e+00 7.358673435004176255e+00 7.426913136572547813e+00 7.538366302977440370e+00 7.600052446709732124e+00 7.740807868922051860e+00 7.825975698154905125e+00 7.943390461423213367e+00 8.139151914259601384e+00 8.270095130142957274e+00 8.305628741435347351e+00 8.374850586732575763e+00 8.607757415119442257e+00 8.710075701430397999e+00 8.755437976087463881e+00 8.911240642709406856e+00 9.098309331567095981e+00 9.184434119974746125e+00 9.272684227554732317e+00 9.603701491038474813e+00 9.811858152161519797e+00 9.877022423595471778e+00 1.015033745104447860e+01 1.019504466598334069e+01 1.038782603277675243e+01 1.049281911781335097e+01 1.059246268259627222e+01 1.072773591674629401e+01 1.090686818059294616e+01 1.109566799361982170e+01 1.134528528710469431e+01 1.154656237039512412e+01 1.184001553670816165e+01 1.188881636996008773e+01 1.231211648268450709e+01 1.243594811627541219e+01 1.268522132272957492e+01 1.287864633955591742e+01 1.317977686175482610e+01 1.334745965139012291e+01 1.360363429874598928e+01 1.378524882213966229e+01 1.392627641816188877e+01 1.406477593660913250e+01 1.434031632304292536e+01 1.454775683931409525e+01 1.457214765619048791e+01 1.507265179166220825e+01 1.512569524592745118e+01 1.536226836464458323e+01 1.544469504403717863e+01 1.561544374127394974e+01 1.573124659432586370e+01 1.581333250150596470e+01 1.597172476391916796e+01 1.611540718070532563e+01 1.641811979464884175e+01 1.644925621374036950e+01 1.655319533203065419e+01 1.663219455164688299e+01 1.672983909944478143e+01 1.679671531048673216e+01 1.705089426926547702e+01 1.713730812800635306e+01 1.723808099729798471e+01 1.726090377226074324e+01 1.735839518763982525e+01 1.749128268198347058e+01 1.754995315804380240e+01 1.771330714865691647e+01 1.811663804065747385e+01 1.834776026308266950e+01 1.858109287075446758e+01 1.873160730154375031e+01 1.922796744720290718e+01 1.939799239887928550e+01 1.951517409452736374e+01 1.979955653810838356e+01 1.988090644013703567e+01 2.021376731735046306e+01 2.036711913943033636e+01 2.113079366455979269e+01 2.128229287105566669e+01 2.228759023494357550e+01 2.248018776933617602e+01 2.255740552987571590e+01 2.263009639542977780e+01 2.337381002073314562e+01 2.353617226516126593e+01
-7.680974516454515122e-01 -3.283558317890346578e-01 1.843626360730811764e-01 4.546555836791678074e-01 7.771491108298242967e-01 1.123326317465421775e+00 1.433795277959510450e+00 1.608125384074405417e+00 1.731658305148488175e+00 1.881973238375808100e+00 2.120648220759782099e+00 2.387902453471919983e+00 2.587946862808846227e+00 2.728940298109431950e+00 2.780646388915092970e+00 2.940626656887483037e+00 3.084306972072007103e+00 3.223214066760099694e+00 3.240981991774263715e+00 3.312794722411218640e+00 3.372845759269925470e+00 3.403370690490007622e+00 3.551405687245945852e+00 3.620607818122232313e+00 3.635568866153385592e+00 3.752232728859354438e+00 3.782643176822796161e+00 3.837382630770050707e+00 3.897013666309178337e+00 4.030533950353436978e+00 4.220044354724754143e+00 4.231699921019951738e+00 4.294375592964136068e+00 4.352313336747536177e+00 4.520171860962600263e+00 4.635058554861390512e+00 4.776609773741454568e+00 5.056203576397201971e+00 5.182696360512026423e+00 5.353995249281283009e+00 5.463039340718048642e+00 5.621230048687304581e+00 5.752599585021355821e+00 5.820445951362566817e+00 5.954016832796126479e+00 5.995940393598567120e+00 6.053480865451589032e+00 6.127923676155630162e+00 6.423396939478790202e+00 6.498482324395271625e+00 6.702819771462307230e+00 6.837199383642367678e+00 6.969101230466399954e+00 7.018119889584005122e+00 7.150263667175567051e+00 7.182548668133899916e+00 7.314731709009793192e+00 7.430379825311500319e+00 7.531509646781997525e+00 7.573355802848361407e+00 7.705630689441862025e+00 7.790553145317701045e+00 7.845486128494236766e+00 8.022602900745189558e+00 8.204935155105047784e+00 8.271685510318688372e+00 8.324603087110000743e+00 8.576443002578381325e+00 8.628058342749010734e+00 8.693117233477394734e+00 8.890715287558832003e+00 8.971501852041653180e+00 9.065730352422933791e+00 9.260897552609293371e+00 9.568150818694419968e+00 9.760573131951556292e+00 9.841215646830359987e+00 1.001658796314911193e+01 1.010937680527044336e+01 1.029403602614614144e+01 1.047811928661549175e+01 1.058501981730980290e+01 1.071217634372136196e+01 1.091919337670391243e+01 1.108333432645123651e+01 1.119710790517394905e+01 1.155448889941431645e+01 1.177144933234260549e+01 1.186055129106359018e+01 1.230178545850446703e+01 1.245272045239530989e+01 1.268437533886648261e+01 1.286920426904085701e+01 1.318229518443716763e+01 1.330838120330269980e+01 1.353187078880542771e+01 1.363612558037158884e+01 1.388435124268086618e+01 1.402420601670781508e+01 1.432516767128384849e+01 1.451091701623203178e+01 1.456291061324676761e+01 1.506404229788724969e+01 1.509292475242017240e+01 1.536828699001090648e+01 1.545580005767360454e+01 1.559316779293738442e+01 1.572728210730190135e+01 1.580658878592072014e+01 1.596185436690705828e+01 1.611148052091316529e+01 1.645423724271802968e+01 1.653544951418482611e+01 1.659408108405286697e+01 1.665698534902536920e+01 1.675575756420480289e+01 1.681915675009955891e+01 1.704781405310111708e+01 1.715506839812884721e+01 1.726057091989893877e+01 1.729802148609648782e+01 1.733105860839804890e+01 1.751158161282064540e+01 1.757703681876935420e+01 1.771121276471307482e+01 1.803439921034555127e+01 1.847893889125646538e+01 1.868080598712563045e+01 1.888169820157492040e+01 1.914884643248915452e+01 1.929036842304569532e+01 1.944476440011376894e+01 1.970161572637027803e+01 1.981881960173267743e+01 2.023867941915657909e+01 2.033378288154733937e+01 2.111473168726771377e+01 2.127613185621014225e+01 2.234678215542482249e+01 2.249353329537954949e+01 2.258219802510997454e+01 2.266076720380475962e+01 2.345903625520313440e+01 2.360247450965911398e+01
-3.622606990539314342e-01 3.496374023808306031e-02 1.928776723844063679e-01 6.228076775193208681e-01 9.789213538062261355e-01 1.058062947977196799e+00 1.404147242677236340e+00 1.583750112620370798e+00 1.697905345719084025e+00 1.832806433307621496e+00 2.117407676342284439e+00 2.421508455665706716e+00 2.617582808374636194e+00 2.702368533148970631e+00 2.752175502566466037e+00 2.913231376325108979e+00 3.047086571941143962e+00 3.176309198103498765e+00 3.266388596100323838e+00 3.334524704799159966e+00 3.376439625330311056e+00 3.400870412619523719e+00 3.527437018033896532e+00 3.593016057945036756e+00 3.634275864072435080e+00 3.709780098385962344e+00 3.769214603666156016e+00 3.817167257765758936e+00 3.860625099214639810e+00 4.020807891157802239e+00 4.203760674063492075e+00 4.231565231771336144e+00 4.260765852688506605e+00 4.311869845939642509e+00 4.507482538073240619e+00 4.621165233930824456e+00 4.770837447689373789e+00 5.037729266892951863e+00 5.219857387398752380e+00 5.379933608895044017e+00 5.433540692875014955e+00 5.586903364997365173e+00 5.725383045503613211e+00 5.791524072591387018e+00 5.844642687632465083e+00 5.966264766068907655e+00 6.032228733878973514e+00 6.122591669083625732e+00 6.409670654707894322e+00 6.439032496634158775e+00 6.693196917471580853e+00 6.769884940832001874e+00 6.958289936528669450e+00 7.020281288735903402e+00 7.107085732431866809e+00 7.188761916640245886e+00 7.293529141764127033e+00 7.419280265816161624e+00 7.494384783651200088e+00 7.543672119235877993e+00 7.674723467610096606e+00 7.731783187023584247e+00 7.846210291973450879e+00 7.939183181136239220e+00 8.150191566927222908e+00 8.239773747302594487e+00 8.302142045738634124e+00 8.504767178269105443e+00 8.582840895770891265e+00 8.675523731827137652e+00 8.810652914807917568e+00 8.880151608756882808e+00 9.006095906909338922e+00 9.274473351218137651e+00 9.554770815963944841e+00 9.687719648877996192e+00 9.773881102534680565e+00 9.918126324486911116e+00 1.007688480538458897e+01 1.026298212266027221e+01 1.047816076569757193e+01 1.058537829464033031e+01 1.070538219305010585e+01 1.092234712417979381e+01 1.102521083209285635e+01 1.114855132132261062e+01 1.155739884592464506e+01 1.171728218313521097e+01 1.186564860861827775e+01 1.230771231397341836e+01 1.247448871784367519e+01 1.270686784177315687e+01 1.287322861776275040e+01 1.317639890678420400e+01 1.321199186405369552e+01 1.339486647062185654e+01 1.362355676715316832e+01 1.389810121534049969e+01 1.399741553964115326e+01 1.431821773488685068e+01 1.448006856072656667e+01 1.456725650288493767e+01 1.504877390303896156e+01 1.507912530392956008e+01 1.536862147323972749e+01 1.545671879743417776e+01 1.558532013279204342e+01 1.572200535758756246e+01 1.580471265150130478e+01 1.595534946433673085e+01 1.610678216222263259e+01 1.648279672677469421e+01 1.654251737289152757e+01 1.663807007909276336e+01 1.667886582454524813e+01 1.677553847162711165e+01 1.685165170655392330e+01 1.706011144425927384e+01 1.717065210841929357e+01 1.725979515070480730e+01 1.729731860024610057e+01 1.735317075866474923e+01 1.749155119167663130e+01 1.760820739288672598e+01 1.770197135035333602e+01 1.797017555683593670e+01 1.863500925780656559e+01 1.880160227720936561e+01 1.894855249198129954e+01 1.904165656521511352e+01 1.925352017000097504e+01 1.938964008014667328e+01 1.959914051481151986e+01 1.980760584442277761e+01 2.025762099158343332e+01 2.031055717983684872e+01 2.111521384810297519e+01 2.126450846058893518e+01 2.239025352182666140e+01 2.249014854963158427e+01 2.260261960066235076e+01 2.268037180671332109e+01 2.351433759422216241e+01 2.364658131855202683e+01
-7.676169753884223108e-04 -5.879120859592340933e-04 1.478111709220942877e-07 6.081851261592249314e-01 1.018281116080689719e+00 1.232412303558368283e+00 1.390286519023694600e+00 1.574348578445495805e+00 1.685256788477025980e+00 1.815242165121941031e+00 2.112924083769535333e+00 2.444322389728897704e+00 2.626978041292312049e+00 2.694460714340380481e+00 2.745172141430470614e+00 2.905859366649974795e+00 3.040590060423279617e+00 3.148267198444911763e+00 3.283102962150744819e+00 3.344234465920608468e+00 3.365137469362350142e+00 3.418519798355135197e+00 3.505590516482920638e+00 3.581868292341638504e+00 3.637497142495216718e+00 3.696410283528118956e+00 3.767772292805509959e+00 3.810656220034595698e+00 3.845744048130730786e+00 4.017967956513606609e+00 4.195618878419291597e+00 4.236034247415338072e+00 4.244796360593051432e+00 4.301495924047996411e+00 4.497433720706259130e+00 4.621135638658699030e+00 4.771470423421852125e+00 5.030414646538090118e+00 5.261629544087536026e+00 5.371300193203824236e+00 5.422270783264477423e+00 5.580401364641917716e+00 5.675447028078481004e+00 5.775470911251910699e+00 5.820385963526854667e+00 5.957702554773347536e+00 6.031728397461613156e+00 6.125414359410560117e+00 6.400021843990328030e+00 6.420739435171202381e+00 6.688791233777298118e+00 6.745470656890629968e+00 6.958054698120841763e+00 7.033174515235766755e+00 7.069770658423505161e+00 7.201348597613546509e+00 7.293875319996687701e+00 7.401765002368778212e+00 7.459986223347314649e+00 7.538360002754172839e+00 7.652044866139662282e+00 7.728762428632408366e+00 7.850319464703708228e+00 7.907548265660595987e+00 8.126659229073883495e+00 8.224995068843421464e+00 8.297180205257770780e+00 8.463944783878416089e+00 8.572225611130177114e+00 8.680294064783515395e+00 8.741760598921594294e+00 8.870714648606170982e+00 8.990081720377267160e+00 9.280349645353783927e+00 9.555350779100617586e+00 9.649114301780246095e+00 9.732121115284892099e+00 9.907867135377745882e+00 1.006595029994961799e+01 1.025507468632580377e+01 1.047898282726741925e+01 1.058578036185511273e+01 1.070400915078162996e+01 1.091893769401684722e+01 1.099676378827387424e+01 1.114573276039316241e+01 1.155783927549323309e+01 1.170119557412909828e+01 1.186748489323082190e+01 1.231081040782712677e+01 1.248397616987459280e+01 1.272512248870934215e+01 1.288448158873399585e+01 1.311364688016785607e+01 1.319003164425656394e+01 1.337055931642711037e+01 1.362257919180322396e+01 1.390645511636001608e+01 1.398598967733727072e+01 1.431604924952415736e+01 1.446939422939294317e+01 1.456922945003647740e+01 1.504143829273015598e+01 1.507606271827925681e+01 1.536835955933918463e+01 1.545525006842825633e+01 1.558392779523529903e+01 1.571981174112846524e+01 1.580448801439092321e+01 1.595313857538400093e+01 1.610495328468363851e+01 1.649919671028348844e+01 1.653082973219435559e+01 1.665879947120858162e+01 1.668542443041094359e+01 1.678237700850942460e+01 1.686598209083445710e+01 1.707015397447021243e+01 1.717954283769483581e+01 1.724468762489795637e+01 1.729646334667627983e+01 1.737634759706281429e+01 1.747118569754524131e+01 1.762258579630256605e+01 1.769624172960805453e+01 1.795014179832540790e+01 1.875992682836017877e+01 1.882479280595833515e+01 1.890417512394547117e+01 1.902523550350061043e+01 1.925123283528871454e+01 1.937177468591885798e+01 1.954696691525322549e+01 1.981040447797697368e+01 2.026299598691042192e+01 2.030245918877323419e+01 2.111896280517586888e+01 2.125778029758199139e+01 2.240813004438718181e+01 2.248535297576153980e+01 2.261009681307053043e+01 2.268705423097097906e+01 2.353349310769395686e+01 2.366205578359249273e+01
