-1.250032824147926649e-04 -3.681370094727795814e-08 3.185571886392455136e-08 2.774364375384488768e-01 3.901931290504612737e-01 4.354644859042565708e-01 4.567435432324707945e-01 5.170280162822593617e-01 6.069695814243702969e-01 6.491625865069982071e-01 7.263102646187917788e-01 7.426832280452172474e-01 7.781825970055379349e-01 7.844782502763347765e-01 8.071183193559846591e-01 8.539079120732474548e-01 9.207209380040234370e-01 1.014225231267314120e+00 1.036476857572867560e+00 1.059228963628456199e+00 1.087479744289081562e+00 1.112183589649014870e+00 1.132323879025648683e+00 1.142746971232482034e+00 1.200739070551164689e+00 1.213261555565059213e+00 1.232728955881408739e+00 1.318704474330394394e+00 1.318858639518290188e+00 1.351820031822460022e+00 1.548110044624749326e+00 1.549906622252277044e+00 1.625573025352897050e+00 1.718403254855617179e+00 1.732528151144799411e+00 1.890191823621639289e+00 1.893930396987131948e+00 1.923511619595335898e+00 1.924600087115449831e+00 1.932315629912294552e+00 1.932753027993518113e+00 1.958206142288402951e+00 1.959766048508122749e+00 2.000515447683417047e+00 2.027357686996824171e+00 2.071842041523440425e+00 2.119409873731892713e+00 2.168052456513417159e+00 2.211455458795282603e+00 2.235052423673434596e+00 2.240562575837353076e+00 2.384523685532189408e+00 2.482800736972145650e+00 2.524047379521221046e+00 2.616988935792353477e+00 2.714323235139271429e+00 2.937499226287386023e+00 2.938701207709306651e+00 2.984805176726741394e+00 3.026486040425192314e+00
2.528274290166487165e-02 7.318529088438373298e-02 8.916947656311649539e-02 2.921140471677696193e-01 3.575549402423526812e-01 4.172556726106410041e-01 4.610331964806710925e-01 5.208398576323770568e-01 5.836125865909490562e-01 6.187710400287197432e-01 7.088661593025431529e-01 7.105426721944465562e-01 7.442001613617553746e-01 7.860606438679363928e-01 8.122635472635858500e-01 8.510039812735868958e-01 9.232782979830561620e-01 1.004642736713881046e+00 1.036842776068479299e+00 1.062029120496387202e+00 1.087013704942275227e+00 1.101081211062745258e+00 1.171424144140792656e+00 1.185190406113163952e+00 1.227929830192091343e+00 1.264127834651469939e+00 1.299493929747723708e+00 1.322825686417018920e+00 1.331821706664295890e+00 1.353872035229915394e+00 1.530814232026371569e+00 1.543860268106756806e+00 1.630243409122581255e+00 1.730695330647103569e+00 1.734929760135330845e+00 1.891515937408193349e+00 1.895717520995910288e+00 1.919570673410887718e+00 1.921882166462930419e+00 1.932966442440990695e+00 1.938880771058664632e+00 1.950160682663736988e+00 1.952326156943614333e+00 2.001823275466403818e+00 2.025570330611203840e+00 2.068965419468392852e+00 2.119297159598765301e+00 2.165882686926394296e+00 2.211292315520368756e+00 2.234629531802587277e+00 2.239883230447908158e+00 2.381633870612992698e+00 2.479812461216519104e+00 2.520507497219433901e+00 2.613238148237428948e+00 2.705721038989876703e+00 2.927985558399143873e+00 2.937301494770539367e+00 2.981610209922423316e+00 3.020772697368304449e+00
8.469531888432391131e-02 1.452217845771731630e-01 1.770821958254482908e-01 2.440286556807278184e-01 3.359359708586910354e-01 3.871504286652766025e-01 4.334529542886013664e-01 4.771707737845856112e-01 5.442602321465971338e-01 5.927483748069560798e-01 6.786349968958872436e-01 6.889943264764041286e-01 7.509218259801740958e-01 7.905694137925542986e-01 8.258397466872727799e-01 8.450722397705641153e-01 9.307395412521761724e-01 9.911367097363459333e-01 1.040096127894760691e+00 1.070286132319885342e+00 1.088375693143185163e+00 1.092120870879353944e+00 1.221082253029931231e+00 1.243597951793275147e+00 1.282408551133398911e+00 1.309727853481829740e+00 1.339761105347675452e+00 1.345029296313118961e+00 1.422354845945189128e+00 1.468684918559473473e+00 1.493868028625169542e+00 1.534755506299052552e+00 1.641151342881885800e+00 1.725247848125790462e+00 1.772314308243484904e+00 1.894400793779667191e+00 1.899610726788415915e+00 1.910667574140059832e+00 1.915007092122335663e+00 1.928141702180225625e+00 1.930852646224992419e+00 1.935537710322373206e+00 1.956595860372373208e+00 2.005500429192249356e+00 2.019774355447177427e+00 2.060396092040706950e+00 2.119063814564771331e+00 2.158289331817031531e+00 2.211946356648186285e+00 2.233944770167068494e+00 2.238048875344015975e+00 2.374124657300017205e+00 2.471266823445773753e+00 2.510272457876100205e+00 2.601562937735438563e+00 2.680286453451713236e+00 2.906876411006507510e+00 2.927452316849282532e+00 2.972549100225239105e+00 3.003989230000012611e+00
-5.137602628148112832e-02 2.151559433025912738e-01 2.169676377928823063e-01 2.645205219826390897e-01 3.205964790217203375e-01 3.925171980690513873e-01 3.959358184693747007e-01 4.949094593025663014e-01 5.631686345037693053e-01 5.641669689169074298e-01 6.786535789768186611e-01 7.307942173690477050e-01 7.635448029538032255e-01 7.975243399950501244e-01 8.405472724439523313e-01 8.465819445703042234e-01 9.430412036365121153e-01 9.788193989470688194e-01 1.049680519115026911e+00 1.083659652092116010e+00 1.083862995788561046e+00 1.094588249522984835e+00 1.208970123307272049e+00 1.292335912756725325e+00 1.320112657284728597e+00 1.341410187277399135e+00 1.395740420731289122e+00 1.395828148140995761e+00 1.438676932935072594e+00 1.479476835769143905e+00 1.590590782342961695e+00 1.612276546635999175e+00 1.663004166374830950e+00 1.718996292468984777e+00 1.815632671410987387e+00 1.881640514571963241e+00 1.889137979780530108e+00 1.895151863597983155e+00 1.909684973876829783e+00 1.911383786317975675e+00 1.919405706503301001e+00 1.937407211376407368e+00 1.988349949653451798e+00 2.009274433794596249e+00 2.010921509118998252e+00 2.046808564629280625e+00 2.118986025581387267e+00 2.143518978675147402e+00 2.215584458215468011e+00 2.235317653172527397e+00 2.235901241557800123e+00 2.365780139258085502e+00 2.458832092452374773e+00 2.494306944848295959e+00 2.580893193902052740e+00 2.639346967082762951e+00 2.875839636787763443e+00 2.912825397434098296e+00 2.958690547744796451e+00 2.977554602495752434e+00
1.496643454953304198e-01 2.833335866039503603e-01 3.234466535091629624e-01 3.283732979840890964e-01 3.716873327630674240e-01 4.505346371768170211e-01 4.572705099067966295e-01 5.174119990304908434e-01 5.781262069072453658e-01 5.872650524438479680e-01 6.911529925645671923e-01 7.796824387736760453e-01 7.837642313839222608e-01 8.062480787554647810e-01 8.409553539862549831e-01 8.716465417799431625e-01 9.609793434764808406e-01 9.694110792366145146e-01 1.069143175977157023e+00 1.075129501792418285e+00 1.099914230923241698e+00 1.112810825385080804e+00 1.192792529746513841e+00 1.303738176634146040e+00 1.322629870737616953e+00 1.339258009379088454e+00 1.386972860619469117e+00 1.450594242245880849e+00 1.494333485713354115e+00 1.500480002565879767e+00 1.627252646043888529e+00 1.669072035133079002e+00 1.738404338634958801e+00 1.741737350422641217e+00 1.829834682182079897e+00 1.852932478291023699e+00 1.859212810400394211e+00 1.885171991475894204e+00 1.907157130599646866e+00 1.924662561157630014e+00 1.936349775246313021e+00 1.937885329346563212e+00 1.993597522201191907e+00 2.014505885352472880e+00 2.017121229222925027e+00 2.043192470647580805e+00 2.119764033391128955e+00 2.121470629436210231e+00 2.221884267708358784e+00 2.237079859014160732e+00 2.245660525423490483e+00 2.362808869127710043e+00 2.447680661404742164e+00 2.473719439510591034e+00 2.550195510926105413e+00 2.585707682214033909e+00 2.837173642316041633e+00 2.899671931917940704e+00 2.936717377188422962e+00 2.948596783372965380e+00
3.480543692310480441e-01 3.483269328550845922e-01 4.032961605026769147e-01 4.278145752614494479e-01 5.091692532952871719e-01 5.332313285387235702e-01 5.379151772701430412e-01 5.414604537594577272e-01 6.219284402348866925e-01 6.296565696050113736e-01 7.083948573490793654e-01 8.133598804949145888e-01 8.137946800974734662e-01 8.239977525722101959e-01 8.502533259589203363e-01 8.969653121856637767e-01 9.656449489012878251e-01 9.853704061787298407e-01 1.066792434253178268e+00 1.095123748661495977e+00 1.129024035969620865e+00 1.144333276354305262e+00 1.173500635152703309e+00 1.300411609834534188e+00 1.316480103980300242e+00 1.339027428946929055e+00 1.340351250667700000e+00 1.418939292099868688e+00 1.578011110012764284e+00 1.584880775630268301e+00 1.621019564743044095e+00 1.652234936782426278e+00 1.762405740281072219e+00 1.767232099778780263e+00 1.799481384474535206e+00 1.816845686951402028e+00 1.887805794999404929e+00 1.909336107227795676e+00 1.913773053079506292e+00 1.930903425252488370e+00 1.946187672182210671e+00 1.970707195550144286e+00 1.972912474715570186e+00 1.992394608758745855e+00 2.022450869579746513e+00 2.060535072088721886e+00 2.094705182941404953e+00 2.121343158043933474e+00 2.224085234783305332e+00 2.252078076439749221e+00 2.272557616656338375e+00 2.367993334334980826e+00 2.449250389925638594e+00 2.454795895561619368e+00 2.509882272322564667e+00 2.524787603978977835e+00 2.794463983662163642e+00 2.894683462968275833e+00 2.898991225146525075e+00 2.929808072923088869e+00
4.094234694777904582e-01 4.609497910110798569e-01 4.881415711271269720e-01 5.121440220552166966e-01 5.610080084134900780e-01 5.781346075835599452e-01 6.230782034117825496e-01 6.785446848331295744e-01 6.932044301703913503e-01 7.125011785064695458e-01 7.311111506956107231e-01 8.230669767150182725e-01 8.502185489378661920e-01 8.691924869573949275e-01 8.758815878666184052e-01 9.194458685408543053e-01 9.736981226439580528e-01 1.014322854746160241e+00 1.062774013420218822e+00 1.123422710577122174e+00 1.152653014972589318e+00 1.165703825849610409e+00 1.198960797376853016e+00 1.280246636919853520e+00 1.298840814672177491e+00 1.303740153563643922e+00 1.350737492157778608e+00 1.382424484231186357e+00 1.594498098659928198e+00 1.614680602579544377e+00 1.639842995528792313e+00 1.642648812535420610e+00 1.710345096017206634e+00 1.733765272510523925e+00 1.806281862171960517e+00 1.810236161270782684e+00 1.917102775488788380e+00 1.924713335027800953e+00 1.928367467616360464e+00 1.936877556295962588e+00 1.947341335287293251e+00 1.959469532469998887e+00 1.973014347554680192e+00 2.005442558264965758e+00 2.024519773825549596e+00 2.048691434657979649e+00 2.074612300186338132e+00 2.119157506483305031e+00 2.224660133536814577e+00 2.281404068658073214e+00 2.289908808555007447e+00 2.374079962027324520e+00 2.420721600910427096e+00 2.461121516529206854e+00 2.463852293239203295e+00 2.511046102027092441e+00 2.752499307550847707e+00 2.859547666581041536e+00 2.902128937672787679e+00 2.913954019821884955e+00
4.670464855423070993e-01 5.202770894866073359e-01 5.519370704886272794e-01 5.538122855550809964e-01 5.761795196841325017e-01 6.296889582259524998e-01 6.858770027185409068e-01 7.218771930616125765e-01 7.699516472385948829e-01 7.862206032549193813e-01 8.208034131934802691e-01 8.474176540809548186e-01 8.733978173726258953e-01 9.194553315581595054e-01 9.227454126312727434e-01 9.785839280715135091e-01 1.005772084212151363e+00 1.042228267055612445e+00 1.076831218209431063e+00 1.134644370550608850e+00 1.161821793344585574e+00 1.193423495856428040e+00 1.243681640328065940e+00 1.277538491036576129e+00 1.278232556523313468e+00 1.280603448108416531e+00 1.345156920990561611e+00 1.376818343971416114e+00 1.557859904606230250e+00 1.582735691346907503e+00 1.615657812562370177e+00 1.618368385990622826e+00 1.712776960671580362e+00 1.729059603273596091e+00 1.804232188580728646e+00 1.804721760269520026e+00 1.899586085860842211e+00 1.913820496787133507e+00 1.922199345529382875e+00 1.943622042982880549e+00 1.948608670034808643e+00 1.961768265070751083e+00 1.999637888342693293e+00 2.001516676673765982e+00 2.021861911945984414e+00 2.024282194404508406e+00 2.089314203569709871e+00 2.114600881984819658e+00 2.227332372403494354e+00 2.280178264793633947e+00 2.318838137164564994e+00 2.360171918016236159e+00 2.388389239181298862e+00 2.420817599557788746e+00 2.436596142553030031e+00 2.582222871511151041e+00 2.716538996207622070e+00 2.830140775104104556e+00 2.900058251997900349e+00 2.921395414895978426e+00
5.195782851102039857e-01 5.691923667093374828e-01 5.727622612256703105e-01 5.866370489046927039e-01 5.911952781970849502e-01 6.617358601540460628e-01 7.344297600916943614e-01 7.350165818481634306e-01 8.078649145828324940e-01 8.101349936601596191e-01 8.258672178272459252e-01 8.728605131268702966e-01 9.266176426921814979e-01 9.509785000547179568e-01 9.787598999445038528e-01 1.041186592623546625e+00 1.061573494465401613e+00 1.094131444831950795e+00 1.114163213373599026e+00 1.136459563683525520e+00 1.215015435115434528e+00 1.217961596564238969e+00 1.218982295504933866e+00 1.248143742012262747e+00 1.274844405355473054e+00 1.309855997405657391e+00 1.369862808518467201e+00 1.416437437307179303e+00 1.513186325937463828e+00 1.548897042993207851e+00 1.550790434583408706e+00 1.555556409365511206e+00 1.736997050045051783e+00 1.740050013127672601e+00 1.786765634817787163e+00 1.798149558978451079e+00 1.861773652556197201e+00 1.866992131515893494e+00 1.913432284255539573e+00 1.949820339978770578e+00 1.951591636759091086e+00 1.961728203141321902e+00 1.997576533789473308e+00 2.004312754857069390e+00 2.022666385170404535e+00 2.027583349741465479e+00 2.107739516516899947e+00 2.116168636351202004e+00 2.231572951351631584e+00 2.265226809487168147e+00 2.317887883423308093e+00 2.330792883885018707e+00 2.383215751802841176e+00 2.389475859115985035e+00 2.453562552751649584e+00 2.628957062711745341e+00 2.691147478660431691e+00 2.829035692868735907e+00 2.888110154517876893e+00 2.946995247041332977e+00
5.591950584570113403e-01 5.852970704352283837e-01 6.018245363811604021e-01 6.082506704871604164e-01 6.128990330213601734e-01 6.683946019353778079e-01 7.573592247129484756e-01 7.728508308592630938e-01 8.146395188797290743e-01 8.184333073585295937e-01 8.320905261544232490e-01 8.590586264221218293e-01 9.248626930698046200e-01 9.525492414235380290e-01 1.038551138678355024e+00 1.065723633017449767e+00 1.099522207607017021e+00 1.111312584246120450e+00 1.148224253201479694e+00 1.178825357326087619e+00 1.199587191376986439e+00 1.237621907819300260e+00 1.243108316091877219e+00 1.276013173689058977e+00 1.293366527979024516e+00 1.327497358620729262e+00 1.451286492777726700e+00 1.458106281451414299e+00 1.464912667961061787e+00 1.478040746108409076e+00 1.495870420395537526e+00 1.531834944545326982e+00 1.735531958948247189e+00 1.753720086779096077e+00 1.761280531596971510e+00 1.786462739396293964e+00 1.814588344727684710e+00 1.815613657535677827e+00 1.908157015637053977e+00 1.926546659575174569e+00 1.950237039163406738e+00 1.950648782763065414e+00 1.987485283243385581e+00 2.027020448796570840e+00 2.034781086332058120e+00 2.048304077222023789e+00 2.093560467346384790e+00 2.135804962251152794e+00 2.234423389356694489e+00 2.266673786710094785e+00 2.283852029726761934e+00 2.300104272949762496e+00 2.375178002353476092e+00 2.424609203883290487e+00 2.476916072836143012e+00 2.632582574803128406e+00 2.679680702877765608e+00 2.862085449050330244e+00 2.877452935858695771e+00 2.971223296641742895e+00
5.691021543161183249e-01 5.889408747453978021e-01 6.237760907347282835e-01 6.353438834069675689e-01 6.401567705258176533e-01 6.610565186323141829e-01 7.783984295649474250e-01 7.972195336796690235e-01 8.017639760169268381e-01 8.290999793599261869e-01 8.416414482914044148e-01 8.459274686569274726e-01 9.195323850836333301e-01 9.524963639924995951e-01 1.021498763509503194e+00 1.058115967880776553e+00 1.080627751089241695e+00 1.113744669767616102e+00 1.168311046209052684e+00 1.197914107449364218e+00 1.232669175010721263e+00 1.234413251045927806e+00 1.262699381266868537e+00 1.298988979265558230e+00 1.362698241022087586e+00 1.394192528464243575e+00 1.414819330417085519e+00 1.418893618079289931e+00 1.435509113955836247e+00 1.455674652852587903e+00 1.533028689543996403e+00 1.550260488418046201e+00 1.721845776756758317e+00 1.746291803027743006e+00 1.750297749127724511e+00 1.765844603515135169e+00 1.767625172824051516e+00 1.779199266230292675e+00 1.895506664126320295e+00 1.903796427310287198e+00 1.929178917159849460e+00 1.942411425883698861e+00 1.990514669566745054e+00 2.049092660660417398e+00 2.051250689038680797e+00 2.068634933440840484e+00 2.071223215212683044e+00 2.146737894201736108e+00 2.231076703303154662e+00 2.271472070624651174e+00 2.273293651195410714e+00 2.293218388189206092e+00 2.381985821925336033e+00 2.465616966162262891e+00 2.496776559892517344e+00 2.615629461886950224e+00 2.685175253092154879e+00 2.866906059151819175e+00 2.903662176992700239e+00 2.987200001065835941e+00
5.622824892849652700e-01 5.833513212670702330e-01 6.257871058383317475e-01 6.474097870599644367e-01 6.530192657772776466e-01 6.884203438589037161e-01 7.557755497057059291e-01 8.124566569263884652e-01 8.208079858170127530e-01 8.361434995909473589e-01 8.455672469967033811e-01 8.482661507989821548e-01 9.136616012072346082e-01 9.635492927274736941e-01 1.006452982420912079e+00 1.039793377765874993e+00 1.044010231835705182e+00 1.064832362973202384e+00 1.134053822056373617e+00 1.194260859311864431e+00 1.255152371636757858e+00 1.275929658922763776e+00 1.287198679512055133e+00 1.323470044061229034e+00 1.356426626648634226e+00 1.382382530310226398e+00 1.392302177237824345e+00 1.435838598106246922e+00 1.451746312180056453e+00 1.454542135782623591e+00 1.547267253201231707e+00 1.600527318306092628e+00 1.710986592970210163e+00 1.713297289140463864e+00 1.725219862239145474e+00 1.737894534526175150e+00 1.756202349234825322e+00 1.778440690591295725e+00 1.875899666987290493e+00 1.887182222984350899e+00 1.906054945695720093e+00 1.927617237117938309e+00 1.994473126480161396e+00 2.046560216144591049e+00 2.067040899001551413e+00 2.068113173612420752e+00 2.086494623254862013e+00 2.151589331534811578e+00 2.212522000896873564e+00 2.266224305840419895e+00 2.284777882011920447e+00 2.336525434781088872e+00 2.403477714051785785e+00 2.494967473904758037e+00 2.511330167721824491e+00 2.596788863019175331e+00 2.710133913527212002e+00 2.855609359289174254e+00 2.935975885410862851e+00 2.990569563299058764e+00
5.509512621174734726e-01 5.693361594810087967e-01 6.177265562436711210e-01 6.430740525347589109e-01 6.581729588077325221e-01 7.238787791848780850e-01 7.387273334239846667e-01 8.280131530534592388e-01 8.326881555029220783e-01 8.424318205540886062e-01 8.499181981407436526e-01 8.643541263192797697e-01 9.121061624367949872e-01 9.822009774309097274e-01 9.885517732491174714e-01 1.009664107451450299e+00 1.014883248153445106e+00 1.027354746562322063e+00 1.101408424972552647e+00 1.152549479941314514e+00 1.240463753863107810e+00 1.279757041764296943e+00 1.287675748361277295e+00 1.314988032798540152e+00 1.343236348006738634e+00 1.393955707956078482e+00 1.425337766886267232e+00 1.455164580137074282e+00 1.473969103575726969e+00 1.482202715598816667e+00 1.545853538412641059e+00 1.631209275137290859e+00 1.668560739213762689e+00 1.675197029336769061e+00 1.727599132745237576e+00 1.736943967874773120e+00 1.769026010987765352e+00 1.778476332091069922e+00 1.853070630082819470e+00 1.876186169694709749e+00 1.888104453728260745e+00 1.905595665895394308e+00 1.994770766312052857e+00 2.024800833973099845e+00 2.079176167584117607e+00 2.082676386066797836e+00 2.101313220328330011e+00 2.152781040396126055e+00 2.189449827712108387e+00 2.270470531872107678e+00 2.314323177527255027e+00 2.381221066340104997e+00 2.430022280201197038e+00 2.508546579948251143e+00 2.521335772654318852e+00 2.583153073577623360e+00 2.751178983783897802e+00 2.844015525575703585e+00 2.955296653677256913e+00 2.980343603645842609e+00
5.413446894115212515e-01 5.548984208105147697e-01 6.062499544513558769e-01 6.407038061037551024e-01 6.647132262545999426e-01 6.979365367687336841e-01 7.879656792664939680e-01 8.302066097441124226e-01 8.426220311214143166e-01 8.494042554522382993e-01 8.612607155833268413e-01 8.713818396538457467e-01 9.263185118300895082e-01 9.510713163380442037e-01 9.658106137040876060e-01 9.856969809168492080e-01 1.020179044632801846e+00 1.026040806240639869e+00 1.074167367353049851e+00 1.111716009772323321e+00 1.214445162854120408e+00 1.256540979163126570e+00 1.267594170882884841e+00 1.284860755441311397e+00 1.386177639170832698e+00 1.412295407348193033e+00 1.458644813466079215e+00 1.481138840833601256e+00 1.490205785873700783e+00 1.494994461910797101e+00 1.539267698490915715e+00 1.621896278036076389e+00 1.631105083623765273e+00 1.666981057807144451e+00 1.720686414928404684e+00 1.757121104616635288e+00 1.778752661273639957e+00 1.791285113762443038e+00 1.834241989848079069e+00 1.869779556280010357e+00 1.877072625125181693e+00 1.878027900501686887e+00 1.994072067719527608e+00 2.009232534396909298e+00 2.086515293246808067e+00 2.091722602806362463e+00 2.112681119911441918e+00 2.149861021631044533e+00 2.174795855172280579e+00 2.275100775850438684e+00 2.343177218520085425e+00 2.410777888118074586e+00 2.453765094535065305e+00 2.509306618873424544e+00 2.529716964929752177e+00 2.575619023657226947e+00 2.794663019640511337e+00 2.834590813821259214e+00 2.960951423564117668e+00 2.963987541663102299e+00
5.375528382731086241e-01 5.489969947360741065e-01 6.011875234774514132e-01 6.398453626751567924e-01 6.713856044352315422e-01 6.844551272008974063e-01 8.216292205938382498e-01 8.318601088313490877e-01 8.333993739826823788e-01 8.591260782339246171e-01 8.651224411763643873e-01 8.676681029339186058e-01 9.407055791560019475e-01 9.415459661479875786e-01 9.533709474212918034e-01 9.557570785354944087e-01 1.034186975405790854e+00 1.036282439354829998e+00 1.064429492453672133e+00 1.085188972013675812e+00 1.203507437286631676e+00 1.245229292668837529e+00 1.261162084273437234e+00 1.273817100481108300e+00 1.406571867469687653e+00 1.415212391539145020e+00 1.476032834212492428e+00 1.486547019032524286e+00 1.498474591648632614e+00 1.503517878064538182e+00 1.535301013534449588e+00 1.606454045873159098e+00 1.613919904839971275e+00 1.671460794481659740e+00 1.718053995247623034e+00 1.769496331629943464e+00 1.778945228729330807e+00 1.797430405546136090e+00 1.843796438071000798e+00 1.848222177980814784e+00 1.867616492503312298e+00 1.875000068241414075e+00 1.994447956238769137e+00 2.002840532933009676e+00 2.088922183422805112e+00 2.094770475952263400e+00 2.117847630875777210e+00 2.146324701026187665e+00 2.170933857884004503e+00 2.276879665659945928e+00 2.355385267778832059e+00 2.419504156984600751e+00 2.464786743357707977e+00 2.506474082631106715e+00 2.534561790825658356e+00 2.572802842898716857e+00 2.815886385959740057e+00 2.830858865667159829e+00 2.948778122365757426e+00 2.966196460216682151e+00
5.385375718864864325e-01 5.498338676797603908e-01 5.988563681430022489e-01 6.373977405125432760e-01 6.757999430859229495e-01 6.874122856586563080e-01 8.025525501224255454e-01 8.172166682150771022e-01 8.443032049003971196e-01 8.589725740466916948e-01 8.660850187379235399e-01 8.675305022022148371e-01 9.458924728424474848e-01 9.482777698226554364e-01 9.555150766084719027e-01 9.603194743672718303e-01 1.036546190802043022e+00 1.044783436502242369e+00 1.079878055142830640e+00 1.092690396756526905e+00 1.203961499008512570e+00 1.244744163014762650e+00 1.260773338936079124e+00 1.273731148024545234e+00 1.381124833334907098e+00 1.387781620963198792e+00 1.475380453053517948e+00 1.485707336669169321e+00 1.502447888117485864e+00 1.513159351195758617e+00 1.542404664294839689e+00 1.583302793760438476e+00 1.600317076204562428e+00 1.693572082695066872e+00 1.711695366292702136e+00 1.774530051401769448e+00 1.782690005367413510e+00 1.806744660967421590e+00 1.844851948973837086e+00 1.858167927581223511e+00 1.871403177990658362e+00 1.880648809951417810e+00 1.994142571170217870e+00 2.003425973062819221e+00 2.086267361920570274e+00 2.091720317041859900e+00 2.116132276441922144e+00 2.142982138407362847e+00 2.171673012583893225e+00 2.279095317137109333e+00 2.350008577437286750e+00 2.417150375116789540e+00 2.463017873430461080e+00 2.504964426512777731e+00 2.530122594349419884e+00 2.571874378602109878e+00 2.814335356388264930e+00 2.827196550652337326e+00 2.947277412063757041e+00 2.963449253322820720e+00
5.416724048822011417e-01 5.524650229193518447e-01 5.937983755642957107e-01 6.310030413806440031e-01 6.865122987468070814e-01 6.939139246042471676e-01 7.729659451717030283e-01 7.874829891434081963e-01 8.520755848421824874e-01 8.587119602871468027e-01 8.657108966244934090e-01 8.671784725540085947e-01 9.582219227309898280e-01 9.636872419011569546e-01 9.682156194882816092e-01 9.716275563286036476e-01 1.048098523853864927e+00 1.063684125927701896e+00 1.111245076892859007e+00 1.118852002529437950e+00 1.205251244816830880e+00 1.243289580460402055e+00 1.258779976419328817e+00 1.273288632790263719e+00 1.332041616156509400e+00 1.335462293480431439e+00 1.474152209293914551e+00 1.484001772856538670e+00 1.485910722800062089e+00 1.521509158475272461e+00 1.530983905367113262e+00 1.551287138357531958e+00 1.598589201760628908e+00 1.695379832743834747e+00 1.719520006455118599e+00 1.763496901325638078e+00 1.815010492060560532e+00 1.832675802595162162e+00 1.856024781035558791e+00 1.879233843405680560e+00 1.882585816616542118e+00 1.892997818765736140e+00 1.993894223034633484e+00 2.005531901810150064e+00 2.078177093826668820e+00 2.082528899235432274e+00 2.110442376741797688e+00 2.133220286509251551e+00 2.174893330138274461e+00 2.285773341019264659e+00 2.335051550624795969e+00 2.409821722862728333e+00 2.458247507710670021e+00 2.501130108695884147e+00 2.518214988282861722e+00 2.567901756255678070e+00 2.809955211914015205e+00 2.817596370627617031e+00 2.943198430552363298e+00 2.956118542379996939e+00
5.474403468776565251e-01 5.574295745393275103e-01 5.886940878438228220e-01 6.224240072550046854e-01 6.977577258113937253e-01 7.003107873023414198e-01 7.441230798042018924e-01 7.562482829786842942e-01 8.556408474291973265e-01 8.586135652938733376e-01 8.642752847219103973e-01 8.660660548155443283e-01 9.738050748633277909e-01 9.776137473024413271e-01 9.845852905184850901e-01 9.935791658950310357e-01 1.073845431309652820e+00 1.091806542732995711e+00 1.142854186638347702e+00 1.155942471631765667e+00 1.207121378325678451e+00 1.240816180636974853e+00 1.250202661978324192e+00 1.272243824374853283e+00 1.281545921343164585e+00 1.288227762153180356e+00 1.443007715019891668e+00 1.468320164188937627e+00 1.474787047976473087e+00 1.484180178444777898e+00 1.523162828509300404e+00 1.553644444941735481e+00 1.605282972792514640e+00 1.674171597746239026e+00 1.732015140351680360e+00 1.750238695101508979e+00 1.852344035043153037e+00 1.868105922902874472e+00 1.881141084463310076e+00 1.897137935308809809e+00 1.906041166090387096e+00 1.907064380126661574e+00 1.995730853685687700e+00 2.009991410826763580e+00 2.064446541496427034e+00 2.067412604314623259e+00 2.099860944112512673e+00 2.117601307528902410e+00 2.182604150894415618e+00 2.296770567658091178e+00 2.313256603320492655e+00 2.397519558649667371e+00 2.452115347003903434e+00 2.496988768328580743e+00 2.501685479710729521e+00 2.558940938763865081e+00 2.803585973420149813e+00 2.805605151965472110e+00 2.937688326064962219e+00 2.946509589007342278e+00
5.560031448233268003e-01 5.654299688601159835e-01 5.844145106277319757e-01 6.126803446413399135e-01 7.020558662820661766e-01 7.070120326192580462e-01 7.219482573255463498e-01 7.313597514706240421e-01 8.568406113728713747e-01 8.585399479229318676e-01 8.626333697002616097e-01 8.647756932590749956e-01 9.859094724289358957e-01 9.936712904424284121e-01 9.986376797269043148e-01 1.011304877315289286e+00 1.115997984807350685e+00 1.135191973835327106e+00 1.168416785923668044e+00 1.186477408227481156e+00 1.207994963384778186e+00 1.225882243730205934e+00 1.237058119397312694e+00 1.237334244075309231e+00 1.270021263524204080e+00 1.271156636708526300e+00 1.385848659688919682e+00 1.403442286514711590e+00 1.480438683159851276e+00 1.490083649094245288e+00 1.520067570716747696e+00 1.549264821516963098e+00 1.609672229651649022e+00 1.652331592183917230e+00 1.733684933198646139e+00 1.738472016667601983e+00 1.880154889947060370e+00 1.906551305843325439e+00 1.909122117079349534e+00 1.915581313007032493e+00 1.920712367137179744e+00 1.936313623210825563e+00 2.002542380276461920e+00 2.018200055104133916e+00 2.044398824056671948e+00 2.047965043159010179e+00 2.084398698952690587e+00 2.096857250291066954e+00 2.195812171800621382e+00 2.287745489471765481e+00 2.311321597649051096e+00 2.381451360782245619e+00 2.447309475941211510e+00 2.483409834576329800e+00 2.495553312885714803e+00 2.544576424883229215e+00 2.795222736462563251e+00 2.796617025611018548e+00 2.932290366413890847e+00 2.937330328173972216e+00
5.659842755241980550e-01 5.763612774548153572e-01 5.802475460023219789e-01 6.017064516414674102e-01 7.024246605577584290e-01 7.085811953676514063e-01 7.103217692071102096e-01 7.162359393379535977e-01 8.571186831001268436e-01 8.581685013404417584e-01 8.617472893893660668e-01 8.635289094540978816e-01 9.941045793224293492e-01 1.002035598450548237e+00 1.012489810977638571e+00 1.020103929143827859e+00 1.162527669394176177e+00 1.179466919790572055e+00 1.193324281719897906e+00 1.196326297706983732e+00 1.207047420106011737e+00 1.210850128105660728e+00 1.218018189966693532e+00 1.234637114147515868e+00 1.263479307740891455e+00 1.271749847437626979e+00 1.323476062166975442e+00 1.337490517493274078e+00 1.491797922435124768e+00 1.503777287285634090e+00 1.514436616588322737e+00 1.538218519968405751e+00 1.612981182931080948e+00 1.633358479520647499e+00 1.730523356257624767e+00 1.730956259358401361e+00 1.899391564241224684e+00 1.914168588047927111e+00 1.931152817310387793e+00 1.932182376803613488e+00 1.951251748002434283e+00 1.970061196746598853e+00 2.017160860046998128e+00 2.018001522135055570e+00 2.025897056579653022e+00 2.031729742379821069e+00 2.064508000740371330e+00 2.072858716809323543e+00 2.214048281025152498e+00 2.261350696144096784e+00 2.328021305150299813e+00 2.363632309314137370e+00 2.447000494316997177e+00 2.466319206055018309e+00 2.499732064245661523e+00 2.527089360477071001e+00 2.789061771743695850e+00 2.790784798415642864e+00 2.928532954240680386e+00 2.930759865654879892e+00
5.740776762602640693e-01 5.748577068383258215e-01 5.891540644228897561e-01 5.892505029624358626e-01 7.026160492469430974e-01 7.045806579092586119e-01 7.096102455027583078e-01 7.117719026054455389e-01 8.573655793709080708e-01 8.577025048168689381e-01 8.617156407917346828e-01 8.628111301343676098e-01 9.992023035468715619e-01 1.001618726174897001e+00 1.019773133916176633e+00 1.021680123654486572e+00 1.184159819185330420e+00 1.185957622597206829e+00 1.189714714649404703e+00 1.190991901765035443e+00 1.220382974834115952e+00 1.220889414655818461e+00 1.247045915251845827e+00 1.248284354905408788e+00 1.263106483590744178e+00 1.263633049318745760e+00 1.283745510927374989e+00 1.283836415986436386e+00 1.504582541904927684e+00 1.504828076969018325e+00 1.521511341839050901e+00 1.522128140327193124e+00 1.619176315033088898e+00 1.620768043557483828e+00 1.728234748621464423e+00 1.728778344485064400e+00 1.910433935237920267e+00 1.911480082694467786e+00 1.937039258871470437e+00 1.937407892765879103e+00 1.986238121450700556e+00 1.986895857652620112e+00 2.000525938512222712e+00 2.000711091884166404e+00 2.039460433314676635e+00 2.040597890752082755e+00 2.049841228787098846e+00 2.050891573051081718e+00 2.236036992406209567e+00 2.236515305668086206e+00 2.345169138075294146e+00 2.346086941992954422e+00 2.453314858006715671e+00 2.453491799504792681e+00 2.510719104916238731e+00 2.510864576476927290e+00 2.787655518507342833e+00 2.787955905751851926e+00 2.927423881643128833e+00 2.928161006783430054e+00
5.687002945894521488e-01 5.751332299918147095e-01 5.947680844321554527e-01 6.108597212167633517e-01 7.002046633307316137e-01 7.024748569026373346e-01 7.200379906327912805e-01 7.228971393115088961e-01 8.404435972760758711e-01 8.441718262434509956e-01 8.702326705420280195e-01 8.734609609701926569e-01 9.735655883566147750e-01 9.765502810168749104e-01 1.041991373925690301e+00 1.045942787009475961e+00 1.141372988429058433e+00 1.147784897436284979e+00 1.162884518249893251e+00 1.172627405487325580e+00 1.227285115662328341e+00 1.239739824739603202e+00 1.256895093660059359e+00 1.271065706792942507e+00 1.288445655405387802e+00 1.293369028470589432e+00 1.307353365453583383e+00 1.311958825139846185e+00 1.493470602670813552e+00 1.496442046427695738e+00 1.518292623473648018e+00 1.532573900995863880e+00 1.625737379157827345e+00 1.629078459894429232e+00 1.728168365562998687e+00 1.728957537812376044e+00 1.904856128225417944e+00 1.905771484471880939e+00 1.935278404268013785e+00 1.939844321240191904e+00 1.966907358334156308e+00 1.970712427387629084e+00 2.010169558192537842e+00 2.013796765028822655e+00 2.040733745244823982e+00 2.044413653606124370e+00 2.051251517683152947e+00 2.056778578669691271e+00 2.225253537868789877e+00 2.253608365687802539e+00 2.336486243011055564e+00 2.342650947088298352e+00 2.441868513985587352e+00 2.452784139402467201e+00 2.508021617524285762e+00 2.516180878601337323e+00 2.769392769552173839e+00 2.781104423580389895e+00 2.931301995473859279e+00 2.938188729891581197e+00
5.706119408916923152e-01 5.753328137082488469e-01 6.213253521054136197e-01 6.393069571708839272e-01 7.004636621512196903e-01 7.043556051918297145e-01 7.417737542432049080e-01 7.451538475885127744e-01 8.226816163456774911e-01 8.255467901446805756e-01 8.704021668117701838e-01 8.721761686271191083e-01 9.488617288178529119e-01 9.513949616182816316e-01 1.050290099036565339e+00 1.054620875884573872e+00 1.088216453857977717e+00 1.098325459199565035e+00 1.125865194850047324e+00 1.130019002814373952e+00 1.256753837877110369e+00 1.279293763114856208e+00 1.282800483739497510e+00 1.311599160647966666e+00 1.322679964348038695e+00 1.332867335322063251e+00 1.353491009966693248e+00 1.356892185445483401e+00 1.472712222805041993e+00 1.483555172370637720e+00 1.526455338112756355e+00 1.538115223457094949e+00 1.645336221589287051e+00 1.647100881341774903e+00 1.728337150028864455e+00 1.729096204693839178e+00 1.889295008910111706e+00 1.890419955860126677e+00 1.922446786108045869e+00 1.930159372821431463e+00 1.946645273339469906e+00 1.959635917559890972e+00 2.020979529739012737e+00 2.022415379060190421e+00 2.046337711153753958e+00 2.051793158916820126e+00 2.060580191894302526e+00 2.068686462072967913e+00 2.223564903562054162e+00 2.273049738160219491e+00 2.319016453241968811e+00 2.330071405784687855e+00 2.420042402682293758e+00 2.444586226627418757e+00 2.505811680193032132e+00 2.518947297755611103e+00 2.742106940769548196e+00 2.755983705509590820e+00 2.942595004194134223e+00 2.950173704630297600e+00
5.777763670699711529e-01 5.816101645133827658e-01 6.512356188155187242e-01 6.639035943166391451e-01 6.992201732219156529e-01 7.034838595118898530e-01 7.730788876852594527e-01 7.749271403363310329e-01 8.112668284564957810e-01 8.123174779481121544e-01 8.530736019336577769e-01 8.539903808091503512e-01 9.353046563842802863e-01 9.380893668959670029e-01 1.006320457949751779e+00 1.012866058695810034e+00 1.045116823065148859e+00 1.054063877766001189e+00 1.125572920489166462e+00 1.128220708363343983e+00 1.279931745424024880e+00 1.289765454547191048e+00 1.335808975963322265e+00 1.348982371173255812e+00 1.356867318036477199e+00 1.370704266283622852e+00 1.380254131119283967e+00 1.398914775162259261e+00 1.469085046758052071e+00 1.481362806880028193e+00 1.542798359654543594e+00 1.544245018129870362e+00 1.667685818408073839e+00 1.676731824688226347e+00 1.728392557621896808e+00 1.729007279090229998e+00 1.865068780467161957e+00 1.866540712022554560e+00 1.890982414116652910e+00 1.900949789982061100e+00 1.947412325001160793e+00 1.960034766003824203e+00 2.026457400083959026e+00 2.028755264558086413e+00 2.058676652527546835e+00 2.060773540927764547e+00 2.074616970138312144e+00 2.084428615579925204e+00 2.232921787509877465e+00 2.289048548659191606e+00 2.302752842037166126e+00 2.311456955353498710e+00 2.400456928082222774e+00 2.431820168457965003e+00 2.498905241600439808e+00 2.513106573368852459e+00 2.721958093711325688e+00 2.730978968395434414e+00 2.948240371670928450e+00 2.953394387208616578e+00
5.854749892677855172e-01 5.892580029433430733e-01 6.675963106004961789e-01 6.722501142273290542e-01 6.949443695853996239e-01 6.975936408178013970e-01 8.008114199019641388e-01 8.026374576636564617e-01 8.104741039309070194e-01 8.127909148785023019e-01 8.322180320915882890e-01 8.343819472564586448e-01 9.091477573841592053e-01 9.106092953736564244e-01 9.722097128440229108e-01 9.757004114352521018e-01 1.000236495166562767e+00 1.005015256997939144e+00 1.142136116035969984e+00 1.144967145338256387e+00 1.252644434943937624e+00 1.254997381527549694e+00 1.347431600558044451e+00 1.352055841563380545e+00 1.400342872653562276e+00 1.402409746497473630e+00 1.437434809954563075e+00 1.442285023442704928e+00 1.490056027033144215e+00 1.495027830436082450e+00 1.564175222726703840e+00 1.568193752499580818e+00 1.697301524892178115e+00 1.708289716270575687e+00 1.726290859052591831e+00 1.728764293113135730e+00 1.833261260467474507e+00 1.835128257451345002e+00 1.864221102713910838e+00 1.870245838013557371e+00 1.955061204474503711e+00 1.959243696978861804e+00 2.030124051553543030e+00 2.032163608956142120e+00 2.068360356319485227e+00 2.069586597549728957e+00 2.098439075645186058e+00 2.104106709630443550e+00 2.250922997069296994e+00 2.284132805506810193e+00 2.301040212525604201e+00 2.302111092613000398e+00 2.399637791456716407e+00 2.416716747718580027e+00 2.485240464544111738e+00 2.494125757553069533e+00 2.716364213612183054e+00 2.719180630664949749e+00 2.942683717592791570e+00 2.944711224421446172e+00
5.878732796707936137e-01 5.934397378433154957e-01 6.468258872388037428e-01 6.519590969305666395e-01 7.021167485504041794e-01 7.037298780427720946e-01 7.763115725583356053e-01 7.775399324707756854e-01 8.236181966444410252e-01 8.253816743022909241e-01 8.437925829604548955e-01 8.442067672963633473e-01 8.680769718563635662e-01 8.690044092849460444e-01 9.388653269943447732e-01 9.423254738287997201e-01 9.831647586996914434e-01 9.852124054700286404e-01 1.147151490901254345e+00 1.150032302961549568e+00 1.200562517734873547e+00 1.202433547130503211e+00 1.275953129891306492e+00 1.281457043596415657e+00 1.464318153939956790e+00 1.465322592880405894e+00 1.498478732348411890e+00 1.499445112630629628e+00 1.516362038806148060e+00 1.518824647259116922e+00 1.594174025587660637e+00 1.596767136578544966e+00 1.718395862633531168e+00 1.723391878797710941e+00 1.728988256750966901e+00 1.731748517639457141e+00 1.798322573189109930e+00 1.800629738823616988e+00 1.849630630678284815e+00 1.854363430057738515e+00 1.962908779027148221e+00 1.963932525180332345e+00 2.029346762659492320e+00 2.031452545192746761e+00 2.076184749544708996e+00 2.077352746266661221e+00 2.126477918899838837e+00 2.129518209652737415e+00 2.252452836965242788e+00 2.267596514306723154e+00 2.322715486121225581e+00 2.325947258463066714e+00 2.404299290566711100e+00 2.412170159871176001e+00 2.460957036827018829e+00 2.467576160695714282e+00 2.726345540844004933e+00 2.727251159256996349e+00 2.925689666044641424e+00 2.926619779005107613e+00
5.797708168469144496e-01 5.863937444647235875e-01 6.161508698426717556e-01 6.222619053790705568e-01 6.987116030407514167e-01 7.028028526849106061e-01 7.408992799273566021e-01 7.454950564634340582e-01 7.867442610202464159e-01 7.879920882721341835e-01 8.334564132996814534e-01 8.411719942184354704e-01 8.816585774691471089e-01 8.833557937366124380e-01 8.972850493659408899e-01 8.995323769626776267e-01 9.856640132122895803e-01 9.915491010249040116e-01 1.093676829174754062e+00 1.098485785085055788e+00 1.156605270929584206e+00 1.165709869675218835e+00 1.196670198050844069e+00 1.202761034076213598e+00 1.517678793013527816e+00 1.525430230269494203e+00 1.536769933535728994e+00 1.549355828736690421e+00 1.555316006454441791e+00 1.556556176182661400e+00 1.617477369070807525e+00 1.621048648852758678e+00 1.711244384423816989e+00 1.713870967661407230e+00 1.720090494391416369e+00 1.752693240894403592e+00 1.767936382186397148e+00 1.774966886823729606e+00 1.842748953466529338e+00 1.863679431400304232e+00 1.973418726516535493e+00 1.975049844068843763e+00 2.023041185740267256e+00 2.028170482428777621e+00 2.085642153214712913e+00 2.089409464987947995e+00 2.148186830526995106e+00 2.157774869229971415e+00 2.226230907038462714e+00 2.271673391775186346e+00 2.346809610510542043e+00 2.366268968648985727e+00 2.407633934277628285e+00 2.423047482890702486e+00 2.424284460878925351e+00 2.458130714596045596e+00 2.752098648516384749e+00 2.754109010817288539e+00 2.902028830388215574e+00 2.904204033975906096e+00
5.551769234615019366e-01 5.586651503495021487e-01 5.870252540067298908e-01 5.942947846479725849e-01 6.748212275001175264e-01 6.791941681099752381e-01 6.960441179185498095e-01 7.038417543872144133e-01 7.431505115281091811e-01 7.509457435832719296e-01 7.929810384541363666e-01 8.013964430553133234e-01 8.575194062425612884e-01 8.621970660554553190e-01 8.967710369188836017e-01 9.069531850863383760e-01 9.903550420734441584e-01 9.973482485331076619e-01 1.023092459545534849e+00 1.029200216048390182e+00 1.046571693484161791e+00 1.074526956526597576e+00 1.200163446687717350e+00 1.203395588459162724e+00 1.536301072790949407e+00 1.548949345003349132e+00 1.573315174078262713e+00 1.578662573411595105e+00 1.597720748825524728e+00 1.600588940951250150e+00 1.634303988050603174e+00 1.639597244658746344e+00 1.699168895176591532e+00 1.704187166247858709e+00 1.714166181092930064e+00 1.739046347918353330e+00 1.762434115085808939e+00 1.767931537404924036e+00 1.845333046574188618e+00 1.873841481581220103e+00 1.980290955493323235e+00 1.989749782729172134e+00 2.019981946169886022e+00 2.022507818426574122e+00 2.097210766201535126e+00 2.108789964290036512e+00 2.160544861560470320e+00 2.177478741859900424e+00 2.213918842847081514e+00 2.251096376007993616e+00 2.339561225816523926e+00 2.349616030964344127e+00 2.421233344926313258e+00 2.453467610488226036e+00 2.463199246080697069e+00 2.469460575791273538e+00 2.792779750600244526e+00 2.793900556525620527e+00 2.881736723797812427e+00 2.882361244344042284e+00
5.122700398209736328e-01 5.172264181458726684e-01 5.312881790809718119e-01 5.545647079405965352e-01 6.299204710703912857e-01 6.329120786233612961e-01 6.472087635703333008e-01 6.488294862123910045e-01 6.978078666003024733e-01 7.061693013561057830e-01 7.260187110048954562e-01 7.319378181463580546e-01 8.225843830564524284e-01 8.237997212214903664e-01 8.859750465379029327e-01 8.953192417754649579e-01 9.698845594387678348e-01 9.725764087930719448e-01 9.986553299230758185e-01 1.002760461725525243e+00 1.010382111580850450e+00 1.035335778373115190e+00 1.200999712263267405e+00 1.206474933215128109e+00 1.528898663032933314e+00 1.545521641175775063e+00 1.564807499616889697e+00 1.567769068000845811e+00 1.613760984205659721e+00 1.632035787945341987e+00 1.650925737232404877e+00 1.662122670521042123e+00 1.707283107631371477e+00 1.709496151764716032e+00 1.717438534337442535e+00 1.726004605228684152e+00 1.771649783774531528e+00 1.784276924988714930e+00 1.849375584380966719e+00 1.874930866611609792e+00 1.978572594075699520e+00 1.991862167392301597e+00 2.013566885359731273e+00 2.027558162433269029e+00 2.105677422783620578e+00 2.120008279218219993e+00 2.158371952368208113e+00 2.181192327396961783e+00 2.217770049919797426e+00 2.221517803058329132e+00 2.308801178500420992e+00 2.310468807588503370e+00 2.448766545750163726e+00 2.474643682414897849e+00 2.522685024997836312e+00 2.540183414272643159e+00 2.834460226631732027e+00 2.840481130440718704e+00 2.870254162026352862e+00 2.878201516473464228e+00
4.037345906334559031e-01 4.411014529707133480e-01 4.588311944033743317e-01 4.815014991848922676e-01 5.472102533246391287e-01 5.543285652734042390e-01 6.180287735517965286e-01 6.237616641076193513e-01 6.287895673667222018e-01 6.409868310786481782e-01 6.926223557149224774e-01 6.992101089737836617e-01 7.852876619621711463e-01 7.953922251866634152e-01 8.617857164671149928e-01 8.726150981828735276e-01 9.647590323411669999e-01 9.704593855799339419e-01 9.856099563368653227e-01 9.891528791814953037e-01 1.018159890073978113e+00 1.033651011403222464e+00 1.197207840114378863e+00 1.203540604476301512e+00 1.503176752576884434e+00 1.517601109861592912e+00 1.527946384498760191e+00 1.536577456556506016e+00 1.583143354286059346e+00 1.599863467311896992e+00 1.680850870423215460e+00 1.694885812800267511e+00 1.709624726707444253e+00 1.717832655225501437e+00 1.731267976535460607e+00 1.747337128758651437e+00 1.801666432865747458e+00 1.818560599558665558e+00 1.849407633854415201e+00 1.870605331604658916e+00 1.961185517927798605e+00 1.981385993140835744e+00 2.003757505285512330e+00 2.023453380194220053e+00 2.083543515172580296e+00 2.101265441418558311e+00 2.155585947646343481e+00 2.170487761302632101e+00 2.211130780602093004e+00 2.236822222717833597e+00 2.292660193143929437e+00 2.297228749494503841e+00 2.475453591826747068e+00 2.492641238103151746e+00 2.591685041710476867e+00 2.618893468955391324e+00 2.848403801524242329e+00 2.853560214838726683e+00 2.905777308265271586e+00 2.915069545529646255e+00
2.558041746370280922e-01 3.286868113104344236e-01 3.720095422590463663e-01 4.011971967484379564e-01 4.839838220897966781e-01 4.907686624022981059e-01 5.816473909115561503e-01 5.970492471677394386e-01 6.022662673121080834e-01 6.143245509697928819e-01 6.726773264553018716e-01 6.892168948888736102e-01 7.544932869260914110e-01 7.726946955346476464e-01 8.486034446417050070e-01 8.631455128935572318e-01 9.643830163490676455e-01 9.706218482256491198e-01 9.747511692475244738e-01 9.791665830439505447e-01 1.025971548208656214e+00 1.035511700538521929e+00 1.190353423185029902e+00 1.196282581734386063e+00 1.454333072928806647e+00 1.457138163021626243e+00 1.475493239693265179e+00 1.501615993339356026e+00 1.547573257047533346e+00 1.560439355076289170e+00 1.692710999230907065e+00 1.693709917969640211e+00 1.707767417405756882e+00 1.716190052845750325e+00 1.758715678783716596e+00 1.766603772422022045e+00 1.834222163345752277e+00 1.839614378822806762e+00 1.860516434917256934e+00 1.868772003416877769e+00 1.929852458852990615e+00 1.943173455095371427e+00 1.994693409553042640e+00 2.003076027000590731e+00 2.065543016484276517e+00 2.076356296711137084e+00 2.149432510672044216e+00 2.162734959400321344e+00 2.227116831739556879e+00 2.252048449256933260e+00 2.298203062525703277e+00 2.308060543569544709e+00 2.498604130907090770e+00 2.511741475172460270e+00 2.659876415198290989e+00 2.690196866959686961e+00 2.853651214526983892e+00 2.855696866989456240e+00 2.958802570453828995e+00 2.965834502516934812e+00
2.189897601217113687e-01 2.981727858042751422e-01 3.036355515995882715e-01 3.470363943815116259e-01 4.405298978079416061e-01 4.485654148320133427e-01 5.456297474441997863e-01 5.598433440150548668e-01 5.978687876211291607e-01 6.131492836702644444e-01 6.668655487131875947e-01 6.873572770343673310e-01 7.345631282784590432e-01 7.558110092276904002e-01 8.468595298398814419e-01 8.641406123957213747e-01 9.545092340639463879e-01 9.607832963660543069e-01 9.636146388264551499e-01 9.739796552939474772e-01 1.030102569123921619e+00 1.034546266808944015e+00 1.183155309338451477e+00 1.188389239135126285e+00 1.362872830971616045e+00 1.364424284894778516e+00 1.441842712199974841e+00 1.467202291786154467e+00 1.519381474074167793e+00 1.528579872591291577e+00 1.619169336455326569e+00 1.628866469613085677e+00 1.719612570804629481e+00 1.729310203536021717e+00 1.783989242578146062e+00 1.785300061463008570e+00 1.823531803388992900e+00 1.827521593865975902e+00 1.895289549400382745e+00 1.897824300642166229e+00 1.915326741261945909e+00 1.915986545114348294e+00 1.985335549596527249e+00 1.991111651175940578e+00 2.061130677370469400e+00 2.063570302307334625e+00 2.144794092934108498e+00 2.154770510380859871e+00 2.248555773676157887e+00 2.265455852480818599e+00 2.312441311857869497e+00 2.325602692321012022e+00 2.517842581031231042e+00 2.529033862578639269e+00 2.720629956357514256e+00 2.748491931555154810e+00 2.859860985377978615e+00 2.862324579886220466e+00 3.005981294043010621e+00 3.011912814213107303e+00
2.884606284319659042e-01 3.414729819040694392e-01 3.459013941420570615e-01 3.945732668855302938e-01 4.144346052179341822e-01 4.305706551027030926e-01 5.186447119848713871e-01 5.297710495141769727e-01 6.011881043510566291e-01 6.173000310733344209e-01 6.650634622912175997e-01 6.793599791466170545e-01 7.332178746021154048e-01 7.509123213032644628e-01 8.557532718709185415e-01 8.739298651830804676e-01 9.372678608375628606e-01 9.480145868791314268e-01 9.502934406596065253e-01 9.637245865629197050e-01 1.031181173611675161e+00 1.032803962788781726e+00 1.177540991305971119e+00 1.182602276249519413e+00 1.262930608277260669e+00 1.265101253544617776e+00 1.396656432580721585e+00 1.412481415588199507e+00 1.467801684783014649e+00 1.475181172321922585e+00 1.549932283450573545e+00 1.557902143484670265e+00 1.731653039621418477e+00 1.740560763480625273e+00 1.798463532628456596e+00 1.798988581092928918e+00 1.813322755896975336e+00 1.815888421156463428e+00 1.913775081286313240e+00 1.914859050940201923e+00 1.927765635001632116e+00 1.930682776403286338e+00 1.975250998351653076e+00 1.980391058569465734e+00 2.058179728441129175e+00 2.061020807410396838e+00 2.143120024919007438e+00 2.150061996353097804e+00 2.265187444368943037e+00 2.276273249869689153e+00 2.327847381004577443e+00 2.339744836573672604e+00 2.532866290333720904e+00 2.542023216422851561e+00 2.769195153234310869e+00 2.790336499185192665e+00 2.866581398045367379e+00 2.869650400391177580e+00 3.042550284964195217e+00 3.047709027236178869e+00
3.316954373999307926e-01 3.659487796211804422e-01 3.821922186024691026e-01 3.909466518121880729e-01 4.929749586004731898e-01 5.016233781710871531e-01 5.205161281017817165e-01 5.534354877084012303e-01 6.063316651170340688e-01 6.219918792040072253e-01 6.601249264839453845e-01 6.679458293182616302e-01 7.418131303360990803e-01 7.572779757279944901e-01 8.774836828554354318e-01 8.894351102872756210e-01 9.265282038459186076e-01 9.341565136499794253e-01 9.391406000179479685e-01 9.514606255786745015e-01 1.031036327753855453e+00 1.032319620266122673e+00 1.168721534991600919e+00 1.171439200632330424e+00 1.187064105710713857e+00 1.191627065694089271e+00 1.287605589990406418e+00 1.288848876386094799e+00 1.434845595721977007e+00 1.447747895238896687e+00 1.530584076986585718e+00 1.539717159445095795e+00 1.740120940846950015e+00 1.748658680892828610e+00 1.804657939247332976e+00 1.805196042823494551e+00 1.808464988548595054e+00 1.809738669584934234e+00 1.921659413394698257e+00 1.922345559861025288e+00 1.947914049144950921e+00 1.949634540830551988e+00 1.965996867332377773e+00 1.970449319728967863e+00 2.058106451982551821e+00 2.060387358992128881e+00 2.143213758026940585e+00 2.147704612614615538e+00 2.274813905294647221e+00 2.283577593083979007e+00 2.340159781155714658e+00 2.347317447886514863e+00 2.542969591986799394e+00 2.549472029382228389e+00 2.802040246433274540e+00 2.813885810110282382e+00 2.871685337858638665e+00 2.874966928545593436e+00 3.065633403962808590e+00 3.070222838766500484e+00
3.693919114316215335e-01 3.696728060800644755e-01 3.762532005051382189e-01 3.840479470736410383e-01 4.928793649454579207e-01 4.966318888704577272e-01 5.984158677002360260e-01 5.985773080436881388e-01 6.071754952745859191e-01 6.233504989827339804e-01 6.564240944074610784e-01 6.623446438006055370e-01 7.466073517340884313e-01 7.616151511636153337e-01 8.910889453406360960e-01 9.014216435033981512e-01 9.317218417823690535e-01 9.317409005054753113e-01 9.389853333345576925e-01 9.390150491228731466e-01 1.031111146502585285e+00 1.032491906490267342e+00 1.143626661893083041e+00 1.143733251429934539e+00 1.181827938723485349e+00 1.186862917830145081e+00 1.214866065981616838e+00 1.214974963609035896e+00 1.429001107780919266e+00 1.441081345627416077e+00 1.526540923864641908e+00 1.535794522326105360e+00 1.743247808760557849e+00 1.751705702669860365e+00 1.806616694975254900e+00 1.806625535706501307e+00 1.807150346782673056e+00 1.807161668331953353e+00 1.925728573515070874e+00 1.925739660966048650e+00 1.956790591322099537e+00 1.960189825176670286e+00 1.960206646563803057e+00 1.962447691513018011e+00 2.058888287246926296e+00 2.059801743285156306e+00 2.143570562198539697e+00 2.146865995171055363e+00 2.277882297604585826e+00 2.286198298788983063e+00 2.345935279966031128e+00 2.348484853463130850e+00 2.546773092818810813e+00 2.551640770976994155e+00 2.815374650871200313e+00 2.819730958954877575e+00 2.873562414577368607e+00 2.876871072419383779e+00 3.073522902367306742e+00 3.077886236430989797e+00
3.310952102322120005e-01 3.405953411538133468e-01 3.911319968209613362e-01 4.204678879939955927e-01 4.709897816343065480e-01 5.047100129161283810e-01 5.733236992103382113e-01 6.135035659219719717e-01 6.164621407523079855e-01 6.289418728638336287e-01 6.402520788851295830e-01 6.702408108265159870e-01 7.174064633663328472e-01 7.975067000207836099e-01 8.768740765712862428e-01 8.804854782371792643e-01 8.892370485250588041e-01 9.036849902909516175e-01 9.912798349293533429e-01 9.956512264254238076e-01 1.018025135749192511e+00 1.051027594686864575e+00 1.142624864846281785e+00 1.146016779595919077e+00 1.167264530094262565e+00 1.198556295791653792e+00 1.214064089163096938e+00 1.216364336194948992e+00 1.370571417240713075e+00 1.484418403667740582e+00 1.494820518363238815e+00 1.582212826877925416e+00 1.743871978775392462e+00 1.750766397461572810e+00 1.770101851703779872e+00 1.770668411433334866e+00 1.838951401287148402e+00 1.839490551094379756e+00 1.925430284017628058e+00 1.925934235665826222e+00 1.950661057179037705e+00 1.959931464166964510e+00 1.960356840790075328e+00 1.972374113967211517e+00 2.049574467624761365e+00 2.068015104489461464e+00 2.141759508320300487e+00 2.150790931015116314e+00 2.275357106160447618e+00 2.281762884243405232e+00 2.331417742560358608e+00 2.358645517831607030e+00 2.545445714217970057e+00 2.549442759085226662e+00 2.787780083918057539e+00 2.813192241842864316e+00 2.879884246306585460e+00 2.895268723292999002e+00 3.060440087046042201e+00 3.083958080106179889e+00
2.823282606536334782e-01 3.030070609312668362e-01 4.069179447450932408e-01 4.288857173080460883e-01 4.489084450241990210e-01 4.882986194385280365e-01 5.403292262869119345e-01 6.037776720689556065e-01 6.184235505128149457e-01 6.288601325480804860e-01 6.500183551579281627e-01 6.611686063054177387e-01 7.388803912482808656e-01 8.292968924011894227e-01 8.361138981874809417e-01 8.492270737004602443e-01 8.645298556907882181e-01 9.002479661838411751e-01 1.009531474436481835e+00 1.051015871293641268e+00 1.055586352203865985e+00 1.072981987998199216e+00 1.142231447308099446e+00 1.146957480650871330e+00 1.151607759549714505e+00 1.210684794453533719e+00 1.213588548860593752e+00 1.218864108727043316e+00 1.306237996216777830e+00 1.445936123340026525e+00 1.544809159018476930e+00 1.632015263471964905e+00 1.729890365886481707e+00 1.730514558128825486e+00 1.744657388313165525e+00 1.749585892211625193e+00 1.866747290268336412e+00 1.867334467785135121e+00 1.925041211747908099e+00 1.926039985806487387e+00 1.944587242335705790e+00 1.959581366834132865e+00 1.960401922511562978e+00 1.989008189001905569e+00 2.040375901128260061e+00 2.073797369181576755e+00 2.139474568948922517e+00 2.157942063193747817e+00 2.267048778243594409e+00 2.270124494368059853e+00 2.311652880971819091e+00 2.367196863210622837e+00 2.540126615405866595e+00 2.544152255128977913e+00 2.743766093503344106e+00 2.794122247797315772e+00 2.894211086493237772e+00 2.918737042582779662e+00 3.040081125793316907e+00 3.084166401418590997e+00
2.343370753344304613e-01 2.561776488967453802e-01 3.926398708781593250e-01 4.182577307503520525e-01 4.249356788907932558e-01 4.363796058933004929e-01 5.012791193782779597e-01 5.755348803634234844e-01 6.051387373924653756e-01 6.372846942613389354e-01 6.770961891686122502e-01 6.879145124398108324e-01 7.822138392625853642e-01 7.906499407518073896e-01 8.198031805748864365e-01 8.537723584957050971e-01 8.759150091211748146e-01 8.909403740358906587e-01 1.003606756050416715e+00 1.094000589266642676e+00 1.099568865121459238e+00 1.114960345636461847e+00 1.125292403658529006e+00 1.142203628791083503e+00 1.168486378194802944e+00 1.213358207559970703e+00 1.220793531395073961e+00 1.223911851522970551e+00 1.245049619168281607e+00 1.414610563194802495e+00 1.583506064785598078e+00 1.673911429337498813e+00 1.686766178662458815e+00 1.687472283647561300e+00 1.748018645383799141e+00 1.749526924044302767e+00 1.889745755064951016e+00 1.890438315805547109e+00 1.924607640071742232e+00 1.926095569267650909e+00 1.939464864664146804e+00 1.959189541558241432e+00 1.960345060316749821e+00 2.009088100433748192e+00 2.032780050160451601e+00 2.074378418622135012e+00 2.136032052856241759e+00 2.165874344684830088e+00 2.252411793270248097e+00 2.254651826319180152e+00 2.291615986337892430e+00 2.374283322049792311e+00 2.528320800576787430e+00 2.538858623949179272e+00 2.700926968752776602e+00 2.772736967850085499e+00 2.907307509292753167e+00 2.936182297543265207e+00 3.016318823130536231e+00 3.077189854046044282e+00
1.822772125036710988e-01 2.006184183186361658e-01 3.213332806833933963e-01 3.418345751150979051e-01 4.262018759504326293e-01 4.340478625492919518e-01 4.606236859322294097e-01 5.511373797246444939e-01 6.080132889185320133e-01 6.429129814250545971e-01 7.094788316728378730e-01 7.139881535344192454e-01 7.615196451975499992e-01 7.997933075056589125e-01 8.196678568822713951e-01 8.579918464938842693e-01 8.789131535015516361e-01 9.190038866552113772e-01 9.983096290181600052e-01 1.106587308565115002e+00 1.110511456888986226e+00 1.122102202508773017e+00 1.142352598890946647e+00 1.164585049004063899e+00 1.188731361625437355e+00 1.209166629147057748e+00 1.213271549259831383e+00 1.227856476283555542e+00 1.237065717390752662e+00 1.389161050577278234e+00 1.609079232979527818e+00 1.642108796208300969e+00 1.642947812356053694e+00 1.698371151953465663e+00 1.745688128516317272e+00 1.769533246897158962e+00 1.907686771208009446e+00 1.908616248154105355e+00 1.924184458177542467e+00 1.926218918310125927e+00 1.934948138762854875e+00 1.958808165582967664e+00 1.960208173949871346e+00 2.022896150768134671e+00 2.032831203871542591e+00 2.066871261680793825e+00 2.131469868993944861e+00 2.172418636115615254e+00 2.232498073605828193e+00 2.241660889182816696e+00 2.274777886115884051e+00 2.379976225715493499e+00 2.512753256903087262e+00 2.533390584351713493e+00 2.665112382115701006e+00 2.751673754779653702e+00 2.917313964767048518e+00 2.949989007941879571e+00 2.991484558381599879e+00 3.064750197328964809e+00
1.213348314545706075e-01 1.378883331945461310e-01 2.107259783798678121e-01 3.008529428547510043e-01 4.244804580570267771e-01 4.314660978281357750e-01 4.413264545245674242e-01 5.327268599181311792e-01 6.099512511937578152e-01 6.465077520527720001e-01 7.278363788336565943e-01 7.415762450795003735e-01 7.452701888237961425e-01 7.872140531254943063e-01 8.247533835838389837e-01 8.663866823953007001e-01 8.895985188307387048e-01 9.624038614010761439e-01 9.977984711053696776e-01 1.095039859435081642e+00 1.117596723343475595e+00 1.129133936226459412e+00 1.137683719292073237e+00 1.142544970542905602e+00 1.190635585705398070e+00 1.213253703875768474e+00 1.231540668174437636e+00 1.259476512691106498e+00 1.267857881877391124e+00 1.369264505940755550e+00 1.598741673563681465e+00 1.599836152602026607e+00 1.621541612848819813e+00 1.709193622604795015e+00 1.740024892934999512e+00 1.807770133145073732e+00 1.919907311555962171e+00 1.921731162891449296e+00 1.923829792335434163e+00 1.926978775034683400e+00 1.929942630080414778e+00 1.958490072899949919e+00 1.960022849111480836e+00 2.014543327875947920e+00 2.050385762040484838e+00 2.052368045165521959e+00 2.126756185956798717e+00 2.174704151965945353e+00 2.215357197109900422e+00 2.235615388092542677e+00 2.259924732927105051e+00 2.383476048077258991e+00 2.497443349789967293e+00 2.528503438331951347e+00 2.638623396159162748e+00 2.732863301245228804e+00 2.924597656473469254e+00 2.963662543424387508e+00 2.968403552791787359e+00 3.049383923791023410e+00
5.819421967052707673e-02 7.019626483044727472e-02 1.027394276612100948e-01 2.820673918159380955e-01 3.992775639378063346e-01 4.344810795582026985e-01 4.517370149592800366e-01 5.210904053440064132e-01 6.083891697315374492e-01 6.485158016383502089e-01 7.300625830373257408e-01 7.388612302380044294e-01 7.707719659814071811e-01 7.803560267302304121e-01 8.159890278803658692e-01 8.573804520839251042e-01 9.137984071628210136e-01 9.986450748986153148e-01 1.012844185087605542e+00 1.087882000073459476e+00 1.092827767151415719e+00 1.115737062042917671e+00 1.131649047206445990e+00 1.142692640875626164e+00 1.198873578317165123e+00 1.213257980215036058e+00 1.232650060714886919e+00 1.301261699428146956e+00 1.303280427252845541e+00 1.356309322723088906e+00 1.563129020963702764e+00 1.564644546053551410e+00 1.625134123825161092e+00 1.715868574926155299e+00 1.734676926892319671e+00 1.851699845897885277e+00 1.918695676539440953e+00 1.923594159039163642e+00 1.924163698594326011e+00 1.929666166181109421e+00 1.930556183397125203e+00 1.958279661931894955e+00 1.959844731411108265e+00 2.004494220077201128e+00 2.035177191992267876e+00 2.065814374151651922e+00 2.121966869106459264e+00 2.170940248171687070e+00 2.210287188636873790e+00 2.234706989000250665e+00 2.246851121330032619e+00 2.384539951028539662e+00 2.486610917274873600e+00 2.525196984430747804e+00 2.622430936808548552e+00 2.719322645710178232e+00 2.930669988581565022e+00 2.950115632446153491e+00 2.977422475813072289e+00 3.034279019318559811e+00
-1.250032824147926649e-04 -3.681370094727795814e-08 3.185571886392455136e-08 2.774364375384488768e-01 3.901931290504612737e-01 4.354644859042565708e-01 4.567435432324707945e-01 5.170280162822593617e-01 6.069695814243702969e-01 6.491625865069982071e-01 7.263102646187917788e-01 7.426832280452172474e-01 7.781825970055379349e-01 7.844782502763347765e-01 8.071183193559846591e-01 8.539079120732474548e-01 9.207209380040234370e-01 1.014225231267314120e+00 1.036476857572867560e+00 1.059228963628456199e+00 1.087479744289081562e+00 1.112183589649014870e+00 1.132323879025648683e+00 1.142746971232482034e+00 1.200739070551164689e+00 1.213261555565059213e+00 1.232728955881408739e+00 1.318704474330394394e+00 1.318858639518290188e+00 1.351820031822460022e+00 1.548110044624749326e+00 1.549906622252277044e+00 1.625573025352897050e+00 1.718403254855617179e+00 1.732528151144799411e+00 1.890191823621639289e+00 1.893930396987131948e+00 1.923511619595335898e+00 1.924600087115449831e+00 1.932315629912294552e+00 1.932753027993518113e+00 1.958206142288402951e+00 1.959766048508122749e+00 2.000515447683417047e+00 2.027357686996824171e+00 2.071842041523440425e+00 2.119409873731892713e+00 2.168052456513417159e+00 2.211455458795282603e+00 2.235052423673434596e+00 2.240562575837353076e+00 2.384523685532189408e+00 2.482800736972145650e+00 2.524047379521221046e+00 2.616988935792353477e+00 2.714323235139271429e+00 2.937499226287386023e+00 2.938701207709306651e+00 2.984805176726741394e+00 3.026486040425192314e+00
8.743813631365024430e-02 1.095720213012437161e-01 1.815808237887822085e-01 2.545740603348802811e-01 3.163502506883776322e-01 4.677562794302026483e-01 4.981050196281985309e-01 4.991218516377574632e-01 5.397142951522116983e-01 6.236729590043021965e-01 7.400950574651764535e-01 7.659135928552702755e-01 7.736024073785406907e-01 7.906323768872897118e-01 8.218867513518007817e-01 8.490901378397556210e-01 9.336169716121949236e-01 9.995392433875607274e-01 1.042753084236350380e+00 1.057402816560333081e+00 1.087952587428879347e+00 1.108086572476214560e+00 1.133646709072573922e+00 1.140963312504973182e+00 1.202829395231897802e+00 1.211630447724367787e+00 1.253029902261449058e+00 1.318728192586348991e+00 1.318837257081468151e+00 1.335523722248591838e+00 1.548375177316561047e+00 1.549645526466594259e+00 1.633197324824694263e+00 1.688396649044624942e+00 1.785644458536912005e+00 1.882590340538629281e+00 1.908100958600501995e+00 1.923667757925038746e+00 1.924437518642824640e+00 1.932374859771034847e+00 1.932683516128185675e+00 1.958443250974760907e+00 1.959545738128100734e+00 1.980339355035352744e+00 2.039164428949193031e+00 2.067842743322338972e+00 2.126024616563854774e+00 2.161906100437200884e+00 2.229082258295098651e+00 2.239209414083398464e+00 2.246209022107898523e+00 2.368753727463268621e+00 2.495385558264231918e+00 2.544753854986320896e+00 2.581397638926834492e+00 2.709518448370361376e+00 2.869897419048530463e+00 2.921890261898068442e+00 3.038024582507861115e+00 3.038766641779961031e+00
1.694145079819848188e-01 1.694145079822539091e-01 2.161549330257753199e-01 2.161549330259865120e-01 3.742783055301641126e-01 3.742783055302530415e-01 4.913171172365513040e-01 4.913171172367742368e-01 5.688423827651142295e-01 5.688423827653824594e-01 7.601825119249587814e-01 7.601825119252082485e-01 7.927152318198225078e-01 7.927152318199907066e-01 8.342996948491975262e-01 8.342996948493124343e-01 9.669581549579128188e-01 9.669581549580541502e-01 1.052788837265609123e+00 1.052788837265712374e+00 1.095990516569993689e+00 1.095990516570103823e+00 1.137082262393863452e+00 1.137082262394029764e+00 1.207451865207461728e+00 1.207451865207578967e+00 1.296190449970507474e+00 1.296190449970556324e+00 1.318783891604094594e+00 1.318783891604127234e+00 1.549012370179399856e+00 1.549012370179586373e+00 1.655713977204206655e+00 1.655713977204230414e+00 1.851466525498257631e+00 1.851466525498299376e+00 1.924049410930025239e+00 1.924049410930055437e+00 1.932524080571122793e+00 1.932524080571191183e+00 1.941629587070087481e+00 1.941629587070138996e+00 1.959002872362304304e+00 1.959002872362324066e+00 2.055995549511067999e+00 2.055995549511078213e+00 2.143117095922955961e+00 2.143117095922999482e+00 2.235950796448866740e+00 2.235950796449028832e+00 2.314416287948853679e+00 2.314416287948869222e+00 2.529994059958406538e+00 2.529994059958457164e+00 2.617088054737466418e+00 2.617088054737532588e+00 2.883620209576450932e+00 2.883620209576548632e+00 3.054439705256038362e+00 3.054439705256112081e+00
1.812064260014673300e-01 1.812064260017619277e-01 1.996540199872370025e-01 1.996540199873902688e-01 3.880953033615507364e-01 3.880953033616623138e-01 4.942905432279077749e-01 4.942905432281239908e-01 5.374839817289029931e-01 5.374839817291525712e-01 7.146133721750957957e-01 7.146133721753609169e-01 7.937314759899823935e-01 7.937314759901398231e-01 8.360637849161483004e-01 8.360637849162667612e-01 9.649842136217814392e-01 9.649842136219191069e-01 1.051847885691096218e+00 1.051847885691165274e+00 1.091586884729481843e+00 1.091586884729579099e+00 1.170630602995670122e+00 1.170630602995824221e+00 1.268313066744501949e+00 1.268313066744568340e+00 1.299649097665116937e+00 1.299649097665165787e+00 1.328294230088561179e+00 1.328294230088595818e+00 1.541324905532101441e+00 1.541324905532270861e+00 1.659438905631664740e+00 1.659438905631702932e+00 1.854072189966781137e+00 1.854072189966826434e+00 1.919634026746687150e+00 1.919634026746715350e+00 1.935522700030638532e+00 1.935522700030722909e+00 1.943883786841513750e+00 1.943883786841551276e+00 1.953005278853615190e+00 1.953005278853634064e+00 2.054073104880724365e+00 2.054073104880733247e+00 2.142727170544206139e+00 2.142727170544248771e+00 2.234985064287061451e+00 2.234985064287220435e+00 2.312773907388558925e+00 2.312773907388578909e+00 2.527284452943445725e+00 2.527284452943498128e+00 2.613132392637704804e+00 2.613132392637771417e+00 2.879219404161548201e+00 2.879219404161644569e+00 3.049334584669897374e+00 3.049334584669969761e+00
1.304747082075313480e-01 1.304747082079199816e-01 2.357485998587887099e-01 2.357485998589380904e-01 4.052677583581535958e-01 4.052677583582502963e-01 4.494775735609958800e-01 4.494775735610924139e-01 5.150476113685222845e-01 5.150476113686839330e-01 6.647078506290331479e-01 6.647078506292898314e-01 7.977147039507092030e-01 7.977147039508509785e-01 8.411166820627794527e-01 8.411166820629105700e-01 9.626493192960405842e-01 9.626493192961703693e-01 1.053070816742558202e+00 1.053070816742574856e+00 1.088512264644008853e+00 1.088512264644099670e+00 1.242553753245764003e+00 1.242553753245871251e+00 1.285608761980675308e+00 1.285608761980710391e+00 1.328663844372886649e+00 1.328663844372907965e+00 1.425745308031423741e+00 1.425745308031464820e+00 1.526460464019325558e+00 1.526460464019448349e+00 1.667333942149710202e+00 1.667333942149764159e+00 1.861628583313248875e+00 1.861628583313302610e+00 1.909556316127576148e+00 1.909556316127607234e+00 1.930785519729650845e+00 1.930785519729665944e+00 1.943916605900996686e+00 1.943916605901079731e+00 1.953479527352678158e+00 1.953479527352714129e+00 2.048222669375384886e+00 2.048222669375394211e+00 2.141301591351956635e+00 2.141301591351999267e+00 2.232081324245734688e+00 2.232081324245891452e+00 2.309148760018008950e+00 2.309148760018035151e+00 2.519282251042067600e+00 2.519282251042117782e+00 2.601178560597176226e+00 2.601178560597245060e+00 2.866835857629801421e+00 2.866835857629899120e+00 3.034438004923724730e+00 3.034438004923794452e+00
7.722044992775367080e-03 7.722045000111627151e-03 2.892201194539368303e-01 2.892201194540643394e-01 3.567792469202286099e-01 3.567792469203767136e-01 4.635327678829470055e-01 4.635327678831274167e-01 5.372977431225575140e-01 5.372977431227371481e-01 6.574452191123513201e-01 6.574452191125685907e-01 8.055702768353967258e-01 8.055702768355428312e-01 8.486612222224081403e-01 8.486612222225554669e-01 9.632183999108264727e-01 9.632183999109424910e-01 1.056763596343496037e+00 1.056763596343542888e+00 1.089994033095645021e+00 1.089994033095739390e+00 1.274284683289305109e+00 1.274284683289344633e+00 1.300696749382722617e+00 1.300696749382741046e+00 1.379473265601087073e+00 1.379473265601151022e+00 1.476330938265310699e+00 1.476330938265456583e+00 1.582256958344927078e+00 1.582256958344968822e+00 1.677642670055962126e+00 1.677642670056011642e+00 1.873126696279502568e+00 1.873126696279561854e+00 1.896535447322600598e+00 1.896535447322631462e+00 1.901176722112473794e+00 1.901176722112500217e+00 1.953430800145131263e+00 1.953430800145195434e+00 1.967013602966035890e+00 1.967013602966052321e+00 2.038555077785785485e+00 2.038555077785798364e+00 2.137779040742657788e+00 2.137779040742699088e+00 2.227413998512771443e+00 2.227413998512919324e+00 2.307576943267300784e+00 2.307576943267332314e+00 2.506446347831382759e+00 2.506446347831431165e+00 2.581073086763677527e+00 2.581073086763747249e+00 2.848944781660964765e+00 2.848944781661062464e+00 3.011012799217335001e+00 3.011012799217399394e+00
1.163051410820420128e-01 1.163051410827146970e-01 3.396461476013493130e-01 3.396461476014243641e-01 3.864426764856921936e-01 3.864426764857736840e-01 5.073201659889797766e-01 5.073201659891730664e-01 5.686586278057005339e-01 5.686586278059138078e-01 6.751561666086186575e-01 6.751561666087628755e-01 8.171551338003935072e-01 8.171551338005549336e-01 8.574254426267247098e-01 8.574254426268882456e-01 9.686562804745657562e-01 9.686562804746586819e-01 1.060925766676084514e+00 1.060925766676189763e+00 1.099910504781248299e+00 1.099910504781341114e+00 1.265490875628949130e+00 1.265490875628999756e+00 1.313052617038202863e+00 1.313052617038235059e+00 1.436566508861773617e+00 1.436566508861812030e+00 1.480629017897213906e+00 1.480629017897357791e+00 1.643811131776783618e+00 1.643811131776852674e+00 1.719731225885125614e+00 1.719731225885153370e+00 1.857003019822618839e+00 1.857003019822658363e+00 1.886099408252916554e+00 1.886099408252964738e+00 1.894071228729192091e+00 1.894071228729210743e+00 1.962835638166814167e+00 1.962835638166855246e+00 1.986756069932957391e+00 1.986756069932969604e+00 2.026885912066498818e+00 2.026885912066525464e+00 2.129770594811688511e+00 2.129770594811725815e+00 2.222373218727847544e+00 2.222373218727979438e+00 2.313954167193634337e+00 2.313954167193667644e+00 2.489826279254829799e+00 2.489826279254869323e+00 2.553053458231397510e+00 2.553053458231463679e+00 2.829667327691588685e+00 2.829667327691683720e+00 2.981170514388810311e+00 2.981170514388867154e+00
2.747870600947878716e-01 2.747870600951448083e-01 4.113352111098640407e-01 4.113352111099491948e-01 4.582271994995652520e-01 4.582271994996409137e-01 5.599562253978856985e-01 5.599562253980775450e-01 6.150615498699041339e-01 6.150615498701421657e-01 7.046523776254544069e-01 7.046523776255468885e-01 8.315554371499513930e-01 8.315554371501199249e-01 8.667760442848941871e-01 8.667760442850599434e-01 9.798013153656797147e-01 9.798013153657415542e-01 1.064885928156338313e+00 1.064885928156471095e+00 1.120831769106317655e+00 1.120831769106388265e+00 1.256338113925212552e+00 1.256338113925278277e+00 1.312765511256630768e+00 1.312765511256675399e+00 1.410696755430229654e+00 1.410696755430307370e+00 1.558812447713566751e+00 1.558812447713662230e+00 1.639915697844724463e+00 1.639915697844802844e+00 1.767021160580821038e+00 1.767021160580852790e+00 1.814381952759865246e+00 1.814381952759907435e+00 1.895029834201652275e+00 1.895029834201710672e+00 1.907624770774876133e+00 1.907624770774919876e+00 1.968294245144482923e+00 1.968294245144510679e+00 1.999561700547006771e+00 1.999561700547041188e+00 2.026798822019114876e+00 2.026798822019163282e+00 2.115288037871933646e+00 2.115288037871968729e+00 2.220343969062060996e+00 2.220343969062164469e+00 2.331207134010663484e+00 2.331207134010698567e+00 2.471326906083930020e+00 2.471326906083965991e+00 2.519224278057765165e+00 2.519224278057823341e+00 2.814516766889001875e+00 2.814516766889094690e+00 2.947853209924595319e+00 2.947853209924643281e+00
3.821692432804786876e-01 3.821692432807397011e-01 4.862713554012669248e-01 4.862713554013850525e-01 5.447690327703945679e-01 5.447690327704798330e-01 6.133622893273377175e-01 6.133622893275515464e-01 6.905832467264179098e-01 6.905832467265983210e-01 7.471402920363344746e-01 7.471402920364526024e-01 8.477808075877931726e-01 8.477808075879474936e-01 8.793549913324432143e-01 8.793549913325967582e-01 9.954709546176209178e-01 9.954709546176668811e-01 1.071360053437536042e+00 1.071360053437672155e+00 1.147649508760921311e+00 1.147649508760967940e+00 1.254216804532104934e+00 1.254216804532182650e+00 1.303737026418885003e+00 1.303737026418941625e+00 1.380855039510006321e+00 1.380855039510088034e+00 1.617921626018169468e+00 1.617921626018219872e+00 1.623258906972712134e+00 1.623258906972779192e+00 1.741757817543854170e+00 1.741757817543901909e+00 1.806139447551474930e+00 1.806139447551523558e+00 1.910015923019598993e+00 1.910015923019634965e+00 1.926873403235412896e+00 1.926873403235439319e+00 1.957967078934688798e+00 1.957967078934721439e+00 2.000083786004454467e+00 2.000083786004469566e+00 2.040089641288125311e+00 2.040089641288146627e+00 2.101258927047389591e+00 2.101258927047438441e+00 2.223687647531343625e+00 2.223687647531412903e+00 2.351017236579084901e+00 2.351017236579128422e+00 2.450112053454598371e+00 2.450112053454639227e+00 2.490106156202998466e+00 2.490106156203049093e+00 2.809272745547220396e+00 2.809272745547311434e+00 2.914923811246991736e+00 2.914923811247032148e+00
4.502125621138101108e-01 4.502125621139881906e-01 5.343976683988567178e-01 5.343976683989797305e-01 6.053429440214711521e-01 6.053429440216305801e-01 6.686488865720253694e-01 6.686488865722056696e-01 7.651545176572754903e-01 7.651545176572924767e-01 8.286585215861785869e-01 8.286585215862618536e-01 8.601865333565683613e-01 8.601865333566343086e-01 9.085364020237870486e-01 9.085364020239428129e-01 1.018989338285123836e+00 1.018989338285196000e+00 1.081060349994024561e+00 1.081060349994133807e+00 1.169678424808784811e+00 1.169678424808807016e+00 1.266719951653909826e+00 1.266719951653982656e+00 1.286830418159958356e+00 1.286830418160021416e+00 1.361448245370926680e+00 1.361448245371005061e+00 1.587334553171612317e+00 1.587334553171680263e+00 1.637839358634871623e+00 1.637839358634915810e+00 1.716033315861557496e+00 1.716033315861618558e+00 1.805712041430100445e+00 1.805712041430181491e+00 1.917646249633337519e+00 1.917646249633358169e+00 1.933287199937222978e+00 1.933287199937251399e+00 1.949293008378352621e+00 1.949293008378376602e+00 2.002645678208483382e+00 2.002645678208507363e+00 2.029805676599246045e+00 2.029805676599250486e+00 2.105245937970268599e+00 2.105245937970339654e+00 2.230563669467817700e+00 2.230563669467868770e+00 2.356989677332134381e+00 2.356989677332180122e+00 2.417031032274095548e+00 2.417031032274138624e+00 2.487647293565472317e+00 2.487647293565510065e+00 2.815643322203457366e+00 2.815643322203537302e+00 2.888582061214287844e+00 2.888582061214324259e+00
5.024349705669713950e-01 5.024349705671079525e-01 5.648445730516420404e-01 5.648445730517477337e-01 6.370839482306045465e-01 6.370839482307788515e-01 7.093076583166334492e-01 7.093076583167495786e-01 7.972648135269723157e-01 7.972648135270502534e-01 8.598550552592193474e-01 8.598550552592619800e-01 9.392281421925736673e-01 9.392281421927407559e-01 9.447713210627323166e-01 9.447713210628491121e-01 1.067975849999155846e+00 1.067975849999237115e+00 1.091566047392849681e+00 1.091566047392911187e+00 1.190086601594061433e+00 1.190086601594076088e+00 1.265476079589292091e+00 1.265476079589343161e+00 1.276949009145004421e+00 1.276949009145072145e+00 1.374869271082649780e+00 1.374869271082730826e+00 1.551963046730208573e+00 1.551963046730281626e+00 1.588859581789547670e+00 1.588859581789614728e+00 1.730460581078004711e+00 1.730460581078053339e+00 1.798717030317798171e+00 1.798717030317906307e+00 1.891208423286176998e+00 1.891208423286210971e+00 1.929687225029242947e+00 1.929687225029274034e+00 1.964097696064199816e+00 1.964097696064223353e+00 1.997929993677856064e+00 1.997929993677874938e+00 2.016618252577358827e+00 2.016618252577393466e+00 2.118057467812485939e+00 2.118057467812566763e+00 2.236381622179483220e+00 2.236381622179537842e+00 2.344146899450766597e+00 2.344146899450832322e+00 2.388390918069903446e+00 2.388390918069973168e+00 2.501780983020778226e+00 2.501780983020820415e+00 2.819788909987023029e+00 2.819788909987080761e+00 2.884037070746005238e+00 2.884037070746053200e+00
5.436084017212783337e-01 5.436084017213981268e-01 5.877582188319712131e-01 5.877582188320659151e-01 6.525114900495885273e-01 6.525114900497434034e-01 7.421307849028784265e-01 7.421307849029479264e-01 8.126832265546414247e-01 8.126832265547310197e-01 8.523592855162541726e-01 8.523592855162834825e-01 9.469516164775818590e-01 9.469516164777026512e-01 1.025383956058689927e+00 1.025383956058772528e+00 1.102079771231977201e+00 1.102079771232004513e+00 1.130736760415606890e+00 1.130736760415674169e+00 1.210493365601461369e+00 1.210493365601504667e+00 1.255766131581428358e+00 1.255766131581517175e+00 1.284941652516804700e+00 1.284941652516841115e+00 1.419145469592837827e+00 1.419145469592923536e+00 1.514903792470674526e+00 1.514903792470769561e+00 1.532513485227395389e+00 1.532513485227511296e+00 1.741549543777277664e+00 1.741549543777331843e+00 1.783814423721599818e+00 1.783814423721729048e+00 1.848585758668719770e+00 1.848585758668749524e+00 1.930479552651140462e+00 1.930479552651173547e+00 1.956356141678745164e+00 1.956356141678762706e+00 1.997161678818625941e+00 1.997161678818670127e+00 2.021700658208405610e+00 2.021700658208434920e+00 2.128197531678592824e+00 2.128197531678678978e+00 2.241421373477533674e+00 2.241421373477583856e+00 2.314711712946991629e+00 2.314711712947065347e+00 2.384322667236216997e+00 2.384322667236302706e+00 2.517682144847571024e+00 2.517682144847624759e+00 2.808676425701695401e+00 2.808676425701741586e+00 2.907928098893197699e+00 2.907928098893242552e+00
5.683490423182129270e-01 5.683490423183270579e-01 6.128961163981300198e-01 6.128961163982317162e-01 6.561110073001773513e-01 6.561110073003084686e-01 7.705530026831286516e-01 7.705530026831877155e-01 8.219562712721985021e-01 8.219562712722913167e-01 8.407910486503176184e-01 8.407910486504140968e-01 9.417678052213398487e-01 9.417678052214266682e-01 1.035776525227436018e+00 1.035776525227549039e+00 1.124460876802949594e+00 1.124460876802983789e+00 1.174159971895133880e+00 1.174159971895177623e+00 1.214195337749182091e+00 1.214195337749204073e+00 1.254992046560938546e+00 1.254992046560999164e+00 1.342413892241223206e+00 1.342413892241251405e+00 1.435992241075554121e+00 1.435992241075584097e+00 1.469744514102257371e+00 1.469744514102320210e+00 1.523058801474501456e+00 1.523058801474571400e+00 1.739780035511648171e+00 1.739780035511723444e+00 1.766606368778651071e+00 1.766606368778770753e+00 1.803278497422842408e+00 1.803278497422884374e+00 1.918733279925429747e+00 1.918733279925485036e+00 1.944977180113912407e+00 1.944977180113958148e+00 2.000268093099562439e+00 2.000268093099623723e+00 2.037287736629652457e+00 2.037287736629668444e+00 2.131277847162235339e+00 2.131277847162331707e+00 2.253104110691692696e+00 2.253104110691729112e+00 2.286048292896650569e+00 2.286048292896717182e+00 2.396231545792177009e+00 2.396231545792264939e+00 2.532578704565090710e+00 2.532578704565151995e+00 2.795613723340592216e+00 2.795613723340634849e+00 2.938048913806733164e+00 2.938048913806766027e+00
5.739112967810522381e-01 5.739112967811522692e-01 6.423350770196810666e-01 6.423350770198035242e-01 6.528886972238332476e-01 6.528886972239531516e-01 7.924127991190444975e-01 7.924127991191353138e-01 8.168484024855267034e-01 8.168484024856477177e-01 8.422790448802076613e-01 8.422790448803333385e-01 9.347096633955178646e-01 9.347096633955819245e-01 1.024907090549616706e+00 1.024907090549783018e+00 1.093342710945991225e+00 1.093342710946030971e+00 1.183265628672521830e+00 1.183265628672611758e+00 1.248686792469724249e+00 1.248686792469796858e+00 1.280248598538212157e+00 1.280248598538257676e+00 1.386613679736071525e+00 1.386613679736090621e+00 1.404885944118135832e+00 1.404885944118182239e+00 1.446473868949402997e+00 1.446473868949464947e+00 1.559712242754131450e+00 1.559712242754168976e+00 1.723992441269422082e+00 1.723992441269504905e+00 1.746803464784296933e+00 1.746803464784328908e+00 1.772082313870564807e+00 1.772082313870713577e+00 1.896086797285071013e+00 1.896086797285133851e+00 1.938266780186935989e+00 1.938266780186996829e+00 2.001548201827543227e+00 2.001548201827606732e+00 2.055253139181056010e+00 2.055253139181078659e+00 2.129685569781988086e+00 2.129685569782087118e+00 2.248433448117274303e+00 2.248433448117313826e+00 2.293380095385871620e+00 2.293380095385929796e+00 2.415576967246759299e+00 2.415576967246848561e+00 2.546490539861953728e+00 2.546490539862012792e+00 2.787185225560054658e+00 2.787185225560092405e+00 2.961395381579039476e+00 2.961395381579056352e+00
5.669056681569034639e-01 5.669056681570086020e-01 6.438912737630329008e-01 6.438912737631246053e-01 6.701969479748971503e-01 6.701969479749757541e-01 7.968181754233716330e-01 7.968181754234815450e-01 8.219431346046449649e-01 8.219431346046972564e-01 8.495851408763978041e-01 8.495851408764860668e-01 9.315404421654597256e-01 9.315404421655221201e-01 1.013568576137123367e+00 1.013568576137311661e+00 1.052880731987823726e+00 1.052880731987874574e+00 1.154328251551169915e+00 1.154328251551264728e+00 1.271374153996242429e+00 1.271374153996360779e+00 1.312071729292433098e+00 1.312071729292527467e+00 1.356999417940098374e+00 1.356999417940159436e+00 1.420799722863118397e+00 1.420799722863217651e+00 1.460894138943092280e+00 1.460894138943130915e+00 1.592401703894287923e+00 1.592401703894345877e+00 1.700597962621293924e+00 1.700597962621334336e+00 1.716740231070997824e+00 1.716740231071074207e+00 1.769793634474694066e+00 1.769793634474833732e+00 1.872890795204711578e+00 1.872890795204779080e+00 1.928631754318571145e+00 1.928631754318638647e+00 1.999775640519068975e+00 1.999775640519130926e+00 2.071344129737062723e+00 2.071344129737096917e+00 2.129892466867153722e+00 2.129892466867246537e+00 2.227773120861323619e+00 2.227773120861356038e+00 2.331526314694339241e+00 2.331526314694395641e+00 2.437088386179011135e+00 2.437088386179104837e+00 2.558894803784348859e+00 2.558894803784399929e+00 2.785387331838493186e+00 2.785387331838520719e+00 2.973545054756125516e+00 2.973545054756133066e+00
5.540327363711092801e-01 5.540327363712366227e-01 6.353052119346362936e-01 6.353052119347435411e-01 6.851789972328284906e-01 6.851789972329329625e-01 8.034304341169344887e-01 8.034304341170769304e-01 8.347520320021312168e-01 8.347520320021846185e-01 8.539342892591881284e-01 8.539342892592585166e-01 9.330288914213366036e-01 9.330288914214104334e-01 9.928616790819732030e-01 9.928616790820229410e-01 1.028187282539446690e+00 1.028187282539570369e+00 1.121285085241397361e+00 1.121285085241491730e+00 1.256326110692677300e+00 1.256326110692832732e+00 1.297860015531892230e+00 1.297860015531965727e+00 1.379134232689259720e+00 1.379134232689315676e+00 1.442774329192082927e+00 1.442774329192156424e+00 1.481994300436367817e+00 1.481994300436436873e+00 1.610150637265369111e+00 1.610150637265431506e+00 1.661107270153168614e+00 1.661107270153189486e+00 1.713960178562064840e+00 1.713960178562154102e+00 1.775065213109277895e+00 1.775065213109392692e+00 1.851817194213268181e+00 1.851817194213338347e+00 1.916776153267414129e+00 1.916776153267480742e+00 1.995529208295072632e+00 1.995529208295133028e+00 2.083767094725489155e+00 2.083767094725530900e+00 2.133544312985256486e+00 2.133544312985343527e+00 2.210328407879453394e+00 2.210328407879471158e+00 2.371129756822328183e+00 2.371129756822379253e+00 2.455902778495727468e+00 2.455902778495818062e+00 2.568033773385562046e+00 2.568033773385596685e+00 2.790859363182147224e+00 2.790859363182166319e+00 2.974803889718636185e+00 2.974803889718646843e+00
5.422884851595255462e-01 5.422884851596750933e-01 6.284108186905283944e-01 6.284108186906612881e-01 6.891785116409783196e-01 6.891785116411058842e-01 8.242523790947776652e-01 8.242523790949382034e-01 8.400642209117397119e-01 8.400642209118343029e-01 8.580311595960157245e-01 8.580311595961193083e-01 9.348390206395247315e-01 9.348390206395839064e-01 9.575868496090532700e-01 9.575868496091465287e-01 1.034586349126718874e+00 1.034586349126857652e+00 1.088923284375202361e+00 1.088923284375304945e+00 1.235647001965879621e+00 1.235647001966028391e+00 1.276525692348896124e+00 1.276525692348960517e+00 1.407234601211247993e+00 1.407234601211316605e+00 1.468719903397312843e+00 1.468719903397393445e+00 1.494600850486858423e+00 1.494600850486931254e+00 1.612985143746685113e+00 1.612985143746715755e+00 1.627741460398119733e+00 1.627741460398136386e+00 1.720698165443139027e+00 1.720698165443231398e+00 1.785382273597777125e+00 1.785382273597859726e+00 1.832872963845269432e+00 1.832872963845337377e+00 1.906682543076229974e+00 1.906682543076285263e+00 1.991493316093824628e+00 1.991493316093890131e+00 2.091564594915491959e+00 2.091564594915538589e+00 2.138127218864645851e+00 2.138127218864730228e+00 2.198287552336996242e+00 2.198287552337006456e+00 2.400394445600285476e+00 2.400394445600330329e+00 2.468779038035666229e+00 2.468779038035757267e+00 2.572147218063922658e+00 2.572147218063941310e+00 2.800501981798692253e+00 2.800501981798707796e+00 2.969759260446622751e+00 2.969759260446642291e+00
5.375908047110885546e-01 5.375908047112455401e-01 6.257807593458548645e-01 6.257807593460013029e-01 6.894705782884303913e-01 6.894705782885649503e-01 8.393193789605083444e-01 8.393193789606432365e-01 8.406812544816295585e-01 8.406812544817187094e-01 8.589786505456945553e-01 8.589786505458338883e-01 9.337688749330338434e-01 9.337688749330749216e-01 9.408970002335218519e-01 9.408970002336630722e-01 1.048262673390479405e+00 1.048262673390594868e+00 1.067423646067486409e+00 1.067423646067649834e+00 1.227362408295067153e+00 1.227362408295208818e+00 1.268241849372291563e+00 1.268241849372355512e+00 1.418259183340385698e+00 1.418259183340459861e+00 1.478283792863071877e+00 1.478283792863153590e+00 1.502228662270884696e+00 1.502228662270892023e+00 1.604179604248943791e+00 1.604179604249001301e+00 1.620139612132874829e+00 1.620139612132943441e+00 1.724476043245882995e+00 1.724476043245978474e+00 1.794191161333866136e+00 1.794191161333932749e+00 1.821562874650571873e+00 1.821562874650640262e+00 1.902704090462334685e+00 1.902704090462381092e+00 1.989886870951834474e+00 1.989886870951901088e+00 2.094218258434406899e+00 2.094218258434456192e+00 2.140266804473917706e+00 2.140266804474005191e+00 2.193794650779419708e+00 2.193794650779429034e+00 2.411129454661711691e+00 2.411129454661753435e+00 2.473571742062958378e+00 2.473571742063044532e+00 2.572791584763517214e+00 2.572791584763522987e+00 2.805651630864850254e+00 2.805651630864865798e+00 2.966454616306089864e+00 2.966454616306111625e+00
5.389854823131340344e-01 5.396638449120527703e-01 6.227172412008452618e-01 6.235373908087451511e-01 6.904160584608983742e-01 6.908442784760810973e-01 8.179732273718449687e-01 8.183552595850128730e-01 8.527944492218798578e-01 8.531452525864731129e-01 8.605057595542554560e-01 8.612965492584940819e-01 9.360461261485579776e-01 9.377373738470224929e-01 9.446130179453934295e-01 9.451812712170548636e-01 1.053264213589414799e+00 1.053564203974481028e+00 1.074405974487496751e+00 1.074592314616779731e+00 1.227145469484965057e+00 1.227616137830799703e+00 1.267908567941415265e+00 1.268459434246621775e+00 1.396570911372111867e+00 1.396969220747248164e+00 1.476973428298794744e+00 1.477099929008084400e+00 1.513119078795898131e+00 1.513222990059553297e+00 1.582600882304144863e+00 1.583008008827831770e+00 1.628066174653714393e+00 1.628710854293829779e+00 1.731560984543139003e+00 1.732033886086465024e+00 1.799437241432959578e+00 1.799569407112152186e+00 1.824385697782321181e+00 1.824801579040590038e+00 1.906094976593750934e+00 1.906270213437391225e+00 1.989417689416587809e+00 1.989647212322870784e+00 2.091982356170375201e+00 2.092112661338100477e+00 2.137887423260215414e+00 2.138080974247077659e+00 2.195254037616690912e+00 2.195295700033028652e+00 2.408147335044761750e+00 2.408292656363320461e+00 2.472660266858997868e+00 2.472833630620878687e+00 2.569992318340959869e+00 2.570348354214601283e+00 2.804631619854926594e+00 2.804909067650210641e+00 2.964310560744072287e+00 2.964421918678122214e+00
5.432348783764757716e-01 5.444066538095643226e-01 6.152173720364456644e-01 6.164179860862791793e-01 6.936312519397489496e-01 6.942883370439341117e-01 7.921659890773272705e-01 7.928494330130464451e-01 8.570181790035860114e-01 8.572275594154119549e-01 8.652042779601762934e-01 8.657238312292400151e-01 9.430154717438957723e-01 9.433824413701832334e-01 9.576130554943802498e-01 9.588409725908439984e-01 1.064500505147732090e+00 1.065085717311172298e+00 1.096129580311934415e+00 1.096547396264661689e+00 1.227073267088344410e+00 1.227793983054681348e+00 1.267246201163234387e+00 1.268426496545677296e+00 1.352981185515379270e+00 1.353483676345986764e+00 1.474652422678964792e+00 1.475007523319676661e+00 1.523264819847631735e+00 1.523683192513243689e+00 1.547130327443212217e+00 1.547382051555385107e+00 1.634197726551295027e+00 1.635356949273378602e+00 1.741776941327566552e+00 1.742589973429173877e+00 1.816201026977823263e+00 1.816375202186752302e+00 1.835521829249731729e+00 1.836381640515011959e+00 1.915430435785992591e+00 1.915932819457514924e+00 1.988505918179747090e+00 1.988942509747388288e+00 2.085521455161285953e+00 2.085726466293893022e+00 2.131201171720758847e+00 2.131461606572081724e+00 2.199530739669559587e+00 2.199629469828172201e+00 2.399717129838637941e+00 2.400022114354176228e+00 2.470394629952304744e+00 2.470687006558598409e+00 2.562246145931574404e+00 2.562738895769858694e+00 2.802129273508963347e+00 2.802527039052103319e+00 2.958428666602380908e+00 2.958764871611308411e+00
5.489710487925981708e-01 5.500319232752286513e-01 6.049829300864439929e-01 6.059942900224110085e-01 6.987776428264902417e-01 6.992396860431627781e-01 7.678783551700879562e-01 7.686177771208024812e-01 8.591530267448468372e-01 8.594271924268757079e-01 8.677529087381614659e-01 8.682336374476193885e-01 9.504084660149249020e-01 9.509775994368002694e-01 9.773917927967057384e-01 9.788868538932823382e-01 1.081541928149700516e+00 1.082297258168166909e+00 1.126242689566157251e+00 1.126652145688304740e+00 1.227152695590773890e+00 1.227797317442993030e+00 1.265805405684140572e+00 1.267203282552162413e+00 1.306736812387028879e+00 1.307100529764683827e+00 1.467794161409162301e+00 1.469010244877916316e+00 1.495527393399143978e+00 1.496647756553306063e+00 1.538294750671820532e+00 1.538546907285205601e+00 1.635943766566703816e+00 1.637098447024068815e+00 1.743884029492995591e+00 1.744709045631512634e+00 1.840505084170774186e+00 1.840871529519308769e+00 1.858266096588589544e+00 1.858880062229132157e+00 1.928884945694464115e+00 1.929557804262930221e+00 1.988013602210757957e+00 1.988507942088034275e+00 2.075163625448739779e+00 2.075363668666849737e+00 2.120651447742300189e+00 2.120851170230084737e+00 2.206267821012963370e+00 2.206411177829427306e+00 2.387034727372349785e+00 2.387419406197818894e+00 2.467594543732482659e+00 2.467895445032455726e+00 2.550186951297474636e+00 2.550572279522056895e+00 2.798700882156116343e+00 2.799019043824477748e+00 2.950253119607383123e+00 2.950701747046844847e+00
5.547662570133631288e-01 5.551924393166323135e-01 5.940558280186681861e-01 5.945027850750101983e-01 7.046976237444786406e-01 7.048385979809114188e-01 7.489073922179011467e-01 7.492849169694838496e-01 8.610935529925060061e-01 8.612013940135918588e-01 8.684347797468521257e-01 8.686720104011456112e-01 9.591090137616732347e-01 9.595108826161616866e-01 9.970598159340612332e-01 9.977311676379091443e-01 1.107932925466037943e+00 1.108492045434692042e+00 1.155252469122975523e+00 1.155459024620550945e+00 1.226927563661008413e+00 1.227221087040429648e+00 1.256837947985769199e+00 1.257524734387504006e+00 1.273694732998183587e+00 1.274223912924022928e+00 1.430761509402439957e+00 1.431248456815948478e+00 1.483081499482800547e+00 1.483566972769028602e+00 1.537398583459772317e+00 1.537606328841744752e+00 1.633356979252821084e+00 1.633991347328531463e+00 1.740030636280535337e+00 1.740411258661669347e+00 1.865125050517649541e+00 1.865536401606002759e+00 1.887778272079097652e+00 1.887931297811866305e+00 1.944795839331862064e+00 1.945185907664756630e+00 1.989541396166668807e+00 1.989810591546172569e+00 2.061697879927512744e+00 2.061807675039835974e+00 2.106673591938290624e+00 2.106760438544383440e+00 2.214792074654093668e+00 2.214902089780982575e+00 2.372080526403147704e+00 2.372327744512614078e+00 2.465531802163083430e+00 2.465701678818768894e+00 2.534955941273843827e+00 2.535128991480813720e+00 2.795010168052188604e+00 2.795137726011264423e+00 2.941638722930620897e+00 2.941910727823433991e+00
5.594818480308902942e-01 5.596522713048881492e-01 5.842590065861592574e-01 5.844765436844008288e-01 7.093853057839820675e-01 7.096551404684294795e-01 7.367338250350100592e-01 7.369451156277290194e-01 8.626284116422033854e-01 8.626647954939681284e-01 8.679898616748118467e-01 8.681139742682872917e-01 9.687553056791113892e-01 9.690334255000443431e-01 1.008738711913607533e+00 1.009096321106570882e+00 1.143435664607528990e+00 1.143900613753488837e+00 1.177143250299419242e+00 1.177295522212322698e+00 1.222575794442890995e+00 1.222758305893796527e+00 1.236002305475013774e+00 1.236283889825117832e+00 1.268335108176995574e+00 1.268813126248010681e+00 1.377148033737486621e+00 1.377284827494823283e+00 1.488173262013484655e+00 1.488354410678821349e+00 1.533259036006549003e+00 1.533385643722297242e+00 1.627662157169344148e+00 1.628045527123133107e+00 1.734208327505149860e+00 1.734374980864635374e+00 1.888131174492176934e+00 1.888397678300449689e+00 1.911898829951730328e+00 1.911923542488819017e+00 1.961531066289704972e+00 1.961731142569448583e+00 1.995138359997590483e+00 1.995286610065500010e+00 2.047157436041695977e+00 2.047234086760570726e+00 2.089629402110948053e+00 2.089681433136049815e+00 2.223729831322021511e+00 2.223815964481991703e+00 2.357344530373309155e+00 2.357508047814040442e+00 2.465547612515833098e+00 2.465661395312342741e+00 2.518398202882627057e+00 2.518509751142216313e+00 2.791669217159709060e+00 2.791724956487622755e+00 2.934138676363918119e+00 2.934299530060948680e+00
5.626351519654683164e-01 5.633234518434676596e-01 5.769751587676250626e-01 5.778074528940423393e-01 7.108125904821874785e-01 7.126754543488240667e-01 7.308348409198672790e-01 7.319089977153965254e-01 8.636297263170922278e-01 8.636933060638978255e-01 8.669774751596645013e-01 8.674611718528046911e-01 9.777109337035819747e-01 9.791649660992071125e-01 1.009920933484858452e+00 1.011620171008597469e+00 1.174661756955922343e+00 1.176662274727833468e+00 1.189705074408684338e+00 1.191007467484764604e+00 1.220611639811380877e+00 1.223103477085319746e+00 1.231419008921080360e+00 1.231888925469247553e+00 1.266541028776384303e+00 1.268376243272769877e+00 1.322138275524279427e+00 1.322290499206651315e+00 1.498338129396671103e+00 1.498736748795840512e+00 1.526083332307093476e+00 1.526636221851114916e+00 1.621251175031920067e+00 1.622801262225603391e+00 1.729214648207582528e+00 1.729692158435786054e+00 1.906684537556532222e+00 1.907567622230567750e+00 1.922716922806930295e+00 1.923355005390960271e+00 1.977001564747011164e+00 1.977757824531678033e+00 2.001491285791713981e+00 2.002484487225008269e+00 2.038843709922364855e+00 2.039409765882561842e+00 2.070042905916873899e+00 2.070315487400014032e+00 2.230756853459108680e+00 2.231170715110317726e+00 2.345823380913243383e+00 2.346520719876421968e+00 2.468082033603591796e+00 2.468692290124787192e+00 2.503381153030507456e+00 2.504003049664840219e+00 2.789275198660790878e+00 2.789457846743787162e+00 2.928846452621533203e+00 2.929457109794987968e+00
5.638940039878928001e-01 5.651038830782307842e-01 5.740032805194886789e-01 5.753036032675078459e-01 7.106884555906420875e-01 7.135323091946069729e-01 7.293899215895202071e-01 7.309825169679934342e-01 8.640062500595093731e-01 8.641231666232328523e-01 8.664343434905007468e-01 8.671280641267640199e-01 9.822350511859120337e-01 9.847548231709849498e-01 1.007538097282421274e+00 1.010385236371826201e+00 1.185912771076753858e+00 1.187782033160260875e+00 1.189094931848470260e+00 1.189461370250501249e+00 1.229496496865174704e+00 1.230153947571377193e+00 1.246416764327569648e+00 1.248885535142192804e+00 1.268462684323828027e+00 1.270610511824965760e+00 1.280655352048015949e+00 1.281112950087132552e+00 1.506329393532614080e+00 1.506386522979565212e+00 1.519819753506403526e+00 1.520927541232400371e+00 1.618495297342220640e+00 1.620595860470309679e+00 1.727329531597363577e+00 1.727880485047389669e+00 1.916529208322900857e+00 1.917028366718108723e+00 1.922475307395234534e+00 1.924248924558646490e+00 1.986841367426815941e+00 1.988188837035701262e+00 1.998408441961628368e+00 2.000213537454568424e+00 2.048460276454600493e+00 2.050192271081043405e+00 2.050598578559151175e+00 2.051937090877834269e+00 2.233512114357228295e+00 2.234109137612898532e+00 2.341384474405618477e+00 2.342347828835030565e+00 2.470449921635136104e+00 2.471540118944085318e+00 2.496151288216968300e+00 2.497271089662515209e+00 2.788418277692313207e+00 2.788649914685564557e+00 2.926975406330069696e+00 2.927775823548293133e+00
5.575036856572159749e-01 5.590444733652984999e-01 5.911683134055953914e-01 5.919660476481264366e-01 7.135342625455843857e-01 7.161070576729806625e-01 7.339969253467628629e-01 7.354084975889448872e-01 8.486236842086977150e-01 8.492893378489960732e-01 8.732627256101246349e-01 8.734936849817408477e-01 9.629492955559966205e-01 9.651851496271933728e-01 1.027649251759808813e+00 1.030511824102967378e+00 1.156895103680021242e+00 1.158979777388166488e+00 1.166047283299548321e+00 1.167551743899030603e+00 1.233147898963952382e+00 1.233961039303372420e+00 1.264351813133770541e+00 1.265993036237212710e+00 1.291895934658319645e+00 1.292502109150006628e+00 1.305044099775800159e+00 1.305737777222763629e+00 1.499140801277594415e+00 1.499729600590388623e+00 1.521967284575432844e+00 1.522646324518800220e+00 1.624991877795625150e+00 1.626958160551688959e+00 1.727438035033550756e+00 1.727914414895913575e+00 1.909906694914595526e+00 1.910731112252552100e+00 1.924587201488977772e+00 1.925787371861862551e+00 1.971954410795788704e+00 1.972710151102753384e+00 2.009450279848092880e+00 2.010728306898389217e+00 2.049238127388547603e+00 2.051068923719585602e+00 2.053647600487322311e+00 2.054871828785020949e+00 2.236019339885765511e+00 2.236604991870821735e+00 2.338002478736444623e+00 2.338946564067872380e+00 2.462679578241006695e+00 2.463614037902491560e+00 2.497836513732041297e+00 2.498853013844737792e+00 2.778781626321799259e+00 2.778950937376343244e+00 2.932707538713378081e+00 2.933490652534491261e+00
5.569109931446566408e-01 5.587721005793755413e-01 6.202641980619643114e-01 6.204716249247399507e-01 7.235642500513929098e-01 7.255685799628404098e-01 7.446855888875648644e-01 7.458397252841525438e-01 8.283454616229714018e-01 8.290775187558008241e-01 8.650882817722290730e-01 8.655227299410984676e-01 9.465962553454588813e-01 9.479806993115978964e-01 1.043867432038603216e+00 1.046048135191498085e+00 1.107874724066332250e+00 1.109875427341123988e+00 1.128324473538679928e+00 1.131045123292520493e+00 1.262341976577288971e+00 1.263422442084013886e+00 1.290571521717893244e+00 1.291600389740993560e+00 1.328930993975973474e+00 1.329795114319110239e+00 1.346109100327883334e+00 1.347089004859828076e+00 1.489480271528422550e+00 1.490537131136792093e+00 1.522787731004378475e+00 1.523422557651336939e+00 1.641998935436895124e+00 1.643675672640426910e+00 1.727715083703906140e+00 1.728048668719876835e+00 1.897238405064182842e+00 1.898079534814011593e+00 1.918513543245716102e+00 1.919372730261107440e+00 1.954583761425623400e+00 1.955337031866104969e+00 2.019615207729738682e+00 2.021053742966909095e+00 2.054916343049649097e+00 2.056605211242802156e+00 2.059521042831424786e+00 2.060635984315223546e+00 2.243489534246366546e+00 2.244041959112918594e+00 2.328423070185557275e+00 2.329309019524269608e+00 2.447576486018859576e+00 2.448487073618513588e+00 2.495171246099836981e+00 2.496297215056074936e+00 2.758560638447492774e+00 2.758744493824728305e+00 2.942752914982234902e+00 2.943528858604076870e+00
5.626858719519561847e-01 5.650136168697250660e-01 6.504410514933361975e-01 6.509840514952917045e-01 7.397036531252844105e-01 7.407335460506938585e-01 7.547551385643507249e-01 7.557046997341572148e-01 8.097214134666557150e-01 8.103879022998965453e-01 8.430649053566111606e-01 8.432405150267030525e-01 9.420349635696894097e-01 9.424608923789210557e-01 1.024508811985125778e+00 1.025641014136129181e+00 1.056712288087945817e+00 1.058622137259133789e+00 1.121707216388674100e+00 1.124190301322499641e+00 1.285526224679926166e+00 1.287300940635794255e+00 1.327461216498544205e+00 1.328485073073114808e+00 1.359836051584357497e+00 1.361416862204357203e+00 1.381859632181607900e+00 1.382313131786444105e+00 1.493578188167160592e+00 1.494867535156577443e+00 1.521524450940309858e+00 1.522569678197011500e+00 1.666443031455989043e+00 1.667714513181245861e+00 1.727747809919254474e+00 1.728215653698625731e+00 1.880356203221301037e+00 1.881196607099870466e+00 1.894597682009572903e+00 1.895389198389267893e+00 1.949171548952227440e+00 1.949778303036909577e+00 2.026593820502066379e+00 2.028578298893326082e+00 2.062003673355541800e+00 2.063219920534146379e+00 2.071118611068500925e+00 2.072117161281022302e+00 2.256009578087297296e+00 2.256517099132255399e+00 2.314546355994099525e+00 2.315347470148533482e+00 2.433711722854357884e+00 2.434755101868691707e+00 2.482884918507222149e+00 2.484294130129279576e+00 2.741000245419583425e+00 2.741337267848658943e+00 2.947295328676482473e+00 2.948080928484700269e+00
5.710490032008959105e-01 5.742496784697116441e-01 6.748580412743415691e-01 6.759922056387512868e-01 7.442261120492359439e-01 7.445635632430689377e-01 7.498323846898102829e-01 7.511936329105237675e-01 8.104520185444289426e-01 8.112808894987544317e-01 8.256774419927657149e-01 8.265484675197211084e-01 9.337468511258116832e-01 9.353553651296215854e-01 9.815341248837233801e-01 9.831747919053620555e-01 1.014249741091693524e+00 1.016243789390680163e+00 1.135244866807719744e+00 1.138131110924208933e+00 1.263677542107325857e+00 1.265777389598033764e+00 1.359487437551733624e+00 1.362576486365360440e+00 1.385314769664455659e+00 1.386636394421490781e+00 1.421832138457088446e+00 1.422308334969931476e+00 1.515550605974525400e+00 1.517143368029161499e+00 1.526746118619706660e+00 1.528026355621683985e+00 1.695760381291266050e+00 1.696696204162675414e+00 1.726553171384834551e+00 1.727468024675253178e+00 1.856315142749738412e+00 1.857560668608296384e+00 1.866661291698883840e+00 1.867668471693993526e+00 1.951161391450716653e+00 1.951745852855458097e+00 2.029921518025963767e+00 2.032543007547809033e+00 2.067143289440790621e+00 2.068430181671295109e+00 2.091449750967258048e+00 2.092051459707228389e+00 2.273126708672602803e+00 2.273664889809277501e+00 2.300830889381400013e+00 2.301424120980124943e+00 2.426207758286978766e+00 2.427440421314047470e+00 2.461623411804081396e+00 2.463383415694378797e+00 2.733210599888751702e+00 2.733625830633357623e+00 2.942056725850693777e+00 2.942830971776079885e+00
5.781251646560087165e-01 5.828509653885275421e-01 6.890968557770373870e-01 6.903669702958437071e-01 7.209377730827555286e-01 7.232952498636128214e-01 7.248501642749209939e-01 7.254427186563786600e-01 8.254032349038390448e-01 8.269222214232488932e-01 8.355830088202146344e-01 8.365927847672246509e-01 9.067789118386527791e-01 9.097230237852074186e-01 9.372717914904803438e-01 9.389816648393943810e-01 9.948980466063022110e-01 9.965728703592865445e-01 1.145134041411880466e+00 1.148204968291995698e+00 1.217287455298635690e+00 1.219166566939252183e+00 1.307086996533695755e+00 1.310651355470514590e+00 1.446540834170942036e+00 1.447534007971132741e+00 1.473287277163062292e+00 1.473595558680918849e+00 1.544177179895657170e+00 1.545195720726134425e+00 1.545322224431983082e+00 1.547394623217786425e+00 1.721213735362458364e+00 1.722006070601654448e+00 1.723081199891236315e+00 1.724820862405234356e+00 1.823335036012636134e+00 1.825310061955859764e+00 1.851058191146935483e+00 1.852748270083827586e+00 1.958230061652765475e+00 1.958934205732574263e+00 2.028844410955916722e+00 2.031897451855582126e+00 2.071978213847062378e+00 2.073794941227369293e+00 2.116680401084184204e+00 2.117591603795326627e+00 2.278546594544320403e+00 2.279797745471343617e+00 2.307179505769777705e+00 2.307947072362671381e+00 2.427617976152137924e+00 2.429023128089351502e+00 2.434827180816746761e+00 2.437037421567964213e+00 2.737175116158809818e+00 2.737536526853357799e+00 2.927234071791971370e+00 2.927944182985041888e+00
5.807895616991005650e-01 5.877377029743325876e-01 6.775332739092762013e-01 6.787359422393897113e-01 6.820805330122837740e-01 6.849380535125820790e-01 7.064160031288388986e-01 7.108416425245959180e-01 8.232726223907076424e-01 8.245811801300659827e-01 8.546084951534334007e-01 8.557498624426139733e-01 8.723394099679396829e-01 8.763454226674065595e-01 9.044974000500871636e-01 9.054930610851777972e-01 9.927763790648929110e-01 9.940033264050850415e-01 1.115718606379826561e+00 1.118699755511652238e+00 1.192106369605220095e+00 1.194004540513174284e+00 1.214388181839885394e+00 1.218180213718369931e+00 1.504539515368158220e+00 1.505915580472502180e+00 1.524617959497940101e+00 1.525094521698880934e+00 1.566074018890904140e+00 1.567770850780179526e+00 1.573974782201566835e+00 1.575626329225679356e+00 1.713939873151566262e+00 1.715233666702362214e+00 1.730437321214218782e+00 1.731776285734009324e+00 1.797026335248395723e+00 1.799641711679291767e+00 1.847988316223720062e+00 1.850108942296509795e+00 1.969751745727169157e+00 1.970725255681164967e+00 2.024930152640869174e+00 2.028177137301562016e+00 2.078985304866852069e+00 2.081699844499737218e+00 2.140891312941482383e+00 2.142554647224589992e+00 2.268878605919043778e+00 2.269936209746043154e+00 2.334154513836908862e+00 2.334793478906009856e+00 2.409044976360438461e+00 2.411214597718721375e+00 2.440259476336125832e+00 2.441256534096028830e+00 2.753023480230889053e+00 2.753527324621914740e+00 2.906382372884962262e+00 2.906967204862568099e+00
5.761645076357448936e-01 5.853131050055987439e-01 6.319678266107942033e-01 6.359835433310480068e-01 6.452364492579365507e-01 6.555880386972016138e-01 6.920129639082537309e-01 6.974276654290432198e-01 7.933147462413344675e-01 7.951838971200931860e-01 8.330060429753424200e-01 8.334321069387877756e-01 8.531154317358683459e-01 8.566571728480347758e-01 9.035748973546902096e-01 9.057983876439860138e-01 9.940207839466547179e-01 9.950717314099003508e-01 1.053262194348186576e+00 1.056217650174345657e+00 1.104259416355390488e+00 1.108025727599611931e+00 1.197815333820422712e+00 1.200298237358032871e+00 1.542540988420593173e+00 1.544422545388386636e+00 1.572262720375120049e+00 1.572985212445642489e+00 1.582895472308954554e+00 1.585035212520466530e+00 1.603128981448014967e+00 1.605391249960477218e+00 1.702471862605497543e+00 1.703269284259713023e+00 1.723061622599000309e+00 1.724671010925228787e+00 1.780876143260890387e+00 1.783530579787178327e+00 1.854562468170608769e+00 1.856654500656468976e+00 1.980997959886871218e+00 1.982316362802929444e+00 2.021040514216627226e+00 2.024276075960670607e+00 2.091948681256083464e+00 2.095552300184825079e+00 2.158225694415505824e+00 2.160935463035084325e+00 2.255565631664198101e+00 2.256280138069187924e+00 2.338817301263313553e+00 2.340147844396427423e+00 2.411988994179711909e+00 2.414035937563506984e+00 2.462994429600296353e+00 2.463978070115167451e+00 2.780561140778847751e+00 2.781838998763948467e+00 2.885651276470256654e+00 2.886086235082913731e+00
5.558449148201126677e-01 5.630833950484330774e-01 5.870132373174932194e-01 5.925104844170226981e-01 6.029364936442946910e-01 6.147219600361337744e-01 6.604547579558583958e-01 6.666407801438916092e-01 7.429631686626392284e-01 7.460376651203776133e-01 7.965522589169637957e-01 7.979997395742166599e-01 8.180876953967407550e-01 8.208757150178916939e-01 8.999731919299898131e-01 9.034610663630159300e-01 9.862879665039639976e-01 9.878106969156456030e-01 1.007931391379966568e+00 1.010043646765657943e+00 1.032078306488322994e+00 1.033947060626982273e+00 1.202564170501611462e+00 1.205496092016676180e+00 1.544565258134892760e+00 1.546271540144233958e+00 1.583178706198806296e+00 1.583836066644469298e+00 1.614847758962704827e+00 1.617502575004354792e+00 1.631431315659424452e+00 1.633418485137090537e+00 1.698959519502236892e+00 1.699937631124610826e+00 1.718943947277996820e+00 1.721263617475887742e+00 1.774261510945599696e+00 1.776692366855173066e+00 1.860352652777508942e+00 1.862438802868199961e+00 1.985085030723167554e+00 1.986700744822566866e+00 2.018669087925776484e+00 2.021969962962736567e+00 2.107544930729774446e+00 2.111494214251265156e+00 2.163971954616599636e+00 2.167592387781795527e+00 2.237965682334708273e+00 2.239694300430976615e+00 2.318456355875204711e+00 2.320845420881835430e+00 2.444037644197441850e+00 2.446656318928468909e+00 2.496312515598853921e+00 2.498255292653788651e+00 2.819017561720720710e+00 2.821555563586849225e+00 2.872017605425003950e+00 2.872345774547084396e+00
4.926253757782532716e-01 5.021019658224133986e-01 5.300714058546074359e-01 5.389366983992674998e-01 5.478458293875390073e-01 5.586074562178561242e-01 6.265876900908005087e-01 6.367381816273063322e-01 6.807378564443206104e-01 6.862114603491989984e-01 7.491537597633258772e-01 7.507775226557773518e-01 7.783658051890275376e-01 7.825295624525845373e-01 8.799937993603857977e-01 8.832795785134568423e-01 9.660611639170384457e-01 9.677479992644018036e-01 1.000483355664578911e+00 1.002502305828890217e+00 1.017401431661308031e+00 1.019344078637783868e+00 1.203272420052465597e+00 1.206869087640706217e+00 1.519953978134465977e+00 1.522802821484811275e+00 1.568052195915730529e+00 1.570837893774307048e+00 1.607542465032492984e+00 1.610940285402321814e+00 1.663008016137580869e+00 1.665935258873488367e+00 1.711027519833226762e+00 1.713359712080178898e+00 1.725217748013937236e+00 1.727432495550005553e+00 1.789077990464890133e+00 1.790384888860004242e+00 1.861720166366401141e+00 1.863738365089886218e+00 1.979530927555178454e+00 1.981286510065455087e+00 2.015483650671692217e+00 2.019010508217230271e+00 2.099335376679654530e+00 2.103280928635292923e+00 2.161861378603295858e+00 2.164925331988641677e+00 2.229135884841332071e+00 2.232688649361989963e+00 2.307512780170636546e+00 2.310924301749200271e+00 2.476546207548817602e+00 2.479602056211971384e+00 2.536844414057734198e+00 2.540241650508656690e+00 2.863953791624657352e+00 2.866346841866626249e+00 2.872095576584102972e+00 2.873858304187870694e+00
3.699296235093179064e-01 3.816786662263865759e-01 4.533918210275035832e-01 4.608850765416729889e-01 4.918124690060667326e-01 5.002840808711844778e-01 6.064176940972979546e-01 6.201665342726787600e-01 6.392698678806330026e-01 6.460982102435123275e-01 7.108707381675516412e-01 7.143731311720274979e-01 7.483597919555950995e-01 7.543886477816457159e-01 8.626345695276026460e-01 8.655631400469016024e-01 9.568959925269053812e-01 9.584266271656494141e-01 1.001952643081669647e+00 1.004726659461002924e+00 1.016240033913748286e+00 1.018198077829550519e+00 1.200572013882175604e+00 1.205029142459160818e+00 1.479111650190633398e+00 1.482853206728570239e+00 1.542638647861221957e+00 1.546984659810162865e+00 1.564200530024131730e+00 1.567212092336065288e+00 1.693604490753381375e+00 1.698622503846111131e+00 1.709751998060936806e+00 1.711119220280233444e+00 1.744973281160863809e+00 1.747350468245468358e+00 1.822897560311353971e+00 1.823340409818550611e+00 1.858686150038180829e+00 1.860280846713307179e+00 1.959040024407934011e+00 1.960201809109715754e+00 2.006306312196621366e+00 2.009825648942225484e+00 2.066463301073337977e+00 2.071368485745492372e+00 2.157058704392531112e+00 2.160691491460385194e+00 2.236496489748263983e+00 2.241723577314363336e+00 2.315827046889266327e+00 2.320625928314296704e+00 2.503761459954966018e+00 2.506878912618021538e+00 2.577695326786312524e+00 2.582610826562125705e+00 2.878610669082622309e+00 2.878995414131392483e+00 2.917862930983865066e+00 2.923678232606700789e+00
2.537368393179291748e-01 2.678126353646683722e-01 3.742100159541430493e-01 3.807995548184293644e-01 4.401857408276598216e-01 4.514061490318188041e-01 5.971734854398228487e-01 6.123972508501969170e-01 6.182963254245864571e-01 6.213254161796480934e-01 6.896347459437079941e-01 6.995380425444459593e-01 7.226556789473830289e-01 7.297334702669828754e-01 8.539295650366354185e-01 8.568430321967772656e-01 9.494839734553708332e-01 9.508230290958255004e-01 9.993150061754680902e-01 1.003518747292734714e+00 1.015977016461115046e+00 1.017114409455818436e+00 1.197071080076467897e+00 1.202382884592133161e+00 1.419804561040616919e+00 1.422244912542074413e+00 1.496404218150839904e+00 1.501777154012501780e+00 1.532601413323755102e+00 1.538255984657691977e+00 1.677044945337881732e+00 1.678838510174673448e+00 1.718029318360078550e+00 1.723608432389750478e+00 1.764062075376189309e+00 1.766122026742880102e+00 1.837737033178258317e+00 1.838771867004398652e+00 1.869762022447409189e+00 1.870040551148732355e+00 1.927384373705846032e+00 1.927730033142965871e+00 1.991939320444416239e+00 1.995741989541870431e+00 2.051396539637780680e+00 2.057278332583759362e+00 2.148441785484515698e+00 2.152680022891975131e+00 2.249274316488523606e+00 2.255673685907932935e+00 2.337250210044107046e+00 2.343230444439704296e+00 2.525550886760425051e+00 2.528574031387865073e+00 2.613523875587513867e+00 2.619904768461580602e+00 2.896175722216058901e+00 2.896589174252369947e+00 2.967662978210030111e+00 2.975064834766287802e+00
2.527740736946558209e-01 2.615235132639977533e-01 3.358983068920936566e-01 3.394366679511913176e-01 3.971976436136584465e-01 4.112892251804491917e-01 5.944687537955692935e-01 5.957050732687422245e-01 6.005696361530659111e-01 6.135645357193079130e-01 6.823875349096416576e-01 6.923005725154147694e-01 7.073596154336621034e-01 7.176172289240940749e-01 8.533842995817731980e-01 8.568997684441171936e-01 9.396732155485419957e-01 9.407189989381278261e-01 9.871393976269310366e-01 9.921191015208304931e-01 1.016765480846327119e+00 1.017507336195766943e+00 1.195267173776745295e+00 1.201168028852842129e+00 1.336791200876591645e+00 1.337884821477106190e+00 1.456482215861910401e+00 1.464606152228467906e+00 1.499862547325715667e+00 1.504196914999923695e+00 1.602940936328389521e+00 1.606105930626229084e+00 1.732592273204122568e+00 1.739683330766077951e+00 1.780640279310573781e+00 1.782105580728103433e+00 1.823377378406711546e+00 1.824068908716176773e+00 1.903197990504997827e+00 1.903438667359124592e+00 1.915800679850217181e+00 1.915951516350492101e+00 1.978170269440518325e+00 1.982418064782454747e+00 2.049611817568423699e+00 2.056087673317423814e+00 2.141296780823402912e+00 2.145873907776361111e+00 2.260413492501010868e+00 2.267750404695891842e+00 2.361745916427115066e+00 2.368515937865074861e+00 2.542292600349783438e+00 2.545189683449573970e+00 2.641905866598518671e+00 2.649551848430257373e+00 2.916410690983584519e+00 2.916938260795724602e+00 3.011488127479302612e+00 3.020185188964060963e+00
3.087025940612931896e-01 3.104474350159678320e-01 3.572141792604144883e-01 3.730761122144625186e-01 4.138109997865060952e-01 4.187277357164120861e-01 5.762745712246040153e-01 5.796955645747831065e-01 6.002086167746396583e-01 6.164321955011519139e-01 6.682907536791944381e-01 6.807453017141857909e-01 7.103089344111896963e-01 7.287984353715638575e-01 8.608736579697431335e-01 8.657571897468894218e-01 9.295766942729315474e-01 9.301736178999081561e-01 9.678933378511320740e-01 9.723167739707290202e-01 1.018040449816456139e+00 1.018950556076266389e+00 1.195685027300395165e+00 1.201788461251761975e+00 1.246709534067193870e+00 1.247331626320844711e+00 1.408841725426628111e+00 1.409897182596263843e+00 1.433317455756804693e+00 1.442994476811543247e+00 1.547433821101464435e+00 1.556339595423779976e+00 1.742186984718841591e+00 1.750066445693195361e+00 1.794139912890679200e+00 1.794927086276673078e+00 1.814283173991766196e+00 1.814662058074102191e+00 1.918320094451456459e+00 1.918454350141881815e+00 1.930209729539185126e+00 1.930733941699144474e+00 1.966228549650706814e+00 1.970631449437216132e+00 2.051253727131856497e+00 2.058172477928785771e+00 2.137041506486043296e+00 2.141791263016796343e+00 2.268597704717467689e+00 2.276679822406655340e+00 2.382477602148711959e+00 2.389740016664863465e+00 2.554254090534020083e+00 2.557033251696889220e+00 2.662121747072856870e+00 2.670722217515366204e+00 2.934549935869081416e+00 2.935182279542980055e+00 3.045414902759724818e+00 3.055062628721358475e+00
3.345997917632648200e-01 3.485122666990813078e-01 3.511857333765169287e-01 3.561136535659245594e-01 5.337153795166111880e-01 5.360818846436069540e-01 5.667976789953249606e-01 5.700054148181720182e-01 6.032298271922841293e-01 6.189225447791666390e-01 6.554465729184421052e-01 6.693277867541083115e-01 7.216497955340626103e-01 7.425497911788454530e-01 8.755296635632583424e-01 8.830452950267967394e-01 9.267759930404330104e-01 9.277058654824810180e-01 9.485192415131069588e-01 9.507218128401547785e-01 1.019064726251904140e+00 1.020142338384333991e+00 1.173005697196448205e+00 1.173164956876326048e+00 1.198238462028175633e+00 1.204126667621592262e+00 1.285761787924580624e+00 1.286512109794687220e+00 1.417461921322623608e+00 1.428825078618567890e+00 1.531670355909996895e+00 1.542146342266477399e+00 1.747995057584188938e+00 1.756304796411860547e+00 1.803288637584409271e+00 1.803507783426417488e+00 1.809075000401399791e+00 1.809184694669745852e+00 1.923535522694069799e+00 1.923571874685221283e+00 1.944634022515849159e+00 1.947398488101301783e+00 1.959763902439156880e+00 1.962467242987527838e+00 2.053085780138343530e+00 2.060295666556072547e+00 2.134994257766991588e+00 2.139808055921010421e+00 2.273598462494212935e+00 2.282162561072452522e+00 2.395950820378027313e+00 2.403481604063637089e+00 2.561487151084043568e+00 2.564179622232780176e+00 2.674153615995654487e+00 2.683342031578400455e+00 2.946918489898306959e+00 2.947611354139432205e+00 3.066785768888842245e+00 3.077011392709096516e+00
3.275341471688486550e-01 3.477556999861308173e-01 3.693698586299029030e-01 3.696514480768747779e-01 5.548624482182155093e-01 5.594709352732176733e-01 5.984313014212881976e-01 5.985919006644833118e-01 6.042360222973304218e-01 6.195086687933814007e-01 6.506403472364995499e-01 6.649108701660064735e-01 7.253342212095446051e-01 7.470676636030610940e-01 8.864960246364526064e-01 8.977009397362585297e-01 9.320903007914317362e-01 9.321170171589582276e-01 9.386070104165187278e-01 9.386315194701085884e-01 1.019451627285186346e+00 1.020598740176315466e+00 1.143641538737894425e+00 1.143748187108818648e+00 1.206133239782817279e+00 1.212397400034988859e+00 1.214859738895090358e+00 1.214968691705390791e+00 1.412686779818902227e+00 1.424447969310842721e+00 1.528003397483620240e+00 1.538802665728072894e+00 1.750014377499308882e+00 1.758484579908862866e+00 1.806709201424187450e+00 1.806720735929906674e+00 1.807057207986895842e+00 1.807067624634888903e+00 1.925728576658103819e+00 1.925739664302270171e+00 1.946650111235407321e+00 1.952330693168623732e+00 1.960189760691112726e+00 1.960206586259340300e+00 2.053824150097812495e+00 2.061136560942436358e+00 2.134400567821675754e+00 2.139227069278672122e+00 2.275283160128915405e+00 2.284013740219007271e+00 2.400591673400831461e+00 2.408207154606545775e+00 2.563914997459829870e+00 2.566575035820950035e+00 2.678141906085369062e+00 2.687528437624571609e+00 2.951287542319250168e+00 2.951999081639156142e+00 3.074074726636413235e+00 3.084493995724051807e+00
3.231449642652707843e-01 3.385520605551737838e-01 3.652397367584933607e-01 3.654679740455785697e-01 5.521290850361116886e-01 5.533893435503843827e-01 5.970489680179642544e-01 5.971766127779176703e-01 6.119991263301750584e-01 6.243711662281749009e-01 6.501787994275233240e-01 6.598489659707025279e-01 7.274959673589562748e-01 7.428750958824066331e-01 8.882950939395166667e-01 8.892156988852474298e-01 8.892199374643946497e-01 8.967569510520523313e-01 9.860711240080657358e-01 9.860736702425070277e-01 1.022446753433654987e+00 1.023358670175689600e+00 1.144119295956822491e+00 1.144205953169208589e+00 1.203724908686554240e+00 1.208369303574144737e+00 1.215111087508098153e+00 1.215199746775007528e+00 1.399566155134116308e+00 1.406231700689311248e+00 1.547811723534707973e+00 1.554233476721598395e+00 1.751362397734467002e+00 1.758179104738172738e+00 1.775160446342338272e+00 1.775161367648333099e+00 1.835420404560774710e+00 1.835421356306922380e+00 1.925688490065641467e+00 1.925697542591491729e+00 1.948317309305616751e+00 1.953296978549127871e+00 1.960150958892007411e+00 1.960164690335552073e+00 2.053273553942303487e+00 2.059521068766150265e+00 2.136209686030773991e+00 2.140091460767859832e+00 2.274093772472308483e+00 2.281252384660427790e+00 2.398150362723943108e+00 2.404342137841572136e+00 2.562943475131252313e+00 2.565262051848533176e+00 2.676716103715891304e+00 2.684121515874239083e+00 2.949566898724062636e+00 2.949923224426544088e+00 3.073758216697310086e+00 3.081865432338037003e+00
3.094735211946360032e-01 3.147511516993392044e-01 3.528641915983990462e-01 3.529614531103925645e-01 5.407258776489117791e-01 5.429415606057689248e-01 5.931880416783318344e-01 5.932391011870880027e-01 6.071434048203665501e-01 6.080729643236353343e-01 6.661460544193384958e-01 6.674206419333552631e-01 7.361831584084143065e-01 7.405525882221632994e-01 8.498664855304224330e-01 8.498689654494478996e-01 8.931187954711354848e-01 8.961953562979885213e-01 1.030013237190340325e+00 1.030503264197284663e+00 1.038460854864393434e+00 1.038461340346751749e+00 1.145906369423367321e+00 1.145943201339204798e+00 1.195099860736976938e+00 1.196578401792948387e+00 1.215956376406712947e+00 1.215994477312109856e+00 1.373689975220666160e+00 1.374919666047691891e+00 1.584477197415132155e+00 1.586158818549071370e+00 1.740557005396788259e+00 1.740557399555975548e+00 1.755436322381932257e+00 1.758210690587034053e+00 1.860524046325875647e+00 1.860524498762962775e+00 1.925576261398957323e+00 1.925580201322828033e+00 1.952994763437203796e+00 1.955664414824206609e+00 1.960039318408685283e+00 1.960045285336618370e+00 2.051977409583869871e+00 2.055060046170945398e+00 2.140750451218339290e+00 2.142380252624612069e+00 2.270644944339492710e+00 2.273785880744648047e+00 2.390880344301406613e+00 2.393541948433152378e+00 2.560377803475039293e+00 2.561548878406254559e+00 2.671841129978080875e+00 2.674755207285127057e+00 2.944025113232275448e+00 2.944496878219931890e+00 3.072111577135451910e+00 3.075150451279048625e+00
2.828969884252395817e-01 2.842533827194870244e-01 3.325385411966665372e-01 3.325821328443111513e-01 5.221599614785422672e-01 5.248401228834428389e-01 5.681605018641477933e-01 5.711031933847705577e-01 5.876536879857295892e-01 5.876740315011214078e-01 6.980110142924206285e-01 6.983569167396180832e-01 7.514262178473035680e-01 7.526135069759499752e-01 8.183536486605267335e-01 8.183555385793929160e-01 8.996528953541813589e-01 9.008616195592830111e-01 1.039326935407503205e+00 1.039724540354154403e+00 1.088006290353538574e+00 1.088007591087522208e+00 1.151120405710492456e+00 1.151135439295119633e+00 1.178010208525806846e+00 1.178467917538914556e+00 1.217842146888198585e+00 1.217859124383733338e+00 1.348819561518510124e+00 1.349129280367000305e+00 1.618182241337090543e+00 1.618603305157617633e+00 1.703546209389096511e+00 1.703546395689341963e+00 1.761655080489017866e+00 1.762696515281046761e+00 1.882019888447140188e+00 1.882020117694623851e+00 1.925414823116123442e+00 1.925416645255481063e+00 1.957861398083186488e+00 1.959570720761400375e+00 1.959865585965515411e+00 1.959868334646188259e+00 2.049052183023071461e+00 2.050737946346737672e+00 2.145270880697990101e+00 2.145993981966025199e+00 2.263781101191886691e+00 2.265233320672916495e+00 2.377897342476623876e+00 2.379107098279518162e+00 2.556003124569782070e+00 2.556640270443515384e+00 2.661605164676704494e+00 2.662746757699705036e+00 2.935267463644514851e+00 2.935799055352953602e+00 3.067182639197330030e+00 3.068257000943800161e+00
2.417231074637161692e-01 2.501940394139363644e-01 3.056129330582906811e-01 3.057448284612898082e-01 4.899642365244584741e-01 4.956910473576945919e-01 5.284842889872365390e-01 5.380890073741060320e-01 5.816182378744675363e-01 5.816696498489211109e-01 7.312290395373726160e-01 7.325608067074804719e-01 7.716953736797504959e-01 7.735796265701668784e-01 7.948215294298960343e-01 7.948306112200600460e-01 9.090407526834044516e-01 9.126858024290137594e-01 1.047288684414638071e+00 1.049403126874770553e+00 1.121565868862584914e+00 1.121592197009740000e+00 1.154482256489191894e+00 1.156150651679018093e+00 1.168724517262125229e+00 1.168742839606552675e+00 1.222864016812657884e+00 1.222909672110828794e+00 1.329013148858294135e+00 1.331106968768709153e+00 1.641241641581606903e+00 1.643139181353004741e+00 1.664883897619311215e+00 1.664884506859533486e+00 1.773023813104068758e+00 1.775129070801385156e+00 1.899754703974660064e+00 1.899755486006707184e+00 1.925251743754749612e+00 1.925257451964412558e+00 1.957583675515594646e+00 1.959649608188311687e+00 1.959658132187717783e+00 1.965603362828874046e+00 2.044237863841370295e+00 2.050343967242460153e+00 2.147646733016310705e+00 2.149815220802675952e+00 2.253814353075283883e+00 2.258268379788844538e+00 2.360036212737603556e+00 2.363761019126015661e+00 2.549297539291997428e+00 2.551645443770663935e+00 2.647373398639870423e+00 2.650191231131136416e+00 2.922538595106884518e+00 2.925299301829412002e+00 3.060676988390004016e+00 3.062908803677349301e+00
1.899858028466203386e-01 2.182483759620045816e-01 2.751808007267669831e-01 2.753246110610799713e-01 4.454780352967051549e-01 4.612732276887173688e-01 5.101907092854778281e-01 5.120599595626280642e-01 5.762242712870079275e-01 5.762688840489313957e-01 7.597931284612746694e-01 7.607702450679210138e-01 7.784198220469840113e-01 7.784334532244272520e-01 7.943109527766780698e-01 7.949708700180095899e-01 9.244536063659772873e-01 9.289596975412401925e-01 1.052935203365597872e+00 1.056504667392222485e+00 1.130211376928309086e+00 1.132319579870109338e+00 1.132366723512363560e+00 1.132759542404356168e+00 1.194029090338249333e+00 1.194054776950149721e+00 1.240293498241378023e+00 1.240315881129796294e+00 1.314433106929043804e+00 1.317653913845939107e+00 1.625919693880319095e+00 1.625920400634888408e+00 1.651123412964209392e+00 1.656759234878892428e+00 1.792728694116101584e+00 1.796062189327245040e+00 1.913536343213043667e+00 1.913537231563160246e+00 1.925215888268313691e+00 1.925222340014200562e+00 1.953210795738110184e+00 1.959423828764694342e+00 1.959433197524607984e+00 1.967315442506077927e+00 2.043909244491880717e+00 2.051298821092265356e+00 2.148419740423056279e+00 2.150714274320780106e+00 2.245635682905528174e+00 2.250493072009274176e+00 2.342532155660050019e+00 2.346633992086739173e+00 2.542109104846145051e+00 2.545354263969909603e+00 2.634555798213747302e+00 2.636863063456163392e+00 2.908291196275275770e+00 2.912479830472262776e+00 3.056661397130933988e+00 3.058232621581872923e+00
1.530514172084897762e-01 1.932954022752565726e-01 2.460087661297498396e-01 2.461048217179012398e-01 4.058174100323349021e-01 4.277518731201025992e-01 4.953374242263429150e-01 5.007629470514636250e-01 5.721488291109243507e-01 5.721734274170732215e-01 7.678758833151131391e-01 7.678867606430443971e-01 7.794014723735295247e-01 7.797432253408607128e-01 8.132680280170654363e-01 8.156434607436394701e-01 9.433637791486079172e-01 9.469316115519067489e-01 1.055233092088803781e+00 1.058611274526495061e+00 1.110481029005761178e+00 1.112787718881258270e+00 1.135511836025598464e+00 1.135545571569569923e+00 1.203977686895760346e+00 1.204009114554554172e+00 1.274581854243486800e+00 1.274584797488809818e+00 1.304256582575632040e+00 1.306840343153191197e+00 1.589320708022629036e+00 1.589321163456989927e+00 1.653111517139222997e+00 1.660623994663452896e+00 1.817254866666828894e+00 1.821941070803925644e+00 1.922320559242073568e+00 1.922321374520321147e+00 1.926304157090666491e+00 1.926308087594851726e+00 1.946104472358404225e+00 1.959216313123125275e+00 1.959222459941188932e+00 1.962070046428451953e+00 2.048021876556044063e+00 2.053554348008742814e+00 2.147035177284177365e+00 2.148510974859208833e+00 2.239785725838787211e+00 2.243336701777141950e+00 2.327780545464991135e+00 2.330484673521652006e+00 2.535465868602125195e+00 2.538549080017832971e+00 2.624846649418241640e+00 2.625968444432962734e+00 2.895369403484675530e+00 2.898878541912103923e+00 3.054674265931370591e+00 3.055777992493547757e+00
1.540325857182273939e-01 1.786079962981575175e-01 2.243001674496628850e-01 2.243318514725339552e-01 3.819807409264506792e-01 3.920038769418713875e-01 4.910753238475702442e-01 4.941870014525702182e-01 5.696677242751352344e-01 5.696770590073618745e-01 7.620432931162521850e-01 7.620470355732845702e-01 7.895882509083511636e-01 7.897794717685439059e-01 8.280015162977062415e-01 8.298304439178620928e-01 9.599555713423190140e-01 9.614031007065478862e-01 1.053926154179501085e+00 1.055713063447207833e+00 1.098873914839001431e+00 1.100405966485617837e+00 1.136739389693490754e+00 1.136750036989320423e+00 1.206784186970121242e+00 1.206794915817634983e+00 1.298048336561187233e+00 1.299247887013123215e+00 1.305957177881619247e+00 1.305959228050292742e+00 1.560591567076241803e+00 1.560591669887482658e+00 1.653646996360343513e+00 1.658916882606576770e+00 1.840357213862784613e+00 1.843552015653250331e+00 1.923940537877522061e+00 1.923941460618454613e+00 1.930639598425331283e+00 1.930640657574409502e+00 1.940461627158612590e+00 1.951275464526675441e+00 1.959061883705445650e+00 1.959063795691912135e+00 2.052981927793460670e+00 2.055893180505298901e+00 2.144308755585912163e+00 2.145062460495709811e+00 2.236441854042927613e+00 2.238305390653816396e+00 2.317882501746964419e+00 2.318754454000626186e+00 2.530961738719321286e+00 2.532849443931607603e+00 2.618969235231717096e+00 2.619321702099977944e+00 2.886455961697353967e+00 2.888088215094225752e+00 3.054179540407370830e+00 3.054886785744530542e+00
1.694145079819848188e-01 1.694145079822539091e-01 2.161549330257753199e-01 2.161549330259865120e-01 3.742783055301641126e-01 3.742783055302530415e-01 4.913171172365513040e-01 4.913171172367742368e-01 5.688423827651142295e-01 5.688423827653824594e-01 7.601825119249587814e-01 7.601825119252082485e-01 7.927152318198225078e-01 7.927152318199907066e-01 8.342996948491975262e-01 8.342996948493124343e-01 9.669581549579128188e-01 9.669581549580541502e-01 1.052788837265609123e+00 1.052788837265712374e+00 1.095990516569993689e+00 1.095990516570103823e+00 1.137082262393863452e+00 1.137082262394029764e+00 1.207451865207461728e+00 1.207451865207578967e+00 1.296190449970507474e+00 1.296190449970556324e+00 1.318783891604094594e+00 1.318783891604127234e+00 1.549012370179399856e+00 1.549012370179586373e+00 1.655713977204206655e+00 1.655713977204230414e+00 1.851466525498257631e+00 1.851466525498299376e+00 1.924049410930025239e+00 1.924049410930055437e+00 1.932524080571122793e+00 1.932524080571191183e+00 1.941629587070087481e+00 1.941629587070138996e+00 1.959002872362304304e+00 1.959002872362324066e+00 2.055995549511067999e+00 2.055995549511078213e+00 2.143117095922955961e+00 2.143117095922999482e+00 2.235950796448866740e+00 2.235950796449028832e+00 2.314416287948853679e+00 2.314416287948869222e+00 2.529994059958406538e+00 2.529994059958457164e+00 2.617088054737466418e+00 2.617088054737532588e+00 2.883620209576450932e+00 2.883620209576548632e+00 3.054439705256038362e+00 3.054439705256112081e+00
3.693919114316215335e-01 3.696728060800644755e-01 3.762532005051382189e-01 3.840479470736410383e-01 4.928793649454579207e-01 4.966318888704577272e-01 5.984158677002360260e-01 5.985773080436881388e-01 6.071754952745859191e-01 6.233504989827339804e-01 6.564240944074610784e-01 6.623446438006055370e-01 7.466073517340884313e-01 7.616151511636153337e-01 8.910889453406360960e-01 9.014216435033981512e-01 9.317218417823690535e-01 9.317409005054753113e-01 9.389853333345576925e-01 9.390150491228731466e-01 1.031111146502585285e+00 1.032491906490267342e+00 1.143626661893083041e+00 1.143733251429934539e+00 1.181827938723485349e+00 1.186862917830145081e+00 1.214866065981616838e+00 1.214974963609035896e+00 1.429001107780919266e+00 1.441081345627416077e+00 1.526540923864641908e+00 1.535794522326105360e+00 1.743247808760557849e+00 1.751705702669860365e+00 1.806616694975254900e+00 1.806625535706501307e+00 1.807150346782673056e+00 1.807161668331953353e+00 1.925728573515070874e+00 1.925739660966048650e+00 1.956790591322099537e+00 1.960189825176670286e+00 1.960206646563803057e+00 1.962447691513018011e+00 2.058888287246926296e+00 2.059801743285156306e+00 2.143570562198539697e+00 2.146865995171055363e+00 2.277882297604585826e+00 2.286198298788983063e+00 2.345935279966031128e+00 2.348484853463130850e+00 2.546773092818810813e+00 2.551640770976994155e+00 2.815374650871200313e+00 2.819730958954877575e+00 2.873562414577368607e+00 2.876871072419383779e+00 3.073522902367306742e+00 3.077886236430989797e+00
3.601383755875032788e-01 3.693863979877234360e-01 3.696674663544897155e-01 3.738921984685041333e-01 5.090173752466674584e-01 5.146259606691283572e-01 5.984197264268279470e-01 5.985809564681437989e-01 6.067573006540091241e-01 6.227823255093610788e-01 6.555404379152607319e-01 6.627958703482337288e-01 7.420963565721374611e-01 7.583424244382144241e-01 8.899503098648704480e-01 9.004878216829128590e-01 9.318102249716839758e-01 9.318311587386165495e-01 9.388944566983861151e-01 9.389229646656365169e-01 1.027868921731334373e+00 1.029153174594528597e+00 1.143630381127872520e+00 1.143736985371967219e+00 1.188004124311395016e+00 1.193364279513795312e+00 1.214864484386893428e+00 1.214973395806988821e+00 1.425048374092135584e+00 1.437071527907669788e+00 1.526883558524195328e+00 1.536650932543336401e+00 1.744945597957382910e+00 1.753364245089425788e+00 1.806636573948915858e+00 1.806645877045217841e+00 1.807130422148194970e+00 1.807141503699183582e+00 1.925728574300652030e+00 1.925739661799936497e+00 1.954324093911149030e+00 1.959981634118540983e+00 1.960189809055331356e+00 1.960206631487825923e+00 2.056967791350563068e+00 2.060485604214004063e+00 2.141036848462269493e+00 2.144732962323509184e+00 2.276890122878500566e+00 2.285487054575785493e+00 2.358522426603457234e+00 2.363548043359992246e+00 2.549063759619987657e+00 2.553650318259347074e+00 2.769533768785399364e+00 2.777491437753880188e+00 2.905696873497268129e+00 2.909652114118039368e+00 3.073558341669669236e+00 3.079529181183711106e+00
3.370799318624411178e-01 3.556823938902382576e-01 3.693753715868884901e-01 3.696567873529149617e-01 5.395864273476811412e-01 5.446242265129945803e-01 5.984274432873418759e-01 5.985882527785119089e-01 6.054758980967154258e-01 6.210270683114060830e-01 6.528020692882193776e-01 6.640182151481711648e-01 7.315986291478268067e-01 7.510930146507287519e-01 8.876518498105424593e-01 8.986263074288495245e-01 9.319942535381359194e-01 9.320189969772456617e-01 9.387055027291484333e-01 9.387314133757010959e-01 1.022068527387863801e+00 1.023236622963710873e+00 1.143637819550236578e+00 1.143744453211366974e+00 1.200115469920645106e+00 1.206084257770878354e+00 1.214861320843652726e+00 1.214970259855189472e+00 1.416911049492812769e+00 1.428771169936019048e+00 1.527622461465283799e+00 1.538142229046000287e+00 1.748328420627235369e+00 1.756751106973297949e+00 1.806682086280760879e+00 1.806692651904387770e+00 1.807084650219037414e+00 1.807095250527073871e+00 1.925728575872168946e+00 1.925739663468046370e+00 1.949251344690902998e+00 1.954919900333045746e+00 1.960189776812551576e+00 1.960206601335593435e+00 2.054686770546966024e+00 2.060912788703916920e+00 2.136490122470555697e+00 2.140935993283270999e+00 2.275689429312027112e+00 2.284419226220769428e+00 2.385950651617298579e+00 2.392882059140966078e+00 2.556675714630301410e+00 2.560295094937953930e+00 2.708439939746031921e+00 2.717322041940560595e+00 2.939503461300509102e+00 2.940842404451659675e+00 3.073862773978764285e+00 3.082801602669881458e+00
3.275341471688486550e-01 3.477556999861308173e-01 3.693698586299029030e-01 3.696514480768747779e-01 5.548624482182155093e-01 5.594709352732176733e-01 5.984313014212881976e-01 5.985919006644833118e-01 6.042360222973304218e-01 6.195086687933814007e-01 6.506403472364995499e-01 6.649108701660064735e-01 7.253342212095446051e-01 7.470676636030610940e-01 8.864960246364526064e-01 8.977009397362585297e-01 9.320903007914317362e-01 9.321170171589582276e-01 9.386070104165187278e-01 9.386315194701085884e-01 1.019451627285186346e+00 1.020598740176315466e+00 1.143641538737894425e+00 1.143748187108818648e+00 1.206133239782817279e+00 1.212397400034988859e+00 1.214859738895090358e+00 1.214968691705390791e+00 1.412686779818902227e+00 1.424447969310842721e+00 1.528003397483620240e+00 1.538802665728072894e+00 1.750014377499308882e+00 1.758484579908862866e+00 1.806709201424187450e+00 1.806720735929906674e+00 1.807057207986895842e+00 1.807067624634888903e+00 1.925728576658103819e+00 1.925739664302270171e+00 1.946650111235407321e+00 1.952330693168623732e+00 1.960189760691112726e+00 1.960206586259340300e+00 2.053824150097812495e+00 2.061136560942436358e+00 2.134400567821675754e+00 2.139227069278672122e+00 2.275283160128915405e+00 2.284013740219007271e+00 2.400591673400831461e+00 2.408207154606545775e+00 2.563914997459829870e+00 2.566575035820950035e+00 2.678141906085369062e+00 2.687528437624571609e+00 2.951287542319250168e+00 2.951999081639156142e+00 3.074074726636413235e+00 3.084493995724051807e+00
5.375908047110885546e-01 5.375908047112455401e-01 6.257807593458548645e-01 6.257807593460013029e-01 6.894705782884303913e-01 6.894705782885649503e-01 8.393193789605083444e-01 8.393193789606432365e-01 8.406812544816295585e-01 8.406812544817187094e-01 8.589786505456945553e-01 8.589786505458338883e-01 9.337688749330338434e-01 9.337688749330749216e-01 9.408970002335218519e-01 9.408970002336630722e-01 1.048262673390479405e+00 1.048262673390594868e+00 1.067423646067486409e+00 1.067423646067649834e+00 1.227362408295067153e+00 1.227362408295208818e+00 1.268241849372291563e+00 1.268241849372355512e+00 1.418259183340385698e+00 1.418259183340459861e+00 1.478283792863071877e+00 1.478283792863153590e+00 1.502228662270884696e+00 1.502228662270892023e+00 1.604179604248943791e+00 1.604179604249001301e+00 1.620139612132874829e+00 1.620139612132943441e+00 1.724476043245882995e+00 1.724476043245978474e+00 1.794191161333866136e+00 1.794191161333932749e+00 1.821562874650571873e+00 1.821562874650640262e+00 1.902704090462334685e+00 1.902704090462381092e+00 1.989886870951834474e+00 1.989886870951901088e+00 2.094218258434406899e+00 2.094218258434456192e+00 2.140266804473917706e+00 2.140266804474005191e+00 2.193794650779419708e+00 2.193794650779429034e+00 2.411129454661711691e+00 2.411129454661753435e+00 2.473571742062958378e+00 2.473571742063044532e+00 2.572791584763517214e+00 2.572791584763522987e+00 2.805651630864850254e+00 2.805651630864865798e+00 2.966454616306089864e+00 2.966454616306111625e+00
5.364623209518517566e-01 5.411898378884958394e-01 6.153843708015609426e-01 6.341733535917731812e-01 6.826990851820046169e-01 6.900075758737577170e-01 8.304683706136632981e-01 8.361816723180979238e-01 8.394583558516468536e-01 8.485725862850826973e-01 8.607655682769100869e-01 8.630454842205722565e-01 9.352557310584036498e-01 9.392199258310253152e-01 9.419696049103420954e-01 9.426108726868395182e-01 1.043446004377247549e+00 1.047641163394047226e+00 1.062160628530524065e+00 1.075850321171300195e+00 1.216930413741080352e+00 1.236294901297533277e+00 1.265228487661657963e+00 1.271000859822448703e+00 1.414031828819709791e+00 1.418789789439865112e+00 1.476526069403265806e+00 1.480878844840498809e+00 1.502264037241380912e+00 1.502663482328660649e+00 1.571939955326341565e+00 1.608150182858745003e+00 1.613844135924465073e+00 1.652726427432527290e+00 1.709627197845257518e+00 1.744365391041001745e+00 1.789719570042796137e+00 1.796334754718013738e+00 1.823836043620002512e+00 1.827530379427538598e+00 1.894998945739704954e+00 1.898481583854259469e+00 1.990548977369670069e+00 1.993840365256786207e+00 2.092932515033417928e+00 2.094669691877885320e+00 2.131347266639566751e+00 2.144356784305009533e+00 2.177393666624670043e+00 2.222790983888914162e+00 2.397306653390200548e+00 2.416389018473585892e+00 2.463204601519671577e+00 2.488969730319693152e+00 2.559081474183650062e+00 2.577415461200508240e+00 2.806518389591408980e+00 2.813508375417250296e+00 2.960482796606804357e+00 2.968288074025113854e+00
5.370240239679296979e-01 5.462488591398635407e-01 6.056229716789010009e-01 6.388010044633944950e-01 6.746128785015265139e-01 6.864835994801532504e-01 8.239901587841115260e-01 8.328849185238144104e-01 8.352449616686102862e-01 8.556264186341399069e-01 8.646440018306084108e-01 8.665025001068216159e-01 9.393564393514568511e-01 9.411731698209427899e-01 9.486379550579240316e-01 9.508085890550396213e-01 1.038496293366714118e+00 1.039151953334505052e+00 1.063378865919334393e+00 1.082539519559709840e+00 1.207515114925073796e+00 1.242687099387099758e+00 1.262471925985542365e+00 1.273042174475253585e+00 1.408868548777030716e+00 1.416584142972928451e+00 1.476004482363957537e+00 1.484094740852774263e+00 1.500901539808576324e+00 1.503289337876998033e+00 1.544567049947400905e+00 1.607076460365019388e+00 1.613835332125690192e+00 1.670193722780536350e+00 1.711414576038808422e+00 1.761189963012280701e+00 1.783658853415284185e+00 1.797180086758834783e+00 1.834473488887893078e+00 1.838700845036157494e+00 1.879493390972725830e+00 1.885222507232796163e+00 1.993180508864587530e+00 1.999915488050758361e+00 2.090519837690914429e+00 2.094766213274626310e+00 2.121592334803699575e+00 2.145898265169289054e+00 2.171946408611442614e+00 2.256944363484575167e+00 2.372522689589678713e+00 2.418722599531800466e+00 2.462721401347915950e+00 2.501533250172518485e+00 2.542525954896432516e+00 2.575010594911582018e+00 2.812555677729482007e+00 2.825144434768824819e+00 2.952674529232375722e+00 2.967167079939006857e+00
5.375528382731086241e-01 5.489969947360741065e-01 6.011875234774514132e-01 6.398453626751567924e-01 6.713856044352315422e-01 6.844551272008974063e-01 8.216292205938382498e-01 8.318601088313490877e-01 8.333993739826823788e-01 8.591260782339246171e-01 8.651224411763643873e-01 8.676681029339186058e-01 9.407055791560019475e-01 9.415459661479875786e-01 9.533709474212918034e-01 9.557570785354944087e-01 1.034186975405790854e+00 1.036282439354829998e+00 1.064429492453672133e+00 1.085188972013675812e+00 1.203507437286631676e+00 1.245229292668837529e+00 1.261162084273437234e+00 1.273817100481108300e+00 1.406571867469687653e+00 1.415212391539145020e+00 1.476032834212492428e+00 1.486547019032524286e+00 1.498474591648632614e+00 1.503517878064538182e+00 1.535301013534449588e+00 1.606454045873159098e+00 1.613919904839971275e+00 1.671460794481659740e+00 1.718053995247623034e+00 1.769496331629943464e+00 1.778945228729330807e+00 1.797430405546136090e+00 1.843796438071000798e+00 1.848222177980814784e+00 1.867616492503312298e+00 1.875000068241414075e+00 1.994447956238769137e+00 2.002840532933009676e+00 2.088922183422805112e+00 2.094770475952263400e+00 2.117847630875777210e+00 2.146324701026187665e+00 2.170933857884004503e+00 2.276879665659945928e+00 2.355385267778832059e+00 2.419504156984600751e+00 2.464786743357707977e+00 2.506474082631106715e+00 2.534561790825658356e+00 2.572802842898716857e+00 2.815886385959740057e+00 2.830858865667159829e+00 2.948778122365757426e+00 2.966196460216682151e+00
5.740776762602640693e-01 5.748577068383258215e-01 5.891540644228897561e-01 5.892505029624358626e-01 7.026160492469430974e-01 7.045806579092586119e-01 7.096102455027583078e-01 7.117719026054455389e-01 8.573655793709080708e-01 8.577025048168689381e-01 8.617156407917346828e-01 8.628111301343676098e-01 9.992023035468715619e-01 1.001618726174897001e+00 1.019773133916176633e+00 1.021680123654486572e+00 1.184159819185330420e+00 1.185957622597206829e+00 1.189714714649404703e+00 1.190991901765035443e+00 1.220382974834115952e+00 1.220889414655818461e+00 1.247045915251845827e+00 1.248284354905408788e+00 1.263106483590744178e+00 1.263633049318745760e+00 1.283745510927374989e+00 1.283836415986436386e+00 1.504582541904927684e+00 1.504828076969018325e+00 1.521511341839050901e+00 1.522128140327193124e+00 1.619176315033088898e+00 1.620768043557483828e+00 1.728234748621464423e+00 1.728778344485064400e+00 1.910433935237920267e+00 1.911480082694467786e+00 1.937039258871470437e+00 1.937407892765879103e+00 1.986238121450700556e+00 1.986895857652620112e+00 2.000525938512222712e+00 2.000711091884166404e+00 2.039460433314676635e+00 2.040597890752082755e+00 2.049841228787098846e+00 2.050891573051081718e+00 2.236036992406209567e+00 2.236515305668086206e+00 2.345169138075294146e+00 2.346086941992954422e+00 2.453314858006715671e+00 2.453491799504792681e+00 2.510719104916238731e+00 2.510864576476927290e+00 2.787655518507342833e+00 2.787955905751851926e+00 2.927423881643128833e+00 2.928161006783430054e+00
5.685843909116374828e-01 5.694435521076484097e-01 5.813858732687570141e-01 5.824713842771118699e-01 7.048380816936912208e-01 7.078452586936289093e-01 7.214569322428548981e-01 7.235012639430260517e-01 8.602350326744874209e-01 8.605546351250357162e-01 8.640695946221376156e-01 8.649954738714003000e-01 9.906329466623378099e-01 9.931522549804603361e-01 1.013873006289232936e+00 1.016379610188159699e+00 1.184991102009812058e+00 1.187263135925624491e+00 1.188915234088502970e+00 1.190224027506537663e+00 1.225048173304954080e+00 1.225662941661653571e+00 1.246928436354352909e+00 1.248705906470337856e+00 1.265334389764478207e+00 1.266614737316869910e+00 1.282639123718173790e+00 1.282809316463664473e+00 1.505385594616391431e+00 1.505550327224782325e+00 1.520743451322523754e+00 1.521548518988242504e+00 1.618849732687986709e+00 1.620699784786548747e+00 1.727775644164787128e+00 1.728321216287169282e+00 1.912267364162067995e+00 1.913172459205493059e+00 1.930816561462808556e+00 1.931727985114823243e+00 1.986728187566240145e+00 1.987780208082264632e+00 1.999139402949278610e+00 2.000470870660040479e+00 2.043527767927864947e+00 2.044875333991839295e+00 2.050826815445083273e+00 2.051972316317967948e+00 2.234788321066310868e+00 2.235324821129231143e+00 2.343210402526744840e+00 2.344151563396131177e+00 2.460684473422997343e+00 2.461131972150688796e+00 2.504895051082813406e+00 2.505315346802938326e+00 2.788039916914152094e+00 2.788300457107784069e+00 2.927199928350114000e+00 2.927968806611437103e+00
5.638940039878928001e-01 5.651038830782307842e-01 5.740032805194886789e-01 5.753036032675078459e-01 7.106884555906420875e-01 7.135323091946069729e-01 7.293899215895202071e-01 7.309825169679934342e-01 8.640062500595093731e-01 8.641231666232328523e-01 8.664343434905007468e-01 8.671280641267640199e-01 9.822350511859120337e-01 9.847548231709849498e-01 1.007538097282421274e+00 1.010385236371826201e+00 1.185912771076753858e+00 1.187782033160260875e+00 1.189094931848470260e+00 1.189461370250501249e+00 1.229496496865174704e+00 1.230153947571377193e+00 1.246416764327569648e+00 1.248885535142192804e+00 1.268462684323828027e+00 1.270610511824965760e+00 1.280655352048015949e+00 1.281112950087132552e+00 1.506329393532614080e+00 1.506386522979565212e+00 1.519819753506403526e+00 1.520927541232400371e+00 1.618495297342220640e+00 1.620595860470309679e+00 1.727329531597363577e+00 1.727880485047389669e+00 1.916529208322900857e+00 1.917028366718108723e+00 1.922475307395234534e+00 1.924248924558646490e+00 1.986841367426815941e+00 1.988188837035701262e+00 1.998408441961628368e+00 2.000213537454568424e+00 2.048460276454600493e+00 2.050192271081043405e+00 2.050598578559151175e+00 2.051937090877834269e+00 2.233512114357228295e+00 2.234109137612898532e+00 2.341384474405618477e+00 2.342347828835030565e+00 2.470449921635136104e+00 2.471540118944085318e+00 2.496151288216968300e+00 2.497271089662515209e+00 2.788418277692313207e+00 2.788649914685564557e+00 2.926975406330069696e+00 2.927775823548293133e+00
