1.721324633755952072e-01 2.525531526933506021e-01 2.766961542795153273e-01 3.291391221093347141e-01 3.408537880214535520e-01 3.512374630641930673e-01 3.895157101320353421e-01 4.015733505101052314e-01 4.151266461636649030e-01 4.664074853842396506e-01 4.938404368810641598e-01 5.294783952675558014e-01 5.416430356853508821e-01 5.490057426447202404e-01 5.733410581116024085e-01 5.863847326723248266e-01 5.927540110507080184e-01 6.184740576923666300e-01 6.295490325630326289e-01 6.386154525342494503e-01 6.571649556050703778e-01 6.732110628825608289e-01 6.905731893826823065e-01 6.990520752316059516e-01 7.251184301680093647e-01 7.367835025525748538e-01 7.450595258743065719e-01 7.935574804852424391e-01 8.233928780710207951e-01 8.347977001516251327e-01 8.538014182437351218e-01 8.763772002380655346e-01 8.767350008269506612e-01 9.043327635941624809e-01 9.160927834171410655e-01 9.419873386715339469e-01 9.575418654435583488e-01 9.666356029311733433e-01 9.761726023427668153e-01 9.944545901151594647e-01 1.015013197117492494e+00 1.037708043991862672e+00 1.048003111709896240e+00 1.055358017939576065e+00 1.059825433373593917e+00 1.097194835117207390e+00 1.110565876178121192e+00 1.134012653440833907e+00 1.135009632190668860e+00 1.154647715567365340e+00 1.172188165305269036e+00 1.200991077882372471e+00 1.229076078367848046e+00 1.257071074809563926e+00 1.266379553093949006e+00 1.270384639216638911e+00 1.317196751732711890e+00 1.322491535740392132e+00 1.354321037938009287e+00 1.368216186700801362e+00 1.375752923461097010e+00 1.388478369280827796e+00 1.426820157511421661e+00 1.437769770095254307e+00 1.443955709514871621e+00 1.476704684811082524e+00 1.486466607072092883e+00 1.504333794715891237e+00 1.520955993256475347e+00 1.536512317452965126e+00 1.558572718306491245e+00 1.572589026079418195e+00 1.616463979171891108e+00 1.632430488166367821e+00 1.646132532940864701e+00 1.684090096533937597e+00 1.698136777417252441e+00 1.737957637390919352e+00 1.759851157706966429e+00 1.776563601066948994e+00 1.780089481630420023e+00 1.796889892622833607e+00 1.885603461947166881e+00 1.900538239042816935e+00 1.942206012758989742e+00 1.947415726242563760e+00 1.975393707145271849e+00 2.028874693622788161e+00 2.041834041072222661e+00 2.056043046703929011e+00 2.063952056480968356e+00 2.104293666868225277e+00 2.149926465847369794e+00 2.208690576410494710e+00 2.238360424244368652e+00 2.265170837620556821e+00 2.311906230534460427e+00 2.340398406210083326e+00 2.395570580946284611e+00 2.450855846819726125e+00 2.484156863058036624e+00 2.528069987503848370e+00 2.584033863163841538e+00 2.605938990859708149e+00 2.656591399144556220e+00 2.754012701040297273e+00 2.766673136315921600e+00 2.824807574463317650e+00 2.869968302619378075e+00 2.964791019946438677e+00 3.135761342519487016e+00 3.159660867223136105e+00 3.190142579932254474e+00 3.226283282511546169e+00 3.395155851897216248e+00 3.407894176470948722e+00 3.422064557821245856e+00 3.553403640503459027e+00 3.640332656557051294e+00 3.673506008473533591e+00
1.721507088900144367e-01 2.517438565362211111e-01 2.766838846404550689e-01 3.281034546592518364e-01 3.355449782769661660e-01 3.544119623426994492e-01 3.831280884921414720e-01 4.057858336235464769e-01 4.160672593086383597e-01 4.655660346463092458e-01 4.937147049559269529e-01 5.296254015418484506e-01 5.372015587736405084e-01 5.515848562958141077e-01 5.715824405439250411e-01 5.854493008166280488e-01 5.927684188948866284e-01 6.189507196507554321e-01 6.249779192730035016e-01 6.433181674658484672e-01 6.572784581035834295e-01 6.715929803447279189e-01 6.895990527550293070e-01 6.997523695553482526e-01 7.231937311103100452e-01 7.364680452567285984e-01 7.473987802549346693e-01 7.924146523839317169e-01 8.241304649239121760e-01 8.357020024688478488e-01 8.530741811828431720e-01 8.744899760922592025e-01 8.783466774779523645e-01 9.037576105252451697e-01 9.161126367276761773e-01 9.420720487053702019e-01 9.589760281249013474e-01 9.647691981110740889e-01 9.774240095738229162e-01 9.941269309855412795e-01 1.013089400603844226e+00 1.037481883550761985e+00 1.043354469550182184e+00 1.054501913136370428e+00 1.066001528048685199e+00 1.096506656138026337e+00 1.110816180719717883e+00 1.132239757870300290e+00 1.136012936249062744e+00 1.155866250649437710e+00 1.172851863722546462e+00 1.200855956535073155e+00 1.229075011821923136e+00 1.253454215034322194e+00 1.266154345325747776e+00 1.273654972958815357e+00 1.316375446788232928e+00 1.322263535998045691e+00 1.351381679483735221e+00 1.371047566169309784e+00 1.375935504730059433e+00 1.388622749840356496e+00 1.426268550041592142e+00 1.437576351275605013e+00 1.444125599340611021e+00 1.475966185638841521e+00 1.486141795050408332e+00 1.504020558018749343e+00 1.521003847784775376e+00 1.536413352845632518e+00 1.556847541417479386e+00 1.570803987416528269e+00 1.616621944206916517e+00 1.634347457080948196e+00 1.646944528048636558e+00 1.685545317425810152e+00 1.697903523144475013e+00 1.738230786911187042e+00 1.759508567030088733e+00 1.771656415926795125e+00 1.785715060266692467e+00 1.797164081930728630e+00 1.885027231162059280e+00 1.899812593837715724e+00 1.942196197608959451e+00 1.947736615198726096e+00 1.975265102936940353e+00 2.027305623747158059e+00 2.041648846974421172e+00 2.055778334264591223e+00 2.065017714661501635e+00 2.103677036728250904e+00 2.150346847961441377e+00 2.208344407447631497e+00 2.237300545044010214e+00 2.265454533337152743e+00 2.312395217266066005e+00 2.339973279997225042e+00 2.394219914878230604e+00 2.451767673147191129e+00 2.484019817398620766e+00 2.527732914168042910e+00 2.583739705871948455e+00 2.605825795561361513e+00 2.655524512570262452e+00 2.754490748900638053e+00 2.766232477952053959e+00 2.825031127718029555e+00 2.869727378708364363e+00 2.964513638184859801e+00 3.136400804794516439e+00 3.158688571384005161e+00 3.189668861850752712e+00 3.225378569752582081e+00 3.394789367122011736e+00 3.407905352345848904e+00 3.421901877141747317e+00 3.553398943515029718e+00 3.638824939402445224e+00 3.673369654830003661e+00
1.721356561410476715e-01 2.491168489279915743e-01 2.760072359297144895e-01 3.198546422463380279e-01 3.312178804386377018e-01 3.568045331765717365e-01 3.735947450361374877e-01 4.089107363433116538e-01 4.198274431647252003e-01 4.628401548722640979e-01 4.928504758458770452e-01 5.282374144331540844e-01 5.315212753919411615e-01 5.506567931349940492e-01 5.694377688795883019e-01 5.828173470851485405e-01 5.925233522254490515e-01 6.159788143109403702e-01 6.230354296313376228e-01 6.498915159236523520e-01 6.558714453205427564e-01 6.693764214651150013e-01 6.874827473924596255e-01 7.013514254023114347e-01 7.193243811400321652e-01 7.359897556340821989e-01 7.522174863829630409e-01 7.897860120525956873e-01 8.254688717843634560e-01 8.373506825606165105e-01 8.522227263219351867e-01 8.698539335921418036e-01 8.819706096840770337e-01 9.014518096009291881e-01 9.163466369828839886e-01 9.422491289551012672e-01 9.598625101682196625e-01 9.642629943158356198e-01 9.792723431352269303e-01 9.932901105066543890e-01 1.007777535414020598e+00 1.034596439974980076e+00 1.039666608555222860e+00 1.055015836127398465e+00 1.073374726707297722e+00 1.094768093662889408e+00 1.110877682517827036e+00 1.130253522296903679e+00 1.137972327275186046e+00 1.157018402872223461e+00 1.175651972419805125e+00 1.200514080230489222e+00 1.228425815339346361e+00 1.248513037719161556e+00 1.264303779789873294e+00 1.278785246709586820e+00 1.313286062658754805e+00 1.322102262245341553e+00 1.346983711004349660e+00 1.373303013635029046e+00 1.378095704893026241e+00 1.389242156973519826e+00 1.424917092861172518e+00 1.436788631040176734e+00 1.444736096001803416e+00 1.473935556440108208e+00 1.485249791334110059e+00 1.503270316778586801e+00 1.520871728379831866e+00 1.535009817874437354e+00 1.553791986803432001e+00 1.566574697646297976e+00 1.617332163429492153e+00 1.638760393093706691e+00 1.649006670539576280e+00 1.689188323272579506e+00 1.697722040024195689e+00 1.739013618258204774e+00 1.758174851511729031e+00 1.766807636361932055e+00 1.792139249631379716e+00 1.798866053868499959e+00 1.883344872150044313e+00 1.897735878228278272e+00 1.942137631413347831e+00 1.948613857920731496e+00 1.974836886902520794e+00 2.023220426070083899e+00 2.040928654529133635e+00 2.055103227462804494e+00 2.067572538371452495e+00 2.102052212445347124e+00 2.151566157880442365e+00 2.207318488411901480e+00 2.234498965540598903e+00 2.266012949362772755e+00 2.313752878946754521e+00 2.338753958173517500e+00 2.390231136010882551e+00 2.454426505071503062e+00 2.483548684403512841e+00 2.526710078766132295e+00 2.582765552530616571e+00 2.605537293373812791e+00 2.652461955838087970e+00 2.755224810134165647e+00 2.765769789572821047e+00 2.825649832761938374e+00 2.869041927575478379e+00 2.963658835832905236e+00 3.138078439691096566e+00 3.155940843289503750e+00 3.188264135148719980e+00 3.222678852037102359e+00 3.393703010781991214e+00 3.407845584188740506e+00 3.421456127394510105e+00 3.553383742904109965e+00 3.634326586667674164e+00 3.673006963302749117e+00
1.718658557178227853e-01 2.441760293719894281e-01 2.730439297746058980e-01 3.056678915555626208e-01 3.285465463424214749e-01 3.540878485528070607e-01 3.675525379094983225e-01 4.099792788174415059e-01 4.238672545843839568e-01 4.576608324874503753e-01 4.900553633014320676e-01 5.219701946014908556e-01 5.288662658149877460e-01 5.434561832322575281e-01 5.670632124489719539e-01 5.802551077690654147e-01 5.916675391219327063e-01 6.112213609893496491e-01 6.261327985830807963e-01 6.506615089146325914e-01 6.557488213869568927e-01 6.699203094796197799e-01 6.851367681160336343e-01 7.039980710732359759e-01 7.157227306208059359e-01 7.355157748108559490e-01 7.574438291838093695e-01 7.871219612864085446e-01 8.256126034604721609e-01 8.383430035878014497e-01 8.525200077406948074e-01 8.644010943332817165e-01 8.855891420363852795e-01 8.971091171129416120e-01 9.170661520053816629e-01 9.421903565539091474e-01 9.572494192429150672e-01 9.688191786051839616e-01 9.796194287916271115e-01 9.925539744352073201e-01 1.001576660297678334e+00 1.030216244091141320e+00 1.040012524811807726e+00 1.055934256506859903e+00 1.077545765234088293e+00 1.093226296290717325e+00 1.110121142867778188e+00 1.129523171224523725e+00 1.140874136736849342e+00 1.157046064264881657e+00 1.180378730980865321e+00 1.200135937365516048e+00 1.225922575163880479e+00 1.246020254082094159e+00 1.260915522573442527e+00 1.282138946231941024e+00 1.307911551423798890e+00 1.321667928080662247e+00 1.344324783091926712e+00 1.373010511437114278e+00 1.380134008281560298e+00 1.390715223618050667e+00 1.423395667756018890e+00 1.435023263900060853e+00 1.446068209625128720e+00 1.471172971720767553e+00 1.484020020479841273e+00 1.502055145550570403e+00 1.519921086358349438e+00 1.531469974608982376e+00 1.552463862282178031e+00 1.562568420701854199e+00 1.618706573049602415e+00 1.643285946504929873e+00 1.651956438449450726e+00 1.691967610899221652e+00 1.699988417575015287e+00 1.740227571615980517e+00 1.755153754520720311e+00 1.764429113855846554e+00 1.794632427892624449e+00 1.805004954155005503e+00 1.880683664986971593e+00 1.894561729465296995e+00 1.941969728375773085e+00 1.949791282896492728e+00 1.974006913044298095e+00 2.017636166847023294e+00 2.039586247186478296e+00 2.054087510869919253e+00 2.070408412282838562e+00 2.100115472955899509e+00 2.153442604997368282e+00 2.205660215180989869e+00 2.230724309939101424e+00 2.266302788679193103e+00 2.315652690352098197e+00 2.336944465719151154e+00 2.383845873170497232e+00 2.458428972880464247e+00 2.482651059929540160e+00 2.525046349837825499e+00 2.580924897509773164e+00 2.605136527365753629e+00 2.647814946802873770e+00 2.754236288792886622e+00 2.767606577443572746e+00 2.826526054197935345e+00 2.868048665013503307e+00 2.962164571545947478e+00 3.139757776738582251e+00 3.152292567328365269e+00 3.185954835395684359e+00 3.218247514210379023e+00 3.391904255134105650e+00 3.407493093015597996e+00 3.420847067642950989e+00 3.553354637256612936e+00 3.626953006756106213e+00 3.672515029885274451e+00
1.709331434091098390e-01 2.363199898562854950e-01 2.663804945085005982e-01 2.894591606026505337e-01 3.223379038335906221e-01 3.479517572788582425e-01 3.656775280501169956e-01 4.107989730564535757e-01 4.243567888890958928e-01 4.502684072562644912e-01 4.842845826726703273e-01 5.151838601737664947e-01 5.217675483507747680e-01 5.360664904067030667e-01 5.602825954631900363e-01 5.787175720729914596e-01 5.921956663208458593e-01 6.094846229865267251e-01 6.289867036483455243e-01 6.470064025220172432e-01 6.578415026533923626e-01 6.730591715639461237e-01 6.829896621703659410e-01 7.076918788004300520e-01 7.137529048895686623e-01 7.352308233367050860e-01 7.623014443481871405e-01 7.854902527888389940e-01 8.239222351604574834e-01 8.386813901655545411e-01 8.511265658423365910e-01 8.612562754037786927e-01 8.854096321156820215e-01 8.945031937486923601e-01 9.179800991076985106e-01 9.415037204813840876e-01 9.551188809530813950e-01 9.728793084406111014e-01 9.772662812479794292e-01 9.908341059877958656e-01 1.000290741617445134e+00 1.027680202783016972e+00 1.041189529368532263e+00 1.056844469537353115e+00 1.077085338496066358e+00 1.093616613961996498e+00 1.109653585126312736e+00 1.128447271039211497e+00 1.143128342408280096e+00 1.159141825242173240e+00 1.185011684794208930e+00 1.199962780218968961e+00 1.221946808335224732e+00 1.245463820862394488e+00 1.256312628544087096e+00 1.283168629254957560e+00 1.301704114530070733e+00 1.319825696981075769e+00 1.343098925275909350e+00 1.372232438021141920e+00 1.379593075116296585e+00 1.391882233716673190e+00 1.422474729038474273e+00 1.431646896703949290e+00 1.448474576234073830e+00 1.468442598316988201e+00 1.482707147536099557e+00 1.499697112762510498e+00 1.517695803442119518e+00 1.529495603903691325e+00 1.550663993317140665e+00 1.562446778622171184e+00 1.620539535028096223e+00 1.646185031030431567e+00 1.655965819575413667e+00 1.691930158921750582e+00 1.705621677660451141e+00 1.741795407602462209e+00 1.751145381173488502e+00 1.764298357229595160e+00 1.794898592944579319e+00 1.813425969520154224e+00 1.877229725206985389e+00 1.890616228965159573e+00 1.941612686883511296e+00 1.950864905685806505e+00 1.972695422555849509e+00 2.011223734382936001e+00 2.037838023009281851e+00 2.052611634052661227e+00 2.072517101253213756e+00 2.098906544447304512e+00 2.155714107665036572e+00 2.203479020762346696e+00 2.226652442776675400e+00 2.265934617014780272e+00 2.317514222522287781e+00 2.335013070342258246e+00 2.375535007023707568e+00 2.462648972491631838e+00 2.481479501241603547e+00 2.523043302904762974e+00 2.578133903523909698e+00 2.604501281664497458e+00 2.642249624955557596e+00 2.751168665022922788e+00 2.772343752594127242e+00 2.827445645766503812e+00 2.867043369476774739e+00 2.959945167428130297e+00 3.138247972704158784e+00 3.150785436386791982e+00 3.182714335472095701e+00 3.212279062234002502e+00 3.389347244400005899e+00 3.406634734297323774e+00 3.420232170324976284e+00 3.553304889404051092e+00 3.616973119517769675e+00 3.671976774859947223e+00
1.686540213842298852e-01 2.251744855963292158e-01 2.558930534539597956e-01 2.724865616791446454e-01 3.116093796752889555e-01 3.408720178557987368e-01 3.649442543601249533e-01 4.077059246545074456e-01 4.198803571236420229e-01 4.441120721183603459e-01 4.759997197367663024e-01 5.044725128260919567e-01 5.144745567936067632e-01 5.284541823194492949e-01 5.546095566664749343e-01 5.761330063888175923e-01 5.947083938613905163e-01 6.088745944770019847e-01 6.277402572287480442e-01 6.477440554603783873e-01 6.584685167467012601e-01 6.770961591077367947e-01 6.823661737028339225e-01 7.092009271996941866e-01 7.165415142863517106e-01 7.355472214691761712e-01 7.663098202287726979e-01 7.854083497388852919e-01 8.215229904774399294e-01 8.379554812699994137e-01 8.466831943475963129e-01 8.610881735234897638e-01 8.803385321108363470e-01 8.968750894224820636e-01 9.180929764866005982e-01 9.400186120020781466e-01 9.531631855637172634e-01 9.700076060012443602e-01 9.777009957039092258e-01 9.894295334014379106e-01 1.004153849577584134e+00 1.027072080787063690e+00 1.043364979302293882e+00 1.057330384709186166e+00 1.073783423803735593e+00 1.095174598263955135e+00 1.110470740475108631e+00 1.125898277938749859e+00 1.144005686224336626e+00 1.164397788421962066e+00 1.187987065246811857e+00 1.200287960482295579e+00 1.218077096159253081e+00 1.244669741226360982e+00 1.251276560570125929e+00 1.282042420774334168e+00 1.296238981705287285e+00 1.316713106919233267e+00 1.341358932049154351e+00 1.370839996576183273e+00 1.377495450574063307e+00 1.391543298196406653e+00 1.422468106474173988e+00 1.426714402566760409e+00 1.450833327106347603e+00 1.466675911079642347e+00 1.481500078458426239e+00 1.496466816772265229e+00 1.515592433837131159e+00 1.530405760390970205e+00 1.548858430523562424e+00 1.565892472104841726e+00 1.622492396239299639e+00 1.647413335408095092e+00 1.660605788111243264e+00 1.690935495444896963e+00 1.711588989689045048e+00 1.743340931869726163e+00 1.747803094836552384e+00 1.765566123670344156e+00 1.794686588206831468e+00 1.821867686130785424e+00 1.873223231058690708e+00 1.886287939027726290e+00 1.940934019444388259e+00 1.951317942951638962e+00 1.970978540107175325e+00 2.004362238607432900e+00 2.036038003628241722e+00 2.050568438829710072e+00 2.073546376591702156e+00 2.099159199810036291e+00 2.158005952100162883e+00 2.200979284674769332e+00 2.222725838048556835e+00 2.264736785212326353e+00 2.318383588482568314e+00 2.333841481368517989e+00 2.366002045438266421e+00 2.464729207281010748e+00 2.480974030852650003e+00 2.521426178592134804e+00 2.574535699225591667e+00 2.603220046909086705e+00 2.636631648450284526e+00 2.747192229338382141e+00 2.778733590819372878e+00 2.828095662014532774e+00 2.866523563744158842e+00 2.956914639111100751e+00 3.131981538817596888e+00 3.152887685199469825e+00 3.178345423421789384e+00 3.205305984477834880e+00 3.385930996546794969e+00 3.405209616467685052e+00 3.419725973577521394e+00 3.553218815288671006e+00 3.604829003356801564e+00 3.671441713592408895e+00
1.638814982993093139e-01 2.109481546407777075e-01 2.417583545805536138e-01 2.570764025903400918e-01 2.980937052831316714e-01 3.309328029691110395e-01 3.600138120835797984e-01 3.946457116859467540e-01 4.171183920055714922e-01 4.404295691199779372e-01 4.682889560803432105e-01 4.900275032404126652e-01 5.096013791086851930e-01 5.216966248523264849e-01 5.504813854671545270e-01 5.730388922302178667e-01 5.978299864137780473e-01 6.064206942193544059e-01 6.244264301004928130e-01 6.497656672542613254e-01 6.611878515530068556e-01 6.768541249248581915e-01 6.875176383672068070e-01 7.095231149350909039e-01 7.221463178875988653e-01 7.368568747664021590e-01 7.692715695483967053e-01 7.870035164358196722e-01 8.193123364518054563e-01 8.363581855354016437e-01 8.423235157943684825e-01 8.609793771767572101e-01 8.761292264034772348e-01 9.003015096727221556e-01 9.162950186695641985e-01 9.378581523839758516e-01 9.520408611155515288e-01 9.636623144018762188e-01 9.781056937325601774e-01 9.906480615086705743e-01 1.008959893577592082e+00 1.027758557587420629e+00 1.047548531205858335e+00 1.056882549020337958e+00 1.070167891672373139e+00 1.096747400736332256e+00 1.111980219751357746e+00 1.122856813012993449e+00 1.144980699929536438e+00 1.169950226982192198e+00 1.188714204432590460e+00 1.201303299275608749e+00 1.215293330642579273e+00 1.241822133536979011e+00 1.247207668066038000e+00 1.279693605804171241e+00 1.291779490753518944e+00 1.313182700682816506e+00 1.338042116124409153e+00 1.367828950177904845e+00 1.374834159292793512e+00 1.390445461258442039e+00 1.419931532338670976e+00 1.424054562277654146e+00 1.450607011170735650e+00 1.466924343918815099e+00 1.480896185651685570e+00 1.494092380730036140e+00 1.513576883517230298e+00 1.532617677608140383e+00 1.550639953768275126e+00 1.570580601569636636e+00 1.624176600395103920e+00 1.647736437250979069e+00 1.665102030431524049e+00 1.689469595641566180e+00 1.716486963169916447e+00 1.742616258484617209e+00 1.748008579299684673e+00 1.767872112144790009e+00 1.794489967150272314e+00 1.829055019323691633e+00 1.868976163277630720e+00 1.882178082383648920e+00 1.939724450757548624e+00 1.950617895727572160e+00 1.969150884715864303e+00 1.997347168918270244e+00 2.034487024510960307e+00 2.048174003935604670e+00 2.073971349487514715e+00 2.100637213143497384e+00 2.159869167785632094e+00 2.198465918182615386e+00 2.219182796863371276e+00 2.262716672336529733e+00 2.317244190895765943e+00 2.334248669136844700e+00 2.356296517749964625e+00 2.462243417058537442e+00 2.482077366816237696e+00 2.521135071177324161e+00 2.570466091749682658e+00 2.600750974459768550e+00 2.631865985853311773e+00 2.742906873777211540e+00 2.785701887469383298e+00 2.828134501937302314e+00 2.867103548915492350e+00 2.953018902722517769e+00 3.123626631132868869e+00 3.155771053353035871e+00 3.172300403219830311e+00 3.198565299244122695e+00 3.381556867273519451e+00 3.403352851226588704e+00 3.419351257100714747e+00 3.553048405310896385e+00 3.591137786147385658e+00 3.670938250565221939e+00
1.549817290495179301e-01 1.937062093742303037e-01 2.258739576704461016e-01 2.453673424450714124e-01 2.834685515273808742e-01 3.161418893663290874e-01 3.398625982993152550e-01 3.875199682143908309e-01 4.124179527303787895e-01 4.372312639868417561e-01 4.634831676703715653e-01 4.770250395091374385e-01 5.048572213691603361e-01 5.171961855196320901e-01 5.462810430362379233e-01 5.698080575390452873e-01 5.983075256188561397e-01 6.021075150127053188e-01 6.242962519926149589e-01 6.496360875454160189e-01 6.651182049969406318e-01 6.764139349060120932e-01 6.947488584824551561e-01 7.104977560900128664e-01 7.271864987151724913e-01 7.393579497810075507e-01 7.719940628090550261e-01 7.900433211153454760e-01 8.174434579623915953e-01 8.345332181787901149e-01 8.400867680745016663e-01 8.608925921110177626e-01 8.738995177468498188e-01 9.031979279128150573e-01 9.119892906095257157e-01 9.363819353561070313e-01 9.512283531301669592e-01 9.593944266054851289e-01 9.763848709401832249e-01 9.916997816692793011e-01 1.013267829427820121e+00 1.029018981677730871e+00 1.053168378264454752e+00 1.056210542640904526e+00 1.067233065549173521e+00 1.098562388474892293e+00 1.112020512621472834e+00 1.121835433743263666e+00 1.146494615976722864e+00 1.173244162398065171e+00 1.188032549800602800e+00 1.202602208445088916e+00 1.213457968292386058e+00 1.237267998332616248e+00 1.244596262414384924e+00 1.277515210006468394e+00 1.287634599466272345e+00 1.310008323558056409e+00 1.333324251612894473e+00 1.363177170680452743e+00 1.371914925222844861e+00 1.389321723183442492e+00 1.414401118868806151e+00 1.424253399651643770e+00 1.448180855059774341e+00 1.468034854683984536e+00 1.481556413068679579e+00 1.492918742181595704e+00 1.510954980552248861e+00 1.535500145867334076e+00 1.556718181725392780e+00 1.575821869245948470e+00 1.625264557201296700e+00 1.647635298518681735e+00 1.668854471520492933e+00 1.687751515267044367e+00 1.719937397251321443e+00 1.740950747759558492e+00 1.750538563604417064e+00 1.770949157721675604e+00 1.794717412454348571e+00 1.833281495084490231e+00 1.864776005774102519e+00 1.879463566838360578e+00 1.937754315978701181e+00 1.948524636412006350e+00 1.967456453982423525e+00 1.990596976780650174e+00 2.033310242558806102e+00 2.046014005601492602e+00 2.074413841773905975e+00 2.102551683883179923e+00 2.160868506991761251e+00 2.196279869691994069e+00 2.216113032303569153e+00 2.260074129301606227e+00 2.313985826125303458e+00 2.335241817796890551e+00 2.348467873351276936e+00 2.455817222779042464e+00 2.483468284914343016e+00 2.522494017567548319e+00 2.566391974072419480e+00 2.596855032277008313e+00 2.628529680025894599e+00 2.738498778634449238e+00 2.792232212230105759e+00 2.827500431160790306e+00 2.869214998476539158e+00 2.948276883780243551e+00 3.114577287548652595e+00 3.157407004318664168e+00 3.164058434214377158e+00 3.194039116710092774e+00 3.376223412488568609e+00 3.401293359338755540e+00 3.419076274238124658e+00 3.552603542550926363e+00 3.576772296999534362e+00 3.670485755595090271e+00
1.408354401156715063e-01 1.723055700491493702e-01 2.132089771492052532e-01 2.369902658577263121e-01 2.684510061904582523e-01 2.909980523865752233e-01 3.151907931644207794e-01 3.864722102679259419e-01 4.042301857653651243e-01 4.344164847730485057e-01 4.570845634689419956e-01 4.715218854960264161e-01 4.996933817443770520e-01 5.144345953155557982e-01 5.426980030452759340e-01 5.658142673673162149e-01 5.910644953769962351e-01 6.018141533077197014e-01 6.276831089748461379e-01 6.484076613971907488e-01 6.651330495555480837e-01 6.800788966677481229e-01 7.016973892695929083e-01 7.115148625455467446e-01 7.307777690954910810e-01 7.428991348363045422e-01 7.761694270251620065e-01 7.935183835079587800e-01 8.162838120629209993e-01 8.313305112760189797e-01 8.429348300632353297e-01 8.614742211363404234e-01 8.730293033181529827e-01 9.029289737354886380e-01 9.075521874251825105e-01 9.370015722520477208e-01 9.480585391227874803e-01 9.605094708027764883e-01 9.735433197411219597e-01 9.909265602560509700e-01 1.014621591565705083e+00 1.031657044234309373e+00 1.052821107887491392e+00 1.060466100813998391e+00 1.066533059318552246e+00 1.100843725724055311e+00 1.110030194436934625e+00 1.123671280705019981e+00 1.148211769027602580e+00 1.173256220503696712e+00 1.187614154389919241e+00 1.202921054954412261e+00 1.211587188280899285e+00 1.232842579230904345e+00 1.243126873936450272e+00 1.276056690225198631e+00 1.283986625777524093e+00 1.307802717000877024e+00 1.327660282448790197e+00 1.358520094312889892e+00 1.367991448524888298e+00 1.388204821478709716e+00 1.409577719931117690e+00 1.423936350168978571e+00 1.445499075151427615e+00 1.468564654912210221e+00 1.482711025865755872e+00 1.492517657506616802e+00 1.508465896621768110e+00 1.539105332877104049e+00 1.564910379660087392e+00 1.581643136474943701e+00 1.625645918601142936e+00 1.647221875321025930e+00 1.671292963534878329e+00 1.686410255195726737e+00 1.721989706353806326e+00 1.740390015852417926e+00 1.753144349637616894e+00 1.774423206482056203e+00 1.795726318052416115e+00 1.832919078222486453e+00 1.860477360457891249e+00 1.879759619888178301e+00 1.934980559604178252e+00 1.945318781104226513e+00 1.965692468566108797e+00 1.984762903985912930e+00 2.032452531151368813e+00 2.044689897238620269e+00 2.075116360802187199e+00 2.104265162873617534e+00 2.160744521671051910e+00 2.194662512140054922e+00 2.213480013415040304e+00 2.257251424535141826e+00 2.308912168525325548e+00 2.333185855327577940e+00 2.346688533041407787e+00 2.447168889302057337e+00 2.484090430021053564e+00 2.524537571658533874e+00 2.562937913919664634e+00 2.591920070049269942e+00 2.626576102852004713e+00 2.734026852699734444e+00 2.797180984093026179e+00 2.826767194266092798e+00 2.872806921052953655e+00 2.942821920856777407e+00 3.105511986890911569e+00 3.151186715577385833e+00 3.159205655991404349e+00 3.193140652083320763e+00 3.370100429392501873e+00 3.399227473266716704e+00 3.418870037172033083e+00 3.550775128223615074e+00 3.563605104764778542e+00 3.670098228945982033e+00
1.220474468323305139e-01 1.467843663920490038e-01 2.049113261802498198e-01 2.297719691495426486e-01 2.466471371417786052e-01 2.629314805513185971e-01 2.986161477418090571e-01 3.825754365851450345e-01 3.971303852493613396e-01 4.314306527819525838e-01 4.489607542708321519e-01 4.724434245449144476e-01 4.942752084881048558e-01 5.126801384985797405e-01 5.401909929102129970e-01 5.611150596745869690e-01 5.837965200918607822e-01 6.002418877295325750e-01 6.323272038845172416e-01 6.464258878068802616e-01 6.633991457555931115e-01 6.856442902805800488e-01 7.075817655581239096e-01 7.121310381635680420e-01 7.335049442148195986e-01 7.467437761052145850e-01 7.820886971997582648e-01 7.961138650938768269e-01 8.156539109352822781e-01 8.306237518093529948e-01 8.485586760797571015e-01 8.627992046719655805e-01 8.731679256345841189e-01 8.958959281136730235e-01 9.087285159176528015e-01 9.383638586431757300e-01 9.449417062816890533e-01 9.646525900740543502e-01 9.705513793347226859e-01 9.886419228034463158e-01 1.011991241170101086e+00 1.034547551172877888e+00 1.052158507448479163e+00 1.059863853604325667e+00 1.071535952618541288e+00 1.102548051057444578e+00 1.108831252038916082e+00 1.126665597343469827e+00 1.149553057555489533e+00 1.171250425012265728e+00 1.187877418395545170e+00 1.200521318948389871e+00 1.209580006063530666e+00 1.229339013814001902e+00 1.242873908234488622e+00 1.274788699289142180e+00 1.281846106744038316e+00 1.307183053895162761e+00 1.321734363632390608e+00 1.354686096435218756e+00 1.363226017494747699e+00 1.386463189599532964e+00 1.406273793149889428e+00 1.423280088431768675e+00 1.442834910588136621e+00 1.468577270086358633e+00 1.482694619322139529e+00 1.493119419216711208e+00 1.506977442276176582e+00 1.543212855764546365e+00 1.572647056157885803e+00 1.588079574610689049e+00 1.625523065157632008e+00 1.646425978470345219e+00 1.672303071939651886e+00 1.685980404267818589e+00 1.722811284078961114e+00 1.741240459846792765e+00 1.755312657379389352e+00 1.777819909220901495e+00 1.797638382531735690e+00 1.828283100138996531e+00 1.855770237966421154e+00 1.883134858307601522e+00 1.931760604615083254e+00 1.941491204484423472e+00 1.963451464743676711e+00 1.980487385673316947e+00 2.031791906312401697e+00 2.044468880572229530e+00 2.076032903644094318e+00 2.105477181613268911e+00 2.159567285328708675e+00 2.193656251716730843e+00 2.211109461082903849e+00 2.254925968979111239e+00 2.302303428438416066e+00 2.329141783510103370e+00 2.350127070830323017e+00 2.437627528355586826e+00 2.484078349083517878e+00 2.525549234481163197e+00 2.560867428985419192e+00 2.586690986771627010e+00 2.625580891621731805e+00 2.729573956338392282e+00 2.799465513285722018e+00 2.826960412449766036e+00 2.877386013314512603e+00 2.936926684971681301e+00 3.096921416774161884e+00 3.138507520492195280e+00 3.157433494216230763e+00 3.195512587799483217e+00 3.363533180242936460e+00 3.397278616095253945e+00 3.418718533187569353e+00 3.542860589014590111e+00 3.557140553553049589e+00 3.669783554452000107e+00
1.000682802596019050e-01 1.188033428238664674e-01 1.918675235501857146e-01 2.066400130723950179e-01 2.300396768589000607e-01 2.520720958876209172e-01 2.879114548330628520e-01 3.732130014766775195e-01 3.939917659774231917e-01 4.281560330767529288e-01 4.428207703885698177e-01 4.739329429344045219e-01 4.892761095514722713e-01 5.115210458527806869e-01 5.384848807240550927e-01 5.573918984239945029e-01 5.778916367821689271e-01 5.972577188717064223e-01 6.350970327178213637e-01 6.442027371447319739e-01 6.634406866130101443e-01 6.906205073710643960e-01 7.111732001075951048e-01 7.139144803827526253e-01 7.361175615960156016e-01 7.498819771800238065e-01 7.867227312491705815e-01 7.988423925324604769e-01 8.155276618119812193e-01 8.341292793000568695e-01 8.535399655299306110e-01 8.653895899743475617e-01 8.745613340887569143e-01 8.890191072291300234e-01 9.120331914603297951e-01 9.363114493270835448e-01 9.458396869878102908e-01 9.654118800882216522e-01 9.719396025949265105e-01 9.853977652202480231e-01 1.007401433879556274e+00 1.034582762722948246e+00 1.052311747904215666e+00 1.059035573031283928e+00 1.075807661996141418e+00 1.101717715641280515e+00 1.111093605775324233e+00 1.129684361049146046e+00 1.150297327744500331e+00 1.169177895155142144e+00 1.188026504392295069e+00 1.195310177964687526e+00 1.208725007063295331e+00 1.226829477441945482e+00 1.243197530112050808e+00 1.271705047926721344e+00 1.282514893778426535e+00 1.308513458940030461e+00 1.316662158109709546e+00 1.351357953470323281e+00 1.358612046780480309e+00 1.383559424306874286e+00 1.404862066945999688e+00 1.422716243615459453e+00 1.439786843472370625e+00 1.468355452883949530e+00 1.481348538963535910e+00 1.494317313013034276e+00 1.506763117556567222e+00 1.547394893096889490e+00 1.578693296834584148e+00 1.594170845989002272e+00 1.625364575741094830e+00 1.645346662992476228e+00 1.672643563908495334e+00 1.686204900213786662e+00 1.722628804346763465e+00 1.743375090234061675e+00 1.756946539258968931e+00 1.780689813491358908e+00 1.800193593264706404e+00 1.821370087232313972e+00 1.850893627097450533e+00 1.887843144533059014e+00 1.928679461320917499e+00 1.937538165638329701e+00 1.960794783922616524e+00 1.977825207446621603e+00 2.031258629673157401e+00 2.045218534856690251e+00 2.077001584359655428e+00 2.106162543377754659e+00 2.157712296308726518e+00 2.193169706917260875e+00 2.208748886462846173e+00 2.253837186596733044e+00 2.294846588485522254e+00 2.326059305523088927e+00 2.355166506159608986e+00 2.428292203634172974e+00 2.483821749067187667e+00 2.524329042651600297e+00 2.560614335849282774e+00 2.581832841616697571e+00 2.625139325552616310e+00 2.725317748290964737e+00 2.798940479809340243e+00 2.828498599835595595e+00 2.882282869645615087e+00 2.930996794100010572e+00 3.089218619012349620e+00 3.125356932535267696e+00 3.154986954431148849e+00 3.199781418532706034e+00 3.356992661180176363e+00 3.395524211669084025e+00 3.418616005444009787e+00 3.531062108626755958e+00 3.555962594671369548e+00 3.669542626510716499e+00
7.603107970750708211e-02 8.969132661401976736e-02 1.491863668875814397e-01 1.962798876080026622e-01 2.255559682000600752e-01 2.477510054119199390e-01 2.833414290061767593e-01 3.626541080450787491e-01 3.925771352688997573e-01 4.241390541790369118e-01 4.392053403059617001e-01 4.708825292554855158e-01 4.880574198136719555e-01 5.112084037366381173e-01 5.377687788978965377e-01 5.557094051821488412e-01 5.729478617338710222e-01 5.935184128693768990e-01 6.338443148792083370e-01 6.425235672507618734e-01 6.667964386747388117e-01 6.937919839140052058e-01 7.124863102110267077e-01 7.180624094263735602e-01 7.382828369109362132e-01 7.518230250508146639e-01 7.862392634359217647e-01 8.043465613504672262e-01 8.176696593088619291e-01 8.387365804214144127e-01 8.539985141709462990e-01 8.698230454329158867e-01 8.784432218795836800e-01 8.850224690733093924e-01 9.176704823959295210e-01 9.322636224016975781e-01 9.486091134616571052e-01 9.627989808806286520e-01 9.752681516952601548e-01 9.822001471483751134e-01 1.003589572479878234e+00 1.031426784638815430e+00 1.050277160396878573e+00 1.061256467332627906e+00 1.077195876480331549e+00 1.100161574287686017e+00 1.114884225098774717e+00 1.131559955688339336e+00 1.150902811714069163e+00 1.168083683053403599e+00 1.185602622001434625e+00 1.192058996168158247e+00 1.209312193618008013e+00 1.225050999618638947e+00 1.243224498274667855e+00 1.266516950588636004e+00 1.284849257138454437e+00 1.310584481599509798e+00 1.314342901780121808e+00 1.348312554622849824e+00 1.354637708461839951e+00 1.380198355230811247e+00 1.404694920231788879e+00 1.422427061707652873e+00 1.436461732843501204e+00 1.468074554204649163e+00 1.479446651797714507e+00 1.495162293934462205e+00 1.507738056767573553e+00 1.551162681869649784e+00 1.583263139756325710e+00 1.598167140831539657e+00 1.625728823538734380e+00 1.644243703990002192e+00 1.673086665282049967e+00 1.686680846170556913e+00 1.721792845376689085e+00 1.746287387457957418e+00 1.758056386085781408e+00 1.782695544699881562e+00 1.802779649361542003e+00 1.814362134238807434e+00 1.846295101541343353e+00 1.892327247130204393e+00 1.926080128164668892e+00 1.934115497875949385e+00 1.958260039008141939e+00 1.976242753353582904e+00 2.030841704594345654e+00 2.046557886253363989e+00 2.077839515979869045e+00 2.106458947987860153e+00 2.155675301330918892e+00 2.193116208384026766e+00 2.206268418717400870e+00 2.254468347007291484e+00 2.287299646311029111e+00 2.324043668392408613e+00 2.360464498075464768e+00 2.420125922389588347e+00 2.483615566652766393e+00 2.521081933706907474e+00 2.561695093953286761e+00 2.577790564891237146e+00 2.624986290168846548e+00 2.721530846601198483e+00 2.796733425905137072e+00 2.830702160391371791e+00 2.886856498198138610e+00 2.925531481949412260e+00 3.082763792472759334e+00 3.113345925241992607e+00 3.152438824612064483e+00 3.204613199409271918e+00 3.351018365361325912e+00 3.394031954535126072e+00 3.418555285637184138e+00 3.520373885315339013e+00 3.555787490647315696e+00 3.669370169456779962e+00
5.061725513624867195e-02 6.022702921948831084e-02 1.005110918593062341e-01 1.874989755691271465e-01 2.245999329797166988e-01 2.458800158737616259e-01 2.837317633981675802e-01 3.536022663558817114e-01 3.927975561270010685e-01 4.192678210194389909e-01 4.372239812029402040e-01 4.633397865058885290e-01 4.912299887380420227e-01 5.118660538181337705e-01 5.381908240727085735e-01 5.553734977752542434e-01 5.687461291511241024e-01 5.897685375062026170e-01 6.306676961276752591e-01 6.408239593049727123e-01 6.724246573667697069e-01 6.943027437288108450e-01 7.143586464545537140e-01 7.224030835345602863e-01 7.391624255449563696e-01 7.528080037247660838e-01 7.831956023727878469e-01 8.105108247618242334e-01 8.215887632721931011e-01 8.409677768358122529e-01 8.519001055472712469e-01 8.734178940145002068e-01 8.815962353499017246e-01 8.881535648361259527e-01 9.238277315428916614e-01 9.291556603801638392e-01 9.508965801604885026e-01 9.609131714649070677e-01 9.742741459202968191e-01 9.803622983886306486e-01 1.002816842425591659e+00 1.025967357302195238e+00 1.047217511477232410e+00 1.064212501124958798e+00 1.076469419013386553e+00 1.099018704716058670e+00 1.118408895408822046e+00 1.131943438746105812e+00 1.150893180840797392e+00 1.168743272296169033e+00 1.181204035265483787e+00 1.192264636194037442e+00 1.211517747989896865e+00 1.223722317681238625e+00 1.242144166190676913e+00 1.260879399345120389e+00 1.286565237209208901e+00 1.310951915360491160e+00 1.316817058390998385e+00 1.345735980177624525e+00 1.351174662165504969e+00 1.377537796784892965e+00 1.404860622886727750e+00 1.422381890152728090e+00 1.433482167835701926e+00 1.467759189047252555e+00 1.477543714036936295e+00 1.495497487546490811e+00 1.509326537721301431e+00 1.554079882706780324e+00 1.586842715363344869e+00 1.599362247389785274e+00 1.626873710155504638e+00 1.643084355133593633e+00 1.673821122343515322e+00 1.687330676509920524e+00 1.720718548146478621e+00 1.749223740150151363e+00 1.758656260293463225e+00 1.783649531855588721e+00 1.804173818426108911e+00 1.809654604497044073e+00 1.842427701103730886e+00 1.895753956801917273e+00 1.923934140729099074e+00 1.931884350879280232e+00 1.956300611838417636e+00 1.975255019590798522e+00 2.030543222771703071e+00 2.048019879088821771e+00 2.078417242033058887e+00 2.106545304594753976e+00 2.153905169545060616e+00 2.193437737244775754e+00 2.203824424576569463e+00 2.256835922212730772e+00 2.280132497418755566e+00 2.322760685490816268e+00 2.365092646925280651e+00 2.413931842805070005e+00 2.483612338656345564e+00 2.517033448919936856e+00 2.563138704664468470e+00 2.574823882947525622e+00 2.624964283398865117e+00 2.718528394124810177e+00 2.794200839561486571e+00 2.832730121736311002e+00 2.890575083072676410e+00 2.921064881396105761e+00 3.077866772629409109e+00 3.103745348244575375e+00 3.150299726251144516e+00 3.208947441665122469e+00 3.346173290586521354e+00 3.392877767924860954e+00 3.418525197619761258e+00 3.512157917520883466e+00 3.555833380981836100e+00 3.669257189264672370e+00
2.407197419645674616e-02 3.085972844533987208e-02 5.069850827631793705e-02 1.799237807478379358e-01 2.257426081853722011e-01 2.448663720262830856e-01 2.857409885062430766e-01 3.475395420112333822e-01 3.947254338746452595e-01 4.145143839523424134e-01 4.356486397286623014e-01 4.570948654473188655e-01 4.946270552835824730e-01 5.129034245186199215e-01 5.391673137685450978e-01 5.555159523237314101e-01 5.655837578729917547e-01 5.869100237893030148e-01 6.279411714507450171e-01 6.393750893853411554e-01 6.782332865743510020e-01 6.924650094243501863e-01 7.163198954855761746e-01 7.263254433770287566e-01 7.385139554694837294e-01 7.532689382481325691e-01 7.805217719859623982e-01 8.155263725616220816e-01 8.246185826457905765e-01 8.403316220608367804e-01 8.507003158277727239e-01 8.753974533856484497e-01 8.813748342466096730e-01 8.977070761477968786e-01 9.206050722133368724e-01 9.332851780127905394e-01 9.521012096783272316e-01 9.612369460622128825e-01 9.726802776454311905e-01 9.781990433669779383e-01 1.003067148162603006e+00 1.020609367502659515e+00 1.044726035603512848e+00 1.066253749646333127e+00 1.075236104849809360e+00 1.098381423801004120e+00 1.120800614285513142e+00 1.131831298802209451e+00 1.149862409165692378e+00 1.170517184095546392e+00 1.178322309920951660e+00 1.192900546008094587e+00 1.215120997406022418e+00 1.222579672687278407e+00 1.239604234270387018e+00 1.256831918733134934e+00 1.287002206964536155e+00 1.311803726849199103e+00 1.320086453172223395e+00 1.343229601207612811e+00 1.348978590628744589e+00 1.376065612525752657e+00 1.404952130929366660e+00 1.422440862795582017e+00 1.431479735002395781e+00 1.467405617366302595e+00 1.476181675392301607e+00 1.495589854225365833e+00 1.510694924181815946e+00 1.555878730314947500e+00 1.589568519113270018e+00 1.598695749927330656e+00 1.628364306111137916e+00 1.641817943084885600e+00 1.674565179080673483e+00 1.688015209279330353e+00 1.719815051016303942e+00 1.751389532419611594e+00 1.758867139637675381e+00 1.783731738475715201e+00 1.803015310154956863e+00 1.809127032748595765e+00 1.839781900539728454e+00 1.897819008332836788e+00 1.922353496398246264e+00 1.930905613861607417e+00 1.955106665503794083e+00 1.974670689441573757e+00 2.030363158846587801e+00 2.049143666837764055e+00 2.078714791791465899e+00 2.106554681002811069e+00 2.152724375503181076e+00 2.193979085942680207e+00 2.201850219128568042e+00 2.260479464093481550e+00 2.273744715144934592e+00 2.322023329000029612e+00 2.368207502138020004e+00 2.410198478008175549e+00 2.483776571522227972e+00 2.513679896938354030e+00 2.564212940099672711e+00 2.573052104452254518e+00 2.624982381865788472e+00 2.716596045986132246e+00 2.792309871000345556e+00 2.834092902994647556e+00 2.893019361677566792e+00 2.918105555716099531e+00 3.074789708025895685e+00 3.097562089197576363e+00 3.148895022556193801e+00 3.211942774977993853e+00 3.342990675230025577e+00 3.392141797573235529e+00 3.418513394091106328e+00 3.507018853455494689e+00 3.555910208503452186e+00 3.669194166932113976e+00
-2.745567948521814884e-04 -1.966812911505391259e-04 -4.021415828252997307e-08 1.769456688286696611e-01 2.264891719155288918e-01 2.445138027288986382e-01 2.866875035092542046e-01 3.454101698234701701e-01 3.962270212061658747e-01 4.121331394093498690e-01 4.348488242532635439e-01 4.549070117323005813e-01 4.959744712888031759e-01 5.134148060734828878e-01 5.396937050322412333e-01 5.556412566237858286e-01 5.643097434399919621e-01 5.858278252960741339e-01 6.268871779970381919e-01 6.388163862116288394e-01 6.813173845330678935e-01 6.907174098666143403e-01 7.171502018158982805e-01 7.282310196671560876e-01 7.377083770076557911e-01 7.534100895836091105e-01 7.795075769053024795e-01 8.178430881147139564e-01 8.251541348554853883e-01 8.399400025430220351e-01 8.502966748541559427e-01 8.759850600179701630e-01 8.812853190202046827e-01 9.041377625856978906e-01 9.161854191303854256e-01 9.352564981164703806e-01 9.525199058122827411e-01 9.626461119275080414e-01 9.721626981690669744e-01 9.770291948631295575e-01 1.002336790837700109e+00 1.018780839243130787e+00 1.043745116042317900e+00 1.066947410341193780e+00 1.074702147958302101e+00 1.098183782229627869e+00 1.121625431732338640e+00 1.131804497309396806e+00 1.149234714204421026e+00 1.171369259846102073e+00 1.177399969712670469e+00 1.193172807711659011e+00 1.217648930752153857e+00 1.221671789328926838e+00 1.237857987073360810e+00 1.255478108049381758e+00 1.286977590753148437e+00 1.312352652161485000e+00 1.321621161191193439e+00 1.341814993645810805e+00 1.348401950347354106e+00 1.375627643940795064e+00 1.404964963447650650e+00 1.422474872799917467e+00 1.430786892990383974e+00 1.467224809666655805e+00 1.475707531787781912e+00 1.495606782863804218e+00 1.511224279560976713e+00 1.556478729076370637e+00 1.590776550711042070e+00 1.598023241337245048e+00 1.629115836354923408e+00 1.641162967406994966e+00 1.674878528752917761e+00 1.688329699319205179e+00 1.719455922743655663e+00 1.752180364776600108e+00 1.758906452414290333e+00 1.783614164757976406e+00 1.802247298091359529e+00 1.809462871315718369e+00 1.838828412507405696e+00 1.898499188750083944e+00 1.921754539725863520e+00 1.930674267313769121e+00 1.954710752840842503e+00 1.974471844151182154e+00 2.030302710693820956e+00 2.049565923254144550e+00 2.078798956001935760e+00 2.106552136117854968e+00 2.152312447408417651e+00 2.194290335224519772e+00 2.201032622974317121e+00 2.263287423906877649e+00 2.270051408975011231e+00 2.321778848800238659e+00 2.369290750883142671e+00 2.408982365448177010e+00 2.483883476496522302e+00 2.512365267116392520e+00 2.564592207790392653e+00 2.572473144837430503e+00 2.624993290579305416e+00 2.715928996180324351e+00 2.791618265474452798e+00 2.834568361336007758e+00 2.893877342477574111e+00 2.917062405927874469e+00 3.073736053787068823e+00 3.095430846969464245e+00 3.148407035875312232e+00 3.213013283202290626e+00 3.341877674334944537e+00 3.391888198669108068e+00 3.418510588530232042e+00 3.505272486806967347e+00 3.555943206363179065e+00 3.669174025626007030e+00
2.666912151039071283e-02 3.459829727079345718e-02 5.785347637392711240e-02 1.713717989722727819e-01 2.171521772017155905e-01 2.476077340416827921e-01 2.927956325305787200e-01 3.442422309583070827e-01 3.864826443008009260e-01 4.077216036899659612e-01 4.401737297608926958e-01 4.557091764842151060e-01 4.930159849431198227e-01 5.155648685922439300e-01 5.403579829153662972e-01 5.552622032117124906e-01 5.653777888081156222e-01 5.885193783054286643e-01 6.267281718533949109e-01 6.395959907193093930e-01 6.758009295883411482e-01 6.957240032728613244e-01 7.153450926324166348e-01 7.301047589400142535e-01 7.386829511938808324e-01 7.535594723022791541e-01 7.794664533499977566e-01 8.166198349479547591e-01 8.259280295394526572e-01 8.398082120017248409e-01 8.504907510564660988e-01 8.766541563277554516e-01 8.813923138969621540e-01 9.043563938821588266e-01 9.159201488504518096e-01 9.353730472955658071e-01 9.524285917445887151e-01 9.602078673588073654e-01 9.733245575093227853e-01 9.771606935535311900e-01 1.000492940485787630e+00 1.019880060998225035e+00 1.044496729482660591e+00 1.066816518391140001e+00 1.074973449654378355e+00 1.099369813686008390e+00 1.120639316484250525e+00 1.130861237001682396e+00 1.148152970306244525e+00 1.171634258739157719e+00 1.179236801610767049e+00 1.194099613017595596e+00 1.216905183673855140e+00 1.221702839539525742e+00 1.237405011886076212e+00 1.255842713987070702e+00 1.287533427771628380e+00 1.311202402783142595e+00 1.321847986229591321e+00 1.342058909116793153e+00 1.348386290408073895e+00 1.373745139650237812e+00 1.405654371022402538e+00 1.423000230520967913e+00 1.430561148954378359e+00 1.467259129305665155e+00 1.475630972353468850e+00 1.495739281812851651e+00 1.511822010944588346e+00 1.556239793968869689e+00 1.590506827995143313e+00 1.598655932968793714e+00 1.627527345593559049e+00 1.643291254975415505e+00 1.675113357180940676e+00 1.688320486396130526e+00 1.719028616573446966e+00 1.751904394216776684e+00 1.759896842258699357e+00 1.784145401850147694e+00 1.802400449986951037e+00 1.809304305352920528e+00 1.838042815368402305e+00 1.898703527309333783e+00 1.920508579476809752e+00 1.931522187407821223e+00 1.955066344436642511e+00 1.975340053881076585e+00 2.029330206409707849e+00 2.049669248284439416e+00 2.078870941981742604e+00 2.105400165835966675e+00 2.152894610915962570e+00 2.193687590079119065e+00 2.201155866579850962e+00 2.262948445248978313e+00 2.270855362621184703e+00 2.319810200948642542e+00 2.366398843730034507e+00 2.411907326062423529e+00 2.483753650833957938e+00 2.512410360637714390e+00 2.563685346598844284e+00 2.572394545990127845e+00 2.625413268296387326e+00 2.717515515819773686e+00 2.787747567798926518e+00 2.837991610471379378e+00 2.893737088163110815e+00 2.917447016241895508e+00 3.074005004646608530e+00 3.095410487539971722e+00 3.148397873891640941e+00 3.212819006154202128e+00 3.341826427456161319e+00 3.391733981007519105e+00 3.418747470506054764e+00 3.505124580816695978e+00 3.556039699814030453e+00 3.669130788038210689e+00
5.285372549785103541e-02 6.865606865986206842e-02 1.110198936816689658e-01 1.599402623176287286e-01 1.960559511639665409e-01 2.530178726470000417e-01 3.023478551032911521e-01 3.387468674916318534e-01 3.664349944784093815e-01 4.037833184049754998e-01 4.425635122136397093e-01 4.601398649548122388e-01 4.896829885551272077e-01 5.149541615354636948e-01 5.434360260580953783e-01 5.544144452537889123e-01 5.686904400688264083e-01 5.946561021429884741e-01 6.250175264048094537e-01 6.419289308807472061e-01 6.687668509189936827e-01 7.020720765417627351e-01 7.134327956237054291e-01 7.323819757136913466e-01 7.404213796736356379e-01 7.542429865711093306e-01 7.796773085114171442e-01 8.140674471920927857e-01 8.270818437300684334e-01 8.387789999139302344e-01 8.516575401673333046e-01 8.784923769981914932e-01 8.816667426957587317e-01 9.051736280916792277e-01 9.150646764592420546e-01 9.358521270765385314e-01 9.509174093158149210e-01 9.564658246364959870e-01 9.743168991386693678e-01 9.775854160698382866e-01 9.975468114740789760e-01 1.021165543696541889e+00 1.047079223009484528e+00 1.065463822537466410e+00 1.076273227640971664e+00 1.102403460615071662e+00 1.118360504538961964e+00 1.128465815500169667e+00 1.145870482014287761e+00 1.172019726586426280e+00 1.183220905061327599e+00 1.196799501843502034e+00 1.214538235749326844e+00 1.222221673305312839e+00 1.236166016053306782e+00 1.256670075327446012e+00 1.289269723000543433e+00 1.308204683009365876e+00 1.322282870018459899e+00 1.342648749029801580e+00 1.348234052663652260e+00 1.369689844840734416e+00 1.406793761291469602e+00 1.424396130368442259e+00 1.429991760357750774e+00 1.467364543854463133e+00 1.475437838076294250e+00 1.496050493252701230e+00 1.513263627902181607e+00 1.555633816426272853e+00 1.589936220419011725e+00 1.600052596137702787e+00 1.624736649410895684e+00 1.647534278026956178e+00 1.675402176401566745e+00 1.688574727910135076e+00 1.717978398165995957e+00 1.751580195425851194e+00 1.761825657085648089e+00 1.785617248977551474e+00 1.802647077408858101e+00 1.809118457783270850e+00 1.835986282378940571e+00 1.899192297367914950e+00 1.918076673539030885e+00 1.933028573957456420e+00 1.955858767887160621e+00 1.977735719495235189e+00 2.026631245738401699e+00 2.049972519879714294e+00 2.079073622527989773e+00 2.102604561629884738e+00 2.154248218346038524e+00 2.192329910544790650e+00 2.201305116117470817e+00 2.262228617531081287e+00 2.272967231340249139e+00 2.314412308471586854e+00 2.361374753176575858e+00 2.417458760559602737e+00 2.483446845293642902e+00 2.512523431010067032e+00 2.561564556518570512e+00 2.572255405587993593e+00 2.626334539479233676e+00 2.721628960112764339e+00 2.779591015905354290e+00 2.844719187103552205e+00 2.893394680573906808e+00 2.918393408857845817e+00 3.074670983222495213e+00 3.095357791752672671e+00 3.148374477390774917e+00 3.212344698222842521e+00 3.341702341479369398e+00 3.391371680547911271e+00 3.419310778834776965e+00 3.504767750052705022e+00 3.556271476477015359e+00 3.669026086025273692e+00
7.749953466378252387e-02 1.011643217191269956e-01 1.274168922167717710e-01 1.653086066117046005e-01 1.820724360562993582e-01 2.510193977009317901e-01 2.991957928678622425e-01 3.334449424427962660e-01 3.547015682919367197e-01 4.011343920925128925e-01 4.406041324712616225e-01 4.649524502243269630e-01 4.898765426904569398e-01 5.101863361430808430e-01 5.471307931596176566e-01 5.534447183326882680e-01 5.729773842043395238e-01 6.002578733405142808e-01 6.228373750153979316e-01 6.423884507619637141e-01 6.657656938802505309e-01 7.048092947690827170e-01 7.157988856691931412e-01 7.326120416876860109e-01 7.405452840593474972e-01 7.557176375746336161e-01 7.803341981570315333e-01 8.115359366805886543e-01 8.278662886671669385e-01 8.369530789083619027e-01 8.535259329238787940e-01 8.801873948204835818e-01 8.823704829880633094e-01 9.067383437221229192e-01 9.136796580307759985e-01 9.370874782003192349e-01 9.462274406161863549e-01 9.552164880780649181e-01 9.738553448528601830e-01 9.785245625650399459e-01 9.957695991063545415e-01 1.021527261700391875e+00 1.050994119966774720e+00 1.062601505147609871e+00 1.078005821653514440e+00 1.106013395852692094e+00 1.116140861187510103e+00 1.125763952319698724e+00 1.143692802344608683e+00 1.172273250609598527e+00 1.186651573991109432e+00 1.200772485672990886e+00 1.211008076087262797e+00 1.223119047179357821e+00 1.234698632062715351e+00 1.257444166150557319e+00 1.292027621388476266e+00 1.304344977928200144e+00 1.322624881580973133e+00 1.343304496276746196e+00 1.347809702163734746e+00 1.366178295788315511e+00 1.407438546323696249e+00 1.426035564218502749e+00 1.429274319063058796e+00 1.467503366091803985e+00 1.475232809353975272e+00 1.496352106544307281e+00 1.514708288937143710e+00 1.554981453354303822e+00 1.589430107739487008e+00 1.601316275574511838e+00 1.622603355977160877e+00 1.651385518027740140e+00 1.675153825473520319e+00 1.689328409558244593e+00 1.716882667841325594e+00 1.751490809348545508e+00 1.763344296813991630e+00 1.787391935651722497e+00 1.802588552887680606e+00 1.809393487780622811e+00 1.833622411964200838e+00 1.899675342002232092e+00 1.916052164919575862e+00 1.934173791873952331e+00 1.956566264937246169e+00 1.980691767681174831e+00 2.023292859837929392e+00 2.050348118336296377e+00 2.079330923220976679e+00 2.099759458232668852e+00 2.155543928595801795e+00 2.191047463845063881e+00 2.201303744165031606e+00 2.261588426407660446e+00 2.275600499699889756e+00 2.308034584958031044e+00 2.358058812667835014e+00 2.421787683561738458e+00 2.483149950439292208e+00 2.512642911622790631e+00 2.559548626238691948e+00 2.572156897902881489e+00 2.627145602466598451e+00 2.726365083852313909e+00 2.771968335743606016e+00 2.850200546551207470e+00 2.893043658020126419e+00 2.919366892177661654e+00 3.075361687998335647e+00 3.095299471559687543e+00 3.148349172057244516e+00 3.211862724549220616e+00 3.341577738939689901e+00 3.391022493600007071e+00 3.419863039393847171e+00 3.504411186710323811e+00 3.556501636504791897e+00 3.668920933026423192e+00
9.309696664388310283e-02 1.159750337905636197e-01 1.240644488840840359e-01 1.474524791607511320e-01 2.125798612405797317e-01 2.344816631552827102e-01 2.924212901634377637e-01 3.352874437552033071e-01 3.510142313828203409e-01 4.001380527229300155e-01 4.393861868578817775e-01 4.665585447119209861e-01 4.914306941269317996e-01 5.069865129289000683e-01 5.487670072533722410e-01 5.528370138365797937e-01 5.751010423504744340e-01 6.021686446443155205e-01 6.223553566077251187e-01 6.412826870182536387e-01 6.657274459991300297e-01 7.049589779890947927e-01 7.188207149100905857e-01 7.316267865361187894e-01 7.400676914833830278e-01 7.565918772302057116e-01 7.807362774198438604e-01 8.104415697858643464e-01 8.281484615273174699e-01 8.360255942697458753e-01 8.544393369838185759e-01 8.805532514805087807e-01 8.830539020948831030e-01 9.079053339286845548e-01 9.127095379328793445e-01 9.386724450068747450e-01 9.427442180437701769e-01 9.550036667286034842e-01 9.734572630769715573e-01 9.790438398309281309e-01 9.952131705980041820e-01 1.021550836122197659e+00 1.053592175832741340e+00 1.060412957639611964e+00 1.078759460445039231e+00 1.107949551974391600e+00 1.115080962521839858e+00 1.124469906919650874e+00 1.142763305130868101e+00 1.172356002970655897e+00 1.187946145657094776e+00 1.203840350694346251e+00 1.208189692134330251e+00 1.223571219876673277e+00 1.234014238611037539e+00 1.257755551992814969e+00 1.293987442052787040e+00 1.301959349581943037e+00 1.322749537853224577e+00 1.343637242962037348e+00 1.347492366960632904e+00 1.364870377479214136e+00 1.407606776190242881e+00 1.426922744631081708e+00 1.428784568330474292e+00 1.467571245652692591e+00 1.475144165365662063e+00 1.496474888407834491e+00 1.515309359065134531e+00 1.554695914854919092e+00 1.589231756201975321e+00 1.601809317367381746e+00 1.621826852576501832e+00 1.652979700215656322e+00 1.674849975910118971e+00 1.689810052983988342e+00 1.716407490022831439e+00 1.751490264297761001e+00 1.763885274188344177e+00 1.788229526262046676e+00 1.802435651262116911e+00 1.809705893314127678e+00 1.832515434282392164e+00 1.899873963305007907e+00 1.915284456490117693e+00 1.934589715565578460e+00 1.956837034792787700e+00 1.982146486323704826e+00 2.021654127426225855e+00 2.050524168297775507e+00 2.079459595075269895e+00 2.098556764655147067e+00 2.156067483748551616e+00 2.190527617906394831e+00 2.201268650228371371e+00 2.261337785599454975e+00 2.276985111854895383e+00 2.305017904912908921e+00 2.357015086089557787e+00 2.423350332539585317e+00 2.483030045716983381e+00 2.512694426990071950e+00 2.558743560246315329e+00 2.572123145181488546e+00 2.627454210240620203e+00 2.728631680031249562e+00 2.768717490140563342e+00 2.852234392409378927e+00 2.892894654926244424e+00 2.919778540465701955e+00 3.075655397545246750e+00 3.095273459857943443e+00 3.148338099317192107e+00 3.211660779714957226e+00 3.341525975501658863e+00 3.390881421754484037e+00 3.420088841535235513e+00 3.504263548379902726e+00 3.556596512844755420e+00 3.668877244446839825e+00
1.733720894010282454e-01 2.498115856170192439e-01 2.695129773854169630e-01 3.228050625907835647e-01 3.371923578948073930e-01 3.810727922560323555e-01 3.958972288409990381e-01 4.009299033495499764e-01 4.165273223629334387e-01 4.636054500820253610e-01 4.888752339505940681e-01 5.155529259097184624e-01 5.232589372409066630e-01 5.580637527356338001e-01 5.704053380416697072e-01 5.893232877380736312e-01 6.051472728659097466e-01 6.236863768730862567e-01 6.260622755475266921e-01 6.327376804656736908e-01 6.702875757695886394e-01 6.747787886101054289e-01 6.860652981989678878e-01 7.082953150167521361e-01 7.230466043948915456e-01 7.399130364743267130e-01 7.527644309229714059e-01 7.650543930077216004e-01 8.320407229119407555e-01 8.367103435191286520e-01 8.471794539749418762e-01 8.635247192764184954e-01 8.810274633549404211e-01 8.937447100048401261e-01 9.292997806721109422e-01 9.470786506908129843e-01 9.584721722574028879e-01 9.659051097755451121e-01 9.865758155435034871e-01 9.949585969916499018e-01 1.022819420063731721e+00 1.032143848749847548e+00 1.040047614048829283e+00 1.056968799686563543e+00 1.064961906140223569e+00 1.084360692666378023e+00 1.106677335330496170e+00 1.126664544264685652e+00 1.147822814203653508e+00 1.155211189444434572e+00 1.172759858846913250e+00 1.188671679240944412e+00 1.247381263089551551e+00 1.252136915329504996e+00 1.268044976919688427e+00 1.280610483115345311e+00 1.303683106442700135e+00 1.324329149328850042e+00 1.356654890248270906e+00 1.372283117506101879e+00 1.376877265842414211e+00 1.395899895405960489e+00 1.412545644989465776e+00 1.433415828669915904e+00 1.449455778834434216e+00 1.468558747992806168e+00 1.492243044850302791e+00 1.509097137188768700e+00 1.518595721893691408e+00 1.533518950259296520e+00 1.564777342823540085e+00 1.575920673679575890e+00 1.609740214935629243e+00 1.629919001111014287e+00 1.649543378042731323e+00 1.685513646149802591e+00 1.696287761809667005e+00 1.735694603381635615e+00 1.755606320181691160e+00 1.782173062810120889e+00 1.784359148567421727e+00 1.797114143696805444e+00 1.879863551790320164e+00 1.901957155664610877e+00 1.941605165167500147e+00 1.950745907651309397e+00 1.980725490729916771e+00 2.021531420220805675e+00 2.028290675720050285e+00 2.054364564179032904e+00 2.079567540798528569e+00 2.107038001849694808e+00 2.152169901332209090e+00 2.208330612750925237e+00 2.236911456602316939e+00 2.264662935621561513e+00 2.302607791006508808e+00 2.336461698169378209e+00 2.396516421624317328e+00 2.453245258199288958e+00 2.493611825317719521e+00 2.525027976491837745e+00 2.583148180422064843e+00 2.603401855587381242e+00 2.662452423338764973e+00 2.746826265701238778e+00 2.767477197993009064e+00 2.825051262656228968e+00 2.870595062824617294e+00 2.965963045294240263e+00 3.136554736855594605e+00 3.156536198021754114e+00 3.197190548758070072e+00 3.221747328103554686e+00 3.390254595205777655e+00 3.415705470242064390e+00 3.420780703901590503e+00 3.553370205909077928e+00 3.637321937637732372e+00 3.675437409061975913e+00
1.736403431938519926e-01 2.485677049270680616e-01 2.697611528449396778e-01 3.219100545411541225e-01 3.347363069531703594e-01 3.734580405837990558e-01 3.986759096652082168e-01 4.055681577983945019e-01 4.156292099563704823e-01 4.619027360494348811e-01 4.892889272659995403e-01 5.136596336882733871e-01 5.254162439741908441e-01 5.572415572423933261e-01 5.685426561808043511e-01 5.862645508888346679e-01 6.061742998528235615e-01 6.235792403322345523e-01 6.259657993377663043e-01 6.334656138977028395e-01 6.690207078454154521e-01 6.741375867013669199e-01 6.870154856179711000e-01 7.080940494680265651e-01 7.214377237682536581e-01 7.366815622496504234e-01 7.546718696674854510e-01 7.680281138863852552e-01 8.320050777266452258e-01 8.380578695967920710e-01 8.463292793661110203e-01 8.622696588242300120e-01 8.803984175746804031e-01 8.947640567226055053e-01 9.289329650537222482e-01 9.474078489487207655e-01 9.580421187195635735e-01 9.666424330178973179e-01 9.862075682313634628e-01 9.944984945944594923e-01 1.020790931631234466e+00 1.030781967946604594e+00 1.037456448242831009e+00 1.056723147845435529e+00 1.071242080651655382e+00 1.084310042348160641e+00 1.104949082938616378e+00 1.126299797819297233e+00 1.147375951237178615e+00 1.155599990999658377e+00 1.174359450821960138e+00 1.189609567968777259e+00 1.241536290103339546e+00 1.255255546165391589e+00 1.268432299559891119e+00 1.279999702130213635e+00 1.304944739264329634e+00 1.323471837996323064e+00 1.354653132145902106e+00 1.373430845029066427e+00 1.376656773698153202e+00 1.395721183232438545e+00 1.414272254394617789e+00 1.433008752963593757e+00 1.448786429659103536e+00 1.468939956534980551e+00 1.491542049375815582e+00 1.507818795923010269e+00 1.518882325209389705e+00 1.533487509262122295e+00 1.562579028764211175e+00 1.573936126291639814e+00 1.611285175679881387e+00 1.631036849933127142e+00 1.650541277780368521e+00 1.687135504875314052e+00 1.696469220174503079e+00 1.735735833551403040e+00 1.754868372112615926e+00 1.777536864434887010e+00 1.789249119924014808e+00 1.797827771110786399e+00 1.879570599687684140e+00 1.901231370083616534e+00 1.941387770979510652e+00 1.951184972409637064e+00 1.980253752337691964e+00 2.019479325105933309e+00 2.029786112939441889e+00 2.053732206373028113e+00 2.079906048730700618e+00 2.106563226785516107e+00 2.152223344034406960e+00 2.208253327934740273e+00 2.236657237895660177e+00 2.264467691791704151e+00 2.303082085045034866e+00 2.335929824675960553e+00 2.395208219746495004e+00 2.453646492456702966e+00 2.493833528008603029e+00 2.524581603497933813e+00 2.582925834409340204e+00 2.603174454412822136e+00 2.661343560608193659e+00 2.747619550813167777e+00 2.766830636987192449e+00 2.825404600911571862e+00 2.870325246694963361e+00 2.965678582328201696e+00 3.137248893320985221e+00 3.155728731599193093e+00 3.196335883770609065e+00 3.221010735166351058e+00 3.390058553091987115e+00 3.415377528633830817e+00 3.420754746833096327e+00 3.553359928790904565e+00 3.635950267780414080e+00 3.675186237396079747e+00
1.743398074136425224e-01 2.450018245316250287e-01 2.697927971312366058e-01 3.167803650715578234e-01 3.287003803834664950e-01 3.639084248132312127e-01 3.980350843421419094e-01 4.119046462623504046e-01 4.173775267548553436e-01 4.571743663528125556e-01 4.901741595716536115e-01 5.103111888571147947e-01 5.278085483211101270e-01 5.545901642231676476e-01 5.638382596868345420e-01 5.811454758206396898e-01 6.051791429271361489e-01 6.216160744515693004e-01 6.265765191011065660e-01 6.363986775021870379e-01 6.656752646900320203e-01 6.736119185375816221e-01 6.890581583169189672e-01 7.077676235926663173e-01 7.181865236761471039e-01 7.302595871726419441e-01 7.591994591373599777e-01 7.737306489557982392e-01 8.316120073535112622e-01 8.395882532821533628e-01 8.463835858130378531e-01 8.586864924220335427e-01 8.793787207220290503e-01 8.962702832944039466e-01 9.278944196463650984e-01 9.481766444875875388e-01 9.577949927012385789e-01 9.671775164379066148e-01 9.850292032066491066e-01 9.941813067108260515e-01 1.015897663475979096e+00 1.024496272406096198e+00 1.037894962753561190e+00 1.057283895820183783e+00 1.078754376485087318e+00 1.086627589278602590e+00 1.101431654319486864e+00 1.125286341378160193e+00 1.146889778750494804e+00 1.156312381887474316e+00 1.177864811991947480e+00 1.192205168473450483e+00 1.233260622136516327e+00 1.256001756854954410e+00 1.269410654282791873e+00 1.278349223768344256e+00 1.306596845044261324e+00 1.321995950826005517e+00 1.351341875550788663e+00 1.374124316510164201e+00 1.376741883853721760e+00 1.395631789550699553e+00 1.417957330899067170e+00 1.432136443545990012e+00 1.447317227768409209e+00 1.469909246044973639e+00 1.489432250519084899e+00 1.504916096595613206e+00 1.518431162352418484e+00 1.533373303285547662e+00 1.558620356897093995e+00 1.568646874487320986e+00 1.614579881357096847e+00 1.634308529946489896e+00 1.652810442343761732e+00 1.691378554446167914e+00 1.697162480530148621e+00 1.736009816405201578e+00 1.753010874819804110e+00 1.772791461328411478e+00 1.792910374026526199e+00 1.801565258434995265e+00 1.878709356496051308e+00 1.899066269579644306e+00 1.940841493129751960e+00 1.952361770938826790e+00 1.978910749344456432e+00 2.015232772178579435e+00 2.032203271375648601e+00 2.052103850702402088e+00 2.080675008083109567e+00 2.105326849799525668e+00 2.152472409367642392e+00 2.207893425574019020e+00 2.235711433454433017e+00 2.264193642644318771e+00 2.304274157203211715e+00 2.334483395867470001e+00 2.391294726141951266e+00 2.454757819557711773e+00 2.494507844485891024e+00 2.523272047696863751e+00 2.582063694697754208e+00 2.602620516877451884e+00 2.658200789246721651e+00 2.749596000951568531e+00 2.765379690454687900e+00 2.826447723979670368e+00 2.869530859510270648e+00 2.964800324484699434e+00 3.139113239275745482e+00 3.153392645163733299e+00 3.193862758189157436e+00 3.218796207531489983e+00 3.389445330883044782e+00 3.414401548837803446e+00 3.420659169637157770e+00 3.553328050158964135e+00 3.631818635950619267e+00 3.674520666428524152e+00
1.751373351163324765e-01 2.393795001313239745e-01 2.678844712299451314e-01 3.026918545830425411e-01 3.232463899335888957e-01 3.577099876556854574e-01 3.947622315155304706e-01 4.115466156154369837e-01 4.243186739050321399e-01 4.504103682943891296e-01 4.908235731880855046e-01 5.069532200524726751e-01 5.246144266077868989e-01 5.478663168144768392e-01 5.617406691698018095e-01 5.764203150401774334e-01 5.994252871186606102e-01 6.185768405362915834e-01 6.274454786273752083e-01 6.414437033427037305e-01 6.616865451922127050e-01 6.750818146470415337e-01 6.903672735296910723e-01 7.073128336007192818e-01 7.162946994306603754e-01 7.245807883370389835e-01 7.644678732619756278e-01 7.790203089264804426e-01 8.298797280884944172e-01 8.383076821416844959e-01 8.498766923651893679e-01 8.538019369120467550e-01 8.796684434422462617e-01 8.954789822142618094e-01 9.268503478481535662e-01 9.479184070052685263e-01 9.584847739535768962e-01 9.666821223748321978e-01 9.838581622969211349e-01 9.932798616317674023e-01 1.011287493696564121e+00 1.019306722618989580e+00 1.040443167509062405e+00 1.056645687061528394e+00 1.078403242348994651e+00 1.093399828986056477e+00 1.100642532861519918e+00 1.124210416708772087e+00 1.146707843575697439e+00 1.157211164378737056e+00 1.181538983219811545e+00 1.195662493960884865e+00 1.225531327612521260e+00 1.253647750017246265e+00 1.269186986532429673e+00 1.276800459584996883e+00 1.304425248838681606e+00 1.321714804037768420e+00 1.349910346624163759e+00 1.372981097157806474e+00 1.376749623234068576e+00 1.395932189805635160e+00 1.420051679311514103e+00 1.432358070980467080e+00 1.446127779561531712e+00 1.471244793535161355e+00 1.485880925620825188e+00 1.501158242293727518e+00 1.516276807165292562e+00 1.533545998850671443e+00 1.555685975078573202e+00 1.562904004105118094e+00 1.617782989563172569e+00 1.638817977012719806e+00 1.655682571117911950e+00 1.694347993182035106e+00 1.700808652214362393e+00 1.736844040624782926e+00 1.750804367631576763e+00 1.768859050973313085e+00 1.793774629864941961e+00 1.808491850356707564e+00 1.877326238934675207e+00 1.895541933821348390e+00 1.940151775456335104e+00 1.953946671540319091e+00 1.976854144828185333e+00 2.009931373925022413e+00 2.034045917929840908e+00 2.050094156537300538e+00 2.081313654203231334e+00 2.103864771978526615e+00 2.153101134812353212e+00 2.206967086258988964e+00 2.233726180535201777e+00 2.264437589087938019e+00 2.305591381892666991e+00 2.332574609529126874e+00 2.384890065239360091e+00 2.456231732903805476e+00 2.495631280116211048e+00 2.521237352402669885e+00 2.580150196433728560e+00 2.602004386509270795e+00 2.653517849658228123e+00 2.750981285282124933e+00 2.765094179694290499e+00 2.828102239825479813e+00 2.868285943458199760e+00 2.963262397058062270e+00 3.141130766018420228e+00 3.150219532913929310e+00 3.189999291229916434e+00 3.215118425896398957e+00 3.388337723163164394e+00 3.412788670109837774e+00 3.420473159485292403e+00 3.553271392879648438e+00 3.624942252964240996e+00 3.673637718540972763e+00
1.754435808311521627e-01 2.318420904859727072e-01 2.622393009255857277e-01 2.825557032490646492e-01 3.175239645861040461e-01 3.535780237255807257e-01 3.877360732787701880e-01 4.116396446758384120e-01 4.285942368394850543e-01 4.431828499592865844e-01 4.886542195319404924e-01 5.040906393810180575e-01 5.160057654439942354e-01 5.352129455685052939e-01 5.647260389169513894e-01 5.701820383712299378e-01 5.925323278813818817e-01 6.166979346934418071e-01 6.279914901499744628e-01 6.450213638732736898e-01 6.613015234058459146e-01 6.770695614775004145e-01 6.899217804482397076e-01 7.058630566825335739e-01 7.180334293104743137e-01 7.222082434257437455e-01 7.697211623061485097e-01 7.827959698285990031e-01 8.260834237401238900e-01 8.374514880674560624e-01 8.473675745786498625e-01 8.536222734412128865e-01 8.825795469455922637e-01 8.919693364232210708e-01 9.260904361826147735e-01 9.445572881649174635e-01 9.595349310223066919e-01 9.673971303754839157e-01 9.819326963447809753e-01 9.906995716802985408e-01 1.008372888162980541e+00 1.019204163287634524e+00 1.043348955746778328e+00 1.054520592158630476e+00 1.076162928541086972e+00 1.094549980494560870e+00 1.105936638478936196e+00 1.124780585641582675e+00 1.145969683953318441e+00 1.158758736119990918e+00 1.184493596983205999e+00 1.199241934542509158e+00 1.219005614768568391e+00 1.249662721845754332e+00 1.265713372589784891e+00 1.276810954694575617e+00 1.299223551254116371e+00 1.320830559175677710e+00 1.350446966099736912e+00 1.370938011132164069e+00 1.375889699130616428e+00 1.395662234348761688e+00 1.419159043570626499e+00 1.434016034226793579e+00 1.445835092916878617e+00 1.472678932047224887e+00 1.481302384184339349e+00 1.496697534973177257e+00 1.514400929763034531e+00 1.534676438963196610e+00 1.550641413261547141e+00 1.562341721731929090e+00 1.620428576202705750e+00 1.642669189020387721e+00 1.659554115015791087e+00 1.694007052744646691e+00 1.707659986329248092e+00 1.738337266410143078e+00 1.748979779444548077e+00 1.765897867389758735e+00 1.793847814940408680e+00 1.816189168269805920e+00 1.875478807676383530e+00 1.890894227158723018e+00 1.939427474116131478e+00 1.955463247157540385e+00 1.974267835758827472e+00 2.003892456473141959e+00 2.034760217743122546e+00 2.048329542502097311e+00 2.081271873591921562e+00 2.102896070267873618e+00 2.154216462822385214e+00 2.205238961621017513e+00 2.230640479946886412e+00 2.265404371300506980e+00 2.306254362759222243e+00 2.330954254514840063e+00 2.376348051664168182e+00 2.457401975978735109e+00 2.496999934557538214e+00 2.518935956820262945e+00 2.576974088800155993e+00 2.601415912057471580e+00 2.647957987011013259e+00 2.749328629013446879e+00 2.768568198777405787e+00 2.830167085428834994e+00 2.866802400519673277e+00 2.960979316139790374e+00 3.139451703868293198e+00 3.149700884466905215e+00 3.184983673946949256e+00 3.210107790774507475e+00 3.386601869545095678e+00 3.410569392170207159e+00 3.420208894071238515e+00 3.553183509829149322e+00 3.615487207662857028e+00 3.672720869820694567e+00
1.744482237547985148e-01 2.222724993278874239e-01 2.514585465165017353e-01 2.609020325666531193e-01 3.103396785481197240e-01 3.485829568939360912e-01 3.766867007616878649e-01 4.106982293652742810e-01 4.307343093451221905e-01 4.369281719363622973e-01 4.792140654581598103e-01 4.983241292064992112e-01 5.109403713289237814e-01 5.208537754001774100e-01 5.584727907811133374e-01 5.704710598230082752e-01 5.894106006139898657e-01 6.153219572710445506e-01 6.286342377627568423e-01 6.448036896447042476e-01 6.659780366320310341e-01 6.780205559989205266e-01 6.886839246215468169e-01 7.047954044743512947e-01 7.205570995802964562e-01 7.257120202713684964e-01 7.749048809020638862e-01 7.848040583650377489e-01 8.212246046577784675e-01 8.358610135042986444e-01 8.438786323503681963e-01 8.540313540608525100e-01 8.829909702174066899e-01 8.925068058792605674e-01 9.246557793471235076e-01 9.391551032140962318e-01 9.590770801087874498e-01 9.692920595047441745e-01 9.781918627307351066e-01 9.893252096771075754e-01 1.005980595520908683e+00 1.024023145983430805e+00 1.045872242493370630e+00 1.052779403043452966e+00 1.073574181995886168e+00 1.094688132584531459e+00 1.109646446089732841e+00 1.128441018883250990e+00 1.143889500466272358e+00 1.161187629745122907e+00 1.186380814250694193e+00 1.202647818681069181e+00 1.213901062388790475e+00 1.245206174013888223e+00 1.259883695176701623e+00 1.277324608948334328e+00 1.293748768843328234e+00 1.318428938365014735e+00 1.349951681852167074e+00 1.368200713564156068e+00 1.374771534386535876e+00 1.393567347650559007e+00 1.418006701970736971e+00 1.434604805658937998e+00 1.445924647592874868e+00 1.470763127186463626e+00 1.480180995457707205e+00 1.492745179389010302e+00 1.514274354188891225e+00 1.536048232181516093e+00 1.545996599264723104e+00 1.565812383124038698e+00 1.622608985304620832e+00 1.644812759932842594e+00 1.664263788921310550e+00 1.692870132821969964e+00 1.714087649022706383e+00 1.739877748664124812e+00 1.748231286910583604e+00 1.764399811626192083e+00 1.793852555370865964e+00 1.823527249580623621e+00 1.873180585465092474e+00 1.885627347614672766e+00 1.938663594063577467e+00 1.956147549889471815e+00 1.971499950163186465e+00 1.997462996746857122e+00 2.034315027381094154e+00 2.047118189879007844e+00 2.080368778683000741e+00 2.102890975775051352e+00 2.155721354135148538e+00 2.202690445663170404e+00 2.226832203851919267e+00 2.266626829623553441e+00 2.305593507616115367e+00 2.330456512692366200e+00 2.366335900869807496e+00 2.457424604852829209e+00 2.497781867293446201e+00 2.517530063817576380e+00 2.572770110156213708e+00 2.600586834260345981e+00 2.642212983112440128e+00 2.745495516155929572e+00 2.774862519768082070e+00 2.832246463670955450e+00 2.865539768097457696e+00 2.957872509004041195e+00 3.132977684126926121e+00 3.152668536035974967e+00 3.178884510185474355e+00 3.204197836076555728e+00 3.384048725792418999e+00 3.407861581569142206e+00 3.419902773640233207e+00 3.553048125670968282e+00 3.603831464968344722e+00 3.671878769319099067e+00
1.713346173203526279e-01 2.099987569323299996e-01 2.305540359032730025e-01 2.466160621546957810e-01 3.009256356936606536e-01 3.384333890582006399e-01 3.637897918222646187e-01 4.073767979846725784e-01 4.227728005669471600e-01 4.388521835547102845e-01 4.654028362321720458e-01 4.863176232507693264e-01 5.084173222977870221e-01 5.132227321576200429e-01 5.486834866919442222e-01 5.712385386182515790e-01 5.905627011980846275e-01 6.133851472343189171e-01 6.279532939045691098e-01 6.449377947828084379e-01 6.704876430815045474e-01 6.782163987800500227e-01 6.890911488915208993e-01 7.052230973022701743e-01 7.239881472105804683e-01 7.323409684919427454e-01 7.790661842580687280e-01 7.862236867096472626e-01 8.170378899450491117e-01 8.319693476940015486e-01 8.428748152786346148e-01 8.545246126453766022e-01 8.784435667305514617e-01 8.991305057787265520e-01 9.221662543723491146e-01 9.335517908928824271e-01 9.571522372998063632e-01 9.685336015396441844e-01 9.747895040559271251e-01 9.901311801660209744e-01 1.005292983119320915e+00 1.029997958129243552e+00 1.047880484997846917e+00 1.053012063816012089e+00 1.070523263151457183e+00 1.095537857845875429e+00 1.111754794233291932e+00 1.132650753100866714e+00 1.141013250198928741e+00 1.164053907569311264e+00 1.187626341438430266e+00 1.204734310090871396e+00 1.210855155521701088e+00 1.241194216319435162e+00 1.253083930288959147e+00 1.277336022405830773e+00 1.289095668762000102e+00 1.315283626420596486e+00 1.346391250699916275e+00 1.365080841944645185e+00 1.372934756186843019e+00 1.390451775229677223e+00 1.417101538536141403e+00 1.433494307186282457e+00 1.445522568035880973e+00 1.465935266957168359e+00 1.483317030970592976e+00 1.490731854207078433e+00 1.514275679662779206e+00 1.534989448484187946e+00 1.548165165671186783e+00 1.570661824805049234e+00 1.624298688382425526e+00 1.645651943131152706e+00 1.668374959995719387e+00 1.692024939199139100e+00 1.718797179191096536e+00 1.740572259681566702e+00 1.749051225793339048e+00 1.764976101368595840e+00 1.794106522585758201e+00 1.829563040771314819e+00 1.870151753928165350e+00 1.880841164372601293e+00 1.937734713561437339e+00 1.954941468887033018e+00 1.969222181217460621e+00 1.991104216354388834e+00 2.033256698419110275e+00 2.046342173392504016e+00 2.078964815148487855e+00 2.103723167202929289e+00 2.157298583795608238e+00 2.199609296840428385e+00 2.222799487137179231e+00 2.267234736212708768e+00 2.303644641582833774e+00 2.331338060875908003e+00 2.355907706626800824e+00 2.455579555803244052e+00 2.496780660182586598e+00 2.518464109816791474e+00 2.568067325785396537e+00 2.599054186069439165e+00 2.636918296767293501e+00 2.741017955240694359e+00 2.782025149651272233e+00 2.833723902305506748e+00 2.865263212244381741e+00 2.953900254956616234e+00 3.124626938654693653e+00 3.155978518067521943e+00 3.171463151487349919e+00 3.198388582089201293e+00 3.380470630798272147e+00 3.404910690468248458e+00 3.419592339502080858e+00 3.552812111756137536e+00 3.590571004418345868e+00 3.671156381313397166e+00
1.653610567049149382e-01 1.948542999589547298e-01 2.042640121780640305e-01 2.391807846176031704e-01 2.880428667205030546e-01 3.208052330282649689e-01 3.490286949120168236e-01 4.008802911144292436e-01 4.098735758175788835e-01 4.428276131973841179e-01 4.549787307636046219e-01 4.734184310644335425e-01 5.011645188321390831e-01 5.147909457849714210e-01 5.410198107627792741e-01 5.701039634770773690e-01 5.915664619070377661e-01 6.104221009673698184e-01 6.265938231848590112e-01 6.466354003756089597e-01 6.722428826919322198e-01 6.779610048030918490e-01 6.931858374356697494e-01 7.070777459327498571e-01 7.279726359500252597e-01 7.393389546085151753e-01 7.796510298325161070e-01 7.904271857631843812e-01 8.154112637348527315e-01 8.273875455962862446e-01 8.424501804461308474e-01 8.564657103988175813e-01 8.747244747918307972e-01 9.044057271308773016e-01 9.188232836120614477e-01 9.297273912731451873e-01 9.541627339132032759e-01 9.654219226383554675e-01 9.725612606818350159e-01 9.914857359667066383e-01 1.006838021051752019e+00 1.033893044872952194e+00 1.049696669403909377e+00 1.055738630672590883e+00 1.067278351753423671e+00 1.097715870953632322e+00 1.113639649495244743e+00 1.131432091763229675e+00 1.142024119679133642e+00 1.166462725890506258e+00 1.188586310005440350e+00 1.203757300754956461e+00 1.210673063598492583e+00 1.237967322010953941e+00 1.246863481683311070e+00 1.276600739887568947e+00 1.285504682680257416e+00 1.311946970661358458e+00 1.340437961617741980e+00 1.361442131306689118e+00 1.369797250329159999e+00 1.387868981030446092e+00 1.415417447170794318e+00 1.431246574905740587e+00 1.444442245772202593e+00 1.463226611212656847e+00 1.484866440287692324e+00 1.491965733730305610e+00 1.512027388485603696e+00 1.535209988337483455e+00 1.555404266262794488e+00 1.576144592085932272e+00 1.625336730202475266e+00 1.645746190135457310e+00 1.670734514172602880e+00 1.691966734809194906e+00 1.721575601087145468e+00 1.740737091713004503e+00 1.750828762078669998e+00 1.767710554968157766e+00 1.794851078277511336e+00 1.833024217913865606e+00 1.865599412811868918e+00 1.878526091790621466e+00 1.936385074709686460e+00 1.951540804861225054e+00 1.967587593653897571e+00 1.985402508740544691e+00 2.032249810368748744e+00 2.045810558638813337e+00 2.077627266733904410e+00 2.104906806458589852e+00 2.158491876630812101e+00 2.196555237039806485e+00 2.218872569663526306e+00 2.266394274365682193e+00 2.301181316060264770e+00 2.332548689004929177e+00 2.346986419053881168e+00 2.451547599113526044e+00 2.494230475927760704e+00 2.521410180819513958e+00 2.563508394692343817e+00 2.596439842864915359e+00 2.632576690343530146e+00 2.736490617058365604e+00 2.788740651499709067e+00 2.834042799629597820e+00 2.866773801649662889e+00 2.949092065470620749e+00 3.115501141920744566e+00 3.157873850154790940e+00 3.162590507214094515e+00 3.194298194422707127e+00 3.375749984579716756e+00 3.402022377317047486e+00 3.419305607097137045e+00 3.552263119823521276e+00 3.576596188499354678e+00 3.670565033164189028e+00
1.538330642543084825e-01 1.762453221464939379e-01 1.819521153403473590e-01 2.360047361666081922e-01 2.705799061806132277e-01 2.959299765712177233e-01 3.313558772336610003e-01 3.893747790046135360e-01 4.021655937666169245e-01 4.395211228770396494e-01 4.527461182930452854e-01 4.653319283708695631e-01 4.951521938195739270e-01 5.165606124873092231e-01 5.363359179321800507e-01 5.680313242881663838e-01 5.879603717106965943e-01 6.072545288507711359e-01 6.274313304473789765e-01 6.472518180145595545e-01 6.728406443430857697e-01 6.786020106559353948e-01 6.987375368759098926e-01 7.100702109764677195e-01 7.311466607698972053e-01 7.449760341626584514e-01 7.806412079709610374e-01 7.952165284775818410e-01 8.163681335593807598e-01 8.240315220538912966e-01 8.431689261694544912e-01 8.589165279910949691e-01 8.729354808646661024e-01 9.050211004802485304e-01 9.148202374147033078e-01 9.306364101993092053e-01 9.499369120378976517e-01 9.639530324118301685e-01 9.701937660848678480e-01 9.921428822930649094e-01 1.008938064903387888e+00 1.035044938869346787e+00 1.050319037114834542e+00 1.058908902244563022e+00 1.066807278697057049e+00 1.101163767588604125e+00 1.114758106380750569e+00 1.126764980783348635e+00 1.146312428435760644e+00 1.167541121468937737e+00 1.188886430279023632e+00 1.201577859994259923e+00 1.210572049436291264e+00 1.234376851810084164e+00 1.243565156547607131e+00 1.275243913534920503e+00 1.283235584956320841e+00 1.308958417175273503e+00 1.333433082782951251e+00 1.357794168995520634e+00 1.365497700794554792e+00 1.385849437303921627e+00 1.412989391254001914e+00 1.428638608392323928e+00 1.442858412203082752e+00 1.462964463759450329e+00 1.484483192396879314e+00 1.494687933350307807e+00 1.508372418748733068e+00 1.538278447657284387e+00 1.564225228428257841e+00 1.582066312561752675e+00 1.625615210883412987e+00 1.645378706649220701e+00 1.671552482439660370e+00 1.692220790968425481e+00 1.722967393453917584e+00 1.741141625305723473e+00 1.752776394241342350e+00 1.771868542034140681e+00 1.796254867004609013e+00 1.832639835550758933e+00 1.859754380239603044e+00 1.879674133127342772e+00 1.934272789206350263e+00 1.947145672301829000e+00 1.965592002297357865e+00 1.981063261145534993e+00 2.031661881707193640e+00 2.045477509353191614e+00 2.076767603052681821e+00 2.105991614922323230e+00 2.158873946356793638e+00 2.194144869917794338e+00 2.215182194272342198e+00 2.263914888185945884e+00 2.298679568388694250e+00 2.330510083016186229e+00 2.343969911028584541e+00 2.445543004944966459e+00 2.491315626214168244e+00 2.524468352675780292e+00 2.559887777209199022e+00 2.592679837607967386e+00 2.629429005057118296e+00 2.732099502788124745e+00 2.793957568768072885e+00 2.833342559673909911e+00 2.870258351941012531e+00 2.943582558526837367e+00 3.106252296953643022e+00 3.150339064801112698e+00 3.159253914787783835e+00 3.193373024645913549e+00 3.369998627776713551e+00 3.399424391706728166e+00 3.419060448390234708e+00 3.550242425174765959e+00 3.563833399371932664e+00 3.670101253517258133e+00
1.332986365933853945e-01 1.484770582274141659e-01 1.769302576629053214e-01 2.341199786703799801e-01 2.475195125151826436e-01 2.659537688551158463e-01 3.161376868243427340e-01 3.763233853543081486e-01 3.984956668136409030e-01 4.317369688103102621e-01 4.505840286506884729e-01 4.656585866664817996e-01 4.910266407701912583e-01 5.175106430896807552e-01 5.341551457527395907e-01 5.648775911051062693e-01 5.809583887775285893e-01 6.036725157753656257e-01 6.304079215519667878e-01 6.454417170631890910e-01 6.734777276922145894e-01 6.811183965099535387e-01 7.035920758127504060e-01 7.136841990061507657e-01 7.331828000020682579e-01 7.485413404739535981e-01 7.853553025355771711e-01 7.972082661233848011e-01 8.168601245953271972e-01 8.256921381011864680e-01 8.464589698926100469e-01 8.607467280290038714e-01 8.731137373905020205e-01 9.002100730749743596e-01 9.133279366937485655e-01 9.348224613071688394e-01 9.454220433758331321e-01 9.623700781371692381e-01 9.703960271462239717e-01 9.913690007586143382e-01 1.009305786493254420e+00 1.034410955834056622e+00 1.051165212633805579e+00 1.057230980501746131e+00 1.072124235451134000e+00 1.104782601515559293e+00 1.113546236349779006e+00 1.124624871968336270e+00 1.150882290311899592e+00 1.166881526390518786e+00 1.188527130557186950e+00 1.198252992020729435e+00 1.209956783104341405e+00 1.230051663945253893e+00 1.243339950254648274e+00 1.273236679804239158e+00 1.282781620100439168e+00 1.307258070711866393e+00 1.326449419214199121e+00 1.354773568724374488e+00 1.360549058811589829e+00 1.383716722706123115e+00 1.410598520473025808e+00 1.426380566489663160e+00 1.440770194626955547e+00 1.463962955362934082e+00 1.483337279642996664e+00 1.496252884659594384e+00 1.506090236112515690e+00 1.542601039542394581e+00 1.572440697032616130e+00 1.588252851282418110e+00 1.625279444603328516e+00 1.644787574042461120e+00 1.671824858776001621e+00 1.691978041844892200e+00 1.723500660604330825e+00 1.742205684394206866e+00 1.754574800755777764e+00 1.776422910998297411e+00 1.798343947293591816e+00 1.828241182173987012e+00 1.853909691832977158e+00 1.883308090164506288e+00 1.931267996683465160e+00 1.943017251159377956e+00 1.962684228439611767e+00 1.978404789258269458e+00 2.031490551560883429e+00 2.045416268396420989e+00 2.076549532305262957e+00 2.106719507839941663e+00 2.158278218576580532e+00 2.192745636620975436e+00 2.211741836170001196e+00 2.260656243807786403e+00 2.295595047248905729e+00 2.325834237249960523e+00 2.347074726927294019e+00 2.438191783574350513e+00 2.488678591208997037e+00 2.525773992263957712e+00 2.558130223007397674e+00 2.588106772228741193e+00 2.627391491961079684e+00 2.727927076403914075e+00 2.796876663061354407e+00 2.832513681890292290e+00 2.875127965280918296e+00 2.937632132578213540e+00 3.097424968101186504e+00 3.137871352701131045e+00 3.157608113537214045e+00 3.195632444368800673e+00 3.363594254535981154e+00 3.397203786236355327e+00 3.418865637794005430e+00 3.542454357529559950e+00 3.557388008586610972e+00 3.669754110308182771e+00
1.075399223374700480e-01 1.202657364138191298e-01 1.779667033580759616e-01 2.064879133757377139e-01 2.371069932200282615e-01 2.442447397197989312e-01 3.053455436181344296e-01 3.643609956994924848e-01 3.958650354056478249e-01 4.250578961546654932e-01 4.460571224793863365e-01 4.694139768813269109e-01 4.891203999327772278e-01 5.164813056354041754e-01 5.338948975948506481e-01 5.607393575935090135e-01 5.747255613243623662e-01 5.990534744631408337e-01 6.333038242438687737e-01 6.423359576012908079e-01 6.745537432923294219e-01 6.845102565208128764e-01 7.075607661738523291e-01 7.171767117742219311e-01 7.348928976227662169e-01 7.509302990612535256e-01 7.903050272679840171e-01 7.975185607735059135e-01 8.174670470292777491e-01 8.313500545902768879e-01 8.515094156119751290e-01 8.627517122146319828e-01 8.744592629787323323e-01 8.941698199376912903e-01 9.145599527349175251e-01 9.373772885595050841e-01 9.434328695230804751e-01 9.601872184921940168e-01 9.731205241595863864e-01 9.886791467687685575e-01 1.007655151828992679e+00 1.032380809828763901e+00 1.051388547897863734e+00 1.056575835541185393e+00 1.076935475640396822e+00 1.104862937147181423e+00 1.113730787512059450e+00 1.125714327139348381e+00 1.154444793394535651e+00 1.165259816220225009e+00 1.188029308162175113e+00 1.193326893639975683e+00 1.209998274956523900e+00 1.226467472427387628e+00 1.243734514490708376e+00 1.269755189166804410e+00 1.284396283302030595e+00 1.307763295563200145e+00 1.320490197066965354e+00 1.351920335708308496e+00 1.356035783831128327e+00 1.381141754344225481e+00 1.408760838256408521e+00 1.424838944366617621e+00 1.438091556008735061e+00 1.465286500904351863e+00 1.481457287922660182e+00 1.496296321047318356e+00 1.506331616463359113e+00 1.547078307279193377e+00 1.578890977969949150e+00 1.593865449431284054e+00 1.624761044882227168e+00 1.644384660925392261e+00 1.672191854581315695e+00 1.691038833069993474e+00 1.723278634788777630e+00 1.744101422434696014e+00 1.756128667776282626e+00 1.780464476886014946e+00 1.800921991796299970e+00 1.821200091018463807e+00 1.848795675376480041e+00 1.887921295771243013e+00 1.927885608901946490e+00 1.939462408517474756e+00 1.959574016337768398e+00 1.976897994478948206e+00 2.031458913723815485e+00 2.045797678306735090e+00 2.076895772221270420e+00 2.107029607097524071e+00 2.156919651918080216e+00 2.192333441266438587e+00 2.208540258824854163e+00 2.258022479736967014e+00 2.291140367544609369e+00 2.322765798342726562e+00 2.352241775998714868e+00 2.430249474749905936e+00 2.486526897827102456e+00 2.524432427858282146e+00 2.558591361609397374e+00 2.583309371152469058e+00 2.626186803448895102e+00 2.724086012231297982e+00 2.797297751850950309e+00 2.832352193341434177e+00 2.880521717383508928e+00 2.931622496407745526e+00 3.089494897338519674e+00 3.125064537462946213e+00 3.155082870015062380e+00 3.199840202992692895e+00 3.357087070598949285e+00 3.395361834179275284e+00 3.418721531466923924e+00 3.530902373502004643e+00 3.556053224634140530e+00 3.669507837780731752e+00
8.018365899667884156e-02 9.144579113870389409e-02 1.555764871201092414e-01 1.863408792923944846e-01 2.249519472472291948e-01 2.423255428992473759e-01 2.979201266005175319e-01 3.548879931314686820e-01 3.940786083180780608e-01 4.200750863795267298e-01 4.415623823411121140e-01 4.707820453041828834e-01 4.890106517628583505e-01 5.138257993785635414e-01 5.352300608933817649e-01 5.574188095716093860e-01 5.704985257484722627e-01 5.941293432642955619e-01 6.332000630310820055e-01 6.404243142689707291e-01 6.761491536703282401e-01 6.876091129406866065e-01 7.110843348111370865e-01 7.203484747367570051e-01 7.367188439005305511e-01 7.525228366350742437e-01 7.879833822818448352e-01 8.033393637404275811e-01 8.195151373417246532e-01 8.371680854565521912e-01 8.529387016339837757e-01 8.685623763455796453e-01 8.767663916765886523e-01 8.896365058645784307e-01 9.186032989764301160e-01 9.338642765632274578e-01 9.470795485123804092e-01 9.591008376842925509e-01 9.749631733214447760e-01 9.843314044184506839e-01 1.006135760131443790e+00 1.028815189487738646e+00 1.049008589921891055e+00 1.059538916377360529e+00 1.078704621294009236e+00 1.101778873934621261e+00 1.117158573241931130e+00 1.127759032590524679e+00 1.154846886903705405e+00 1.165413199472599803e+00 1.185334486636871576e+00 1.190778999045972286e+00 1.210942851367359463e+00 1.224150239829711051e+00 1.243527841795876610e+00 1.264785672242258574e+00 1.286661382864042968e+00 1.310114951535568117e+00 1.316775275327121575e+00 1.348491957462147006e+00 1.352917333803460798e+00 1.378554187570260492e+00 1.407409217029105930e+00 1.423927363453301620e+00 1.435150026684798963e+00 1.466442255004954065e+00 1.479185620009477287e+00 1.495962314603508148e+00 1.507854487206224947e+00 1.551044721586849917e+00 1.583660951616635337e+00 1.597572946740334343e+00 1.624692344082671935e+00 1.644331504025769997e+00 1.672764729390595395e+00 1.689808667932018116e+00 1.722379346651790488e+00 1.746635653704520008e+00 1.757392884010953393e+00 1.783273478069890894e+00 1.803480510741810594e+00 1.813794926397224838e+00 1.844608867840999089e+00 1.892300264414919164e+00 1.924961905871313883e+00 1.936264808873691123e+00 1.957127440455311174e+00 1.975903948424150069e+00 2.031265454224670197e+00 2.046735500720260337e+00 2.077547923442393696e+00 2.107008569441270573e+00 2.155249485286990119e+00 2.192635786038898082e+00 2.205645397000706165e+00 2.257086728625045779e+00 2.285443903548554534e+00 2.321632550041732745e+00 2.358036375124759498e+00 2.422465590429281779e+00 2.484985758200331407e+00 2.521058533234531662e+00 2.560446705489725971e+00 2.578915614376632082e+00 2.625525192162288413e+00 2.720755912238971064e+00 2.795906842892260880e+00 2.832901255209686830e+00 2.885666280497823255e+00 2.926026768718806181e+00 3.082870487321339947e+00 3.113279372135373091e+00 3.152468145439144553e+00 3.204643759718924567e+00 3.351089011651863903e+00 3.393888733649463418e+00 3.418621947187860943e+00 3.520320688645260265e+00 3.555818267270374644e+00 3.669343868792183105e+00
5.253681979141472391e-02 6.196457636138125863e-02 1.059602733405182601e-01 1.846789234538062097e-01 2.204042223300054781e-01 2.435770366584379953e-01 2.925130812212402009e-01 3.488496336129753850e-01 3.939061850485594540e-01 4.161868435449431747e-01 4.379811088875893432e-01 4.659441304644887372e-01 4.913703688533410663e-01 5.125112490928354081e-01 5.372789450867109240e-01 5.559311085385535423e-01 5.674627454793443881e-01 5.898454008352709277e-01 6.303462512340770596e-01 6.398773829162266447e-01 6.782969149410157383e-01 6.896708634171773156e-01 7.141875473480470138e-01 7.235569097491395540e-01 7.379869085548725893e-01 7.532623284125160579e-01 7.837789191372944719e-01 8.101217409172786210e-01 8.223755307649392998e-01 8.406056869599994874e-01 8.510753012443562637e-01 8.741142670125268133e-01 8.811905968750262108e-01 8.888554576816062314e-01 9.236432223913677575e-01 9.305212683141746988e-01 9.504381797101028040e-01 9.594997427259198686e-01 9.736469437666674942e-01 9.805656325557029485e-01 1.005814044756696113e+00 1.023865667884930275e+00 1.046376660411087789e+00 1.063108708494254540e+00 1.077600853382288948e+00 1.099590847754207124e+00 1.119963278066942625e+00 1.129654858545401375e+00 1.152618836436186900e+00 1.167831487726515460e+00 1.181063209179411766e+00 1.191593925852891811e+00 1.212906757247487199e+00 1.222880948191163775e+00 1.242143703467049498e+00 1.259774028154587722e+00 1.287695506134505230e+00 1.311723950792392568e+00 1.317230215581546959e+00 1.345324940283148862e+00 1.350555649668371272e+00 1.376700883373974227e+00 1.406266305153496265e+00 1.423289653376154540e+00 1.432675100078874664e+00 1.467137334226937595e+00 1.477192898890108852e+00 1.495755522122998116e+00 1.509524699453685059e+00 1.554053089686192157e+00 1.587208345673154275e+00 1.598866088294229382e+00 1.625736253740113435e+00 1.643851004095345569e+00 1.673559863278114124e+00 1.688855852679925551e+00 1.721104085755172264e+00 1.749286146036735046e+00 1.758290178495464096e+00 1.784373046715648448e+00 1.804587755867834931e+00 1.809087252041772231e+00 1.841462776165923687e+00 1.895706272875819609e+00 1.922999436272267104e+00 1.933457620268923094e+00 1.955626776595375205e+00 1.975157471485868399e+00 2.030865987766028891e+00 2.048017660566769482e+00 2.078202391095595569e+00 2.106819481165399743e+00 2.153723485009081173e+00 2.193313176200414549e+00 2.203251836819490883e+00 2.258188603855840970e+00 2.279256769740542143e+00 2.321517358137763498e+00 2.363548985038527395e+00 2.415650999898812046e+00 2.484141055783588126e+00 2.516998573720877541e+00 2.562524725962030292e+00 2.575442606095763143e+00 2.625188218216031544e+00 2.718157347871886564e+00 2.793875523472681088e+00 2.833704500846825347e+00 2.889944034461922495e+00 2.921369876232177365e+00 3.077884820301794111e+00 3.103764658047377889e+00 3.150301731917782622e+00 3.208961633756862053e+00 3.346208391045593533e+00 3.392796921221272743e+00 3.418557977295382688e+00 3.512144942181189666e+00 3.555842253972845590e+00 3.669243427526116541e+00
2.465574464545795125e-02 3.210414837378218478e-02 5.359598863288931453e-02 1.794832806855318763e-01 2.239838065180279336e-01 2.443296862643079825e-01 2.884186569735573413e-01 3.460871201936736030e-01 3.952492302227481047e-01 4.132988988320772661e-01 4.356778665047950638e-01 4.583955230187213847e-01 4.945904666778557779e-01 5.129604950427740784e-01 5.390129217874581879e-01 5.556081427766761394e-01 5.652383421867090973e-01 5.868950080433261718e-01 6.278181194604770532e-01 6.391893991366101035e-01 6.803974761303758223e-01 6.905545606346175092e-01 7.163706575315121894e-01 7.266832604590637290e-01 7.380759338083150434e-01 7.534153995002828008e-01 7.806455237017660975e-01 8.154917506986066877e-01 8.246157168494728795e-01 8.405474359380534777e-01 8.502803092671360474e-01 8.758679191455063240e-01 8.814923262288631989e-01 8.973568854067714984e-01 9.206855099798895159e-01 9.335702305992442662e-01 9.519956041060368968e-01 9.612478966139763603e-01 9.720975558965809782e-01 9.781299331354459392e-01 1.004316033851779366e+00 1.019826865259911619e+00 1.044455768361560732e+00 1.065873724073082229e+00 1.075615462645574727e+00 1.098517029261153910e+00 1.121301296530724967e+00 1.131144607775564248e+00 1.150263364552768675e+00 1.170319942405200653e+00 1.178328169631676747e+00 1.192707841774131916e+00 1.215790248671441143e+00 1.222140670712145827e+00 1.239508808505909387e+00 1.256496531182250465e+00 1.287349921264005825e+00 1.312149764809521502e+00 1.320158469919646915e+00 1.342904876931443336e+00 1.348924035579424308e+00 1.375834260023677702e+00 1.405342798745253585e+00 1.422728631027889490e+00 1.431225181741961672e+00 1.467280166854730838e+00 1.476033847463769311e+00 1.495646106663638397e+00 1.510766182365995691e+00 1.555876563586994665e+00 1.589729983682130365e+00 1.598500386186298527e+00 1.627809774770871742e+00 1.642301645711035096e+00 1.674454711966880449e+00 1.688420771723576408e+00 1.719939758692495380e+00 1.751369072431227414e+00 1.758772109393819560e+00 1.784026432480813273e+00 1.802975947916123589e+00 1.809070164186737495e+00 1.839497895141345207e+00 1.897800604513476319e+00 1.922021337366189409e+00 1.931429733636333079e+00 1.954910000183695429e+00 1.974653660352489792e+00 2.030467220902127501e+00 2.049128370451734238e+00 2.078646811019209562e+00 2.106628913375052647e+00 2.152680197378529670e+00 2.193994834732367227e+00 2.201623741064254958e+00 2.260950994215274346e+00 2.273410422512787132e+00 2.321687557644937616e+00 2.367701262043964583e+00 2.410791195051197988e+00 2.483889789498988865e+00 2.513670428513246957e+00 2.564041746151161760e+00 2.573232365063388372e+00 2.625036097027626081e+00 2.716499284175674322e+00 2.792234806403109282e+00 2.834335965061362650e+00 2.892836709017696073e+00 2.918204082824642942e+00 3.074787176313141579e+00 3.097577264627461968e+00 3.148893596982660803e+00 3.211946559251988909e+00 3.342999800039866187e+00 3.392118901155214861e+00 3.418522173352297688e+00 3.507017184222371409e+00 3.555911803088303458e+00 3.669190422454247980e+00
-2.745567948521814884e-04 -1.966812911505391259e-04 -4.021415828252997307e-08 1.769456688286696611e-01 2.264891719155288918e-01 2.445138027288986382e-01 2.866875035092542046e-01 3.454101698234701701e-01 3.962270212061658747e-01 4.121331394093498690e-01 4.348488242532635439e-01 4.549070117323005813e-01 4.959744712888031759e-01 5.134148060734828878e-01 5.396937050322412333e-01 5.556412566237858286e-01 5.643097434399919621e-01 5.858278252960741339e-01 6.268871779970381919e-01 6.388163862116288394e-01 6.813173845330678935e-01 6.907174098666143403e-01 7.171502018158982805e-01 7.282310196671560876e-01 7.377083770076557911e-01 7.534100895836091105e-01 7.795075769053024795e-01 8.178430881147139564e-01 8.251541348554853883e-01 8.399400025430220351e-01 8.502966748541559427e-01 8.759850600179701630e-01 8.812853190202046827e-01 9.041377625856978906e-01 9.161854191303854256e-01 9.352564981164703806e-01 9.525199058122827411e-01 9.626461119275080414e-01 9.721626981690669744e-01 9.770291948631295575e-01 1.002336790837700109e+00 1.018780839243130787e+00 1.043745116042317900e+00 1.066947410341193780e+00 1.074702147958302101e+00 1.098183782229627869e+00 1.121625431732338640e+00 1.131804497309396806e+00 1.149234714204421026e+00 1.171369259846102073e+00 1.177399969712670469e+00 1.193172807711659011e+00 1.217648930752153857e+00 1.221671789328926838e+00 1.237857987073360810e+00 1.255478108049381758e+00 1.286977590753148437e+00 1.312352652161485000e+00 1.321621161191193439e+00 1.341814993645810805e+00 1.348401950347354106e+00 1.375627643940795064e+00 1.404964963447650650e+00 1.422474872799917467e+00 1.430786892990383974e+00 1.467224809666655805e+00 1.475707531787781912e+00 1.495606782863804218e+00 1.511224279560976713e+00 1.556478729076370637e+00 1.590776550711042070e+00 1.598023241337245048e+00 1.629115836354923408e+00 1.641162967406994966e+00 1.674878528752917761e+00 1.688329699319205179e+00 1.719455922743655663e+00 1.752180364776600108e+00 1.758906452414290333e+00 1.783614164757976406e+00 1.802247298091359529e+00 1.809462871315718369e+00 1.838828412507405696e+00 1.898499188750083944e+00 1.921754539725863520e+00 1.930674267313769121e+00 1.954710752840842503e+00 1.974471844151182154e+00 2.030302710693820956e+00 2.049565923254144550e+00 2.078798956001935760e+00 2.106552136117854968e+00 2.152312447408417651e+00 2.194290335224519772e+00 2.201032622974317121e+00 2.263287423906877649e+00 2.270051408975011231e+00 2.321778848800238659e+00 2.369290750883142671e+00 2.408982365448177010e+00 2.483883476496522302e+00 2.512365267116392520e+00 2.564592207790392653e+00 2.572473144837430503e+00 2.624993290579305416e+00 2.715928996180324351e+00 2.791618265474452798e+00 2.834568361336007758e+00 2.893877342477574111e+00 2.917062405927874469e+00 3.073736053787068823e+00 3.095430846969464245e+00 3.148407035875312232e+00 3.213013283202290626e+00 3.341877674334944537e+00 3.391888198669108068e+00 3.418510588530232042e+00 3.505272486806967347e+00 3.555943206363179065e+00 3.669174025626007030e+00
-7.115376987298006883e-03 3.025988696919735405e-02 5.463801315578179635e-02 1.794429372845980364e-01 2.235392239434831618e-01 2.467775426910646386e-01 2.863781233588424957e-01 3.484628555133105765e-01 3.950643299053768764e-01 4.103001607680847873e-01 4.385989809377698334e-01 4.567659792621943660e-01 4.958027052333598417e-01 5.144642360001648873e-01 5.393748788272834105e-01 5.550803930492895777e-01 5.649200633771344071e-01 5.859155215064626443e-01 6.262769137249286633e-01 6.383796472013487655e-01 6.798972874355888596e-01 6.922813800667698692e-01 7.167715271691511569e-01 7.278347875540355227e-01 7.370290134667027981e-01 7.504125438566214834e-01 7.809116056222572544e-01 8.173922280344879665e-01 8.247803628834087242e-01 8.394858866218104509e-01 8.495352836440202005e-01 8.747390228402291967e-01 8.819338327482717510e-01 9.037781337690503625e-01 9.156502575920834053e-01 9.341783575412286877e-01 9.512526845185956814e-01 9.578045757045481334e-01 9.734033823835825938e-01 9.775573307727565275e-01 1.003746748528517196e+00 1.019365862697500402e+00 1.045276169120241017e+00 1.066617102304201925e+00 1.075257170038048882e+00 1.097088617017122125e+00 1.121147752571595602e+00 1.132383847285235223e+00 1.149216275690166711e+00 1.169603375556138358e+00 1.178220624625743618e+00 1.193415266396559149e+00 1.217812025949442489e+00 1.221916313222255690e+00 1.238370978485230589e+00 1.255211084020856793e+00 1.287680732194935285e+00 1.311538867169629086e+00 1.321659145257914725e+00 1.341475200763777131e+00 1.350063896378955297e+00 1.375480790629083572e+00 1.405063947603533148e+00 1.422106341114376393e+00 1.432699752525062875e+00 1.467488108778786104e+00 1.475363416211504131e+00 1.496924787276208590e+00 1.513753732244652594e+00 1.556382605216473980e+00 1.590958217642816308e+00 1.598329058469473374e+00 1.628121198561977900e+00 1.642063160023013557e+00 1.674821102022802544e+00 1.686908559661618900e+00 1.721650905478224969e+00 1.751277510474818611e+00 1.759160816589850906e+00 1.782871558315911154e+00 1.801581028397785555e+00 1.809794551259320095e+00 1.838012404537809896e+00 1.897060669009398515e+00 1.923301096278273725e+00 1.932497590173579916e+00 1.954579877409532429e+00 1.975708044348897685e+00 2.030308382782001875e+00 2.049094680956239589e+00 2.077563320441917050e+00 2.107823263509164491e+00 2.153299359776694288e+00 2.194056414395597621e+00 2.201899798709393785e+00 2.261285936205021496e+00 2.272455844505109734e+00 2.320096284905983630e+00 2.371531668145444360e+00 2.410800914102497305e+00 2.484660442413069603e+00 2.512644555826256898e+00 2.563284681829602452e+00 2.574540812493933295e+00 2.627080538575499169e+00 2.715746654049094211e+00 2.791622941028335969e+00 2.835103079860639586e+00 2.892587177475458127e+00 2.920961491014637534e+00 3.074278644317574472e+00 3.095503673526371458e+00 3.148155494538165122e+00 3.213234950513364385e+00 3.341997576645163726e+00 3.392219881867949649e+00 3.418397314104745011e+00 3.506588954211127707e+00 3.556635245320150851e+00 3.669062830461339964e+00
3.742890250909162997e-02 5.239117738260386931e-02 1.010146022052103576e-01 1.859054261347956871e-01 2.200139298526747333e-01 2.510954771172988487e-01 2.864507148828665528e-01 3.559916660229309193e-01 3.906276539824088956e-01 4.102072128531447093e-01 4.458087866672691968e-01 4.616480932915104085e-01 4.957303522550002284e-01 5.172605541297220499e-01 5.385378839237553450e-01 5.535428733425840075e-01 5.665462921948530850e-01 5.857924621853835001e-01 6.249782121507149180e-01 6.374066747172614233e-01 6.766112547567120217e-01 6.957100020938256080e-01 7.148096404622733546e-01 7.262887248868039602e-01 7.353375485407034340e-01 7.453506333782932147e-01 7.827902767036086784e-01 8.155204614548745568e-01 8.239186133877930418e-01 8.379555219338984395e-01 8.482374181262835044e-01 8.720138119341789285e-01 8.825405495112353949e-01 9.020608016464889412e-01 9.139553331773788702e-01 9.311107099559081668e-01 9.444743781838498276e-01 9.538676564009959113e-01 9.737453333471671746e-01 9.785336259688039995e-01 1.007173069343731742e+00 1.020797321006871483e+00 1.047083390239990974e+00 1.064803362487403371e+00 1.078319600885160101e+00 1.095730978341475925e+00 1.119332314925978622e+00 1.133650243637921662e+00 1.148485578441884813e+00 1.164871323505246137e+00 1.180829896424071546e+00 1.194132959430643126e+00 1.217124401061829841e+00 1.223814265942069213e+00 1.240148263496985814e+00 1.254481653692062881e+00 1.289410212959047675e+00 1.308770205087715910e+00 1.322965776401569427e+00 1.340946589466459393e+00 1.353688686337876534e+00 1.375054072942220929e+00 1.405422054472796667e+00 1.422205800791630947e+00 1.436694855870789933e+00 1.468110650325601174e+00 1.475471765893857201e+00 1.499793502713222315e+00 1.520206815028438685e+00 1.556245636144008015e+00 1.591314314174302025e+00 1.599421226408295871e+00 1.625708310830988879e+00 1.644460740801242160e+00 1.673816427907959703e+00 1.685079883468185269e+00 1.726587458776530859e+00 1.748315025122468391e+00 1.760309051255822155e+00 1.780726895467318993e+00 1.799999608708353405e+00 1.810398008045060791e+00 1.835993079926414806e+00 1.894044892391435697e+00 1.926806695784217371e+00 1.936810625456264701e+00 1.954670569657173562e+00 1.979471978266628795e+00 2.030096825712200292e+00 2.048119264024122366e+00 2.074229251871740232e+00 2.111125453192426615e+00 2.155922688544464894e+00 2.193519856357810216e+00 2.204081169787771355e+00 2.258406272302799334e+00 2.276368676997917451e+00 2.317312853246273008e+00 2.376748366305883042e+00 2.416006591094853384e+00 2.486785334493192057e+00 2.513434562602194333e+00 2.560904433518004897e+00 2.579515016403300276e+00 2.632854210523105198e+00 2.715195450971425117e+00 2.791859052255730056e+00 2.836701287479069578e+00 2.890259113741004970e+00 2.930892548167251199e+00 3.075865275548569588e+00 3.095737071650024319e+00 3.147306440011213624e+00 3.213912338097449695e+00 3.342488343547235452e+00 3.393148082178413460e+00 3.418041282705333028e+00 3.510467285201468002e+00 3.558682874950452213e+00 3.668744874728645300e+00
5.897448271255969349e-02 7.159470508088212892e-02 1.374816244611119787e-01 1.987353961872280195e-01 2.223228155131275197e-01 2.561579448779612300e-01 2.884246788812304674e-01 3.656292435446978906e-01 3.840199388096060540e-01 4.147856557225440000e-01 4.532167148754360775e-01 4.676753660905410559e-01 4.962835107469075746e-01 5.212302518019888975e-01 5.375344347270208933e-01 5.510538574395416056e-01 5.687361454369169733e-01 5.849437642199738496e-01 6.242267693043735965e-01 6.363618292472009719e-01 6.728969972270019140e-01 6.987678059045611123e-01 7.114974965233326065e-01 7.208746428903628489e-01 7.346133788534243703e-01 7.438529826118599475e-01 7.827052346546861106e-01 8.118850162573774121e-01 8.223002197520424827e-01 8.356359128868572350e-01 8.478237043289769126e-01 8.684312369771813866e-01 8.817949367700708141e-01 8.977289414593154770e-01 9.100991297323903773e-01 9.269960192399924193e-01 9.384415787767316219e-01 9.520466644198304351e-01 9.735265974760293206e-01 9.791201347244219422e-01 1.011446596897381367e+00 1.022551487301085471e+00 1.045761834019476089e+00 1.061834717752798918e+00 1.082994468383745801e+00 1.096733671200630811e+00 1.116576272768280420e+00 1.134816270079851419e+00 1.145653450694579245e+00 1.158960251166218480e+00 1.184918622440543912e+00 1.195277705073172214e+00 1.215610444854237304e+00 1.226817572089338615e+00 1.243768612147180264e+00 1.253724493621798608e+00 1.291655046619079705e+00 1.305412674112789162e+00 1.325635182876903073e+00 1.340190796403069928e+00 1.357885874616308719e+00 1.374422739017343797e+00 1.406194400881624507e+00 1.423228522889840919e+00 1.440520677292339791e+00 1.468622401802536226e+00 1.478110442700381943e+00 1.502271064896070207e+00 1.528107479082327247e+00 1.556455329357526951e+00 1.591366054063869662e+00 1.601487486022796336e+00 1.623281136905237343e+00 1.647618473508877246e+00 1.671694790598664104e+00 1.685178255797583624e+00 1.731766751034299778e+00 1.744016603477991367e+00 1.761766155796053557e+00 1.777629038168636599e+00 1.798357315984704607e+00 1.810742683208752091e+00 1.833845887869098634e+00 1.890965540232785180e+00 1.930035376953820103e+00 1.941632822371506029e+00 1.956096549693064457e+00 1.986000107750097499e+00 2.029178178376996211e+00 2.047468543559942233e+00 2.069577977338111108e+00 2.115498477261338106e+00 2.159326178443273569e+00 2.192843787036965697e+00 2.206804191408485050e+00 2.256451441472778541e+00 2.279960554626244473e+00 2.317081157698732685e+00 2.382852954154368152e+00 2.423952029830986898e+00 2.489729258624631569e+00 2.514607152567084114e+00 2.558894264048311218e+00 2.586437456519204314e+00 2.641206174996244993e+00 2.714312974494455410e+00 2.792928076181420138e+00 2.839338869144120814e+00 2.888378386773877704e+00 2.944726071365927123e+00 3.078361705997555653e+00 3.096195056055569772e+00 3.145620121621438781e+00 3.215079303048377302e+00 3.343680067376190390e+00 3.394496806460298277e+00 3.417411840795523403e+00 3.516699134064983134e+00 3.561994935546922481e+00 3.668264062203449694e+00
5.767233406815356483e-02 9.694784575338390165e-02 1.607112782728518374e-01 2.162620436716913841e-01 2.365856080424374730e-01 2.626524563711824523e-01 2.935537550688747666e-01 3.737210726340479683e-01 3.800641465393534424e-01 4.225001836603162197e-01 4.598230816876688332e-01 4.737132955223634090e-01 4.968535119271260680e-01 5.255979386791961305e-01 5.371525146079787483e-01 5.473521340415222758e-01 5.701653189220533546e-01 5.849032039798875982e-01 6.244086588336296151e-01 6.354214879395863047e-01 6.703688322237160158e-01 6.983351813258492635e-01 7.078553700806782256e-01 7.160431402642847276e-01 7.350646028699835410e-01 7.455785626126335552e-01 7.801932823435508979e-01 8.072515728651523670e-01 8.195679670946105499e-01 8.331919668413663160e-01 8.481119900057818572e-01 8.643948290540861557e-01 8.783552389780239222e-01 8.909894743193002009e-01 9.043264684162783951e-01 9.241570665087839309e-01 9.372246447211782794e-01 9.501238758804884110e-01 9.734919479592131220e-01 9.792787163094758274e-01 1.015780621977820042e+00 1.024185719952064533e+00 1.042270462686113452e+00 1.059077345804867676e+00 1.086292936896098071e+00 1.098210295922296575e+00 1.114878724958455525e+00 1.135063377809754748e+00 1.140370911695510081e+00 1.154319040022251830e+00 1.188906608678108601e+00 1.197052238448196748e+00 1.213945945399817150e+00 1.229768629864554041e+00 1.247570330407610673e+00 1.255481200856509716e+00 1.294097697385364842e+00 1.303390455695356609e+00 1.329012897968762319e+00 1.339141087474244429e+00 1.361688128802403419e+00 1.373953311659100951e+00 1.407418055702665205e+00 1.424298696292408462e+00 1.442741491273132670e+00 1.468915847807784614e+00 1.484138116610473235e+00 1.503096571398949477e+00 1.535060665635463506e+00 1.557428223292568914e+00 1.590649371312595539e+00 1.604279216373511341e+00 1.622404696288390236e+00 1.650232025019294113e+00 1.670935293816284251e+00 1.685976075546658404e+00 1.733683737081167520e+00 1.741583968235076219e+00 1.761104695530051778e+00 1.775448986995223244e+00 1.797469269473775721e+00 1.810717926979841907e+00 1.832646933774262799e+00 1.888152489915306376e+00 1.930710342961839077e+00 1.946274552633074251e+00 1.959231567016447517e+00 1.995376078746470050e+00 2.027387030149916836e+00 2.047325692504161854e+00 2.064635076628056787e+00 2.120092621616599171e+00 2.162401654456223010e+00 2.192116785872245455e+00 2.209608539287543305e+00 2.256108286233140969e+00 2.283649488851516196e+00 2.320757904205503319e+00 2.389060201243801362e+00 2.433905883872468756e+00 2.492868530077048117e+00 2.516031239489624038e+00 2.557977021456360411e+00 2.594571987957240644e+00 2.650829030608760295e+00 2.713319075253068924e+00 2.795659375233964017e+00 2.842959472993749515e+00 2.887284596553813643e+00 2.961117673068414113e+00 3.081488583306430940e+00 3.097059804608316202e+00 3.142835155716498186e+00 3.216780672642959082e+00 3.345951839846497577e+00 3.396035983351233245e+00 3.416501513690793246e+00 3.524953261480242794e+00 3.566406166664443322e+00 3.667684576077436809e+00
3.563766547887968483e-02 1.218780096773760813e-01 1.813373354256752334e-01 2.202576341918678071e-01 2.668402921406758943e-01 2.704722407151041730e-01 3.042525426339976469e-01 3.674475326083632698e-01 3.922253301185736341e-01 4.314268582346605374e-01 4.648986659572381108e-01 4.798872765376598348e-01 4.967749457094924881e-01 5.276507882909224900e-01 5.376078652333375896e-01 5.443723671513037710e-01 5.697474876498904717e-01 5.884885568594768745e-01 6.237684858205757576e-01 6.355705029404008499e-01 6.695183726366253918e-01 6.963467627437509577e-01 6.999202002484519181e-01 7.202254861884370696e-01 7.351540571671626445e-01 7.477102109271941410e-01 7.757629855391529050e-01 8.024274674173836885e-01 8.169239989454812889e-01 8.306072772534704995e-01 8.477169264650867841e-01 8.604643690766836661e-01 8.712376290176693239e-01 8.851598795283449617e-01 8.992808152475721961e-01 9.226550900491774510e-01 9.377259899134848808e-01 9.490738188583852653e-01 9.739123250691479328e-01 9.790274304868038513e-01 1.019432794735702918e+00 1.025285442208150100e+00 1.039218745646663944e+00 1.057318259091222012e+00 1.088090050429209033e+00 1.096262827391726091e+00 1.115042242499023617e+00 1.128803398481306175e+00 1.139203550415198718e+00 1.151831343483522341e+00 1.190395686459345237e+00 1.200250858368715257e+00 1.212256884168837034e+00 1.232974113474735178e+00 1.248006070035066362e+00 1.263246038203196031e+00 1.296177874849028466e+00 1.303348555112440188e+00 1.332586775226191289e+00 1.339132927408205997e+00 1.364102121164347592e+00 1.374284930678808747e+00 1.408525241138554929e+00 1.424708823333216801e+00 1.443528637271694448e+00 1.469308633945935805e+00 1.491955795207658753e+00 1.502460794128800625e+00 1.539802495358496337e+00 1.559221070892191419e+00 1.589127117542515677e+00 1.607494424837718094e+00 1.623444260422024277e+00 1.650974753407497442e+00 1.673175967872638337e+00 1.686137642607373754e+00 1.730220796859304411e+00 1.742541524262287478e+00 1.757230516680755583e+00 1.776251341804681694e+00 1.797470854625531356e+00 1.810564699663051336e+00 1.832878517460773793e+00 1.885394974548483260e+00 1.928629037633206034e+00 1.950323289203184540e+00 1.963083988716296524e+00 2.006169096851374345e+00 2.025480355449844616e+00 2.046791540316137858e+00 2.060991996488482414e+00 2.124160845216966464e+00 2.164057200394168046e+00 2.191485299377429197e+00 2.212868030102075334e+00 2.257994541884947637e+00 2.288348834677287780e+00 2.327397418210694902e+00 2.395408362379082057e+00 2.445348827646644629e+00 2.495715970745196355e+00 2.517711098570973416e+00 2.558513922824415587e+00 2.602933494761753952e+00 2.660132715903070544e+00 2.712802007864165255e+00 2.800920891665297230e+00 2.847466703995278348e+00 2.886988431002770916e+00 2.978763291986184836e+00 3.084694540206186275e+00 3.098750062505016611e+00 3.138856661297934725e+00 3.219055180041804576e+00 3.349575202509650573e+00 3.397536566303029915e+00 3.415353210674112905e+00 3.534796140756662375e+00 3.571672805881525470e+00 3.667080259023430600e+00
-3.542969338784173611e-02 1.435756168824426637e-01 2.035980928213064201e-01 2.200917898367524828e-01 2.761904610135054727e-01 2.928496452441182174e-01 3.250039208760974740e-01 3.596762721550514907e-01 4.077912821838212687e-01 4.396216050712315471e-01 4.693386933216104340e-01 4.834668074494564149e-01 4.981377466145201494e-01 5.255944383057570279e-01 5.345654938315100857e-01 5.486165749017594129e-01 5.701305186335714481e-01 5.941841923506147038e-01 6.211738323226256853e-01 6.379432458175479104e-01 6.688518881951690531e-01 6.902770534319760953e-01 6.993797732613935558e-01 7.279448386571238938e-01 7.347137013985901577e-01 7.481749405777324835e-01 7.705257463236674376e-01 7.971696787384329186e-01 8.162000363346315623e-01 8.281156201173388576e-01 8.448918575308000944e-01 8.563478569524536343e-01 8.647594871509527437e-01 8.813158403646923489e-01 8.956259984271480734e-01 9.212772674836972042e-01 9.367709110090072233e-01 9.504889883267404471e-01 9.746143388145730446e-01 9.785125037861407415e-01 1.021169228452108113e+00 1.026476107239594704e+00 1.038053996290236425e+00 1.057083881388967139e+00 1.086640890602834197e+00 1.094539463897034270e+00 1.114093519004917932e+00 1.119515087367402240e+00 1.140079367965327384e+00 1.151006379100740773e+00 1.188836966008477658e+00 1.204526198303694562e+00 1.210494762611780573e+00 1.236546241013710246e+00 1.248509403588736522e+00 1.273470927443395073e+00 1.297165949442768529e+00 1.304425204472889455e+00 1.335399961008300940e+00 1.342979448421087518e+00 1.364894953726818461e+00 1.375523416128597853e+00 1.408152988246305748e+00 1.425204731134896763e+00 1.443939628301331046e+00 1.469878100739970161e+00 1.496384706326898462e+00 1.504167060028847036e+00 1.542749793144254644e+00 1.561289219196198008e+00 1.587281709234996452e+00 1.610930442009519403e+00 1.625245288296330193e+00 1.650178763711898311e+00 1.676909504366370873e+00 1.685606001576195556e+00 1.725918799180945484e+00 1.740846293681893586e+00 1.754325607130533315e+00 1.778813314093438347e+00 1.797678446146028453e+00 1.810629967558871511e+00 1.834417202036460859e+00 1.882463001042554707e+00 1.924971795925652929e+00 1.953037756937784142e+00 1.966799510741691792e+00 2.012633353094559485e+00 2.026735172300110577e+00 2.045017681239578611e+00 2.060642648564711354e+00 2.127024127445733992e+00 2.163942007910584220e+00 2.190897449733724134e+00 2.217348260312262731e+00 2.262430768093780742e+00 2.294094583377295216e+00 2.335536977268408254e+00 2.402090181392206425e+00 2.457943614188691672e+00 2.498085370093098057e+00 2.519810499902782830e+00 2.560577902368799563e+00 2.610606249055117178e+00 2.667144432100032159e+00 2.713734357863295976e+00 2.809347524644941529e+00 2.852735750299252526e+00 2.887501531016935630e+00 2.996180056979522721e+00 3.087157567456046081e+00 3.101773197529409387e+00 3.134036500299419270e+00 3.221916433033978233e+00 3.354613404482967187e+00 3.398812861482175318e+00 3.414062325906842332e+00 3.545712592963500054e+00 3.577485928416670014e+00 3.666523978318546817e+00
-5.802522440008806015e-02 1.600326151362792271e-01 2.202367512274904238e-01 2.266708234843763381e-01 2.804205647279002234e-01 3.096172674877017417e-01 3.474705732846791184e-01 3.581543759803363369e-01 4.238243258904005883e-01 4.449059400840254530e-01 4.751069426233837656e-01 4.825715280821434860e-01 5.012526092759361784e-01 5.210712444466810700e-01 5.357553479901175919e-01 5.542476946707253216e-01 5.732882369780121223e-01 5.985461822798590070e-01 6.191023503553576557e-01 6.412813399201952036e-01 6.684345455574858264e-01 6.825900147894312653e-01 7.045382626882745747e-01 7.319237149430171119e-01 7.391166143066906224e-01 7.468535704193026703e-01 7.658990043124578317e-01 7.913239661597097907e-01 8.175378679162220719e-01 8.255764490681124501e-01 8.396664691272771597e-01 8.532589566651611612e-01 8.619201211238298743e-01 8.787961247254469921e-01 8.930675560453533723e-01 9.192793616673721191e-01 9.343962116982806876e-01 9.531689818245518975e-01 9.745409612513596942e-01 9.785705295975828388e-01 1.020698129058977832e+00 1.028802758890407620e+00 1.038695176100229212e+00 1.058119042877285532e+00 1.081865880090932652e+00 1.094329555162157686e+00 1.108439487199609941e+00 1.114648984386388930e+00 1.139974035386038809e+00 1.150677797627607468e+00 1.184995965862164713e+00 1.207538022070658856e+00 1.210330077911700108e+00 1.239604441172109217e+00 1.251171541516940877e+00 1.283676826988683795e+00 1.295392080608990026e+00 1.307213801036810175e+00 1.339478862499351886e+00 1.349385443823192032e+00 1.364701763402361268e+00 1.376968848018641500e+00 1.405843470206527002e+00 1.427283583340345219e+00 1.444174760526756085e+00 1.470250146223537557e+00 1.495408855393103087e+00 1.509768950977030233e+00 1.545197728501601864e+00 1.563119980866658265e+00 1.585604466515482702e+00 1.613794434538242450e+00 1.626877569912962729e+00 1.648794326934361232e+00 1.678413942241597123e+00 1.686376772758368503e+00 1.721631705544808266e+00 1.736945546920825256e+00 1.754077029931669029e+00 1.781693123527082756e+00 1.797310591525219881e+00 1.811283116002180060e+00 1.836821228005886875e+00 1.879323971813484873e+00 1.920630046487330711e+00 1.954235859417645438e+00 1.969946438923159349e+00 2.010949125129362525e+00 2.030775141724750377e+00 2.043353567763024348e+00 2.064578809242954893e+00 2.128285053196057763e+00 2.162933335623559827e+00 2.189995463230638872e+00 2.222960415176869819e+00 2.269246995002674794e+00 2.300329372812678130e+00 2.343957752581605547e+00 2.409080334013630864e+00 2.471063238487523517e+00 2.500334438257913572e+00 2.522423064725493269e+00 2.564122045581022746e+00 2.617057064462161353e+00 2.670380977794607702e+00 2.716768654333410637e+00 2.820919030148950846e+00 2.858644830520500779e+00 2.888949513672106395e+00 3.011813672193431657e+00 3.088422478006099148e+00 3.105416292762617658e+00 3.129837141827475300e+00 3.225336281864355392e+00 3.360893993882871467e+00 3.399750738352943724e+00 3.412761377386022588e+00 3.557123742601958405e+00 3.583504569882877355e+00 3.666078656743542385e+00
-6.983904503920851381e-02 1.695565055396365262e-01 2.240748029242201622e-01 2.477374508376571638e-01 2.832368350819490233e-01 3.224995500225481537e-01 3.471846888420663801e-01 3.806069526881914467e-01 4.367165448850965359e-01 4.475316159482638501e-01 4.798932487452237106e-01 4.823925948872960223e-01 5.035482469185347254e-01 5.206014774473045614e-01 5.407271920705840618e-01 5.599873501917760343e-01 5.784324703913875654e-01 5.990346535950920037e-01 6.201590728357549986e-01 6.441776433371806387e-01 6.683798963151776906e-01 6.773563394137042115e-01 7.099715371673596120e-01 7.293613188594861851e-01 7.447406136042957758e-01 7.494615342755464038e-01 7.636319260022141897e-01 7.861605414317295315e-01 8.172251271064067124e-01 8.225534265015108648e-01 8.376862453897571115e-01 8.512321246021337107e-01 8.618936645684415199e-01 8.772469774628697259e-01 8.913610220872497658e-01 9.164045072870605768e-01 9.319730152757654817e-01 9.547827745246889597e-01 9.724777865430217494e-01 9.802593157130231605e-01 1.019736585961363629e+00 1.031375098739341967e+00 1.040646048816424862e+00 1.059496597961764985e+00 1.076831188248461801e+00 1.090288896044447453e+00 1.103785596308378691e+00 1.113450348515691024e+00 1.139244705844785654e+00 1.149388090987687239e+00 1.179700560772038775e+00 1.205324336855965406e+00 1.215697224816439270e+00 1.241731905814227988e+00 1.255713650806859372e+00 1.290484120547919167e+00 1.292543209024255679e+00 1.313091001917841449e+00 1.344644741858420645e+00 1.356088860161878351e+00 1.364230767715157056e+00 1.377996956928453143e+00 1.403584335009488315e+00 1.430963016152105638e+00 1.443821757388036975e+00 1.469873646257696675e+00 1.494942748937778232e+00 1.513483403596748822e+00 1.548171532507864212e+00 1.564782592017303520e+00 1.584367318085364795e+00 1.614517303172738005e+00 1.628901381116656832e+00 1.647185334575023363e+00 1.677281357224692737e+00 1.688245634282893537e+00 1.717502979887432168e+00 1.734285520185172791e+00 1.754562467615729870e+00 1.784204280609684723e+00 1.796082690732959675e+00 1.812873961082564156e+00 1.839581529337002808e+00 1.876217021842849331e+00 1.916004693821260929e+00 1.954127236266621326e+00 1.972242370895060715e+00 2.006658408361391643e+00 2.030241387643179518e+00 2.043329403205178973e+00 2.071639264760768206e+00 2.128261756954172412e+00 2.162082155897343316e+00 2.188599539474775479e+00 2.228789983346018744e+00 2.277635013742366876e+00 2.306639694315468336e+00 2.351721087019681189e+00 2.416052621051254512e+00 2.482782937734375306e+00 2.503882745627583617e+00 2.525378287739322047e+00 2.569125277852214229e+00 2.622179932414445691e+00 2.670139766466549158e+00 2.721306535811831129e+00 2.834516109546802554e+00 2.865100995616251645e+00 2.891706252020497914e+00 3.024315678044021016e+00 3.088695033790009425e+00 3.106180031546132092e+00 3.129918995934048542e+00 3.229228754969177384e+00 3.368030332629099899e+00 3.400316597852108380e+00 3.411607484009646640e+00 3.568405131767117044e+00 3.589402240250129772e+00 3.665790251409567269e+00
-7.766942058060284648e-02 1.733031631578112741e-01 2.304733803365575928e-01 2.639197570444757890e-01 2.879750959715147718e-01 3.304012416389277007e-01 3.507487883342008672e-01 3.997828926180966858e-01 4.388437183794035579e-01 4.529313165933483987e-01 4.806118391870283779e-01 4.858437740099927904e-01 5.086975914614254579e-01 5.260111663819341254e-01 5.459874798453125955e-01 5.673032734688944201e-01 5.836298485339871389e-01 5.975555678506523360e-01 6.237132486631135064e-01 6.458920760132074168e-01 6.644117261253962292e-01 6.791546957182531541e-01 7.134796320606124898e-01 7.266117049622017321e-01 7.424856310632612644e-01 7.545429716885525551e-01 7.662216496348056571e-01 7.845217547487961518e-01 8.121248914552222642e-01 8.229271743335657696e-01 8.392497907086351461e-01 8.486830244596461625e-01 8.648420088601244116e-01 8.767536175265560061e-01 8.901330441927172155e-01 9.132824206320917515e-01 9.300061346098036363e-01 9.541612896093174534e-01 9.691210573002376760e-01 9.830819260220654554e-01 1.018781093997404907e+00 1.033337680667170133e+00 1.043262120681630822e+00 1.060271363032400771e+00 1.072374082681202712e+00 1.083067861234749740e+00 1.102037951868007015e+00 1.114459858018035820e+00 1.138454454760571277e+00 1.146675269684297227e+00 1.173981722589340970e+00 1.202566293809295583e+00 1.221453081981365374e+00 1.243372679297526373e+00 1.260803622363916743e+00 1.286654539713245615e+00 1.297650201497116296e+00 1.320779198031760915e+00 1.348089040448418041e+00 1.361181172438019171e+00 1.365532275403272378e+00 1.378748262476133135e+00 1.402911246062555906e+00 1.435469513370482231e+00 1.442873476652193121e+00 1.468804485037826124e+00 1.496395036567740089e+00 1.513920173759836896e+00 1.551760311563992856e+00 1.566677733728351951e+00 1.583741436595679453e+00 1.612598422341668059e+00 1.631969785964973108e+00 1.645564872208668650e+00 1.676227530142793798e+00 1.688499187226999432e+00 1.714341639851906907e+00 1.733588194917834668e+00 1.754704874642818213e+00 1.786140647575957585e+00 1.794250153959567218e+00 1.815587499528124926e+00 1.842228415907916972e+00 1.873617758718271631e+00 1.911109969413822718e+00 1.952946127744254801e+00 1.973583642366095736e+00 2.002061531928043259e+00 2.026610612898237740e+00 2.043771279243747685e+00 2.078522812219353977e+00 2.128070129080819051e+00 2.161648962686443909e+00 2.186869082660798824e+00 2.234099948739055819e+00 2.286132640143160533e+00 2.313083670320237317e+00 2.358156477853435629e+00 2.422546174021259269e+00 2.489857532072765167e+00 2.510762694109776927e+00 2.528492093960375886e+00 2.575458641563645124e+00 2.626184098454995119e+00 2.667885892805682335e+00 2.726190546558898031e+00 2.847837800432126976e+00 2.871894992916124600e+00 2.896676492524297597e+00 3.032827557392860029e+00 3.088186944271323231e+00 3.102536803947817390e+00 3.135813489409264854e+00 3.233430633216948458e+00 3.375452663574004308e+00 3.400539158687025498e+00 3.410791017034824346e+00 3.578908201748026485e+00 3.594917051092789251e+00 3.665681879677263666e+00
-8.491459895168169958e-02 1.750139533915611723e-01 2.365773434955815713e-01 2.716133382727143331e-01 2.983123344215618533e-01 3.345357647909050214e-01 3.596179646790076956e-01 4.106614863353624800e-01 4.381620637531560836e-01 4.535646634684896705e-01 4.823521632296505213e-01 4.912829640758866190e-01 5.152948408803207370e-01 5.351950593380446763e-01 5.507261790180413286e-01 5.754203918497160508e-01 5.869553439701616915e-01 5.987230708181344729e-01 6.292215620442445090e-01 6.462917755707860978e-01 6.588126658302853045e-01 6.840831298129700366e-01 7.143198176897854745e-01 7.253717764595792872e-01 7.395073050065187337e-01 7.528557162680824533e-01 7.692126159263839025e-01 7.885362594837759254e-01 8.106474693137291077e-01 8.235795086974138091e-01 8.410239499422081932e-01 8.464203036076560771e-01 8.675085973919071103e-01 8.789356394911138626e-01 8.889931738180683052e-01 9.112879802803890428e-01 9.284841693074101787e-01 9.513625689985698575e-01 9.654029529835128631e-01 9.865506476735123043e-01 1.017633818050396322e+00 1.034088154353830946e+00 1.045333264364036951e+00 1.058708062860667098e+00 1.068146144531640251e+00 1.078324636348315435e+00 1.100751943111060616e+00 1.117340268309555684e+00 1.137475199527304026e+00 1.143454345863279764e+00 1.168468189330084339e+00 1.200207174121102893e+00 1.225344067335234044e+00 1.245212595486107077e+00 1.265847148281079804e+00 1.284309577301666838e+00 1.301273446035925652e+00 1.326685921249005862e+00 1.349371528758836147e+00 1.362283439151287689e+00 1.370840134294007306e+00 1.380500152515408585e+00 1.402995767998049148e+00 1.438179891881511407e+00 1.443581412860916791e+00 1.467673786721031659e+00 1.499696055081052748e+00 1.511230863850611339e+00 1.555062632125409960e+00 1.568920954500512277e+00 1.583786849317759371e+00 1.609759719736524541e+00 1.635550892930538902e+00 1.644458914688923246e+00 1.675658638089867480e+00 1.687180238847220126e+00 1.712274171062002859e+00 1.734389250178367092e+00 1.754175189526883116e+00 1.787564386048611675e+00 1.792290371724214904e+00 1.819227181248635361e+00 1.844429245006768969e+00 1.872066801212530329e+00 1.905771816069810942e+00 1.950865517832480744e+00 1.974100580924331050e+00 1.997891148171748510e+00 2.022025383317544556e+00 2.044216718211293138e+00 2.082954420638712723e+00 2.128811552068575086e+00 2.161389216174912864e+00 2.185141856910453040e+00 2.238623370127877710e+00 2.293146684006827307e+00 2.320046356295527357e+00 2.362836055014364778e+00 2.428172844674385988e+00 2.492680210908347238e+00 2.518538843022475771e+00 2.532316565429419519e+00 2.582477372982925345e+00 2.629458498986506854e+00 2.664924893279489559e+00 2.730720181364320265e+00 2.858410377505435473e+00 2.878128055072166624e+00 2.905213726129184604e+00 3.037066505730042998e+00 3.086822911478568354e+00 3.098119953448782216e+00 3.143990418158255640e+00 3.237683301925263546e+00 3.382436696622548311e+00 3.400472171128559040e+00 3.410553051552455361e+00 3.587987198610777195e+00 3.599893820724294535e+00 3.665747978675541141e+00
-9.268392757837147500e-02 1.772432198676950621e-01 2.405627236721432360e-01 2.755829462614881042e-01 3.081270227106755466e-01 3.406011832905824210e-01 3.677268023870304270e-01 4.129164955361780409e-01 4.412421947934768163e-01 4.514516468469119692e-01 4.809325512942541625e-01 4.987851914123406227e-01 5.195118366669423393e-01 5.448371874229446243e-01 5.569828461788374208e-01 5.801974355289339913e-01 5.883807619345488016e-01 6.060812000371467168e-01 6.370620501053178009e-01 6.461795600559198105e-01 6.545676882914168715e-01 6.871085866671932108e-01 7.137159199589125924e-01 7.241299117618553716e-01 7.368539326581396987e-01 7.474864084804919706e-01 7.703698839348217531e-01 7.932322351775932257e-01 8.149847440302595558e-01 8.238434194664105981e-01 8.417015282273272447e-01 8.471918511052940470e-01 8.668109559323634583e-01 8.823046840897925680e-01 8.900176093066545224e-01 9.107335760583625817e-01 9.275444497805384048e-01 9.476988609336546299e-01 9.618825713185357174e-01 9.901575910373018319e-01 1.016400963601831409e+00 1.033454851992454682e+00 1.044940270318985620e+00 1.054678745160677167e+00 1.063063654538488167e+00 1.077987205971106199e+00 1.101435372092476550e+00 1.121112944275836076e+00 1.134983092575472918e+00 1.141942394131152394e+00 1.163065241255212268e+00 1.198879436851232327e+00 1.225892424713445950e+00 1.247513010580250326e+00 1.270929521182580846e+00 1.284010590375523231e+00 1.303989731304418420e+00 1.327859000178009286e+00 1.351604305828937980e+00 1.361868933450691044e+00 1.375625009409231714e+00 1.384275114885450852e+00 1.402525192919142683e+00 1.436919426707778946e+00 1.447725950046414578e+00 1.467039295280040401e+00 1.503673863511578945e+00 1.507014190438716428e+00 1.557333708721668541e+00 1.570828552332178774e+00 1.584086985049915519e+00 1.608022219233717021e+00 1.638973361884761948e+00 1.644697045583282335e+00 1.674776931344459818e+00 1.685290081415019792e+00 1.711287051482389909e+00 1.735945651659480893e+00 1.753103013890628725e+00 1.788454677269043946e+00 1.790696800128721566e+00 1.823194942136411978e+00 1.846241337196459664e+00 1.871840707521878810e+00 1.899897660302520164e+00 1.948101008046235982e+00 1.974100661178920468e+00 1.994481017551912094e+00 2.017458575846069024e+00 2.044740970737975783e+00 2.084729970367066532e+00 2.130576050861008319e+00 2.161100304191073906e+00 2.183752787100275317e+00 2.242297478298931779e+00 2.297846843286648788e+00 2.327562324218822809e+00 2.365554095645648225e+00 2.432689365806973925e+00 2.493856316969454756e+00 2.522868542864148189e+00 2.537820246615392961e+00 2.588923682482700439e+00 2.632382725171274807e+00 2.662075583204201568e+00 2.734609467152511186e+00 2.865555847349832597e+00 2.882651046978274234e+00 2.917017350719987245e+00 3.037356056364088452e+00 3.084731402851465631e+00 3.095301317475610769e+00 3.151818239710650005e+00 3.241632999086105027e+00 3.388196559684464759e+00 3.400175940254776208e+00 3.411118448127795855e+00 3.595061733626070399e+00 3.604276798247842084e+00 3.665948492818485782e+00
-9.998165886269182179e-02 1.801700962798905570e-01 2.426205036541387861e-01 2.791845704641744419e-01 3.128298802459399397e-01 3.497004514461121150e-01 3.718256466383623171e-01 4.120611111488997058e-01 4.440541499831584527e-01 4.525414252324352349e-01 4.790682089229341134e-01 5.006844997827001320e-01 5.211440351224062573e-01 5.549991358285653043e-01 5.634950927403515886e-01 5.804481669188915616e-01 5.888197039360257845e-01 6.171871721246677822e-01 6.436629492714700529e-01 6.488601895084616933e-01 6.541570487246852750e-01 6.866132784081551144e-01 7.130208212996962391e-01 7.201431965063813667e-01 7.319650558970194343e-01 7.448993841273766625e-01 7.707935100382217186e-01 7.960518822669906402e-01 8.186684821546800217e-01 8.256313644547504937e-01 8.422661256187635725e-01 8.512064847954635693e-01 8.640406157495539308e-01 8.833749049844168422e-01 8.951192112017388736e-01 9.104677319826589565e-01 9.264625120407933290e-01 9.452734436952413555e-01 9.592426702913793291e-01 9.930751017824225313e-01 1.015503036858304675e+00 1.031277581597541904e+00 1.040527126080973863e+00 1.051953281447379762e+00 1.058684162905136228e+00 1.078249865182946632e+00 1.105297557047652202e+00 1.125122282552225350e+00 1.131437078079454261e+00 1.142057742609551507e+00 1.157677916099938198e+00 1.198711121847903405e+00 1.224147199063774893e+00 1.249357643203775847e+00 1.275685123661266962e+00 1.284807469391308743e+00 1.306188247127250568e+00 1.326094863604204033e+00 1.354444661763587909e+00 1.360991069988368496e+00 1.378854810232904127e+00 1.388766288327813347e+00 1.401336297400159969e+00 1.435289100058203982e+00 1.451219692519606141e+00 1.467446176186054885e+00 1.499230920349665652e+00 1.510662801054134530e+00 1.558711377266684073e+00 1.571666741544343493e+00 1.583944557589619384e+00 1.608024190411563303e+00 1.641427736749145661e+00 1.647033870730792549e+00 1.673451897462259641e+00 1.682598182450459001e+00 1.711995484852753657e+00 1.737503584187084060e+00 1.751819509851541667e+00 1.787867453359360814e+00 1.790513400412110157e+00 1.826709397137769475e+00 1.848177939043748275e+00 1.872694171125818485e+00 1.893748467760702159e+00 1.945103040155292451e+00 1.973909795852755611e+00 1.991999960562746752e+00 2.013621100131254060e+00 2.045291004234896626e+00 2.084875817823067745e+00 2.132552393636694799e+00 2.160787045541249896e+00 2.182871533750215143e+00 2.245057992900715504e+00 2.300477423431271706e+00 2.334842610836826982e+00 2.366392974343759281e+00 2.435967069614514813e+00 2.494461046461505127e+00 2.524185418519721669e+00 2.543496153233919532e+00 2.593625923501233554e+00 2.635033238737053196e+00 2.659794758744942644e+00 2.737666190129425026e+00 2.870068120844810000e+00 2.885465346389052055e+00 2.929135356188996564e+00 3.034891446093839207e+00 3.082797835729438329e+00 3.094020957834175078e+00 3.158000511228195251e+00 3.244868755484277667e+00 3.392184315742422296e+00 3.399740471635583017e+00 3.412406272548943242e+00 3.599823241671724627e+00 3.607932928302859832e+00 3.666207134693128644e+00
-1.051432487657485565e-01 1.826733118360869268e-01 2.435782011542682035e-01 2.820550047712662711e-01 3.142613316273049073e-01 3.581207369767108184e-01 3.717858553889950013e-01 4.118880920174295412e-01 4.442144383811073016e-01 4.571768296748838778e-01 4.778424362858512686e-01 4.970089932800724752e-01 5.224249009181336501e-01 5.648169220445954375e-01 5.673910265975473655e-01 5.797159120463258875e-01 5.871541458167388594e-01 6.248717951812925442e-01 6.449904917620552514e-01 6.544930388762015827e-01 6.613465768912913934e-01 6.838746892494560470e-01 7.115893419434473621e-01 7.147624962548886351e-01 7.247938663979057727e-01 7.466934146921897497e-01 7.709383478855571514e-01 7.964882192074295153e-01 8.198093103751264987e-01 8.285588800932750519e-01 8.442088862113733549e-01 8.535710633410250603e-01 8.614758303474304713e-01 8.856539509180156866e-01 8.994772611179329136e-01 9.107512130975725650e-01 9.236548567205253857e-01 9.445754887753420315e-01 9.588111282100127974e-01 9.944252507464425017e-01 1.014408047975000393e+00 1.029211087173324879e+00 1.035416514912389729e+00 1.050222315959540076e+00 1.056497569577226958e+00 1.078049950752099972e+00 1.110439308958769633e+00 1.125999495107396831e+00 1.131081219258206705e+00 1.142028067152380810e+00 1.153082340960163377e+00 1.199186451278915877e+00 1.222086996680067372e+00 1.250281229867584720e+00 1.279041068309096918e+00 1.285638506876479958e+00 1.307691089469470436e+00 1.324568755722643543e+00 1.355582196369354842e+00 1.360931149272416985e+00 1.380839318104221558e+00 1.391976107940992469e+00 1.400104400745576738e+00 1.434314837173391588e+00 1.452936072980745674e+00 1.468955332707672978e+00 1.493656124284007847e+00 1.515033441942102987e+00 1.559555823087441340e+00 1.571553643797921174e+00 1.583535783217848270e+00 1.608692848355703475e+00 1.642852799286733667e+00 1.650424057527766664e+00 1.672127826056803768e+00 1.679451965597361429e+00 1.713859912866411817e+00 1.738569560261036928e+00 1.750735724843634822e+00 1.786619522859206111e+00 1.790984619135682410e+00 1.829032080790620851e+00 1.850371177475208295e+00 1.874018156741971586e+00 1.888291060591101633e+00 1.942675116548158387e+00 1.973739439968717146e+00 1.990521494007059911e+00 2.011073782745845140e+00 2.045718881760891339e+00 2.084507327262998366e+00 2.133956274172708945e+00 2.160554984729960992e+00 2.182449943412743565e+00 2.246793630184839241e+00 2.301707032980005785e+00 2.340503204012687188e+00 2.365938705911339035e+00 2.437947135284254774e+00 2.494783157959022279e+00 2.524380102047280694e+00 2.547426349450157890e+00 2.596234637002726497e+00 2.637020247422755315e+00 2.658327313640271861e+00 2.739655890044031317e+00 2.872612273629914004e+00 2.886991289532149896e+00 2.938227944723829754e+00 3.031793968530314576e+00 3.081633083385623362e+00 3.093519632489409421e+00 3.161895362650166241e+00 3.246999310299952146e+00 3.394406376564550687e+00 3.399312188499170162e+00 3.413761233239075654e+00 3.602441674255329129e+00 3.610437998912031432e+00 3.666423720720464186e+00
-1.069939258698812401e-01 1.836472869177453171e-01 2.438696417259054727e-01 2.831691929607584868e-01 3.145268308835711957e-01 3.619632677005399368e-01 3.706074764464927784e-01 4.120511096480632962e-01 4.441759858189706645e-01 4.596656933341559670e-01 4.775800452756159831e-01 4.942206849138950919e-01 5.230343724803877548e-01 5.678869131361302669e-01 5.704818047239033074e-01 5.792279814207003108e-01 5.853739864151346062e-01 6.269228255374381664e-01 6.452191350558118543e-01 6.579082819992090325e-01 6.663271353218805926e-01 6.822802424901193152e-01 7.082594084709979976e-01 7.134801719512089413e-01 7.220521444899210550e-01 7.477753334860547385e-01 7.709480329539586396e-01 7.962286215960822089e-01 8.200499877838430818e-01 8.299455349591565723e-01 8.460710857772327786e-01 8.524015932027108056e-01 8.612374804867541922e-01 8.872979507133675892e-01 9.008868245546542974e-01 9.115904577189849478e-01 9.215251487755841131e-01 9.443003606682730533e-01 9.594768165748657207e-01 9.945492833670727117e-01 1.013368447144301188e+00 1.030120930246203992e+00 1.032053155398509503e+00 1.049449758583387737e+00 1.055982718152055355e+00 1.077921632140462327e+00 1.113205371436162716e+00 1.124283680451078293e+00 1.133097820703369063e+00 1.141498908119247924e+00 1.151177546701775967e+00 1.199487045201965030e+00 1.221202554920425287e+00 1.250529241004455505e+00 1.280233857008677090e+00 1.285945060426881836e+00 1.308192088475222059e+00 1.324148348068964420e+00 1.355547971668958462e+00 1.361248199230321809e+00 1.381517747806704666e+00 1.393077788314533549e+00 1.399601288720675463e+00 1.434025206502533178e+00 1.453365352538180222e+00 1.469961780398478579e+00 1.491211740880992842e+00 1.516742348450573319e+00 1.559880737128587214e+00 1.571325131036943601e+00 1.583356258016489049e+00 1.609001261008412786e+00 1.643360410554626894e+00 1.652192746783866184e+00 1.671338008374307904e+00 1.678051991778493290e+00 1.714861295571909805e+00 1.738938912589166330e+00 1.750297319791954909e+00 1.786066565469836220e+00 1.791174778644277987e+00 1.829814034119070953e+00 1.851498822718124382e+00 1.874807534164835143e+00 1.885797395423133960e+00 1.941726725723003755e+00 1.973676333047143627e+00 1.990036252558804897e+00 2.010181797897437672e+00 2.045881128489567935e+00 2.084311044019375725e+00 2.134445858649386185e+00 2.160472902111777227e+00 2.182335593180544375e+00 2.247388838438471925e+00 2.302055087577195458e+00 2.342753128870689316e+00 2.365478343480820644e+00 2.438608589735270726e+00 2.494887532435692723e+00 2.524359977709327296e+00 2.548809659110856884e+00 2.597034554474607848e+00 2.637771272381031817e+00 2.657818368925862984e+00 2.740351307858853502e+00 2.873443036625946689e+00 2.887474284385870948e+00 2.941637614927060440e+00 3.030395990855093480e+00 3.081262119291669155e+00 3.093389194060028657e+00 3.163219486357105481e+00 3.247743520456595867e+00 3.395123046877843276e+00 3.399115562202354557e+00 3.414335191515468271e+00 3.603266482840882912e+00 3.611330454602121431e+00 3.666508189584280597e+00
2.261000296852876679e-01 2.678072929915825129e-01 2.906689081592743751e-01 3.159473959691762590e-01 3.435004942693247187e-01 3.777369005160353121e-01 3.943401386016038845e-01 4.094859950487221290e-01 4.257431507217298572e-01 4.327131858221288097e-01 4.673048568903324651e-01 4.950848409413498019e-01 5.128827809457318088e-01 5.230718245203048733e-01 5.442207930400984051e-01 5.693665452155564077e-01 5.756154508047784946e-01 5.913519294831962592e-01 6.187521397301378734e-01 6.347603519086706392e-01 6.576813553390811196e-01 6.754232983172584470e-01 7.059019770476507860e-01 7.136655009340436839e-01 7.177101290695021563e-01 7.375799257204326276e-01 7.597212023199034769e-01 7.803170702481878607e-01 8.072142952920348113e-01 8.132471281329080037e-01 8.257898267704889550e-01 8.602055286271954593e-01 8.762311549138884770e-01 9.053575378363766246e-01 9.132982267625846529e-01 9.224414852673391563e-01 9.486206604281627319e-01 9.545012495424949339e-01 9.797604362279308532e-01 9.892101994373577734e-01 1.042593880369372394e+00 1.049904548484373201e+00 1.058665236609700688e+00 1.073830148014520924e+00 1.081307686348430330e+00 1.100901413253445815e+00 1.110093051301825229e+00 1.124528151246250607e+00 1.156612705068276847e+00 1.163199325211878632e+00 1.171973652819982226e+00 1.214375088513137690e+00 1.227230513689676616e+00 1.244432694684116658e+00 1.303003811933930445e+00 1.304916461201176547e+00 1.324229733124975272e+00 1.337047606020594692e+00 1.354317889714419465e+00 1.368718740990522820e+00 1.379253544141767041e+00 1.412450174718479667e+00 1.417479482820803938e+00 1.435323958595843719e+00 1.472650196757263830e+00 1.507928833827964388e+00 1.524535632675857677e+00 1.539693354412915438e+00 1.568136445478244489e+00 1.572383294000801124e+00 1.589277327280089747e+00 1.604568078986676083e+00 1.637609827508123894e+00 1.645072551245922332e+00 1.668098506094651157e+00 1.698065270310198605e+00 1.714569889853162721e+00 1.719682555524702172e+00 1.741917575957705244e+00 1.771027966077488136e+00 1.795762084578071960e+00 1.818459949889957183e+00 1.864522679413895601e+00 1.900940843518886592e+00 1.923100699671527636e+00 1.935963452319286127e+00 1.952087198835456672e+00 1.961999424220788990e+00 1.997654403214595309e+00 2.030053014609203288e+00 2.079668677492822582e+00 2.105924054774500842e+00 2.176617661539363979e+00 2.200690484468557528e+00 2.243026945590463672e+00 2.265524052467882576e+00 2.292820770663918317e+00 2.331394765940769442e+00 2.389464704574606024e+00 2.455824584485835071e+00 2.500323853973720478e+00 2.593572357195670364e+00 2.630048568903933237e+00 2.671329050917027104e+00 2.675644114899418557e+00 2.741233982129753777e+00 2.779628424468979286e+00 2.924756599222326781e+00 2.984283313237911184e+00 3.051757146852859925e+00 3.121474013200394193e+00 3.139446967263921806e+00 3.156255837559536204e+00 3.235148246022107266e+00 3.402344378850813644e+00 3.405599645643822893e+00 3.419222769481072177e+00 3.565574360171575030e+00 3.609555659856144683e+00 3.655527192524546720e+00
2.255475015262401184e-01 2.676699904695067356e-01 2.894713790624635075e-01 3.164416881547644778e-01 3.435811286419666044e-01 3.766051135674873263e-01 3.923630248391341002e-01 4.100074718553519681e-01 4.237770071737940736e-01 4.355028880388797652e-01 4.654088023542286567e-01 4.921827270843639468e-01 5.120731867414588523e-01 5.232433434881446077e-01 5.448970257259565519e-01 5.681658463410381721e-01 5.794380719954728143e-01 5.901298380229919038e-01 6.203805831274515903e-01 6.338313294293372868e-01 6.562093085917807267e-01 6.741623607151221442e-01 7.049493342343718938e-01 7.121594281134082660e-01 7.181598867248807361e-01 7.384139806328382516e-01 7.600457694152754629e-01 7.786998609694602003e-01 8.055320718378295997e-01 8.157570889106741108e-01 8.267136974603311872e-01 8.606758586307808878e-01 8.770460603775213082e-01 9.020871995474399885e-01 9.158638166601490438e-01 9.230145329946243260e-01 9.497978155135672340e-01 9.547272190812482462e-01 9.783821216157722045e-01 9.898473817161113075e-01 1.041444896696755329e+00 1.048989752187128977e+00 1.058379826501625987e+00 1.074452329769285175e+00 1.080835642580069145e+00 1.101886934584449529e+00 1.111434731964053846e+00 1.124529258590083902e+00 1.153950835334183633e+00 1.164494996951414452e+00 1.172632324733927867e+00 1.212061755539197927e+00 1.228448515167854804e+00 1.245136834479261712e+00 1.302599443393909651e+00 1.303847707316626581e+00 1.323513580228961706e+00 1.335647381597243832e+00 1.355570735547836136e+00 1.366035369189468218e+00 1.379297119478641642e+00 1.411403007023687151e+00 1.417225555940818671e+00 1.435452408998466600e+00 1.472623322082042607e+00 1.506044382567698570e+00 1.524549299678274128e+00 1.539563192075385611e+00 1.564359593718292141e+00 1.573114049873272302e+00 1.590850039504005942e+00 1.604535686154088481e+00 1.638845826005971729e+00 1.644127255669713739e+00 1.669763394617371111e+00 1.697480337547823348e+00 1.715418505251929959e+00 1.719099571727137565e+00 1.743320125055088265e+00 1.771352239126972705e+00 1.795965689097144491e+00 1.819430091158026341e+00 1.864127984104245295e+00 1.900488931426420613e+00 1.923683901637721405e+00 1.935469044084223711e+00 1.952337339490694212e+00 1.963929132234691011e+00 1.997696470147377390e+00 2.030345240105550619e+00 2.079112997295347043e+00 2.106213393566158221e+00 2.176412080345988542e+00 2.200750789202244651e+00 2.241743185983071207e+00 2.265763837534114700e+00 2.293418957533833069e+00 2.330986099001105316e+00 2.389665740464854693e+00 2.456373461396347491e+00 2.500581205717949285e+00 2.592679188824533743e+00 2.629493472460842085e+00 2.669044129272432286e+00 2.676097660591164829e+00 2.740613613886595967e+00 2.779833528388683916e+00 2.923764953816714307e+00 2.981934390286447911e+00 3.051776675705580200e+00 3.121873741125212209e+00 3.139849187802784769e+00 3.156191808195201176e+00 3.234497616480727089e+00 3.402077610683376552e+00 3.405405640402166867e+00 3.419002324266112947e+00 3.564684878441366500e+00 3.609153721418504102e+00 3.655795695694724845e+00
2.232582002721620051e-01 2.653713812295121488e-01 2.877173695076385429e-01 3.178601891047239114e-01 3.428216587684654315e-01 3.730362733789636676e-01 3.896803021256676769e-01 4.093419473315523804e-01 4.194688786591800889e-01 4.418162960320429766e-01 4.604897894969133265e-01 4.859693997035224866e-01 5.119461758129159046e-01 5.195085300263612149e-01 5.484121493966298555e-01 5.651556164153599404e-01 5.851611293423610860e-01 5.902724488316473117e-01 6.231831700687596731e-01 6.326967641067996473e-01 6.524861606606011666e-01 6.711003774726195248e-01 7.006326025701112847e-01 7.095008090690743119e-01 7.200335522334717631e-01 7.390506333150058671e-01 7.605153125603915099e-01 7.753891462830180270e-01 8.029111850098775705e-01 8.199384484197840273e-01 8.292135142434036155e-01 8.623208780995095246e-01 8.788195271644776430e-01 8.961950685856293619e-01 9.190079447368105781e-01 9.260901669251162538e-01 9.520706168258845636e-01 9.557703412280319499e-01 9.755566763504721628e-01 9.904129643692619611e-01 1.038192249456843852e+00 1.047140253674795352e+00 1.056275078504188336e+00 1.077133724241624124e+00 1.080922354015599662e+00 1.102607131674537611e+00 1.114864708496535073e+00 1.125560409840375753e+00 1.149284370834803060e+00 1.164556080901920421e+00 1.175182651719230753e+00 1.206842226878107160e+00 1.230522958293540192e+00 1.246982223303683801e+00 1.300240051139820219e+00 1.301539690331790622e+00 1.321267757797393694e+00 1.332337049267888984e+00 1.357099697914544212e+00 1.361132781758247479e+00 1.378884034251980362e+00 1.408418861982014381e+00 1.416241585295379801e+00 1.435800638267889839e+00 1.472207727331728000e+00 1.501251672946358751e+00 1.523960017653349430e+00 1.539394881197285292e+00 1.557080778202139637e+00 1.573464106623867931e+00 1.593576292449761178e+00 1.604383577878599754e+00 1.640458384670805403e+00 1.644212251807150693e+00 1.672810350124106282e+00 1.697266832803063785e+00 1.712270821123950570e+00 1.722848704250200980e+00 1.746755588254905955e+00 1.772065680248311459e+00 1.796579940593048708e+00 1.822230556089967646e+00 1.862934284449346611e+00 1.899391272811752129e+00 1.925180024294191217e+00 1.934660831981721785e+00 1.952973103525451615e+00 1.969065096290510519e+00 1.998037704618906174e+00 2.031192964414510804e+00 2.077435431657678411e+00 2.107056797353161759e+00 2.175830176025795204e+00 2.200830522285045276e+00 2.238317398881686682e+00 2.266483964587185707e+00 2.294768328934358781e+00 2.329779851573584804e+00 2.390305334647571112e+00 2.457933948778941780e+00 2.501280729984714846e+00 2.589793409830298820e+00 2.628052440984902205e+00 2.663513256507062277e+00 2.676303521917152484e+00 2.738802120258131190e+00 2.780464588757995958e+00 2.920721256186085579e+00 2.975422339993583076e+00 3.051410599308531424e+00 3.122738553464788236e+00 3.141022541929364920e+00 3.156260602886156619e+00 3.232568830207907418e+00 3.401208212593580082e+00 3.404935658177917102e+00 3.418369954783890829e+00 3.562126084402398973e+00 3.607939133190022130e+00 3.656544516361436514e+00
2.178124234107206847e-01 2.590554460858874863e-01 2.867028822318559711e-01 3.195418778259849768e-01 3.392249392469351976e-01 3.688032920032231488e-01 3.879696562760605039e-01 4.028986244975877318e-01 4.187920561466822456e-01 4.476358594441964822e-01 4.553937214704046332e-01 4.795075266055138230e-01 5.083571877281787277e-01 5.171509923065656933e-01 5.515876145481554138e-01 5.613427510462617454e-01 5.875126823762705230e-01 5.949668682635146366e-01 6.233099288826579043e-01 6.349294382929560054e-01 6.476785125950964561e-01 6.679161424994639606e-01 6.950514682217699969e-01 7.050006178521550648e-01 7.246471054579067816e-01 7.353233929646016964e-01 7.595077061489418080e-01 7.741859619920383739e-01 8.001056628055996933e-01 8.240323019432743701e-01 8.325649023717097696e-01 8.650396574213975454e-01 8.792346268613682181e-01 8.920096571904324589e-01 9.203938216176987819e-01 9.315236986068151648e-01 9.530210056144754471e-01 9.580399704778125303e-01 9.737830747280954435e-01 9.891547758418561820e-01 1.032690532690399676e+00 1.045985944341008889e+00 1.053367630653840648e+00 1.079144217379964799e+00 1.084215187584587348e+00 1.101474463110526436e+00 1.118479684089562110e+00 1.128779182232495071e+00 1.144370298469417069e+00 1.163648433909540314e+00 1.177950783477188956e+00 1.200966460171748684e+00 1.232053211984895480e+00 1.249044571745750121e+00 1.294830525552163492e+00 1.298569652488929194e+00 1.317233332823982916e+00 1.328384457416034392e+00 1.352111873763685246e+00 1.362272917458916321e+00 1.378260425073078554e+00 1.403735391024112156e+00 1.414523452382960844e+00 1.436402613567789421e+00 1.469996738136104097e+00 1.495961314913817564e+00 1.521654045527732757e+00 1.539719889683178966e+00 1.549109328526895313e+00 1.573013345694416421e+00 1.594561599761585402e+00 1.605206786809245889e+00 1.638654851139029311e+00 1.649371787646079168e+00 1.674143890271408530e+00 1.698727763499235488e+00 1.708189732695887919e+00 1.728670747267509800e+00 1.751142231262658999e+00 1.772629270548853331e+00 1.797546609777245896e+00 1.826581578598191591e+00 1.860916729408033543e+00 1.898174036439017831e+00 1.927067640034331841e+00 1.934359046491649359e+00 1.954329549571568903e+00 1.975798479741859071e+00 1.999343746460902516e+00 2.032511641920621948e+00 2.074624016530881576e+00 2.108390065128781909e+00 2.174932230747363082e+00 2.200704969469446937e+00 2.233708141936084246e+00 2.267565658744485901e+00 2.296037055767409019e+00 2.327804988337880410e+00 2.391415765499519175e+00 2.460293959880800685e+00 2.502213922113959210e+00 2.584431356080788333e+00 2.626229514928313691e+00 2.655584166912334343e+00 2.675956128643704357e+00 2.735896265370378888e+00 2.781564444164702277e+00 2.915478624641079541e+00 2.965956353701627357e+00 3.049821519256089797e+00 3.123164681028272494e+00 3.142859336881329568e+00 3.157115525957378210e+00 3.229429045176176682e+00 3.399624770030469811e+00 3.404415542526520344e+00 3.417408814620948032e+00 3.558191993859959101e+00 3.605895531847125746e+00 3.657631617559475856e+00
2.083696616304734628e-01 2.497999185159781033e-01 2.841055762982030997e-01 3.198408087079768203e-01 3.321506496245626994e-01 3.650878288034239971e-01 3.810229223103497320e-01 4.001510029790900647e-01 4.211393872972077346e-01 4.459817509319328743e-01 4.560524497276413625e-01 4.734118053126074588e-01 5.005689630988442440e-01 5.197826206134641414e-01 5.468527003608796289e-01 5.653263089275969433e-01 5.873748790290231891e-01 5.995210112790837487e-01 6.227113094070206856e-01 6.361097861093975014e-01 6.435365098555705377e-01 6.659357091881377144e-01 6.910531448158954149e-01 7.004773606830264621e-01 7.261583172253636143e-01 7.304987687490601678e-01 7.577055008104756073e-01 7.735480929217508628e-01 7.989844504178799101e-01 8.271821023950376439e-01 8.369087501824601372e-01 8.670361358379321537e-01 8.770567961260611334e-01 8.922236722903180706e-01 9.209968733677867947e-01 9.361546732371641699e-01 9.514628971537472113e-01 9.604279921485683325e-01 9.749929286688151508e-01 9.867763162902657426e-01 1.025524204233985159e+00 1.045766914151395444e+00 1.051419824745240428e+00 1.078805803186671186e+00 1.088458667252105716e+00 1.100515960342233424e+00 1.120806965615194217e+00 1.132177351966590084e+00 1.141162461834934971e+00 1.163387167871613448e+00 1.178924118552265643e+00 1.196144985016170725e+00 1.233129930155242526e+00 1.249907236889637341e+00 1.287126682504356134e+00 1.294082853908544939e+00 1.311563132805527943e+00 1.324872702945014691e+00 1.346890902365784903e+00 1.363634475779820887e+00 1.378495737704590995e+00 1.397876004108606462e+00 1.412459656983207745e+00 1.437396042936204044e+00 1.464193695264656148e+00 1.492883884548627416e+00 1.517409621846570245e+00 1.539874270373312592e+00 1.542346385679333132e+00 1.571415757075887099e+00 1.592457871460567498e+00 1.608304042135970224e+00 1.636615196426102870e+00 1.655103114138779086e+00 1.673374873232289950e+00 1.697136890066840875e+00 1.710020899844704179e+00 1.734417508240498895e+00 1.755772599873760109e+00 1.772614735245857664e+00 1.798655907264084197e+00 1.832103373491554832e+00 1.858065065638984548e+00 1.897211491718839849e+00 1.929026761562208092e+00 1.934518441460572502e+00 1.957044945095236521e+00 1.982325253372949847e+00 2.002644331680822898e+00 2.034161973179339000e+00 2.070727731457990384e+00 2.110128267869488372e+00 2.173766026670819862e+00 2.200165282136287370e+00 2.228862647994486856e+00 2.268677780908792130e+00 2.296739869941124113e+00 2.325067124778516625e+00 2.392855751115178453e+00 2.463223230073768200e+00 2.503045284988344665e+00 2.576232516373649251e+00 2.624313583790960802e+00 2.645877545562075994e+00 2.675437650360295461e+00 2.731936889021771897e+00 2.783191914771419029e+00 2.907986066123985580e+00 2.954782194638493120e+00 3.046418465815547982e+00 3.122176460572119616e+00 3.145120385721928535e+00 3.159322342227408154e+00 3.225185205099726726e+00 3.397345910609486541e+00 3.403968588211755630e+00 3.416248910901317881e+00 3.553281813845596826e+00 3.603023103365566193e+00 3.658890443059172881e+00
1.951209339229555972e-01 2.386009347725312202e-01 2.786343636829864412e-01 3.160034704932476179e-01 3.231466240403980117e-01 3.547521986817463446e-01 3.766747104267237356e-01 4.043553470829771568e-01 4.216880062720412825e-01 4.402468917589482666e-01 4.575271743130243096e-01 4.703781666828694696e-01 4.936501821503388454e-01 5.216195955440924292e-01 5.426995439077387795e-01 5.710687437698505065e-01 5.863318027468140681e-01 6.023337912126635052e-01 6.224943945065487538e-01 6.325979481904786539e-01 6.412857137001855001e-01 6.638651985212831175e-01 6.890115830674955477e-01 6.968616204720250451e-01 7.183279645691217352e-01 7.356771426047212792e-01 7.554920034420581354e-01 7.708498931749642180e-01 8.008225522902450155e-01 8.291910624676521735e-01 8.424632277895438559e-01 8.658539413767335491e-01 8.765015387889238951e-01 8.933906153466213418e-01 9.214258095745854193e-01 9.370971200256204003e-01 9.492650779385559678e-01 9.619893695797888666e-01 9.747234571153715610e-01 9.897114797439277023e-01 1.017914231901801525e+00 1.043756296495787605e+00 1.052053870200785779e+00 1.076182647377986745e+00 1.088903170822608235e+00 1.102430891573652039e+00 1.121875974712286617e+00 1.131455975432761329e+00 1.143533203657148833e+00 1.163884985618678591e+00 1.177579644937892356e+00 1.193161275685825418e+00 1.234257896709509028e+00 1.248585027934365765e+00 1.277721401832586645e+00 1.288678913314137642e+00 1.305575025143124845e+00 1.322393946488594096e+00 1.342368417068546149e+00 1.363548618986357708e+00 1.379675916472432817e+00 1.391875159802587580e+00 1.410521604149118868e+00 1.438749804608630445e+00 1.455497069951891431e+00 1.492179883192596535e+00 1.511929652758573273e+00 1.534798374689348543e+00 1.541708725533223356e+00 1.568531554891837265e+00 1.589171515482855623e+00 1.611843374183050681e+00 1.635293195196213079e+00 1.658478802390050522e+00 1.672895908952611421e+00 1.693005340386533053e+00 1.716167767243222286e+00 1.739701386057758370e+00 1.760053744736482795e+00 1.771911013214743980e+00 1.799638081803180301e+00 1.838249048260125917e+00 1.854490507603165472e+00 1.896504453555993619e+00 1.931086600673735720e+00 1.934661930968253118e+00 1.961249292677643696e+00 1.987573279414737604e+00 2.008372444101631071e+00 2.035914789926693835e+00 2.065986543986602531e+00 2.112175897736759289e+00 2.172444597351893325e+00 2.199074091051968161e+00 2.224419532446714864e+00 2.269356773120548620e+00 2.296902958203783651e+00 2.321600189352060362e+00 2.394222089172630241e+00 2.466550068102697502e+00 2.503287506980051536e+00 2.565419075584568276e+00 2.621614391765736851e+00 2.635644845878846176e+00 2.675264193681778035e+00 2.726858033313881435e+00 2.785396870284274851e+00 2.898531774534272909e+00 2.942827333302113324e+00 3.041061576591350679e+00 3.119454655498134610e+00 3.147331790309347177e+00 3.162810847932395752e+00 3.219984060221161570e+00 3.394490427655174170e+00 3.403577087682507329e+00 3.415061769097957445e+00 3.547820824758432856e+00 3.599365303112368242e+00 3.660181835459462629e+00
1.778741961280625450e-01 2.275605516599530642e-01 2.699530125712493178e-01 3.058842983814252792e-01 3.124007919800917410e-01 3.412568986591708042e-01 3.784726518452123378e-01 4.080677353377896166e-01 4.168501498451074316e-01 4.340163360307782159e-01 4.601513914398130400e-01 4.712350384372153700e-01 4.887063202740569712e-01 5.182395044262374517e-01 5.456085832021991822e-01 5.718425245729470419e-01 5.892159108215695440e-01 6.022428394193222179e-01 6.196310819901289513e-01 6.274908682071543842e-01 6.415818037726291889e-01 6.604723094666076211e-01 6.841895313850724358e-01 6.964204841326279150e-01 7.175682981414015504e-01 7.402247260772885085e-01 7.521959835572189501e-01 7.688042490704574128e-01 8.036605088516630691e-01 8.310674717527434252e-01 8.478184139626229188e-01 8.639247730357419996e-01 8.761955742389009316e-01 8.934082504034021044e-01 9.209801571570962464e-01 9.330268465391814425e-01 9.502240086595646895e-01 9.608654099504014834e-01 9.744376162784603723e-01 9.972006698549658044e-01 1.011598268451233462e+00 1.039501031064641312e+00 1.053846543987712492e+00 1.071458693330835210e+00 1.086643080587877730e+00 1.104333424622367499e+00 1.122717833218996208e+00 1.129600111555111086e+00 1.148220100607039607e+00 1.163988074933612005e+00 1.175829986476917721e+00 1.190984720514259187e+00 1.235476562595494432e+00 1.245083815832652929e+00 1.267991066560298474e+00 1.283594744904789975e+00 1.300887170343989707e+00 1.319654198863289718e+00 1.338629872831652134e+00 1.362152652476489978e+00 1.379503233690981601e+00 1.387839111805770909e+00 1.409281433757486823e+00 1.439703296080727002e+00 1.446574500593264867e+00 1.492319145036479444e+00 1.506227745941356666e+00 1.529875104209431846e+00 1.540844618323679471e+00 1.565146593202505043e+00 1.585919063772577520e+00 1.614047377739740829e+00 1.635713021704611192e+00 1.657272918114208293e+00 1.675093457474488678e+00 1.689503259560791060e+00 1.722127988058538062e+00 1.744551982234766818e+00 1.763496282140162297e+00 1.770868781912998013e+00 1.800387747698663166e+00 1.843514605696159547e+00 1.851156487648284665e+00 1.895774855830504979e+00 1.933202360890848404e+00 1.934691204265267084e+00 1.966247143369175499e+00 1.992041562542386846e+00 2.015192735325570084e+00 2.037275425402826023e+00 2.061105032571442841e+00 2.114425190947086808e+00 2.171251409332647153e+00 2.197322268092440911e+00 2.220662012599697199e+00 2.269204176414303387e+00 2.296718630643894254e+00 2.317580801562737491e+00 2.394986222942294241e+00 2.470075227509969551e+00 2.502250416977024994e+00 2.553059943339765159e+00 2.615351708367990025e+00 2.627837715219579540e+00 2.675933575470981207e+00 2.720552011035144435e+00 2.788163378021957683e+00 2.887899122381778039e+00 2.930606832535096018e+00 3.033921176418946875e+00 3.115345982509256206e+00 3.148890441430117981e+00 3.166943773456833977e+00 3.214028501393013659e+00 3.391146929880124450e+00 3.403147961476054473e+00 3.414050353661999715e+00 3.542200937417238737e+00 3.595027572805789884e+00 3.661416826218602427e+00
1.564636342022398263e-01 2.190737606711651297e-01 2.578241399122478406e-01 2.888885808011257272e-01 3.002468861352958207e-01 3.309168284232077428e-01 3.800475861665116861e-01 4.031504396557920034e-01 4.095647883274934897e-01 4.328725387061980179e-01 4.648665993970031440e-01 4.730780609809868698e-01 4.862378540682597561e-01 5.129680947249215528e-01 5.506779799599114122e-01 5.702141037220733732e-01 5.936982838269020402e-01 5.972249118631854925e-01 6.131904050370939885e-01 6.233312493261116138e-01 6.463454802945159949e-01 6.575381248689037283e-01 6.809116740176979210e-01 6.962343493724498789e-01 7.224024625920224540e-01 7.406490437843632479e-01 7.521616899777076037e-01 7.686617413166616508e-01 8.057451785171366732e-01 8.334166822470803204e-01 8.512562390400745249e-01 8.634214854141187834e-01 8.744077268543360981e-01 8.926154224800041392e-01 9.161994892244480493e-01 9.301717781989303768e-01 9.519616077748485061e-01 9.588706798709771828e-01 9.768281707126238445e-01 9.985893599520906383e-01 1.013099218824550674e+00 1.034271874439548933e+00 1.053985391272959316e+00 1.066818937151989166e+00 1.084074135956524465e+00 1.103610215110202519e+00 1.123319109491771606e+00 1.128505696507758893e+00 1.151922755008317534e+00 1.163545806778389480e+00 1.175707314276084992e+00 1.188361458015511518e+00 1.235905587860890664e+00 1.240531718180504672e+00 1.259253864327558148e+00 1.280284190641787223e+00 1.297858933304275597e+00 1.314903783690616113e+00 1.336678502632661081e+00 1.359531487584259457e+00 1.375646367899103328e+00 1.387398818048987348e+00 1.409276710619303818e+00 1.435799053384238633e+00 1.442969591089232839e+00 1.491936147200967122e+00 1.501549320420010769e+00 1.525407207517437636e+00 1.538648771936500737e+00 1.562105093495083974e+00 1.583051964098604270e+00 1.614626362306491814e+00 1.637774683294834110e+00 1.653701503428668396e+00 1.678217202860617041e+00 1.687247406517028869e+00 1.726520024556834176e+00 1.748313229959486570e+00 1.765992906462780176e+00 1.770516537782008459e+00 1.801005192310843883e+00 1.842170581915627769e+00 1.853044403370478488e+00 1.894821818241500422e+00 1.934015378186599410e+00 1.935896981113362392e+00 1.971034328151465509e+00 1.996371535886678483e+00 2.021200017750300226e+00 2.037136712526181892e+00 2.057626135315437033e+00 2.116751774646016493e+00 2.170565206353830323e+00 2.194811706040565635e+00 2.217625833881382125e+00 2.268117684350589247e+00 2.296055700702204661e+00 2.313440797821135764e+00 2.394773137302843580e+00 2.473143391790959544e+00 2.499253787636498192e+00 2.541126249030535078e+00 2.604715836050449873e+00 2.623297828567888068e+00 2.677640824810183950e+00 2.713080970201530384e+00 2.791318742856372825e+00 2.877265304430321802e+00 2.918352547278689979e+00 3.025275907234981521e+00 3.110359642048966311e+00 3.149266478105690048e+00 3.170972324259212272e+00 3.207636474013728201e+00 3.387316915234910297e+00 3.402566447009940820e+00 3.413405696537984646e+00 3.536737206835333325e+00 3.590180056133765785e+00 3.662555153368268535e+00
1.327199755500614586e-01 2.126070618779392352e-01 2.432943474402476380e-01 2.669348632354633932e-01 2.879990056176269797e-01 3.209932979243618201e-01 3.764286055815896925e-01 3.922686527065230577e-01 4.041336882457796653e-01 4.359369797087550569e-01 4.674484879849383767e-01 4.749411918473029348e-01 4.878377522383742226e-01 5.090672612454606449e-01 5.506454094719955838e-01 5.705402782355304403e-01 5.866084449037087811e-01 5.940782320935412697e-01 6.121258416824616466e-01 6.224991525091941869e-01 6.534196217789596250e-01 6.570457427174110077e-01 6.780543821708199248e-01 6.985420680519145442e-01 7.279692184911930042e-01 7.363145811440672261e-01 7.579735970265643052e-01 7.694605870021419269e-01 8.066931399191058505e-01 8.361021867700223487e-01 8.518721469281931302e-01 8.639017211374688809e-01 8.722721217095595891e-01 8.915062730181324557e-01 9.091095465872798265e-01 9.291839091948511653e-01 9.521387991685327234e-01 9.590968632960797935e-01 9.792903550494045373e-01 9.948063070188623014e-01 1.018372350323620168e+00 1.030410181825917038e+00 1.052012131551681717e+00 1.065121553433822310e+00 1.082310028017591685e+00 1.100599469701741606e+00 1.122846440995015627e+00 1.127925388593875144e+00 1.152451198853882142e+00 1.164565184026837397e+00 1.177313289545778296e+00 1.184935695245953102e+00 1.232712605064153255e+00 1.238245947051891616e+00 1.252507126714395014e+00 1.278901601465386006e+00 1.295169274398774828e+00 1.309588105838408234e+00 1.335346188591119754e+00 1.356659392473571701e+00 1.370715811301076004e+00 1.387259366257745929e+00 1.410525645392585181e+00 1.429525980914102989e+00 1.442862267108309560e+00 1.489714718720320352e+00 1.498928624721291847e+00 1.520502545377560466e+00 1.536572920954976329e+00 1.558909454946177497e+00 1.581172201992101067e+00 1.614440387492884987e+00 1.638935244899894839e+00 1.651384114523304802e+00 1.679642536003731257e+00 1.686987151278238395e+00 1.729165798356985029e+00 1.749461208857121086e+00 1.768103485987561951e+00 1.772084525080147577e+00 1.801596915611886729e+00 1.836567568225365932e+00 1.856792479067193691e+00 1.893895891442185286e+00 1.933661569854059348e+00 1.937921519113657398e+00 1.974810652842784009e+00 2.000112082272313963e+00 2.025263875441157158e+00 2.034738251219134764e+00 2.056991478308824561e+00 2.118974717313624634e+00 2.170566740125385863e+00 2.191598117308578786e+00 2.215251470453909022e+00 2.266334710708147515e+00 2.294291152989441862e+00 2.309912263384912734e+00 2.393543939006571808e+00 2.473394126435192852e+00 2.495450808075167615e+00 2.531710387199497703e+00 2.592963882933656095e+00 2.618969974030259440e+00 2.679686414686059059e+00 2.705205169356353245e+00 2.794444483966439741e+00 2.867911253811002759e+00 2.906257085457037537e+00 3.015384795499224779e+00 3.104922622588967229e+00 3.148048026950469591e+00 3.174195618141778308e+00 3.201412977851532560e+00 3.382929305026107780e+00 3.401773296964806015e+00 3.413222286788743176e+00 3.531636226249998067e+00 3.585041154919016204e+00 3.663592102260806893e+00
1.099962001665635153e-01 2.044907394207859108e-01 2.290992124589067147e-01 2.434944372506063770e-01 2.745444745522524488e-01 3.089434467028068787e-01 3.642306020531871913e-01 3.827139554242835473e-01 4.022040418137992068e-01 4.379942027762486756e-01 4.674473890877282600e-01 4.771159300456561669e-01 4.929105526352923761e-01 5.062447764833256647e-01 5.423474735830929871e-01 5.720159499609898113e-01 5.781369772264246532e-01 5.926571576560099031e-01 6.156768850208556021e-01 6.255597836611614948e-01 6.571739021087180666e-01 6.613533867730115867e-01 6.752669336821757184e-01 7.033429741004399993e-01 7.302503913098450372e-01 7.344122419278019676e-01 7.647690334698613590e-01 7.711763080043422258e-01 8.071433300255789201e-01 8.384768076874026255e-01 8.503592050931739754e-01 8.627370198260767564e-01 8.724521287589683816e-01 8.910234151313952689e-01 9.035207662091770953e-01 9.278743235538607914e-01 9.513250384230931278e-01 9.609596149657988473e-01 9.787880726225925976e-01 9.922062573709248268e-01 1.017653471547676158e+00 1.029910287003849234e+00 1.053350658385001193e+00 1.065808633665335181e+00 1.081515902678455765e+00 1.096611028776721231e+00 1.121485354476742247e+00 1.127523516268970072e+00 1.150601804318194699e+00 1.165074775336214286e+00 1.180259159457359708e+00 1.182200470444734863e+00 1.226921550468563771e+00 1.237407374325534271e+00 1.248690101346053405e+00 1.276841656451128459e+00 1.291724853585803245e+00 1.307058965979809972e+00 1.332358624602151931e+00 1.355208020376216016e+00 1.366226462094580318e+00 1.385639145509879100e+00 1.412334785345344512e+00 1.425185634954191816e+00 1.442817347402650885e+00 1.485552281831018506e+00 1.497160871875139909e+00 1.516027020998884423e+00 1.535220179947280439e+00 1.554931365484365502e+00 1.580750496515873627e+00 1.614069649807079010e+00 1.636788042175306490e+00 1.652280872637088116e+00 1.679020514852208823e+00 1.688475149936785602e+00 1.730401307763190344e+00 1.748188264401379755e+00 1.769730216262766387e+00 1.775785724178415403e+00 1.802147530596983627e+00 1.830057704217290748e+00 1.857987027132563140e+00 1.893715080039045207e+00 1.932933114994906054e+00 1.939653397399806245e+00 1.976790300592977667e+00 2.002229115836632989e+00 2.026036577016295137e+00 2.033088785511678598e+00 2.058369712880166791e+00 2.120712923879177758e+00 2.170966251392643542e+00 2.188141619330777665e+00 2.213485864287942473e+00 2.264257724610906131e+00 2.290935994344988291e+00 2.307607264890449539e+00 2.391558121286121885e+00 2.467109387539470067e+00 2.495149963202988985e+00 2.525112976700197187e+00 2.581763368485324062e+00 2.613704212800770588e+00 2.679111304963852636e+00 2.699821133257201744e+00 2.796884298410343472e+00 2.860911495282624006e+00 2.894664214923876155e+00 3.004449508890802534e+00 3.099370205733833483e+00 3.144948176910080662e+00 3.175576985233979244e+00 3.196656333897764046e+00 3.377915233706079157e+00 3.400792282070387529e+00 3.413460043673918864e+00 3.526983730826262153e+00 3.579847086801114298e+00 3.664542559252726317e+00
9.131109820795606236e-02 1.919756641528999885e-01 2.123247984569488767e-01 2.259447776654672224e-01 2.596417053902746463e-01 2.942014877841297449e-01 3.451592059994478823e-01 3.762654464844256141e-01 4.017156982115138719e-01 4.387310385305278060e-01 4.670779426063713102e-01 4.788258690852467137e-01 4.946274033486790511e-01 5.052553121428977612e-01 5.336430388535526870e-01 5.706225014253278882e-01 5.737068966852548746e-01 5.947981466115738192e-01 6.186900834033675078e-01 6.310818319654349917e-01 6.559108932748256571e-01 6.678674134536666251e-01 6.768370218276450467e-01 7.081274094425801247e-01 7.288238180802962818e-01 7.370396625559775261e-01 7.687412098636778879e-01 7.758435572032945649e-01 8.087387996916004518e-01 8.392854222899616135e-01 8.482338694996390815e-01 8.604827967508206221e-01 8.751153207802060408e-01 8.914938573993750337e-01 9.005245568521710320e-01 9.261696329346597034e-01 9.507386499029671922e-01 9.627561500486857549e-01 9.752755764673997074e-01 9.901454621991274685e-01 1.013104749471102073e+00 1.031386320928906919e+00 1.057793077209455257e+00 1.068483721867538261e+00 1.081391334112904001e+00 1.093927618675931912e+00 1.119572434540752726e+00 1.127046087851886202e+00 1.148151156131584694e+00 1.163633753816066596e+00 1.177530212713458591e+00 1.187785289768249930e+00 1.220482909943464200e+00 1.236546582380804615e+00 1.247038278879566864e+00 1.270433567777934147e+00 1.290919472272875845e+00 1.307041427556071111e+00 1.327302645028289207e+00 1.355447726601410663e+00 1.362668595318410780e+00 1.382484567911581808e+00 1.413704619134119378e+00 1.422781178954328762e+00 1.443467188338791729e+00 1.480184455064056381e+00 1.493959293264169874e+00 1.513664364873535728e+00 1.533892303496104059e+00 1.550653347683238925e+00 1.581551011488644853e+00 1.613493666555100070e+00 1.633248179522047483e+00 1.653777462372833629e+00 1.678014574718960761e+00 1.690006523243919423e+00 1.730818359662462447e+00 1.746161933004574562e+00 1.771145066012426605e+00 1.779715764993660354e+00 1.802626345981322320e+00 1.823406363865442525e+00 1.855679520018172379e+00 1.894696530673628976e+00 1.931776726881706319e+00 1.940916310400630174e+00 1.975956007900249611e+00 2.002394097337082179e+00 2.022975626942113969e+00 2.035490342607584324e+00 2.060413622010769163e+00 2.121302472352253776e+00 2.170983600218528320e+00 2.185419895248291944e+00 2.212302991732955082e+00 2.262298618952342633e+00 2.286477838067879631e+00 2.306391009914165569e+00 2.389186318042497259e+00 2.456491010332936042e+00 2.497971560636768285e+00 2.520090684517001023e+00 2.571987381639344594e+00 2.607437583147856675e+00 2.672484727934949511e+00 2.700338924934635898e+00 2.798005513185342963e+00 2.856705088780798985e+00 2.884225996032339090e+00 2.992640360918469966e+00 3.093977685573670477e+00 3.139865321404227139e+00 3.173717632843144010e+00 3.195219899922216111e+00 3.372304718609609786e+00 3.399661575719271855e+00 3.414009729296984208e+00 3.522763669116020679e+00 3.574820243543347598e+00 3.665426200590997663e+00
7.679407428965900895e-02 1.781871508041347751e-01 1.885501317179848202e-01 2.184709107291405716e-01 2.445159719405227694e-01 2.764041313175154002e-01 3.223838437537118184e-01 3.734317604749876063e-01 4.011107157248811061e-01 4.376615471306344873e-01 4.648172788681169121e-01 4.799435149719737392e-01 4.880919431609213599e-01 5.097508661277129205e-01 5.303097158299240332e-01 5.643512031974800003e-01 5.748352216574879048e-01 5.984527127907934840e-01 6.211304203581252681e-01 6.346471517668453854e-01 6.521101105384774499e-01 6.745119090104407800e-01 6.837545065401381406e-01 7.129413605211208926e-01 7.289826573083454386e-01 7.387479530687200979e-01 7.709532448787748127e-01 7.817756565828073434e-01 8.135907279139371617e-01 8.366734924906326087e-01 8.478147790767861514e-01 8.599133662520795918e-01 8.777693293434560839e-01 8.906841808469433408e-01 9.023602657546233585e-01 9.242733421154041284e-01 9.505356650801333185e-01 9.627899507208350638e-01 9.727319759971984059e-01 9.878492721328019366e-01 1.006827392185111636e+00 1.034371269092812406e+00 1.060673625246675522e+00 1.070642740439410101e+00 1.083506170819445780e+00 1.093946750412750468e+00 1.116621386689651274e+00 1.127738471621627436e+00 1.145569784424561144e+00 1.162097134418285105e+00 1.175179057156943374e+00 1.194616997367862199e+00 1.214394534213640631e+00 1.235554013012039043e+00 1.244462142813576033e+00 1.262987094922149778e+00 1.292763540814324097e+00 1.307461247172684971e+00 1.321419628517250811e+00 1.356127186487512404e+00 1.360231474334999469e+00 1.378618604663201186e+00 1.413815678433454570e+00 1.421656569314044605e+00 1.444920606063091251e+00 1.474515971585835583e+00 1.489334933595900523e+00 1.512607820372187328e+00 1.531953012157030392e+00 1.547268187259418726e+00 1.583024228722489823e+00 1.612421661286785435e+00 1.630032683556985607e+00 1.653918464595542481e+00 1.677050894226829847e+00 1.691045038825979230e+00 1.731201497731648997e+00 1.744145687028299863e+00 1.772756116892832079e+00 1.781942596459366035e+00 1.803132091977360796e+00 1.817305450976687053e+00 1.850729481137486587e+00 1.896276486290476182e+00 1.930268510137864713e+00 1.941608992307680914e+00 1.972037332520585551e+00 2.000352465727935236e+00 2.020735783674563635e+00 2.039176579442264714e+00 2.062791858336170403e+00 2.120182155006503866e+00 2.169715093758623148e+00 2.184491760817468542e+00 2.211579477497314983e+00 2.260837959466294844e+00 2.281854537683349005e+00 2.305931637177489169e+00 2.386695589456464983e+00 2.445515854011667045e+00 2.500396473917445572e+00 2.516249712595268750e+00 2.564354841680404284e+00 2.600477678478883892e+00 2.662648765385827510e+00 2.704006054298286887e+00 2.797680089696049421e+00 2.854330833370656517e+00 2.876270292774928627e+00 2.980151849598334124e+00 3.088973481958550593e+00 3.132975720414895804e+00 3.169149531454098057e+00 3.196995000428243028e+00 3.366279841890016389e+00 3.398388799808107041e+00 3.414763015247667344e+00 3.518909572368134953e+00 3.570149500253748442e+00 3.666255615940908985e+00
6.286432072697728524e-02 1.580481483380749563e-01 1.726950855195991674e-01 2.124699866472228860e-01 2.318791203024334890e-01 2.549619953554152496e-01 3.014707540931367280e-01 3.744546115307343936e-01 3.986863399017965826e-01 4.314240267861579325e-01 4.607470296394459708e-01 4.806989683046099526e-01 4.830759447385725158e-01 5.143436642894575472e-01 5.292525129072985779e-01 5.601662674626564087e-01 5.763844482864259877e-01 5.996807488958739718e-01 6.224268960161728481e-01 6.355667635344486310e-01 6.495943738897413944e-01 6.827198599968757886e-01 6.926120838607850994e-01 7.187815880196605223e-01 7.294605541339848065e-01 7.397449148035812883e-01 7.730377154649017424e-01 7.879993185621370078e-01 8.219866187159450277e-01 8.319323650212463450e-01 8.487377726844778092e-01 8.610085776506737343e-01 8.797720102046613366e-01 8.886426685566894967e-01 9.082497223116029472e-01 9.226096977086888362e-01 9.488786891710777605e-01 9.627511479224930557e-01 9.731489166048298278e-01 9.858311958314619483e-01 1.000442626207435959e+00 1.036127507775267631e+00 1.061406045095863115e+00 1.069802178587254904e+00 1.088092198247746945e+00 1.094760305643970311e+00 1.112538909645086393e+00 1.132177531756523470e+00 1.143250402920486630e+00 1.160896149107485176e+00 1.174260159766158829e+00 1.201274640805037430e+00 1.209397481527413332e+00 1.230993643587327657e+00 1.241771717955101106e+00 1.259127870002233696e+00 1.295439669929193904e+00 1.306425828719868676e+00 1.316797404954403561e+00 1.355829692749942028e+00 1.358825100714640133e+00 1.375265164919091010e+00 1.412548161394542090e+00 1.421135011529074177e+00 1.445591452228832674e+00 1.470220748157712309e+00 1.484546561715363922e+00 1.510686881551756899e+00 1.529050466823380638e+00 1.546096052039062085e+00 1.584667471631622027e+00 1.610568061209999291e+00 1.627746083887528394e+00 1.652725095492129537e+00 1.675886849730364281e+00 1.691451980060643789e+00 1.731671417261734680e+00 1.742579186156234083e+00 1.773928307775645585e+00 1.782118939429360172e+00 1.803563450339746188e+00 1.812428285675193873e+00 1.845145655093733961e+00 1.897585857725163638e+00 1.928635831927748789e+00 1.941546931663221232e+00 1.966377005637767850e+00 1.995520697805825083e+00 2.021564469054570878e+00 2.042505485677401644e+00 2.065706713960948626e+00 2.117508772573963860e+00 2.166976769073890807e+00 2.185410949247337697e+00 2.210903219935058672e+00 2.260195521143878672e+00 2.277734372866741630e+00 2.306316447121555591e+00 2.384105744021363105e+00 2.435703747012030629e+00 2.499204164682385265e+00 2.515002059190388994e+00 2.559455758002168846e+00 2.593336838008999834e+00 2.652568307411173887e+00 2.708002863154672202e+00 2.796419919472842075e+00 2.851186724643458792e+00 2.873004631992324143e+00 2.967255218186598320e+00 3.084535172199391884e+00 3.124793861370391390e+00 3.163782945649609157e+00 3.200295072050940437e+00 3.360159256946894324e+00 3.396986429019502651e+00 3.415624482514659555e+00 3.515369473026478175e+00 3.565986506606669604e+00 3.667029033614856548e+00
4.709884352914403549e-02 1.310055531943255802e-01 1.620100228127287767e-01 2.011809227780638476e-01 2.224822145627769199e-01 2.402949734857994513e-01 2.866838196714412978e-01 3.787331119865955942e-01 3.926806258768780755e-01 4.206672122725824692e-01 4.557864585226626408e-01 4.779307466153455697e-01 4.843827562694247857e-01 5.169231075580228429e-01 5.294753957561505464e-01 5.576360508752798983e-01 5.777710939501963239e-01 5.958057066901265575e-01 6.232412562678990575e-01 6.355382983334605385e-01 6.524311680988001960e-01 6.906302597670808119e-01 7.019475590422080691e-01 7.230356626353041660e-01 7.298709499691398150e-01 7.417281582123850248e-01 7.756331675469081421e-01 7.952501928616442228e-01 8.273135116198995220e-01 8.318229927462539308e-01 8.488513161399295903e-01 8.637257883298418148e-01 8.814446639019163365e-01 8.871828825241010463e-01 9.149367663853380517e-01 9.222864860815539467e-01 9.459351687975597889e-01 9.647382957271122272e-01 9.738732834093491997e-01 9.848727996474205826e-01 9.953718428571928234e-01 1.035222151039209226e+00 1.059194279444396702e+00 1.069164315988575753e+00 1.087657708897150854e+00 1.098286346129150548e+00 1.108600788001131265e+00 1.137843772735777081e+00 1.144379238825242062e+00 1.158744100039547753e+00 1.175695630681643289e+00 1.204599492047136566e+00 1.207442916747032857e+00 1.222730916380059263e+00 1.242390563992359365e+00 1.257508129877827452e+00 1.297297909362213675e+00 1.303583481200187411e+00 1.315374274345152639e+00 1.354261086899224420e+00 1.357236189351033850e+00 1.373577096977316669e+00 1.410524761408037842e+00 1.420577635965874164e+00 1.443740135332879371e+00 1.468428722244294216e+00 1.480710077154267612e+00 1.507099696918710263e+00 1.525138557478402657e+00 1.547465483677611831e+00 1.586151444411856293e+00 1.607876354124137430e+00 1.626725080697963621e+00 1.650588994378620722e+00 1.674926338126463188e+00 1.690930511075424469e+00 1.730506926361458309e+00 1.743085912745136801e+00 1.772428675936928544e+00 1.782552851798018922e+00 1.802904800608372993e+00 1.809619760943158795e+00 1.840967659373546006e+00 1.898232727735220005e+00 1.927051993377879580e+00 1.940323834525589097e+00 1.960961837481826731e+00 1.989284222390560908e+00 2.024271545660770055e+00 2.044875785407359370e+00 2.069243165018627373e+00 2.114112736766916800e+00 2.163312370300920939e+00 2.187317723740966446e+00 2.209669186272123387e+00 2.260496175982507072e+00 2.274451049749892206e+00 2.307953815013821242e+00 2.381212331628035361e+00 2.427321083118874068e+00 2.494669100145926244e+00 2.515601002714772605e+00 2.557576493244846816e+00 2.586633992207501009e+00 2.643433586797001578e+00 2.711304602427144772e+00 2.794907264369274724e+00 2.846286885236273712e+00 2.874768281875196951e+00 2.954325126513138500e+00 3.080783114707456249e+00 3.116132370436675458e+00 3.158707847136903002e+00 3.204027035306707738e+00 3.354342578124899443e+00 3.395520003039790513e+00 3.416501669587759249e+00 3.512157160177150406e+00 3.562450449896322091e+00 3.667728850579490718e+00
3.004458127925207708e-02 1.022053485208605644e-01 1.389792700955936877e-01 1.850459047327115691e-01 2.166582788216931121e-01 2.442035273706621989e-01 2.778835636836428646e-01 3.786545457591089514e-01 3.881821556162152187e-01 4.113878453614993602e-01 4.490051325686760242e-01 4.726971817641182350e-01 4.885912106592606996e-01 5.165468009942121297e-01 5.319966281027422861e-01 5.561180268937532256e-01 5.767413193784344250e-01 5.898381298312010967e-01 6.248244888540890329e-01 6.358975381586537967e-01 6.592097224402686528e-01 6.968428132505858352e-01 7.103316532461971811e-01 7.220721535032741389e-01 7.326166209933875351e-01 7.448910351592502588e-01 7.790294501903870517e-01 8.028980578879163499e-01 8.243006153003568093e-01 8.395443924580304751e-01 8.485554256076225377e-01 8.668857161339201811e-01 8.839196258469520506e-01 8.871291857674875603e-01 9.184378328730216090e-01 9.258335950076970189e-01 9.450222288735518061e-01 9.647279003654161134e-01 9.745332402699291574e-01 9.838562118830022074e-01 9.940691401638173108e-01 1.031631005100985821e+00 1.054966590370814750e+00 1.068914408649275005e+00 1.082479299794387728e+00 1.101622757664977303e+00 1.108420048333845775e+00 1.136836316362650923e+00 1.153474973819431648e+00 1.156188611488301321e+00 1.178684199343488448e+00 1.198647648540158039e+00 1.212252435554346475e+00 1.217696901914524954e+00 1.243285001854332439e+00 1.256503317420550658e+00 1.294510882958180620e+00 1.304559283702165562e+00 1.316094746116981407e+00 1.351227846558742618e+00 1.355022289063740670e+00 1.373614240696390265e+00 1.408433559407564761e+00 1.420013312326498411e+00 1.440050389463609637e+00 1.467869570987939021e+00 1.478482696685516906e+00 1.502621116246255051e+00 1.520641258144823649e+00 1.550323885115415301e+00 1.587432959341205096e+00 1.604724791680084195e+00 1.626919625317682527e+00 1.647712160795262726e+00 1.674700500449378238e+00 1.689694371059885292e+00 1.727096286721797158e+00 1.745915574039907270e+00 1.768280340153419949e+00 1.783764541825316519e+00 1.801275315817852052e+00 1.809038378865049257e+00 1.838982981034654740e+00 1.898372558708623981e+00 1.925499026177850403e+00 1.937617770786211668e+00 1.957312574666295824e+00 1.983309179619207718e+00 2.027082962703954827e+00 2.046521546489295407e+00 2.072959635914887411e+00 2.110897318227693109e+00 2.159362384519984523e+00 2.189482931774411778e+00 2.207552261119926751e+00 2.261471794796643842e+00 2.272116412094239202e+00 2.311166030908148539e+00 2.377814755339039188e+00 2.420235683074960065e+00 2.489796048013086516e+00 2.515547252014501911e+00 2.558395339727196571e+00 2.580932468670513291e+00 2.635785409412513047e+00 2.713619453905763645e+00 2.793563147189871199e+00 2.841348556887407728e+00 2.879349273714632673e+00 2.941842500151520490e+00 3.077784835715159151e+00 3.107971179999991840e+00 3.154403999629002531e+00 3.207567264195229306e+00 3.349250713707589089e+00 3.394117804806132899e+00 3.417303859917967035e+00 3.509371228146070276e+00 3.559631159107541354e+00 3.668325512016335832e+00
6.705568174514287862e-03 7.207122532393263337e-02 9.878822765083869473e-02 1.781852217111374870e-01 2.174489525639723420e-01 2.497621411693207172e-01 2.765355152092071611e-01 3.645009743960587745e-01 3.939725881255040085e-01 4.075521907499322083e-01 4.417108625080497508e-01 4.655815762154990600e-01 4.927762886818939925e-01 5.148337532932666383e-01 5.355146550076798073e-01 5.555601424470671956e-01 5.717505758253040860e-01 5.868984452753024383e-01 6.262513828909771485e-01 6.369180371413918351e-01 6.675217246705231755e-01 6.990104847477867089e-01 7.145433211320052491e-01 7.229115249903456109e-01 7.356430024122027067e-01 7.481034098819515643e-01 7.811599019363739682e-01 8.099968929114962357e-01 8.235457773619414557e-01 8.420085957805781840e-01 8.493869466054497774e-01 8.698264804756172808e-01 8.853568043829047607e-01 8.911393636780499117e-01 9.192170491276908662e-01 9.308057350754415094e-01 9.477598432188530930e-01 9.616706113554843727e-01 9.756294186424699921e-01 9.809426596120408570e-01 9.968249063160231627e-01 1.026300681506789436e+00 1.050116878642093576e+00 1.068245548131390610e+00 1.077628959142572063e+00 1.100152368998387198e+00 1.113994106291649411e+00 1.134845081378830001e+00 1.152212232995913022e+00 1.163620405039381689e+00 1.180536947108478341e+00 1.193383667521166203e+00 1.214832878047506615e+00 1.218117222780071396e+00 1.242216976017016528e+00 1.256105036931790098e+00 1.290363583944338144e+00 1.307946749578661194e+00 1.317924152933538151e+00 1.347163217986385497e+00 1.352374727581985736e+00 1.374456615212234833e+00 1.406680064184009371e+00 1.420185882487806861e+00 1.436008760965407083e+00 1.467455169123574654e+00 1.477238666972105152e+00 1.498667071285457952e+00 1.516169822919453125e+00 1.553379679875069419e+00 1.588711552666760785e+00 1.601659995927783520e+00 1.627805096085598979e+00 1.644601727968056704e+00 1.674901794212347417e+00 1.688612454539709873e+00 1.723272419155382540e+00 1.749078761784207181e+00 1.763730656234131944e+00 1.784126100628829148e+00 1.800929732131642425e+00 1.809200194635266046e+00 1.838552398976202484e+00 1.898372499255384982e+00 1.923893009450860836e+00 1.934197910485833782e+00 1.955556935056486756e+00 1.978543844663029683e+00 2.029047244306922071e+00 2.047933078359199133e+00 2.076107477682465507e+00 2.108455189050221001e+00 2.155778089543724185e+00 2.191572052617984490e+00 2.204830705549594150e+00 2.262511648217771842e+00 2.270732089385651520e+00 2.315627941107836207e+00 2.374051022966020774e+00 2.414448715271388046e+00 2.486257700831228323e+00 2.514390983572904137e+00 2.560820920793175581e+00 2.576564292759101704e+00 2.629959846226847642e+00 2.715017768398525266e+00 2.792528840728694117e+00 2.837569556368626511e+00 2.885140539063839604e+00 2.930433319055327779e+00 3.075577697312201764e+00 3.101297659010934904e+00 3.151139747726274365e+00 3.210460858573310539e+00 3.345277094523809058e+00 3.392945080366462918e+00 3.417948061893075540e+00 3.507177620256022532e+00 3.557588681331906866e+00 3.668784616647676522e+00
-1.882803810350629214e-02 4.109971203980589127e-02 5.086398545222304418e-02 1.769279313876079562e-01 2.225940698568627252e-01 2.476315686853008402e-01 2.827673867569984734e-01 3.511261920849484963e-01 3.961374946233536809e-01 4.100340098766009911e-01 4.364034442700231997e-01 4.583638761172231790e-01 4.952883191708317701e-01 5.136717284618916857e-01 5.384736103615154201e-01 5.555839871448375877e-01 5.664626052314427618e-01 5.860419713940956399e-01 6.268108218032044654e-01 6.382136110819255359e-01 6.759366822926750062e-01 6.951403982447875718e-01 7.162267201065622979e-01 7.266512307650477842e-01 7.373527558226146139e-01 7.515209484409669516e-01 7.805154359946490095e-01 8.155974471633398171e-01 8.244277390473286893e-01 8.409696207430145121e-01 8.500866666755946266e-01 8.734141363454372975e-01 8.833723352615545643e-01 8.991787783351138374e-01 9.181568667833137631e-01 9.340995833645954205e-01 9.516610175977545660e-01 9.604831268360156660e-01 9.745475300292362197e-01 9.780463982988418792e-01 1.000435818405943200e+00 1.021152432560661794e+00 1.045683306285145164e+00 1.067310025882845403e+00 1.075277112273685054e+00 1.098690938063093814e+00 1.119289366382600459e+00 1.132883580313793104e+00 1.150011726310344873e+00 1.169438521150609978e+00 1.178848077499537128e+00 1.192649853271145366e+00 1.216536807185855773e+00 1.220562626387321048e+00 1.239479501453670585e+00 1.255776804250361200e+00 1.287756912244129914e+00 1.311106404603988418e+00 1.320262913661225390e+00 1.343482492924527483e+00 1.349646714730651009e+00 1.375291094272546477e+00 1.405436693254884739e+00 1.421460230554838056e+00 1.432476482567073051e+00 1.467258641301498079e+00 1.476191001003329228e+00 1.496310026999161380e+00 1.512626372111605111e+00 1.555645798064315910e+00 1.590051212291225591e+00 1.599145058221058902e+00 1.628723514856106114e+00 1.642126107017582992e+00 1.674939249365295035e+00 1.688290963502553588e+00 1.720472326846514965e+00 1.751337718798246623e+00 1.760254905944469872e+00 1.783806406965932512e+00 1.801750751878089751e+00 1.809394309973729964e+00 1.838708882391888677e+00 1.898440453044891951e+00 1.922413056596623537e+00 1.931592064828174360e+00 1.954882490247753735e+00 1.975509401323949144e+00 2.030028327620936768e+00 2.049095843966214137e+00 2.078121684906896416e+00 2.107014746758276047e+00 2.153237163903647389e+00 2.193395503354452103e+00 2.202250736096714956e+00 2.263122228609797837e+00 2.270163868700266985e+00 2.319919035067356639e+00 2.370714758828253110e+00 2.410443014563586672e+00 2.484408955662986251e+00 2.512985601120933943e+00 2.563396601747125025e+00 2.573631553564275531e+00 2.626266767144984637e+00 2.715720600741941215e+00 2.791856458482463665e+00 2.835308714449639833e+00 2.890916865487838994e+00 2.921198870615541399e+00 3.074205937966993485e+00 3.096941197671626345e+00 3.149100791536199040e+00 3.212354391397564957e+00 3.342746824738438427e+00 3.392163029363587601e+00 3.418365789765986928e+00 3.505762618952024123e+00 3.556355230361897490e+00 3.669074726763232430e+00
-2.745567948521814884e-04 -1.966812911505391259e-04 -4.021415828252997307e-08 1.769456688286696611e-01 2.264891719155288918e-01 2.445138027288986382e-01 2.866875035092542046e-01 3.454101698234701701e-01 3.962270212061658747e-01 4.121331394093498690e-01 4.348488242532635439e-01 4.549070117323005813e-01 4.959744712888031759e-01 5.134148060734828878e-01 5.396937050322412333e-01 5.556412566237858286e-01 5.643097434399919621e-01 5.858278252960741339e-01 6.268871779970381919e-01 6.388163862116288394e-01 6.813173845330678935e-01 6.907174098666143403e-01 7.171502018158982805e-01 7.282310196671560876e-01 7.377083770076557911e-01 7.534100895836091105e-01 7.795075769053024795e-01 8.178430881147139564e-01 8.251541348554853883e-01 8.399400025430220351e-01 8.502966748541559427e-01 8.759850600179701630e-01 8.812853190202046827e-01 9.041377625856978906e-01 9.161854191303854256e-01 9.352564981164703806e-01 9.525199058122827411e-01 9.626461119275080414e-01 9.721626981690669744e-01 9.770291948631295575e-01 1.002336790837700109e+00 1.018780839243130787e+00 1.043745116042317900e+00 1.066947410341193780e+00 1.074702147958302101e+00 1.098183782229627869e+00 1.121625431732338640e+00 1.131804497309396806e+00 1.149234714204421026e+00 1.171369259846102073e+00 1.177399969712670469e+00 1.193172807711659011e+00 1.217648930752153857e+00 1.221671789328926838e+00 1.237857987073360810e+00 1.255478108049381758e+00 1.286977590753148437e+00 1.312352652161485000e+00 1.321621161191193439e+00 1.341814993645810805e+00 1.348401950347354106e+00 1.375627643940795064e+00 1.404964963447650650e+00 1.422474872799917467e+00 1.430786892990383974e+00 1.467224809666655805e+00 1.475707531787781912e+00 1.495606782863804218e+00 1.511224279560976713e+00 1.556478729076370637e+00 1.590776550711042070e+00 1.598023241337245048e+00 1.629115836354923408e+00 1.641162967406994966e+00 1.674878528752917761e+00 1.688329699319205179e+00 1.719455922743655663e+00 1.752180364776600108e+00 1.758906452414290333e+00 1.783614164757976406e+00 1.802247298091359529e+00 1.809462871315718369e+00 1.838828412507405696e+00 1.898499188750083944e+00 1.921754539725863520e+00 1.930674267313769121e+00 1.954710752840842503e+00 1.974471844151182154e+00 2.030302710693820956e+00 2.049565923254144550e+00 2.078798956001935760e+00 2.106552136117854968e+00 2.152312447408417651e+00 2.194290335224519772e+00 2.201032622974317121e+00 2.263287423906877649e+00 2.270051408975011231e+00 2.321778848800238659e+00 2.369290750883142671e+00 2.408982365448177010e+00 2.483883476496522302e+00 2.512365267116392520e+00 2.564592207790392653e+00 2.572473144837430503e+00 2.624993290579305416e+00 2.715928996180324351e+00 2.791618265474452798e+00 2.834568361336007758e+00 2.893877342477574111e+00 2.917062405927874469e+00 3.073736053787068823e+00 3.095430846969464245e+00 3.148407035875312232e+00 3.213013283202290626e+00 3.341877674334944537e+00 3.391888198669108068e+00 3.418510588530232042e+00 3.505272486806967347e+00 3.555943206363179065e+00 3.669174025626007030e+00
5.028802769471417758e-03 2.853201330220167878e-02 4.617196836440216196e-02 1.790824346867701256e-01 2.241147937981029792e-01 2.460016153443093934e-01 2.870302678896265447e-01 3.485491982282038492e-01 3.949761011787510934e-01 4.134808871238519479e-01 4.357030409262037107e-01 4.567154652881912358e-01 4.961505378863008131e-01 5.128978233668224362e-01 5.396527386218040734e-01 5.551678283625688382e-01 5.642731236616008728e-01 5.867387755028188323e-01 6.266949213251435946e-01 6.387934357270358410e-01 6.808592050962543052e-01 6.903631408919509438e-01 7.162915935160150127e-01 7.282306260840999412e-01 7.373311816208480973e-01 7.511673426027219991e-01 7.800969434481032083e-01 8.173256411247826758e-01 8.249082368210126637e-01 8.400169227099569813e-01 8.493008862123135883e-01 8.749318109201507099e-01 8.820031183224379401e-01 9.037752314961832178e-01 9.153556046623795295e-01 9.346884518837981215e-01 9.515291956693350262e-01 9.591397480799166431e-01 9.728797229674869262e-01 9.776525360320633684e-01 1.003303057805275289e+00 1.018884781994420896e+00 1.045274416824091723e+00 1.066638604797485179e+00 1.074993735038643150e+00 1.097656978155730378e+00 1.121205823101898646e+00 1.132153034676158576e+00 1.149189539939581062e+00 1.170575414008549364e+00 1.177600953845370002e+00 1.192965369083657245e+00 1.217305808333613903e+00 1.222339438897938946e+00 1.238276978068340473e+00 1.255405268437256527e+00 1.287626801201180449e+00 1.311648885430315659e+00 1.321440620911674246e+00 1.341915102698882700e+00 1.349777155157504627e+00 1.375583150725517401e+00 1.404787350421147885e+00 1.422086763871873938e+00 1.432646573286904479e+00 1.467276694663553371e+00 1.475672820118527184e+00 1.496728475566126537e+00 1.513278371114832765e+00 1.556369113939590099e+00 1.591029739172205471e+00 1.598131799722629864e+00 1.628775380089238611e+00 1.641224985327796482e+00 1.674863487525742656e+00 1.687072623741205257e+00 1.721454925437553074e+00 1.751578548537494839e+00 1.758813174385160494e+00 1.782911916692992538e+00 1.801855383674961342e+00 1.809597309490136752e+00 1.838487593615103277e+00 1.897200151935522827e+00 1.923010320441903787e+00 1.932387794636268863e+00 1.954610648141795970e+00 1.975302909214501579e+00 2.030765788203196198e+00 2.049332649076244905e+00 2.077924467967903421e+00 2.107256443734227602e+00 2.153202189461944194e+00 2.194267886145977897e+00 2.201590047767737257e+00 2.260948957366474055e+00 2.272639822406288257e+00 2.320372899235564113e+00 2.371772152917362320e+00 2.410073159455514702e+00 2.484502009282479662e+00 2.512641892401026755e+00 2.563895366873660819e+00 2.573754244679206327e+00 2.626653765642203542e+00 2.715651904703308528e+00 2.792340218090746173e+00 2.834771413452795485e+00 2.892535503571852740e+00 2.920493076387173925e+00 3.074199847692881793e+00 3.095476893914796968e+00 3.148183040602591021e+00 3.213220562160613802e+00 3.341973696683850026e+00 3.392221147185765062e+00 3.418383128105512370e+00 3.506438516105452763e+00 3.556519254704419986e+00 3.669091430567883005e+00
3.955389325093990049e-02 5.655589836277815502e-02 7.974530788166470097e-02 1.843959720665874491e-01 2.212705307258504839e-01 2.489480753246853806e-01 2.881658365172811154e-01 3.563895467672742456e-01 3.930799497350265792e-01 4.157587627361218341e-01 4.396897246580002139e-01 4.610795011682592981e-01 4.967664451880626775e-01 5.114659073841902881e-01 5.395020365155376307e-01 5.539374620119162929e-01 5.641165493143259768e-01 5.890138964206047545e-01 6.261928594584984520e-01 6.388307676102533694e-01 6.793425864661664093e-01 6.895467189195378932e-01 7.139207909419456044e-01 7.273944455836925949e-01 7.363172467123322296e-01 7.464896263694916767e-01 7.810383453313672897e-01 8.155977409664632027e-01 8.240484761122215396e-01 8.400378203558245271e-01 8.473142218148147498e-01 8.728509632685215180e-01 8.827445561667964791e-01 9.024484338472656964e-01 9.129322964103234739e-01 9.330541266275679257e-01 9.463811092797294044e-01 9.545457641110238756e-01 9.733317563831719310e-01 9.794901682571676149e-01 1.005600248385071671e+00 1.019175600376438284e+00 1.048072097651873813e+00 1.065335361299325267e+00 1.076666956548564258e+00 1.096998057044063390e+00 1.119803311398854362e+00 1.132962936550350630e+00 1.148437661748602734e+00 1.168103170179321415e+00 1.178750030568316509e+00 1.192551604422052325e+00 1.216418517657920528e+00 1.224448124208709521e+00 1.239707856072878256e+00 1.255011926675281497e+00 1.289350428378345015e+00 1.309317920395071111e+00 1.321790080082704932e+00 1.342299604589552331e+00 1.353009556377351208e+00 1.375383416404706738e+00 1.404676898511068694e+00 1.421741940086612033e+00 1.436724269895382378e+00 1.467576556250980158e+00 1.476029286049703737e+00 1.499580346863041758e+00 1.518475628549586176e+00 1.556153258078260215e+00 1.591676532213865736e+00 1.598545205148529380e+00 1.627702153103310900e+00 1.641848052095375543e+00 1.674158517122629419e+00 1.684945399426714063e+00 1.726220608901373410e+00 1.749510199572158919e+00 1.759060573265920357e+00 1.780834980687671321e+00 1.801012452510189377e+00 1.809730141122899427e+00 1.837584827908137042e+00 1.894328623514295096e+00 1.926106314235612960e+00 1.936235456140137146e+00 1.954860002238030248e+00 1.977765476655229726e+00 2.032089473897345400e+00 2.048783428599160406e+00 2.075398517867274695e+00 2.109199438137968841e+00 2.155606896652927151e+00 2.194136711858613253e+00 2.203167131401229994e+00 2.257646609804176752e+00 2.276779888320529910e+00 2.317761194141539249e+00 2.377843750871446726e+00 2.413343536015216895e+00 2.486243973707035426e+00 2.513448331354868781e+00 2.562504317032650469e+00 2.577146443618288263e+00 2.631252456533504258e+00 2.714873120903832149e+00 2.794464209818144251e+00 2.835415184067203498e+00 2.889987461022021975e+00 2.929235020309730153e+00 3.075564229274091677e+00 3.095623110004520395e+00 3.147441036949028437e+00 3.213848715988301574e+00 3.342364350023693920e+00 3.393159489912689786e+00 3.417995673847617599e+00 3.509877691052081694e+00 3.558230691329422601e+00 3.668851777428569161e+00
6.484277147861040869e-02 8.145798646204574500e-02 1.054094673609230343e-01 1.926543785367452188e-01 2.242834081212708441e-01 2.522538685042924334e-01 2.902246713543398249e-01 3.658747051727702093e-01 3.920641708466353625e-01 4.192896398197454855e-01 4.472879528044700348e-01 4.663330565753164847e-01 4.979085420342278523e-01 5.097680043944813333e-01 5.391188207286753409e-01 5.523772994308177031e-01 5.637075097596602191e-01 5.915676775739846516e-01 6.256686960087790572e-01 6.389011434576765680e-01 6.767681896246612316e-01 6.890071479105531749e-01 7.104372000430396739e-01 7.236406157132168060e-01 7.347812971162397400e-01 7.436817132981655698e-01 7.813696261671359000e-01 8.126087146355946977e-01 8.219572107671528904e-01 8.396137075453843357e-01 8.464367120231099939e-01 8.704036912444271801e-01 8.820112676038562860e-01 8.998311866000354708e-01 9.089813834514043345e-01 9.298522405896488818e-01 9.388299029387771055e-01 9.522654440029713063e-01 9.735312483423397278e-01 9.817776794117623052e-01 1.008450106985143702e+00 1.019677229602326429e+00 1.049162393243978419e+00 1.062995271842358536e+00 1.080352737403493357e+00 1.097572425055060252e+00 1.117449897607148745e+00 1.133756907250341728e+00 1.145767818092603196e+00 1.164714574522500934e+00 1.181146437907160784e+00 1.192377262544209504e+00 1.215621570635303961e+00 1.227354292588139550e+00 1.242500300318803985e+00 1.254264079562780188e+00 1.291709607598860332e+00 1.306380471044643388e+00 1.322906138280192989e+00 1.342787895329344838e+00 1.356919006915806580e+00 1.374912718446911652e+00 1.405189835753457350e+00 1.422021014076854772e+00 1.440776536692386589e+00 1.468300455071477550e+00 1.478014531255077202e+00 1.502616997817063149e+00 1.524984376278263998e+00 1.556116782572288137e+00 1.592342157124439384e+00 1.599475890711200110e+00 1.626203438482836550e+00 1.643624966857105241e+00 1.671965669116494801e+00 1.684101528664060821e+00 1.731567275480960344e+00 1.746379677188851343e+00 1.759994414839735510e+00 1.777576779173002164e+00 1.800331148246155033e+00 1.809541869326890540e+00 1.836408918243283672e+00 1.891239986778773030e+00 1.929603489395261384e+00 1.939656039080400518e+00 1.956905208520479444e+00 1.981834825755047991e+00 2.033988359292262516e+00 2.048289418104685122e+00 2.071504495956226766e+00 2.112006428864159790e+00 2.158836171201391263e+00 2.193810638204347629e+00 2.205530269248646036e+00 2.255557362020674805e+00 2.280516782532743481e+00 2.316742088844774283e+00 2.385248360945728230e+00 2.418788258116121526e+00 2.488799600335660500e+00 2.514713200803005311e+00 2.561370549698855914e+00 2.582192991394748116e+00 2.637886431251364350e+00 2.713759057131968966e+00 2.797898296640545457e+00 2.836598803288264303e+00 2.887802421033908828e+00 2.941457937327328409e+00 3.077743753064337895e+00 3.095904267447041391e+00 3.145998710721335634e+00 3.214915259007586901e+00 3.343312841844210848e+00 3.394542676377191537e+00 3.417342314961806515e+00 3.515418186043106630e+00 3.561022968848110537e+00 3.668478218446560746e+00
8.325160468430892191e-02 9.787149391718676095e-02 1.260350418670431460e-01 2.059201914498476338e-01 2.348837160379038391e-01 2.564405303859365604e-01 2.932402508602232061e-01 3.737815251184236076e-01 3.927922507295263377e-01 4.264446556317254555e-01 4.566607117646435121e-01 4.712204282333312122e-01 4.988816608366475336e-01 5.098992610031136685e-01 5.382875127551237648e-01 5.510681432369339827e-01 5.627820663332480100e-01 5.934303603733994681e-01 6.253837040035367112e-01 6.384468598435801834e-01 6.743070284679865134e-01 6.893051505745366736e-01 7.059293890286960638e-01 7.177450067306435644e-01 7.333708078305896105e-01 7.436242647387382165e-01 7.809481734293088895e-01 8.086630956404574633e-01 8.185543177197454057e-01 8.388194471452122825e-01 8.473446640603893298e-01 8.673775857688567070e-01 8.788090725478313603e-01 8.962082978137094758e-01 9.039051889326052969e-01 9.239957798176257064e-01 9.352194684621127907e-01 9.502456044652338729e-01 9.739367037629179658e-01 9.838570381115588903e-01 1.011471643534005871e+00 1.020520016682820774e+00 1.047895441179642395e+00 1.060346140947242555e+00 1.084883805127531131e+00 1.099158373536268885e+00 1.114751716315286689e+00 1.133924930989421709e+00 1.141412899345786602e+00 1.160991516047660266e+00 1.184269050092702447e+00 1.192920669702294934e+00 1.215282944721472580e+00 1.230031928962930010e+00 1.246373677667104163e+00 1.254115446845376569e+00 1.294231496951339100e+00 1.304513691779475515e+00 1.324515572263616825e+00 1.343056339864493243e+00 1.360786554019070227e+00 1.374280278662890709e+00 1.406282612716105440e+00 1.422788149515368694e+00 1.443193330075342562e+00 1.469201353977966251e+00 1.482888498023394730e+00 1.504261933760096204e+00 1.531267142951056481e+00 1.556538691300770383e+00 1.592492355397515214e+00 1.601021984959796640e+00 1.625138211447481495e+00 1.646479424069315023e+00 1.669355206736805819e+00 1.684153110703370038e+00 1.734630386667085800e+00 1.744528245514446185e+00 1.760747578370057020e+00 1.774016763180721989e+00 1.800270734037154208e+00 1.809161428338751376e+00 1.835261570326203628e+00 1.888393759386890913e+00 1.931303377968849544e+00 1.942144068901029197e+00 1.961202081551775667e+00 1.987456951468553168e+00 2.035833083371953123e+00 2.048176679034130032e+00 2.066807772481157546e+00 2.115299930863889788e+00 2.162018918604779127e+00 2.193348915538087418e+00 2.208496607922745714e+00 2.255285577684593701e+00 2.283750493271707871e+00 2.318910344029700976e+00 2.392612458424211663e+00 2.426353199774381242e+00 2.491756604150451526e+00 2.516332191640354932e+00 2.561128895048390142e+00 2.588570354632315329e+00 2.645516787127014435e+00 2.712616811156268071e+00 2.802588910529120625e+00 2.838463229300375090e+00 2.886452023837551284e+00 2.956147604632654247e+00 3.080568864275769148e+00 3.096422271196502596e+00 3.143640206303762952e+00 3.216444123036619640e+00 3.345135883432539092e+00 3.396157171975962452e+00 3.416436603023574659e+00 3.522788925352760003e+00 3.564793792632043878e+00 3.668005558692555734e+00
7.944765854595906007e-02 1.167750657298428363e-01 1.487947138406263137e-01 2.173642901015536977e-01 2.545605623560040498e-01 2.625690336182109896e-01 2.972117124508936170e-01 3.751780181475799503e-01 3.996384061077686844e-01 4.366967023137335313e-01 4.657260631585192212e-01 4.746714720037781832e-01 4.992646959668060602e-01 5.139154244767891733e-01 5.371244144624398587e-01 5.504312379145887002e-01 5.612736626112942995e-01 5.946947697349066475e-01 6.247446174440518529e-01 6.372995481932485218e-01 6.732262617861324294e-01 6.900732892992258449e-01 7.007071587676300117e-01 7.141569339488401669e-01 7.321237656671925054e-01 7.442620445809519092e-01 7.799942890448100519e-01 8.042778513204161817e-01 8.148313901644264057e-01 8.379362256074812665e-01 8.489538100804133736e-01 8.625144271128383222e-01 8.737631331449536853e-01 8.920724761855955975e-01 8.990848821815783376e-01 9.187427173575077877e-01 9.336999981507551061e-01 9.484970004692826473e-01 9.744815779412286938e-01 9.855657192421003465e-01 1.014371044047522430e+00 1.021755504107358270e+00 1.045508302163421499e+00 1.057909146195935346e+00 1.089142973979411844e+00 1.099477262612194473e+00 1.112953002481266607e+00 1.131818152300002156e+00 1.138075180859950075e+00 1.156921616725901547e+00 1.186505423841254681e+00 1.194908260090153496e+00 1.215472694649042396e+00 1.232040002554666724e+00 1.248634092507931337e+00 1.257671719542946764e+00 1.296459098399823429e+00 1.304555919197885938e+00 1.326827429727382990e+00 1.343158263406023067e+00 1.364056348000452834e+00 1.373974618515884094e+00 1.407399289649957863e+00 1.423681208679433707e+00 1.443817280219484189e+00 1.470068694724193881e+00 1.490028704983944907e+00 1.504320934757626294e+00 1.536372463842723635e+00 1.557464088789079160e+00 1.591710583908548360e+00 1.602994706394024638e+00 1.625149699381937873e+00 1.649536836066546774e+00 1.667978271183427230e+00 1.683989050571773394e+00 1.733032589688750624e+00 1.746135813882207621e+00 1.759112516309651042e+00 1.772542939880884294e+00 1.800799199705379605e+00 1.809222012267565738e+00 1.834358569417966045e+00 1.885701882759980297e+00 1.929902078423288536e+00 1.944970818596312601e+00 1.966226460765893025e+00 1.994205258187665919e+00 2.036944818742077334e+00 2.047879862852958865e+00 2.062593081913541848e+00 2.118800694346706592e+00 2.164373496464973012e+00 2.192968085032368730e+00 2.212072066080096988e+00 2.256897514651684755e+00 2.287303434993369411e+00 2.324069344357430733e+00 2.399477041497270591e+00 2.435846513142272851e+00 2.494733796766922307e+00 2.518222136854908033e+00 2.562151035916307329e+00 2.595796214278935476e+00 2.653100559756271792e+00 2.711932118964643035e+00 2.808617290883504314e+00 2.841143089990323833e+00 2.885981905576947337e+00 2.972371876867151652e+00 3.083697080706143012e+00 3.097444615189426376e+00 3.140233472464490916e+00 3.218457277299569874e+00 3.348088220792453384e+00 3.397782888882775687e+00 3.415327580263301854e+00 3.531638291051014900e+00 3.569385576038056396e+00 3.667475694479640502e+00
6.159243733855285924e-02 1.371837073112717742e-01 1.707429378223596084e-01 2.235850554846974536e-01 2.705590771931978278e-01 2.806157517217721109e-01 3.022126587007463727e-01 3.713826021512134368e-01 4.116694730274614300e-01 4.476269619891359297e-01 4.712301531288681233e-01 4.777462608565241076e-01 5.015609591379237564e-01 5.194876534646979405e-01 5.363795836922634619e-01 5.499137903165794983e-01 5.607842805901087635e-01 5.965591414686896021e-01 6.224765179019057237e-01 6.369355802631608832e-01 6.721734154701619612e-01 6.905882263602191040e-01 6.965357086505006290e-01 7.153555270203281191e-01 7.308480225099626137e-01 7.448485504421048509e-01 7.787886203348892700e-01 7.998092030563834776e-01 8.118236266182816685e-01 8.369202732305549564e-01 8.496874263968293706e-01 8.546311986136312377e-01 8.701687309770373968e-01 8.874562042419443797e-01 8.957898898356572159e-01 9.154629587339023766e-01 9.322094008425115819e-01 9.474546694154210025e-01 9.747835278834671158e-01 9.871603993774717978e-01 1.016816510433595111e+00 1.023150931330956803e+00 1.043169558704309496e+00 1.055994682375011040e+00 1.092763256428456842e+00 1.097066161233570591e+00 1.112386491142715261e+00 1.127160433819797580e+00 1.136723515711046462e+00 1.152993002164018232e+00 1.186274882134429776e+00 1.198594097815857129e+00 1.216221579310460932e+00 1.233368764496652004e+00 1.249755850101477384e+00 1.264650363026588842e+00 1.298463863928656092e+00 1.306029475480440016e+00 1.329615384619586171e+00 1.343997854874503961e+00 1.366207083441588255e+00 1.374788525516665194e+00 1.407702088102138482e+00 1.424614269745611672e+00 1.443529105640415811e+00 1.471017845002593250e+00 1.495611667280711821e+00 1.505600473552360929e+00 1.540041768634112129e+00 1.558664680772072764e+00 1.589810929077655199e+00 1.605131867681439450e+00 1.626141324964807788e+00 1.651253964166407906e+00 1.669135401974064736e+00 1.683147049537325524e+00 1.729751841582333638e+00 1.747586986306250534e+00 1.755256022339646726e+00 1.773956608405867552e+00 1.801158998983423354e+00 1.810637760667217044e+00 1.833864877008696270e+00 1.882953542083320109e+00 1.926549113801046431e+00 1.947553089052303177e+00 1.970829250670058652e+00 2.001054490061814572e+00 2.037219987206589700e+00 2.045208438957069941e+00 2.061062681751763659e+00 2.122374741081370697e+00 2.165471319186301091e+00 2.192791881814927901e+00 2.216327969275950327e+00 2.260236646563909879e+00 2.291931342002863303e+00 2.331111301477010400e+00 2.405867046152350142e+00 2.446903822690573271e+00 2.497515676461916190e+00 2.520362599836762474e+00 2.564553333099343746e+00 2.603227531045893883e+00 2.659551132060347101e+00 2.712357966577912727e+00 2.816219499453831432e+00 2.844714599243732600e+00 2.886337930083125780e+00 2.988986577494759267e+00 3.086458429426264694e+00 3.099522677626989520e+00 3.135880228596902075e+00 3.220964435442932761e+00 3.352281157684089408e+00 3.399227674465899796e+00 3.414101780512554640e+00 3.541552605300221312e+00 3.574587723582325793e+00 3.666932947520656239e+00
3.232976764189351981e-02 1.551282979214255175e-01 1.897741520617356736e-01 2.290620658443355828e-01 2.797518261347978208e-01 3.015712418306549236e-01 3.129054728778623007e-01 3.671153258289134302e-01 4.248765387655167314e-01 4.568333091013150882e-01 4.703714126233308201e-01 4.841316423609002273e-01 5.057475497780462570e-01 5.243609131247775057e-01 5.351510169241103787e-01 5.498127342323518851e-01 5.640401694662676713e-01 5.998255178112993358e-01 6.193836538151866744e-01 6.381525314766322010e-01 6.694727550137890004e-01 6.907965674299866299e-01 6.942434941202454413e-01 7.202137962627923606e-01 7.299079123259102353e-01 7.462201025865873305e-01 7.777945239201748961e-01 7.951494311280778993e-01 8.099217333562009902e-01 8.354701491007315850e-01 8.424415145705105301e-01 8.529843383463396878e-01 8.680866974462142505e-01 8.832790473053594438e-01 8.936241390574009014e-01 9.134838688324662392e-01 9.305715422664044834e-01 9.472253616025881895e-01 9.744867015764361318e-01 9.889179358146275023e-01 1.018434891140216347e+00 1.024399380235971657e+00 1.041464808576986423e+00 1.054764036215821488e+00 1.092048159485066616e+00 1.096784622300474688e+00 1.111284264117628373e+00 1.122260695966576849e+00 1.135308054574569958e+00 1.149923124671600183e+00 1.183610205734757947e+00 1.202966305419678417e+00 1.217202134793237134e+00 1.234485326684467088e+00 1.252121981655085037e+00 1.272390398573207682e+00 1.300583302295394539e+00 1.307761751951386886e+00 1.332285162295610004e+00 1.346766063876166930e+00 1.367025063594568657e+00 1.377331389996946598e+00 1.406487763709743488e+00 1.426057697753856823e+00 1.442915625108503797e+00 1.472143453787900125e+00 1.495440681196696264e+00 1.511913675633869580e+00 1.542613532086211325e+00 1.559839640029296870e+00 1.586880449331216303e+00 1.607161362619727418e+00 1.627526503062444396e+00 1.651136594409758684e+00 1.672375006821977150e+00 1.681956878353222606e+00 1.726221443266026778e+00 1.745360322755574733e+00 1.753809533991267156e+00 1.776284902027287949e+00 1.800779793697212527e+00 1.813492326019248591e+00 1.833993851162685429e+00 1.880042217220394773e+00 1.922368775533940699e+00 1.949253394402213901e+00 1.974682701999620704e+00 2.006809076147775706e+00 2.036887697707709943e+00 2.039826203252112613e+00 2.062222379378888970e+00 2.126016250024562293e+00 2.165398355469709823e+00 2.192644269932772616e+00 2.221173566847281844e+00 2.265049709727844363e+00 2.297671466006855123e+00 2.338944843541562069e+00 2.411888699081230492e+00 2.458919642432286778e+00 2.500192465821277743e+00 2.522729871369017385e+00 2.568249414184167634e+00 2.610209989109057105e+00 2.663886253182161656e+00 2.714464519497609807e+00 2.825637298440811573e+00 2.849184017391644730e+00 2.887494368001608080e+00 3.004661337393026876e+00 3.088066735921349171e+00 3.103066351310103776e+00 3.131168071642434825e+00 3.223953401969939403e+00 3.357650273892844428e+00 3.400351713311743573e+00 3.412872093942656893e+00 3.552070996064269348e+00 3.580152026655194053e+00 3.666420094530517648e+00
-3.866845441289626373e-02 1.688865844427094864e-01 2.062673931578272446e-01 2.362091741851206073e-01 2.884654770983132166e-01 3.087375496853396739e-01 3.330276104341544641e-01 3.669046472654420854e-01 4.368981887067346914e-01 4.622053786415237786e-01 4.693198304648925068e-01 4.901122717397196626e-01 5.109487316004492907e-01 5.263652118310727657e-01 5.352557226010080660e-01 5.517759534451737169e-01 5.702047729153262301e-01 6.025957907300242278e-01 6.188989521896638424e-01 6.407197989940334182e-01 6.662661805048053498e-01 6.877646876239245088e-01 6.960585159614547379e-01 7.234494419688274336e-01 7.304351462668273731e-01 7.509163285549277367e-01 7.774673221055260486e-01 7.902818663324931991e-01 8.082372794465321197e-01 8.307960228269865022e-01 8.370404704988578803e-01 8.544768431696037059e-01 8.657075087015736470e-01 8.803682967000805437e-01 8.921448467146274597e-01 9.120449150003652194e-01 9.290884856759650257e-01 9.476973199120513058e-01 9.735662098931160413e-01 9.907599974561189793e-01 1.018688521804839375e+00 1.025743043191921444e+00 1.040484490683685426e+00 1.054081595789798431e+00 1.087581791404057308e+00 1.098739255991433961e+00 1.108774783554971943e+00 1.117870461249829805e+00 1.133929959448325864e+00 1.147802657408011795e+00 1.178960350261646139e+00 1.207149659389857188e+00 1.217814618790517667e+00 1.236524888379678222e+00 1.255509565746233624e+00 1.279671179649518598e+00 1.302455173882705264e+00 1.309570823519942362e+00 1.335234490948147279e+00 1.351112845135644003e+00 1.367019417598294151e+00 1.381339903511011213e+00 1.404009071576600931e+00 1.428426812914211252e+00 1.441959115105219347e+00 1.473393655681088266e+00 1.493483059323023943e+00 1.519268294884265069e+00 1.544690095374699590e+00 1.560832452326416764e+00 1.583235226990959532e+00 1.608776689866835419e+00 1.628799640992757425e+00 1.650225616673697049e+00 1.674786110186637922e+00 1.681997514556098583e+00 1.722193998148370708e+00 1.741720558059900448e+00 1.754417959353251621e+00 1.778470816441527047e+00 1.799863088136442579e+00 1.816769920006212624e+00 1.835023713592281780e+00 1.877052858286163417e+00 1.917876297623122950e+00 1.949981067038642601e+00 1.977725653250997251e+00 2.010773786368469818e+00 2.033413031602965049e+00 2.036052527174195603e+00 2.064197736861696164e+00 2.129734416057872171e+00 2.164601808512861325e+00 2.192246815603610344e+00 2.226307172969318238e+00 2.270880735024809916e+00 2.304122207933110733e+00 2.346721688444073806e+00 2.417540937039457383e+00 2.470798524349543612e+00 2.503321681289665701e+00 2.525198535418957224e+00 2.573025940050824634e+00 2.616246405242097062e+00 2.665751420562766594e+00 2.718211641024370184e+00 2.836738634822516758e+00 2.854558221986217337e+00 2.889551924744418798e+00 3.018080327772878491e+00 3.088339259128807690e+00 3.106827927341942797e+00 3.127873782873756170e+00 3.227381007330197171e+00 3.363962411444211043e+00 3.401083627911241969e+00 3.411761808133432883e+00 3.562696780626330995e+00 3.585819853254918144e+00 3.665975278753988764e+00
-6.155260367383816322e-02 1.782135141628360120e-01 2.219199786774191663e-01 2.442076962252290040e-01 2.935938891059967637e-01 3.167336453939063601e-01 3.434445227479229756e-01 3.770871381015515889e-01 4.440974945100356064e-01 4.655237173815284235e-01 4.699967777322373585e-01 4.937943614652045010e-01 5.190598715266498964e-01 5.232124256696022435e-01 5.412579490084586942e-01 5.550332799016041152e-01 5.772698000621083736e-01 6.019674664943072129e-01 6.224882446398222191e-01 6.447253773214309813e-01 6.642233582111720658e-01 6.840802111316724998e-01 6.987605594228064598e-01 7.237495925539996211e-01 7.310866398427091628e-01 7.601558987054857219e-01 7.769156485624424402e-01 7.863365500429237986e-01 8.051132244380465597e-01 8.257501022796772672e-01 8.364606058058309257e-01 8.563301661502507045e-01 8.624703850717629905e-01 8.786276777809132188e-01 8.911785076116613968e-01 9.109558353666212804e-01 9.278668384100285937e-01 9.487687503394247601e-01 9.722118374722735767e-01 9.923957943863224163e-01 1.017355527669666637e+00 1.027712800010655236e+00 1.039958435989379870e+00 1.053578320145019509e+00 1.083003033369550616e+00 1.097769403904043317e+00 1.106045551761126511e+00 1.114743967397558988e+00 1.133333235343264578e+00 1.146227243281707775e+00 1.173119230730661933e+00 1.209436002498901930e+00 1.219096204557681418e+00 1.239859432241480652e+00 1.258869997395295925e+00 1.285362231117898046e+00 1.303533147477087928e+00 1.312915034476107801e+00 1.338386539566988054e+00 1.355915008877895511e+00 1.366767200736342058e+00 1.385985822216779129e+00 1.401475170384563818e+00 1.431523319163352292e+00 1.440698288248432934e+00 1.474598884453671488e+00 1.491888082626712242e+00 1.525280127602691493e+00 1.546839223626494952e+00 1.561686743918617948e+00 1.579458835686858409e+00 1.609782464982830952e+00 1.629870466024303743e+00 1.649192670577377173e+00 1.674660476519572283e+00 1.684197377364209824e+00 1.717547496863151446e+00 1.739600483851669877e+00 1.755005411793436165e+00 1.780227850080125407e+00 1.798707787663729851e+00 1.819693204404853271e+00 1.837048574448137961e+00 1.874250209501520326e+00 1.913238902976343692e+00 1.949840706211283692e+00 1.979899349221806215e+00 2.012861611868143275e+00 2.027264308926250536e+00 2.034497671783868533e+00 2.065996663493994578e+00 2.133423825759778403e+00 2.163561389563994020e+00 2.191522190068420972e+00 2.231380119493485470e+00 2.277052661482894980e+00 2.310862298505948154e+00 2.353815654900889065e+00 2.422719305988139560e+00 2.480746390192539952e+00 2.507931559240868857e+00 2.527634051942874827e+00 2.578558793874749622e+00 2.621079048602096506e+00 2.665666415904499154e+00 2.722829876354076806e+00 2.848396868862413278e+00 2.861038189625754402e+00 2.892908853539295944e+00 3.028227072829207778e+00 3.087485091597765408e+00 3.107414202363705247e+00 3.129463981081330282e+00 3.231161287268142779e+00 3.370837924735720303e+00 3.401425633562073170e+00 3.410894142713374322e+00 3.572907131360769206e+00 3.591357257433264394e+00 3.665629272646514281e+00
-7.694543795959257748e-02 1.848271283785374586e-01 2.362211672122208339e-01 2.520602905532396965e-01 2.950029182881294676e-01 3.276245444694116382e-01 3.458082398368370614e-01 3.932646409182841141e-01 4.445918397495448593e-01 4.636358348761691062e-01 4.770434621468183090e-01 4.949899314686094787e-01 5.225666515396861778e-01 5.296998098270279121e-01 5.472244281390568066e-01 5.596998707693873198e-01 5.844411519166737845e-01 6.001439745148660077e-01 6.258231122397743817e-01 6.484602322120315288e-01 6.641730933305506346e-01 6.820691159459799646e-01 7.011070746457932490e-01 7.239705744642587204e-01 7.308302734894416286e-01 7.686744050353221391e-01 7.751012144986838548e-01 7.858439540765838061e-01 8.016846906179533327e-01 8.244551189510647138e-01 8.370557061013195188e-01 8.555043361973548866e-01 8.612340030262956025e-01 8.776463667773526378e-01 8.903429060555825281e-01 9.106478076789057408e-01 9.267651592395023119e-01 9.503583489552802632e-01 9.706327234822127448e-01 9.936166786849912613e-01 1.015158436948981890e+00 1.029855117267098441e+00 1.039711303078779236e+00 1.053066721093171454e+00 1.078266188291690630e+00 1.092911024512824847e+00 1.103366370312728328e+00 1.114262384264795180e+00 1.133527050137641545e+00 1.144891881628695041e+00 1.167283085677798704e+00 1.208355099887159501e+00 1.222513808348450803e+00 1.243877325812655199e+00 1.261381200453695728e+00 1.288454135948109869e+00 1.304721114010023442e+00 1.318471731818359194e+00 1.340404839839943962e+00 1.360349498817635006e+00 1.367051926275935525e+00 1.389919268688266207e+00 1.400186902447262627e+00 1.433966229876298515e+00 1.440369388287088936e+00 1.475656802982462379e+00 1.491213649135305630e+00 1.528845009084479400e+00 1.549135216379177837e+00 1.562469953830302183e+00 1.576737507777642655e+00 1.610296739536576149e+00 1.630916173036921935e+00 1.648057772662306686e+00 1.673976520164024429e+00 1.686474705209125791e+00 1.712848009756212653e+00 1.739165609246124733e+00 1.755108442965348958e+00 1.781514981997130764e+00 1.797607417928195117e+00 1.822193756316777380e+00 1.839708217640310117e+00 1.872006627419384950e+00 1.908438605934692278e+00 1.948963783752918566e+00 1.981080372777459297e+00 2.012912877222482688e+00 2.022503828784226521e+00 2.032375437619538427e+00 2.067212230890830948e+00 2.136840246617949468e+00 2.162577436186088331e+00 2.190648892110353518e+00 2.236143336440779006e+00 2.282831214753261673e+00 2.317619995944325773e+00 2.359786939333728295e+00 2.427291163164857934e+00 2.487236527107980155e+00 2.514307897947613224e+00 2.530276247852729199e+00 2.584384976508383946e+00 2.624664025962101466e+00 2.664548215451015167e+00 2.727421525971390093e+00 2.858273556740657195e+00 2.868834448236019075e+00 2.898542923325242437e+00 3.034573593093380595e+00 3.085693315685247295e+00 3.104802600538928647e+00 3.135863595227742717e+00 3.235148483206457204e+00 3.377768096720436208e+00 3.401446071610553457e+00 3.410392920981061504e+00 3.582163522672898726e+00 3.596591897431066887e+00 3.665402044769043410e+00
-8.913709482489828861e-02 1.905052233466325573e-01 2.454298454219794867e-01 2.608408112005029533e-01 2.966886335316896162e-01 3.379552943579603452e-01 3.474285157184943129e-01 4.079105761199274260e-01 4.422700747496070561e-01 4.577305754690229600e-01 4.833894282327530489e-01 4.958142790388879728e-01 5.260486793665486438e-01 5.409836350721437537e-01 5.521870768253929196e-01 5.666078185550151858e-01 5.896575653786824134e-01 6.005406102216214181e-01 6.275183104382836552e-01 6.498766794812858016e-01 6.635301319743392989e-01 6.832414109629091348e-01 7.041234722184844808e-01 7.247095946108984554e-01 7.305328775184738443e-01 7.634723562966203581e-01 7.812560059550525127e-01 7.864369169545745164e-01 8.031611744447041401e-01 8.251870808190072681e-01 8.382120793315307461e-01 8.509424975576906913e-01 8.631191414576945276e-01 8.770635849240584481e-01 8.899013135103771566e-01 9.112678366445431388e-01 9.256420016499879999e-01 9.521903434043023084e-01 9.693339375461725860e-01 9.943612195888918981e-01 1.012986287403543129e+00 1.030163853269130625e+00 1.040591486477345340e+00 1.052835280216059877e+00 1.072957296479176259e+00 1.086634644305019215e+00 1.099993513879431450e+00 1.115721810608373499e+00 1.133990610467981996e+00 1.143720140431916610e+00 1.162738291154894910e+00 1.205522950335544241e+00 1.226441701319568978e+00 1.247978415567369437e+00 1.262718166730520730e+00 1.289460021587958805e+00 1.306410398332993550e+00 1.325122368134117989e+00 1.341009450684780946e+00 1.362687085567066081e+00 1.369582184416327619e+00 1.391960929149133497e+00 1.400454055338443249e+00 1.433349072918480349e+00 1.443124811889421544e+00 1.476707211599123326e+00 1.491770412541496782e+00 1.529510538508954909e+00 1.550820453339984306e+00 1.562774228006601485e+00 1.576849490910349871e+00 1.610714933452198627e+00 1.632104551101209777e+00 1.646725799793274936e+00 1.673536355553643551e+00 1.687969537818234889e+00 1.708969379769276653e+00 1.739786276147267996e+00 1.754639012033744505e+00 1.782375998701419828e+00 1.796858195066795671e+00 1.824475714275615168e+00 1.842421100684649149e+00 1.870712270458523285e+00 1.903409902209702187e+00 1.947479502255551997e+00 1.981108622093039395e+00 2.010676741375151177e+00 2.020334828149151107e+00 2.030022797364730014e+00 2.067746065391441235e+00 2.139715836308205610e+00 2.161720440084374584e+00 2.189921319737427208e+00 2.240444607160113843e+00 2.287637662984943532e+00 2.324220601403547803e+00 2.364351335228026763e+00 2.431150334857615558e+00 2.490779371317541013e+00 2.520014286228062783e+00 2.534208153316499512e+00 2.589933524902597650e+00 2.627090483921148856e+00 2.663212225237863162e+00 2.731425320661778677e+00 2.865431587431146454e+00 2.876092742258667734e+00 2.907581695139733746e+00 3.037084758583342037e+00 3.083420056681636989e+00 3.101948109420891608e+00 3.143610243749196176e+00 3.239119408683864165e+00 3.384130449248041739e+00 3.401265778800480089e+00 3.410384000051088993e+00 3.589939385663859728e+00 3.601429998814545286e+00 3.665297791486991752e+00
-9.903240254170056489e-02 1.959560423785469407e-01 2.485860758490653910e-01 2.687703266362815313e-01 3.017916984240145428e-01 3.433771971480580887e-01 3.528044598208600613e-01 4.187961491704293993e-01 4.388033326835485415e-01 4.521814912946022225e-01 4.810186117770196557e-01 5.004948893097763696e-01 5.306958276920848983e-01 5.506406819087242832e-01 5.577089078345789375e-01 5.758899713942076115e-01 5.902887336254075690e-01 6.059019844628107387e-01 6.284198470192878805e-01 6.497830530489598910e-01 6.616590763273713094e-01 6.837500805125225067e-01 7.094473266442061776e-01 7.255113958805788910e-01 7.305624580462637407e-01 7.556454000174501751e-01 7.809425475005147277e-01 7.896435910385630752e-01 8.102219705942411698e-01 8.263939118039572707e-01 8.377755083474192066e-01 8.487745124283426756e-01 8.647337136678362457e-01 8.761907158173414256e-01 8.912859854610176713e-01 9.119494351330168502e-01 9.244935453789178137e-01 9.531391011456390450e-01 9.698455044073885922e-01 9.946873548438011081e-01 1.011132635205071129e+00 1.027309705908284521e+00 1.042814590659918883e+00 1.053481896214965685e+00 1.066955662914820913e+00 1.080557894805921570e+00 1.096855415859940841e+00 1.117457776902132771e+00 1.134206826491115594e+00 1.142962117886769491e+00 1.160156251103034775e+00 1.202275270846793642e+00 1.229637893054081443e+00 1.251754132069742731e+00 1.262991908406719821e+00 1.289703579371563213e+00 1.308060226144918126e+00 1.329563852907690302e+00 1.342856977340064928e+00 1.363312263547718395e+00 1.373723784283903404e+00 1.392475671620276634e+00 1.400773999329627539e+00 1.431363599128922859e+00 1.446674368782911335e+00 1.477942663436732973e+00 1.493815598907295428e+00 1.527631633761117103e+00 1.551745843540824454e+00 1.562427905590972443e+00 1.579547268435289142e+00 1.611481561000643437e+00 1.633584904298343687e+00 1.645195381096245635e+00 1.673266454295816441e+00 1.688164378081995043e+00 1.707075635985459972e+00 1.740755755757650070e+00 1.753690234825453942e+00 1.782901147199204894e+00 1.796541801754255818e+00 1.826687451198597323e+00 1.844742084398456106e+00 1.870654479182456198e+00 1.898149191522763291e+00 1.945560331509072149e+00 1.979985944604855552e+00 2.007877855026009239e+00 2.019662377092648509e+00 2.027956456866758739e+00 2.067728951000196602e+00 2.141910587077524575e+00 2.160918219708623411e+00 2.189549594662535625e+00 2.244146043133830926e+00 2.291187229513701240e+00 2.330424880375277841e+00 2.367383441205928474e+00 2.434226251610319469e+00 2.492740526095255316e+00 2.522749138739256658e+00 2.539850693836967821e+00 2.594658183265093676e+00 2.628515983253378430e+00 2.662187894056731619e+00 2.734608573396991371e+00 2.870886503952711166e+00 2.880795180980229908e+00 2.919081663623304568e+00 3.036298904599316728e+00 3.081441851118371655e+00 3.099870990783704094e+00 3.150683961897308372e+00 3.242769861163622647e+00 3.389254158406898476e+00 3.401043368696702984e+00 3.410954166679111221e+00 3.595830487975937295e+00 3.605780992016951902e+00 3.665299276788749783e+00
-1.065286418119519435e-01 2.009785757351037483e-01 2.485201569938827182e-01 2.732820437645581690e-01 3.087732624514540891e-01 3.471847628020717780e-01 3.592742343212249612e-01 4.226366519204805550e-01 4.368742406782494259e-01 4.492276797289875279e-01 4.766059549539644058e-01 5.028455225692394226e-01 5.349546889025275087e-01 5.569099031263304855e-01 5.633168290475670803e-01 5.846219486935156917e-01 5.920407976028948527e-01 6.123464446735303879e-01 6.287914185282982293e-01 6.489407752216537206e-01 6.613901021286778814e-01 6.809104213558903052e-01 7.155184880738367781e-01 7.262448734111086601e-01 7.305629024693401918e-01 7.487120792617730780e-01 7.778864985974347501e-01 7.936408029219711446e-01 8.164553815682370486e-01 8.256775305330065207e-01 8.355620552212623675e-01 8.514235581721115720e-01 8.658539072238357059e-01 8.761976973414529191e-01 8.945684072304123102e-01 9.114793932847413682e-01 9.234666415277255069e-01 9.519639065250922183e-01 9.735979025887601113e-01 9.948212936930777017e-01 1.008889038786197956e+00 1.023167137206974830e+00 1.044240766385779340e+00 1.055439868917880553e+00 1.061141039061372027e+00 1.075428739217871188e+00 1.094525168345851007e+00 1.118678989456090234e+00 1.134179769532348780e+00 1.142844347933546167e+00 1.159163676462564130e+00 1.199344854650126191e+00 1.231830485561594912e+00 1.254857159014479251e+00 1.262507998908356743e+00 1.289810878302705355e+00 1.309361758916861351e+00 1.329615566683390648e+00 1.347880540939450533e+00 1.363712548005783676e+00 1.377837089335596898e+00 1.392241995811833499e+00 1.399909030206717420e+00 1.429402690155515909e+00 1.449174978286469351e+00 1.479179483891990499e+00 1.497195312983572224e+00 1.524215267898659132e+00 1.552728165603779020e+00 1.562041117718196759e+00 1.582061517548228213e+00 1.612897887782160478e+00 1.635372693998204952e+00 1.643489693952255637e+00 1.673305764399043660e+00 1.686439883639472059e+00 1.707907906677927690e+00 1.741525411586259064e+00 1.752505951650272564e+00 1.783177224291302432e+00 1.796443882391047575e+00 1.828877893600535431e+00 1.846446828611234769e+00 1.871870289267093757e+00 1.892821448568210663e+00 1.943521333853611699e+00 1.978197895430841013e+00 2.006020697413501086e+00 2.019087772381749080e+00 2.026635757313060004e+00 2.067419640558139537e+00 2.143438201436684398e+00 2.160141980384458815e+00 2.189522733072744032e+00 2.247059485088088948e+00 2.293490808170809636e+00 2.335780281511422807e+00 2.368976654928800052e+00 2.436468703144738956e+00 2.493893967915822074e+00 2.523495330964371508e+00 2.545262607531161070e+00 2.598183411122966024e+00 2.629164463270500907e+00 2.661661090462731138e+00 2.736902676996239681e+00 2.875059641299465785e+00 2.883366909782793197e+00 2.930148279716183968e+00 3.033521559780604449e+00 3.080209896332034347e+00 3.098526167381337793e+00 3.156133819275214414e+00 3.245743250048879869e+00 3.392651430269311597e+00 3.400932103915383031e+00 3.411995704600383483e+00 3.599759044338194158e+00 3.609371007331168002e+00 3.665365644946258161e+00
-1.112428317862925453e-01 2.047542068745515642e-01 2.473739726502313663e-01 2.754772475702116363e-01 3.132980134200874511e-01 3.525879559966133003e-01 3.633859727949973473e-01 4.181105827514676743e-01 4.397064128726939636e-01 4.484205539265572193e-01 4.733376852689954450e-01 5.026816484676512875e-01 5.376301186765762852e-01 5.608115906158969155e-01 5.665448666138180878e-01 5.866065085078925323e-01 6.005379397922187001e-01 6.159886495801240036e-01 6.280885498963104663e-01 6.495938892193341418e-01 6.634616084054189011e-01 6.753963957423189113e-01 7.192698016072508471e-01 7.275695315742605196e-01 7.307998167902328701e-01 7.431509234222511973e-01 7.758310190628007197e-01 7.973504445500564364e-01 8.177892326336260176e-01 8.231555064749166428e-01 8.363425013702751043e-01 8.529854456235063109e-01 8.664688432593772305e-01 8.794237218536206102e-01 8.983197256394068742e-01 9.092554123038479874e-01 9.228454572103880205e-01 9.498167220664396337e-01 9.788397994698697646e-01 9.951540551382801469e-01 1.005269621838422500e+00 1.020328906367862221e+00 1.044024490567606822e+00 1.056571177393848204e+00 1.058598104036840404e+00 1.071692814215883249e+00 1.093121332462562378e+00 1.119253054668621239e+00 1.134208381104832464e+00 1.143074896017864495e+00 1.158941747475297435e+00 1.197304739265704576e+00 1.233104726018131814e+00 1.257062640396526154e+00 1.261632632580837576e+00 1.289894157888975101e+00 1.310185795038193213e+00 1.328410580913480743e+00 1.352527898650953908e+00 1.364073854834581434e+00 1.381323741519743464e+00 1.391840138171196450e+00 1.398097090127674580e+00 1.427959379907866699e+00 1.450434183592923088e+00 1.480026853571567047e+00 1.500781041982377051e+00 1.520759014346776183e+00 1.553893797995151482e+00 1.561829623199106676e+00 1.583000841389354818e+00 1.614595199878443355e+00 1.637122330011074878e+00 1.641787120895320751e+00 1.673893710017257286e+00 1.683765352655840264e+00 1.710035054142435618e+00 1.741870628485738592e+00 1.751474968769263230e+00 1.783281502892399617e+00 1.796349762545191409e+00 1.830730090033861002e+00 1.847469270546323372e+00 1.873973524102685140e+00 1.888023413820798302e+00 1.941890526167265874e+00 1.976630256009520359e+00 2.005166967225291863e+00 2.018444899252653801e+00 2.026081097872427517e+00 2.067095296771392476e+00 2.144353682858544552e+00 2.159524870755556325e+00 2.189648022583392084e+00 2.248949662395317350e+00 2.294735568126585967e+00 2.339568028810420142e+00 2.369517172983772291e+00 2.437835727754819271e+00 2.494529701737018712e+00 2.523550828617957098e+00 2.548888215215959985e+00 2.600335207481976774e+00 2.629342328832427356e+00 2.661510353186518074e+00 2.738287732289999887e+00 2.877810685327052198e+00 2.884573858482929243e+00 2.938102723566937691e+00 3.030627999589316168e+00 3.079632574945633916e+00 3.097759336329771962e+00 3.159518543942942070e+00 3.247695642281486439e+00 3.394358799563046869e+00 3.400964545650024373e+00 3.413041033758875464e+00 3.601954531062410148e+00 3.611755976426885173e+00 3.665440378367660124e+00
-1.128538102769442025e-01 2.061987839124650168e-01 2.467581474064068914e-01 2.761700422184363291e-01 3.145822250262227948e-01 3.556329036939381849e-01 3.647144264133539426e-01 4.150684338039544174e-01 4.412784394620741235e-01 4.484230718689382611e-01 4.721424191594053577e-01 5.022797441939774732e-01 5.384746866279321864e-01 5.621328211971643452e-01 5.675232332489840159e-01 5.869480035748548818e-01 6.056925222808094977e-01 6.159008372653614893e-01 6.274463822247741129e-01 6.508017663846058509e-01 6.669880738649839325e-01 6.700902716108617652e-01 7.200771148953670764e-01 7.282123303733398778e-01 7.321516031107128120e-01 7.400848311015736369e-01 7.752265275684276924e-01 7.993277334726048844e-01 8.159166692521945263e-01 8.232365256252499597e-01 8.371966636587175881e-01 8.529035913705430572e-01 8.665989907496264300e-01 8.819218655309565280e-01 9.006417105057704653e-01 9.071261045551368696e-01 9.226866300593511427e-01 9.487710728229254986e-01 9.815404695420177905e-01 9.956465197948778378e-01 1.002716074278841907e+00 1.019520985198664853e+00 1.043539991001949607e+00 1.055491924083775013e+00 1.059702462926450206e+00 1.070154092966620230e+00 1.092649841129715638e+00 1.119398478873020686e+00 1.134255279571866115e+00 1.143214457472993661e+00 1.158924712047547656e+00 1.196572744709546887e+00 1.233528728686621001e+00 1.258010075322430588e+00 1.261061901845025313e+00 1.289928758360573413e+00 1.310465716597497776e+00 1.327874138058748876e+00 1.354302207329975749e+00 1.364226010488446494e+00 1.382879777869059801e+00 1.391752631200857238e+00 1.396944246841292037e+00 1.427416595061171245e+00 1.450793533968085525e+00 1.480314628974259250e+00 1.502468537224479039e+00 1.519168293819641802e+00 1.554462696089323748e+00 1.561767237786004570e+00 1.583079362390071410e+00 1.615397627411265802e+00 1.638043123549704383e+00 1.640849288286344798e+00 1.674420531014597202e+00 1.682349007989079270e+00 1.711104043869358771e+00 1.741930978724466117e+00 1.751055339281916146e+00 1.783301257211826085e+00 1.796292025487262523e+00 1.831494677365614443e+00 1.847808451021501153e+00 1.875364500652018762e+00 1.885672247082487374e+00 1.941257124282395052e+00 1.976021023135994481e+00 2.004943546680943989e+00 2.018153478677985557e+00 2.025955267252905756e+00 2.066961948416575989e+00 2.144663234591755341e+00 2.159283496859248697e+00 2.189717852227595962e+00 2.249607947621281134e+00 2.295122546830731025e+00 2.340965084887342229e+00 2.369591337190240843e+00 2.438295493386068546e+00 2.494735781630196492e+00 2.523512233737687183e+00 2.550143360279449212e+00 2.601056934144953203e+00 2.629356921944109970e+00 2.661498087463315176e+00 2.738751306704901634e+00 2.878797555545868470e+00 2.884904465118960371e+00 2.941013467710404061e+00 3.029404256126191353e+00 3.079473273997455962e+00 3.097507345564120662e+00 3.160661499331820501e+00 3.248376927176747309e+00 3.394839551643476394e+00 3.401006521662645277e+00 3.413480488828350978e+00 3.602657428805793760e+00 3.612589924919450635e+00 3.665472256025110731e+00
2.290551845875557491e-01 2.714356479015754831e-01 2.977801782132649677e-01 3.168545631643280847e-01 3.289426959554291874e-01 3.824127758401281718e-01 3.878757026557785315e-01 4.059349338907486948e-01 4.264428257408615641e-01 4.271788122015194866e-01 4.661345468832269745e-01 4.921803092004386482e-01 5.189086032774882229e-01 5.339918792297396744e-01 5.591018484619106887e-01 5.643364227500941022e-01 5.806922763884131422e-01 5.935041144727307705e-01 6.215038398347670912e-01 6.438142936087587476e-01 6.546881433409551532e-01 6.634728447273222640e-01 6.818853043495356481e-01 7.004542858865699939e-01 7.208859979428262621e-01 7.331623514895683202e-01 7.621472580205460590e-01 7.786147979787417794e-01 8.094192624043095030e-01 8.235419981907483589e-01 8.432817802917037531e-01 8.563864593434175054e-01 8.805691429943468540e-01 8.992217428370871124e-01 9.119986156048983661e-01 9.283804487709986786e-01 9.494793086256742010e-01 9.529855958082095180e-01 9.726773565766507756e-01 9.952811755695950557e-01 1.031747407257016969e+00 1.050534362220115980e+00 1.063357734536897192e+00 1.069326462529798905e+00 1.085194634292995453e+00 1.102060494239810229e+00 1.110745072483948714e+00 1.125926724491990827e+00 1.157720629190972073e+00 1.164692013736714049e+00 1.173462857201868603e+00 1.207438968717001959e+00 1.225861027989200824e+00 1.247474120718637725e+00 1.299117790235152059e+00 1.302270928778526571e+00 1.328449417604773197e+00 1.339445215425147717e+00 1.355990887197969119e+00 1.368940285531496492e+00 1.375229395994886250e+00 1.413820097702946477e+00 1.420107579895103500e+00 1.437373171843396635e+00 1.469755269512631690e+00 1.510451014142584869e+00 1.517538011661250241e+00 1.536369091997230152e+00 1.565723107617962961e+00 1.574855920338951831e+00 1.592414846322693034e+00 1.614749094312209365e+00 1.628229587792649591e+00 1.649724254302536108e+00 1.665984269303435461e+00 1.695428318225369324e+00 1.711863608228086253e+00 1.723263362609971816e+00 1.752629764567072979e+00 1.761452098033779334e+00 1.791689477668138464e+00 1.824372562072327231e+00 1.862022071418957259e+00 1.900344940838007757e+00 1.926626737044603521e+00 1.933639198964501649e+00 1.954757812498888914e+00 1.963276893435981441e+00 2.002042106988054737e+00 2.027848544380789875e+00 2.052757193153454729e+00 2.120664756009328578e+00 2.185563488952245947e+00 2.205171624002177477e+00 2.242213159678198675e+00 2.268590177738699865e+00 2.287452312051319492e+00 2.329924348902383535e+00 2.385674865065618100e+00 2.461625355923910963e+00 2.500001397095920730e+00 2.585325433288223174e+00 2.625760683705367526e+00 2.667597482368785133e+00 2.681267030868437207e+00 2.749734262193731738e+00 2.779185035635292511e+00 2.925908306517376989e+00 2.979958173045423209e+00 3.050095520570359486e+00 3.121065415999008774e+00 3.139049484556496683e+00 3.162151813334254324e+00 3.233718963333961138e+00 3.401369446945400110e+00 3.409324731046777579e+00 3.415969374351339738e+00 3.565091722827788967e+00 3.609556836931664847e+00 3.655951241083858605e+00
2.299882696635038304e-01 2.692632744900561592e-01 2.982606324774232931e-01 3.134202426850913326e-01 3.322701315008754208e-01 3.813880013361423682e-01 3.873272088746950725e-01 4.053775556770847777e-01 4.249336427214503997e-01 4.284678271600509403e-01 4.648491518757859042e-01 4.910017609435335384e-01 5.181818252877564701e-01 5.348756372707782480e-01 5.560416460806500982e-01 5.648908717042552263e-01 5.808409967392142992e-01 5.951226186783946659e-01 6.198569898367358721e-01 6.453954284226743887e-01 6.549590535940308378e-01 6.633551535905825025e-01 6.780138172550457254e-01 7.031921585450924272e-01 7.219855883006637276e-01 7.321928035790042921e-01 7.617794047575318084e-01 7.786969095181834888e-01 8.079682163400730976e-01 8.237161470466491942e-01 8.433424878213401366e-01 8.574300250747195484e-01 8.802823756426126911e-01 8.985649855964920052e-01 9.128091926300218040e-01 9.288590696021211679e-01 9.493829749313145161e-01 9.542171773662911916e-01 9.724960967187462613e-01 9.955899414698491379e-01 1.031327204441735423e+00 1.048368204278036009e+00 1.063406567402027658e+00 1.069655147671171758e+00 1.085467215946729791e+00 1.102260666602425943e+00 1.111728993562159484e+00 1.126488143114275475e+00 1.155268372706276692e+00 1.165516349182052380e+00 1.173722022787487607e+00 1.205860573994896878e+00 1.227606980942416603e+00 1.247405419877758881e+00 1.297529677527569536e+00 1.302614618589365891e+00 1.327185258604939744e+00 1.338908715545130912e+00 1.357105698985253905e+00 1.367446090320410423e+00 1.374819317808474883e+00 1.413197247732266071e+00 1.419164804685421055e+00 1.437280029374419454e+00 1.469944843948307378e+00 1.509366402161085530e+00 1.516585664073518913e+00 1.536531290516656156e+00 1.563997013911954559e+00 1.574725243264586183e+00 1.592491232517381894e+00 1.615076373809968047e+00 1.628451685132663806e+00 1.650186183666817463e+00 1.667001354266084201e+00 1.695612286654564649e+00 1.710581826961201202e+00 1.724612274130971512e+00 1.752726524333380054e+00 1.762643542056179902e+00 1.791846325250271654e+00 1.825380911171330833e+00 1.861696210872225032e+00 1.900182782399886916e+00 1.925916356944428642e+00 1.933430175285266728e+00 1.955733397072550561e+00 1.964777778228669058e+00 2.002101499776742344e+00 2.028242810741820445e+00 2.052482829687507060e+00 2.120424270696911417e+00 2.185523920315053381e+00 2.205061493171602827e+00 2.241503811661213597e+00 2.268315746678795097e+00 2.288528515848156086e+00 2.329041006881030551e+00 2.386025324278772342e+00 2.461973695615060631e+00 2.500174997661992027e+00 2.584215000149864938e+00 2.626024246319009769e+00 2.666504307179935918e+00 2.680977406102101668e+00 2.748394396877431145e+00 2.779683079240477639e+00 2.924739087375023416e+00 2.978119652890423907e+00 3.050314109339883561e+00 3.121230003825029797e+00 3.139568283514277969e+00 3.161933589775726361e+00 3.233123631539192022e+00 3.401278725671021075e+00 3.408956772053906015e+00 3.415812414523281770e+00 3.564373326186852431e+00 3.609164572576979424e+00 3.656167730461179932e+00
2.321280656204887105e-01 2.619930072558653289e-01 2.983439620331816977e-01 3.109737142823689182e-01 3.358420185688016923e-01 3.780783318043208219e-01 3.847386579409113327e-01 4.045253658068947988e-01 4.230244699784498907e-01 4.310068654301531521e-01 4.617284901463517555e-01 4.880806414391534731e-01 5.151903864223704721e-01 5.365119991391440468e-01 5.497763506461126326e-01 5.638100241669953272e-01 5.820121656277211786e-01 5.996441913562874371e-01 6.169442765874048051e-01 6.478924652273067020e-01 6.545728156389952757e-01 6.633067695179741818e-01 6.730952508266822010e-01 7.051325025752243070e-01 7.237208528409938557e-01 7.320754176920739598e-01 7.602093457128127341e-01 7.791521273716440765e-01 8.045910057344850541e-01 8.239386885787047810e-01 8.431703459735413464e-01 8.601309243256702874e-01 8.789946315084673500e-01 8.972462133666037065e-01 9.151046097529283996e-01 9.302005216082570582e-01 9.497334445331450103e-01 9.570611861911260121e-01 9.717264811426630233e-01 9.963304366278107338e-01 1.030152050490302118e+00 1.043240801939815166e+00 1.063073345605408893e+00 1.070271535881616609e+00 1.086188159381635376e+00 1.103025242962922814e+00 1.114426901843895035e+00 1.128008246461780217e+00 1.150837507619640654e+00 1.166405574376599308e+00 1.173044967339982980e+00 1.203006227117267679e+00 1.231286800245721569e+00 1.247189074698767053e+00 1.293745776631758604e+00 1.302491208681576973e+00 1.323798255100173460e+00 1.337488272981034010e+00 1.359487656905300490e+00 1.363322804744350636e+00 1.374092924448676811e+00 1.411538312175619092e+00 1.416601120708922856e+00 1.436882932394926149e+00 1.470149534939346747e+00 1.505673824318092047e+00 1.514801299137186641e+00 1.536867619232466176e+00 1.559396652356991542e+00 1.574276725093218809e+00 1.592559030066763359e+00 1.616339048778101528e+00 1.628711869904760245e+00 1.650948228010820085e+00 1.669812255109700994e+00 1.696699093226405441e+00 1.707187777721422384e+00 1.728067813002547304e+00 1.753203219314119155e+00 1.765621965966645668e+00 1.792299761674526426e+00 1.828334466815022985e+00 1.860717667885448900e+00 1.899717147242437010e+00 1.924526818386355531e+00 1.932965142984719442e+00 1.957534111034217261e+00 1.969491234098957211e+00 2.002371861228489980e+00 2.029365750229008558e+00 2.051690820288950778e+00 2.119753672329669048e+00 2.185338233423474552e+00 2.204683704960575419e+00 2.239442661167647231e+00 2.268240671338146441e+00 2.290905237824593321e+00 2.326478732293412843e+00 2.387040625797068216e+00 2.462988222629354240e+00 2.500589233504873832e+00 2.581033840957934533e+00 2.626695495716730999e+00 2.663279621994532054e+00 2.680151638728711205e+00 2.744616293609348112e+00 2.781033662513287652e+00 2.921308408141424007e+00 2.972919610072656038e+00 3.050545713735834052e+00 3.121619512455727552e+00 3.141016910639239157e+00 3.161472357694042223e+00 3.231365849576433025e+00 3.400959521529434149e+00 3.407945664067296043e+00 3.415356182309007060e+00 3.562283568041557658e+00 3.607995426751786194e+00 3.656775601873837989e+00
2.324182481857350047e-01 2.512743517627791245e-01 2.972593462143554577e-01 3.117545056333929088e-01 3.358512128528987617e-01 3.709153317361713054e-01 3.813430400052720826e-01 4.045713623566363770e-01 4.217996528006798251e-01 4.353866756216564493e-01 4.579810912432975001e-01 4.843666695507706788e-01 5.087778860524666547e-01 5.368772743139924586e-01 5.433175363406024250e-01 5.607584646382304250e-01 5.852975706439356163e-01 6.035610195043544790e-01 6.166597856733604388e-01 6.465209612715762111e-01 6.537046493801649261e-01 6.635119322101200590e-01 6.729156097730912833e-01 7.037424632021364035e-01 7.212131655226601268e-01 7.367492039959117056e-01 7.580709771929413643e-01 7.788527857932102672e-01 8.014345906800841579e-01 8.238727986728210384e-01 8.425143798040178877e-01 8.632680084546434651e-01 8.767234567599767603e-01 8.965228914651788283e-01 9.179726157742744697e-01 9.320416334122609836e-01 9.504220235947704598e-01 9.602311549382555045e-01 9.709470507125939065e-01 9.970204419118054995e-01 1.027949210033331839e+00 1.037854448315169487e+00 1.061653369893830856e+00 1.070802108837831890e+00 1.087068881250315533e+00 1.104927730057071900e+00 1.117586071413685378e+00 1.130449714273860096e+00 1.146648937636027155e+00 1.166932268055866029e+00 1.170276204080910043e+00 1.200717772424711782e+00 1.234979407538093543e+00 1.246754444670366224e+00 1.288465553903292982e+00 1.300763180784555884e+00 1.319174863990143942e+00 1.335497834456504496e+00 1.356882230157420821e+00 1.361741350295453623e+00 1.374365486242362655e+00 1.409226681661029934e+00 1.413065412772555929e+00 1.436126741522958605e+00 1.469293447918776474e+00 1.500154058676311797e+00 1.512987394765945792e+00 1.537075576559496115e+00 1.553525898929100535e+00 1.573109117857938610e+00 1.592161806628364928e+00 1.618895846817521189e+00 1.628517334324728116e+00 1.651287497671907412e+00 1.673249328845736850e+00 1.698236924892268185e+00 1.704105654081207621e+00 1.732347040278176431e+00 1.754167435842196365e+00 1.769388174455252649e+00 1.792999867305125727e+00 1.832989017828909439e+00 1.859077906502671018e+00 1.899036967682483423e+00 1.923653392835231957e+00 1.932443068261550101e+00 1.959427228162793133e+00 1.976605424525575527e+00 2.003096735757137203e+00 2.031059937117904113e+00 2.050486046332980372e+00 2.118789295273871165e+00 2.184832002249556204e+00 2.203935498117949532e+00 2.236386157269264263e+00 2.269316278459783565e+00 2.293165216838917608e+00 2.322478380094315398e+00 2.388603163611070723e+00 2.464590383898855652e+00 2.500940276918563132e+00 2.576155963232443113e+00 2.627490302439616787e+00 2.658055013972199010e+00 2.678941651715223582e+00 2.738924701604762202e+00 2.782980900913356592e+00 2.915828764979039534e+00 2.965068830479999473e+00 3.049885172443956627e+00 3.121858372818652416e+00 3.143100232947332984e+00 3.161310391786619434e+00 3.228523914063979650e+00 3.400245359050624749e+00 3.406565509308465689e+00 3.414660648668619736e+00 3.559004224676442618e+00 3.606069631268602915e+00 3.657670181166609247e+00
2.220000784663966886e-01 2.465471059813054699e-01 2.950479788154057870e-01 3.107403767933584748e-01 3.317121735851377151e-01 3.605449341565293286e-01 3.801839989212830728e-01 4.050845094733013241e-01 4.208858416372396327e-01 4.410663637121697844e-01 4.551411915820551823e-01 4.794271729143643190e-01 5.002225038923729938e-01 5.321945786654255217e-01 5.415257372850423856e-01 5.579496989676016039e-01 5.900422415248618435e-01 6.032224274929572916e-01 6.207026866197729031e-01 6.407943188735821805e-01 6.525606768480143316e-01 6.657082543453143320e-01 6.752045094211267529e-01 7.004808094311474331e-01 7.177622410771414829e-01 7.408786186547622332e-01 7.576280859598717443e-01 7.753321391043915822e-01 8.003518020921959186e-01 8.239200521721784520e-01 8.415754928876896246e-01 8.655697929321884976e-01 8.750053727099286194e-01 8.963244810916606298e-01 9.203376946265087177e-01 9.343414146375979001e-01 9.489209448293917104e-01 9.621364143732512586e-01 9.731083731694161187e-01 9.972791173067232506e-01 1.024064931800005906e+00 1.034363398552676117e+00 1.059418594869652397e+00 1.070855946381162216e+00 1.087775287463688123e+00 1.107815985743974219e+00 1.119545541043817094e+00 1.134062324596282645e+00 1.143330215140803130e+00 1.165124749787087799e+00 1.169117026313586605e+00 1.198611042883141353e+00 1.237563012470006996e+00 1.245983583882697587e+00 1.282203703585742982e+00 1.296647358885338441e+00 1.314391458370089749e+00 1.333088158122589739e+00 1.349970186673358885e+00 1.362105718392286224e+00 1.376185110431652037e+00 1.406366365463363577e+00 1.409586455962850593e+00 1.435223140868965741e+00 1.465972654603333591e+00 1.495176512350021802e+00 1.510832382327058410e+00 1.536580402226504161e+00 1.548128742085838505e+00 1.570776621559078601e+00 1.591206419209344025e+00 1.621754184847198799e+00 1.628430255518443781e+00 1.651482532977181839e+00 1.675748436587553902e+00 1.694738332655752799e+00 1.707932786398954850e+00 1.736464761816018720e+00 1.755374577990505225e+00 1.773193345160023471e+00 1.793900489215958460e+00 1.838892856741274118e+00 1.856749988221141123e+00 1.898272347981372787e+00 1.923844594262697605e+00 1.932050917466174189e+00 1.961745444316675968e+00 1.984518199662959947e+00 2.004620524694423978e+00 2.033093098976726854e+00 2.049094857922644231e+00 2.117717020651497695e+00 2.183808064965877538e+00 2.202747704166432730e+00 2.232955488832775170e+00 2.271666729950369668e+00 2.294357097527226941e+00 2.317401944777351730e+00 2.390483411424507931e+00 2.466688196261958232e+00 2.500768659852625753e+00 2.570068668251426214e+00 2.628048237040248036e+00 2.651000500000016746e+00 2.677639125502806028e+00 2.731845738434499626e+00 2.785370951557990082e+00 2.908606586654897352e+00 2.955316774790552881e+00 3.047578879876671643e+00 3.121298403792642340e+00 3.145419859174060750e+00 3.162124216608786398e+00 3.224711526975837739e+00 3.398840905916935551e+00 3.405228303104794296e+00 3.413845295290347082e+00 3.554797934041131757e+00 3.603417820648055159e+00 3.658727912666941418e+00
2.026642593305132412e-01 2.466942589373161132e-01 2.898460189597378278e-01 3.051299812867157568e-01 3.233511868488527230e-01 3.518245797729802615e-01 3.799657007148556365e-01 4.053155708276073854e-01 4.198560201393002900e-01 4.435410696439170963e-01 4.559096088513115985e-01 4.734904387838462236e-01 4.936787632912938428e-01 5.244822299658883358e-01 5.428212701029366816e-01 5.571739622909277490e-01 5.941108644146105844e-01 6.023093843326496888e-01 6.242945706431199948e-01 6.341308985446196811e-01 6.497203965097952949e-01 6.685320716542938468e-01 6.779995313404566515e-01 6.951214547110322606e-01 7.178106971212347975e-01 7.420653869107438627e-01 7.595070990220506024e-01 7.690119062196130173e-01 8.005603101957972090e-01 8.251089402920256388e-01 8.407055212459886295e-01 8.664468095260791092e-01 8.748495615196706376e-01 8.956625141120206912e-01 9.217937961625751742e-01 9.370452134515195874e-01 9.442491921368467711e-01 9.631616763749820675e-01 9.773023576537596124e-01 9.978495773915545541e-01 1.019500945864071584e+00 1.032439125779671674e+00 1.056425781778143946e+00 1.070817529603427243e+00 1.088164251401207094e+00 1.109271606106425390e+00 1.120744467139104916e+00 1.136786025013817980e+00 1.142479519199707028e+00 1.162746134978802859e+00 1.170254114331338302e+00 1.195692216038251487e+00 1.238170520672163155e+00 1.245056946513771745e+00 1.275541624861331824e+00 1.290256119024278059e+00 1.310425302483464449e+00 1.329955172226681803e+00 1.343261297198962811e+00 1.361903715203187648e+00 1.378010439784126406e+00 1.402799875294069798e+00 1.407467532713681857e+00 1.434285950761550188e+00 1.460014276649905351e+00 1.492075845386094279e+00 1.508333294244299738e+00 1.534379546522050886e+00 1.544422528290573471e+00 1.567508441753788562e+00 1.589756598479228789e+00 1.621792279546586224e+00 1.630983331262717995e+00 1.652109938839045444e+00 1.676543040154452990e+00 1.689945448228482361e+00 1.714761378476703069e+00 1.740211037270508188e+00 1.756331265496117622e+00 1.776465708703615087e+00 1.795051257136123457e+00 1.845440414438044074e+00 1.853689315429555950e+00 1.897438599187214248e+00 1.924942256578671573e+00 1.932082462013618551e+00 1.964744089496590851e+00 1.991731138615724372e+00 2.007334014064328542e+00 2.035106055819278836e+00 2.047980127012424933e+00 2.116745387786886035e+00 2.182190793691002106e+00 2.201129668454820720e+00 2.229658445827790381e+00 2.274871782456360236e+00 2.294010185930242862e+00 2.311750964091577654e+00 2.392323102574302141e+00 2.469198881690430891e+00 2.499535893114330776e+00 2.563343173263671115e+00 2.627811821203662301e+00 2.642451290264051789e+00 2.676653659416638131e+00 2.723795574221454796e+00 2.788180395372693798e+00 2.900007874044747691e+00 2.944325279252391958e+00 3.043321773641129546e+00 3.119375866560430755e+00 3.147574435110941149e+00 3.164249174538309450e+00 3.220065849699357496e+00 3.396545237081949331e+00 3.404230049401247626e+00 3.413062665610365531e+00 3.549967673900265908e+00 3.600087272671586014e+00 3.659844868168566467e+00
1.805581272654347147e-01 2.458401673248397090e-01 2.796519987375974958e-01 2.959808708444408021e-01 3.116391331686457766e-01 3.464498861939062091e-01 3.780145332079996034e-01 4.049574275196558548e-01 4.181622805488955374e-01 4.382779446417905955e-01 4.588609583882490295e-01 4.744189644746372725e-01 4.900015648674493351e-01 5.167769892748377281e-01 5.445493456953436340e-01 5.586019263040812310e-01 5.959451657707364181e-01 6.028206787437916381e-01 6.239455582399965339e-01 6.281745790423743925e-01 6.460968953781017765e-01 6.676612624693931686e-01 6.823710031515410890e-01 6.912501778277785336e-01 7.213812305630968869e-01 7.406429683150245191e-01 7.616206002366012751e-01 7.635463917128106903e-01 8.007925618985959337e-01 8.276854568328793071e-01 8.401781746378205185e-01 8.661303986755488626e-01 8.754397991057176753e-01 8.941176300385971221e-01 9.222428382314686868e-01 9.346839389953083277e-01 9.442068770081591955e-01 9.637831421495695050e-01 9.789827443277561159e-01 1.000246220039961331e+00 1.015780914673481305e+00 1.031308125736425829e+00 1.052067504601040815e+00 1.071746650882009266e+00 1.088103724830014052e+00 1.106687803279354787e+00 1.122860073871034814e+00 1.135210924385574138e+00 1.145783323134747844e+00 1.163337681518415101e+00 1.171669882133738572e+00 1.191447389642220633e+00 1.236429101926649787e+00 1.244390979581228018e+00 1.268963181962750264e+00 1.282896027263941807e+00 1.307698838390552343e+00 1.325184904509532746e+00 1.338204152469803176e+00 1.361556295032821717e+00 1.378336010062024108e+00 1.398993687265867258e+00 1.407167072735957536e+00 1.432875673596083699e+00 1.453351050570470093e+00 1.490354082480587650e+00 1.505864935550154327e+00 1.530340565634835670e+00 1.541995190513326675e+00 1.564241927691567113e+00 1.587554577249680410e+00 1.619783272265062912e+00 1.635228185552388247e+00 1.653117197495143742e+00 1.675713793495986259e+00 1.686464612679377639e+00 1.721464490487623067e+00 1.743736752830223224e+00 1.756806076562811292e+00 1.778672141811241669e+00 1.796626212629425678e+00 1.849836245302315385e+00 1.852003258516329298e+00 1.896379352892092918e+00 1.926298603592925041e+00 1.932916787289480132e+00 1.968414944841431202e+00 1.997083696425289157e+00 2.011247419398827230e+00 2.036552754213077243e+00 2.047933440272150296e+00 2.116106011044568636e+00 2.180153636429199349e+00 2.199097898954763153e+00 2.226685540233669158e+00 2.278236219560556108e+00 2.291994044653198781e+00 2.306235726373741635e+00 2.393701587185979029e+00 2.471966080983367675e+00 2.496826792071113577e+00 2.556600631507241150e+00 2.625026882636648740e+00 2.633939800960525712e+00 2.676401014360652475e+00 2.715087661941698816e+00 2.791460806358472269e+00 2.890452167919578930e+00 2.932682434909092528e+00 3.037186213269002621e+00 3.116033300003379747e+00 3.149178928056295845e+00 3.167381196403129096e+00 3.214752577205256312e+00 3.393464630972721885e+00 3.403532011262616397e+00 3.412442359667528624e+00 3.544820968319739141e+00 3.596154483086575926e+00 3.660953780027800253e+00
1.576393336504523235e-01 2.419654529132300169e-01 2.652190318584181083e-01 2.836659721350280883e-01 2.998450622946476907e-01 3.415127681883838862e-01 3.724945350371721697e-01 4.038708623236239026e-01 4.131749969408096690e-01 4.328428093381133102e-01 4.625255051344547841e-01 4.806789305806173918e-01 4.875232482983021254e-01 5.114699114942448110e-01 5.462373604623568246e-01 5.612346455190674321e-01 5.944063903852274677e-01 6.042319952049391985e-01 6.156475238411466266e-01 6.262058654725509710e-01 6.434628482108020187e-01 6.662785437340787986e-01 6.836463696369030618e-01 6.944176748174901714e-01 7.249460367169021646e-01 7.373503822315160550e-01 7.581857117096914012e-01 7.667656565501850263e-01 8.011739909817081617e-01 8.306429877672709683e-01 8.402022080910683810e-01 8.643091606351034351e-01 8.763051500284911866e-01 8.922073953825638837e-01 9.199037654080360893e-01 9.303324687429309625e-01 9.487212264138109585e-01 9.637900919499081676e-01 9.781935104591906738e-01 1.002126312708552236e+00 1.013913028950990558e+00 1.031472816341101773e+00 1.046900341992740069e+00 1.073824084185724725e+00 1.087452654808291896e+00 1.101514080508056548e+00 1.124700857870265969e+00 1.132337429984300758e+00 1.148823731882619770e+00 1.166487387459752556e+00 1.173420445715054328e+00 1.186261651187524802e+00 1.233232112119687418e+00 1.243527259935087059e+00 1.262643977363108183e+00 1.276569299289373349e+00 1.305715620142858135e+00 1.318739679444901336e+00 1.335515739504654187e+00 1.360542468178842279e+00 1.376824276235863342e+00 1.395385396572224268e+00 1.408543994243431463e+00 1.430247330968172914e+00 1.448150848941763824e+00 1.489210692391726987e+00 1.503803604993901644e+00 1.525300162657816427e+00 1.539606016648465303e+00 1.561611540529960651e+00 1.584659637159185452e+00 1.617721501200449330e+00 1.639080631628306417e+00 1.653621395124767135e+00 1.674701550327244215e+00 1.684593501423284234e+00 1.726986137445503777e+00 1.745976262118827282e+00 1.758067555755293165e+00 1.779455294652087627e+00 1.798689634620481037e+00 1.845215233633161089e+00 1.857873942569872261e+00 1.894979727636254108e+00 1.927330216454489875e+00 1.934605011712306588e+00 1.972458899650536335e+00 2.000391343660578247e+00 2.015295333008277012e+00 2.037182899792160828e+00 2.049518348066904583e+00 2.116049457288811553e+00 2.178060019523491153e+00 2.196605160147882430e+00 2.223999265643843870e+00 2.280509424409736141e+00 2.288875729937946968e+00 2.301697868800238744e+00 2.394284779989661160e+00 2.474338421537336519e+00 2.492952567986525647e+00 2.550325043268219183e+00 2.616094067961594050e+00 2.628971026802541910e+00 2.677076971912120129e+00 2.706065473425620205e+00 2.795263641197555771e+00 2.880424436477630135e+00 2.920911712193332122e+00 3.029427973764926563e+00 3.111638270929132588e+00 3.149843370113316610e+00 3.170845844085568466e+00 3.209006645081769360e+00 3.389779866767486549e+00 3.402986630058433271e+00 3.412051139872981587e+00 3.539638616318542486e+00 3.591735005308403839e+00 3.662022001832763163e+00
1.351998614107232100e-01 2.321458489950115611e-01 2.509321458196904775e-01 2.687054820614327988e-01 2.884661482267236177e-01 3.336724626047182229e-01 3.634061457878286494e-01 4.014334734491339929e-01 4.065586274809726564e-01 4.333652883160477587e-01 4.662738665740819854e-01 4.804932902015033869e-01 4.894869464045000784e-01 5.115266495464070307e-01 5.479462461289921205e-01 5.631228737875098034e-01 5.866224305779917936e-01 6.015689709043441358e-01 6.118539238381935919e-01 6.256607656695177822e-01 6.432654414473193416e-01 6.669026571188237940e-01 6.836078774858772578e-01 6.996729526923021192e-01 7.257276843132425270e-01 7.352387471516670381e-01 7.555133559185247538e-01 7.728101262610318489e-01 8.018712759697842474e-01 8.326190103964531408e-01 8.407531285490289497e-01 8.617683329470124942e-01 8.772504244349362823e-01 8.905309009942499188e-01 9.141214117078021451e-01 9.293124507683837576e-01 9.523113522528224850e-01 9.634601942645431016e-01 9.777987340357688906e-01 1.001280927650716190e+00 1.012036513931751314e+00 1.032514694012609757e+00 1.044496722871681271e+00 1.076416053421082042e+00 1.086180634440232939e+00 1.095735036573872723e+00 1.124466954404167884e+00 1.130403530804904300e+00 1.149846247965993440e+00 1.169361937622590331e+00 1.175255446627984535e+00 1.182498870234496735e+00 1.229789229582436638e+00 1.241718426274471376e+00 1.256355887651386727e+00 1.273267571707553891e+00 1.302129423538529451e+00 1.313444767159702042e+00 1.334229249864130384e+00 1.358379851482816481e+00 1.373853780494510124e+00 1.392190833824515472e+00 1.411101846191873843e+00 1.426745762679030083e+00 1.444806601438715976e+00 1.488089510358098444e+00 1.502121965841721751e+00 1.519989342790234899e+00 1.537168674555070336e+00 1.559140002518291990e+00 1.581949234134189641e+00 1.616118492340834933e+00 1.641258684796942591e+00 1.653156171271456865e+00 1.674982249785923250e+00 1.684083067832652603e+00 1.731325613319460777e+00 1.744869071586451215e+00 1.762179952073538169e+00 1.778898782266153722e+00 1.800931008560791469e+00 1.839841488739357489e+00 1.862239386493034665e+00 1.893488728433902590e+00 1.928034966398745720e+00 1.936553727058259344e+00 1.976247933923428457e+00 2.001878790576452793e+00 2.018429865794285849e+00 2.037476745965842717e+00 2.052304398768525662e+00 2.116735308082539291e+00 2.176191394076979702e+00 2.193646251294167460e+00 2.221502511597212237e+00 2.278940512615187597e+00 2.287142275915829970e+00 2.298773657532582781e+00 2.393954441624201568e+00 2.473913572509738312e+00 2.490395935387121895e+00 2.544571747805225215e+00 2.603795657421773324e+00 2.625005946505736265e+00 2.678158915761815528e+00 2.697559904927002705e+00 2.799548298420007519e+00 2.870469982147767496e+00 2.909461939102780725e+00 3.020339005475117578e+00 3.106649429398699258e+00 3.149208031361498072e+00 3.173927593997402763e+00 3.203245734067805550e+00 3.385575073962944881e+00 3.402483856921664440e+00 3.411907550649960541e+00 3.534644903629604595e+00 3.586983270839702254e+00 3.663040036998167714e+00
1.145358014385971374e-01 2.143923736713497508e-01 2.403657068368770799e-01 2.523328276807013104e-01 2.764387009011486374e-01 3.205870779596811659e-01 3.529146380750381451e-01 3.967472464356376349e-01 4.037130958178481444e-01 4.365718975416043590e-01 4.679217504849287335e-01 4.764662139450051570e-01 4.937313252429334498e-01 5.156443571109607937e-01 5.462792164385609217e-01 5.619598698207979304e-01 5.802030419799411032e-01 5.921459200450766014e-01 6.181898851835555542e-01 6.258267076092212111e-01 6.446480275073833699e-01 6.685289076591302004e-01 6.838844644774162429e-01 7.032213065328466461e-01 7.249416056179062151e-01 7.356352169448344691e-01 7.538372751161547258e-01 7.805925367469066511e-01 8.027255523881925425e-01 8.326376096248774283e-01 8.412986231172598917e-01 8.613900076975579134e-01 8.771432403351174800e-01 8.895589689976678427e-01 9.085721811868580078e-01 9.288367752485533480e-01 9.530673070508954847e-01 9.634091985689239301e-01 9.788435697851133321e-01 9.993537519049136009e-01 1.008073394638859144e+00 1.031278084923733074e+00 1.049165004383750599e+00 1.078440235288047111e+00 1.085007915452403049e+00 1.090184397238851632e+00 1.122542683574956346e+00 1.129845599793672495e+00 1.148580076564660546e+00 1.169475382670653207e+00 1.174135769065812962e+00 1.185060699378752691e+00 1.226843861246470269e+00 1.238696747451208502e+00 1.250679000071566405e+00 1.272974206555353760e+00 1.294979359514519812e+00 1.311865082912778258e+00 1.332850051946221415e+00 1.355671407883494162e+00 1.370065207408170282e+00 1.389153466345831589e+00 1.414197497313531171e+00 1.423685704890186754e+00 1.442530569735010593e+00 1.486316324314520765e+00 1.500003745538465161e+00 1.515695179147805272e+00 1.535065624641134052e+00 1.555947843847279799e+00 1.580508892026964318e+00 1.614923244633941879e+00 1.640532073061993668e+00 1.652900105050625790e+00 1.675768159532218471e+00 1.685283296555217136e+00 1.734917370531282144e+00 1.741558202980467485e+00 1.767910760159479677e+00 1.777448460440765210e+00 1.802844979225288080e+00 1.833876146477777747e+00 1.863965377777104582e+00 1.892663268845766744e+00 1.928551833678791905e+00 1.938161225873987981e+00 1.978816820883136263e+00 2.001565032079117401e+00 2.020930050589763383e+00 2.037687294681803873e+00 2.055607396142016263e+00 2.117966839051126371e+00 2.174490947539073904e+00 2.190502213317528923e+00 2.219137583653672863e+00 2.274158402534701029e+00 2.286312267789698094e+00 2.297836887525433358e+00 2.392823739679730721e+00 2.468268912543894800e+00 2.492034662116603183e+00 2.538877160506000763e+00 2.591071044588083350e+00 2.619885419200258081e+00 2.676915628038573747e+00 2.692410396819073348e+00 2.804070152880618227e+00 2.861162356841056464e+00 2.898727945180047616e+00 3.010179870830148818e+00 3.101446172780035759e+00 3.146990049478880724e+00 3.175782763315046164e+00 3.198329477504365581e+00 3.380866439486694297e+00 3.401911538918602762e+00 3.412029373286987965e+00 3.529982182898098841e+00 3.582081333330501938e+00 3.664008780063072290e+00
9.670329458042138671e-02 1.934597771981020342e-01 2.284181030874208596e-01 2.367847408737448478e-01 2.643030558056377322e-01 3.031679273408645070e-01 3.411983660145024855e-01 3.918506700011906707e-01 4.026107149736859458e-01 4.404172532708581778e-01 4.673766092313592080e-01 4.742504842189310676e-01 4.969685034631768916e-01 5.187780428213065731e-01 5.361781059987468234e-01 5.634527585982336273e-01 5.792467997496200116e-01 5.854126792292614345e-01 6.215863154842424798e-01 6.294131328801395586e-01 6.467850570682613931e-01 6.702974007783798482e-01 6.846428001647569817e-01 7.056242011833248062e-01 7.250846900560630193e-01 7.366944465400721009e-01 7.537919011301759120e-01 7.885398133372150120e-01 8.040297431541983952e-01 8.309065604828872464e-01 8.421129399424035489e-01 8.639817810106272811e-01 8.754768630508554805e-01 8.895814302000694118e-01 9.051157937704085166e-01 9.276240736829256539e-01 9.521227613490164110e-01 9.634091744400347102e-01 9.792083053459421649e-01 9.967340672265291301e-01 1.003864586891882738e+00 1.031066094674224720e+00 1.056706301780827140e+00 1.078013577275896306e+00 1.083559943593278119e+00 1.087936896946146259e+00 1.120622407630682549e+00 1.129359653435852762e+00 1.145786052400961319e+00 1.166291744303032507e+00 1.174294861189432826e+00 1.190052621665002031e+00 1.223668915882650365e+00 1.235090971438382867e+00 1.246914319858958287e+00 1.272946284353187130e+00 1.287967896790927602e+00 1.312022871603207852e+00 1.329820684455514712e+00 1.354026742988426291e+00 1.366228837157155152e+00 1.385672836654257223e+00 1.416835601985965143e+00 1.421771008361244926e+00 1.441320265364500974e+00 1.483207417798028560e+00 1.496448326012610908e+00 1.513657017018254614e+00 1.533428971988841205e+00 1.551997686350544026e+00 1.580606249399159502e+00 1.613909491915826999e+00 1.637440667471844469e+00 1.652988491145201744e+00 1.676249677801590510e+00 1.687770275559707711e+00 1.737017592642617014e+00 1.738941373760016340e+00 1.773002729136504918e+00 1.776114287971400252e+00 1.804023020009293488e+00 1.827657240874710043e+00 1.862234599180838446e+00 1.893174025381299641e+00 1.928854629921092467e+00 1.939223853388581054e+00 1.979057576675807839e+00 1.999791632395402363e+00 2.023392852423309574e+00 2.037994422540027717e+00 2.059029262448251796e+00 2.119012541259326365e+00 2.172614904238458156e+00 2.187833499234203227e+00 2.216905282277831013e+00 2.269189906378224375e+00 2.284393988877830406e+00 2.298450940826508138e+00 2.391144735676467015e+00 2.459771274542811526e+00 2.495991435618951204e+00 2.532534233517392597e+00 2.579486317458361988e+00 2.613399530781160607e+00 2.670567039478057847e+00 2.693366289816821801e+00 2.808240004457748906e+00 2.853102165200084084e+00 2.889126753912533818e+00 2.999170186514839465e+00 3.096309684994405842e+00 3.143029506059352940e+00 3.175208497598369206e+00 3.195733700240208641e+00 3.375674004751468615e+00 3.401141066342121100e+00 3.412447562452617156e+00 3.525700914489967364e+00 3.577221093730054147e+00 3.664929688198225843e+00
8.161229116467147437e-02 1.735611004661317958e-01 2.096781072914761512e-01 2.252840345865743943e-01 2.538517309820939594e-01 2.839330926939461763e-01 3.263092476588258517e-01 3.877758511711062450e-01 4.017994610993508853e-01 4.438204377903602338e-01 4.670393209918917710e-01 4.718813669645613440e-01 4.969327078667715170e-01 5.159019532544791842e-01 5.309346858261869695e-01 5.666896800089573638e-01 5.729305125141159749e-01 5.877107953886691050e-01 6.214890992122078517e-01 6.347329982238926194e-01 6.488248786309740446e-01 6.728462543968051213e-01 6.869945654327362927e-01 7.085981839417621053e-01 7.260602140833920526e-01 7.371577115594208918e-01 7.561454060283512302e-01 7.938402263785141466e-01 8.080215621348940669e-01 8.288047688418875847e-01 8.437099639340706059e-01 8.666198589790117257e-01 8.745121200693430907e-01 8.895827986942348442e-01 9.046069093997566313e-01 9.257848305538581846e-01 9.509317080874623018e-01 9.634243650241480772e-01 9.771013181592577146e-01 9.936922812259392224e-01 1.000669577448381586e+00 1.033241687558061894e+00 1.063133380258819427e+00 1.076168926786994717e+00 1.080274504836972627e+00 1.091133616902273618e+00 1.118539505693804559e+00 1.129051144710054411e+00 1.142560569164534190e+00 1.163867531077532380e+00 1.174771413441893841e+00 1.194980113117676268e+00 1.218442116127035124e+00 1.232838668151613248e+00 1.244459023300198641e+00 1.268929515338329983e+00 1.286580373339420325e+00 1.312333952979971130e+00 1.324833708298335022e+00 1.354172294358447326e+00 1.362911543066740006e+00 1.381608766283988432e+00 1.417396281763072308e+00 1.421255348428196674e+00 1.441749487048069600e+00 1.478750279159406045e+00 1.491944631927783815e+00 1.512909142745074265e+00 1.532206007379118384e+00 1.548104620750427873e+00 1.581765615693274230e+00 1.612779752687211854e+00 1.633577066237997144e+00 1.652550446398012518e+00 1.676546934386108134e+00 1.690224371460203434e+00 1.734547467145786337e+00 1.741158031108241300e+00 1.772911050045607118e+00 1.778991922943355286e+00 1.804244920484157744e+00 1.821745945633385766e+00 1.857575887777419776e+00 1.894651288483623741e+00 1.928809290367828000e+00 1.939878150574402049e+00 1.976432361038349184e+00 1.997005452974739859e+00 2.025739410750570180e+00 2.039102279215754265e+00 2.062323695019754766e+00 2.118909817090282033e+00 2.170390460921686415e+00 2.186260143043964099e+00 2.214827430278659026e+00 2.265125217008715719e+00 2.281810105454156634e+00 2.299723692274950437e+00 2.389171440405687630e+00 2.450574997384562526e+00 2.500204601747051836e+00 2.525245782133193728e+00 2.570283790682394542e+00 2.605901846864091098e+00 2.662242236942170770e+00 2.697158464144819856e+00 2.810985728300706477e+00 2.846978913238894737e+00 2.881209255528362156e+00 2.987512959350480557e+00 3.091446522802307140e+00 3.137356218802969554e+00 3.171843336685688630e+00 3.196182807256553016e+00 3.370083528225859659e+00 3.400082199339339084e+00 3.413164184980294724e+00 3.521776852432944693e+00 3.572586491170869571e+00 3.665799111727028770e+00
6.720803061795389832e-02 1.574877153764529525e-01 1.880883866805153903e-01 2.135398903994607245e-01 2.468675075984247957e-01 2.642603581894155673e-01 3.088331123497832786e-01 3.854514913999501080e-01 4.001757531756462982e-01 4.445081516234641872e-01 4.630053064305129085e-01 4.719003082966159446e-01 4.930018931422305295e-01 5.132296679183435684e-01 5.303452536754338364e-01 5.650869970993604996e-01 5.708887310751517008e-01 5.918660657853589413e-01 6.210217742688846077e-01 6.378118129496498367e-01 6.502584529270574176e-01 6.772023560348732207e-01 6.921819631493439928e-01 7.125058472500381823e-01 7.271445022690449234e-01 7.376669127454201780e-01 7.604307134871010065e-01 7.959297267932757824e-01 8.156500263393094974e-01 8.270910712970939160e-01 8.458516752710368847e-01 8.665565052243243693e-01 8.765731848599054299e-01 8.886012125401575590e-01 9.074592174631087582e-01 9.240290626876336288e-01 9.490806833117465535e-01 9.642783982349485417e-01 9.743409584430119397e-01 9.905952557284889437e-01 9.979420304041297651e-01 1.035448174359568041e+00 1.065308601350724471e+00 1.074273625363470153e+00 1.080914962256766865e+00 1.094528273456169432e+00 1.115451559702546946e+00 1.130570612311891487e+00 1.139857009189352066e+00 1.163477887026364010e+00 1.175040999237808137e+00 1.199150409931827532e+00 1.212422149117270642e+00 1.230452919939480028e+00 1.242490242841266079e+00 1.263315837708132827e+00 1.289786820669412970e+00 1.311480596437132107e+00 1.319652083364581063e+00 1.355044419421746360e+00 1.360427323945657685e+00 1.377496137032047097e+00 1.415799511115188647e+00 1.421370630107755550e+00 1.443287777218844603e+00 1.474038337636637275e+00 1.487295542461188003e+00 1.511584302011627523e+00 1.530946725575619727e+00 1.545485128833251842e+00 1.583434224160831683e+00 1.611175896675830277e+00 1.630052676097468733e+00 1.651473354482271283e+00 1.676449217977727502e+00 1.691827071669410154e+00 1.732876160163463020e+00 1.742969317534648566e+00 1.771496458262079798e+00 1.782072541308059810e+00 1.803589309284935105e+00 1.816726520476737550e+00 1.851543461974443749e+00 1.896200112219335931e+00 1.928284691986195787e+00 1.940377332192838811e+00 1.971531634671555899e+00 1.993302029520855223e+00 2.027724864009444072e+00 2.041322734582097453e+00 2.065387203987215869e+00 2.117210005335303791e+00 2.167925944265200133e+00 2.185934900034182338e+00 2.212860700555765003e+00 2.262355712104571648e+00 2.279053654091337311e+00 2.301392712520695660e+00 2.387029622343260549e+00 2.441539867766910454e+00 2.502791862020125713e+00 2.518325226689626994e+00 2.564006853188185886e+00 2.598027516356257394e+00 2.653959202926082117e+00 2.701543667455776010e+00 2.811031850360758977e+00 2.843307537679947039e+00 2.875755147966972736e+00 2.975431937300283547e+00 3.087009974893549558e+00 3.130255560905741419e+00 3.167057974153848932e+00 3.198583198092012303e+00 3.364277240145262304e+00 3.398736666330415712e+00 3.414114269001047752e+00 3.518155105617941203e+00 3.568339897251397552e+00 3.666606501439400478e+00
5.101997182912862416e-02 1.448575724137767251e-01 1.661623368919931121e-01 2.004992693922915126e-01 2.393704618231782544e-01 2.492536346743364772e-01 2.926192181600161812e-01 3.850177955400218566e-01 3.967975862957751065e-01 4.385361594208875835e-01 4.562908750178456541e-01 4.750448993177526780e-01 4.895594488091256080e-01 5.120634678698181563e-01 5.300866832283048780e-01 5.610961420287042811e-01 5.720896945144141599e-01 5.945485882444568881e-01 6.209830736202557322e-01 6.386060716155166350e-01 6.527694737988017915e-01 6.827091703154739566e-01 6.997607113055772654e-01 7.161669731383483173e-01 7.276901318375549321e-01 7.400080625543685731e-01 7.657436806526741746e-01 7.979719667340334777e-01 8.224407136028076826e-01 8.277175724035266136e-01 8.477579826302744648e-01 8.663382180682525080e-01 8.786384667461392128e-01 8.876813734894618557e-01 9.123103527219624809e-01 9.234049344800884240e-01 9.461772700315838058e-01 9.668572240299242448e-01 9.726238502053599078e-01 9.871317881470041966e-01 9.958060710816001304e-01 1.035329295516035142e+00 1.063045028036009754e+00 1.073447221215569236e+00 1.083089939382865907e+00 1.097592258362971585e+00 1.111558150818185986e+00 1.134597670369333233e+00 1.139175842858132004e+00 1.163863880093551240e+00 1.175458352929052541e+00 1.200496969342942588e+00 1.209401757043306658e+00 1.225238295890065388e+00 1.242273606353599735e+00 1.259496769667724392e+00 1.294271235999026715e+00 1.307625425692068744e+00 1.317029723998204283e+00 1.355012265492706591e+00 1.358810542610187966e+00 1.374343129500729566e+00 1.413402858416716423e+00 1.421059966506570627e+00 1.444053895648188313e+00 1.470474072029972934e+00 1.483037335034230075e+00 1.508963499803231523e+00 1.528441743396394159e+00 1.545400014030233304e+00 1.585196021875544536e+00 1.608828431302953277e+00 1.627701455256128416e+00 1.649936490975664860e+00 1.675869682649191894e+00 1.692280502442785384e+00 1.731937218675374313e+00 1.743956794301711577e+00 1.770170783205411214e+00 1.783843999763779165e+00 1.802500975888732926e+00 1.812813083251765267e+00 1.845895544018837153e+00 1.897282793403104462e+00 1.927275296169205454e+00 1.940724378511445858e+00 1.965585986383758588e+00 1.988938939983325938e+00 2.029360515160986367e+00 2.043876255592659064e+00 2.068354594089799381e+00 2.114405025502089419e+00 2.165122121681277267e+00 2.186733595464088520e+00 2.210847944760511385e+00 2.260958861344054327e+00 2.276403769739049565e+00 2.303673720594678453e+00 2.384639928463246683e+00 2.433058083470254651e+00 2.500473989396740038e+00 2.515441111371013339e+00 2.560487252931249458e+00 2.590515246647018710e+00 2.646271881719251429e+00 2.705732370664462927e+00 2.808175936203221479e+00 2.841402647899567313e+00 2.873644372832096394e+00 2.963201246140230616e+00 3.083112096852426820e+00 3.122274379040250736e+00 3.162092918854295220e+00 3.201796415591161349e+00 3.358526697132053762e+00 3.397195647462796231e+00 3.415180941094502209e+00 3.514804285859454147e+00 3.564613153550979074e+00 3.667335538756544278e+00
3.299009042035829647e-02 1.278411241692893885e-01 1.457996430371713004e-01 1.883477222511248383e-01 2.232210024679525118e-01 2.488375526100458923e-01 2.817254757819680488e-01 3.838058671048827919e-01 3.929827584410217622e-01 4.280039782852388397e-01 4.490915750940243645e-01 4.768714558227878375e-01 4.889949589214516168e-01 5.106841031447375556e-01 5.311342450537573923e-01 5.584965128641624643e-01 5.720334805684542667e-01 5.940222602630231830e-01 6.225252048862423004e-01 6.381724099294306951e-01 6.575803284731502885e-01 6.884597884117579225e-01 7.076427404282472633e-01 7.176539115298110616e-01 7.293362391127777844e-01 7.435856206700551807e-01 7.716942578757727267e-01 8.012016161715583840e-01 8.228222059020567913e-01 8.348488673028742202e-01 8.484989210452936748e-01 8.672197397365588589e-01 8.800065186295369379e-01 8.878257701400109614e-01 9.161655856948446308e-01 9.255424799866340813e-01 9.439026090352492515e-01 9.694999857508416197e-01 9.718084614387602072e-01 9.839712363847342713e-01 9.948092613137685669e-01 1.032697344111381810e+00 1.059067919994523654e+00 1.072273307240760643e+00 1.082272968973928551e+00 1.101912127413798848e+00 1.108358590224029827e+00 1.135017613139802650e+00 1.145659108272007121e+00 1.162824811872514630e+00 1.177014917262435123e+00 1.197219224567595219e+00 1.211367569897934926e+00 1.219555316397517908e+00 1.243375168145010923e+00 1.257082377831071129e+00 1.297947008640440547e+00 1.303007804716215690e+00 1.316468256405321391e+00 1.353437334240646273e+00 1.357075776421795554e+00 1.373119779259823314e+00 1.410862857524483038e+00 1.420397817922853578e+00 1.442720024501548792e+00 1.468401505411733199e+00 1.480000578857929572e+00 1.505364341473267586e+00 1.524419659482498801e+00 1.547593268515232046e+00 1.586774913087046546e+00 1.605938063768553636e+00 1.626858102866274303e+00 1.647985308733654675e+00 1.675214859106838983e+00 1.691658995428257706e+00 1.730235341375689240e+00 1.745173755245778446e+00 1.768194295600958199e+00 1.784910931602345929e+00 1.801308725589785720e+00 1.810175490163026035e+00 1.841928405107663425e+00 1.897834118850949769e+00 1.925930413580979605e+00 1.940342263306342740e+00 1.960055699627473391e+00 1.984467610126515735e+00 2.030538086353763205e+00 2.045901864976517714e+00 2.071411913416049799e+00 2.111452964302770852e+00 2.161863545178728696e+00 2.188329671103440788e+00 2.208627315032220650e+00 2.260760540845218713e+00 2.274069781494020503e+00 2.306883878996111914e+00 2.381763115571850609e+00 2.425392325509733826e+00 2.494706365547790128e+00 2.515655729709956656e+00 2.559358097893209560e+00 2.584019709158916989e+00 2.639403402719834535e+00 2.709357151239730754e+00 2.803691886564077862e+00 2.839760502452238988e+00 2.875150033943213668e+00 2.951153240081768825e+00 3.079830628188329644e+00 3.114146188941377957e+00 3.157544427170912549e+00 3.205178536917486554e+00 3.353159758858520689e+00 3.395604684098334491e+00 3.416236239920920070e+00 3.511757058680923027e+00 3.561502088305581903e+00 3.667966883235843412e+00
1.291269942187104301e-02 1.020990001400961245e-01 1.208332157434658799e-01 1.806343654503000107e-01 2.145264147751676787e-01 2.503418666505047296e-01 2.780288948996873510e-01 3.749084682387722189e-01 3.940661325221774813e-01 4.188150795852375596e-01 4.412608639527934029e-01 4.736042545081212141e-01 4.918821437713834510e-01 5.098832974171222387e-01 5.334807209191625432e-01 5.568379559631509990e-01 5.706526871213085661e-01 5.911811508434433593e-01 6.250724233201576663e-01 6.375841702609340578e-01 6.640901901802539475e-01 6.932728349997422379e-01 7.126269983268588293e-01 7.192794343943413882e-01 7.325136894290524836e-01 7.467547020966054383e-01 7.771621384497443552e-01 8.055142390448597478e-01 8.228032103420557242e-01 8.412802386990534398e-01 8.480659424039351801e-01 8.685882257266661632e-01 8.836308939415501440e-01 8.878192969571002680e-01 9.180002013081763890e-01 9.295479391699806859e-01 9.445311345479044940e-01 9.668942477987196860e-01 9.737660456460116576e-01 9.819094128518776055e-01 9.957549001185639348e-01 1.028509331110790459e+00 1.054466100391573624e+00 1.069904149250489045e+00 1.079569469889858357e+00 1.103307503062513462e+00 1.109973742368130400e+00 1.134085600931094229e+00 1.152920662583031719e+00 1.161526573646106231e+00 1.179445602691211681e+00 1.192776458671175321e+00 1.214333820629444727e+00 1.216762896567257002e+00 1.243757203708074854e+00 1.255776376081865431e+00 1.295017016782122887e+00 1.304927764759562958e+00 1.316881654291643500e+00 1.350502390230159389e+00 1.354643546860584191e+00 1.373555148307576967e+00 1.408519754469434559e+00 1.419986520887819959e+00 1.439573749150192317e+00 1.467264084052151585e+00 1.478421299083165330e+00 1.501460068714265628e+00 1.519820474346200490e+00 1.550697410416149058e+00 1.588088534354672232e+00 1.603081497880471717e+00 1.627176599253856937e+00 1.645703404845549445e+00 1.674880172692897018e+00 1.690440698643830508e+00 1.727021579439611987e+00 1.747331242114514627e+00 1.765311123790114012e+00 1.785287979481569032e+00 1.800551643639096033e+00 1.809071173706535918e+00 1.839847281381415067e+00 1.898065754876382405e+00 1.924469157849937329e+00 1.938308369629581751e+00 1.956443152626877291e+00 1.980425986929790216e+00 2.031022896217169027e+00 2.047325110015634220e+00 2.074387929754083260e+00 2.109078124051477321e+00 2.158407903582660214e+00 2.190253038782293160e+00 2.206207751101903369e+00 2.261374240674682401e+00 2.272213624420228228e+00 2.311114820607058640e+00 2.378220560936995742e+00 2.418799692322035177e+00 2.489525006313479505e+00 2.515425391729236626e+00 2.560134927970101781e+00 2.578946826136970127e+00 2.633551813858606483e+00 2.712235964301784374e+00 2.799003838263337762e+00 2.837896404882635615e+00 2.879430817372518714e+00 2.939673902695987717e+00 3.077216504783222284e+00 3.106683566061930524e+00 3.153719726815755742e+00 3.208299752961004891e+00 3.348520168483089865e+00 3.394130600461314540e+00 3.417169131151238215e+00 3.509120699314141056e+00 3.559064877134427096e+00 3.668481209212336669e+00
-1.637345413832871563e-02 7.180309799766056156e-02 8.590804547202575414e-02 1.775792798787660109e-01 2.159508404591001518e-01 2.495617522732505034e-01 2.804756463408903944e-01 3.616933572951044340e-01 3.963112459041914226e-01 4.137921865754728423e-01 4.354410681615653034e-01 4.666210413265798329e-01 4.946903773179383568e-01 5.106613208969450479e-01 5.362867780626292546e-01 5.559666499150480723e-01 5.681969755962213986e-01 5.882865618277991482e-01 6.266980709426204221e-01 6.376738439212031873e-01 6.712053781586920786e-01 6.949895857065061522e-01 7.140872071146098232e-01 7.238331023063691028e-01 7.354798376131395088e-01 7.494598740095590461e-01 7.799927785484679355e-01 8.108143304738490986e-01 8.234856252643490970e-01 8.433712148920123886e-01 8.481408730047123035e-01 8.708277043232152126e-01 8.861667885084466567e-01 8.908487371670390509e-01 9.188591866480465553e-01 9.326382335899472409e-01 9.482972822904381927e-01 9.629084497656472674e-01 9.746182582165141550e-01 9.799674553252410991e-01 9.984712087667770852e-01 1.023914422080949072e+00 1.049538529417853860e+00 1.067778274621667078e+00 1.077055569254929068e+00 1.101028628917581909e+00 1.115360874015809634e+00 1.133221908726140814e+00 1.152614263069981160e+00 1.165813139268498722e+00 1.180151872378841338e+00 1.190765911133311983e+00 1.215618527883392641e+00 1.218240870875966220e+00 1.242015111714568354e+00 1.255670839524826166e+00 1.290663778153221086e+00 1.308762902162542430e+00 1.318223705228226184e+00 1.346763143423625575e+00 1.351900053061704243e+00 1.374543270470263367e+00 1.406623273254654416e+00 1.420426269510408845e+00 1.435714345582215223e+00 1.466900196326315298e+00 1.477351563268848977e+00 1.498151656061998516e+00 1.515550070762761381e+00 1.553645955000678702e+00 1.589244539002098167e+00 1.600637094487964207e+00 1.628023676408712594e+00 1.643451453674054763e+00 1.674843397875065643e+00 1.689266108512180953e+00 1.723316708087299309e+00 1.749736615090318193e+00 1.762205029930306921e+00 1.784717795991239253e+00 1.800955448615953136e+00 1.809011213326676915e+00 1.839046652151147043e+00 1.898226226765387326e+00 1.923121492819518830e+00 1.934892608880025788e+00 1.955031604490305774e+00 1.977227788759769345e+00 2.030864784478829232e+00 2.048441040233566213e+00 2.076803873630106434e+00 2.107545672982881424e+00 2.155289602913239122e+00 2.192117158031432922e+00 2.203817392840095479e+00 2.262290390881494417e+00 2.270935911955445086e+00 2.315915345908661216e+00 2.374238686876647186e+00 2.413592227864995277e+00 2.486104845901609295e+00 2.514257872089352919e+00 2.561979015070173560e+00 2.575386426257740613e+00 2.628981193790631554e+00 2.714295151174021203e+00 2.795078764991720366e+00 2.836173487137425564e+00 2.885192961104452447e+00 2.929251261064363288e+00 3.075305617915817802e+00 3.100674613713678252e+00 3.150826310563893173e+00 3.210814756660127056e+00 3.344930201888644650e+00 3.392936186121060516e+00 3.417894682740488577e+00 3.507055376527285606e+00 3.557326228688372893e+00 3.668861628756850291e+00
-1.949966023462268785e-02 3.917459924879582861e-02 4.541451626172779421e-02 1.769347228251758608e-01 2.223825462821891752e-01 2.467176804872838192e-01 2.847206878400359020e-01 3.501056377829950272e-01 3.965746828028676729e-01 4.123772681981048849e-01 4.339804175110459350e-01 4.588577643431626107e-01 4.957898011206644528e-01 5.124843385902693171e-01 5.386846198947109476e-01 5.556804877535966858e-01 5.655391029528605840e-01 5.864401838658040989e-01 6.269708073668560644e-01 6.384103774506595386e-01 6.777829869928138073e-01 6.929595085151412093e-01 7.160724153250410673e-01 7.271637132033399453e-01 7.372183141587489441e-01 7.520937252777125659e-01 7.800129241053630480e-01 8.158023629097438389e-01 8.244663328592860552e-01 8.413971825827443185e-01 8.495902865602360521e-01 8.738777018711968436e-01 8.834288429018695155e-01 8.992568264857673244e-01 9.179381320683701606e-01 9.346039007208267746e-01 9.517647982005574825e-01 9.614734101294724056e-01 9.735910440472523852e-01 9.779166416051133792e-01 1.001195063300852839e+00 1.020230248650680016e+00 1.045394010728143863e+00 1.067005429869818833e+00 1.075331172190890916e+00 1.098986328147965708e+00 1.119791754385013993e+00 1.132340520969193687e+00 1.150191290352968743e+00 1.170012556585377395e+00 1.178375910381677327e+00 1.192191368846674981e+00 1.216871685025756822e+00 1.220592988827300163e+00 1.239267470885262235e+00 1.255646233756971153e+00 1.287871369885227990e+00 1.311468847895525647e+00 1.320337149118014475e+00 1.343357972703131731e+00 1.349434347432323156e+00 1.375337891637982812e+00 1.405390671529255675e+00 1.421649601926576745e+00 1.432315872571802151e+00 1.467067650229585851e+00 1.476249028584022405e+00 1.496191658807884295e+00 1.512410541967821098e+00 1.555727840430518594e+00 1.590280032762151130e+00 1.598792079989681980e+00 1.628806380451195412e+00 1.641780668802518939e+00 1.674873204816078598e+00 1.688548601865383691e+00 1.720495227375456793e+00 1.751522375856985336e+00 1.759813529553362565e+00 1.783933543548655853e+00 1.801843533970472588e+00 1.809302136779888492e+00 1.838848416719194079e+00 1.898406653062871596e+00 1.922130720688618011e+00 1.931855192987723679e+00 1.954732072080476835e+00 1.975177866214441469e+00 2.030483085746852989e+00 2.049257432582475946e+00 2.078303097170995706e+00 2.106773978647487944e+00 2.153101792097044775e+00 2.193629865411686364e+00 2.201865371854543785e+00 2.263022321739772913e+00 2.270250305813712455e+00 2.320064471831399633e+00 2.370751043823721371e+00 2.410180755208848336e+00 2.484376560808374546e+00 2.512935393471038115e+00 2.563808739410489146e+00 2.573230246906084595e+00 2.626023921335280953e+00 2.715522373679352786e+00 2.792509120699601333e+00 2.834987914613408488e+00 2.890974190703315294e+00 2.920825926947534512e+00 3.074133030164687419e+00 3.096779115836227003e+00 3.149020977038281099e+00 3.212447340000378571e+00 3.342656577060177270e+00 3.392158239835848299e+00 3.418353640268587679e+00 3.505730072579139822e+00 3.556287993834295502e+00 3.669095245262469884e+00
-2.745567948521814884e-04 -1.966812911505391259e-04 -4.021415828252997307e-08 1.769456688286696611e-01 2.264891719155288918e-01 2.445138027288986382e-01 2.866875035092542046e-01 3.454101698234701701e-01 3.962270212061658747e-01 4.121331394093498690e-01 4.348488242532635439e-01 4.549070117323005813e-01 4.959744712888031759e-01 5.134148060734828878e-01 5.396937050322412333e-01 5.556412566237858286e-01 5.643097434399919621e-01 5.858278252960741339e-01 6.268871779970381919e-01 6.388163862116288394e-01 6.813173845330678935e-01 6.907174098666143403e-01 7.171502018158982805e-01 7.282310196671560876e-01 7.377083770076557911e-01 7.534100895836091105e-01 7.795075769053024795e-01 8.178430881147139564e-01 8.251541348554853883e-01 8.399400025430220351e-01 8.502966748541559427e-01 8.759850600179701630e-01 8.812853190202046827e-01 9.041377625856978906e-01 9.161854191303854256e-01 9.352564981164703806e-01 9.525199058122827411e-01 9.626461119275080414e-01 9.721626981690669744e-01 9.770291948631295575e-01 1.002336790837700109e+00 1.018780839243130787e+00 1.043745116042317900e+00 1.066947410341193780e+00 1.074702147958302101e+00 1.098183782229627869e+00 1.121625431732338640e+00 1.131804497309396806e+00 1.149234714204421026e+00 1.171369259846102073e+00 1.177399969712670469e+00 1.193172807711659011e+00 1.217648930752153857e+00 1.221671789328926838e+00 1.237857987073360810e+00 1.255478108049381758e+00 1.286977590753148437e+00 1.312352652161485000e+00 1.321621161191193439e+00 1.341814993645810805e+00 1.348401950347354106e+00 1.375627643940795064e+00 1.404964963447650650e+00 1.422474872799917467e+00 1.430786892990383974e+00 1.467224809666655805e+00 1.475707531787781912e+00 1.495606782863804218e+00 1.511224279560976713e+00 1.556478729076370637e+00 1.590776550711042070e+00 1.598023241337245048e+00 1.629115836354923408e+00 1.641162967406994966e+00 1.674878528752917761e+00 1.688329699319205179e+00 1.719455922743655663e+00 1.752180364776600108e+00 1.758906452414290333e+00 1.783614164757976406e+00 1.802247298091359529e+00 1.809462871315718369e+00 1.838828412507405696e+00 1.898499188750083944e+00 1.921754539725863520e+00 1.930674267313769121e+00 1.954710752840842503e+00 1.974471844151182154e+00 2.030302710693820956e+00 2.049565923254144550e+00 2.078798956001935760e+00 2.106552136117854968e+00 2.152312447408417651e+00 2.194290335224519772e+00 2.201032622974317121e+00 2.263287423906877649e+00 2.270051408975011231e+00 2.321778848800238659e+00 2.369290750883142671e+00 2.408982365448177010e+00 2.483883476496522302e+00 2.512365267116392520e+00 2.564592207790392653e+00 2.572473144837430503e+00 2.624993290579305416e+00 2.715928996180324351e+00 2.791618265474452798e+00 2.834568361336007758e+00 2.893877342477574111e+00 2.917062405927874469e+00 3.073736053787068823e+00 3.095430846969464245e+00 3.148407035875312232e+00 3.213013283202290626e+00 3.341877674334944537e+00 3.391888198669108068e+00 3.418510588530232042e+00 3.505272486806967347e+00 3.555943206363179065e+00 3.669174025626007030e+00
