1.988076038949736501e+00 2.144824630691048561e+00 2.176215135243348087e+00 2.364026534715496730e+00 2.548138145112309072e+00 2.557955342110508123e+00 2.693125686843336641e+00 2.762623243631634029e+00 2.825290741825273066e+00 2.831391887619840730e+00 2.954209362614986567e+00 2.985263320461890579e+00 3.033468999283844170e+00 3.076875850066927764e+00 3.214512652331712683e+00 3.226421655677533806e+00 3.427718737136634886e+00 3.558972043394001084e+00 3.727442063657117721e+00 3.774510885116085568e+00 3.954278967147451418e+00 3.989749603944449774e+00 4.112341258291563051e+00 4.207001923310730973e+00 4.476347511225990949e+00 4.553416797590232434e+00 4.661047180944528634e+00 4.686124758443554583e+00 4.799860854015081557e+00 4.974999781865980353e+00 5.169271359070611638e+00 5.181602943131345285e+00 5.241462162352744869e+00 5.390660474882092323e+00 5.452438176170100625e+00 5.464418883850622244e+00 5.542633507245582791e+00 5.575885895343017928e+00 5.663123147593267959e+00 5.773995976741796099e+00 5.875746116267498209e+00 5.917113989922354378e+00 6.012183669423093235e+00 6.042433074034885720e+00 6.090012381851791723e+00 6.201129392313231570e+00 6.249781954653967020e+00 6.290262433864826974e+00 6.580178990750544799e+00 6.614356851646603808e+00 6.699116406876020058e+00 6.788397333334575734e+00 6.925203235820935888e+00 6.988998887788302028e+00 7.366926787838897539e+00 7.432741952657126561e+00 7.446085404873077351e+00 7.604814794133103462e+00 7.880482346589432474e+00 8.005368908368113878e+00 8.090024939163081186e+00 8.440955083408304915e+00 8.454381306061240053e+00 8.457263739207656172e+00 8.781444235408105925e+00 8.978570594644214253e+00 9.128806097857161461e+00 9.213909489918444606e+00 9.515769867796162629e+00 9.609041062430634383e+00 9.628917127120404373e+00 1.000546447906086023e+01 1.019933139831014479e+01 1.030722049482426783e+01 1.048363122333412178e+01 1.062786141761852576e+01 1.080174354890261057e+01 1.084220427630180694e+01 1.093477446817592380e+01 1.115459266135865946e+01 1.127000911502919678e+01 1.134400083862554887e+01 1.146470966326413254e+01 1.155828631374731508e+01 1.178321472173904816e+01 1.195514966625388809e+01 1.211798244547600945e+01 1.230716555080581287e+01 1.244665146057738170e+01 1.270016751726706694e+01 1.280539382677996052e+01 1.282613410985941194e+01 1.307995115188373347e+01 1.352244196805984799e+01 1.355167243302018854e+01 1.357246328036224980e+01 1.394828843504401661e+01 1.410746927121069305e+01 1.412811549875955741e+01 1.421997470773561645e+01 1.422707518680816641e+01 1.444033632965859582e+01 1.479626758694669064e+01 1.490112455452728568e+01 1.490341710763729033e+01 1.510575345963543370e+01 1.526818265727910884e+01 1.537485586746362642e+01 1.540609851567548994e+01 1.557177551695905571e+01 1.562024276477111329e+01 1.586907665122455668e+01 1.606680345574607571e+01 1.617867013612455196e+01 1.627347261887201668e+01 1.649857797087910427e+01 1.655095413654741066e+01 1.660706757060103911e+01 1.678056718061854369e+01 1.693091127314335864e+01 1.699450271446447047e+01 1.724212291623880589e+01 1.739583665810307522e+01 1.755457243141328050e+01 1.794666754459321822e+01 1.800209871090138947e+01 1.852841208250894312e+01 1.860328418019552998e+01 1.876921075838317421e+01 1.911251573569658646e+01 1.945425549495213247e+01 1.950339853314023131e+01 1.965825128432221547e+01 1.972642912460787912e+01 2.016136651517544465e+01 2.107054528092613310e+01 2.133280579179935899e+01 2.145961756329963777e+01 2.156601017903281203e+01 2.190554919850228899e+01 2.287324085524848627e+01 2.290778875078646948e+01 2.334365197027711858e+01 2.345942742010188198e+01
1.984893893265976317e+00 2.083103387326765699e+00 2.244444074651971377e+00 2.362825371122176499e+00 2.491182901859021914e+00 2.590400718775899946e+00 2.693709040660110077e+00 2.757484709207211449e+00 2.829928398219381247e+00 2.840089792055140006e+00 2.964132398427047121e+00 2.966831709486196900e+00 3.055989653424455721e+00 3.086738659070414670e+00 3.218947764706016734e+00 3.235106788389488841e+00 3.408655764390823961e+00 3.577316068697993678e+00 3.708550064162493332e+00 3.772460292225828127e+00 3.871813530962963323e+00 4.061841091970192608e+00 4.100902834900348459e+00 4.229531659204821992e+00 4.443951203714890497e+00 4.509746861734255319e+00 4.581844958225213205e+00 4.689602700419198911e+00 4.814151789420221483e+00 4.957756594380059667e+00 5.112852829109279185e+00 5.191241674187351940e+00 5.271476438375746199e+00 5.369647890540676372e+00 5.421667789321117148e+00 5.445245586523886239e+00 5.528490250733039346e+00 5.572324284797645966e+00 5.623743059642160702e+00 5.771834263802343656e+00 5.873250213664500841e+00 5.954871472645694830e+00 5.990053914084695563e+00 6.067454727703626816e+00 6.092071395466011730e+00 6.241464063257675221e+00 6.253239963687672542e+00 6.339596849714430604e+00 6.572095175467613792e+00 6.644128166611212194e+00 6.700103098963917425e+00 6.805155410747419253e+00 6.929920946307611906e+00 7.005259403328204293e+00 7.360825314473129488e+00 7.435658796433208373e+00 7.452895953927943573e+00 7.606183293196753681e+00 7.872522330376806821e+00 8.002528981026046040e+00 8.086021940637776240e+00 8.432135187250514363e+00 8.448407904886179765e+00 8.489358818507222182e+00 8.784383272472469528e+00 8.971237625427891160e+00 9.138504543761829524e+00 9.226321925217098041e+00 9.512840627103321012e+00 9.556935762760669917e+00 9.682575466961301558e+00 1.000828361332657401e+01 1.016895019786830900e+01 1.028769833450975923e+01 1.044977096309136755e+01 1.065663784715708928e+01 1.072575262861140821e+01 1.087884061532796309e+01 1.092782271068851330e+01 1.114510595663711889e+01 1.126852150294077681e+01 1.137149038021023628e+01 1.147634863361407298e+01 1.156336824281973286e+01 1.178296897758838924e+01 1.193872093301605730e+01 1.210805040805520072e+01 1.228792387426407728e+01 1.241149843816709009e+01 1.268015174540327195e+01 1.278998052156363130e+01 1.285646887501742519e+01 1.307821840737769747e+01 1.344792660033560949e+01 1.355787657407857694e+01 1.363121948538779549e+01 1.377953232213762114e+01 1.410721258061983718e+01 1.412256309272972565e+01 1.418930621439875317e+01 1.441528697674566217e+01 1.449901681659161845e+01 1.479632520236908100e+01 1.489573116599988545e+01 1.491221103913515833e+01 1.510701011761391754e+01 1.527215157092782682e+01 1.538161203722713566e+01 1.541427797310911352e+01 1.557441196201914124e+01 1.560718197548927755e+01 1.589352819315499232e+01 1.607094105556476649e+01 1.618071591797202657e+01 1.627164374783079381e+01 1.647260186445924646e+01 1.656905076514327035e+01 1.661123795274374970e+01 1.678987062941732233e+01 1.693224052550810654e+01 1.699913928256180995e+01 1.724648489452678746e+01 1.739639589990973434e+01 1.755555802823174005e+01 1.790607954937733481e+01 1.804220296937035073e+01 1.852689575520939158e+01 1.861557892609009457e+01 1.876108286994172403e+01 1.911578047159334304e+01 1.940671897352543240e+01 1.952329710020699949e+01 1.965731208248658390e+01 1.972002841490560243e+01 2.014776957570580862e+01 2.103550906027533074e+01 2.132693293199611873e+01 2.145233689064547988e+01 2.156220988152264084e+01 2.188438878217474226e+01 2.282056125993806006e+01 2.287938016678339181e+01 2.330144110918261902e+01 2.347196942364751848e+01
1.913016403401768484e+00 2.084436223373513197e+00 2.246163019680597728e+00 2.361454731731535084e+00 2.442670144060532955e+00 2.601835231100519064e+00 2.705371217762224223e+00 2.739526399488636521e+00 2.834309410451773648e+00 2.867687494092183709e+00 2.950605913393228974e+00 3.000077755639182442e+00 3.074613429212508464e+00 3.115973029405394890e+00 3.225351615171044184e+00 3.266063659125256979e+00 3.370798694260557227e+00 3.608907387217065388e+00 3.670166603483761669e+00 3.725803537230666151e+00 3.816269041126040928e+00 4.051778508472952289e+00 4.132126566738342888e+00 4.265268993929701935e+00 4.340761149993879187e+00 4.400710468400252040e+00 4.448905377227482916e+00 4.655121615290124915e+00 4.806345254095843345e+00 4.913480051973708740e+00 5.068253440618328831e+00 5.166446042051391352e+00 5.251996684525761516e+00 5.288987707182983833e+00 5.348270033831657777e+00 5.456938506240982534e+00 5.500419630652584324e+00 5.536850844637609903e+00 5.615606210307015012e+00 5.733352372681440379e+00 5.866740814025480866e+00 5.918102394529658028e+00 6.053601568801037835e+00 6.064237574804268505e+00 6.153845623857390201e+00 6.266482624490292253e+00 6.346512091642307674e+00 6.437285956730410597e+00 6.576400362798375809e+00 6.695475150626220895e+00 6.727255770457480466e+00 6.844679262735378522e+00 6.943318297877974388e+00 7.046583139861300360e+00 7.347839728917129776e+00 7.444043581492353567e+00 7.470960725876461872e+00 7.610105422971016331e+00 7.851980250095428104e+00 7.993750257951740323e+00 8.074841390556274590e+00 8.425046744542459720e+00 8.453533619789494580e+00 8.535974406595345343e+00 8.792069077253984233e+00 8.954244722307405979e+00 9.135871649474639256e+00 9.280872935926483436e+00 9.483377032112871419e+00 9.523895255874077037e+00 9.741963252627071412e+00 1.000731056569808430e+01 1.007373526564139254e+01 1.024573207496545990e+01 1.039766613761182867e+01 1.060683474880453048e+01 1.069326081190480338e+01 1.089409139049752007e+01 1.090947384994085745e+01 1.113431850659258870e+01 1.126864608712191362e+01 1.143919891570578606e+01 1.146277929780334581e+01 1.160375223276388823e+01 1.177447648415333070e+01 1.190102444437779461e+01 1.207432926069699519e+01 1.222813237909021389e+01 1.233164290706421617e+01 1.263800329689087754e+01 1.278634866629572997e+01 1.285574060936381890e+01 1.307207867314883387e+01 1.326844091610759868e+01 1.354048240895500577e+01 1.356183143931009916e+01 1.380419510963496776e+01 1.408841458079019660e+01 1.413027658396702257e+01 1.422713292409538433e+01 1.453120126161680581e+01 1.469130701984252418e+01 1.479213587771030092e+01 1.490584268641273624e+01 1.492699594784030914e+01 1.511219218157600253e+01 1.528640841729799149e+01 1.538060044780962343e+01 1.544656251093028132e+01 1.557771252350819324e+01 1.559831460504125111e+01 1.594929046537295392e+01 1.608229681327680538e+01 1.618726174011682062e+01 1.626504229172587301e+01 1.643585367997287250e+01 1.657937741943595356e+01 1.663155021212133633e+01 1.681601486312010252e+01 1.693623707361824415e+01 1.701050828929499303e+01 1.726010249340125213e+01 1.740056244468156166e+01 1.755705655757297379e+01 1.785266268408809864e+01 1.809450365668379845e+01 1.852691091395690037e+01 1.863718847242082788e+01 1.874497501644630049e+01 1.912475739021335741e+01 1.932887715916752569e+01 1.950355918311478121e+01 1.966769144067444941e+01 1.970024336897753514e+01 2.011217126551292367e+01 2.094265183790232143e+01 2.130322490287525738e+01 2.143992338604155279e+01 2.153168131936535445e+01 2.182423321841647024e+01 2.260165866609992236e+01 2.287023011381564075e+01 2.321120946323937417e+01 2.347938564313390941e+01
1.797315464998732182e+00 2.059684280272241708e+00 2.197343235089474156e+00 2.298504834698894772e+00 2.431917889298105262e+00 2.614441864035588203e+00 2.651907255868508617e+00 2.761986686848554751e+00 2.831043311311564725e+00 2.918657935397944936e+00 2.960986644825163605e+00 3.039686586071676633e+00 3.085406974453082984e+00 3.146215775040698492e+00 3.238769123381930015e+00 3.305677433039612811e+00 3.333261708487479158e+00 3.593749284753026352e+00 3.629452685754056329e+00 3.684026696779211463e+00 3.783324308554652404e+00 4.004817260647072885e+00 4.060711118944770881e+00 4.125298872019504515e+00 4.296139207892311518e+00 4.334311578699368006e+00 4.376327022952842150e+00 4.567582145473028987e+00 4.753333688607844110e+00 4.806256761904121433e+00 5.002044100425090178e+00 5.095095976536571314e+00 5.215853450104806832e+00 5.238462583897765867e+00 5.302934059779863318e+00 5.437223815225959100e+00 5.459124211664060589e+00 5.531411395634826533e+00 5.591220652100636457e+00 5.703818410573492592e+00 5.788408685153707545e+00 5.936719476736278978e+00 6.053955633809184000e+00 6.137549291639219362e+00 6.165560340380474180e+00 6.357358746914616887e+00 6.438177609277460967e+00 6.536008345797453600e+00 6.610250058100987758e+00 6.734816528784221212e+00 6.811067433662739035e+00 6.897515779173948758e+00 6.963584039683974325e+00 7.098505956895604818e+00 7.337063275523967754e+00 7.456105817372401745e+00 7.498905881284966490e+00 7.616088789546197724e+00 7.825217689675101340e+00 7.979731850219978107e+00 8.058298239748769021e+00 8.417858623263489548e+00 8.465278332353292967e+00 8.583309224367937418e+00 8.800489061550711867e+00 8.925657291386118075e+00 9.116947517338504170e+00 9.347643789572259720e+00 9.433616999916541346e+00 9.519271232784612735e+00 9.791552990659805999e+00 9.934716289488976670e+00 9.984261266462205242e+00 1.019792861574179277e+01 1.036511597783397676e+01 1.048310664408683301e+01 1.070695100766433860e+01 1.087099248006620833e+01 1.089069497663047237e+01 1.113495075244674659e+01 1.127943929688719749e+01 1.141199298101976645e+01 1.151925661639356235e+01 1.165527923772172336e+01 1.174391624263663658e+01 1.186706467563713652e+01 1.200288293082767055e+01 1.214171856366568392e+01 1.225278677681556339e+01 1.256299079828315612e+01 1.274817145822654219e+01 1.280654985023210912e+01 1.286464801579065487e+01 1.318647177710086815e+01 1.353600867426039223e+01 1.358959553512753970e+01 1.389704113989760259e+01 1.408391389993131781e+01 1.414451851964776630e+01 1.427758952556144045e+01 1.462494128366467905e+01 1.477444685187864160e+01 1.483875390441872888e+01 1.493862285436644655e+01 1.498157272732347778e+01 1.512914581334467634e+01 1.531477466680925303e+01 1.535487727923301016e+01 1.550075482142788097e+01 1.558976510266355930e+01 1.561472598955382907e+01 1.601300763825545204e+01 1.609796443374909458e+01 1.619985079905852032e+01 1.625285324872796622e+01 1.641357996255878859e+01 1.657794038506197509e+01 1.665870640793151480e+01 1.685404909896693937e+01 1.694241306017013216e+01 1.702348438472268555e+01 1.728427564783977743e+01 1.741359007120355429e+01 1.755650634249230180e+01 1.780980627465634569e+01 1.813581143278253549e+01 1.852612903103164754e+01 1.862458789097194511e+01 1.875761777039027223e+01 1.913652696823499610e+01 1.924275707240987998e+01 1.942922733406837921e+01 1.964093169946760042e+01 1.970398202423817580e+01 2.006995626761628770e+01 2.081261107927584320e+01 2.125453124462622867e+01 2.142181092737843429e+01 2.144572885804517526e+01 2.172011595169365350e+01 2.231352462392117175e+01 2.284348253852229860e+01 2.311339759142220274e+01 2.346496565701571413e+01
1.663601976909290459e+00 1.927421092025308758e+00 2.165791212265302690e+00 2.220398800586792731e+00 2.383832861139616011e+00 2.533282623564810709e+00 2.642163714885078729e+00 2.750413967428002593e+00 2.840024875868921050e+00 2.968284324714119737e+00 2.972865902999182630e+00 3.065786784084052474e+00 3.100357278045321685e+00 3.177126651104664745e+00 3.262343408259092303e+00 3.296909691305868861e+00 3.338591552242661020e+00 3.511475145244971952e+00 3.603442408268895836e+00 3.658276580247826093e+00 3.699833923782810174e+00 3.836983309027318878e+00 3.978667561355734517e+00 4.011276169607773667e+00 4.208701251804068733e+00 4.280189405261181967e+00 4.384904053461627704e+00 4.435419452118519956e+00 4.610044508781372841e+00 4.706279418438562345e+00 4.946392802132486999e+00 5.015862183824570053e+00 5.103015364658506137e+00 5.231466510047308560e+00 5.300998014580406981e+00 5.387621886709690777e+00 5.399536737793781072e+00 5.541462377055347943e+00 5.561029190340205375e+00 5.707502864839783641e+00 5.721890373911486805e+00 5.907968030995861319e+00 6.060929086695050039e+00 6.186097858175248376e+00 6.215760271818540517e+00 6.435486370583116233e+00 6.511622993037777363e+00 6.612502662482715010e+00 6.675247680537867545e+00 6.784704741423180252e+00 6.904913509380933512e+00 6.966577532946384821e+00 6.990608712993330975e+00 7.148593921324008171e+00 7.336862484703624787e+00 7.466895916908295128e+00 7.538370696194938603e+00 7.623894647050777351e+00 7.796646646699944228e+00 7.963728426941941052e+00 8.037400973048637098e+00 8.402408081841482357e+00 8.478652200697617047e+00 8.615846406705893301e+00 8.800934640335329462e+00 8.875579851467030323e+00 9.099830356531860787e+00 9.338020432759963185e+00 9.425496388419560390e+00 9.493781000455307151e+00 9.762092239636839253e+00 9.869028658112300789e+00 9.920834359054511609e+00 1.017914751778423543e+01 1.030900782829523621e+01 1.041059155622163246e+01 1.070906925901735463e+01 1.082966383745877437e+01 1.085446878544023086e+01 1.114062484524183283e+01 1.128793907097263904e+01 1.135563950895917529e+01 1.156939386043063145e+01 1.166213576760691062e+01 1.171690025730590001e+01 1.183655046516665621e+01 1.190540213607057751e+01 1.206081430455198067e+01 1.217587519178166211e+01 1.227322658588560955e+01 1.258630800363268065e+01 1.273036428597270842e+01 1.284144087626493658e+01 1.322215874129168434e+01 1.354392431798256879e+01 1.366969349435280279e+01 1.395142526002997130e+01 1.411338864164694229e+01 1.415613321938731595e+01 1.432417102914367213e+01 1.470295025204048223e+01 1.474022830664027950e+01 1.491813871634735733e+01 1.497228937325492559e+01 1.506605242089137597e+01 1.518254598952922052e+01 1.531499842961198787e+01 1.536761493263064793e+01 1.555620619502326996e+01 1.561445701774976236e+01 1.565282592211432799e+01 1.606256642840119397e+01 1.611767565642261602e+01 1.621269199552154205e+01 1.625108360247500272e+01 1.641523563344289016e+01 1.657482840351453390e+01 1.668179776346858390e+01 1.688783589526147111e+01 1.695757834976475564e+01 1.703790506581647080e+01 1.731718029700177297e+01 1.743837545547682311e+01 1.755518510036216995e+01 1.778225480986955631e+01 1.815604678240475423e+01 1.848574254645668091e+01 1.859133161643016408e+01 1.880641045808728506e+01 1.914119078111065875e+01 1.915332919923788424e+01 1.932752935353012091e+01 1.956546722211888323e+01 1.971370555706016248e+01 2.003978795785659273e+01 2.065450584464495520e+01 2.117106484847856507e+01 2.125204306253224829e+01 2.141602557392612738e+01 2.154409878456697669e+01 2.210793741551953318e+01 2.278476464827982895e+01 2.303773142416139308e+01 2.343355072979442610e+01
1.515175838083556492e+00 1.754166787555061502e+00 2.051755498489590490e+00 2.193366049209407365e+00 2.281934750887032237e+00 2.413880011971957007e+00 2.594477960649345771e+00 2.709848134592510949e+00 2.853367404337757485e+00 2.945303354739150059e+00 2.970608412699455414e+00 3.077994679472998651e+00 3.121168761749584686e+00 3.184257650335550860e+00 3.258610027177509139e+00 3.304423903429446252e+00 3.322221415301363390e+00 3.386554874722580877e+00 3.469657233259288542e+00 3.611014819539899445e+00 3.708432588807030861e+00 3.740480831518373961e+00 3.861260223413597092e+00 3.981148260368411851e+00 4.091398337214328329e+00 4.132361467454263249e+00 4.286590271414647546e+00 4.391253674668936569e+00 4.468147456989297162e+00 4.647859729215134905e+00 4.880434276663909721e+00 4.929101672947647117e+00 4.972133070930483179e+00 5.233694170589541450e+00 5.257702057982486465e+00 5.326153377676537737e+00 5.383273735802631244e+00 5.508868637380432531e+00 5.548932931584113604e+00 5.679265037955230078e+00 5.736472802751627853e+00 5.860594750977242029e+00 6.067932512696359026e+00 6.208603446003275295e+00 6.286203708692119640e+00 6.491693317274617847e+00 6.568461147124647681e+00 6.666294982457670493e+00 6.745837379136533585e+00 6.836733216687902015e+00 6.976217643955802572e+00 7.022160968149788296e+00 7.057127907792850152e+00 7.190613062145529533e+00 7.353072986781347353e+00 7.470245085208640390e+00 7.586303891909055075e+00 7.636472917953495809e+00 7.767216921338228275e+00 7.951378691154486589e+00 8.011370723662267324e+00 8.373780452434990806e+00 8.481504571808942572e+00 8.616856703048238586e+00 8.760423087937944331e+00 8.825508355415850659e+00 9.087590229540614573e+00 9.270590510435543052e+00 9.380819437962227170e+00 9.453867923578386012e+00 9.642357724405563602e+00 9.818491620880129389e+00 9.936115796507502651e+00 1.017198445648018179e+01 1.023704733168540493e+01 1.039463341424838561e+01 1.071133064760170051e+01 1.078382352716198689e+01 1.080271673689526679e+01 1.113683485273840645e+01 1.125410367979965542e+01 1.133115762128648640e+01 1.151062054459775119e+01 1.160857158249290322e+01 1.168046134577803130e+01 1.177620719973152852e+01 1.181598585259527390e+01 1.186447247979692321e+01 1.200120901679678909e+01 1.217719225848756892e+01 1.252026413978831521e+01 1.268789426908000273e+01 1.281483864948076068e+01 1.325785850458724013e+01 1.355451518798540178e+01 1.377181679915797297e+01 1.397801965008668290e+01 1.415866684510597651e+01 1.415994924193772420e+01 1.435948739602964608e+01 1.469327535434319287e+01 1.475844721000559545e+01 1.497317232988308433e+01 1.501794079259097181e+01 1.511619820676513903e+01 1.526191843331444531e+01 1.529274134683910624e+01 1.543291060942349624e+01 1.559380572802649034e+01 1.563977142795996400e+01 1.571909999842344341e+01 1.607844861653694579e+01 1.614106707363166038e+01 1.620957622308857182e+01 1.629023737944430650e+01 1.643962660223881045e+01 1.656824144388464148e+01 1.669666106411203543e+01 1.688822556265345654e+01 1.700531465551693344e+01 1.706090072076766617e+01 1.734681908018214713e+01 1.747176925127792302e+01 1.756288651224464559e+01 1.776917103787885210e+01 1.812055045662742003e+01 1.838024346520353092e+01 1.858049026310072094e+01 1.886536679090284707e+01 1.904399466908092720e+01 1.910675066265821442e+01 1.925291721956267565e+01 1.947539021884814048e+01 1.968722616539054471e+01 2.002971739722933719e+01 2.047533348272242648e+01 2.098424727137776458e+01 2.104152189948301199e+01 2.136462876634159969e+01 2.141144137512261381e+01 2.204017512045155058e+01 2.270340769772036893e+01 2.299009626642275705e+01 2.339702694646171821e+01
1.353126637167503254e+00 1.562054566822427493e+00 1.921198555186396817e+00 2.117807747219284220e+00 2.146847239049870737e+00 2.281043939412776389e+00 2.491967955127338818e+00 2.649268962170849839e+00 2.780774770039626365e+00 2.869604451632657316e+00 2.895615831008665264e+00 3.068721938433571328e+00 3.091661782938976533e+00 3.137331440066072119e+00 3.221367665820560333e+00 3.256066590989492138e+00 3.310673057219808424e+00 3.357765945697730015e+00 3.446205402179962185e+00 3.607343155516782307e+00 3.646510120331392546e+00 3.715419138846991487e+00 3.758201451801014947e+00 3.923116082775399693e+00 3.932780718973741596e+00 4.005833252636962882e+00 4.146407138317115049e+00 4.346244481609216948e+00 4.417745053584652304e+00 4.570395384869496702e+00 4.738660356263500795e+00 4.844542079068860474e+00 4.909714392434938901e+00 5.188118198339661369e+00 5.228999170584451406e+00 5.276250811514499262e+00 5.378942493422250060e+00 5.451888779725652334e+00 5.547839777336869282e+00 5.641926969610004505e+00 5.777399799716588902e+00 5.830270734087240392e+00 6.073801110037143403e+00 6.218329509461487881e+00 6.334661622212169441e+00 6.535741233807647710e+00 6.617359514043294588e+00 6.703688327803730473e+00 6.805116184701986981e+00 6.875521167949513845e+00 7.024518448831567952e+00 7.055648958695802442e+00 7.146067783896742576e+00 7.226959856501685486e+00 7.382435419792752640e+00 7.463598404291420074e+00 7.614329938662519837e+00 7.673722846585722124e+00 7.736459263466510805e+00 7.941591531828367856e+00 7.986036408660824648e+00 8.325578773769560570e+00 8.461255079289143666e+00 8.561893860989014726e+00 8.663063290434502406e+00 8.805752341017202056e+00 9.073191231579720295e+00 9.176134589668510699e+00 9.278133886303731259e+00 9.443717480162206357e+00 9.529589386012174757e+00 9.718836118543531910e+00 9.975622275309023124e+00 1.015136703034710308e+01 1.019005633417291357e+01 1.038806719341607376e+01 1.068782739448545271e+01 1.074183820975691006e+01 1.076357613722583295e+01 1.110240939363132640e+01 1.111608975712418612e+01 1.124691602369273369e+01 1.135330682718527306e+01 1.139591165801672901e+01 1.163749511266737180e+01 1.168299746165636854e+01 1.177872489409562640e+01 1.182502539401885500e+01 1.197323186930571737e+01 1.216761196364923592e+01 1.245860496308487697e+01 1.264515062609338614e+01 1.276624220570776558e+01 1.328234464418238936e+01 1.356483490054598029e+01 1.386257761925572929e+01 1.399720615725525619e+01 1.415660671734764797e+01 1.418988748160005819e+01 1.437777841605328533e+01 1.464392400530071470e+01 1.479329266469950177e+01 1.500739709916364539e+01 1.506392920491486187e+01 1.515154717810382579e+01 1.529420955294056306e+01 1.532679044964010551e+01 1.550540756734169001e+01 1.561103762164884934e+01 1.566792804070311540e+01 1.579986207436374634e+01 1.607585213881026931e+01 1.615653804571871177e+01 1.620106764335974958e+01 1.634637434360550046e+01 1.647050068079646579e+01 1.653743794295027314e+01 1.670776664776030529e+01 1.688367313044572171e+01 1.706768799759435495e+01 1.709675799164381260e+01 1.735933288674382169e+01 1.750424793601909812e+01 1.758656403766436682e+01 1.776009831883573753e+01 1.795265789223086372e+01 1.829540115209391260e+01 1.855891314645302970e+01 1.886444383275630088e+01 1.893713910000476375e+01 1.902201493734040483e+01 1.924748088231338983e+01 1.940897564691490373e+01 1.962835025446525350e+01 2.003575466235313129e+01 2.033494135186776575e+01 2.074232847182990724e+01 2.088718285527253116e+01 2.125789530361589641e+01 2.138944404177223646e+01 2.203598645607798190e+01 2.262645410903217069e+01 2.295710415343556576e+01 2.336836370789515271e+01
1.178056962421173193e+00 1.357040809846035367e+00 1.789114835697293238e+00 1.919720888521715407e+00 2.044640363672669992e+00 2.134168027956972580e+00 2.349033928020269890e+00 2.423143578175477320e+00 2.615203858821409710e+00 2.823346826778158736e+00 2.828019642795231547e+00 3.023287480380091541e+00 3.046565931918722381e+00 3.110898775173439379e+00 3.186038425516445116e+00 3.239655115399536545e+00 3.281824954534937611e+00 3.380337669426763725e+00 3.435578125959234175e+00 3.546035491744739421e+00 3.575790958249784879e+00 3.654985631578870464e+00 3.714447583515483764e+00 3.802772768546923032e+00 3.877737663536771073e+00 3.944567401137180962e+00 4.006905078550531130e+00 4.297206001059377556e+00 4.360636928626775877e+00 4.516184049395213229e+00 4.574582270503498194e+00 4.766406402830698497e+00 4.857563046971098863e+00 5.100538718956834749e+00 5.225527190123870902e+00 5.257394345331557695e+00 5.353793831551089788e+00 5.392514927688440096e+00 5.562034306114957083e+00 5.593389644371848490e+00 5.818068518212532680e+00 5.830069464824410019e+00 6.078753764230466317e+00 6.213289220321074779e+00 6.349402060015707505e+00 6.577958731753334121e+00 6.656595891292178990e+00 6.728704962877156248e+00 6.854011453333797022e+00 6.891475986406980780e+00 7.058580071142042556e+00 7.083915118694156909e+00 7.211745638379609247e+00 7.271399794154707052e+00 7.408231749889969464e+00 7.451675404442500650e+00 7.610699222646079676e+00 7.708115610436902188e+00 7.727110744201144854e+00 7.903779672793956657e+00 7.993715049909713599e+00 8.247428893227633395e+00 8.397211175446827269e+00 8.454619550787214166e+00 8.572608018203782265e+00 8.783648248286743510e+00 9.052879161077433068e+00 9.074633599176573640e+00 9.186439412267775495e+00 9.423889519383051194e+00 9.454498056195504319e+00 9.600071555925625333e+00 9.998304306936798724e+00 1.007827475711809484e+01 1.016367430216571321e+01 1.038026207286823599e+01 1.059807416432660965e+01 1.063415435841293721e+01 1.073138813297938121e+01 1.077613390675171523e+01 1.106681669916530453e+01 1.116191681680293080e+01 1.125220903082584201e+01 1.138274685362962124e+01 1.157680627009432506e+01 1.160588074890126187e+01 1.176822515008034387e+01 1.179767913673932078e+01 1.197437860203121573e+01 1.215964469739139808e+01 1.238638503395863921e+01 1.259071263356014114e+01 1.270446015101969728e+01 1.329494895651997588e+01 1.356622890452908337e+01 1.391428784412677544e+01 1.398269215182460634e+01 1.413115296665109888e+01 1.421204853864453810e+01 1.436924928250187961e+01 1.461007727764747877e+01 1.481080816572311853e+01 1.502478240748644112e+01 1.508711068147293233e+01 1.517757219449022976e+01 1.530808135715991725e+01 1.536437471924445042e+01 1.555458575651137387e+01 1.562011784844954398e+01 1.570728340765701958e+01 1.587509968386552117e+01 1.606574169827367271e+01 1.614916795060313959e+01 1.617863999693979693e+01 1.639841686867127635e+01 1.643712597212315885e+01 1.652256570921356627e+01 1.674500967220178538e+01 1.690261200562933652e+01 1.711775865454527334e+01 1.713769532952019148e+01 1.736427124817617695e+01 1.752168306223878602e+01 1.755596328171964160e+01 1.769641513012216905e+01 1.783643576724787394e+01 1.819021024976259682e+01 1.851836822711722874e+01 1.870207225847908816e+01 1.893761854621717688e+01 1.901453803175359170e+01 1.927116704262317981e+01 1.939565311100091805e+01 1.958364317844314684e+01 2.005266612090614231e+01 2.027709200179374704e+01 2.054521077964167119e+01 2.074955344277690727e+01 2.117283581411919613e+01 2.137379968943877628e+01 2.205449879077458064e+01 2.257145104222746568e+01 2.293000237710595002e+01 2.335748913316354347e+01
9.907730233083773541e-01 1.142379165889583215e+00 1.651547003130159563e+00 1.711731641010646454e+00 1.887444945428775389e+00 1.965389574401508188e+00 2.033967713542299105e+00 2.235408356614640102e+00 2.534735337509861797e+00 2.758977204468912703e+00 2.771258961339412519e+00 2.971505695294035743e+00 2.993667859020912925e+00 3.064357569977813611e+00 3.139925315369400227e+00 3.227961174302450331e+00 3.258969876220294548e+00 3.341727574425640057e+00 3.437342296973440181e+00 3.453997899861175114e+00 3.534592258274826815e+00 3.607156316563656429e+00 3.710264257114286313e+00 3.739049880014506666e+00 3.841554843056164792e+00 3.881280883924863812e+00 3.895416093959539250e+00 4.242543529884558851e+00 4.294051293054250706e+00 4.408203120284972520e+00 4.513028985639581769e+00 4.695569266121745855e+00 4.798892571606659274e+00 5.014066567575957478e+00 5.173709870447900094e+00 5.273186272164112509e+00 5.313397140885442127e+00 5.360545824494704625e+00 5.537020126349034399e+00 5.587989115826188957e+00 5.843936957933435927e+00 5.861443349092673394e+00 6.080644694924205673e+00 6.195471411105609505e+00 6.330726298960644982e+00 6.617719253667138979e+00 6.684464099841266105e+00 6.744403437158191572e+00 6.884485535481850604e+00 6.895194382993992122e+00 7.073821257788015515e+00 7.117511061845788412e+00 7.237527736506698339e+00 7.333932147778106980e+00 7.409616588774910362e+00 7.443352927118992213e+00 7.589514580200683369e+00 7.695125025263499730e+00 7.759122752481501628e+00 7.846106582090740744e+00 8.004316257316020256e+00 8.147318042805849814e+00 8.257762219248061086e+00 8.400701655581055860e+00 8.499074089422411049e+00 8.745765339221048151e+00 8.969631158785110969e+00 9.034639557140078381e+00 9.113940984477267193e+00 9.371955224114707050e+00 9.422340733142604563e+00 9.491797885749466701e+00 9.935037207019108862e+00 1.000515026993217482e+01 1.012982116436639934e+01 1.024090953973972873e+01 1.038276770302257113e+01 1.056478841662076640e+01 1.065577501918380143e+01 1.074666002357746564e+01 1.101348657192371761e+01 1.107913957058215182e+01 1.116873554684145731e+01 1.138305105426569952e+01 1.151294907638395593e+01 1.152051093383145286e+01 1.172873649891935699e+01 1.178819334043949496e+01 1.198381155748957205e+01 1.212175847274389895e+01 1.231538211681070472e+01 1.251314458571264510e+01 1.264829403584005618e+01 1.327237282180695033e+01 1.352266428143690291e+01 1.387735138285301772e+01 1.394830512101706788e+01 1.406692258067879031e+01 1.422429972593126912e+01 1.434244820590067349e+01 1.460222998031645503e+01 1.480198853403251746e+01 1.500979313401983894e+01 1.508989238118737752e+01 1.517861594562293348e+01 1.530277039392122163e+01 1.536801209465789597e+01 1.553711693875747635e+01 1.566378387080744616e+01 1.575449291046214739e+01 1.588297620233518082e+01 1.604387559401195773e+01 1.609899566474565091e+01 1.621163933014085856e+01 1.641369059329221258e+01 1.643140320772843310e+01 1.656471656002356596e+01 1.679777012765468314e+01 1.693562491130083458e+01 1.713217396428114370e+01 1.715958567293155568e+01 1.738888696606289486e+01 1.740605195902010038e+01 1.752200856918680572e+01 1.771189596364671814e+01 1.785257368785346443e+01 1.802597021574835878e+01 1.850850260211697318e+01 1.861108324724353480e+01 1.891079394680252790e+01 1.907796488274648539e+01 1.931097227870387201e+01 1.941685170589602549e+01 1.957177427321228791e+01 2.007787907709035125e+01 2.025169837498226855e+01 2.038657493675391308e+01 2.064513994366635430e+01 2.110560652098474321e+01 2.136051360703774549e+01 2.207987334568622728e+01 2.254229597490169112e+01 2.290652618149102793e+01 2.336848021490094851e+01
7.940973927862269299e-01 9.208379483826326650e-01 1.475748330412365528e+00 1.561160403725162071e+00 1.601325911846629868e+00 1.724399627872925000e+00 1.841330986286465521e+00 2.137813798215394634e+00 2.450723166283846677e+00 2.705934442847875321e+00 2.726822040293564342e+00 2.909750849012307405e+00 2.941890191528750975e+00 3.010991198499955779e+00 3.102947625893744288e+00 3.169383155737200752e+00 3.250466681335518082e+00 3.315958875112424931e+00 3.396701717232504691e+00 3.445920725449356237e+00 3.495873811795742636e+00 3.597247759186757321e+00 3.662474478403105582e+00 3.709072547868799585e+00 3.755474640393556829e+00 3.825306534872959130e+00 3.883315836870976145e+00 4.158381520936991649e+00 4.237369185263261784e+00 4.310752249193000374e+00 4.506460229044242816e+00 4.628588030310237578e+00 4.745979610214999589e+00 4.935351993225197020e+00 5.110110151738282092e+00 5.247008637744728254e+00 5.302199014477750438e+00 5.349362923269899817e+00 5.490515784035250313e+00 5.618763406331468424e+00 5.870190873443997148e+00 5.895098692746544522e+00 6.074886011231172667e+00 6.171168460749450801e+00 6.285689499488292142e+00 6.648093254337282154e+00 6.706612108936608863e+00 6.756558159603150315e+00 6.863721969862361050e+00 6.925381361878366171e+00 7.073881850909204516e+00 7.159658344909621164e+00 7.227970311797501601e+00 7.386571422716944113e+00 7.401060688068966442e+00 7.433060757965099796e+00 7.570856117770616400e+00 7.694871301339976100e+00 7.758083740982725907e+00 7.787122596679642683e+00 7.921947251484788843e+00 8.088414355670382250e+00 8.151723589180489782e+00 8.382963328576204631e+00 8.453620506680273650e+00 8.695835616965815973e+00 8.855188109520682360e+00 9.001619818115830896e+00 9.066489524908448061e+00 9.304823231737767486e+00 9.373672796178947664e+00 9.411595236975344392e+00 9.732320969422548984e+00 9.955930530266014600e+00 1.002463177013101792e+01 1.012808285840330136e+01 1.035404019127541986e+01 1.047806446012930692e+01 1.060942168940696106e+01 1.071277792804501416e+01 1.094136404448100741e+01 1.099644303717987448e+01 1.112925411336277470e+01 1.134173333612638856e+01 1.143110601399546766e+01 1.144117143092397981e+01 1.168346994300621233e+01 1.177095090013086853e+01 1.197210805901862507e+01 1.204771234258079993e+01 1.227228919358399040e+01 1.241242472079103365e+01 1.260851877744761396e+01 1.299756707418958968e+01 1.346810374595103887e+01 1.379939309474595710e+01 1.394954031074772161e+01 1.399600216805617769e+01 1.420718898941970743e+01 1.431785498095117326e+01 1.460975748716741940e+01 1.472945640341617768e+01 1.498151770959178108e+01 1.507293397104587918e+01 1.515131207425489279e+01 1.529958960094818465e+01 1.536198851921217567e+01 1.552509096761520269e+01 1.570294477038058467e+01 1.575634199631368304e+01 1.585049407157551471e+01 1.608735350716742474e+01 1.610412423979518692e+01 1.623924164408289883e+01 1.643309618297111641e+01 1.648057761381508257e+01 1.661995777292278120e+01 1.683831616009569743e+01 1.695765005276374993e+01 1.711003404415235352e+01 1.716497885724349715e+01 1.734781608893264604e+01 1.744741521355240010e+01 1.750327608899165455e+01 1.774490995779498448e+01 1.787256812718309718e+01 1.791928658346062875e+01 1.850222284348386736e+01 1.857078025216379658e+01 1.891583792463000080e+01 1.913740956734656962e+01 1.936631324665828657e+01 1.944308260351692752e+01 1.958726544037090989e+01 2.010788646087025455e+01 2.017451079568209593e+01 2.032189606717667019e+01 2.057089050401499009e+01 2.105725428083698603e+01 2.134926688892024771e+01 2.210409067399588068e+01 2.253448727854750899e+01 2.288696569528802982e+01 2.339861695150798582e+01
5.937954321538430058e-01 6.946368374328444339e-01 1.178309726263940149e+00 1.338004120909662253e+00 1.499865292811173312e+00 1.553375353338454001e+00 1.708838461302640166e+00 2.116516745131448829e+00 2.372503492006144743e+00 2.661451601857903526e+00 2.720446141200230983e+00 2.859130903262831591e+00 2.882866340082048229e+00 2.980232788332885630e+00 3.069038089717570639e+00 3.113935632008196119e+00 3.249475992832495219e+00 3.312200142595980168e+00 3.368233951709607155e+00 3.444839382852165954e+00 3.460783726346582601e+00 3.566930161242384489e+00 3.602785211263928478e+00 3.673992957069464715e+00 3.710757338091152935e+00 3.801020762984482104e+00 3.893276384202283058e+00 4.071319736011353108e+00 4.153961271967202329e+00 4.289515764737065417e+00 4.503384619922496057e+00 4.564053670787397543e+00 4.707811403640676851e+00 4.864153360136627136e+00 5.050875398956400808e+00 5.219673533008671207e+00 5.292151093685785845e+00 5.339904395389420522e+00 5.465276745643446787e+00 5.651143917690020224e+00 5.892773340429718232e+00 5.923858282802488162e+00 6.055287515760072736e+00 6.151553756498284287e+00 6.228713503846990740e+00 6.665444781162583432e+00 6.729686946174091133e+00 6.772338639634750912e+00 6.839327023417900442e+00 6.944609971461224163e+00 7.071478160928427847e+00 7.179566047967452569e+00 7.207839847257359267e+00 7.376081005026817294e+00 7.410134456968144434e+00 7.462155746529894884e+00 7.561648871930088056e+00 7.693417433773668712e+00 7.724937761360636479e+00 7.740012521619596519e+00 7.826652980964876605e+00 7.995063874718557173e+00 8.115906699531128865e+00 8.418255599684899337e+00 8.430827519797695402e+00 8.648539187325015476e+00 8.729701233189270937e+00 8.935481547725808937e+00 9.030199248833797654e+00 9.232860453886109653e+00 9.279405216081022090e+00 9.347139993590202423e+00 9.573657199649531435e+00 9.847142445980809455e+00 9.969620235453465540e+00 1.010996035147896066e+01 1.025830872182311992e+01 1.038006763109854269e+01 1.058606988329593790e+01 1.068027891737460422e+01 1.083574564385576267e+01 1.096710064418718744e+01 1.108662777218080642e+01 1.124551738832467684e+01 1.133407628170999004e+01 1.138376411056451865e+01 1.161993254795600450e+01 1.174572212096290968e+01 1.188698710251920510e+01 1.202563137191108922e+01 1.222764015902871115e+01 1.229624079815951099e+01 1.245613560219881499e+01 1.261294113029039465e+01 1.350199442283221174e+01 1.378706279559366799e+01 1.391978597802421014e+01 1.394660662590831457e+01 1.415862859858703438e+01 1.430537913611100009e+01 1.460028820016174400e+01 1.465361687969790871e+01 1.498695126142496470e+01 1.505399760380113428e+01 1.513148794982756229e+01 1.529156615094954930e+01 1.537150337300342784e+01 1.553125564817811011e+01 1.568893313349343188e+01 1.574841509760531721e+01 1.586512123796232743e+01 1.610249422923215334e+01 1.615544882633300361e+01 1.625379991999725604e+01 1.643487446565011112e+01 1.656187513658523613e+01 1.667081995839706110e+01 1.685021311740736394e+01 1.697005529135179103e+01 1.710986919208319534e+01 1.715644949610889824e+01 1.734893916933326352e+01 1.750289763804897447e+01 1.750840389915191153e+01 1.776467153962355638e+01 1.786741357705799871e+01 1.790896437797010776e+01 1.842834584193130709e+01 1.861561339012283511e+01 1.893642906744862131e+01 1.918431407931803179e+01 1.943312447990176750e+01 1.945470691366929472e+01 1.962255299634733774e+01 2.007872433302085469e+01 2.013828194038987363e+01 2.031316276185459557e+01 2.052092491737065671e+01 2.102740992592109848e+01 2.133966935419915956e+01 2.212289000590802601e+01 2.254027756740690691e+01 2.287191238001908999e+01 2.343959403819443565e+01
3.942540276199767435e-01 4.650403048764694125e-01 7.810204291170135260e-01 1.266081008333433733e+00 1.424248356798419879e+00 1.447863407505125100e+00 1.602234901830771330e+00 2.189294967965051963e+00 2.314097534669209644e+00 2.638295262897771387e+00 2.729027301178173825e+00 2.826224863021046918e+00 2.848202117628313434e+00 2.956269432968328115e+00 3.039614895229623581e+00 3.098913270032830347e+00 3.251061192710756664e+00 3.303004203797891503e+00 3.379253552040525577e+00 3.420256818570996948e+00 3.435335556594498296e+00 3.522111456346972869e+00 3.560541094706017429e+00 3.614814485461362636e+00 3.738791076178580308e+00 3.798819907166371301e+00 3.898153642305790090e+00 3.984642860064888215e+00 4.099685250259226699e+00 4.291026400102778027e+00 4.492348025265229694e+00 4.519741681126576260e+00 4.684430986948858511e+00 4.798784926380203153e+00 5.008346764185226618e+00 5.208014668425017923e+00 5.282150264499088976e+00 5.324222154479443248e+00 5.464790832454887948e+00 5.676012442275697012e+00 5.904020572185026516e+00 5.943744888936810966e+00 6.025917405249273884e+00 6.143624170363213288e+00 6.181049978677595647e+00 6.675294627122556612e+00 6.738011980395220313e+00 6.795213223024267890e+00 6.836134679556256977e+00 6.955755363588513873e+00 7.060978706113770542e+00 7.141125983200138805e+00 7.240167557798830700e+00 7.360625979669881858e+00 7.431964232141648807e+00 7.483883337384590106e+00 7.556135230071434172e+00 7.663351547377903472e+00 7.679606407575654714e+00 7.733591969842398939e+00 7.776845694399276532e+00 7.926906114783458968e+00 8.077458394962848232e+00 8.405348261958865308e+00 8.488682742664076741e+00 8.609585998089398728e+00 8.617296098615415900e+00 8.836042897753934255e+00 8.971630342526218271e+00 9.164032828243300344e+00 9.191429316601876565e+00 9.294162757639593764e+00 9.473828096184611525e+00 9.730780064531877827e+00 9.882347925335249528e+00 1.006570524953359680e+01 1.011099989503109242e+01 1.032256386775634560e+01 1.058596410393630372e+01 1.065655210610104042e+01 1.074530778807581477e+01 1.095734892435211272e+01 1.103212981593772035e+01 1.113016791708959907e+01 1.123074865222199392e+01 1.135022497184205470e+01 1.152831468162269069e+01 1.172039597444569559e+01 1.182275716048707004e+01 1.185791901114492575e+01 1.206246103011912041e+01 1.225323716645284478e+01 1.227882549860556338e+01 1.258799309699579716e+01 1.356336562541448210e+01 1.378735952392629471e+01 1.385307007393384993e+01 1.393629372078192397e+01 1.409304728012394570e+01 1.430954212032005479e+01 1.454579655952059802e+01 1.465795349537636127e+01 1.500850690537128962e+01 1.503819686675953626e+01 1.511367342183548423e+01 1.527167307806427310e+01 1.539684863370282741e+01 1.554333878138663394e+01 1.564051823496532023e+01 1.576624314821680350e+01 1.587497756166040830e+01 1.610520514516309376e+01 1.620338378230677989e+01 1.626121675340137429e+01 1.643406617880904008e+01 1.661944763185277907e+01 1.670755812420685871e+01 1.684202330972014394e+01 1.699624349421468139e+01 1.710918820706971388e+01 1.715997258567944783e+01 1.736160280749807683e+01 1.753253928775536963e+01 1.756028739128630534e+01 1.777319035606488029e+01 1.787860042608579647e+01 1.791398172633199692e+01 1.835169414468284188e+01 1.867266254629429412e+01 1.895591764916337141e+01 1.921753730903353841e+01 1.944325012682617881e+01 1.950765820313569776e+01 1.966221054356079634e+01 2.001468343714349274e+01 2.016425395526114528e+01 2.030916256413203058e+01 2.048911223748329746e+01 2.101250971746582863e+01 2.133162497128344981e+01 2.213500250742654529e+01 2.255166270322346023e+01 2.286142718504310167e+01 2.348025826281951822e+01
1.964876579607462981e-01 2.331079779330341994e-01 3.889127452916970040e-01 1.244827710583046310e+00 1.334659061287484239e+00 1.422595992132315912e+00 1.525761586606405595e+00 2.261810616983503497e+00 2.308278741788762911e+00 2.639419832893522777e+00 2.726556831286335303e+00 2.810705991430860973e+00 2.846102518622297683e+00 2.933538499540297551e+00 3.019929991612241071e+00 3.122907343695636051e+00 3.241680105698137027e+00 3.318691167642385142e+00 3.371781853735808632e+00 3.398880301205251087e+00 3.435455718944240289e+00 3.512187805741457947e+00 3.527492717682024548e+00 3.566548578276218073e+00 3.777101722229472269e+00 3.805131443297192551e+00 3.884185040359086294e+00 3.924501434860222293e+00 4.072449237379117903e+00 4.303403455366094477e+00 4.457777146873823426e+00 4.523240631280243562e+00 4.673436402455976690e+00 4.742624708132919586e+00 4.986933516943357958e+00 5.210015892569519913e+00 5.273737972727392531e+00 5.313391821568982820e+00 5.477365921922809022e+00 5.688308938733634079e+00 5.896874427226861393e+00 5.949936871964260021e+00 6.009249211293800741e+00 6.143195192188100506e+00 6.155793605769736665e+00 6.684501888413935333e+00 6.722261865127486580e+00 6.812535662723671059e+00 6.867283336527669313e+00 6.965765264525396461e+00 7.024482308355830540e+00 7.138127983463868453e+00 7.266209545769827471e+00 7.357828213282870955e+00 7.448434269382699036e+00 7.492040914024380882e+00 7.544204949856657905e+00 7.634275032596996802e+00 7.651784502134255206e+00 7.734069395496494970e+00 7.756010496721960301e+00 7.931127246867148095e+00 8.046892984447707065e+00 8.357545641235510914e+00 8.541500576484645890e+00 8.544967013090641217e+00 8.582632375892538690e+00 8.734995619288859814e+00 8.905808848533022015e+00 9.112595584030417584e+00 9.129034913333132550e+00 9.226559102684900537e+00 9.411441511188760600e+00 9.494836083751549083e+00 9.850493602440939966e+00 9.970727852279466674e+00 1.011484286627196560e+01 1.028559220416886788e+01 1.059734144222504426e+01 1.064673008041913782e+01 1.068699475559967560e+01 1.095210348718655879e+01 1.099094741865382296e+01 1.103511785011104607e+01 1.117084299286063143e+01 1.131935381475918589e+01 1.140590267316251349e+01 1.163273223171262316e+01 1.171460680866168502e+01 1.180375455962980347e+01 1.205611563129908426e+01 1.221689683170487406e+01 1.225527297650365810e+01 1.257955526336765040e+01 1.362784606932070375e+01 1.377661537106018841e+01 1.380192073421172871e+01 1.393142570954678483e+01 1.404097784917858682e+01 1.431841184236919950e+01 1.451255112350020937e+01 1.466941918920928245e+01 1.502485426953583314e+01 1.503193657880435374e+01 1.509754101184202568e+01 1.525413140982835891e+01 1.542464852742322456e+01 1.555427333300219317e+01 1.559849970437588418e+01 1.577807098867299729e+01 1.587829463469970293e+01 1.610511636120894252e+01 1.623476886590519896e+01 1.626344981979633530e+01 1.643355178149999674e+01 1.664730994880669712e+01 1.672667417968198578e+01 1.683761892923789816e+01 1.701614262900483965e+01 1.710359893657934194e+01 1.717176278743441742e+01 1.737338429981912213e+01 1.756901335673838105e+01 1.759458114802613338e+01 1.778068793725441665e+01 1.788958732460378798e+01 1.791905845649145235e+01 1.829399278864266165e+01 1.871659676674915573e+01 1.896759852493433129e+01 1.923779494014978653e+01 1.943036086808686846e+01 1.956223460536520165e+01 1.969048502282033652e+01 1.998177232389476643e+01 2.018242085876573455e+01 2.030531457977962972e+01 2.047077365957222739e+01 2.100704505984477777e+01 2.132586458650796502e+01 2.214126853339911349e+01 2.256173986972692447e+01 2.285524107539487204e+01 2.350981242837477581e+01
-6.819796461061811274e-04 -5.390909068513029170e-04 -5.290002438702285146e-08 1.250557893693890144e+00 1.292068543850204865e+00 1.419068853068530922e+00 1.494360110482702453e+00 2.257312336914282902e+00 2.342074429305289307e+00 2.645702827359943221e+00 2.725319308494403625e+00 2.807177135518558408e+00 2.847986350527014654e+00 2.923688833424058497e+00 3.012979899771301540e+00 3.141396975022779259e+00 3.235621442036460405e+00 3.321691138968344781e+00 3.380396151245478542e+00 3.385158933431890560e+00 3.455509785077242935e+00 3.491923978023853348e+00 3.518027898260910558e+00 3.550541137915249390e+00 3.803702201726852916e+00 3.809196324050430960e+00 3.854206395011664288e+00 3.914257154897101909e+00 4.064121432878867957e+00 4.311718115895960324e+00 4.442708581866816608e+00 4.531054895329829968e+00 4.672525637643405894e+00 4.715211528765196114e+00 4.981513719640429549e+00 5.213919590646578506e+00 5.270049310899368677e+00 5.310270184477960953e+00 5.485159652824383336e+00 5.691113746781499394e+00 5.886446275209639367e+00 5.950503176456982679e+00 6.007306486510454846e+00 6.146607044884094151e+00 6.146739269515538950e+00 6.692894419766318492e+00 6.708128278090196517e+00 6.819630201309674788e+00 6.886567430967577508e+00 6.981062232520280020e+00 6.992306527092465807e+00 7.142902928280861374e+00 7.280643233870360831e+00 7.356184855753798324e+00 7.450997087677264652e+00 7.498543580820358656e+00 7.534342847317797798e+00 7.618693056115865225e+00 7.652749271519700969e+00 7.728616717445441431e+00 7.748531059781278429e+00 7.968066599505164049e+00 8.040825771032526603e+00 8.310579160163520385e+00 8.529236534975160211e+00 8.531927516106897258e+00 8.573486594673539685e+00 8.701281624764584777e+00 8.881799261553371849e+00 9.066982699559796188e+00 9.093156152910596646e+00 9.192164887594113765e+00 9.394818410316652546e+00 9.408687433939565636e+00 9.852544450370343654e+00 9.942199941106427019e+00 1.011747076236508924e+01 1.027171323360481558e+01 1.060424662989684741e+01 1.065324355709987536e+01 1.065877942814021395e+01 1.093915593215483639e+01 1.099083127926614267e+01 1.099895221850917082e+01 1.115220291993273882e+01 1.127810204272973316e+01 1.136063041626812442e+01 1.159186798415950470e+01 1.170844761882882779e+01 1.179654927107318940e+01 1.205622809239976689e+01 1.220169903005550083e+01 1.225270846588662721e+01 1.257688297302225067e+01 1.366598530124829303e+01 1.375152287367021486e+01 1.379032300965932301e+01 1.393074463207277702e+01 1.402145969715972562e+01 1.432235470707444236e+01 1.450225034644500077e+01 1.467393240977626512e+01 1.502115199301280413e+01 1.504182759879135922e+01 1.508925630901596016e+01 1.524738977540284601e+01 1.543838059347816483e+01 1.556006846145166556e+01 1.557845063317672185e+01 1.578205656392383993e+01 1.587885791585973116e+01 1.610476205289372942e+01 1.624745334498629390e+01 1.626199457401136783e+01 1.643345488456476033e+01 1.665532426943760314e+01 1.673174717539056999e+01 1.683751933867796424e+01 1.702208528777257968e+01 1.710130366715908323e+01 1.717745034598307896e+01 1.737800084592467442e+01 1.758514424652566532e+01 1.760640289428519267e+01 1.778447494604795409e+01 1.789128118039798210e+01 1.792350196345003255e+01 1.827175229164780390e+01 1.873308733208795829e+01 1.897122296175460576e+01 1.924475515232863287e+01 1.942422222265282983e+01 1.958322793530456707e+01 1.970016246788629033e+01 1.997208466781172831e+01 2.018916908785253383e+01 2.030352745540947623e+01 2.046461201283203479e+01 2.100592379031552426e+01 2.132371007566544208e+01 2.214313535904985386e+01 2.256568673805872294e+01 2.285318606165242272e+01 2.352058378391459925e+01
2.279891501128557263e-01 2.584896238559278303e-01 4.627388211184489397e-01 1.268755354153279669e+00 1.306889722396961107e+00 1.457043606903102306e+00 1.530849144301287934e+00 2.269733131638279389e+00 2.350799878368875273e+00 2.638855494879474684e+00 2.739231225542804182e+00 2.811074459634985256e+00 2.849435340904926228e+00 2.936776990972540524e+00 3.022935552644045121e+00 3.117973835849825459e+00 3.242267687736155590e+00 3.315068474375372443e+00 3.369163028754457390e+00 3.393667375291957278e+00 3.424558249105446706e+00 3.497068306971129026e+00 3.513705390893116842e+00 3.556156728904813935e+00 3.774859166519676901e+00 3.824776692099996378e+00 3.868903819574848413e+00 3.922356446417950337e+00 4.071817916123324999e+00 4.214809764512353674e+00 4.402901346235625901e+00 4.528774417166953725e+00 4.683106593956050112e+00 4.715865337904768140e+00 4.994521049314318617e+00 5.210142489338400296e+00 5.271550983969063076e+00 5.315266587752339511e+00 5.486002681423285843e+00 5.674185805666297711e+00 5.901487214006242432e+00 5.945376725963012809e+00 6.009854343068756322e+00 6.130377000829596135e+00 6.193069413046624838e+00 6.706847088533772094e+00 6.720187950969565449e+00 6.802387529939760924e+00 6.893234540445684289e+00 7.010084296519773162e+00 7.026058103467197391e+00 7.143480399943283210e+00 7.273447078755306272e+00 7.390063882061563838e+00 7.431944829086240212e+00 7.513842654214566430e+00 7.551580183539004842e+00 7.608690258958844765e+00 7.659439984941612600e+00 7.756467986640534384e+00 7.786867985090211164e+00 7.979249555228424384e+00 8.076321572554501671e+00 8.318938828967359811e+00 8.457812264584644524e+00 8.595910374061148218e+00 8.631946851656101316e+00 8.716466213406716790e+00 8.890607466204132336e+00 9.070418875442411988e+00 9.139623343793520149e+00 9.309777888902319276e+00 9.382512615010345058e+00 9.451502833511877810e+00 9.856442008904869212e+00 9.950668166637234080e+00 1.014215598276173580e+01 1.027744524885481958e+01 1.060085667850508706e+01 1.065582783588823723e+01 1.068088266037294254e+01 1.094086150641964217e+01 1.100076977288432012e+01 1.104413340614800809e+01 1.116463020012640861e+01 1.128714273151667236e+01 1.135152555898884508e+01 1.161249199247848907e+01 1.173192677741827872e+01 1.179782686379671119e+01 1.206048566603353756e+01 1.221133034645150772e+01 1.226300733739560123e+01 1.258649693484366239e+01 1.366291188193612349e+01 1.375112542820823336e+01 1.379118383719822383e+01 1.392798933743520173e+01 1.402575113177643473e+01 1.431811862991939677e+01 1.450899621967972308e+01 1.467987196783546189e+01 1.501610870399663789e+01 1.503953937477180958e+01 1.509720698491446278e+01 1.525614641699979579e+01 1.543814988746022188e+01 1.556498661758296542e+01 1.557780211179049701e+01 1.577479012710258210e+01 1.588267962862881255e+01 1.610385417773072447e+01 1.621142165813927605e+01 1.628091430503375392e+01 1.642731818019563406e+01 1.665319913253321005e+01 1.672463473677890633e+01 1.683714698992292469e+01 1.699985473688627025e+01 1.705661424694539718e+01 1.717144420269990590e+01 1.739792058896922100e+01 1.755891118845537946e+01 1.766293796094450741e+01 1.778635963337558579e+01 1.787190855866004924e+01 1.791526018812962917e+01 1.829059119600114158e+01 1.872726226142466999e+01 1.896720844112835991e+01 1.918660589132063521e+01 1.945389037667456122e+01 1.958136737267511407e+01 1.969751634677734842e+01 1.997210159087456915e+01 2.019362110265943500e+01 2.031857994471838680e+01 2.047579819787204514e+01 2.101013092785661129e+01 2.132375004372589444e+01 2.213606681180137059e+01 2.256194290456134155e+01 2.284640382399474490e+01 2.349780783298011855e+01
4.528467546557027323e-01 5.139675034490690519e-01 9.162489910872305687e-01 1.325724837763822439e+00 1.358952291691687631e+00 1.553271790255352558e+00 1.625531006681616653e+00 2.305214062764513905e+00 2.379744498322547308e+00 2.629566524860953436e+00 2.753529123299119252e+00 2.815259638750061910e+00 2.844813238593368876e+00 2.977522107895562709e+00 3.051714996243299893e+00 3.071568800448680747e+00 3.215569984590693320e+00 3.295041646695181292e+00 3.367968066480266476e+00 3.391876978780177243e+00 3.423586910410297168e+00 3.494003358196605458e+00 3.512591143079179634e+00 3.580140185161977850e+00 3.747125917410959239e+00 3.824517267935215070e+00 3.902472962098178844e+00 3.954736478650346942e+00 4.063554846624023220e+00 4.095724529095045696e+00 4.348859337926914925e+00 4.513798309558521460e+00 4.701703436058542351e+00 4.720420820213897528e+00 5.024480460728349307e+00 5.202956936465648496e+00 5.265935783617195831e+00 5.324767101122128921e+00 5.487591223097772364e+00 5.643647644156953191e+00 5.908558260404795703e+00 5.946542834199239458e+00 6.016150487959500026e+00 6.124228317444528003e+00 6.237603808745191714e+00 6.707767706987870504e+00 6.750337986095670928e+00 6.814858183275226189e+00 6.902229461469487681e+00 7.053035462338699269e+00 7.101192177345923895e+00 7.160199856955111741e+00 7.266446967879734764e+00 7.382291224551552844e+00 7.465560277296353853e+00 7.523160157847890162e+00 7.574644127679007077e+00 7.643811323929400103e+00 7.653813359901777247e+00 7.832503201227957845e+00 7.883673951012958980e+00 8.002110702024014088e+00 8.135185793055857317e+00 8.356452577089521938e+00 8.415965567297572392e+00 8.641566183563023529e+00 8.757547410718288461e+00 8.773137673109784984e+00 8.917034118709784352e+00 9.088671577909254395e+00 9.257657380107211509e+00 9.348958966164017781e+00 9.452374810173902020e+00 9.654548623460186718e+00 9.890746947570107750e+00 9.972878452091368473e+00 1.022004411906775267e+01 1.031169121094768393e+01 1.059698833749228797e+01 1.066056314582332831e+01 1.073721643639282242e+01 1.094688527992705573e+01 1.105570747172628998e+01 1.113616992713010845e+01 1.122867165096288211e+01 1.131494062715213111e+01 1.134228512273641876e+01 1.165157932576962452e+01 1.180335834472479384e+01 1.182938109603962751e+01 1.206872791930614852e+01 1.225954250980493221e+01 1.229890954732079678e+01 1.261435706286692415e+01 1.365518782360098093e+01 1.374727006183318068e+01 1.379652170880882345e+01 1.392407554116065960e+01 1.403550704985879882e+01 1.430631300287564578e+01 1.452678330560505415e+01 1.469501059236857010e+01 1.498743955457884347e+01 1.505003289249799714e+01 1.512239159525105237e+01 1.527701379584014063e+01 1.543767630871565011e+01 1.557461917054136791e+01 1.558118288789400907e+01 1.575130176411786032e+01 1.589553914008812541e+01 1.609007771443237544e+01 1.616873283594746979e+01 1.628105101536916166e+01 1.641188864469754805e+01 1.664528940541197599e+01 1.670123456102854931e+01 1.683917514498767432e+01 1.690280729755441769e+01 1.700929406311384895e+01 1.717314805898256935e+01 1.741816324699828655e+01 1.750850058688793354e+01 1.769471888957097860e+01 1.779545178459716226e+01 1.784278574569174936e+01 1.793871663556417317e+01 1.834606529875598824e+01 1.872304393618158613e+01 1.895134818983323299e+01 1.907034313720181018e+01 1.949751170307837356e+01 1.957353470373400839e+01 1.969342373033145677e+01 1.996949491383699993e+01 2.020802514070901523e+01 2.035712898464413811e+01 2.051488091412680603e+01 2.102196957054010085e+01 2.132453235670340064e+01 2.211692516498450800e+01 2.255095299952733967e+01 2.282685667071615754e+01 2.343247393178576488e+01
6.717315306150223320e-01 7.639998124819734615e-01 1.340346677052262736e+00 1.420810134402630265e+00 1.458211454603382418e+00 1.682623672618534405e+00 1.748351497031107371e+00 2.360268303939311529e+00 2.433514007400323642e+00 2.624825255581756167e+00 2.734642137075347534e+00 2.811200398687493163e+00 2.862912140201404831e+00 3.011452001338628559e+00 3.072216385514071391e+00 3.084537498774545305e+00 3.205250708053856368e+00 3.327733239670668919e+00 3.340577870965134810e+00 3.396344152594807930e+00 3.472924421914519666e+00 3.500661001661624638e+00 3.540455851692735578e+00 3.609492353492304684e+00 3.727257019732448828e+00 3.815569848116489471e+00 3.895646725638022279e+00 3.998989096786045749e+00 4.061907232550455937e+00 4.141228955032466352e+00 4.329329133137150620e+00 4.501320057705035182e+00 4.705758748161375848e+00 4.749060122448036658e+00 5.057115026771354493e+00 5.193205996736992347e+00 5.249087090518078647e+00 5.333082921396829157e+00 5.493276413472294450e+00 5.622061801115475710e+00 5.885650644584087487e+00 5.959690775807253260e+00 6.018870698387069673e+00 6.116946973167989299e+00 6.249275594953430435e+00 6.687621927699882285e+00 6.756942860026152964e+00 6.880285275146008850e+00 6.911262254534445759e+00 7.068032011984374918e+00 7.121781921708977059e+00 7.239205122840483675e+00 7.299473919583202353e+00 7.348857499228355294e+00 7.497768892353326997e+00 7.510074347581128684e+00 7.600702657632932180e+00 7.617216158466598053e+00 7.771471606944240662e+00 7.901706327300161981e+00 8.000217470228209393e+00 8.026082489561169098e+00 8.177742576581250589e+00 8.366369919218028528e+00 8.481939214279947237e+00 8.699100062115146414e+00 8.830262421842283160e+00 8.931624815666475925e+00 8.976637223359098527e+00 9.121731034434167995e+00 9.339550932688075235e+00 9.406549963676614112e+00 9.499680789208964526e+00 9.772070982811417394e+00 9.940292735855017270e+00 1.004360070598798060e+01 1.030901639896360678e+01 1.044173526737928448e+01 1.060010839041636643e+01 1.066849982981546319e+01 1.079184985617478532e+01 1.095655276971640291e+01 1.112273314874668806e+01 1.121503695516614485e+01 1.131708225568628734e+01 1.135731001846358268e+01 1.143097125510950107e+01 1.169339514207100983e+01 1.182203505579442471e+01 1.196633162025066532e+01 1.211766854561940931e+01 1.233357055309889816e+01 1.248971467908421751e+01 1.266203578389847273e+01 1.364770204654126040e+01 1.373584613908092322e+01 1.380697465812073332e+01 1.393056024306748775e+01 1.404637927845134016e+01 1.428837054085163594e+01 1.455071849957042573e+01 1.471240600185062419e+01 1.494248368943220839e+01 1.507523184282586826e+01 1.515890459912866461e+01 1.530145477398007081e+01 1.543874489599011923e+01 1.557317261995644486e+01 1.560096017775109090e+01 1.571167822723907825e+01 1.592037521335213768e+01 1.604391960606064771e+01 1.613988423902292269e+01 1.626319329102936706e+01 1.639177364587981955e+01 1.662172003353204985e+01 1.665436916551379909e+01 1.679544387267668171e+01 1.684185330929222602e+01 1.699164988693449985e+01 1.717733835156335687e+01 1.739904932122463421e+01 1.745976196335919184e+01 1.765147480074658404e+01 1.771375885458095567e+01 1.780251366502645283e+01 1.810212592319435032e+01 1.841253701537980447e+01 1.875319345570516560e+01 1.892788540252971075e+01 1.896781434280069334e+01 1.953358573626560002e+01 1.956431100622235775e+01 1.968900772493235962e+01 1.996450456994730871e+01 2.022785684010063889e+01 2.041167184873914309e+01 2.058938080987475772e+01 2.103964995161576468e+01 2.132776054536322263e+01 2.209112839432625819e+01 2.253357085965150475e+01 2.279684545345700641e+01 2.333305939310116983e+01
8.823653812779996830e-01 1.007269528089762778e+00 1.543161018765701664e+00 1.551151098544267581e+00 1.757399304035276222e+00 1.838524997427535945e+00 1.875106428920964685e+00 2.429696646184879238e+00 2.510918963358345302e+00 2.646083168212606918e+00 2.763609558580868431e+00 2.821045094683338306e+00 2.914090365101222879e+00 3.014833678859381916e+00 3.093789919507809127e+00 3.160211606998323930e+00 3.272191035137351989e+00 3.306188604316120383e+00 3.401174048817201534e+00 3.418519499935136707e+00 3.489042256322812285e+00 3.561908155335374193e+00 3.592747264396192186e+00 3.640692843353019015e+00 3.714576872596383250e+00 3.810778961679980537e+00 3.869852022630820620e+00 4.038560462418653962e+00 4.194581895463167065e+00 4.223526956387927633e+00 4.341822356219811496e+00 4.502330917657169529e+00 4.706597739320262264e+00 4.797673722029272447e+00 5.074799434380091512e+00 5.174649818955336933e+00 5.235861676785003027e+00 5.342932963268442137e+00 5.507660976406543618e+00 5.619949005056966485e+00 5.851323834297356363e+00 5.963335833096369498e+00 6.010266630783251962e+00 6.109429228823460178e+00 6.234022305172434386e+00 6.664321473232494242e+00 6.738087915026444996e+00 6.896113913228328229e+00 6.958555663941661251e+00 7.040903998171934575e+00 7.107747491926880379e+00 7.303544169650385776e+00 7.325565942117101770e+00 7.365217589946172261e+00 7.472619114186072053e+00 7.540425075568451874e+00 7.602607629198734784e+00 7.654113103500749027e+00 7.877692489566743284e+00 7.925607374289167062e+00 8.057896634353770793e+00 8.101568851932851700e+00 8.232744056932158827e+00 8.373248506236741662e+00 8.616061649460579730e+00 8.766166793448594063e+00 8.918787711620780101e+00 9.027727257025910390e+00 9.145504107618679157e+00 9.177248730039833546e+00 9.361340009935613438e+00 9.505628188037357873e+00 9.570671615554973144e+00 9.818938899938759235e+00 9.945768578897073553e+00 1.008644862176284107e+01 1.039185112744337935e+01 1.058495038677382283e+01 1.061303154467582921e+01 1.070321960273797401e+01 1.081527328454311565e+01 1.097328964870347257e+01 1.114077762317134734e+01 1.131420410417649869e+01 1.134861235200582996e+01 1.142188479083896446e+01 1.154269401725236932e+01 1.174699513744324442e+01 1.186322645290461608e+01 1.198423342269464875e+01 1.221230965505147381e+01 1.240454849583643337e+01 1.269521736274987056e+01 1.302250973223201846e+01 1.365122014380347615e+01 1.371794092719258806e+01 1.381029238944245030e+01 1.396158779377135239e+01 1.406125866018958348e+01 1.426609789535665662e+01 1.457816432839909915e+01 1.472320596344206045e+01 1.489390881864932936e+01 1.510104145128294739e+01 1.519271767091884051e+01 1.532152596702072245e+01 1.544593902195809143e+01 1.556873511737830107e+01 1.559925298357736523e+01 1.568484504968430748e+01 1.595115623435722974e+01 1.598174673737047868e+01 1.610215008614312993e+01 1.625545073979284894e+01 1.636570794153895747e+01 1.657147547765229234e+01 1.658244300747064415e+01 1.672475822139424650e+01 1.680658612919343042e+01 1.700528931355597706e+01 1.719456858957608603e+01 1.731374765407209182e+01 1.748589496043856073e+01 1.758963800189740567e+01 1.761194843705138169e+01 1.774321603742014375e+01 1.824844760173282054e+01 1.843566400685391571e+01 1.870234083268108805e+01 1.899062457406777682e+01 1.906166090669982793e+01 1.955019638028882767e+01 1.958238361328714916e+01 1.968059265137185321e+01 1.996104012393750793e+01 2.025135066320127208e+01 2.048246889444114771e+01 2.069477591707176956e+01 2.106172544654683065e+01 2.133551705251853292e+01 2.206547008625878448e+01 2.251177846725193632e+01 2.275988295459575639e+01 2.321196452447740199e+01
1.083133349579836313e+00 1.243024108672064587e+00 1.675303918409181358e+00 1.698503018882191462e+00 1.941267224932240465e+00 1.994112245848344678e+00 2.157997425614766041e+00 2.503317746749109229e+00 2.599195334067647689e+00 2.700710594421750876e+00 2.850253207191389304e+00 2.910112852129821626e+00 2.961214827596361232e+00 3.083018042216696397e+00 3.098607849230386790e+00 3.238154960904363833e+00 3.267859282695542600e+00 3.369403605420754566e+00 3.430056191792714593e+00 3.512087029684093142e+00 3.524932326633087420e+00 3.616433662429777929e+00 3.627482039240640166e+00 3.697483328602655384e+00 3.735554375159817475e+00 3.824438916247097531e+00 3.876816577600114666e+00 4.078493376376830959e+00 4.336888854184610231e+00 4.369435869078214019e+00 4.380860781872699228e+00 4.524864591394514690e+00 4.715208891822523007e+00 4.853664214734600968e+00 5.045638676514199616e+00 5.182768117129143093e+00 5.229207020429604391e+00 5.366605526698132067e+00 5.530201339325712340e+00 5.633493308019231094e+00 5.811198703558821954e+00 5.955520747399292603e+00 5.990536050752687025e+00 6.101997915932607874e+00 6.203000509791788630e+00 6.637150715673993062e+00 6.692111105031004037e+00 6.881498254685403104e+00 6.977765517872349221e+00 7.009077007792074099e+00 7.080884377006207764e+00 7.285278582811781867e+00 7.342931222821184711e+00 7.359961217278084611e+00 7.480276211221888794e+00 7.540170275644841880e+00 7.664762763604739959e+00 7.710092891229494150e+00 7.896172541454615335e+00 7.958253798199633522e+00 8.091114549877394424e+00 8.177038250986882417e+00 8.321271820134544583e+00 8.414136185716495575e+00 8.750192852372387975e+00 8.828099234309012999e+00 8.995025380047096064e+00 9.116355083358847367e+00 9.257717055844789655e+00 9.305069033232959086e+00 9.464574007033959901e+00 9.588529750013055519e+00 9.656339028191599283e+00 9.879755038697558334e+00 9.946952992206226085e+00 1.010198801772495081e+01 1.046872690541617956e+01 1.059778245033994359e+01 1.068105153698474830e+01 1.080094584332798746e+01 1.080885031252977058e+01 1.099792261642469171e+01 1.113243729368175039e+01 1.132267101099576578e+01 1.145502060604797023e+01 1.149159673795208825e+01 1.159120626630491913e+01 1.180273354749833459e+01 1.189693786308736989e+01 1.202977900776241782e+01 1.226840062013943644e+01 1.248758143043135149e+01 1.274946996229424734e+01 1.346166918353385356e+01 1.367389607434964205e+01 1.373400727277825872e+01 1.381458453063572200e+01 1.399830120359206376e+01 1.410913280701882933e+01 1.424537056183372741e+01 1.461128642334355199e+01 1.471696733799870493e+01 1.485213963845738050e+01 1.510852227875519738e+01 1.520293416892634397e+01 1.532647609251003118e+01 1.545569509221903992e+01 1.553380917062151845e+01 1.558266209292302307e+01 1.569825130401344815e+01 1.590671967238223239e+01 1.596218223081547016e+01 1.607962036162820141e+01 1.625469188221154226e+01 1.633148483380280425e+01 1.650186803447889261e+01 1.650305037402730335e+01 1.667594643348559202e+01 1.674054418522918652e+01 1.696852531207489179e+01 1.714105944970824780e+01 1.722617889010479431e+01 1.747700804090165505e+01 1.749102055443868409e+01 1.762217142824595228e+01 1.785149496784264045e+01 1.830640241406721103e+01 1.840937488488354390e+01 1.857868269843628894e+01 1.919530403624445469e+01 1.938307440250447655e+01 1.956788947480456642e+01 1.963789574597855037e+01 1.967305184749201885e+01 1.996140860012327423e+01 2.028756407981569865e+01 2.057099497942131805e+01 2.081924709910807181e+01 2.108842348206617601e+01 2.134988271700482443e+01 2.204585626454892378e+01 2.248978985073145509e+01 2.272024083634681446e+01 2.308296203075228092e+01
1.273013319010147137e+00 1.469719087889595599e+00 1.809948007117054614e+00 1.856738032283612228e+00 2.052254636997558723e+00 2.104804784217924496e+00 2.492041040405858165e+00 2.572798232825381337e+00 2.684581833694185349e+00 2.740293821334593538e+00 2.923712397360398896e+00 3.025760722127122992e+00 3.066807419442140858e+00 3.092086841339289904e+00 3.210968590490790309e+00 3.235824773304234458e+00 3.350182236934649893e+00 3.389450988712410240e+00 3.455644836829001143e+00 3.572300200184565178e+00 3.590029523690888347e+00 3.646395375836053443e+00 3.676728073186406487e+00 3.777264933827649607e+00 3.811377150321742846e+00 3.861677968534722005e+00 3.943899534579955901e+00 4.132061433852835641e+00 4.395965059315109613e+00 4.491487358106053485e+00 4.568948801003177351e+00 4.582275482076744844e+00 4.742195793461508657e+00 4.870458023379284462e+00 5.031393495473868605e+00 5.197114580860139554e+00 5.241911042242464625e+00 5.408732429806781816e+00 5.558352916721585935e+00 5.653808447135241444e+00 5.772319833576085912e+00 5.936670089611782331e+00 5.965199351173065878e+00 6.092660276077584314e+00 6.164801476627263632e+00 6.596519541599867864e+00 6.630033423495281575e+00 6.845089686495827053e+00 6.929382753454607524e+00 6.993795203825042606e+00 7.055800112046403783e+00 7.236809211984254198e+00 7.281690555194795245e+00 7.373377236413363178e+00 7.512426824080459475e+00 7.524679472635772193e+00 7.696449372996343463e+00 7.760497646357150003e+00 7.892205400041239827e+00 8.004711118001159420e+00 8.103723385247638689e+00 8.241215033188794337e+00 8.410703398184718793e+00 8.499387336511986746e+00 8.845832260578653461e+00 8.881614245837873511e+00 9.051940692665480626e+00 9.150539825981134356e+00 9.360560320544569990e+00 9.380511432668869887e+00 9.626116447692149691e+00 9.731185492040236085e+00 9.774997443202451564e+00 9.938476986218571341e+00 9.962180449260351622e+00 1.015437377202997027e+01 1.053445987867310762e+01 1.059182163548948452e+01 1.073219866125388045e+01 1.078765797726931908e+01 1.091583517235174305e+01 1.102033922838530877e+01 1.111773763794940351e+01 1.131260604050077134e+01 1.151110237116775359e+01 1.155760064033815482e+01 1.163951846072571428e+01 1.181199406436127397e+01 1.194406780065668983e+01 1.214120132244583594e+01 1.231073694818867814e+01 1.258442603213300970e+01 1.279801276443854441e+01 1.356187256775388583e+01 1.365046298189452578e+01 1.374644978025328435e+01 1.391591187217127867e+01 1.408029215247264609e+01 1.419764169063975423e+01 1.424431980167022971e+01 1.465129634709740358e+01 1.468476565377804377e+01 1.482443184989074325e+01 1.508520619465323875e+01 1.518496810032910638e+01 1.531059726168893675e+01 1.544623734659908187e+01 1.547755409521808900e+01 1.558655364179145764e+01 1.570729661342408434e+01 1.584686011368718539e+01 1.593678642718297844e+01 1.607257378075006926e+01 1.622997360785420895e+01 1.629109565583731012e+01 1.640910260345902927e+01 1.643805683911807591e+01 1.662265696532727688e+01 1.668734891453289038e+01 1.688191811926520813e+01 1.701085900490923919e+01 1.711772059906236976e+01 1.738358853405656035e+01 1.739364800392374732e+01 1.754887584772546916e+01 1.805556531120750208e+01 1.826942863652968896e+01 1.836067865474723249e+01 1.882629971815250869e+01 1.946421647478070938e+01 1.958405552057528709e+01 1.962672574661372948e+01 1.970261749951047747e+01 1.991119328614852080e+01 1.998385996105313822e+01 2.035331027922059022e+01 2.067647262607696490e+01 2.095397103679211170e+01 2.112224583756370322e+01 2.137401716824232167e+01 2.203593630952305560e+01 2.247515651523028524e+01 2.268270693111055536e+01 2.295840224459691115e+01
1.451521137401889483e+00 1.684952510648888069e+00 1.943457307677816992e+00 2.014370372504908691e+00 2.143318906331528773e+00 2.197437487201702400e+00 2.634186236335563258e+00 2.714486678733054159e+00 2.749357837437547580e+00 2.816302654645037595e+00 2.987226480395337891e+00 3.042771858978438715e+00 3.116654166826603678e+00 3.176532549551352336e+00 3.256022640959390202e+00 3.287846711268948674e+00 3.403309223725352606e+00 3.457494292940995528e+00 3.491257579530474331e+00 3.571511149917868444e+00 3.616571097204538621e+00 3.664091235122730161e+00 3.822817782562141886e+00 3.856130752494281388e+00 3.894102955856812098e+00 3.961818077287321493e+00 4.067433824562563416e+00 4.216305933592878752e+00 4.440041397547155100e+00 4.612163386193969039e+00 4.684636969263018536e+00 4.720104460195512885e+00 4.819258340086028269e+00 4.848870249944559063e+00 5.071589301608103284e+00 5.213952772626819332e+00 5.274241032538477647e+00 5.463014272559662210e+00 5.591204936546346538e+00 5.671790230223053619e+00 5.748052915044455702e+00 5.907909964480739795e+00 5.938220808922622496e+00 6.080423519268777000e+00 6.125957697836967419e+00 6.526196559039625811e+00 6.574303639991747161e+00 6.786691823919628774e+00 6.862472160270462140e+00 6.942402679797391229e+00 7.035320759863138207e+00 7.171983257163640602e+00 7.213354259805417001e+00 7.364689097518653860e+00 7.493853501128783456e+00 7.553047105643587500e+00 7.662790349627059960e+00 7.801803222424247508e+00 7.904654873130734671e+00 8.054712254406512173e+00 8.110059804379082138e+00 8.279951142374100570e+00 8.507536202869156128e+00 8.594074755598429149e+00 8.886892803102123040e+00 8.936772303262332073e+00 9.095010199302738130e+00 9.164077382513662329e+00 9.352659907571016618e+00 9.470624993588169005e+00 9.708026394704434736e+00 9.834470076025830565e+00 9.929028278104436112e+00 1.001981649583051492e+01 1.004312426139254733e+01 1.029283759379341490e+01 1.057068858939046585e+01 1.061471420579772662e+01 1.071734803712866757e+01 1.078553679175402458e+01 1.098313091149129228e+01 1.105079664943126616e+01 1.113671467591689712e+01 1.134058900183720908e+01 1.152327110785781805e+01 1.157885041542941451e+01 1.170534682417310002e+01 1.180817880702188916e+01 1.203024196046466265e+01 1.224408010365396748e+01 1.237741968695877048e+01 1.271550180465436952e+01 1.284164526278504859e+01 1.356291468607523143e+01 1.361352736052882939e+01 1.371882621186801998e+01 1.391458924229636196e+01 1.418579858123218784e+01 1.423921763427539311e+01 1.433666653083833076e+01 1.462953780488514965e+01 1.468664824942618452e+01 1.480587237360217578e+01 1.504262065098763124e+01 1.515006913478653061e+01 1.527956006538691547e+01 1.539721750599780137e+01 1.541317559597613318e+01 1.558647669230599497e+01 1.570192396646761956e+01 1.581697850435123343e+01 1.591545095799076392e+01 1.604266111059947164e+01 1.618130471311613405e+01 1.624230332902290641e+01 1.629726079613561041e+01 1.637793025698257310e+01 1.656141844452653444e+01 1.666193366025773415e+01 1.677704048890210231e+01 1.686655420667615957e+01 1.698594558962071233e+01 1.728059709757435414e+01 1.730379136236485138e+01 1.746142810498303533e+01 1.800904707570048657e+01 1.818990638382903668e+01 1.824089779671684397e+01 1.944166925225522746e+01 1.956343734044926208e+01 1.959302989141400886e+01 1.976297146895937473e+01 1.996326619744796460e+01 1.999293026741874968e+01 2.040108400955630330e+01 2.051709512942179714e+01 2.079624190183003307e+01 2.110563096594334453e+01 2.116798530299827874e+01 2.141734298739976339e+01 2.203807595691171173e+01 2.247689308640144290e+01 2.265423396273285661e+01 2.284820159664309003e+01
1.618585899226675506e+00 1.885682015452620597e+00 2.071575255452549058e+00 2.154192096686726732e+00 2.224042118729017137e+00 2.279890726626699671e+00 2.685894514408410316e+00 2.697671079599795352e+00 2.800002970915453027e+00 2.937640113220014282e+00 3.027901861414258100e+00 3.080442641703193818e+00 3.145965535868062268e+00 3.188289763673995747e+00 3.292186637213090350e+00 3.368268254112579019e+00 3.401675037748803199e+00 3.458121564555224126e+00 3.523072997413880802e+00 3.566492066101512926e+00 3.646968947040734044e+00 3.739791595899666810e+00 3.900717983300715730e+00 3.995721996479687732e+00 4.025082397101533260e+00 4.113092518845070877e+00 4.177068864042933427e+00 4.364807705264568405e+00 4.497755074103231721e+00 4.688438817853199048e+00 4.762424223198927109e+00 4.768232056713806344e+00 4.892392978596782349e+00 5.022805174899224845e+00 5.092463913730557401e+00 5.271335712252736450e+00 5.305637773648410160e+00 5.517255922815961000e+00 5.623837821937708981e+00 5.678904198134224757e+00 5.761159454913216571e+00 5.873679828263584035e+00 5.912961797185793955e+00 6.062568093456945029e+00 6.092137679255849037e+00 6.440572219370993778e+00 6.518252219306273965e+00 6.715115343047975749e+00 6.782274654107818712e+00 6.845909685765987795e+00 7.004537716291699745e+00 7.114293587878896652e+00 7.148203262494414290e+00 7.317987821330713238e+00 7.480322501229162313e+00 7.557764010637504803e+00 7.609848578153219023e+00 7.837910766788715122e+00 7.924015412736038932e+00 8.089562335717149111e+00 8.126231479211510234e+00 8.309042573863829162e+00 8.596307898614801601e+00 8.670957471983300024e+00 8.906043985013980091e+00 8.969854054304668978e+00 9.131952675152529508e+00 9.180764294309335938e+00 9.322298059816537474e+00 9.520154972776037283e+00 9.697979167346128193e+00 9.839445522271148548e+00 1.001453586692915643e+01 1.012855263000356310e+01 1.018040532336480020e+01 1.044262330725423205e+01 1.056818274267920010e+01 1.067408512379634900e+01 1.071239863312363028e+01 1.074623510986665131e+01 1.097750260685312895e+01 1.113656849670335092e+01 1.119730474315895385e+01 1.143582709524460483e+01 1.153413375571075505e+01 1.159761840203688443e+01 1.175938407461826785e+01 1.183920034613785255e+01 1.213334070991954583e+01 1.232557028219130579e+01 1.248325474062731111e+01 1.287622195605742803e+01 1.289584559067256997e+01 1.352081871664040946e+01 1.357677980471450674e+01 1.370670797167708166e+01 1.389515028164919208e+01 1.420115247611181353e+01 1.426116869627947281e+01 1.445062362570341108e+01 1.456191342553713675e+01 1.469477231183147659e+01 1.479144175743458334e+01 1.500597607101659037e+01 1.510037514936707481e+01 1.524438603273449466e+01 1.527362079117330040e+01 1.535636931334244792e+01 1.557593496873907313e+01 1.569302998188446097e+01 1.580043351538289187e+01 1.591047961974479819e+01 1.598796263826631403e+01 1.612490995062271892e+01 1.616317374217786096e+01 1.620377011514303689e+01 1.631660566475529350e+01 1.650402790165741607e+01 1.662992089190684908e+01 1.667834471371687854e+01 1.674217374340335240e+01 1.685447381705526482e+01 1.717545273871089861e+01 1.721788190474428148e+01 1.737135104086250692e+01 1.789982348450356398e+01 1.812701324956300653e+01 1.815359704746438041e+01 1.953590751305485185e+01 1.957739948842344191e+01 1.972480195733602670e+01 2.000980712336762224e+01 2.007626268676790815e+01 2.032311596368288420e+01 2.072873303529116740e+01 2.090266895742611908e+01 2.093302180002402935e+01 2.121797981119943799e+01 2.134904497191027062e+01 2.154481610014115844e+01 2.206272609974838517e+01 2.249493783099374866e+01 2.265111747839260303e+01 2.276537383749021970e+01
1.774148940453697865e+00 2.065225705882896445e+00 2.188872704097002853e+00 2.254041798263876295e+00 2.287185329117646493e+00 2.391880716106914218e+00 2.650203284947133753e+00 2.727280095290023798e+00 2.812658713095808949e+00 2.882936058278836366e+00 3.070005202723647741e+00 3.076278712837643425e+00 3.156235837721174775e+00 3.232325552635727295e+00 3.303704630898524286e+00 3.360966258948792085e+00 3.372757647040434126e+00 3.485389857646560063e+00 3.536955239979179932e+00 3.634766927863361197e+00 3.654156851791416916e+00 3.778005548604824071e+00 3.984913072885104324e+00 4.077356073627018240e+00 4.175284408128137059e+00 4.291237914615499527e+00 4.324087185312704307e+00 4.533313862762152979e+00 4.578488224960436170e+00 4.693963089658913290e+00 4.825953535380695492e+00 4.841122613763592319e+00 5.029749121830952241e+00 5.105029280661587343e+00 5.198318044384817149e+00 5.295888315961208903e+00 5.380978657021306510e+00 5.551429601119759027e+00 5.644344221415822815e+00 5.701413727214398541e+00 5.804601251091131786e+00 5.847000575519702537e+00 5.896519948140419132e+00 6.025349999029141479e+00 6.075884651443832496e+00 6.354924979796563456e+00 6.453703884958562398e+00 6.637914962253725903e+00 6.688219618006551848e+00 6.721564226626393967e+00 6.930830178984730416e+00 7.048869833938847584e+00 7.129516468106253946e+00 7.242208363120388626e+00 7.463240340006402462e+00 7.530755693398456962e+00 7.566716679830985726e+00 7.868521391932435272e+00 7.949560949426609291e+00 8.093038331008289177e+00 8.173825862748941518e+00 8.337334938989693356e+00 8.657320231471382854e+00 8.721542350978785052e+00 8.914080952708836492e+00 8.978024567915211307e+00 9.159952747120895467e+00 9.206724588285508659e+00 9.299265405484463898e+00 9.533217093388286045e+00 9.656162244693984320e+00 9.817266853638434654e+00 1.003963384080054411e+01 1.018201639347513243e+01 1.025477345128991935e+01 1.046771595115133380e+01 1.054378291858705374e+01 1.068762564138260451e+01 1.069096402442675675e+01 1.087820392913957157e+01 1.099978827888427979e+01 1.115975254928921423e+01 1.130224704709438122e+01 1.147307767220500452e+01 1.156898865459239722e+01 1.176549353243281892e+01 1.181817080160456435e+01 1.188292081156724755e+01 1.225119695062302050e+01 1.243480569239476452e+01 1.262590353951358502e+01 1.289788412550963237e+01 1.309567617294996467e+01 1.342744025716526579e+01 1.358784216202896822e+01 1.370434950625398507e+01 1.386858736225934585e+01 1.419456067592665960e+01 1.423685090100024020e+01 1.448771759873945264e+01 1.453780690673448639e+01 1.467041753840448415e+01 1.478534850153298308e+01 1.496000556314908003e+01 1.504800933509875627e+01 1.508378474268967473e+01 1.523742533467510185e+01 1.529133027684657797e+01 1.555997555018930001e+01 1.566623215219037490e+01 1.578465059063347908e+01 1.590558723088498461e+01 1.592546481694968818e+01 1.602463407567131881e+01 1.610048742601113858e+01 1.616686571019907603e+01 1.625675230074848443e+01 1.643953940991082519e+01 1.654159054446514432e+01 1.660188936634094858e+01 1.669072759175412202e+01 1.674093322373110482e+01 1.707819922809593294e+01 1.713514501603681239e+01 1.728738234399099483e+01 1.779176701593416610e+01 1.807658310161910364e+01 1.810206200566190660e+01 1.951233296296895858e+01 1.958973547909586088e+01 1.978491085102083602e+01 2.008710613188920746e+01 2.024430773660232674e+01 2.061397044310343674e+01 2.096646164733373396e+01 2.110248238490797235e+01 2.117101215083548027e+01 2.129466432159791012e+01 2.150081746550612749e+01 2.189012759218417159e+01 2.220283226294617762e+01 2.252399643581836131e+01 2.269772622500814308e+01 2.276486882712530146e+01
1.917248109096490349e+00 2.194919599331626170e+00 2.292780848931461612e+00 2.327743265799553818e+00 2.356788391078870504e+00 2.517702800069169466e+00 2.596013042264250448e+00 2.748218625189936315e+00 2.787054187349421674e+00 2.839476277177267249e+00 3.003346870768223820e+00 3.057748387136844048e+00 3.119919883377447523e+00 3.249228186065397761e+00 3.288001659261949428e+00 3.334068973179784567e+00 3.338171269686299958e+00 3.505147203508997666e+00 3.557992494055416621e+00 3.635240812099342911e+00 3.754211946199406125e+00 3.810972683459361132e+00 4.047425989881085151e+00 4.111882661197337363e+00 4.273718313067565333e+00 4.451730313526972793e+00 4.502242493263389100e+00 4.646045477949068747e+00 4.725751763652891846e+00 4.728248967372221223e+00 4.883604900306604435e+00 4.936738384409538050e+00 5.075968670425408114e+00 5.194089548751726682e+00 5.283595944535050215e+00 5.342709104192252312e+00 5.467712399809728119e+00 5.559079489397211304e+00 5.670425444398937032e+00 5.736870870293183877e+00 5.818565936886041179e+00 5.883820863004365798e+00 5.891005555089518175e+00 5.975659683714723336e+00 6.073218699710885460e+00 6.273171334288780265e+00 6.381951592664787398e+00 6.542600456063747849e+00 6.576608687175528267e+00 6.611048349536768676e+00 6.842933525349964796e+00 6.964772350189471162e+00 7.146039296078898317e+00 7.155050912380573003e+00 7.441256192846110729e+00 7.482729916720273877e+00 7.538133626787430153e+00 7.889125985922129658e+00 7.979840304057162825e+00 8.091343751274875373e+00 8.233114764914461148e+00 8.367657583279175526e+00 8.679172341313531547e+00 8.745500070179764052e+00 8.905271944318615240e+00 8.975380640728182868e+00 9.173227868177916022e+00 9.236282240699415169e+00 9.299925094724340369e+00 9.524367886377854475e+00 9.602808957009020929e+00 9.797174900696379751e+00 1.002972546340308391e+01 1.011842151199335227e+01 1.030044473184290510e+01 1.041713437667269027e+01 1.053193474254479689e+01 1.068388982096574935e+01 1.075198706178994534e+01 1.096999006264574739e+01 1.104769139829582159e+01 1.116942531091315693e+01 1.135106136186449710e+01 1.154677450324291321e+01 1.162816201599501831e+01 1.178526828894066547e+01 1.190953680928769565e+01 1.210077706227173699e+01 1.236830679447482240e+01 1.261882466260534308e+01 1.281786189856434888e+01 1.290731230654706962e+01 1.325573517401693380e+01 1.332201599816560211e+01 1.364085859291551550e+01 1.371435277827444565e+01 1.382121703876482499e+01 1.414770185539371816e+01 1.421941358188652060e+01 1.440208540119744640e+01 1.456858959951993349e+01 1.462980023324460888e+01 1.476705001438397780e+01 1.484210786861023834e+01 1.493377380913351082e+01 1.501992523037389837e+01 1.520130132962689196e+01 1.526864864281175294e+01 1.553861327357907385e+01 1.560893710764308118e+01 1.574855921080180465e+01 1.582747273474216598e+01 1.592869256050638072e+01 1.595346650094692897e+01 1.607292161913461470e+01 1.614250538272568036e+01 1.620791067702314336e+01 1.636857281453962898e+01 1.643427999369236758e+01 1.655404612408964837e+01 1.664439394679949302e+01 1.668444478289907096e+01 1.699858111138708949e+01 1.706070967888031475e+01 1.721991893395568951e+01 1.770514811770990349e+01 1.804248543574449926e+01 1.806908776450075038e+01 1.948322418460835692e+01 1.960269804894174328e+01 1.981647442428414863e+01 2.017571098553596798e+01 2.032572550987160298e+01 2.083378309588194810e+01 2.104462743513924394e+01 2.119821724687820108e+01 2.131818504740846620e+01 2.153937110774492680e+01 2.159669700614917787e+01 2.199046138215122781e+01 2.233346778389527287e+01 2.257813959325767783e+01 2.281383242384385568e+01 2.306477636297840306e+01
2.044129603652916405e+00 2.240831249019008098e+00 2.378906260474924927e+00 2.398929421641219140e+00 2.447806341126230301e+00 2.566768761615966898e+00 2.596831034921747161e+00 2.718368409708522559e+00 2.801032517617757733e+00 2.829072006777598958e+00 2.923224437120587549e+00 3.004575824166477283e+00 3.055182366260927651e+00 3.186367351126294434e+00 3.245188144223872140e+00 3.318526210573408797e+00 3.338384869668324040e+00 3.501066170528908561e+00 3.565817502834145891e+00 3.676936393537655778e+00 3.790389285843160039e+00 3.874270361925150397e+00 4.062392953629393233e+00 4.141603532800502308e+00 4.333574014204725877e+00 4.547801799901064257e+00 4.656570641226038809e+00 4.767955233330734011e+00 4.792215222410722397e+00 4.854618918054826260e+00 4.940012326296114864e+00 5.038732863332714196e+00 5.072781172635790092e+00 5.243246775773359403e+00 5.300596510400267469e+00 5.444232975084703163e+00 5.523060437787545851e+00 5.595419753912273642e+00 5.682693591868574146e+00 5.779199116177803575e+00 5.832641790427028461e+00 5.882986506535230475e+00 5.930748346445891883e+00 5.939083678760564311e+00 6.087295127640632408e+00 6.191537564404884897e+00 6.307854106133516048e+00 6.404654591987186230e+00 6.482419047755385577e+00 6.550928107197300676e+00 6.761856266870940324e+00 6.884364080222201920e+00 7.074741006900409523e+00 7.169724111397441924e+00 7.415331756463246826e+00 7.430497794811380174e+00 7.524450016714488321e+00 7.899028563778806244e+00 8.011162310592577995e+00 8.088308334269832756e+00 8.299896585404836102e+00 8.398650435150530669e+00 8.667667829332824425e+00 8.729554920545627539e+00 8.887582705921094117e+00 8.982379834053665135e+00 9.177354617519304369e+00 9.251563929676157372e+00 9.321812123678693496e+00 9.514006177384517926e+00 9.551942296843526137e+00 9.781634478557137413e+00 9.991517067283391285e+00 1.004238842922036135e+01 1.031175058177988468e+01 1.037956546465534835e+01 1.052892581113515647e+01 1.068926543106582194e+01 1.081499711373607830e+01 1.098998757599698095e+01 1.109839591813570614e+01 1.118070135813640675e+01 1.136968579250807743e+01 1.163557641199176018e+01 1.168856972469582800e+01 1.176176375625254167e+01 1.194345492785511276e+01 1.238607609665371001e+01 1.246863212989751268e+01 1.287809340591409679e+01 1.291691293583181910e+01 1.305184954298897892e+01 1.322572134344857631e+01 1.334593139230818437e+01 1.360788008732394516e+01 1.376102929381019635e+01 1.383138334702750250e+01 1.407193859698620031e+01 1.423618483804777490e+01 1.426675568709755204e+01 1.449137224253768252e+01 1.457488209765439535e+01 1.462027816862140028e+01 1.482120101548556335e+01 1.490781476709651621e+01 1.499651092084502757e+01 1.513367490042998931e+01 1.528790381220717620e+01 1.551221327021990071e+01 1.553006815817849429e+01 1.567470877996758993e+01 1.579860504154235201e+01 1.588849863928895623e+01 1.596049859784331026e+01 1.606063172152684615e+01 1.611159151604914186e+01 1.618668180761358499e+01 1.630398669953222068e+01 1.635331431213924702e+01 1.651701714185929148e+01 1.658719289345882331e+01 1.667564093302984318e+01 1.694201326015403808e+01 1.700319384375856657e+01 1.717298920537169948e+01 1.764357556771479452e+01 1.802329030531615928e+01 1.804656370116568098e+01 1.945868433645529905e+01 1.961295008289951269e+01 1.983404209751111580e+01 2.025817991524700190e+01 2.037147851659899089e+01 2.098153084224200171e+01 2.108621057519595610e+01 2.123337253619542864e+01 2.142911965509162542e+01 2.167458854516866751e+01 2.173287409484588650e+01 2.203145230866489968e+01 2.229867187678651064e+01 2.262547706857548491e+01 2.292606311803205088e+01 2.351686962657464619e+01
2.144652719863745283e+00 2.248639297478002508e+00 2.390424655109609109e+00 2.472172084008711579e+00 2.515586481573056421e+00 2.556525059173374803e+00 2.634805625269727614e+00 2.738449299207765808e+00 2.779708893243754364e+00 2.851735964317137828e+00 2.871133634216879393e+00 2.939311606965700818e+00 3.021059150183698527e+00 3.135148220305630673e+00 3.179977811497356477e+00 3.252649884055526908e+00 3.360456825008232506e+00 3.516018392557096472e+00 3.558741158851243203e+00 3.726753640517253885e+00 3.793944426447472207e+00 3.919483925474597452e+00 4.074555778254556948e+00 4.138259526504826979e+00 4.367170374179038639e+00 4.617767107783270042e+00 4.731797319972569582e+00 4.858384536921144914e+00 4.898032199967643940e+00 4.928389364292264041e+00 4.981243317723531128e+00 5.038856170256780231e+00 5.116965184917767751e+00 5.210635157464264644e+00 5.369826583623871663e+00 5.472686905784077460e+00 5.606140511423006956e+00 5.655959958528323561e+00 5.688717011546553515e+00 5.794559533719239930e+00 5.841835471848797923e+00 5.861904876366276440e+00 5.919548586874190832e+00 5.957184699381308235e+00 6.119854729784068859e+00 6.124847150249258299e+00 6.238213363103138676e+00 6.286544713380020077e+00 6.435369539860562149e+00 6.515773834552724963e+00 6.693480996873783617e+00 6.829902904430693589e+00 7.018183301927081175e+00 7.192078805147945175e+00 7.371128435834926051e+00 7.409926541945067946e+00 7.520283891751383898e+00 7.901736208740028466e+00 8.039794156162269445e+00 8.081600778998483392e+00 8.367692967329665166e+00 8.423239059727629652e+00 8.640341366570421400e+00 8.678189381089495669e+00 8.886006177581970533e+00 8.992903835661650191e+00 9.178408693890865777e+00 9.248926417698552171e+00 9.350047061123321512e+00 9.502097012643368146e+00 9.523620331402089079e+00 9.771651481489037394e+00 9.943981218502525365e+00 1.000060482987665544e+01 1.031107822283481923e+01 1.036630964058964466e+01 1.052079189715608365e+01 1.069742858466917035e+01 1.085511840794129412e+01 1.099162559833748709e+01 1.113483999786809342e+01 1.118054050590250093e+01 1.138848582419577937e+01 1.168846871382436881e+01 1.172082229665901032e+01 1.174697723707446073e+01 1.196824338353307482e+01 1.248930349307203436e+01 1.268706208076035935e+01 1.291364678152073076e+01 1.309173718559976152e+01 1.318362764987034019e+01 1.328047974824205113e+01 1.341489631105694436e+01 1.355310820072759803e+01 1.370704961104042852e+01 1.394090845014076585e+01 1.401799329217598000e+01 1.406992243659513164e+01 1.418920296341283027e+01 1.431895972382145921e+01 1.455473939559231766e+01 1.461338501853060912e+01 1.483561906351627968e+01 1.490435621814700973e+01 1.495709627344997195e+01 1.506693983798493441e+01 1.531115454739737736e+01 1.546808717909342512e+01 1.549111458249208262e+01 1.562942582546887849e+01 1.576932793935922383e+01 1.586429026444468349e+01 1.597731294887544351e+01 1.605822283691509611e+01 1.607855443839767062e+01 1.618810015166958749e+01 1.625440525760497934e+01 1.630913005010914318e+01 1.648782471764396362e+01 1.655752308878569679e+01 1.667102988932142793e+01 1.690921836437426862e+01 1.696801651344113537e+01 1.714575626431427935e+01 1.760687118896585091e+01 1.801463490680083623e+01 1.803255406543805961e+01 1.944256901168258267e+01 1.961953448937309119e+01 1.984338415170881831e+01 2.031720233966741063e+01 2.039383775052241532e+01 2.106532787217291869e+01 2.110904227537423949e+01 2.124245941157517947e+01 2.153058239271263830e+01 2.173120746073178822e+01 2.179682224802202128e+01 2.207154115508400594e+01 2.224333041839208391e+01 2.268260193433414429e+01 2.300629122074424160e+01 2.382705976946848381e+01
2.192132495343785070e+00 2.241969773829081358e+00 2.388778175603253562e+00 2.487088777954699292e+00 2.524238108009873027e+00 2.588577847344308402e+00 2.635340578059937489e+00 2.770544434272180112e+00 2.805018214411966859e+00 2.817800045947279397e+00 2.819648142724800799e+00 2.925957017608218802e+00 3.056547466230638666e+00 3.101473607177774205e+00 3.142377206825011093e+00 3.210259781128740997e+00 3.369086296662871405e+00 3.530702659219282058e+00 3.549332328096967970e+00 3.752660636074066858e+00 3.788396606770248809e+00 3.931299669575348155e+00 4.089360344208786024e+00 4.125001508008158346e+00 4.377773167304744639e+00 4.644947481242307497e+00 4.750200115876723750e+00 4.905030977093429279e+00 4.933617043854536810e+00 4.971900013951032093e+00 5.022879653253882637e+00 5.037611333369659938e+00 5.048918007056380830e+00 5.228893096409210628e+00 5.406939294518695149e+00 5.463735151905864562e+00 5.670528748228478300e+00 5.694582251463566891e+00 5.705279712018939797e+00 5.764756447094583791e+00 5.832573861970436369e+00 5.869776453698026586e+00 5.878112873689206097e+00 5.971246362041727096e+00 6.111229695403930684e+00 6.160145912176303362e+00 6.178798239951920124e+00 6.242006877421023781e+00 6.428142455698855784e+00 6.502057081777114611e+00 6.662715514251731364e+00 6.811872825031894507e+00 6.997695106844654234e+00 7.202777729298602161e+00 7.349876567486758994e+00 7.404465008270206816e+00 7.519573306999974172e+00 7.901953774286723409e+00 8.056475511885180296e+00 8.073374374969779055e+00 8.407728614397967704e+00 8.428749706074015080e+00 8.617914923851891729e+00 8.653494219445589053e+00 8.888386275681153137e+00 8.997378612536492071e+00 9.179273769427830132e+00 9.244058337938126257e+00 9.364413149540775194e+00 9.487589059952071580e+00 9.523191565124536240e+00 9.768293908287031257e+00 9.924079761876010153e+00 9.987528282145730074e+00 1.030948165955108564e+01 1.036455328460808012e+01 1.051595337642806349e+01 1.070110565877837061e+01 1.086807428663477104e+01 1.099162232318829702e+01 1.115591098818972071e+01 1.117070295919393175e+01 1.139759604451453789e+01 1.169093041111792886e+01 1.173751563340176141e+01 1.174884534040551820e+01 1.197735873590395883e+01 1.250963668796600814e+01 1.282229562583220783e+01 1.295875753958199894e+01 1.300602254353287535e+01 1.323942088197468614e+01 1.342867843678403617e+01 1.344880207521250703e+01 1.353787623113418448e+01 1.379768096017306966e+01 1.383028754393337856e+01 1.398530303156217691e+01 1.402425366949990604e+01 1.404143502559471557e+01 1.433253331738616332e+01 1.457531031447153858e+01 1.461416542658015416e+01 1.482777935831998839e+01 1.491164381280388262e+01 1.492040500586977281e+01 1.504261685932143600e+01 1.532224534908540470e+01 1.545333690227023560e+01 1.547849906243436990e+01 1.561570298602009110e+01 1.575148918243034935e+01 1.585901165731932672e+01 1.598708460308357537e+01 1.606020396452451848e+01 1.606070840971856839e+01 1.619616579028806669e+01 1.623005169470618725e+01 1.629660468020481190e+01 1.647626211588500311e+01 1.654884247230795680e+01 1.666939224318481649e+01 1.689860378995133416e+01 1.695632998626468790e+01 1.713684829201374527e+01 1.759467318895564958e+01 1.801248493277440232e+01 1.802753137074437362e+01 1.943696839264969967e+01 1.962180738969750493e+01 1.984637201989916733e+01 2.033957299628141513e+01 2.039938680349503386e+01 2.109250218795596510e+01 2.111671639632833930e+01 2.124351619141117808e+01 2.157494543833179534e+01 2.177478187419876576e+01 2.177808916743163081e+01 2.209608284441587500e+01 2.221309885691601238e+01 2.270936592574848945e+01 2.303507824547765992e+01 2.393453466918876060e+01
1.975035973810050471e+00 2.074611836460522607e+00 2.198885939248287347e+00 2.325378155144715020e+00 2.511876102295843349e+00 2.544117920650542874e+00 2.626576097072689020e+00 2.648983083748327250e+00 2.766554970779215861e+00 2.794105868138188953e+00 2.849218739360176667e+00 2.909185401950867611e+00 3.017141836076001837e+00 3.079061530522351209e+00 3.087912283897964905e+00 3.237047241661799912e+00 3.291563843813530621e+00 3.333272501941596744e+00 3.420370527291376472e+00 3.449111008772209441e+00 3.560470993186140909e+00 3.608552803407007570e+00 3.626177829742256886e+00 3.720884531135165485e+00 3.821877677960268560e+00 3.845197912642951188e+00 3.912949153089601229e+00 4.041832182131814832e+00 4.473951580620382451e+00 4.544830604397526841e+00 4.705438081936582861e+00 4.793526249924548566e+00 5.237841483369238382e+00 5.378585545151305602e+00 5.402119957301636965e+00 5.666397636002969307e+00 5.728873463800826293e+00 5.748234257247511358e+00 5.883046444992467983e+00 5.963328931578020686e+00 5.969354231074261108e+00 6.130334898402174382e+00 6.302556592871825458e+00 6.336932244762250477e+00 6.525266381372384572e+00 6.828033171629183329e+00 6.849659731462336865e+00 6.935595535430272740e+00 6.962275266085091729e+00 7.062989668898725704e+00 7.153671528749845798e+00 7.217992071277639532e+00 7.320499691157593247e+00 7.500920945187576017e+00 7.676609399708245185e+00 7.965082809783289086e+00 7.974485191633823966e+00 8.120355662858825596e+00 8.165252482198708250e+00 8.430599651242271619e+00 8.472325631939932933e+00 8.805658400364924532e+00 9.008885360778764451e+00 9.295757183035693316e+00 9.330329301345559045e+00 9.397348592665496270e+00 9.771156915500482043e+00 1.013993023104855773e+01 1.031731585919706440e+01 1.033249271218012488e+01 1.038402209109009888e+01 1.073030113305585687e+01 1.081134336649413541e+01 1.090978309364004240e+01 1.105117430040024473e+01 1.121031223693821666e+01 1.132472807330376163e+01 1.139175251102374808e+01 1.172475806281205735e+01 1.180801329963415469e+01 1.202140426895254421e+01 1.202243958641173194e+01 1.265272313315180952e+01 1.270408024633958632e+01 1.287479181512206061e+01 1.292077061640823921e+01 1.301051364865752014e+01 1.301450300887600875e+01 1.308141346276944184e+01 1.319238415226223005e+01 1.331179787947045234e+01 1.346680995752702970e+01 1.351619020344893407e+01 1.360978986116689349e+01 1.366907864776950632e+01 1.368403946200561450e+01 1.374898555950950296e+01 1.384574432040527370e+01 1.396235654591858300e+01 1.398945167264393419e+01 1.411370247138889944e+01 1.424003146590480640e+01 1.439771688015746776e+01 1.445763543187750422e+01 1.448383665510850626e+01 1.449058310830444540e+01 1.463561656123137134e+01 1.473634884683868407e+01 1.496971461195516007e+01 1.503576295947685715e+01 1.512936269800418287e+01 1.534857180036066282e+01 1.537759663637897489e+01 1.544458475826318100e+01 1.565159654810560674e+01 1.569167462173396643e+01 1.573743829847242282e+01 1.585739607717355248e+01 1.595134750651284250e+01 1.598466997492139186e+01 1.616508535019313797e+01 1.625998107135284343e+01 1.630475776596956194e+01 1.667621616177689958e+01 1.713878488952730450e+01 1.718898966029723141e+01 1.776407933729188571e+01 1.796466887770693432e+01 1.891320066731881155e+01 1.907450248771128543e+01 1.930160354528002031e+01 1.971526228623329047e+01 1.979632155843330565e+01 2.054118392151075767e+01 2.061992901332548556e+01 2.080476699594191814e+01 2.082326343496931287e+01 2.096619135742495743e+01 2.136371359370397016e+01 2.137326434787296847e+01 2.191082795375938730e+01 2.200870665023336414e+01 2.218864267274059543e+01 2.245253312586210725e+01
2.009673894334512934e+00 2.090437818290221461e+00 2.212257669033062424e+00 2.359208229863833939e+00 2.517897517742921920e+00 2.561131072593544555e+00 2.631944708371529273e+00 2.648578273827524754e+00 2.774561594930502917e+00 2.795518606454483912e+00 2.856454328811033783e+00 2.918432812700196166e+00 3.022868255554273631e+00 3.069299489731951880e+00 3.100918087882763352e+00 3.219093223505918644e+00 3.309388527764463461e+00 3.337581453229481632e+00 3.424735173300549107e+00 3.432016145675918839e+00 3.582611143826241129e+00 3.588590972129722001e+00 3.654864957385617785e+00 3.729962171484441313e+00 3.821948761993464228e+00 3.843441357682760628e+00 3.926878288894753766e+00 4.044658241796323495e+00 4.483619848891581050e+00 4.552413331525372087e+00 4.710591508621086554e+00 4.824236480916849423e+00 5.228292265399743677e+00 5.377667051575977020e+00 5.400540018813346776e+00 5.656592994469426650e+00 5.713408232351190996e+00 5.753384807114877653e+00 5.881275489669930856e+00 5.950073013953099732e+00 5.972267317360157257e+00 6.121611032853632395e+00 6.286347668206321515e+00 6.324513362125349758e+00 6.514125966585282868e+00 6.818603590894583455e+00 6.843522280747270869e+00 6.932091902716320142e+00 6.961417061436353748e+00 7.035018323840768417e+00 7.157346791275769782e+00 7.218635328671132001e+00 7.307352049233186264e+00 7.495441074250815738e+00 7.672396386043139671e+00 7.934118083478226779e+00 7.995202925959509876e+00 8.125805392224769719e+00 8.172168248290956782e+00 8.455182822576208679e+00 8.489485811210016664e+00 8.807380482713988101e+00 8.999719443548565678e+00 9.276105631544629304e+00 9.333191206285761155e+00 9.423181097845382936e+00 9.765898819105832018e+00 1.012653692711829123e+01 1.029809898796860246e+01 1.035227887725254448e+01 1.039327954035961454e+01 1.071102611046876874e+01 1.078499697649786881e+01 1.091101875166881108e+01 1.106158612268855101e+01 1.120371416882559679e+01 1.130291540582704890e+01 1.139346859887285390e+01 1.173608918050956262e+01 1.180037630179748120e+01 1.198761164331268247e+01 1.201796771378561246e+01 1.263079093779151663e+01 1.269812780098100902e+01 1.280177547301889440e+01 1.289333084600916024e+01 1.294610646306709789e+01 1.304206364895139814e+01 1.309626310000650484e+01 1.319669037684718482e+01 1.328807032445042502e+01 1.342813034904491509e+01 1.348477335266553112e+01 1.356059565619007223e+01 1.367335431266644896e+01 1.374195145862901413e+01 1.379963976609818843e+01 1.387253111894393598e+01 1.397467694834474194e+01 1.400116206141246522e+01 1.409632284428605509e+01 1.424281355968029672e+01 1.436345363677994769e+01 1.441818158881608447e+01 1.449780599644405221e+01 1.458195022288320786e+01 1.465966379192318847e+01 1.478063512907304933e+01 1.496416194531286692e+01 1.503321812772052191e+01 1.513121084695344010e+01 1.536700201624363338e+01 1.538489742147418404e+01 1.545455417277361754e+01 1.562295912108133322e+01 1.571793098700220526e+01 1.575962762244354565e+01 1.587063307389431088e+01 1.596280494856694787e+01 1.599125329570553866e+01 1.617163476066662398e+01 1.626148844505111057e+01 1.632375100672267010e+01 1.668922405063608494e+01 1.714400466985334504e+01 1.719382232489254392e+01 1.777257974229985393e+01 1.797053471232380417e+01 1.891513575221289045e+01 1.907779783346896352e+01 1.930536718633680593e+01 1.965572850048265607e+01 1.985742078443552217e+01 2.053108706015520468e+01 2.062507187255381069e+01 2.080022383180871515e+01 2.082395419717370899e+01 2.097923285020101858e+01 2.132915277923032704e+01 2.139727370016558794e+01 2.192064462500540145e+01 2.200814327021126715e+01 2.219968931078897967e+01 2.244327755944226155e+01
2.096119491803438706e+00 2.139718140946961888e+00 2.267500270753304736e+00 2.426846440420929785e+00 2.535814911951116191e+00 2.603560936311499319e+00 2.627034507983147638e+00 2.671600171321253825e+00 2.799896886530780282e+00 2.805235033691615865e+00 2.869876328169861601e+00 2.945235285072109299e+00 3.033280216007034902e+00 3.057825649614887453e+00 3.121838957061558339e+00 3.208821009710196126e+00 3.309448122361576594e+00 3.372205008862127151e+00 3.398806821314545701e+00 3.441818897376871966e+00 3.557111048334617109e+00 3.623168690559233962e+00 3.701377891998109071e+00 3.755862472378901806e+00 3.829080880523938468e+00 3.849277943647321898e+00 3.951401475213611292e+00 4.074027836849740680e+00 4.490031431721850375e+00 4.592890747399786200e+00 4.727380019000097633e+00 4.904106974384662365e+00 5.200524565706939661e+00 5.372832587000496929e+00 5.394822867234536190e+00 5.626048679783338891e+00 5.686762857449339847e+00 5.747391452403022960e+00 5.880596805059579602e+00 5.920118361296220044e+00 5.972714608014642046e+00 6.096845382741149955e+00 6.241915687117476352e+00 6.285901725137255092e+00 6.483251919843778133e+00 6.795637445703444079e+00 6.823035676284760598e+00 6.919901345690614214e+00 6.951516921997787257e+00 6.986554372861391471e+00 7.143748978475141342e+00 7.226964596746916492e+00 7.277567770224498744e+00 7.480729062205798918e+00 7.658824521445975364e+00 7.899811616854560015e+00 8.001108828882522062e+00 8.131743693045763166e+00 8.193439738886487689e+00 8.523759977198686499e+00 8.537573432981933053e+00 8.811625958992769014e+00 8.974670076112483130e+00 9.227375444113917524e+00 9.367954591218024873e+00 9.458345921570854742e+00 9.750644882433304517e+00 1.009168268810106817e+01 1.028879766966717035e+01 1.034354472011783521e+01 1.042698082694421657e+01 1.066080760732800670e+01 1.072865304316614576e+01 1.089784716197988423e+01 1.108200264920195188e+01 1.118694098045181917e+01 1.125552591635319466e+01 1.138692543089775988e+01 1.175549118525410286e+01 1.177748932266207404e+01 1.192220241054326557e+01 1.199042760757750337e+01 1.257810204191810755e+01 1.262397081202420601e+01 1.273834008864752931e+01 1.277446383610169711e+01 1.283274906467242005e+01 1.304961206645618077e+01 1.307728661954926253e+01 1.314584903014898742e+01 1.319933448317697078e+01 1.341793562619568370e+01 1.344889667563057145e+01 1.358322415571511499e+01 1.363851679070501888e+01 1.377863805270700759e+01 1.382175406814880425e+01 1.389963061620077589e+01 1.397932741036649595e+01 1.405800809409257646e+01 1.417398755976959279e+01 1.425345402982334164e+01 1.434566963301292120e+01 1.439131731246021317e+01 1.449132530607866443e+01 1.469660382264911469e+01 1.475499496987010950e+01 1.485373407345228003e+01 1.497987833297634452e+01 1.502802576503061616e+01 1.515021141184769071e+01 1.539872726990324736e+01 1.540989008084407530e+01 1.548272060606301892e+01 1.559924579188624882e+01 1.574614299775521786e+01 1.581985762606878332e+01 1.590313431833170910e+01 1.599977653844129222e+01 1.600893169550714745e+01 1.619320625136820979e+01 1.627493249827817223e+01 1.637059707618837479e+01 1.672649051522724051e+01 1.715652292009898261e+01 1.721239278544589268e+01 1.779698752629763447e+01 1.798830401203730744e+01 1.892146027168080380e+01 1.908744409130440545e+01 1.931457499897710051e+01 1.957537831821956686e+01 1.994529232520925532e+01 2.050956450604832071e+01 2.062781660937800865e+01 2.077491506712415159e+01 2.084282023301939191e+01 2.101113649652743121e+01 2.127865639561806432e+01 2.142133900764748944e+01 2.193474468801863253e+01 2.202019692079695545e+01 2.222760485985758905e+01 2.241843448491500723e+01
2.190185036995051071e+00 2.224382430793296450e+00 2.359286791410434514e+00 2.477216549517015309e+00 2.569891020677057547e+00 2.609892808367669570e+00 2.656173664896250397e+00 2.721884542157428033e+00 2.828807602617251504e+00 2.840257702160198683e+00 2.879047492848805678e+00 2.982214920918651924e+00 3.046756771497085570e+00 3.052761992063816265e+00 3.131944918111805087e+00 3.238237452521437021e+00 3.299394156402849276e+00 3.358194891986820529e+00 3.432416924952669035e+00 3.477577881430791162e+00 3.530649933058668477e+00 3.639736632065919242e+00 3.738208381463690611e+00 3.794535351147896307e+00 3.846386791408772599e+00 3.893991313128707166e+00 3.965517020212262267e+00 4.161615046735446022e+00 4.480493163469433604e+00 4.659667885457386305e+00 4.759204743826194850e+00 5.010292057296189761e+00 5.157118578808860043e+00 5.355934404002725913e+00 5.384911045504761518e+00 5.574918095863750089e+00 5.658508342722780249e+00 5.723817802855522885e+00 5.874013557395847407e+00 5.882229952442998844e+00 5.976111084860332490e+00 6.060045758538096905e+00 6.180373962690246081e+00 6.221476992298025088e+00 6.439715331023384337e+00 6.767259824515107880e+00 6.788087821466048943e+00 6.883115929232148211e+00 6.924629240120925289e+00 6.961338656782599443e+00 7.117490087171828961e+00 7.238636673745579841e+00 7.245852323199725831e+00 7.459373060198225325e+00 7.639630090301895216e+00 7.865815483197676983e+00 7.990794447141401413e+00 8.132960021122517702e+00 8.221163158293677498e+00 8.603636056334151405e+00 8.622723964464322322e+00 8.816873096728938819e+00 8.931763279074450779e+00 9.192651788376084099e+00 9.399498896883820009e+00 9.485470894726457658e+00 9.727414851903885662e+00 1.004626820632886108e+01 1.028426557185424350e+01 1.031234100634534201e+01 1.044760252779813570e+01 1.059769342144651105e+01 1.066435514649326066e+01 1.087048022287745930e+01 1.107686525129134303e+01 1.116213324995000988e+01 1.121416670674292604e+01 1.136420209982116170e+01 1.172352616132755720e+01 1.176603587841762177e+01 1.185125714389498164e+01 1.196053841513280247e+01 1.247209222879650703e+01 1.253057670631911336e+01 1.259325258862223151e+01 1.268293388469726501e+01 1.273591032960557357e+01 1.288438762241189117e+01 1.298377942308137456e+01 1.310017024097675176e+01 1.320512834876695507e+01 1.337975200253926289e+01 1.345238057339535942e+01 1.350607814980963362e+01 1.366584370181213437e+01 1.376966848672414834e+01 1.381804731851989843e+01 1.390611046244125326e+01 1.402382933026823331e+01 1.413968972779618483e+01 1.422565870420220513e+01 1.434650743501137882e+01 1.436547042039953581e+01 1.439587883488385955e+01 1.449471970849139879e+01 1.479506736381288512e+01 1.485655503549898171e+01 1.491283905629216378e+01 1.502960655870286999e+01 1.507739629591171493e+01 1.519825378140504668e+01 1.540327846968127190e+01 1.544704018221773723e+01 1.552501426652028726e+01 1.561907847277527495e+01 1.578212381750143756e+01 1.589158714383793480e+01 1.594662501999064474e+01 1.603455532855297250e+01 1.606216002729453507e+01 1.623337821880668486e+01 1.630778964893498895e+01 1.643501416459340803e+01 1.678369182892300771e+01 1.717129741171557100e+01 1.725087068016821235e+01 1.783458446688904431e+01 1.801830013543756337e+01 1.893342623421890991e+01 1.910284690444047584e+01 1.932198472850203430e+01 1.950946775046222115e+01 2.003303617632803935e+01 2.048310467670853896e+01 2.061679807700738820e+01 2.073557534268053359e+01 2.087617293055759049e+01 2.104135575820698634e+01 2.123128266107905660e+01 2.144270027603841200e+01 2.193348779634819579e+01 2.205828485582989273e+01 2.225674498755643071e+01 2.239293101192961544e+01
2.249199888029752348e+00 2.318542360581452577e+00 2.462807109538682759e+00 2.490297420272126416e+00 2.590605149338525148e+00 2.629099945043467113e+00 2.684433104242704538e+00 2.778858009086263792e+00 2.856035469067479404e+00 2.881782473316247373e+00 2.894191780474060227e+00 3.012733216260343738e+00 3.058039938555061177e+00 3.081860130497829253e+00 3.142810894695075685e+00 3.265736464413954820e+00 3.315017564374990844e+00 3.338306217191326919e+00 3.486682770416607458e+00 3.487193355026065866e+00 3.566380498513201047e+00 3.643435859169248392e+00 3.766503443640057736e+00 3.819493992524258363e+00 3.871930282222800113e+00 3.981352927664824293e+00 3.985695268551646464e+00 4.293138036261661128e+00 4.460049426445835685e+00 4.718819731589714905e+00 4.810087502493746392e+00 5.075435328245647248e+00 5.144482459004430019e+00 5.317538703720956050e+00 5.366305479342703855e+00 5.516672499830330700e+00 5.629391696426384151e+00 5.693713632889960685e+00 5.815088885222699844e+00 5.873787882235164126e+00 5.985274247798717973e+00 6.017955818942099633e+00 6.109324851470125495e+00 6.148936060843779750e+00 6.393428477473968918e+00 6.733741810284375795e+00 6.749341899404110556e+00 6.821077416375564084e+00 6.902358535123334526e+00 6.943496013931502731e+00 7.096529290492340714e+00 7.208595268790031874e+00 7.259674796956032239e+00 7.433406163258576171e+00 7.622102541710200185e+00 7.829683095538680249e+00 7.968985046651885007e+00 8.130840110360294304e+00 8.249070506976005746e+00 8.673327566381779263e+00 8.730926900687384418e+00 8.817613783698986296e+00 8.874270027781786752e+00 9.186628103432452619e+00 9.392032482047147468e+00 9.510139865507852619e+00 9.698316728806346987e+00 9.995593582109666642e+00 1.025578119524115017e+01 1.027741105270243871e+01 1.042640999655790068e+01 1.052760294710813405e+01 1.062152492748843180e+01 1.083940814720441637e+01 1.102423284828963013e+01 1.110464505069773722e+01 1.121611058883282830e+01 1.132741622483967170e+01 1.165182543854123942e+01 1.173787743601260480e+01 1.178963010412633849e+01 1.193159403907634264e+01 1.232241077407482699e+01 1.240309119709239205e+01 1.246024659268127088e+01 1.257455423120506133e+01 1.259481767433057975e+01 1.276358646690027143e+01 1.283749098850164039e+01 1.302513965912621074e+01 1.321996157361048319e+01 1.331582755631147208e+01 1.340140741788813372e+01 1.347595764779063288e+01 1.359267124181410402e+01 1.372507844185223469e+01 1.390289118511144650e+01 1.397728067646871786e+01 1.408190485612327869e+01 1.414958025295380928e+01 1.422521508908083376e+01 1.435496616663541758e+01 1.443511747083499053e+01 1.451496386189470478e+01 1.456757476066841406e+01 1.484929705073429673e+01 1.491269561039873714e+01 1.502746383882509562e+01 1.509235473098239133e+01 1.518498353843675019e+01 1.526332910458001280e+01 1.538982706442383019e+01 1.548109134289062361e+01 1.557703300016276238e+01 1.568452881777526287e+01 1.582587839180309608e+01 1.596401529426208477e+01 1.599992374675602669e+01 1.606834577476955772e+01 1.614350230894901017e+01 1.629372446960777410e+01 1.636360210805712612e+01 1.651119423423683585e+01 1.685544037316000754e+01 1.718835152317179649e+01 1.730798305881689103e+01 1.788195834450501209e+01 1.806038899328921588e+01 1.895217068123785253e+01 1.912326848866813123e+01 1.931578175322678703e+01 1.947315403828102376e+01 2.011637727881220172e+01 2.045015580889106843e+01 2.059059445285125989e+01 2.069051406038985519e+01 2.091293674492008492e+01 2.102735792841927775e+01 2.122645421819007794e+01 2.145539721525394938e+01 2.193029541285111961e+01 2.208819493615530050e+01 2.226687308604503102e+01 2.240409695943577617e+01
2.253258509069002269e+00 2.380610033287780425e+00 2.483759395802835890e+00 2.538265997863887069e+00 2.585700038640700971e+00 2.662492378394009762e+00 2.704693328439047306e+00 2.798255141758225317e+00 2.859255794951754304e+00 2.912803763514307587e+00 2.940943253174653993e+00 3.033913000305688890e+00 3.078158431859537192e+00 3.134411363367064940e+00 3.188788417244117213e+00 3.263677560285419332e+00 3.330632073779434599e+00 3.359035225902920363e+00 3.478651082935123373e+00 3.533496699142825381e+00 3.613902419997428783e+00 3.699098951914582933e+00 3.800064664310252471e+00 3.831856619699264499e+00 3.895860473353189857e+00 4.017242429068226706e+00 4.092779824725674587e+00 4.397050154506692010e+00 4.471072605663708899e+00 4.755492653690321703e+00 4.863171250345508234e+00 5.008143310142332716e+00 5.208833293381868401e+00 5.272957819731963092e+00 5.326589874112454659e+00 5.478289958151816741e+00 5.599865716191508191e+00 5.674153660092397189e+00 5.749625362973375786e+00 5.846459252527823836e+00 5.955550109266009251e+00 5.988196335287157446e+00 6.049040505461906747e+00 6.104601161607095428e+00 6.356354396121567163e+00 6.682355080628701316e+00 6.729042758670305879e+00 6.758822439429585494e+00 6.868941075001953500e+00 6.929198154547648869e+00 7.086966613082786637e+00 7.175903971854035390e+00 7.282950846194993666e+00 7.405159745588171916e+00 7.611296447686988209e+00 7.791591722799602771e+00 7.940193061980896694e+00 8.125699895136174078e+00 8.274614557054094988e+00 8.724967454418839807e+00 8.756291482379110036e+00 8.832863795330570866e+00 8.879170313710538665e+00 9.194887599597688421e+00 9.339881782603397298e+00 9.523319600100110804e+00 9.658705883799848735e+00 9.935468149819545403e+00 1.019188226986385182e+01 1.024319230206300269e+01 1.037697258657381028e+01 1.045043513360043796e+01 1.060324267233981743e+01 1.079994844652254926e+01 1.094354028622347741e+01 1.103457274379874775e+01 1.122149068761396506e+01 1.128897580807151613e+01 1.155174995967455409e+01 1.169560036082415522e+01 1.173027774181301730e+01 1.187469530744487578e+01 1.213692698063127295e+01 1.225318706414172532e+01 1.235923797141213498e+01 1.244555137161315628e+01 1.244942362405172886e+01 1.264909814853413828e+01 1.269828566331712238e+01 1.295282645767538199e+01 1.315614283589049016e+01 1.325251849913700575e+01 1.332429031156618748e+01 1.345187015565177724e+01 1.355132562082980563e+01 1.370378444949212060e+01 1.392837211721713686e+01 1.407609417194054835e+01 1.413128895895823334e+01 1.414712752455602995e+01 1.426156334943629034e+01 1.434557295786888886e+01 1.449759427416132418e+01 1.463711705199990654e+01 1.466806491646577726e+01 1.489061670592093556e+01 1.499186062524503704e+01 1.512322586111254630e+01 1.518872705430768377e+01 1.528997832796688883e+01 1.531511195139313664e+01 1.541220523748447846e+01 1.551371641582364269e+01 1.563620628483113606e+01 1.576870349022022211e+01 1.587221404551477555e+01 1.603356789957821960e+01 1.605760817122138917e+01 1.611476274832821076e+01 1.623717251994036559e+01 1.637378388300434651e+01 1.644244298655341296e+01 1.659676886965643661e+01 1.693603763064038148e+01 1.720929591562752847e+01 1.737885362936747669e+01 1.793544996567407779e+01 1.811302664759887193e+01 1.897745214820542259e+01 1.914771940800702410e+01 1.929650864554257339e+01 1.946672024352136532e+01 2.018935960232605353e+01 2.040617830000022082e+01 2.055180200299387394e+01 2.064334042565603866e+01 2.093926195034675786e+01 2.096888478141622514e+01 2.126603336243964648e+01 2.144914205015417608e+01 2.193804239621429275e+01 2.205529864838751308e+01 2.229697934413960780e+01 2.245568869364612752e+01
2.205427584569719990e+00 2.387916888638382584e+00 2.462158189705644595e+00 2.548565294916006252e+00 2.578634128999412578e+00 2.633470049821264869e+00 2.738092395354006836e+00 2.813186863539951066e+00 2.858017690399086153e+00 2.912847879269083506e+00 2.987688715019461316e+00 3.068065721714755334e+00 3.101082868776043444e+00 3.186566877177334778e+00 3.251496639915144815e+00 3.267576305272551274e+00 3.342673196516112277e+00 3.387419835106205035e+00 3.487180896209768122e+00 3.539136962104074691e+00 3.659847585995481989e+00 3.770410058477554394e+00 3.843260466962730604e+00 3.865368326899978779e+00 3.915333703768238305e+00 4.057579096352221804e+00 4.208947054340183236e+00 4.358097969665601923e+00 4.601142895985760539e+00 4.769008257922302541e+00 4.885312845757838751e+00 4.921389275097129534e+00 5.142733906072710859e+00 5.242072447419195314e+00 5.332446440325756321e+00 5.458288777151624416e+00 5.573380966707677686e+00 5.667054321742631018e+00 5.696379752014999021e+00 5.781901541762376695e+00 5.897234633455013864e+00 5.954653848356739942e+00 6.044661752965152068e+00 6.083926698084521689e+00 6.341598273891369431e+00 6.626797235489100935e+00 6.700204454855175129e+00 6.722087931154921314e+00 6.833801337907483564e+00 6.913545167440679151e+00 7.090282099934204219e+00 7.148055404507968724e+00 7.307071514913373811e+00 7.379532892929402621e+00 7.609197295378841375e+00 7.753176989189193513e+00 7.907792380515926034e+00 8.117326648437135361e+00 8.295531500586664109e+00 8.657476752121221253e+00 8.747327558246894341e+00 8.898667004723810336e+00 8.956132650335232981e+00 9.172158667403078169e+00 9.279822556993392979e+00 9.507786118707029388e+00 9.595182821513889238e+00 9.854195011568679163e+00 1.012371654630921647e+01 1.018821375445757837e+01 1.032044221652827076e+01 1.038616405460795278e+01 1.058158009800812671e+01 1.071241321548826875e+01 1.088471763947124948e+01 1.096117658304196141e+01 1.119855785153175631e+01 1.126804402376964553e+01 1.141166622918088613e+01 1.162456486725464444e+01 1.168937562205450043e+01 1.177549468536827781e+01 1.193480010996196938e+01 1.212716587919525146e+01 1.224282875127204484e+01 1.228165907328325623e+01 1.236367937364916259e+01 1.249069403436828196e+01 1.259723922446063860e+01 1.290649705136903158e+01 1.303519762363492340e+01 1.319052412657265094e+01 1.323432012814782865e+01 1.341426235961789004e+01 1.356373592846587961e+01 1.369537358156312123e+01 1.389384844075331493e+01 1.415275380565231700e+01 1.416656390041581659e+01 1.420598536214756358e+01 1.431973264812936364e+01 1.435326181996974526e+01 1.455791502964595985e+01 1.472307944582613537e+01 1.474795342960004874e+01 1.495436523306076992e+01 1.509080510342019998e+01 1.519108308849109967e+01 1.524180840704581108e+01 1.537267265254048176e+01 1.541685040430894205e+01 1.547624873706244308e+01 1.554943489012952718e+01 1.570334128576159394e+01 1.585385927890433777e+01 1.591886330788654469e+01 1.609317407759101215e+01 1.612249788455734745e+01 1.617488925344087392e+01 1.633304374412026405e+01 1.647024134743976376e+01 1.654124668009027843e+01 1.669176804936686409e+01 1.701993674331781747e+01 1.723542170445786326e+01 1.746021290561581907e+01 1.799142882043772218e+01 1.817255683981549197e+01 1.900595822539303370e+01 1.917390510546239213e+01 1.928371525009879761e+01 1.947187120275812688e+01 2.023820241093172001e+01 2.034786578014491099e+01 2.051367059812992721e+01 2.058535207741193318e+01 2.087540195580429270e+01 2.097793118714246674e+01 2.130208648579442254e+01 2.141969840005521064e+01 2.192886178860301172e+01 2.200632563270207953e+01 2.235693350183522199e+01 2.252457217538162126e+01
2.119423783551034557e+00 2.343815291788406974e+00 2.404582700161516318e+00 2.515810473869385611e+00 2.535506804242355194e+00 2.592455200266735815e+00 2.733489938542635667e+00 2.848076249256347392e+00 2.854176817650391662e+00 2.901972144270607235e+00 3.023862775478503906e+00 3.089654262316206434e+00 3.123252540060172500e+00 3.221104923510307305e+00 3.271981960435161430e+00 3.294786643525324799e+00 3.360607139040915126e+00 3.421160474461748535e+00 3.508556580845984207e+00 3.530021029306667835e+00 3.692631268019735291e+00 3.797733112064237471e+00 3.861491208968776956e+00 3.921700993980771877e+00 3.971686773148152660e+00 4.093754964988360001e+00 4.259733348896117100e+00 4.357264433562705541e+00 4.686915183695512965e+00 4.759025929836327329e+00 4.832617698531755934e+00 4.868167889671594750e+00 5.042697384918191972e+00 5.195447707306583673e+00 5.345046446223931547e+00 5.434422557012410948e+00 5.542474838818129079e+00 5.624210756353090979e+00 5.643040866470009576e+00 5.746788751305508924e+00 5.838890574138458689e+00 5.958711443356052406e+00 6.051441958659006026e+00 6.074726544368373560e+00 6.351287991307602354e+00 6.576555980855619765e+00 6.652675617496000449e+00 6.715765174218052636e+00 6.810250092027342994e+00 6.902460697142787538e+00 7.101005689525801579e+00 7.133594555161693940e+00 7.310923836376450602e+00 7.375093966950570845e+00 7.614932475199323036e+00 7.717059779578498535e+00 7.873795308564297990e+00 8.104733740583485613e+00 8.308295351383252481e+00 8.551599215202680071e+00 8.746868280286079766e+00 8.934429947467551258e+00 9.044245988875390552e+00 9.083485460476516948e+00 9.249278256173601775e+00 9.447320246675248612e+00 9.507959042017626317e+00 9.745610368531002266e+00 1.006263401708915417e+01 1.011391170935822892e+01 1.025419937902454670e+01 1.034696297941405341e+01 1.054931303737935266e+01 1.056951064803463503e+01 1.086167094070994565e+01 1.088818686663203650e+01 1.115444124125781400e+01 1.119469921983959537e+01 1.127897106117961279e+01 1.152076984899576040e+01 1.164869656520398067e+01 1.165969517056272231e+01 1.175826898680232979e+01 1.196813672733423850e+01 1.212195633016940555e+01 1.213726996696679095e+01 1.229043735620008881e+01 1.237746718089771392e+01 1.247833851520321247e+01 1.286063066708947211e+01 1.292894231109530168e+01 1.310302354720574947e+01 1.316059036721765274e+01 1.337491297411163060e+01 1.358955842912955170e+01 1.369870627559605225e+01 1.385453279114187985e+01 1.418725492657581810e+01 1.419683932410162619e+01 1.428280729190584708e+01 1.436809001768826732e+01 1.441845713198368628e+01 1.460424909686286910e+01 1.475361838562871064e+01 1.483780480296720583e+01 1.502760300637028479e+01 1.519451454014295777e+01 1.523950573128115415e+01 1.525563440849486163e+01 1.546938779734391112e+01 1.553415324660961794e+01 1.554653068788481107e+01 1.560192824888046204e+01 1.578322624139921082e+01 1.592765120616013697e+01 1.597236554654960017e+01 1.614381125518189108e+01 1.619725976613698393e+01 1.624410230938589805e+01 1.641903396391569459e+01 1.657104123736693424e+01 1.665928582638170496e+01 1.679461012016726329e+01 1.710265758256256774e+01 1.726882156234869115e+01 1.755171333561987623e+01 1.804691639693555061e+01 1.823381796212777317e+01 1.902898361110542069e+01 1.919700333268575321e+01 1.929383926506713820e+01 1.947577666974217081e+01 2.021601395790083089e+01 2.030337989270367061e+01 2.049059597918535047e+01 2.050435307928739448e+01 2.079970179270454622e+01 2.098615148511574446e+01 2.126315411274128309e+01 2.141006084936063303e+01 2.184590465942973481e+01 2.204556431369697123e+01 2.242012800235256975e+01 2.260258827925758851e+01
2.004287393824812025e+00 2.260607168014444390e+00 2.302728341323542871e+00 2.446651062938727250e+00 2.470523369245494205e+00 2.539349161657675769e+00 2.727928873103881546e+00 2.832273930265682527e+00 2.843869437344490159e+00 2.916046112375868304e+00 3.051976638447425394e+00 3.084866754774871378e+00 3.137126914605237182e+00 3.234150279776911940e+00 3.258585822323315728e+00 3.315980853486755642e+00 3.372179656118635016e+00 3.465830296755574746e+00 3.500805116681518836e+00 3.545726908306876091e+00 3.694596186194486709e+00 3.808955890302670344e+00 3.871006656055181239e+00 3.948656180987284881e+00 3.999842727747129789e+00 4.127042271003118934e+00 4.217847957247705892e+00 4.447546057614570003e+00 4.622951581998262505e+00 4.714134892699262558e+00 4.780044191525646191e+00 4.871083336739126857e+00 4.963924267054533601e+00 5.163189495541015361e+00 5.317038880246185428e+00 5.402626718718130938e+00 5.465938802326741452e+00 5.567961768383107746e+00 5.586090823901961322e+00 5.755433714778293464e+00 5.798873687088725859e+00 5.944917556236419820e+00 6.071040036742730628e+00 6.105510428441397686e+00 6.370840262895734796e+00 6.541072085286426585e+00 6.612446953657359572e+00 6.706706025830340145e+00 6.807992144035464932e+00 6.907793150714550912e+00 7.102431690170059930e+00 7.151553010938460631e+00 7.286055007666057293e+00 7.396741560925041981e+00 7.624224228273428494e+00 7.687292462107743418e+00 7.839683477486498298e+00 8.085852584714409375e+00 8.305749017796667744e+00 8.446223195839394293e+00 8.727090480259748873e+00 8.880038919057227531e+00 9.021613240300895953e+00 9.121360620333266667e+00 9.199409158358433203e+00 9.322316649115036213e+00 9.436756808501570504e+00 9.620938707443167814e+00 9.994783073838318543e+00 1.002773799975281754e+01 1.017350044259174169e+01 1.032777775372542983e+01 1.040482044342414092e+01 1.051502643807468296e+01 1.080677758200625327e+01 1.085395295852695874e+01 1.097796242015522239e+01 1.109967313384839294e+01 1.122695256945334208e+01 1.140307379776384700e+01 1.150428296838025410e+01 1.159381844038744447e+01 1.163344131918536384e+01 1.178756868248990664e+01 1.199170511820979712e+01 1.205260542513128819e+01 1.220489765481238287e+01 1.231453491756253626e+01 1.234495614880026437e+01 1.277187065812182531e+01 1.287042556557175033e+01 1.301277700519559488e+01 1.310354962032734605e+01 1.334013719560194211e+01 1.361118297845760239e+01 1.371152249097850095e+01 1.383681990546812557e+01 1.420315948839979292e+01 1.420948359882967083e+01 1.435211077424609094e+01 1.440616583560427699e+01 1.452537484085419095e+01 1.463244926449179495e+01 1.477134046545865331e+01 1.491563220129022582e+01 1.510071229920733948e+01 1.523792156311460744e+01 1.529267078881386688e+01 1.530349160721210389e+01 1.554267699067649922e+01 1.559185764506748484e+01 1.565747213612420552e+01 1.568944687665084103e+01 1.587958239000008120e+01 1.598951945920831008e+01 1.604005484653730562e+01 1.619255633161529673e+01 1.627394607844377461e+01 1.632313703140343719e+01 1.649001109600466819e+01 1.666459690759807089e+01 1.679027905945098453e+01 1.689908297137208493e+01 1.718246088169629004e+01 1.731243277638610323e+01 1.765432444138868107e+01 1.810036552554880984e+01 1.829232053699745464e+01 1.902978595880117751e+01 1.921473328357302179e+01 1.932922807668661136e+01 1.947539338453988478e+01 2.011054329665087437e+01 2.027990422305123275e+01 2.038972650184468094e+01 2.049259590287408273e+01 2.073186853100178340e+01 2.092012212845551744e+01 2.117619874680392300e+01 2.142910049247118209e+01 2.177749507859482136e+01 2.211323308907039831e+01 2.247727448471406575e+01 2.268574029612004139e+01
1.866377753469176115e+00 2.118147239632069745e+00 2.195206956445807656e+00 2.346305106895771431e+00 2.400240102461371539e+00 2.466381071389550872e+00 2.712823851926361218e+00 2.784355505052457325e+00 2.823165721057491862e+00 2.929297272232546767e+00 3.062434978421068710e+00 3.072003629766917321e+00 3.126779672385040953e+00 3.214907298687645909e+00 3.246969583158744399e+00 3.307330129847645406e+00 3.386975195772402358e+00 3.463809028318740602e+00 3.509082815583006720e+00 3.560821594136355017e+00 3.680289324989900024e+00 3.792539305513283665e+00 3.881738732565048089e+00 3.918906898084557167e+00 3.955989437961021427e+00 4.154067471514977683e+00 4.212448887040122436e+00 4.459269644744203731e+00 4.508120369317501819e+00 4.622754272716291801e+00 4.772325692482548121e+00 4.898002952079870020e+00 4.917657352086413525e+00 5.131342538427761113e+00 5.236859945322166254e+00 5.351476386022993026e+00 5.396374210624280465e+00 5.469572804219520634e+00 5.585066836675420809e+00 5.745817310534059530e+00 5.780744768354482588e+00 5.920679027069609468e+00 6.072672548196046627e+00 6.185355650381770154e+00 6.387472929781688791e+00 6.523022241924611997e+00 6.584376876501423226e+00 6.699910367334490857e+00 6.825739040833416205e+00 6.930990766022770089e+00 7.106205454397387378e+00 7.190914674853377875e+00 7.254492703775409446e+00 7.419145084542817514e+00 7.625564902742473450e+00 7.673329169488773971e+00 7.806987648374263955e+00 8.057764783175157319e+00 8.273019810721365275e+00 8.350005061804379736e+00 8.675951601415857084e+00 8.745713828667414091e+00 8.982235964999091493e+00 9.097083810892891975e+00 9.139047541376839945e+00 9.225356508481164397e+00 9.383983864493055549e+00 9.501546098492498871e+00 9.875698607093745807e+00 9.958882508993736948e+00 1.007494037873706638e+01 1.024680835173928095e+01 1.031222856976118152e+01 1.047788672594648673e+01 1.072932077724748012e+01 1.075860467924418273e+01 1.083082050724432222e+01 1.101514087403425002e+01 1.111027624053345697e+01 1.129092381256158184e+01 1.135744754110760191e+01 1.148394948986408970e+01 1.155150689725714841e+01 1.168018193143394079e+01 1.187533671140266733e+01 1.197824460094984644e+01 1.213066958315718935e+01 1.218280999188602109e+01 1.227841778871185241e+01 1.267130507850195897e+01 1.280643896505691259e+01 1.294821471256662448e+01 1.304809329656171712e+01 1.331034145169068950e+01 1.362457721651606768e+01 1.372811663467317267e+01 1.384525152817368365e+01 1.419975097661465568e+01 1.421642062778891358e+01 1.440088087575142239e+01 1.445233519375470266e+01 1.462192671862706739e+01 1.465235499903293892e+01 1.479293041249664675e+01 1.498398940007149704e+01 1.516857078758496868e+01 1.523943835552729098e+01 1.534327266947284052e+01 1.537526606521213601e+01 1.559874059115103151e+01 1.563819299864016443e+01 1.575172303697323350e+01 1.579603593941416939e+01 1.597823330025209110e+01 1.606770436829014059e+01 1.611154068295175534e+01 1.624138506328923626e+01 1.634807112053191247e+01 1.641726487458746675e+01 1.654869168710497007e+01 1.674881866355189786e+01 1.691996180176187892e+01 1.699630922577960845e+01 1.726141048915556198e+01 1.736865048482304630e+01 1.776674845722360274e+01 1.815197711758057508e+01 1.834646615284702875e+01 1.898178967176666632e+01 1.922691012854352266e+01 1.937569216789567150e+01 1.947439523661870098e+01 1.997528402586557661e+01 2.023865472856041237e+01 2.027066942527117277e+01 2.048822331545119013e+01 2.061911370419331391e+01 2.076057808909397551e+01 2.115610360573704085e+01 2.144049826081905508e+01 2.174804627787852951e+01 2.219009833030469636e+01 2.252874893154436364e+01 2.276979196307694409e+01
1.710923627820750692e+00 1.935399038454897802e+00 2.075193018259000599e+00 2.228344016007673289e+00 2.318621204132357949e+00 2.381276592883296850e+00 2.677141099619604336e+00 2.710517304417102480e+00 2.793962581268460088e+00 2.922105300301019781e+00 3.029026871806226318e+00 3.067216304838667806e+00 3.096428908015540493e+00 3.168288229559125035e+00 3.249199897675226989e+00 3.263505498468528998e+00 3.393381319404157548e+00 3.421979060015653662e+00 3.512343201110072588e+00 3.579646182422166589e+00 3.662851297038211662e+00 3.727112166666513904e+00 3.830131760277005526e+00 3.902550346516926894e+00 3.925093010964544771e+00 4.123955163342187369e+00 4.161523939310268538e+00 4.380924533590230929e+00 4.421279520255938955e+00 4.556988741082458105e+00 4.808762416970058240e+00 4.873890654217390761e+00 4.928655006109112335e+00 5.045878014454140192e+00 5.155900560658630560e+00 5.306617199000106311e+00 5.320471109437563406e+00 5.382096579049730600e+00 5.599544593822406213e+00 5.720912501585575072e+00 5.757424633901758959e+00 5.911137433190549295e+00 6.077807525085816565e+00 6.255600743215699033e+00 6.404973460835943655e+00 6.498401373459992136e+00 6.589803809406268975e+00 6.709105051661497399e+00 6.856092437501529524e+00 6.959735656681200311e+00 7.123678455629415929e+00 7.212426385576383048e+00 7.247835383538665077e+00 7.430694293250590832e+00 7.612170184496759973e+00 7.677982723148230271e+00 7.777282223164213804e+00 8.017193495877156906e+00 8.198058100124649528e+00 8.265300060150321926e+00 8.554398520092442837e+00 8.632389050371402917e+00 8.849393090912172966e+00 8.986413041809472091e+00 9.064024658538217594e+00 9.220562404318060956e+00 9.342756737328757666e+00 9.412478115216087460e+00 9.721423866533164926e+00 9.880579970048389171e+00 9.958459250643166172e+00 1.011557255433724478e+01 1.026994145100131206e+01 1.042966379823089973e+01 1.060109362848598202e+01 1.063273802774839183e+01 1.077987950984002730e+01 1.086048404971334591e+01 1.095847756717573418e+01 1.116773590616888612e+01 1.130138362573132582e+01 1.137237206298282288e+01 1.148958852229474026e+01 1.160867592944207338e+01 1.178051925727464777e+01 1.190716150656797367e+01 1.203292722559227634e+01 1.207509718145559496e+01 1.220607377912855185e+01 1.257908405248204708e+01 1.273145012357747952e+01 1.287939528026974934e+01 1.299676736638105012e+01 1.328789587210621548e+01 1.362449077811219489e+01 1.374548513841172515e+01 1.387197399784075991e+01 1.418303573406427986e+01 1.420968192931114160e+01 1.442356360160807149e+01 1.450370154043315374e+01 1.461485187308146649e+01 1.474348947769293083e+01 1.482639821666339408e+01 1.504621574171098608e+01 1.522387357017167453e+01 1.525055491846821454e+01 1.538801940213950559e+01 1.543225716587530449e+01 1.565681089583019059e+01 1.567279875502382680e+01 1.582107429154124567e+01 1.590212785833808695e+01 1.606469540932357276e+01 1.616217039760384466e+01 1.618117988205564117e+01 1.629824361510203090e+01 1.641618775982021461e+01 1.653008721972402739e+01 1.660614595874552535e+01 1.682391901967458381e+01 1.703549934603377025e+01 1.708207009031969648e+01 1.734295734126105515e+01 1.743703011430423544e+01 1.788138586822382692e+01 1.820306736453233754e+01 1.839763244390165298e+01 1.885047956478488018e+01 1.922545865699166256e+01 1.940614114839231164e+01 1.948103498495772001e+01 1.983556369100629624e+01 2.015065617049772939e+01 2.019786344284975499e+01 2.032236163397912065e+01 2.050761433584587934e+01 2.068980686236987054e+01 2.116425485864635547e+01 2.143996991454428880e+01 2.175391598290443085e+01 2.226785063738733683e+01 2.257805254722193666e+01 2.285175878561339147e+01
1.542194895123513376e+00 1.731055839897352344e+00 1.936862090041611140e+00 2.094515531617265225e+00 2.228110003068611178e+00 2.288020181808188003e+00 2.600554713054085365e+00 2.640376575772327428e+00 2.727780964761286508e+00 2.889931840738948932e+00 2.973812124834570803e+00 3.012838829752884973e+00 3.068186162965667041e+00 3.137764057998290834e+00 3.179450193616407905e+00 3.247726808334874260e+00 3.367939402319522824e+00 3.400362044379626081e+00 3.487690470221873174e+00 3.584431713076290382e+00 3.624527205864540580e+00 3.666325974570398660e+00 3.777103172489795213e+00 3.853774901444928958e+00 3.907257685619891951e+00 4.027415994903879692e+00 4.053459926009798764e+00 4.292537595641639392e+00 4.370051024056952116e+00 4.532134654337339974e+00 4.800119593556880560e+00 4.836823332104169815e+00 4.881556702600839515e+00 4.985742297935547462e+00 5.127794278898339719e+00 5.178623022796409181e+00 5.275539773801440901e+00 5.375198891890420327e+00 5.593265433416036103e+00 5.687197883222194328e+00 5.744309581673054055e+00 5.908902563331690061e+00 6.086888994041665946e+00 6.291057150895773553e+00 6.444263850845185715e+00 6.459178281513628050e+00 6.630147945419925470e+00 6.731838995886705312e+00 6.893700860327377278e+00 6.982769029929975169e+00 7.154127613919984086e+00 7.182400906451655409e+00 7.289603370715897590e+00 7.424116721922611184e+00 7.598498341677446533e+00 7.678591355505475669e+00 7.752769564311128292e+00 7.960045052240274366e+00 8.104115900343177969e+00 8.166844295215669902e+00 8.400141371576090421e+00 8.523845035288562855e+00 8.670297536386481596e+00 8.877934569769333706e+00 8.994283353834694239e+00 9.161976888864264978e+00 9.296494616270420508e+00 9.369797385234548415e+00 9.559854275813806979e+00 9.781879969071205494e+00 9.824868461214606441e+00 1.002201453703408696e+01 1.017163465129823052e+01 1.035840127181656989e+01 1.047206691212646668e+01 1.053806377727275212e+01 1.066929141913532497e+01 1.074305652416885692e+01 1.081861077959662687e+01 1.111176154716691933e+01 1.124767104280360286e+01 1.127891080941403601e+01 1.142548599148020827e+01 1.154570056123132105e+01 1.169405924823573883e+01 1.184228549917388484e+01 1.192226435530552564e+01 1.200281701472359153e+01 1.211483260085407743e+01 1.250128213046922987e+01 1.264941980454148940e+01 1.278106116215590049e+01 1.295087463918509663e+01 1.327380078027518095e+01 1.360633954495899189e+01 1.376397936407432354e+01 1.389675627687734760e+01 1.414269157193491466e+01 1.419503301878094703e+01 1.442317089661156793e+01 1.453979203140498377e+01 1.459566643455754154e+01 1.482751145263696202e+01 1.486775978019446320e+01 1.510149978505639012e+01 1.524735182626920249e+01 1.529898907998183155e+01 1.542151634952006489e+01 1.548143090868891569e+01 1.568700871853018519e+01 1.573363785994172659e+01 1.585867525959603341e+01 1.599235180884200958e+01 1.615013488372393624e+01 1.622982927468547842e+01 1.625465865108365904e+01 1.636900638555383125e+01 1.647534832831041385e+01 1.665473839003938039e+01 1.668452176624506578e+01 1.689074982806030079e+01 1.712179425203621719e+01 1.716796117375082886e+01 1.742710757580280401e+01 1.751239447550526052e+01 1.797661941499294969e+01 1.825169859176816445e+01 1.844464956660467081e+01 1.862595829305786665e+01 1.919846014402802581e+01 1.938480114163818158e+01 1.948617585102649130e+01 1.972583939457916458e+01 2.002067611100320832e+01 2.009999954517872212e+01 2.015288716000057079e+01 2.048684131224347738e+01 2.065033422751300307e+01 2.116970901078883927e+01 2.143150750880548827e+01 2.178595377128815613e+01 2.234004920843371522e+01 2.262824555014279682e+01 2.293160730772349964e+01
1.363892988897276393e+00 1.513743268033264311e+00 1.788328797934030989e+00 1.950332597202424356e+00 2.128786774934404491e+00 2.184551974532752183e+00 2.490298441742053726e+00 2.545010888008154115e+00 2.620729013007445207e+00 2.825803070271172945e+00 2.899524490801320908e+00 2.952891878535111925e+00 3.033308170916754865e+00 3.080165548970399847e+00 3.135168966558625758e+00 3.232553508548095422e+00 3.331024810940800940e+00 3.374963618481907623e+00 3.444623294403533098e+00 3.539251857434344561e+00 3.611641101534135423e+00 3.631150229114383343e+00 3.696213450200302564e+00 3.782420896662452403e+00 3.864558270422897124e+00 3.908370468036932888e+00 4.008794244074297630e+00 4.174490973655021975e+00 4.338127184525002455e+00 4.532147612996052288e+00 4.711785210908836952e+00 4.733825283199649903e+00 4.807573459016044382e+00 4.962194362197441144e+00 5.064900334037838903e+00 5.185659525899943390e+00 5.247184456185771673e+00 5.379977604141234160e+00 5.550438545956987824e+00 5.651779729711540412e+00 5.763485929473117331e+00 5.907971043277561840e+00 6.093544753181991069e+00 6.293090804287446716e+00 6.421952924008960117e+00 6.504661297268059528e+00 6.688193322244629258e+00 6.750904058340487346e+00 6.934532710717427051e+00 6.997446648122924273e+00 7.151789477440791742e+00 7.188184493437517197e+00 7.314573402628483656e+00 7.397395162990298090e+00 7.589312106892714738e+00 7.655978349845535824e+00 7.735937174065478317e+00 7.880627036444981748e+00 8.001571450918930850e+00 8.067236809429168432e+00 8.264669346701277064e+00 8.400575639245575488e+00 8.503760582146544067e+00 8.763254685947234890e+00 8.921944087478566487e+00 9.048645313633917553e+00 9.227336257469973546e+00 9.333781525770215026e+00 9.422023491104228654e+00 9.678619148418260210e+00 9.686550146600524158e+00 9.949371446119281259e+00 1.003864020002351332e+01 1.020741046610395131e+01 1.036299319149689069e+01 1.046994389677347392e+01 1.057789462920844947e+01 1.067193159665730029e+01 1.072189534564760294e+01 1.107620101930096368e+01 1.115057794707660221e+01 1.121873197346199369e+01 1.135658147870165635e+01 1.148421922351270474e+01 1.160273663470707461e+01 1.177529764448470395e+01 1.184081244582722370e+01 1.192955839828383446e+01 1.203297320584663765e+01 1.243007577108843797e+01 1.255628705790078570e+01 1.265726205649957237e+01 1.290373448761363306e+01 1.325978737371911365e+01 1.355876458657347605e+01 1.378478597729120558e+01 1.389219211436707901e+01 1.408833279158871221e+01 1.417119061172806127e+01 1.440592051931830220e+01 1.452135322447185395e+01 1.461897393287147295e+01 1.488889143305771512e+01 1.491423889985834528e+01 1.514178462025360794e+01 1.527516211575593985e+01 1.534927224509065979e+01 1.544650263482477115e+01 1.553146101719048566e+01 1.569478851355519033e+01 1.581475943702134579e+01 1.587025858558330604e+01 1.604248396991281922e+01 1.623561749090133333e+01 1.628723610144864153e+01 1.631011853809545897e+01 1.644225582966697630e+01 1.653402211312519654e+01 1.676132866491735385e+01 1.680298628353306611e+01 1.695430229180431780e+01 1.718311082529965717e+01 1.725641530740191953e+01 1.750748139866262676e+01 1.758607117828868027e+01 1.797890717574659902e+01 1.823781136724035434e+01 1.841729305689995755e+01 1.852440077536863328e+01 1.914126979498914949e+01 1.926978662135921283e+01 1.947864767181764734e+01 1.967871513378722881e+01 1.986919031613166453e+01 2.002526729316002729e+01 2.012425325348279870e+01 2.046041859957374243e+01 2.061585726370757854e+01 2.116500453295147466e+01 2.141829279094350014e+01 2.183575373879456905e+01 2.240203067396786807e+01 2.267951460848741618e+01 2.301250535932723551e+01
1.179507982112018238e+00 1.289446130259009005e+00 1.642408400510500410e+00 1.805461996642405031e+00 2.019440158656852002e+00 2.066505205911637777e+00 2.295648737004958750e+00 2.407348570946037825e+00 2.548684472026249814e+00 2.747359248686662259e+00 2.830542145847264379e+00 2.913392253737366211e+00 2.981886872298431523e+00 3.005488538484502481e+00 3.131605733895501675e+00 3.207216372914097224e+00 3.271116746855117885e+00 3.359398413417241880e+00 3.396671591529875744e+00 3.498678426769903815e+00 3.535293756012706901e+00 3.599700380892571161e+00 3.644553189273236349e+00 3.711647229019077177e+00 3.791264172503223229e+00 3.844083416864772396e+00 4.010797060040279582e+00 4.063010756811387125e+00 4.289488526658615797e+00 4.496433357181681245e+00 4.604368297206704597e+00 4.638631828707887372e+00 4.720800359339833996e+00 4.876232012562185858e+00 5.097339984480639963e+00 5.212630309862348099e+00 5.231794610616145924e+00 5.389396275278520498e+00 5.494298256201148867e+00 5.622444488517760242e+00 5.800933478912641661e+00 5.910357875537994410e+00 6.091674306082493828e+00 6.275589994279646255e+00 6.396830821593538552e+00 6.567951128014113849e+00 6.748864559498303883e+00 6.757444591827218794e+00 6.969527214802923254e+00 7.004112034788444241e+00 7.127948144430951594e+00 7.206200287047456854e+00 7.305199953720698858e+00 7.362854965089488779e+00 7.575757862198849502e+00 7.614360042688844921e+00 7.720607689883094871e+00 7.782907448283022056e+00 7.899160428310417537e+00 7.989623096867385144e+00 8.173784774844769174e+00 8.274975451782159652e+00 8.359588063345665176e+00 8.643607064052046596e+00 8.839222362190152893e+00 8.911267635435715206e+00 9.153181855236416808e+00 9.248528685390509096e+00 9.309516312623273393e+00 9.551935145787053827e+00 9.606855735202938007e+00 9.836004839007037148e+00 9.906367352235609047e+00 1.006982348825297002e+01 1.028496631522441440e+01 1.037361263976682046e+01 1.053958131087635230e+01 1.060489615349181491e+01 1.066146541173588247e+01 1.102405259613798094e+01 1.104973200833955005e+01 1.114445293930059755e+01 1.129788243054083807e+01 1.140746169803675691e+01 1.151647814345823129e+01 1.168100655241516783e+01 1.177881126246164456e+01 1.187196043172731130e+01 1.198728752499683203e+01 1.235255688367482563e+01 1.243928468406933163e+01 1.253244708334213620e+01 1.284984884861692933e+01 1.319212947867777252e+01 1.347912368175379783e+01 1.380766337865302162e+01 1.385192872106569872e+01 1.403836071820873777e+01 1.414455878006764600e+01 1.437963776173526398e+01 1.449470435947470826e+01 1.464565576487705734e+01 1.493214516414866111e+01 1.495889080693671147e+01 1.515932212510945121e+01 1.530527061289572721e+01 1.538475348256170605e+01 1.548065908631994603e+01 1.558488287442929554e+01 1.569086278912537757e+01 1.585218243170868213e+01 1.590763495789808424e+01 1.606214464892777016e+01 1.628443040661921160e+01 1.632755350772074010e+01 1.638155026601804209e+01 1.651234222628436044e+01 1.660037710681385192e+01 1.686368308037554442e+01 1.689719020806417049e+01 1.702896525651462412e+01 1.723891746682054560e+01 1.733288016291779954e+01 1.755497746249377045e+01 1.764902623442954521e+01 1.779342877602066864e+01 1.817953130205246737e+01 1.845997304523815075e+01 1.857083543849612894e+01 1.905267294571893899e+01 1.912737060536904821e+01 1.948179510697124073e+01 1.966032215546126238e+01 1.978997200273739665e+01 1.998977417326980444e+01 2.011519389504590549e+01 2.042718414681780814e+01 2.058265088033008894e+01 2.114974436837881910e+01 2.140184967696865215e+01 2.189578042663947599e+01 2.245193519762586476e+01 2.272818999415050811e+01 2.309895486558694699e+01
9.917158858831870427e-01 1.063146525178757518e+00 1.511965532507458576e+00 1.672756426366616145e+00 1.880922823927293708e+00 1.933514047301648997e+00 2.010581019185989859e+00 2.330028411776061237e+00 2.479000573997959478e+00 2.694082077901313710e+00 2.759909829958454797e+00 2.902239105465446833e+00 2.908817070676277261e+00 2.964394921609818656e+00 3.128315213357026447e+00 3.172489930784676115e+00 3.225957899715955257e+00 3.336683468647863471e+00 3.358166703782201612e+00 3.437392749559644578e+00 3.460995776718204464e+00 3.569252064486657883e+00 3.619266675505969921e+00 3.647087819242608386e+00 3.724952341634737429e+00 3.845075216823122588e+00 3.958348265447015901e+00 4.010861128341286275e+00 4.249889356657237549e+00 4.369302934014250184e+00 4.485213076613812966e+00 4.624457491321902758e+00 4.640598347597650886e+00 4.826493212947388756e+00 5.132076488758259281e+00 5.185848695966913446e+00 5.252074377833725549e+00 5.392605737088356221e+00 5.456505239252945394e+00 5.605279789279452807e+00 5.841260109332016448e+00 5.919854112453322159e+00 6.080115231638436590e+00 6.245852864422533735e+00 6.378883520026427334e+00 6.623790525160797138e+00 6.752552708505272783e+00 6.802144604231981972e+00 6.965555096764991738e+00 7.027802339674803278e+00 7.091600317530375897e+00 7.193014926867089542e+00 7.299958478947751850e+00 7.319311812108214355e+00 7.542481528248449862e+00 7.581106016933436109e+00 7.682530715815039990e+00 7.702956649124249822e+00 7.821945958504902485e+00 7.932750667706092607e+00 8.092082969829681005e+00 8.183047700323987428e+00 8.236588108363022798e+00 8.530408022260889567e+00 8.749100977518715183e+00 8.785610727272661791e+00 9.078344501409182143e+00 9.102387432984606619e+00 9.213546433285070947e+00 9.458626475854030602e+00 9.531417223918655424e+00 9.663367925087031907e+00 9.813865246746514615e+00 9.988192383717896305e+00 1.019209543083292147e+01 1.028439435798042467e+01 1.049350044094682666e+01 1.054855595970392912e+01 1.061762036359645123e+01 1.092498460131531068e+01 1.095955301162408091e+01 1.106951614086710833e+01 1.125235570733896040e+01 1.131548876904001766e+01 1.143929658319657428e+01 1.155461033297869911e+01 1.173074536033132809e+01 1.183448159243552666e+01 1.197761283043056935e+01 1.224651225989736147e+01 1.229196992071402761e+01 1.243544255406593102e+01 1.278740686838932739e+01 1.294152049053637477e+01 1.345200573090485996e+01 1.381368457232634661e+01 1.383410356804426300e+01 1.398749681832945591e+01 1.412259700219179948e+01 1.435414707488377317e+01 1.447828957883192125e+01 1.466207435234057321e+01 1.496681272271002605e+01 1.499155145091919650e+01 1.515588584087768353e+01 1.532324543470803846e+01 1.539432181514376197e+01 1.553941417126912228e+01 1.562767683023053067e+01 1.567691492729141167e+01 1.583452963545719960e+01 1.599631181163102767e+01 1.607173148474208091e+01 1.628445844982547186e+01 1.636165480316874010e+01 1.647047047080573279e+01 1.657783373094793689e+01 1.666895116847391023e+01 1.693361215197791481e+01 1.695624278674307561e+01 1.709405904809676358e+01 1.729466365008950390e+01 1.736137485428761096e+01 1.750925106161245992e+01 1.770296442634981560e+01 1.774419438841891505e+01 1.813524487590837353e+01 1.851253519440279049e+01 1.860677196256550303e+01 1.894341341303526249e+01 1.907780173025410519e+01 1.949463623330305140e+01 1.964749270803572045e+01 1.972733071985387454e+01 1.998621198378663166e+01 2.011558814449037769e+01 2.039157157842508994e+01 2.055088013854753015e+01 2.112581372680471148e+01 2.138361647067807780e+01 2.195893270480051740e+01 2.249053156298134226e+01 2.276945610639381457e+01 2.319269300733916239e+01
8.009937414072374473e-01 8.396319951776337609e-01 1.404049614615989539e+00 1.564181963124411157e+00 1.600270755398355726e+00 1.776058294054452702e+00 1.828712984078525894e+00 2.293438126858364345e+00 2.406565354858989814e+00 2.674497644316499834e+00 2.702396610094114138e+00 2.848800521636985827e+00 2.906064158286843835e+00 2.961914997207489630e+00 3.096679391224159694e+00 3.123727782255627083e+00 3.251359218983667532e+00 3.273163474551672891e+00 3.355449219512030012e+00 3.368875988554695944e+00 3.444170626176775496e+00 3.534283192961007458e+00 3.561300523456336631e+00 3.637019779033991984e+00 3.691702717423968938e+00 3.850518884005229125e+00 3.891795930007931670e+00 4.000397882988357523e+00 4.193724629485070743e+00 4.278950903289589824e+00 4.353885294270765094e+00 4.581852882157442686e+00 4.648435324910773936e+00 4.789344709470451988e+00 5.121376738819832575e+00 5.187728574152560945e+00 5.256059200832183365e+00 5.374318206781421026e+00 5.453856698180714169e+00 5.606462820370902378e+00 5.874244463363813118e+00 5.939219922341299807e+00 6.060001538829334677e+00 6.211416567181990978e+00 6.350894211242517073e+00 6.663878718283491764e+00 6.759737816056487603e+00 6.823811728198545978e+00 6.941673415433706751e+00 6.999268021198467693e+00 7.079857104948802160e+00 7.202159400529140498e+00 7.252218011353319227e+00 7.314650178552200011e+00 7.482709390694265217e+00 7.562643924872691770e+00 7.625949942477737054e+00 7.667997339688614744e+00 7.770888410668044699e+00 7.895262317195482993e+00 7.992147509782765447e+00 8.073634080340498897e+00 8.179154891878608780e+00 8.454572852043336084e+00 8.665672170538577745e+00 8.681418182499855973e+00 8.919407841106730572e+00 9.023893626166113791e+00 9.111518239713911171e+00 9.376180065396843233e+00 9.435965443457998703e+00 9.533697313968213294e+00 9.702740808623230961e+00 9.933227536243363076e+00 1.008465819174206857e+01 1.020471130786249425e+01 1.041616224252682521e+01 1.046657598331450245e+01 1.059464745715529510e+01 1.081831226674312418e+01 1.085182943488498708e+01 1.101809995953736987e+01 1.120580362740467528e+01 1.122506564673561513e+01 1.137002979338607034e+01 1.142092185878367872e+01 1.168999513321916339e+01 1.180663331565615159e+01 1.197843622865454272e+01 1.208635251105893715e+01 1.212767703263160080e+01 1.236405566935523126e+01 1.258646729248121687e+01 1.273048225624117435e+01 1.348376833715543910e+01 1.379850382691878252e+01 1.385339012203217379e+01 1.393548964706453930e+01 1.410037522467193227e+01 1.433651885776975732e+01 1.447287902537753723e+01 1.467080863262272672e+01 1.499450408982741578e+01 1.501206526523642282e+01 1.513805410598797252e+01 1.532331947530785321e+01 1.539543506165816922e+01 1.558898648679823928e+01 1.564861620471479497e+01 1.565852269974287125e+01 1.584420968569522081e+01 1.607294418008961401e+01 1.608670352431129302e+01 1.627142782635749896e+01 1.638955017784954649e+01 1.654937752693093600e+01 1.663474566524990195e+01 1.673924660248221485e+01 1.692206550145697719e+01 1.703050791951963916e+01 1.708770277780245905e+01 1.734437272765886817e+01 1.737501836257792220e+01 1.754765068020887497e+01 1.775332799099459180e+01 1.778445765467259676e+01 1.806713613601370838e+01 1.849430693763372702e+01 1.863333396006662568e+01 1.890822444839712091e+01 1.908874171362406003e+01 1.951325512029476172e+01 1.963134470757783134e+01 1.967173402963295814e+01 1.999919094247290374e+01 2.011703459452292364e+01 2.036065466178293448e+01 2.052192580683131595e+01 2.109595613367301681e+01 2.136532089191659978e+01 2.201891205134810647e+01 2.251957509625047393e+01 2.280124084069467472e+01 2.328954195512715586e+01
6.061570189024323430e-01 6.225129899260137822e-01 1.218628932703527790e+00 1.334306712935489525e+00 1.480857441475408098e+00 1.617727640853455995e+00 1.707046307873988589e+00 2.292239649852336303e+00 2.345391839707562820e+00 2.663425717349197974e+00 2.679814045143056767e+00 2.820224453974349288e+00 2.891167208717757564e+00 3.003959336057648422e+00 3.032163663642597928e+00 3.105742570521948132e+00 3.229963507746783868e+00 3.297740906093541202e+00 3.319630331057639161e+00 3.387669097484169001e+00 3.448639767168993675e+00 3.488485164357085555e+00 3.532832474820248869e+00 3.596803205957558092e+00 3.703607206661847062e+00 3.832059188311181863e+00 3.891176761677170859e+00 4.015502574563998728e+00 4.082688595184554181e+00 4.222525772229127838e+00 4.318407495414570363e+00 4.544664529107466322e+00 4.667251632907607473e+00 4.758780956920483973e+00 5.078160981902097859e+00 5.200930414027824078e+00 5.262669499393117789e+00 5.348766717658453018e+00 5.463156187106575246e+00 5.624417780205653195e+00 5.898528589816490530e+00 5.960445787089280856e+00 6.033258654221596906e+00 6.178290368673365229e+00 6.302117321466763400e+00 6.688646191027260102e+00 6.764497336079990042e+00 6.836086416511045982e+00 6.875731224697489097e+00 6.971070867197511234e+00 7.106964113925078763e+00 7.188171727555845436e+00 7.225976252799753752e+00 7.330864564621117019e+00 7.415478738999354391e+00 7.546322804495405379e+00 7.601094898991693327e+00 7.648117247805068075e+00 7.724821367248471127e+00 7.858226108833402002e+00 7.897326986370865498e+00 7.976528242334319785e+00 8.131612486889730818e+00 8.434019511453408668e+00 8.576404820585203481e+00 8.612255763794220087e+00 8.775680144737908250e+00 8.935799844672535741e+00 9.015259823390561422e+00 9.283903893782424532e+00 9.333264823243931474e+00 9.442307378398448137e+00 9.573396511715900559e+00 9.892607685558326480e+00 9.936088144870495853e+00 1.012264796052961735e+01 1.027511926159895772e+01 1.037300361718840058e+01 1.059040203781386147e+01 1.073026650766027856e+01 1.076946883276571221e+01 1.097763314002745361e+01 1.113692104360598734e+01 1.115513637616140308e+01 1.129006827182274719e+01 1.133703910481736798e+01 1.164005551361988999e+01 1.175023952142192663e+01 1.186354702101776581e+01 1.192020240706121825e+01 1.204001219579594739e+01 1.231139619023735676e+01 1.236827937459491800e+01 1.266896145658089523e+01 1.353558840529462870e+01 1.379277208949326727e+01 1.384994988569380325e+01 1.390687098377546072e+01 1.407442278230981891e+01 1.432758405485448705e+01 1.447722194315156230e+01 1.467465828978698994e+01 1.501409547505745046e+01 1.502489818383228659e+01 1.511469957966087208e+01 1.530515969575721158e+01 1.540464793867663928e+01 1.558494859416412126e+01 1.563045364684438354e+01 1.569934034424887592e+01 1.586746268994129672e+01 1.609014417983903300e+01 1.614657105129620263e+01 1.626443232265604166e+01 1.640869971513029313e+01 1.660541491605472686e+01 1.667985358989114175e+01 1.682134721474751515e+01 1.688606006377626656e+01 1.707040697951479657e+01 1.708837879625476219e+01 1.737200383202811338e+01 1.744564061545715816e+01 1.760747750543431778e+01 1.778364813796524757e+01 1.782916062590745199e+01 1.799308701839255775e+01 1.841274405069298581e+01 1.866989975111054179e+01 1.892841207816108096e+01 1.912990147764298499e+01 1.952878187335166160e+01 1.957818486193733420e+01 1.966770662937136649e+01 2.000580936740297489e+01 2.012442020111287277e+01 2.033909924051163998e+01 2.049743928528008396e+01 2.106388515845836906e+01 2.134869760292033547e+01 2.207058461376348646e+01 2.254062171037831064e+01 2.282438673467564172e+01 2.338044885937460293e+01
4.067533428602844725e-01 4.121764639747897974e-01 8.261001448403987313e-01 1.279038251051185515e+00 1.404645892522839334e+00 1.495852938634383289e+00 1.598966185945001284e+00 2.286563265047877547e+00 2.325274951326499195e+00 2.652744425095173497e+00 2.689977354286500422e+00 2.810302916808568696e+00 2.870574015770096299e+00 2.967988694261969318e+00 3.063258096432397881e+00 3.076151183468514017e+00 3.249824417674076038e+00 3.269570382426091548e+00 3.367020231237110917e+00 3.402804350513557008e+00 3.446090227108097537e+00 3.469334924570635525e+00 3.521239552921161753e+00 3.565843234262475292e+00 3.734269949096227226e+00 3.821003157682006712e+00 3.899729975559720785e+00 3.970925040277605067e+00 4.104341558263985945e+00 4.154336809855422530e+00 4.369111268962703853e+00 4.524321296279955718e+00 4.678837860841856156e+00 4.734336513461550489e+00 5.033414711883363424e+00 5.205812727098309445e+00 5.273093268396640276e+00 5.326397377085711149e+00 5.473903829473595550e+00 5.650450592057462806e+00 5.916103824327498373e+00 5.960997414379205495e+00 6.011148332839227670e+00 6.153265168506552030e+00 6.238606442008573616e+00 6.697325363106577889e+00 6.759391989077927931e+00 6.804380439591709795e+00 6.867074620672889651e+00 6.971184216339603168e+00 7.074945273049784156e+00 7.170839226016619605e+00 7.241301541975095901e+00 7.355981249459432547e+00 7.389004400286069085e+00 7.521850622612940462e+00 7.589155359601698514e+00 7.637779821797638924e+00 7.677411241768210992e+00 7.804175439032978723e+00 7.815588657519685789e+00 7.942411678626362992e+00 8.085826133437546304e+00 8.426351056768275782e+00 8.483519592559572331e+00 8.587841297600382617e+00 8.679674665029979863e+00 8.819310556349893915e+00 8.945167966056159159e+00 9.189976411262883005e+00 9.227943928952035080e+00 9.355650537300848057e+00 9.452167582269726864e+00 9.688727436170779583e+00 9.866502651781816624e+00 1.003214380481561641e+01 1.016427703433644858e+01 1.031677440347931629e+01 1.059408860302325017e+01 1.068005006749710795e+01 1.071289392398003848e+01 1.094930580379863017e+01 1.106706100004802096e+01 1.108503493214361058e+01 1.120988713393396807e+01 1.131904130786488238e+01 1.149180205769496865e+01 1.165812949512662122e+01 1.179624391816545526e+01 1.181092457611315183e+01 1.204557416932800606e+01 1.226056673253727247e+01 1.228348822026803155e+01 1.261997539289542836e+01 1.359149272086611937e+01 1.379084793864826430e+01 1.381179486664075640e+01 1.391501977438028703e+01 1.404845987065615986e+01 1.432401975089969426e+01 1.448761158682474814e+01 1.467537295152645349e+01 1.502340375059804423e+01 1.503388293898388639e+01 1.509636300238253526e+01 1.527904007096642047e+01 1.541951130270840054e+01 1.557015573850476109e+01 1.560582289508997711e+01 1.574444934802208884e+01 1.587900992676337175e+01 1.610091836652904007e+01 1.619202988020419909e+01 1.626746445229471405e+01 1.642176492044985636e+01 1.663598320823635390e+01 1.671055979206906272e+01 1.685515337001746872e+01 1.692142095995280826e+01 1.706963346647435387e+01 1.713232471673971702e+01 1.738269456914184019e+01 1.751437513235765309e+01 1.764324202765489247e+01 1.778764077424796852e+01 1.786443307863753915e+01 1.794130941967308956e+01 1.833477172492077401e+01 1.870303700427554361e+01 1.895351720205932367e+01 1.918024889165097946e+01 1.949475469630692359e+01 1.956699797100640836e+01 1.968156426651223612e+01 1.999496493710740452e+01 2.014701844113202256e+01 2.032405730955432333e+01 2.047908651814812231e+01 2.103452972523724540e+01 2.133536113049878580e+01 2.211007686236298753e+01 2.255482460691544588e+01 2.284038035573889402e+01 2.345487178449217325e+01
2.040190435543550174e-01 2.057298738739190280e-01 4.164552939515810404e-01 1.254269471958289639e+00 1.327754355568951494e+00 1.436055749219579791e+00 1.522133826869117357e+00 2.265001044184220991e+00 2.337259245767488558e+00 2.647627532295927288e+00 2.713381355407546547e+00 2.806909480487416175e+00 2.854119514355927034e+00 2.935326236099774277e+00 3.026638655460263116e+00 3.122782790954375276e+00 3.243867887349429324e+00 3.305828000531235489e+00 3.363166007568255012e+00 3.402542815898311090e+00 3.451418253048384344e+00 3.484405887936315782e+00 3.517454267106399524e+00 3.554519041058733730e+00 3.772011965562904301e+00 3.816081014773687219e+00 3.885216393992496631e+00 3.917677934398645423e+00 4.082501579697498606e+00 4.247895715380837878e+00 4.425373917446871808e+00 4.521318337776164320e+00 4.679129485292600421e+00 4.718811200589807520e+00 4.996762601563180084e+00 5.210915817472196565e+00 5.273388299505222143e+00 5.314051848904767006e+00 5.482180733134761397e+00 5.677154668068978616e+00 5.907041842954226851e+00 5.948069305388694161e+00 6.007402391946391695e+00 6.141532446902783882e+00 6.179542903764817297e+00 6.691740499123581820e+00 6.730484686134206918e+00 6.804347696822969915e+00 6.884156620514579217e+00 6.974955084211138079e+00 7.020957205251924016e+00 7.153819582518051945e+00 7.264853146337491019e+00 7.357773349719611389e+00 7.428055037479031064e+00 7.501641548226365863e+00 7.561210109756277831e+00 7.620134000218169668e+00 7.657546455498013493e+00 7.751932001819252349e+00 7.764937528809376488e+00 7.952835644947216842e+00 8.054717227514556654e+00 8.351147234032639588e+00 8.484013329244035617e+00 8.577980893763641035e+00 8.607981374884806414e+00 8.726639786855285408e+00 8.897295965419385055e+00 9.110192653935342832e+00 9.129394640396704119e+00 9.245385337247617130e+00 9.394607572431114662e+00 9.483867664902064121e+00 9.854725955055577913e+00 9.966124279790356866e+00 1.012664284047781393e+01 1.028315799854569512e+01 1.060066702772516756e+01 1.065609279891781114e+01 1.067630333742517301e+01 1.093848375972212494e+01 1.101110994007787980e+01 1.102611534297957618e+01 1.116614071199029823e+01 1.130393625977838923e+01 1.137457886553285391e+01 1.161364604986128768e+01 1.172671158065325514e+01 1.179964913941546456e+01 1.205347379448726741e+01 1.221587571355435209e+01 1.225981952569667932e+01 1.258800793969089682e+01 1.364108733836480347e+01 1.377242884926450195e+01 1.379039652246581937e+01 1.392627966329946965e+01 1.402886241014779856e+01 1.432271298451729891e+01 1.449795097031559088e+01 1.467452783878754907e+01 1.502301660795083649e+01 1.503977489394136313e+01 1.508966258567062368e+01 1.525648341648845729e+01 1.543288496996628822e+01 1.556198719021881871e+01 1.558640550569381666e+01 1.577264465675302141e+01 1.587984742314913156e+01 1.610458598183225831e+01 1.622713911704374112e+01 1.626854561484072192e+01 1.643032423599847647e+01 1.665069833045962611e+01 1.672689805293497045e+01 1.684174838828658238e+01 1.699933318787451952e+01 1.708372917874687147e+01 1.716389244921866464e+01 1.738144311639283401e+01 1.756248611685894545e+01 1.763118754853218917e+01 1.778307652973207809e+01 1.788493966158452864e+01 1.792506136712485443e+01 1.828698632891990172e+01 1.872527778971407031e+01 1.896739854921350599e+01 1.922485146526609867e+01 1.944563144949360023e+01 1.957854905010370317e+01 1.969487076886591126e+01 1.997900326728912290e+01 2.017531526188221491e+01 2.031067069982430340e+01 2.046813152801756885e+01 2.101357395299554298e+01 2.132670917343885009e+01 2.213475392001508979e+01 2.256301226078941013e+01 2.284996473044527576e+01 2.350362207972529660e+01
-6.819796461061811274e-04 -5.390909068513029170e-04 -5.290002438702285146e-08 1.250557893693890144e+00 1.292068543850204865e+00 1.419068853068530922e+00 1.494360110482702453e+00 2.257312336914282902e+00 2.342074429305289307e+00 2.645702827359943221e+00 2.725319308494403625e+00 2.807177135518558408e+00 2.847986350527014654e+00 2.923688833424058497e+00 3.012979899771301540e+00 3.141396975022779259e+00 3.235621442036460405e+00 3.321691138968344781e+00 3.380396151245478542e+00 3.385158933431890560e+00 3.455509785077242935e+00 3.491923978023853348e+00 3.518027898260910558e+00 3.550541137915249390e+00 3.803702201726852916e+00 3.809196324050430960e+00 3.854206395011664288e+00 3.914257154897101909e+00 4.064121432878867957e+00 4.311718115895960324e+00 4.442708581866816608e+00 4.531054895329829968e+00 4.672525637643405894e+00 4.715211528765196114e+00 4.981513719640429549e+00 5.213919590646578506e+00 5.270049310899368677e+00 5.310270184477960953e+00 5.485159652824383336e+00 5.691113746781499394e+00 5.886446275209639367e+00 5.950503176456982679e+00 6.007306486510454846e+00 6.146607044884094151e+00 6.146739269515538950e+00 6.692894419766318492e+00 6.708128278090196517e+00 6.819630201309674788e+00 6.886567430967577508e+00 6.981062232520280020e+00 6.992306527092465807e+00 7.142902928280861374e+00 7.280643233870360831e+00 7.356184855753798324e+00 7.450997087677264652e+00 7.498543580820358656e+00 7.534342847317797798e+00 7.618693056115865225e+00 7.652749271519700969e+00 7.728616717445441431e+00 7.748531059781278429e+00 7.968066599505164049e+00 8.040825771032526603e+00 8.310579160163520385e+00 8.529236534975160211e+00 8.531927516106897258e+00 8.573486594673539685e+00 8.701281624764584777e+00 8.881799261553371849e+00 9.066982699559796188e+00 9.093156152910596646e+00 9.192164887594113765e+00 9.394818410316652546e+00 9.408687433939565636e+00 9.852544450370343654e+00 9.942199941106427019e+00 1.011747076236508924e+01 1.027171323360481558e+01 1.060424662989684741e+01 1.065324355709987536e+01 1.065877942814021395e+01 1.093915593215483639e+01 1.099083127926614267e+01 1.099895221850917082e+01 1.115220291993273882e+01 1.127810204272973316e+01 1.136063041626812442e+01 1.159186798415950470e+01 1.170844761882882779e+01 1.179654927107318940e+01 1.205622809239976689e+01 1.220169903005550083e+01 1.225270846588662721e+01 1.257688297302225067e+01 1.366598530124829303e+01 1.375152287367021486e+01 1.379032300965932301e+01 1.393074463207277702e+01 1.402145969715972562e+01 1.432235470707444236e+01 1.450225034644500077e+01 1.467393240977626512e+01 1.502115199301280413e+01 1.504182759879135922e+01 1.508925630901596016e+01 1.524738977540284601e+01 1.543838059347816483e+01 1.556006846145166556e+01 1.557845063317672185e+01 1.578205656392383993e+01 1.587885791585973116e+01 1.610476205289372942e+01 1.624745334498629390e+01 1.626199457401136783e+01 1.643345488456476033e+01 1.665532426943760314e+01 1.673174717539056999e+01 1.683751933867796424e+01 1.702208528777257968e+01 1.710130366715908323e+01 1.717745034598307896e+01 1.737800084592467442e+01 1.758514424652566532e+01 1.760640289428519267e+01 1.778447494604795409e+01 1.789128118039798210e+01 1.792350196345003255e+01 1.827175229164780390e+01 1.873308733208795829e+01 1.897122296175460576e+01 1.924475515232863287e+01 1.942422222265282983e+01 1.958322793530456707e+01 1.970016246788629033e+01 1.997208466781172831e+01 2.018916908785253383e+01 2.030352745540947623e+01 2.046461201283203479e+01 2.100592379031552426e+01 2.132371007566544208e+01 2.214313535904985386e+01 2.256568673805872294e+01 2.285318606165242272e+01 2.352058378391459925e+01
2.159921184325412080e-01 2.494583291310321083e-01 4.983694422936613133e-01 1.067365070533351501e+00 1.224905178810992146e+00 1.472508342945470172e+00 1.675271131043783113e+00 2.164706727179874335e+00 2.342134385812133512e+00 2.412813053329782242e+00 2.654543108394908035e+00 2.814655424146674356e+00 2.871663562438456996e+00 3.027727780131164170e+00 3.061927784917753304e+00 3.130666220891856977e+00 3.288876478662162928e+00 3.308090360838927158e+00 3.361351163900354599e+00 3.435365354846080521e+00 3.466773511784314810e+00 3.486652995405800759e+00 3.548114323975091633e+00 3.587090366770710137e+00 3.793886395467776840e+00 3.804492129769014852e+00 3.867699857455140666e+00 3.928675823842645354e+00 4.068012075047507281e+00 4.299054296790951746e+00 4.397422918336483910e+00 4.572988560992479634e+00 4.696634688841891503e+00 4.698739991379508929e+00 4.940731423454874260e+00 5.159834591370421109e+00 5.242146860864371760e+00 5.314999777603793163e+00 5.488806856871068618e+00 5.699299931806606878e+00 5.861255627664985646e+00 5.995154442731108979e+00 6.072569925505139743e+00 6.130817332266425446e+00 6.158345176177981273e+00 6.686839625644689811e+00 6.723060231403991338e+00 6.787980994633660892e+00 6.889631386704587968e+00 6.980086324919411389e+00 7.013956791386098288e+00 7.142440368925116800e+00 7.281124155052947522e+00 7.367820633047227119e+00 7.445848160703678609e+00 7.509257707518801617e+00 7.546927986591511761e+00 7.649244090695630049e+00 7.661688601832719492e+00 7.736595460316222805e+00 7.755065550918839534e+00 7.958584008182719494e+00 8.052327054951446073e+00 8.294731504588478188e+00 8.523689036826201715e+00 8.553705010482296700e+00 8.581561550670731009e+00 8.762748465024410294e+00 8.910567012496361627e+00 9.073262110486963294e+00 9.181090046726954057e+00 9.251786546672589040e+00 9.395564415529308988e+00 9.453774477842179280e+00 9.798323361736917647e+00 1.000997503562372870e+01 1.013149723780095357e+01 1.028620880618947631e+01 1.057800048261578141e+01 1.063504071446576482e+01 1.069678755362543043e+01 1.095145827590790510e+01 1.096840626195784729e+01 1.101553683521689386e+01 1.116048687507461779e+01 1.124745024505838131e+01 1.140079994449091139e+01 1.159946946376081200e+01 1.170418085431878730e+01 1.180549229292982716e+01 1.202142432512251524e+01 1.219723925900175487e+01 1.226748663910458781e+01 1.258300321462517246e+01 1.355628351268326170e+01 1.375215363855729045e+01 1.380722441448488169e+01 1.390488203960628333e+01 1.405501378222107611e+01 1.430889451271410273e+01 1.450945136779449918e+01 1.468667393008473709e+01 1.497186765101278638e+01 1.506816214149814037e+01 1.511069355070396192e+01 1.524066294546723910e+01 1.543227741304513501e+01 1.555988648371531902e+01 1.558149237181690339e+01 1.578100939131493163e+01 1.587346431519030965e+01 1.610566041246979196e+01 1.622965062305209827e+01 1.626514301880192193e+01 1.642896441724344214e+01 1.663813279492902097e+01 1.670617512045198083e+01 1.684826445757119728e+01 1.689304331007140902e+01 1.703465190060348888e+01 1.712384907428244674e+01 1.737862092409472936e+01 1.747887462618091803e+01 1.760668414157500195e+01 1.777514215146790022e+01 1.788849211401732830e+01 1.790288869858895282e+01 1.837560692761771719e+01 1.872198689310792474e+01 1.903236008076109442e+01 1.923792255528161022e+01 1.945582878187797249e+01 1.957466197902849103e+01 1.970659995718761337e+01 1.997639099247853878e+01 2.017238021329909969e+01 2.032222927293559422e+01 2.045280500316888705e+01 2.102086444539429166e+01 2.131950248652879409e+01 2.216474670406321934e+01 2.256702946505312823e+01 2.285423284986962145e+01 2.354921409611655747e+01
4.310699629533405464e-01 4.961825888381603544e-01 8.489839891151131912e-01 9.929866742271077351e-01 9.974164084085090920e-01 1.661278625527356612e+00 1.853706832028140683e+00 1.926492502474072888e+00 2.084296583340848663e+00 2.257856460961110034e+00 2.658353626744508702e+00 2.831695336352682002e+00 2.931539342594950082e+00 3.060832066351836467e+00 3.088820037549213637e+00 3.136666348068955834e+00 3.251549096333846478e+00 3.294425084152464933e+00 3.329259411225273801e+00 3.473835553599089465e+00 3.483891759810451294e+00 3.518242290565652741e+00 3.620785682382287263e+00 3.694444194753606858e+00 3.779213465642593750e+00 3.842706332650661416e+00 3.898663553428144191e+00 3.991730843992616684e+00 4.084613180599559357e+00 4.246090903571894337e+00 4.372720961073255808e+00 4.571338316237663513e+00 4.647373119187463431e+00 4.758778407967112045e+00 4.846141163393375528e+00 5.062208014449262272e+00 5.163130235918719890e+00 5.379025072144779429e+00 5.490788895208555509e+00 5.721520680532236725e+00 5.817675826103243963e+00 6.045353222901789891e+00 6.116164059092962013e+00 6.143396667112253517e+00 6.229642140386789428e+00 6.660517794645524958e+00 6.702371075620628282e+00 6.763706393407819206e+00 6.890119634007399796e+00 7.002951334001073391e+00 7.036324004292362488e+00 7.131319539695593512e+00 7.286750768613354801e+00 7.369651873449393875e+00 7.432584380588618700e+00 7.531099596503516125e+00 7.556356736560849718e+00 7.661863008424899313e+00 7.683573578025287176e+00 7.727282900002085952e+00 7.820628979508782663e+00 7.939442567151417940e+00 8.080870802194423774e+00 8.260693164940663635e+00 8.519388001493320317e+00 8.582405836418359968e+00 8.601066352926885372e+00 8.731243021435377116e+00 8.972887317004927255e+00 9.086647305155731047e+00 9.212730710026738379e+00 9.328084968316366243e+00 9.442998219718035102e+00 9.581415626452812973e+00 9.946531556051104062e+00 1.009753027604051745e+01 1.029628807328413664e+01 1.033018290243954240e+01 1.052601715978811470e+01 1.066109806525701309e+01 1.079925463119379714e+01 1.094455155977431460e+01 1.098522868839921252e+01 1.102641115953852768e+01 1.116878558846478064e+01 1.127573608802227945e+01 1.144779952811598100e+01 1.163582706514700149e+01 1.170067941974858705e+01 1.183781462913435334e+01 1.194351713679761673e+01 1.219067878488664292e+01 1.228903403656263649e+01 1.257797230478753647e+01 1.318849241425090923e+01 1.374757375175292040e+01 1.382490153031205971e+01 1.387711861871163421e+01 1.410923330634367368e+01 1.427479451260886556e+01 1.452921367694279553e+01 1.472691285725581878e+01 1.492872116837346930e+01 1.503684758530486043e+01 1.516490115702919539e+01 1.521933937402397774e+01 1.542157597442318462e+01 1.555955835386516561e+01 1.558546257833024917e+01 1.577869171849872210e+01 1.586105479085900427e+01 1.597424169705460351e+01 1.614627354602015430e+01 1.627202103951430345e+01 1.636932542220367637e+01 1.641898500719929643e+01 1.665826179345294022e+01 1.675847045089908960e+01 1.686944417948041419e+01 1.702937455860488214e+01 1.711596205966848672e+01 1.737977481568587024e+01 1.743206168964074010e+01 1.759519591265008387e+01 1.777996247211674330e+01 1.788519558524914288e+01 1.789662684894891598e+01 1.845373896749852349e+01 1.870212378421605948e+01 1.911601750764739549e+01 1.921928575317583920e+01 1.950988081419291120e+01 1.958008375095500497e+01 1.970654305410172924e+01 1.998622606688241632e+01 2.014742147075891765e+01 2.035674877944830641e+01 2.042508930556422442e+01 2.104730175558852068e+01 2.131135626899614621e+01 2.220481762020993699e+01 2.256950897476895790e+01 2.285643272329129516e+01 2.360596506737049793e+01
6.418886517059024799e-01 6.465972239311296166e-01 6.996530612064234544e-01 7.941733041137254423e-01 1.443693100563153697e+00 1.487512668963011819e+00 1.806858088454025069e+00 1.884454861547813831e+00 2.073899911475987956e+00 2.132346921704665554e+00 2.669907117056080192e+00 2.836472096691396771e+00 2.965896624005754045e+00 3.041979088987867730e+00 3.123493643097210004e+00 3.157287920879621179e+00 3.224551320327968540e+00 3.250922368492290992e+00 3.328448095265152507e+00 3.477834941377936584e+00 3.493047153555925544e+00 3.524651749948185309e+00 3.657601052333653069e+00 3.697870587032502154e+00 3.767897746551359450e+00 3.884963478907710321e+00 3.915728998896546020e+00 4.091449037715197079e+00 4.145754800089508585e+00 4.204086860662417990e+00 4.392981951549733033e+00 4.434389539987900974e+00 4.641743406757494306e+00 4.800214449174419862e+00 4.804481541250709142e+00 5.016166470831371349e+00 5.134648724198054737e+00 5.420062965921433218e+00 5.475296885354305587e+00 5.752673816334726631e+00 5.780382863979339980e+00 6.066488304523956820e+00 6.112304401865029213e+00 6.139881014183296237e+00 6.307667849954342820e+00 6.623862188314612709e+00 6.682549856463241511e+00 6.764786181880874771e+00 6.891448265413014695e+00 7.019239410278435898e+00 7.048001927611490025e+00 7.117058455748976442e+00 7.291404367337510628e+00 7.366598864498471677e+00 7.427406006241722203e+00 7.543740534118760444e+00 7.556352137018309989e+00 7.657765322522876339e+00 7.706167173194580222e+00 7.708598547995636707e+00 7.857591682788508614e+00 7.925776279384328049e+00 8.100734226761831636e+00 8.239174485602029918e+00 8.518185435182241250e+00 8.593912687603511458e+00 8.618949856505965457e+00 8.701379357768933787e+00 8.976868414769613835e+00 9.114171250828984938e+00 9.209219395632725735e+00 9.329456274546222616e+00 9.496277589162934518e+00 9.522711814312469158e+00 1.000608761302612848e+01 1.011977802260048342e+01 1.037673442328907925e+01 1.038666846050455561e+01 1.053201140870015351e+01 1.068374791455360651e+01 1.092356485850562464e+01 1.095954351596335385e+01 1.100617060533437197e+01 1.105999664578879127e+01 1.114844885296036381e+01 1.143545634004246736e+01 1.157954111808391495e+01 1.159824921670570852e+01 1.183202000690944544e+01 1.186869663223919424e+01 1.201053633818125910e+01 1.214208268795410106e+01 1.234719502670790270e+01 1.236423326996114724e+01 1.280576478240718430e+01 1.374496586158574374e+01 1.382981744232026422e+01 1.386893714850515558e+01 1.414075137652987024e+01 1.424954743128860457e+01 1.454309546616752868e+01 1.477043891447611301e+01 1.493033133333207907e+01 1.496180258073438019e+01 1.519282255694762540e+01 1.520411741167591657e+01 1.541759579501858823e+01 1.555937704303963365e+01 1.558112473096330497e+01 1.572150788389889620e+01 1.577918212578087598e+01 1.586163284378302762e+01 1.614052593084712584e+01 1.627581872290830134e+01 1.631938986546948911e+01 1.641343541601365530e+01 1.665506095340224491e+01 1.675050298620118028e+01 1.687964745324775606e+01 1.702848241467178880e+01 1.711349048334433576e+01 1.738038508499568735e+01 1.742371829537875882e+01 1.758957308236093908e+01 1.778387705073431846e+01 1.788414936200187100e+01 1.789514893904432213e+01 1.847542208810540387e+01 1.869216773244995622e+01 1.915199512260198134e+01 1.920259557322410870e+01 1.951956358519029422e+01 1.960885272289505821e+01 1.969616834728214982e+01 1.999182511284288211e+01 2.013716175358941740e+01 2.039007510727588723e+01 2.039353427490527082e+01 2.105912740265148386e+01 2.130737884760686640e+01 2.222342802878885948e+01 2.257065186320408401e+01 2.285758746813570497e+01 2.363403475609502991e+01
1.980112796563203270e+00 2.053992839611848531e+00 2.354850573264992253e+00 2.440038996437370322e+00 2.513586383656915224e+00 2.537049595048053163e+00 2.660316506325990371e+00 2.661984045138634958e+00 2.773716457504766364e+00 2.889978050436723844e+00 2.959452591635729046e+00 2.987069617436056923e+00 3.066147377910213745e+00 3.143675703605986804e+00 3.204854487553104647e+00 3.294117604518034259e+00 3.451300760365121345e+00 3.519654032643906749e+00 3.636258316104538313e+00 3.644301959677789693e+00 3.947841268982973162e+00 4.007245776454963604e+00 4.256704439303436338e+00 4.267523449483873854e+00 4.526819946670149974e+00 4.573852634067362644e+00 4.617303906545267900e+00 4.652192232732356381e+00 4.747728247317038353e+00 4.939977604352404406e+00 5.049288885462232201e+00 5.321919660647979278e+00 5.354112858485202686e+00 5.390919947296400672e+00 5.459453278753653827e+00 5.504574675926073191e+00 5.523812722118456975e+00 5.591868640973042481e+00 5.621748492717361323e+00 5.652556172284047165e+00 5.877333608802192799e+00 5.963953254571705997e+00 6.001791827858469652e+00 6.101156506500051258e+00 6.150154788711434506e+00 6.184116464682923642e+00 6.239181460674510404e+00 6.284352904394719275e+00 6.380194269051285616e+00 6.576680177029676777e+00 6.759498004331784493e+00 6.764318881720869925e+00 6.965569832612762191e+00 7.040600523292547486e+00 7.363950208224440352e+00 7.456156127380398679e+00 7.479425766677454845e+00 7.629893412066051539e+00 7.851592405933419450e+00 7.970131168259458221e+00 8.106838156716026589e+00 8.346063184093319265e+00 8.489333930673714335e+00 8.515330959317568116e+00 8.772148450541608966e+00 8.901251810151341815e+00 9.179171125104113926e+00 9.223446198522916362e+00 9.608547781211600025e+00 9.610122168693298050e+00 9.681094082575397053e+00 9.837118032097199816e+00 1.017155803605768405e+01 1.046210005361023576e+01 1.055477298327864943e+01 1.057160397976784871e+01 1.065073889234866478e+01 1.082221480323432061e+01 1.108775523667477536e+01 1.109469995775300433e+01 1.122203971376744747e+01 1.132100165530297708e+01 1.146847510596338537e+01 1.147702746702750609e+01 1.175345275571005388e+01 1.198061742501969107e+01 1.207452137006738901e+01 1.249249094811692018e+01 1.252219600624463069e+01 1.263894214634427016e+01 1.283615129593042425e+01 1.295109551150601312e+01 1.308425721363149030e+01 1.309269945536103030e+01 1.359208614717862318e+01 1.369868543197595123e+01 1.392904812081710553e+01 1.407642043510707808e+01 1.411125267879324063e+01 1.426726240485053765e+01 1.436541309278821821e+01 1.458439459910978897e+01 1.461229065795596860e+01 1.477780644770152918e+01 1.485666497842328404e+01 1.515080848623600396e+01 1.530247355277545118e+01 1.541660754136949407e+01 1.545987097738302474e+01 1.556329295678468227e+01 1.563145382195858168e+01 1.585442025161656510e+01 1.602144333154354072e+01 1.617534801447940040e+01 1.620062711822124513e+01 1.654216402621833382e+01 1.659478746714225039e+01 1.662698149247215795e+01 1.686527809282253543e+01 1.688276994039236101e+01 1.695642707880822186e+01 1.723265605778308540e+01 1.742247263509959865e+01 1.752257488926325024e+01 1.794987146382825927e+01 1.799636260445583957e+01 1.850438767410509300e+01 1.858329110153787411e+01 1.880814738335595493e+01 1.908087140948833138e+01 1.946295782921822237e+01 1.949798134699585361e+01 1.963300933755042266e+01 1.981224560367142828e+01 2.016719594549702776e+01 2.102687483367973087e+01 2.134611910378427169e+01 2.139941504258805693e+01 2.160024478848458074e+01 2.199891457956966434e+01 2.279170586013320587e+01 2.286894407242094829e+01 2.341754355732944148e+01 2.344412836496832853e+01
1.945255509065724420e+00 2.096848250850250395e+00 2.325230262236451129e+00 2.436216712284925645e+00 2.493185501477664712e+00 2.558022701866601967e+00 2.623345235082964688e+00 2.703654500073129352e+00 2.777080137427649920e+00 2.889546031805431792e+00 2.966863245290598528e+00 2.997373598628056968e+00 3.073962902798895058e+00 3.140539383934171536e+00 3.206237866541318926e+00 3.290576773302019475e+00 3.411548146694562522e+00 3.560197673844440303e+00 3.571173261557946343e+00 3.720464798428433806e+00 3.934057555535123818e+00 4.012464861005224037e+00 4.223605872931731398e+00 4.255387480071356698e+00 4.411651403925852755e+00 4.552116840309925472e+00 4.620524495559426015e+00 4.702957434240374823e+00 4.764638159780754556e+00 4.916200440554930218e+00 5.044981491520151629e+00 5.219968840766769702e+00 5.321046397555273977e+00 5.383077796052744723e+00 5.432412453696619181e+00 5.482011918671232387e+00 5.534683609922067760e+00 5.590923524529336497e+00 5.641239480772074266e+00 5.683642090518751466e+00 5.854166500718789301e+00 5.953788331607620776e+00 5.970576647406200088e+00 6.101926725801836149e+00 6.196490153714463212e+00 6.247511684946916333e+00 6.254741085604353934e+00 6.297604132377580655e+00 6.399337525040161623e+00 6.592409836570158888e+00 6.758575331036531075e+00 6.787815258144661357e+00 6.969239711012575000e+00 7.051472484337612201e+00 7.361262150892522449e+00 7.444107537036057209e+00 7.495395306765544774e+00 7.629671010613492399e+00 7.847020015261758630e+00 7.969989303981047435e+00 8.110864154924319891e+00 8.342468722567929262e+00 8.493772596678653031e+00 8.523998024147854125e+00 8.775306862154092613e+00 8.896194535303452611e+00 9.178641669060915831e+00 9.229869354431933459e+00 9.573508348248910949e+00 9.605538277160409422e+00 9.711503898786970623e+00 9.858320346464577000e+00 1.014121969260158274e+01 1.045118153344061795e+01 1.053562303940972811e+01 1.056057631088326865e+01 1.059530265211033218e+01 1.086095028003741092e+01 1.107801674739312148e+01 1.112053050746453309e+01 1.119525983738478914e+01 1.130879174170544132e+01 1.149082180985186774e+01 1.150860874644089371e+01 1.175797821753484662e+01 1.195424721146119218e+01 1.206841419457788689e+01 1.243123433631782682e+01 1.250587065674121057e+01 1.265394185400248439e+01 1.279499185588701415e+01 1.298773735049385714e+01 1.306068945630162581e+01 1.312043874813123701e+01 1.356676905062872684e+01 1.365821327270882080e+01 1.383016260930504338e+01 1.406514512813301643e+01 1.413990985127329481e+01 1.430305768054215321e+01 1.448590397750697889e+01 1.453990599313351595e+01 1.466938010672302362e+01 1.478586501048207147e+01 1.487386013540509033e+01 1.515102288746083659e+01 1.530423167947803265e+01 1.540975370471140060e+01 1.547051777141682827e+01 1.556210848809434033e+01 1.561603147864776631e+01 1.588672779646002553e+01 1.602575557823190522e+01 1.617810906485726719e+01 1.619907270843576796e+01 1.653394672870988202e+01 1.659024653646839553e+01 1.663583876158778452e+01 1.686385007189022645e+01 1.688964604535942371e+01 1.696200120638949116e+01 1.724163700400339394e+01 1.742146664139777101e+01 1.752387513031406030e+01 1.790658758306751253e+01 1.803801820926046418e+01 1.850215325910826891e+01 1.859573040976995983e+01 1.880301400132448109e+01 1.908407611910291024e+01 1.943084718933543442e+01 1.949408403808687495e+01 1.964945953421317881e+01 1.979345117946811072e+01 2.015176406989716540e+01 2.101037302146772490e+01 2.134607963807807351e+01 2.138652707213424264e+01 2.157718339350305925e+01 2.197743857623008523e+01 2.271908938994818072e+01 2.287165981264340431e+01 2.336030414687602175e+01 2.346449384997743692e+01
1.884670952905168839e+00 2.119453037443733034e+00 2.274394850261862722e+00 2.402443213243656839e+00 2.476694282359401367e+00 2.578326261301424616e+00 2.631554189122157439e+00 2.714384922875272999e+00 2.782800553060944093e+00 2.889341002441083717e+00 2.994553127217399968e+00 3.027768114039377068e+00 3.079303112086439143e+00 3.142886116306396360e+00 3.211188548110856189e+00 3.287756608115419255e+00 3.368099185032131793e+00 3.491530670418383497e+00 3.635434690909252531e+00 3.792481782939324919e+00 3.901630574418148090e+00 4.015270529197729310e+00 4.155812984818196831e+00 4.201579026140443318e+00 4.227416443925353207e+00 4.504909994931700190e+00 4.561945140255187603e+00 4.675706197880695747e+00 4.797842730244039622e+00 4.902609221819191454e+00 4.993798898032365763e+00 5.137661227296824507e+00 5.285763771610318962e+00 5.300318425390452504e+00 5.348407480823490268e+00 5.462992513887642509e+00 5.492839711350091747e+00 5.538964391329232129e+00 5.654670709588099697e+00 5.757399427827946781e+00 5.803719402004788641e+00 5.878551544297884845e+00 6.013771704321727363e+00 6.135180130812877941e+00 6.244115758317823506e+00 6.295783848514987291e+00 6.356709192094741390e+00 6.360173216971589660e+00 6.446705298176499177e+00 6.639710981121149658e+00 6.783399452752454373e+00 6.832572507375867410e+00 6.980792655053273954e+00 7.079360245238815352e+00 7.354862608397304768e+00 7.431026669205258450e+00 7.520745844054941287e+00 7.629526613842890548e+00 7.836275863445649748e+00 7.971753277229592705e+00 8.120691645181477014e+00 8.334426822891403575e+00 8.487573634033214631e+00 8.560594978296688140e+00 8.779108317265693628e+00 8.885336543395981224e+00 9.173003072074143560e+00 9.252353732371185302e+00 9.530842595240132553e+00 9.576001554960519968e+00 9.763721898455417048e+00 9.895856134264931825e+00 1.006341095613476710e+01 1.038425939881130411e+01 1.049571989046285836e+01 1.051536552007110714e+01 1.053274785991847473e+01 1.091224239752745717e+01 1.106833290305217687e+01 1.113315110154481502e+01 1.118725837866220019e+01 1.128785019522954158e+01 1.151808858817394920e+01 1.158311539579413285e+01 1.177280420048576026e+01 1.189038482841083599e+01 1.203646922365172323e+01 1.229983130514289869e+01 1.248695195669906965e+01 1.262392115168504425e+01 1.274216652918135040e+01 1.297584912778532917e+01 1.304889336144907297e+01 1.320089083466753088e+01 1.331135696905568011e+01 1.360839716264453081e+01 1.387009020687048988e+01 1.407709409452671601e+01 1.418746558375987910e+01 1.433363051243220632e+01 1.446266147398994129e+01 1.472476750139211532e+01 1.473390450409681307e+01 1.481388704679875978e+01 1.492391927386196748e+01 1.514661875616406661e+01 1.530333702426082887e+01 1.539838079734719400e+01 1.548864761755113584e+01 1.556315809366046032e+01 1.560998164646618136e+01 1.595169785563729192e+01 1.603933425760196130e+01 1.618362873973343241e+01 1.619872814697630048e+01 1.651162927148459758e+01 1.659540349896636258e+01 1.664088678244233677e+01 1.687039385655210211e+01 1.690104474063973683e+01 1.697948631931885899e+01 1.726479624996720474e+01 1.742214699463782068e+01 1.752632007414226933e+01 1.785119257680075222e+01 1.808848677501443092e+01 1.849938216763669629e+01 1.862420944014849056e+01 1.879141076012077605e+01 1.909304440721589913e+01 1.935891040989124789e+01 1.946884789824664708e+01 1.968341476492054554e+01 1.973940561855171794e+01 2.011268618743438452e+01 2.095763538248399982e+01 2.131385511876226602e+01 2.136845702638816391e+01 2.152417519850754601e+01 2.190428873252406561e+01 2.252989991417210547e+01 2.286656441004376106e+01 2.326145338231467008e+01 2.346303566652350980e+01
1.798330535673816621e+00 2.036989865068393080e+00 2.223103036773559804e+00 2.378768297914376273e+00 2.443606821739309432e+00 2.546794516228177763e+00 2.680316770897485767e+00 2.697080457415229837e+00 2.804725207535231135e+00 2.898731353118159326e+00 3.027766420707511230e+00 3.067315730506860572e+00 3.074758136208002757e+00 3.157907226683739577e+00 3.219914479381435601e+00 3.295140809700787266e+00 3.338250946075478787e+00 3.443449460317137056e+00 3.667017674429744911e+00 3.828150905696637185e+00 3.869000162383951391e+00 3.982645937582411033e+00 4.023054202999674089e+00 4.063885399572815693e+00 4.161446733532901732e+00 4.346728951690181475e+00 4.481773900803856847e+00 4.552506788983175845e+00 4.825633487341255190e+00 4.926266459812356224e+00 4.953688930360250708e+00 5.088981991108769698e+00 5.133238462301462413e+00 5.246444383291543723e+00 5.271485024851108925e+00 5.376638958644169186e+00 5.476075371208842135e+00 5.513528248061176029e+00 5.629831263160546939e+00 5.714713397745732948e+00 5.790242195487738996e+00 5.886215408718989295e+00 6.091579146983812976e+00 6.110583427064560702e+00 6.277911788571671536e+00 6.385577138967786226e+00 6.421609311852829016e+00 6.471875162941288728e+00 6.522255140084149083e+00 6.707405139090903745e+00 6.830832899730589602e+00 6.899157554308889218e+00 7.000916031258792138e+00 7.113981291097135617e+00 7.351898475300744806e+00 7.426010279459548613e+00 7.546801649834178782e+00 7.629257835239107166e+00 7.821759061638402066e+00 7.976610054840685748e+00 8.135950067702893307e+00 8.324969925342255550e+00 8.466823072030068786e+00 8.610956036944701353e+00 8.769400725462169532e+00 8.878711688665354984e+00 9.159968004780436601e+00 9.281772450791041962e+00 9.503010163893364393e+00 9.537779997393776910e+00 9.767883272972110120e+00 9.922071329688204600e+00 9.996077167288055065e+00 1.025384755516227919e+01 1.040448009522574147e+01 1.047299772253363948e+01 1.052865644691901181e+01 1.093547193375658821e+01 1.105419841371561418e+01 1.108862228079179424e+01 1.124847401220027443e+01 1.127854707753675712e+01 1.154327430362090290e+01 1.163860112525430601e+01 1.178128721025503900e+01 1.182832716446225163e+01 1.196436655958641460e+01 1.216023042895694672e+01 1.245902070125181638e+01 1.253970424188729993e+01 1.270342384562507831e+01 1.275709983923631263e+01 1.304848610719858115e+01 1.309856664316819419e+01 1.331920863071246686e+01 1.361677652419999518e+01 1.395088884913893068e+01 1.411017481795372852e+01 1.423449689718470879e+01 1.430520595085054758e+01 1.449619783704405940e+01 1.477758970746708123e+01 1.485802457167074309e+01 1.488211429462417712e+01 1.502632909967412367e+01 1.512691956616749245e+01 1.529903718924835765e+01 1.539748931715335978e+01 1.550403153728857397e+01 1.558613373487995446e+01 1.563064782323931468e+01 1.601658893925386096e+01 1.605953569468717035e+01 1.618578454590222648e+01 1.621417558373386925e+01 1.648987619995848775e+01 1.660373471884068408e+01 1.663555032246634724e+01 1.689196833195525471e+01 1.691180227716305495e+01 1.700810702058864265e+01 1.729256795611832587e+01 1.743319037173340647e+01 1.752837747021564496e+01 1.780467887853436437e+01 1.812674980326088914e+01 1.849335157509855776e+01 1.865425501260859775e+01 1.878266744566917268e+01 1.910542681965386080e+01 1.926366964215144506e+01 1.941506072471169020e+01 1.965847655449225684e+01 1.971453409016416813e+01 2.006753114997960452e+01 2.086028535064342293e+01 2.121328504572921148e+01 2.136003125619008358e+01 2.146246457543458419e+01 2.175438905022737046e+01 2.229630488676522404e+01 2.284263997557006576e+01 2.315081793489530426e+01 2.344042794742517088e+01
1.682633060331881980e+00 1.891065974720083531e+00 2.167024422581805609e+00 2.296837167157205428e+00 2.418715378520273962e+00 2.465728786915128090e+00 2.644760881134768038e+00 2.701759400318814563e+00 2.843766070974120375e+00 2.936505906412533395e+00 3.015196354231995723e+00 3.091544322866832673e+00 3.103263021788645215e+00 3.172184245207941178e+00 3.225871280617716774e+00 3.303063550113580327e+00 3.327263907760669159e+00 3.427860664351880970e+00 3.613978779629949845e+00 3.760826098090010117e+00 3.811181104882220172e+00 3.874729101580774326e+00 3.916764406476532123e+00 3.952778800216990351e+00 4.139545185592596432e+00 4.171331819516968409e+00 4.424397206992278342e+00 4.457518414365037707e+00 4.759988826584788946e+00 4.810161721253426670e+00 4.962254723194448935e+00 4.982656135447131263e+00 5.088101069355191797e+00 5.154724879058339759e+00 5.220342388314700877e+00 5.308928993106463601e+00 5.461553155889132150e+00 5.477808479471173442e+00 5.565923365157830816e+00 5.685570962913772952e+00 5.763612405312250608e+00 5.950050125761063846e+00 6.073677665764239286e+00 6.152350794820597102e+00 6.324910871962583059e+00 6.421991112104548982e+00 6.501065709206430121e+00 6.553749117841345395e+00 6.637052980626324761e+00 6.774225009177518686e+00 6.888523838008871358e+00 6.982302511404454570e+00 7.031353483492415180e+00 7.146565985000186139e+00 7.360838493119131520e+00 7.432833638243283580e+00 7.569438719695901874e+00 7.630146477794059301e+00 7.802944213416411756e+00 7.974698266027720805e+00 8.154956388243311594e+00 8.317296512746217729e+00 8.434039659807401890e+00 8.654472659797397327e+00 8.738738075171516684e+00 8.876736686015052058e+00 9.137337210170738189e+00 9.288534116953808706e+00 9.457659984136636666e+00 9.526725613116392211e+00 9.688536883069245320e+00 9.932714359659181369e+00 9.984808706168218251e+00 1.011405762523549434e+01 1.032642873964815777e+01 1.042413024329277249e+01 1.052654321435106155e+01 1.091854224575950560e+01 1.102280417502734799e+01 1.105846511596155501e+01 1.126554282020659237e+01 1.131107702017810013e+01 1.156385799875082476e+01 1.163480217418343443e+01 1.171828229849139902e+01 1.183934859866673150e+01 1.187248181213036879e+01 1.203491885373443715e+01 1.224941437449964354e+01 1.241981068221111073e+01 1.255597219673880538e+01 1.267025872792943275e+01 1.293980832836176198e+01 1.313704125692424185e+01 1.345420481023252535e+01 1.362581764343265434e+01 1.402789550445266720e+01 1.414747083274237482e+01 1.423768354635372191e+01 1.430120224400423368e+01 1.456474440271832549e+01 1.482921315100988124e+01 1.489281782149220490e+01 1.494244045118088948e+01 1.509338902654159753e+01 1.518073706716447013e+01 1.531332143831297188e+01 1.540817105230469330e+01 1.552316270582968372e+01 1.561951321938761161e+01 1.567328665111786279e+01 1.606375480196584249e+01 1.607812692956588663e+01 1.619187943576989142e+01 1.625594443565917047e+01 1.647883188137442190e+01 1.657483626743343663e+01 1.665540623804926312e+01 1.690572487288594417e+01 1.693995739482387464e+01 1.704497743324998638e+01 1.731541359803342317e+01 1.746026343445176465e+01 1.753327907658198015e+01 1.777085570130017089e+01 1.814876000715482363e+01 1.846216451442462159e+01 1.867444742345397302e+01 1.878337593816968365e+01 1.911433741951890042e+01 1.915654684111707340e+01 1.932913573018405629e+01 1.956831964442000427e+01 1.972437732258248033e+01 2.003383350905048133e+01 2.070450091691259686e+01 2.107783784608657029e+01 2.127001660727646737e+01 2.141448527761811249e+01 2.154416544593934546e+01 2.212913605749345436e+01 2.278479258136184171e+01 2.306131490801235984e+01 2.340867349338070369e+01
1.541950452394779791e+00 1.718169702017394274e+00 2.091794719841800099e+00 2.183502238867954137e+00 2.314039604146963303e+00 2.404384468678089082e+00 2.558034017341147770e+00 2.679929139645260250e+00 2.872250167076717098e+00 2.958143192552713518e+00 2.962497915655369241e+00 3.094549216054196528e+00 3.117566382391000701e+00 3.181614048274575612e+00 3.205908058043340336e+00 3.312637461604877931e+00 3.331341299654337451e+00 3.422394072341853111e+00 3.456041845455792849e+00 3.569885895826829803e+00 3.720886148964043905e+00 3.797387356781593670e+00 3.819629076791394073e+00 3.906643684743862366e+00 4.120238712017354921e+00 4.156650849555439287e+00 4.306712423172742277e+00 4.398834635420604044e+00 4.546533897862062190e+00 4.691788729989887052e+00 4.874864755460055044e+00 4.934241062120148236e+00 5.040961467269228002e+00 5.082679484773161782e+00 5.202530957880468598e+00 5.284622756030325164e+00 5.398938128126204994e+00 5.436718878625176998e+00 5.545885731114026385e+00 5.667968041756349606e+00 5.745543696084852492e+00 5.971616871202879651e+00 6.075289254091728708e+00 6.195232903977154315e+00 6.374973867959544904e+00 6.433028492939016019e+00 6.575008882050240366e+00 6.611595240501242365e+00 6.742720341702056253e+00 6.830307898467791183e+00 6.947351765029403659e+00 7.045792550145491440e+00 7.092045959028263624e+00 7.176222384558834655e+00 7.378830046216958038e+00 7.455620262512629104e+00 7.580426621449481317e+00 7.642287010621807042e+00 7.778830836809083493e+00 7.961474904983897538e+00 8.148303897253684980e+00 8.322470970338921248e+00 8.391132242124045959e+00 8.667827250803551209e+00 8.689916030649856182e+00 8.867300720723452656e+00 9.102385700573996985e+00 9.259956515451330361e+00 9.345854575155236432e+00 9.530781823679031817e+00 9.635596089085998628e+00 9.890246124374566961e+00 9.970635172447087413e+00 1.004118401283171558e+01 1.030125836696138641e+01 1.036328797204780550e+01 1.051444714651475643e+01 1.086282664091775985e+01 1.098517583069554959e+01 1.102924738573448771e+01 1.125095277435377916e+01 1.133932089733496973e+01 1.152190330517231054e+01 1.160025013198510280e+01 1.161381379677826864e+01 1.172696568551132223e+01 1.181117900958004441e+01 1.190870221901855963e+01 1.197353034191512400e+01 1.236754006478861001e+01 1.249820036732532280e+01 1.263854701944941361e+01 1.286824548284547731e+01 1.315836444572423680e+01 1.359193625083398871e+01 1.363366237669651859e+01 1.407595280134067117e+01 1.417860056655281298e+01 1.421922750103675348e+01 1.434201055566017224e+01 1.462650282212624830e+01 1.485347673007843738e+01 1.488632885062156852e+01 1.498499168615036758e+01 1.511872131038662737e+01 1.528215751186089300e+01 1.536146114642664173e+01 1.542527237158306264e+01 1.554728701815371750e+01 1.565463421901513819e+01 1.573110558761718103e+01 1.606478581266203776e+01 1.611660428641257425e+01 1.620501769052521368e+01 1.632149492552861503e+01 1.647957350009552613e+01 1.651098233118415592e+01 1.669840158373354910e+01 1.690083809897123146e+01 1.698668908999596994e+01 1.708838740824072389e+01 1.733057121185224148e+01 1.749486221884638226e+01 1.755117411152299312e+01 1.774947563640268555e+01 1.815232655830985564e+01 1.836548052870306691e+01 1.865327315916497497e+01 1.880140222346755507e+01 1.904093993675637009e+01 1.909700465463937746e+01 1.924720882149122048e+01 1.948689359086938211e+01 1.969197041337259080e+01 2.001985687594288521e+01 2.050099037104412503e+01 2.092156552443379525e+01 2.106366061426556868e+01 2.137079796222025507e+01 2.140930686264331584e+01 2.205596893427191318e+01 2.269940656316766336e+01 2.300721488479615573e+01 2.337897099539376455e+01
1.381733878129239645e+00 1.529615143688274337e+00 1.975374895821517818e+00 2.057993372741314886e+00 2.174302116134039675e+00 2.316024703626095693e+00 2.439560931871016081e+00 2.638334782356492436e+00 2.860561308560845006e+00 2.877065515837108567e+00 2.882837142175077361e+00 3.019571928548622441e+00 3.086126220953831822e+00 3.144163061927589986e+00 3.180978649982552309e+00 3.216848371923637373e+00 3.334995270934788980e+00 3.377735075243529561e+00 3.444484699237453817e+00 3.467728242736757061e+00 3.668629077904584701e+00 3.728510819508815022e+00 3.761379167476471164e+00 3.872021168829049564e+00 4.062898403997357910e+00 4.161180911262588822e+00 4.198359986724809367e+00 4.270583936226502786e+00 4.382561513399976683e+00 4.599182470633595976e+00 4.740920418228388833e+00 4.838339237048256969e+00 4.954304506976885847e+00 5.067070100338007421e+00 5.195444563766546509e+00 5.276222491605533804e+00 5.341611780980368707e+00 5.400517754165645279e+00 5.527595706009281074e+00 5.666492989740530284e+00 5.724957869139009503e+00 5.976035297618020437e+00 6.095292274036736124e+00 6.221035121348507779e+00 6.402957105042119679e+00 6.451497179618903566e+00 6.632633918396395600e+00 6.659829727652201825e+00 6.811890148902448594e+00 6.873483035890818549e+00 6.999418578545559377e+00 7.081524710476738704e+00 7.174981388445953456e+00 7.208681270023037158e+00 7.392771586733691613e+00 7.492677347611140348e+00 7.580045955829774584e+00 7.670137259143328556e+00 7.745014766914391835e+00 7.947295830236059899e+00 8.098923324216826813e+00 8.326735449879940631e+00 8.342062835464769677e+00 8.609070259206177411e+00 8.633780023757784861e+00 8.843707659351164097e+00 9.060271215380703680e+00 9.187789733085185873e+00 9.254814665148678898e+00 9.469427155272690300e+00 9.615446497574776430e+00 9.785496624477458383e+00 9.947528345048773701e+00 1.008509477762017958e+01 1.027183921193929628e+01 1.033206912560281410e+01 1.049896023331766770e+01 1.078622530446267014e+01 1.092482541084580383e+01 1.099773041896529513e+01 1.113248480311121114e+01 1.127685532614253106e+01 1.135283904945429434e+01 1.140291662534995432e+01 1.156925400177356167e+01 1.160629487668284554e+01 1.179782151480377728e+01 1.187405247267505892e+01 1.193951332451350389e+01 1.231716450340057811e+01 1.244387224011136972e+01 1.260308262017880843e+01 1.280255045714967288e+01 1.316065184298332369e+01 1.363902686280217047e+01 1.371858379661755833e+01 1.407573846527716555e+01 1.419437453940365579e+01 1.424050633208479155e+01 1.436983029187249272e+01 1.467614330123310928e+01 1.478079682440865028e+01 1.493532431953256356e+01 1.501170733968125326e+01 1.516482661676995392e+01 1.532834440689870981e+01 1.540568564480796176e+01 1.546913528192733089e+01 1.557785429041887149e+01 1.569345700505668084e+01 1.579420786993183334e+01 1.605545218450516387e+01 1.614758169248730013e+01 1.622088444359481585e+01 1.638635432669186898e+01 1.641631715066745656e+01 1.648917245115045560e+01 1.675909535104044679e+01 1.689204069820815945e+01 1.703315280857715663e+01 1.713571450453873979e+01 1.734123354650799342e+01 1.751972102118557117e+01 1.758751743527917100e+01 1.773187405916886661e+01 1.812981772430753225e+01 1.814666773264660904e+01 1.855281367827464223e+01 1.884901405644956540e+01 1.891354966571682183e+01 1.904932953759259462e+01 1.923251216745923031e+01 1.943044167132602240e+01 1.962632301335468199e+01 2.002352172121132412e+01 2.035039743495797993e+01 2.074016123295281488e+01 2.088512057169294422e+01 2.125529527044596279e+01 2.138887816100295325e+01 2.204090276063534759e+01 2.261980155419875160e+01 2.297179287630984135e+01 2.336034670983465489e+01
1.206164173818844887e+00 1.329722314910713354e+00 1.803118569069966259e+00 1.930518738036040904e+00 2.025609028873045059e+00 2.165666257925829008e+00 2.313068983073080176e+00 2.531988988954426478e+00 2.588690742415005186e+00 2.761960700852467365e+00 2.833595009938960185e+00 2.941231150632155344e+00 3.016782524284379541e+00 3.120300158500329601e+00 3.149049905048258768e+00 3.197322220548354021e+00 3.322989466740276843e+00 3.401161658880911709e+00 3.432881971416111622e+00 3.459848375085666117e+00 3.597403954782894431e+00 3.674837471868589223e+00 3.740164172809580467e+00 3.841939633666535237e+00 3.932199845061536969e+00 4.026417706957398757e+00 4.104877555602136852e+00 4.228230601003852840e+00 4.342934632897534009e+00 4.489000695097812077e+00 4.585425603938142025e+00 4.761492660197109039e+00 4.886531880797237548e+00 5.028163877076225141e+00 5.159933350518866924e+00 5.271480130665856301e+00 5.293714092800759552e+00 5.401539231642250805e+00 5.499514634889025366e+00 5.631918408875754345e+00 5.748971367679292399e+00 5.983895808543688410e+00 6.107939118707857773e+00 6.227716655512383959e+00 6.375740769641968342e+00 6.508833027150333628e+00 6.669780770209833953e+00 6.705970454606629438e+00 6.840669529756080003e+00 6.901831820489147340e+00 7.037606694231546278e+00 7.116641341857198988e+00 7.223094327929450387e+00 7.268376040914473535e+00 7.397174603378013025e+00 7.528112612841417750e+00 7.578103834354673829e+00 7.691162649813007235e+00 7.709949903692788098e+00 7.927191667533333153e+00 8.044781282818686208e+00 8.240907212375640611e+00 8.347168476404222659e+00 8.474432485424605588e+00 8.562321599216794255e+00 8.807909774662677549e+00 9.017395153334167190e+00 9.107106232525378431e+00 9.196650512040024594e+00 9.403330677654016867e+00 9.575517074267304807e+00 9.647794505505046914e+00 9.971552736480870038e+00 1.010590163102549610e+01 1.017922906552665197e+01 1.036413666801936095e+01 1.049378255520688086e+01 1.060427172821719921e+01 1.076770058343389280e+01 1.088061932895437067e+01 1.098234591563578633e+01 1.119693209788841948e+01 1.126511338937684847e+01 1.135707892034471378e+01 1.151047310046615557e+01 1.157889336852965911e+01 1.175957854121084800e+01 1.182810310350000016e+01 1.196193370899775310e+01 1.227680164604124080e+01 1.236833993278202826e+01 1.255371629915758724e+01 1.273104951548608454e+01 1.316255061915987845e+01 1.364589805455439375e+01 1.380865746244463210e+01 1.404573633401715327e+01 1.416738105149918958e+01 1.427185394545104558e+01 1.436957575173448198e+01 1.470018407721455489e+01 1.472284697078347193e+01 1.495383683562997312e+01 1.502306039509638147e+01 1.520050269560548095e+01 1.534743101154631439e+01 1.539711822236484196e+01 1.551675639385882555e+01 1.562151584978989050e+01 1.573731998920961850e+01 1.584490773901023708e+01 1.603900554938393697e+01 1.612079627006174931e+01 1.621860244451720945e+01 1.635705663827846124e+01 1.643226175520414500e+01 1.651127669723248914e+01 1.682662549031109833e+01 1.689600020520969537e+01 1.707242992574288820e+01 1.717326153300374258e+01 1.735800106471050341e+01 1.751579697628397270e+01 1.757836608447483684e+01 1.769327632771338443e+01 1.790029224473758163e+01 1.808833450360859985e+01 1.844970324963803421e+01 1.877168463580321500e+01 1.893476057482794417e+01 1.903157684816056516e+01 1.925191894635332446e+01 1.941270861689669758e+01 1.957992616680111553e+01 2.004034122249074912e+01 2.029776159605704322e+01 2.054658988247799911e+01 2.075215292223295194e+01 2.116041464233860125e+01 2.137406044476060529e+01 2.205420526727604624e+01 2.256611386324228619e+01 2.294209738769654905e+01 2.335864703978182533e+01
1.018468466883672319e+00 1.120887872244727301e+00 1.593783241023777997e+00 1.801435832381488300e+00 1.872824261761113496e+00 1.970370714786356059e+00 2.108025546388088145e+00 2.196458443707098418e+00 2.526807353287290336e+00 2.677608249710861532e+00 2.761181778357331584e+00 2.905974706535150442e+00 2.940082811694304077e+00 3.096462761599166669e+00 3.115706372389037693e+00 3.193213921794418209e+00 3.310722967151379148e+00 3.380444763310086032e+00 3.426182455656465287e+00 3.448397248306426910e+00 3.558857222422636468e+00 3.631986899145929204e+00 3.690711452220768685e+00 3.784584286706791367e+00 3.848985736772366995e+00 3.895963674263440257e+00 4.002484083325109410e+00 4.228639511451678601e+00 4.305492978039687557e+00 4.383460749460832417e+00 4.464800063246245898e+00 4.696814497958431645e+00 4.828518878712070084e+00 4.974222394706231398e+00 5.122750286398378705e+00 5.215465967111597045e+00 5.289229959673994230e+00 5.416199362370570647e+00 5.478984474498331814e+00 5.591338746251136804e+00 5.792195545607334850e+00 5.991645989504092107e+00 6.110139363588372063e+00 6.213026229344035478e+00 6.330828362168633205e+00 6.571448038680786752e+00 6.692633363624580944e+00 6.739674686709786755e+00 6.838705540572838082e+00 6.920265420653917587e+00 7.058857369824925954e+00 7.151912302518581122e+00 7.242404481723893284e+00 7.336316196840007464e+00 7.399657394891762330e+00 7.528260824639051663e+00 7.575783243412558043e+00 7.658111574029206281e+00 7.727221637866804826e+00 7.867118071053888606e+00 8.025370298432784821e+00 8.138990916548076271e+00 8.300190262525021012e+00 8.349624466484941721e+00 8.496048286376336023e+00 8.761894425033409206e+00 8.953485134571781856e+00 9.064256846606783213e+00 9.135389660122312350e+00 9.345337878684668809e+00 9.506395214856080855e+00 9.548254788236214097e+00 9.943600253183289439e+00 1.001905193216223466e+01 1.014177477934939731e+01 1.024976525893147006e+01 1.038556095617364150e+01 1.050107353365369889e+01 1.068576138089192717e+01 1.079079982389992232e+01 1.096724835174276436e+01 1.109673242596103471e+01 1.118489878893652900e+01 1.133527360829390673e+01 1.148704419232094409e+01 1.152060209965945781e+01 1.168807403798695432e+01 1.181310725721217558e+01 1.197145846640662192e+01 1.222480525173159904e+01 1.228951258638945809e+01 1.248103032761224718e+01 1.265881532394389986e+01 1.318698749472494924e+01 1.361403967243633595e+01 1.386165245109173050e+01 1.396820260805698055e+01 1.405052405464765286e+01 1.429340700030762434e+01 1.433028500405562156e+01 1.463687504811221984e+01 1.473624772410137318e+01 1.488933357541847080e+01 1.504906577640032417e+01 1.519941969775533153e+01 1.534787691625821360e+01 1.536034389193537386e+01 1.552872226814741907e+01 1.567064474667072105e+01 1.576563802268349335e+01 1.582104309267031006e+01 1.601209524183298782e+01 1.609264853088194158e+01 1.623770861860090875e+01 1.640031498163746448e+01 1.644840140334216727e+01 1.655611278666348696e+01 1.687071837412262099e+01 1.693297647727432320e+01 1.709996324070682405e+01 1.716322811235538381e+01 1.737470431327889031e+01 1.739512481880537464e+01 1.753412435965350369e+01 1.773096854636008857e+01 1.786199434471435765e+01 1.802183908438749782e+01 1.837665550853575525e+01 1.869236729793353646e+01 1.898141525281499753e+01 1.906277877994276793e+01 1.928383508304672489e+01 1.942105880647427085e+01 1.957349445524962661e+01 2.006732138235654972e+01 2.027957373477933345e+01 2.038117695125747630e+01 2.064547422435689228e+01 2.109228401595512992e+01 2.136086283507047767e+01 2.207785834729146046e+01 2.253982996635666325e+01 2.291536203078204181e+01 2.337544525274088869e+01
8.218491052865102287e-01 9.049655992992967635e-01 1.391253254245757409e+00 1.649378650977532335e+00 1.678589568279577948e+00 1.747780770791660609e+00 1.790502234775307677e+00 2.101535516405316439e+00 2.454109227859079034e+00 2.631184016533937076e+00 2.712581909808522873e+00 2.854329742101735956e+00 2.889262885695252248e+00 3.056084037649621443e+00 3.097340945462693895e+00 3.190787852560874160e+00 3.280252195951373739e+00 3.319809816620025611e+00 3.418181346217524119e+00 3.434101967088446283e+00 3.528865026472281397e+00 3.606427783678110455e+00 3.642912513850941281e+00 3.701201277999258021e+00 3.790724314022879682e+00 3.851282640589941408e+00 3.918838385513847111e+00 4.179924647421613848e+00 4.222882130749662011e+00 4.330807396211262095e+00 4.421388529778107035e+00 4.637743452265626232e+00 4.772445432369798901e+00 4.917701991066411260e+00 5.080562693662067808e+00 5.175975339509483852e+00 5.291347509781779479e+00 5.391545336420316303e+00 5.481135246627098390e+00 5.581050219604649421e+00 5.834925710740451521e+00 5.994123770076893898e+00 6.100409941694475258e+00 6.183512731576493060e+00 6.277678849152056983e+00 6.630690817880062760e+00 6.706152346176277312e+00 6.756484018948372139e+00 6.822997957162233007e+00 6.936930008026782168e+00 7.067390554548020454e+00 7.178099381255528932e+00 7.243819507938479951e+00 7.376587789598907818e+00 7.420064516010391742e+00 7.473007795952975485e+00 7.574615327873602588e+00 7.659692642275700791e+00 7.724430530207282430e+00 7.796208473105374459e+00 7.948589209721625082e+00 8.094546204781391197e+00 8.149323642086445219e+00 8.363341751788819778e+00 8.454991241315083172e+00 8.709795381623944621e+00 8.858468568168591517e+00 9.030756999113840777e+00 9.072030849044649514e+00 9.283911030363860561e+00 9.412816201140168815e+00 9.484346047180221007e+00 9.751961256689625657e+00 9.940319113670687656e+00 1.007872195161228213e+01 1.012086877041542188e+01 1.037663487229208492e+01 1.047550647669545576e+01 1.061844542088582877e+01 1.071635702884258379e+01 1.094410032015372103e+01 1.099229465906381442e+01 1.113654907274171535e+01 1.128848497043646226e+01 1.143029608791046670e+01 1.145421287098221796e+01 1.163534591033428534e+01 1.178988693332363091e+01 1.194961137535819162e+01 1.212453465428279920e+01 1.226036958427046208e+01 1.238606145523028346e+01 1.260795503612668256e+01 1.314334743815500062e+01 1.335970736309501206e+01 1.381844855954864570e+01 1.389023802781994377e+01 1.397334908632728556e+01 1.426050983056085641e+01 1.430336355149333016e+01 1.457292321005902025e+01 1.469777188257182310e+01 1.488091595526099908e+01 1.506560347282879953e+01 1.517059318869118734e+01 1.533075599582321580e+01 1.535618854369250741e+01 1.553068182125190333e+01 1.570453847996746788e+01 1.572358549235127967e+01 1.583187585704837019e+01 1.605956198124590983e+01 1.611131789215711052e+01 1.625197365428791940e+01 1.644159031470213961e+01 1.648623498011833988e+01 1.661236599997278063e+01 1.689285048181935167e+01 1.696581507746977024e+01 1.710427745794524768e+01 1.711775253967082477e+01 1.733670122145919734e+01 1.744074733448526260e+01 1.752606661917457487e+01 1.778016240907410150e+01 1.787005992844247260e+01 1.796085098792932300e+01 1.832670518705756635e+01 1.866359033921539989e+01 1.899556009198358097e+01 1.912586432908418743e+01 1.933200027637408880e+01 1.943462307735567052e+01 1.959863482516181321e+01 2.010017856280485304e+01 2.018417306186473326e+01 2.033802183975398847e+01 2.056155207266221652e+01 2.104761147209909922e+01 2.134971782519620831e+01 2.210170352794122550e+01 2.253424278098843558e+01 2.289258707151104844e+01 2.340740762671775244e+01
6.193649325944187156e-01 6.836072026433605009e-01 1.223691098034597413e+00 1.254973974476495613e+00 1.571673524719148896e+00 1.617880998467609688e+00 1.647654048204896693e+00 2.077603074620159251e+00 2.382056817362906198e+00 2.617951033559589469e+00 2.701351268067819777e+00 2.801067316955108577e+00 2.863373040490736265e+00 3.031299792446470853e+00 3.073717800182153681e+00 3.156918829819103323e+00 3.228961743196189449e+00 3.307330649966495617e+00 3.395040189439406664e+00 3.443548155439288827e+00 3.478786055318907167e+00 3.556065418507792231e+00 3.615682395171738950e+00 3.677551305362776635e+00 3.706875746531525628e+00 3.825414395221705899e+00 3.898825090443186703e+00 4.088580168586508634e+00 4.147231269053442304e+00 4.311349525313838527e+00 4.424246995726792697e+00 4.582361301175698287e+00 4.724613551973701142e+00 4.861559949715316797e+00 5.029649700430421255e+00 5.173965005525390737e+00 5.291618022603598703e+00 5.353551797950610869e+00 5.473178407499602827e+00 5.611586758075944203e+00 5.869272159020365365e+00 5.988086240051691433e+00 6.075514913154995256e+00 6.158368737266681769e+00 6.221098336134557982e+00 6.677061953360215796e+00 6.711004080352362955e+00 6.773932761245076151e+00 6.811729055990346282e+00 6.949767692744469372e+00 7.072657140394371211e+00 7.172232569863657758e+00 7.233581650791464313e+00 7.384366038517603315e+00 7.413814043684546995e+00 7.479302719763190055e+00 7.565060008786693935e+00 7.668228559681649514e+00 7.699686479119322691e+00 7.746788577681916976e+00 7.850037877044714563e+00 8.007075418771231412e+00 8.097756608056982941e+00 8.410280716455947214e+00 8.436364233616252761e+00 8.657774399918487518e+00 8.741610880814606688e+00 8.954701882346506991e+00 9.021977696171825656e+00 9.214340794220863273e+00 9.327485221931697268e+00 9.400132387701695791e+00 9.578181441956520104e+00 9.847014141714073077e+00 1.005414047105899122e+01 1.007628514379211637e+01 1.030026799833239970e+01 1.039496648073552443e+01 1.056272666722978926e+01 1.066690276844126650e+01 1.084877470250647313e+01 1.096574764124554946e+01 1.109084490686777436e+01 1.121109370443616804e+01 1.132153230339979544e+01 1.139615013575268421e+01 1.159646337687696693e+01 1.175626719573604007e+01 1.187888615211459253e+01 1.205612630319459910e+01 1.222901589914518183e+01 1.227606752564817150e+01 1.254405774736952672e+01 1.259723352963787057e+01 1.339116360820489149e+01 1.379861643862853704e+01 1.389881900408463089e+01 1.391303686336931378e+01 1.418690542630853813e+01 1.430763322817516503e+01 1.453190595012747011e+01 1.467529521702804374e+01 1.492551098684695177e+01 1.506373951650741638e+01 1.514671200247786587e+01 1.530337882109057901e+01 1.537638572733220421e+01 1.553680915672097029e+01 1.567161876474927595e+01 1.574369360930528572e+01 1.585140065272099186e+01 1.609855857794990541e+01 1.615033287192715505e+01 1.625802053175762296e+01 1.643923144862879582e+01 1.656042247139464152e+01 1.666594995511082189e+01 1.688158351343307118e+01 1.698268183132588405e+01 1.709987086794135536e+01 1.712494718100579405e+01 1.734894254996753915e+01 1.748721102041196218e+01 1.754135512943172870e+01 1.780633931386665481e+01 1.787165870957740665e+01 1.793399112148151531e+01 1.829553175616106842e+01 1.867034225700007255e+01 1.899729923403218734e+01 1.918090312578552314e+01 1.939660747738852820e+01 1.944590307615466429e+01 1.963831284078759154e+01 2.008116410133991891e+01 2.013352650788303677e+01 2.033705842196248170e+01 2.050478187991550527e+01 2.102171634388594512e+01 2.134022944983369641e+01 2.212079242967759996e+01 2.254095601702444540e+01 2.287493862251681875e+01 2.344695811894464654e+01
4.134095827147002966e-01 4.581884751633639730e-01 8.115860389604419023e-01 1.191328527031207951e+00 1.489400970002846769e+00 1.492718367346048236e+00 1.563427934017748600e+00 2.151348543029398819e+00 2.332477021067593359e+00 2.622414979975700611e+00 2.711450826438343231e+00 2.781557858607714540e+00 2.849604324392510435e+00 3.012817267730240722e+00 3.044447901666718526e+00 3.099713472261931724e+00 3.249656087769534629e+00 3.287794624655203890e+00 3.396066257766268137e+00 3.435305033687798382e+00 3.440749098367625880e+00 3.498324963164737511e+00 3.570067904812562976e+00 3.629499005776508636e+00 3.723507426834974154e+00 3.808880300634226224e+00 3.903792903132905057e+00 3.989919604921623453e+00 4.100230109131691947e+00 4.304399966802780142e+00 4.439497076813529119e+00 4.536860010901392570e+00 4.692671685463642106e+00 4.802052545856865251e+00 4.995020115030492924e+00 5.187704266594631797e+00 5.288960722951705051e+00 5.322603673485079234e+00 5.471138212098848541e+00 5.650862697280735425e+00 5.888311878835663649e+00 5.976097454775411322e+00 6.040695059073978079e+00 6.147379746310254411e+00 6.175589451366116478e+00 6.688696400865851821e+00 6.722023649353689123e+00 6.791387437242970115e+00 6.830145144855018557e+00 6.956851023044789528e+00 7.072970357527968766e+00 7.127809915474538904e+00 7.246215576121312729e+00 7.369136349166540256e+00 7.432633274380953559e+00 7.497420273675969860e+00 7.552111780749196868e+00 7.652449037192045722e+00 7.669164174993035488e+00 7.736772654194049359e+00 7.786187600034421230e+00 7.935639214341048131e+00 8.066293877379164812e+00 8.409260680734449878e+00 8.484405347197466085e+00 8.610992326520115370e+00 8.626369167562600637e+00 8.847387410462474122e+00 8.961820673303355633e+00 9.152355007122087827e+00 9.231175933018137769e+00 9.339016398513365402e+00 9.466810526651068258e+00 9.771175885615241086e+00 9.921855300192728322e+00 1.006574144534317661e+01 1.008711240400497822e+01 1.033191550973401540e+01 1.056427873232184922e+01 1.064109154404040858e+01 1.075586640392223892e+01 1.096237887575378345e+01 1.103912324772590914e+01 1.111653306143655762e+01 1.122004185550437505e+01 1.134277148340336616e+01 1.153739848077482577e+01 1.171960970958454418e+01 1.181590453324928980e+01 1.185573093577040638e+01 1.207637842522662375e+01 1.225413933018268331e+01 1.228644527371930728e+01 1.257952231380639496e+01 1.349892883002908839e+01 1.379293104508519185e+01 1.385607583632933881e+01 1.390823669038026367e+01 1.411314759601826907e+01 1.431441243594478685e+01 1.451160236143882187e+01 1.467107789701741183e+01 1.497301082461931188e+01 1.505123404869972781e+01 1.512449440141301515e+01 1.527606572491307624e+01 1.540189233882039410e+01 1.554613964814151572e+01 1.563193086594463921e+01 1.576487317906761554e+01 1.586576158308848328e+01 1.610817262124848170e+01 1.619857947645924412e+01 1.626157237340002837e+01 1.643569383614752155e+01 1.661454149051486695e+01 1.670625512053014461e+01 1.685417724337201406e+01 1.700725763935048818e+01 1.709804294673881842e+01 1.714814780867155264e+01 1.736370406773570352e+01 1.753199722660627202e+01 1.757214658605835211e+01 1.779947257873698518e+01 1.787980442879568699e+01 1.792964731695170855e+01 1.827952029399703093e+01 1.869509160026478867e+01 1.898961532443664879e+01 1.921810102342806559e+01 1.942722582548472232e+01 1.949348253881969129e+01 1.967455190221497574e+01 2.001509703401860918e+01 2.016212572122874747e+01 2.032572519906646491e+01 2.047675906170023552e+01 2.100977837883985799e+01 2.133207895567058898e+01 2.213369964553171698e+01 2.255227870236888776e+01 2.286269238325967379e+01 2.348446749489924201e+01
2.065212257296906995e-01 2.298845693786780997e-01 4.033954648060295578e-01 1.203496397548353469e+00 1.374199823988059732e+00 1.437143582576035916e+00 1.512410483260145488e+00 2.239772552908911862e+00 2.323692010241592332e+00 2.635515072307704543e+00 2.720675570232542473e+00 2.794836248475188079e+00 2.847627664515223422e+00 2.956623734684344917e+00 3.020709315059219691e+00 3.120934876052359641e+00 3.246869294209643098e+00 3.305327880695992704e+00 3.377628478956348435e+00 3.409773377451498888e+00 3.433359338861369014e+00 3.497620202100214293e+00 3.536466130280266018e+00 3.571038935763610755e+00 3.770648185470020675e+00 3.807950754500683210e+00 3.891751100713579437e+00 3.921954045110042752e+00 4.072908398409030184e+00 4.307806980112422579e+00 4.446490026324889655e+00 4.522611115665993609e+00 4.676187658033705397e+00 4.744617184588709513e+00 4.982676682331485196e+00 5.204849373719286021e+00 5.277619847470886860e+00 5.311316766980185733e+00 5.479351556608649254e+00 5.680115084407528769e+00 5.889923449834031821e+00 5.961079586997133362e+00 6.013969260827489727e+00 6.145512581656720208e+00 6.152664305986855098e+00 6.689002620607040761e+00 6.717916791261591136e+00 6.808804398472402930e+00 6.868955667857767011e+00 6.964172107076056051e+00 7.030969157608051745e+00 7.131692985559175746e+00 7.267219098716609871e+00 7.360455435238661082e+00 7.451417312813137350e+00 7.493889612959536706e+00 7.541705834852505674e+00 7.629603859854745096e+00 7.651305538889002555e+00 7.736288167571675700e+00 7.757264518562594802e+00 7.936115931246198407e+00 8.041468244311655411e+00 8.360802812288724795e+00 8.536269580871570284e+00 8.546896351775368217e+00 8.581213409290127103e+00 8.743577858392656665e+00 8.900997974326651629e+00 9.107969254112610713e+00 9.154691753169046819e+00 9.248369130177197306e+00 9.406091445934935180e+00 9.500531088448600059e+00 9.844148924325349270e+00 9.978702161358629752e+00 1.010546683414475666e+01 1.028936308018977641e+01 1.058960455422354840e+01 1.063743293899454834e+01 1.069441838885310858e+01 1.095751539109941497e+01 1.099654479586639511e+01 1.102913567359930447e+01 1.116707963857052910e+01 1.130396071190464546e+01 1.142215898283664721e+01 1.162541482793707281e+01 1.171565687242777010e+01 1.180231937742426673e+01 1.205934076117487663e+01 1.222085703866944861e+01 1.225295853449737749e+01 1.257731279178454997e+01 1.360443112501519280e+01 1.377721915118315721e+01 1.380924191481280694e+01 1.392118016384449852e+01 1.405000538913212615e+01 1.432029843269558711e+01 1.450377657725765523e+01 1.467270981083060377e+01 1.500989556674204373e+01 1.504003964552588890e+01 1.510223498869530623e+01 1.525525136662595216e+01 1.542664308772342530e+01 1.555488298508369382e+01 1.559613741960575517e+01 1.577776367798391632e+01 1.587539115547085089e+01 1.610660367353605693e+01 1.623333954996786943e+01 1.626325254341262294e+01 1.643389932008954091e+01 1.664533689824086338e+01 1.672683964724173222e+01 1.684016690404058281e+01 1.701994792181550054e+01 1.709911575769315562e+01 1.716925294419536741e+01 1.737418752678271971e+01 1.756977609544232166e+01 1.759725069112863594e+01 1.778812243270751026e+01 1.788866225368479235e+01 1.792583739261626263e+01 1.827323024555480657e+01 1.872145985963643966e+01 1.897748070474576920e+01 1.923842520189748484e+01 1.942591619556459293e+01 1.955672020117957999e+01 1.969519524128111598e+01 1.998170124171898721e+01 2.018187776188417359e+01 2.031035950641907561e+01 2.046690490482411917e+01 2.100629596231773277e+01 2.132602795870442236e+01 2.214086778983791248e+01 2.256194665440168379e+01 2.285554079824888873e+01 2.351102641033386931e+01
-6.819796461061811274e-04 -5.390909068513029170e-04 -5.290002438702285146e-08 1.250557893693890144e+00 1.292068543850204865e+00 1.419068853068530922e+00 1.494360110482702453e+00 2.257312336914282902e+00 2.342074429305289307e+00 2.645702827359943221e+00 2.725319308494403625e+00 2.807177135518558408e+00 2.847986350527014654e+00 2.923688833424058497e+00 3.012979899771301540e+00 3.141396975022779259e+00 3.235621442036460405e+00 3.321691138968344781e+00 3.380396151245478542e+00 3.385158933431890560e+00 3.455509785077242935e+00 3.491923978023853348e+00 3.518027898260910558e+00 3.550541137915249390e+00 3.803702201726852916e+00 3.809196324050430960e+00 3.854206395011664288e+00 3.914257154897101909e+00 4.064121432878867957e+00 4.311718115895960324e+00 4.442708581866816608e+00 4.531054895329829968e+00 4.672525637643405894e+00 4.715211528765196114e+00 4.981513719640429549e+00 5.213919590646578506e+00 5.270049310899368677e+00 5.310270184477960953e+00 5.485159652824383336e+00 5.691113746781499394e+00 5.886446275209639367e+00 5.950503176456982679e+00 6.007306486510454846e+00 6.146607044884094151e+00 6.146739269515538950e+00 6.692894419766318492e+00 6.708128278090196517e+00 6.819630201309674788e+00 6.886567430967577508e+00 6.981062232520280020e+00 6.992306527092465807e+00 7.142902928280861374e+00 7.280643233870360831e+00 7.356184855753798324e+00 7.450997087677264652e+00 7.498543580820358656e+00 7.534342847317797798e+00 7.618693056115865225e+00 7.652749271519700969e+00 7.728616717445441431e+00 7.748531059781278429e+00 7.968066599505164049e+00 8.040825771032526603e+00 8.310579160163520385e+00 8.529236534975160211e+00 8.531927516106897258e+00 8.573486594673539685e+00 8.701281624764584777e+00 8.881799261553371849e+00 9.066982699559796188e+00 9.093156152910596646e+00 9.192164887594113765e+00 9.394818410316652546e+00 9.408687433939565636e+00 9.852544450370343654e+00 9.942199941106427019e+00 1.011747076236508924e+01 1.027171323360481558e+01 1.060424662989684741e+01 1.065324355709987536e+01 1.065877942814021395e+01 1.093915593215483639e+01 1.099083127926614267e+01 1.099895221850917082e+01 1.115220291993273882e+01 1.127810204272973316e+01 1.136063041626812442e+01 1.159186798415950470e+01 1.170844761882882779e+01 1.179654927107318940e+01 1.205622809239976689e+01 1.220169903005550083e+01 1.225270846588662721e+01 1.257688297302225067e+01 1.366598530124829303e+01 1.375152287367021486e+01 1.379032300965932301e+01 1.393074463207277702e+01 1.402145969715972562e+01 1.432235470707444236e+01 1.450225034644500077e+01 1.467393240977626512e+01 1.502115199301280413e+01 1.504182759879135922e+01 1.508925630901596016e+01 1.524738977540284601e+01 1.543838059347816483e+01 1.556006846145166556e+01 1.557845063317672185e+01 1.578205656392383993e+01 1.587885791585973116e+01 1.610476205289372942e+01 1.624745334498629390e+01 1.626199457401136783e+01 1.643345488456476033e+01 1.665532426943760314e+01 1.673174717539056999e+01 1.683751933867796424e+01 1.702208528777257968e+01 1.710130366715908323e+01 1.717745034598307896e+01 1.737800084592467442e+01 1.758514424652566532e+01 1.760640289428519267e+01 1.778447494604795409e+01 1.789128118039798210e+01 1.792350196345003255e+01 1.827175229164780390e+01 1.873308733208795829e+01 1.897122296175460576e+01 1.924475515232863287e+01 1.942422222265282983e+01 1.958322793530456707e+01 1.970016246788629033e+01 1.997208466781172831e+01 2.018916908785253383e+01 2.030352745540947623e+01 2.046461201283203479e+01 2.100592379031552426e+01 2.132371007566544208e+01 2.214313535904985386e+01 2.256568673805872294e+01 2.285318606165242272e+01 2.352058378391459925e+01
2.098692078161032148e-01 2.314627305230983756e-01 4.103250716807922971e-01 1.236667017660044499e+00 1.329821176313017217e+00 1.422987738064703800e+00 1.548236492638855211e+00 2.261451225339753623e+00 2.346751206004863644e+00 2.639700499968387959e+00 2.716558642442606697e+00 2.804827934910555154e+00 2.853704888034156451e+00 2.950050113445087163e+00 3.018705071900560366e+00 3.121898528646519289e+00 3.249447527889613330e+00 3.317913909483192647e+00 3.363505103900763515e+00 3.394544973854733971e+00 3.430246925164355698e+00 3.501370956437616311e+00 3.520813083078635941e+00 3.550441389637789324e+00 3.779669376451650908e+00 3.819894415372552476e+00 3.869088522319921175e+00 3.921485330906310462e+00 4.071450645953028413e+00 4.241167169479615140e+00 4.390811668607253360e+00 4.537350519368181345e+00 4.688338169372966213e+00 4.714679096585230766e+00 4.988905992974166814e+00 5.207038847485940813e+00 5.271877278795367161e+00 5.309713061054123884e+00 5.487687078381615180e+00 5.674597688841754639e+00 5.902310009749030861e+00 5.949605050907105230e+00 6.009879100365499660e+00 6.129291850858352930e+00 6.190424311892612330e+00 6.708512426639048343e+00 6.714077125542522673e+00 6.803390636645887390e+00 6.891718218630351167e+00 7.002691467666958047e+00 7.020689641824315430e+00 7.140441895374325831e+00 7.272880928167307246e+00 7.385309238518934727e+00 7.437840973859167093e+00 7.513396188291194377e+00 7.546850523235706376e+00 7.608545683301708884e+00 7.658268570839226186e+00 7.750716943103835632e+00 7.779325642719174816e+00 7.975629887062289036e+00 8.070535796483348179e+00 8.314164816181843776e+00 8.469119285614338466e+00 8.590557827374487587e+00 8.616033611763466382e+00 8.720607757959461637e+00 8.886654106479438653e+00 9.076787553038375478e+00 9.124473055191668180e+00 9.282555395010136934e+00 9.377677709217516977e+00 9.441256932472182228e+00 9.849233696434543717e+00 9.955589613382597847e+00 1.013558615206092028e+01 1.027439922313956444e+01 1.060461524941866074e+01 1.065397190890798917e+01 1.067714213496700104e+01 1.094296599657906555e+01 1.099310079325109157e+01 1.103911928217082306e+01 1.116255358162757538e+01 1.128080962974336465e+01 1.136183098915382672e+01 1.160285740116100328e+01 1.172629070685254149e+01 1.179698313747081073e+01 1.206628354712609763e+01 1.221100575033278801e+01 1.225861366153141319e+01 1.258373877880129754e+01 1.365811948796145892e+01 1.375330517264258567e+01 1.378768806903434374e+01 1.393356909320345594e+01 1.402313508369733519e+01 1.431638424180605185e+01 1.450863255852702771e+01 1.468016396383220723e+01 1.501043957524629491e+01 1.504620639993271425e+01 1.509277956939606113e+01 1.525222680484870530e+01 1.543752819558971368e+01 1.556403937872440046e+01 1.557807289892005009e+01 1.577682117784320859e+01 1.588036894412841171e+01 1.610337653882126219e+01 1.621537308250629650e+01 1.627833385558451695e+01 1.642779859985594015e+01 1.665273006547810652e+01 1.672823760156445161e+01 1.683832482782353424e+01 1.700920473844703906e+01 1.705453581851590883e+01 1.716417517975381912e+01 1.739373266688343023e+01 1.757211851607448594e+01 1.764763801477906213e+01 1.778525812429579744e+01 1.787552097085407965e+01 1.790829041079206263e+01 1.829432420354137889e+01 1.874190020598782169e+01 1.896448903038522005e+01 1.919543082937576273e+01 1.945336784127692908e+01 1.958222216489844314e+01 1.969416822212530604e+01 1.997329496614703359e+01 2.019001243982865290e+01 2.032092316687791111e+01 2.046788390501073707e+01 2.101025515980636982e+01 2.132336603647338080e+01 2.213851386016808220e+01 2.256288277790912034e+01 2.284808728706157410e+01 2.350463570505214506e+01
4.172230572481150923e-01 4.611175389641998801e-01 8.145047720667520919e-01 1.239281953774767464e+00 1.406421713340825441e+00 1.460978603393268571e+00 1.663171207209821256e+00 2.275291973498841713e+00 2.360728696604242227e+00 2.631650820839478655e+00 2.688297960866668834e+00 2.815954624833723052e+00 2.869995036429766166e+00 2.964337407702035243e+00 3.045620484738186917e+00 3.082245465702707410e+00 3.261640502023191779e+00 3.291757310154618477e+00 3.360335968314168920e+00 3.373323297180489622e+00 3.442935710698184160e+00 3.493768981136037954e+00 3.535320681912351937e+00 3.569263804160044184e+00 3.757376667882929677e+00 3.821178479769522518e+00 3.897991829160985855e+00 3.946272612111417555e+00 4.086334838412028603e+00 4.117382220284166117e+00 4.309543214110560072e+00 4.534235887786210562e+00 4.699232913479217899e+00 4.733108533011181507e+00 5.005302073000254204e+00 5.188417997580906160e+00 5.268575645704619781e+00 5.311409941304506610e+00 5.492550411720098502e+00 5.647709777829113875e+00 5.927048028151519432e+00 5.945457365109884762e+00 6.017529319389574027e+00 6.120808757896477381e+00 6.240493384453489334e+00 6.702410302884061366e+00 6.748174144968040800e+00 6.804884372929278058e+00 6.899134147899522951e+00 7.040765504522235929e+00 7.085624501360495486e+00 7.146921386099130302e+00 7.267613433573391291e+00 7.385240299807966480e+00 7.462139257221340749e+00 7.532379476757841807e+00 7.576873095174134320e+00 7.617224851309322808e+00 7.649268767168102556e+00 7.817598357024601263e+00 7.857143329920766028e+00 7.993422203615746291e+00 8.125776470507553029e+00 8.335475759564918263e+00 8.433840677353639848e+00 8.629455884851878977e+00 8.730774450855205870e+00 8.767930253598343882e+00 8.901998849756633803e+00 9.101688902420491445e+00 9.212329109856980836e+00 9.350179124694886212e+00 9.452462245279988906e+00 9.550922058173657803e+00 9.860956820304943804e+00 9.984199665535861357e+00 1.019422073282136765e+01 1.029308215136476967e+01 1.060731661812361004e+01 1.065732298252360977e+01 1.071858506785716081e+01 1.095378624535650403e+01 1.102997778406580132e+01 1.112089925354634623e+01 1.121200719452878047e+01 1.129145017015316732e+01 1.136904074888855298e+01 1.162828129516731579e+01 1.178449961493558362e+01 1.181291962614911739e+01 1.209166249130750259e+01 1.224818180277985746e+01 1.228010228497551637e+01 1.260481211753092445e+01 1.363833216323867603e+01 1.375565827213236503e+01 1.378278934779448761e+01 1.394204919164363332e+01 1.402710864110453493e+01 1.430022941302575390e+01 1.452643436123834597e+01 1.469731164167541770e+01 1.497796299718411461e+01 1.505417663014595675e+01 1.511219634147481727e+01 1.526395101162448142e+01 1.543541993847767735e+01 1.557424642147265814e+01 1.557826268822470084e+01 1.575884285510648652e+01 1.588622560387529425e+01 1.609379516469256188e+01 1.617208978083934667e+01 1.628045227542460083e+01 1.641360957859663472e+01 1.664442529953569405e+01 1.671651530993150914e+01 1.684061722030436670e+01 1.693427275992009839e+01 1.700652656997809231e+01 1.713915777777533833e+01 1.741103261247095801e+01 1.753418032092933387e+01 1.769844949170823512e+01 1.781259306162469258e+01 1.784272531141378693e+01 1.787291527272617842e+01 1.834446787629307707e+01 1.877813121169448252e+01 1.894238432727186705e+01 1.909725507738551187e+01 1.949786817198388178e+01 1.957790238092982804e+01 1.968166467341620418e+01 1.997242970857965716e+01 2.020080967189972654e+01 2.036344755904544357e+01 2.048110786952907603e+01 2.102263448973612725e+01 2.132279550774114085e+01 2.212546678218934559e+01 2.255465162032874815e+01 2.283328996261843358e+01 2.345819033574034052e+01
6.198124037810931464e-01 6.870949817266988058e-01 1.204077105014695670e+00 1.276394555384823493e+00 1.510690145440436893e+00 1.532805838520980846e+00 1.800230772399052492e+00 2.301238249258176438e+00 2.386231912329151772e+00 2.617396336893318409e+00 2.674035259481964300e+00 2.812992524737043976e+00 2.891254408945452159e+00 2.943308916056067481e+00 3.049810760645344399e+00 3.083402110669422935e+00 3.244327079116636536e+00 3.313802557271867233e+00 3.345068995665256395e+00 3.383718257663663742e+00 3.482721860123842994e+00 3.498162745715238220e+00 3.570017219042879830e+00 3.598851649794745367e+00 3.744297910772478311e+00 3.819135296401900082e+00 3.909255908866430929e+00 3.986068695044864274e+00 4.050682171741982529e+00 4.133505965805523985e+00 4.253628961017713372e+00 4.529452583782717312e+00 4.693141083967558913e+00 4.772674225430177053e+00 5.018424163667822846e+00 5.157911785805595173e+00 5.255216861278293905e+00 5.324970210094291723e+00 5.498832728571892758e+00 5.629861445054952895e+00 5.928561562179854860e+00 5.946779091325412381e+00 6.028698383942271199e+00 6.108986558475644202e+00 6.269304853072422468e+00 6.672469254104386849e+00 6.766113469591163998e+00 6.859535093498155156e+00 6.905854950311112184e+00 7.065232164102114965e+00 7.107699826903298934e+00 7.229020576432830580e+00 7.271884079528500244e+00 7.355904775883773894e+00 7.500299686733783666e+00 7.516621038595416415e+00 7.603183576713153258e+00 7.625977788964523718e+00 7.702936776384554207e+00 7.895853217532640578e+00 7.958726658903776396e+00 8.008746151570276695e+00 8.168681510222905118e+00 8.354738995485776698e+00 8.465089817234513703e+00 8.681266447002228048e+00 8.830789559140113099e+00 8.872907588601711026e+00 8.932790827113590737e+00 9.137582501721894346e+00 9.331735474990537682e+00 9.339627664166938459e+00 9.508364071273694762e+00 9.687526811947538619e+00 9.918193994394959745e+00 1.002149845501766734e+01 1.027848523517566548e+01 1.037273852381197692e+01 1.061459112714141639e+01 1.066203694494621956e+01 1.075565657984678936e+01 1.097008121836426398e+01 1.108034824771195481e+01 1.120121245247827346e+01 1.130594048187554712e+01 1.133700977269668542e+01 1.140134656988624684e+01 1.165958166497308035e+01 1.180207878552285194e+01 1.194873698846387811e+01 1.213333605000850213e+01 1.229711624970368433e+01 1.239410575912226875e+01 1.264156413022605641e+01 1.361781009705995338e+01 1.374723356875273694e+01 1.378754919224409292e+01 1.395720842945427798e+01 1.403086899142600075e+01 1.427758348786101372e+01 1.455302997723650016e+01 1.472150199819756011e+01 1.493122689655773527e+01 1.505411881074723013e+01 1.515682563348747536e+01 1.527735201591788261e+01 1.543380016880263383e+01 1.557564649167522219e+01 1.558937124808972996e+01 1.572815664074433961e+01 1.589973090016166601e+01 1.606384283785867950e+01 1.614077554247647583e+01 1.626385565215816698e+01 1.639726949994208738e+01 1.662161167553724539e+01 1.669312060752089621e+01 1.682416784933229081e+01 1.685609629144235910e+01 1.699027060064302930e+01 1.712257301694709355e+01 1.741035298019532362e+01 1.747579841384335353e+01 1.767820139949207103e+01 1.775267756110854833e+01 1.781886995317000455e+01 1.795551393056794254e+01 1.838819662896117535e+01 1.884254872404208214e+01 1.891816974067330648e+01 1.900112756539841641e+01 1.953260819091736522e+01 1.957054051012753249e+01 1.967171175201691113e+01 1.996664283673809592e+01 2.022297477297411206e+01 2.041911192614071879e+01 2.051352591294569550e+01 2.104146953604575643e+01 2.132326393913785267e+01 2.210613611412875912e+01 2.254157517444126668e+01 2.281025075201401364e+01 2.338530368555954908e+01
8.158671917610486046e-01 9.075402787583540798e-01 1.346485258507647886e+00 1.545638030230069848e+00 1.625963855633296484e+00 1.659083806490815549e+00 1.939343773476277510e+00 2.339862319079596631e+00 2.428168201044273555e+00 2.601051378482747367e+00 2.697797891881536625e+00 2.802053895210157908e+00 2.914189334714500035e+00 2.959876434290422242e+00 3.057715010352637375e+00 3.103563054131297960e+00 3.276343528426393537e+00 3.302081164145739933e+00 3.343010496012965405e+00 3.432073145757553068e+00 3.483678747803111264e+00 3.552758453712622000e+00 3.614273338043843431e+00 3.657663554034415565e+00 3.738646931183094324e+00 3.815644036281485185e+00 3.886961213670613091e+00 4.039334803377954586e+00 4.121084124901533308e+00 4.180166565238124576e+00 4.237681942360604914e+00 4.530645308167063234e+00 4.687827633111242953e+00 4.821421546717104434e+00 5.013037236557507548e+00 5.124293235938161217e+00 5.241326116284446002e+00 5.348817248396557922e+00 5.509044819827672690e+00 5.624094612155874806e+00 5.906061108781035074e+00 5.946105411548672670e+00 6.040687496729570505e+00 6.092067490647615990e+00 6.276147447997112216e+00 6.636532449212061202e+00 6.767124048463987407e+00 6.891166171712179711e+00 6.942409919958056896e+00 7.043666635817001698e+00 7.124442326344304632e+00 7.295149678537487858e+00 7.325268541771928099e+00 7.336071624800790225e+00 7.493969699831034781e+00 7.520925979243961557e+00 7.594427679525963981e+00 7.653710209147611465e+00 7.805917285353187296e+00 7.948424315330646195e+00 8.012989205493660450e+00 8.061237735278144356e+00 8.215867423534215064e+00 8.356022171905356899e+00 8.571619418584432992e+00 8.743972179598040739e+00 8.905447094814594067e+00 8.977397983503411893e+00 9.045197066081051673e+00 9.179566359212508075e+00 9.338753632970680840e+00 9.449750109154210875e+00 9.555095958399459022e+00 9.728463023940754795e+00 9.962075958854974544e+00 1.005082957497456597e+01 1.035625150995524102e+01 1.051227657972608398e+01 1.062318284639622945e+01 1.067345380340047889e+01 1.077422987389142151e+01 1.098984788402643176e+01 1.110182212993880491e+01 1.130283754345796687e+01 1.133567271242498542e+01 1.139283263618717612e+01 1.149285641749393783e+01 1.170024249665377702e+01 1.182317123195241493e+01 1.203318029855528337e+01 1.220964903173845428e+01 1.234987099645472242e+01 1.265409934540082126e+01 1.278385596571716576e+01 1.361779086052951548e+01 1.372635517495235113e+01 1.380259315025482358e+01 1.398426605689895119e+01 1.403123882174859105e+01 1.425297124298763407e+01 1.458632940291150071e+01 1.474764487756625186e+01 1.487924001020315323e+01 1.504854816875823253e+01 1.521165669512195961e+01 1.528806130257498985e+01 1.543719959970339950e+01 1.557112095922159156e+01 1.558645498672455254e+01 1.570789314734224895e+01 1.592355671468192213e+01 1.602343540636439556e+01 1.611163634778558773e+01 1.624667790622499908e+01 1.637989626128803877e+01 1.657442046603216923e+01 1.665040227417445351e+01 1.675061093635308751e+01 1.683204393717200986e+01 1.701904229579143291e+01 1.713286282348803624e+01 1.738236944258692063e+01 1.742634256387351854e+01 1.762973716933277046e+01 1.766348921785265347e+01 1.776438791601351497e+01 1.807747058626287284e+01 1.841467449753693586e+01 1.877602948893104085e+01 1.894491466533233037e+01 1.905462262981613009e+01 1.956027431368534764e+01 1.956897888869322699e+01 1.966654075025081738e+01 1.995962574846851112e+01 2.024760394324464130e+01 2.048217534986443411e+01 2.057364902284563613e+01 2.106504304020928231e+01 2.132643183693853217e+01 2.208325014206672776e+01 2.252476701298001771e+01 2.278124104511912407e+01 2.329221712357139751e+01
1.004116040671432897e+00 1.120853697610121547e+00 1.443751046555423745e+00 1.699505170034779633e+00 1.747885624529031068e+00 1.949939746215723302e+00 2.072593379843250094e+00 2.389267687956125652e+00 2.487086995938382117e+00 2.633240366037456148e+00 2.742656832010780033e+00 2.852354521524524955e+00 2.955003826365317110e+00 2.985726305381588119e+00 3.105460046601640212e+00 3.136017920617098387e+00 3.283592404064020975e+00 3.319863247616680724e+00 3.364015532382695017e+00 3.447189503937741595e+00 3.515996627049187140e+00 3.594527111421760956e+00 3.643610475448912034e+00 3.719901505325250213e+00 3.770819780836625945e+00 3.835473338563816448e+00 3.890370345872364855e+00 4.088303750039510298e+00 4.213418090321687792e+00 4.251993406106772788e+00 4.290299472904377964e+00 4.540106210594824887e+00 4.689547449804505774e+00 4.879419911912262542e+00 4.971640814218474702e+00 5.112936493232593804e+00 5.229123902045944128e+00 5.380746623463479317e+00 5.523696878693830747e+00 5.627849723991907638e+00 5.873342464295443044e+00 5.931309144727623384e+00 6.047521129258236705e+00 6.074407329095969921e+00 6.269268636751759161e+00 6.598975135628201372e+00 6.742121900407705759e+00 6.900027198099512482e+00 6.983347189274916822e+00 7.007095686701672044e+00 7.117579360412840117e+00 7.305146573796914566e+00 7.343815075753814980e+00 7.364479761858517826e+00 7.477456408090633388e+00 7.550521013415798066e+00 7.602002587249884868e+00 7.703647691030081290e+00 7.884765261425012994e+00 7.965524492759485931e+00 8.044457337621990334e+00 8.106139533817451337e+00 8.311364170815021879e+00 8.364267644873029539e+00 8.695390102801420440e+00 8.814495712708540154e+00 8.973732944118655297e+00 9.066868714479957347e+00 9.200483987715937673e+00 9.245913173451599576e+00 9.359133483390126074e+00 9.547897431544189573e+00 9.607155755940139485e+00 9.756357628305945440e+00 9.991131468217275824e+00 1.005821462145003409e+01 1.043606003767957979e+01 1.060802169360048275e+01 1.064686319226954048e+01 1.069576659863814605e+01 1.078764367030503735e+01 1.100967640056543040e+01 1.110131719255446470e+01 1.132896219742831434e+01 1.140939973998392709e+01 1.147304374765954371e+01 1.154866207774696107e+01 1.174877673691129232e+01 1.185988388832524087e+01 1.204910284178966151e+01 1.226344490522597397e+01 1.242074098431982598e+01 1.270563942341447650e+01 1.321473266281342518e+01 1.367450251318402010e+01 1.369887090934218321e+01 1.381548459267240681e+01 1.402459088383478836e+01 1.403504762403381001e+01 1.423312978216880786e+01 1.462450323522377182e+01 1.476639991780407968e+01 1.483369781905511786e+01 1.504059196036788215e+01 1.524280386047762725e+01 1.529402589424876524e+01 1.545216474640488791e+01 1.553445749213968163e+01 1.558602607286181829e+01 1.571193605475042609e+01 1.594719764401219209e+01 1.598210150376603877e+01 1.608224845828952354e+01 1.624702860193648135e+01 1.635654996311364329e+01 1.650966863965068043e+01 1.658902121824881348e+01 1.669691269472718886e+01 1.677847560043617747e+01 1.702549519913990039e+01 1.716758484856797651e+01 1.729860612237519035e+01 1.749686739104532762e+01 1.756267433624238450e+01 1.760939060237215514e+01 1.772308311391029889e+01 1.814643847777839269e+01 1.843514283464928383e+01 1.865574452803722139e+01 1.898786573773151432e+01 1.925944344580044643e+01 1.958060190721118943e+01 1.959880847373403867e+01 1.966659238137939525e+01 1.995437349950303840e+01 2.027397004231896460e+01 2.055254815700680027e+01 2.065906543176945576e+01 2.109291604584910829e+01 2.133372915094257039e+01 2.205944217926076334e+01 2.250609525996124916e+01 2.274906043503467146e+01 2.318647655663706075e+01
1.183625068724664553e+00 1.325709538494659112e+00 1.559799948533418856e+00 1.790035134225155256e+00 1.882022689703624740e+00 2.172704791285167580e+00 2.275285718490120068e+00 2.444777741477510258e+00 2.552119239129724271e+00 2.724549734673753498e+00 2.793221711196043788e+00 2.960770310256815030e+00 3.009654805315409742e+00 3.053339264793003327e+00 3.106372078089306488e+00 3.240548162323984460e+00 3.277002257962013054e+00 3.357528812893197045e+00 3.392271453876514187e+00 3.449908064152884091e+00 3.552361355323576220e+00 3.623690312546470338e+00 3.655434567447281236e+00 3.746151470123848970e+00 3.798235084886800728e+00 3.901146991108505713e+00 3.973764337963742399e+00 4.129027495938299097e+00 4.256143130581559575e+00 4.383922896374126132e+00 4.412858298052482198e+00 4.562715390501044688e+00 4.705995402969098684e+00 4.900381009446740599e+00 4.952905950029817816e+00 5.117101064865274829e+00 5.222850850490166508e+00 5.419706645968579650e+00 5.539522274175749494e+00 5.637434365508474876e+00 5.836857241681524755e+00 5.906035166138977388e+00 6.037149910262545660e+00 6.064181681095931253e+00 6.257841551244784029e+00 6.558569567526139288e+00 6.693731659658896938e+00 6.894545720231578301e+00 6.955981158378142126e+00 7.014389108551602803e+00 7.089692575117459761e+00 7.278665083194012730e+00 7.349006324972523707e+00 7.359567220301794777e+00 7.481898746331950179e+00 7.553618203236436734e+00 7.660474562163794410e+00 7.748214981104160515e+00 7.908845204151019104e+00 7.976911132192758380e+00 8.099067066862581044e+00 8.132200933566176460e+00 8.380489398759113584e+00 8.434703785886190630e+00 8.785479419430503256e+00 8.903405361918013128e+00 9.027069911732152008e+00 9.136276148744689962e+00 9.303844856921937634e+00 9.348185408774954297e+00 9.453753516122342049e+00 9.638699846709002372e+00 9.675820275205872179e+00 9.785526295100243743e+00 1.003838608780248443e+01 1.005946000345128155e+01 1.051230414509246991e+01 1.060838120305584908e+01 1.069759294910069869e+01 1.071968738145401723e+01 1.083608637263384900e+01 1.102622381925288408e+01 1.109331837322108960e+01 1.131441114917453916e+01 1.148384206625603099e+01 1.155648601363168382e+01 1.158511745693582107e+01 1.178880155204160118e+01 1.190266620600443659e+01 1.207507246759468877e+01 1.230258191365633103e+01 1.249504454727299496e+01 1.273306251125602273e+01 1.347396599360676817e+01 1.366577802144847453e+01 1.380563569930635204e+01 1.382637321504491723e+01 1.402151232543198311e+01 1.411498143708920949e+01 1.422553351522629050e+01 1.465976903713342239e+01 1.474961996581963142e+01 1.482186620123782284e+01 1.503399577710017887e+01 1.523135144856449941e+01 1.528950913548862367e+01 1.546932964041564951e+01 1.549390992015481672e+01 1.559682905654561402e+01 1.570153372981127049e+01 1.593757698617134544e+01 1.594458831861639858e+01 1.607415526461406330e+01 1.625231363611463209e+01 1.632473042457387180e+01 1.644089613500528912e+01 1.652449840139125925e+01 1.664758084375000635e+01 1.672141878525573588e+01 1.697461064268417275e+01 1.711848820434056506e+01 1.719922155430113975e+01 1.745083121440243801e+01 1.747855250177506292e+01 1.761337256921273919e+01 1.799700471631230059e+01 1.816030370567513685e+01 1.844209181044197621e+01 1.854463347542312235e+01 1.917667609486238334e+01 1.945331632841577729e+01 1.960109101306777291e+01 1.968064806603054606e+01 1.970665812552525864e+01 1.995352429379747150e+01 2.031080612609836322e+01 2.063207992218562836e+01 2.076066738967468694e+01 2.112720078874285079e+01 2.134617114889222478e+01 2.203717612000854587e+01 2.248839717788031933e+01 2.271662233347008808e+01 2.307572966800778502e+01
1.353725835925075671e+00 1.520607604868672080e+00 1.685291426406846815e+00 1.871909600537937646e+00 2.011587845594406510e+00 2.277279961388279261e+00 2.495949211480516183e+00 2.541791617768747624e+00 2.619878448318236686e+00 2.829057320032148493e+00 2.854683450483678442e+00 3.025424552692858704e+00 3.064650359911707422e+00 3.104663247476051158e+00 3.222749619255834475e+00 3.278622572479970021e+00 3.317451702242216083e+00 3.404633246332580132e+00 3.445345018813304794e+00 3.465874213608217680e+00 3.583341141890545867e+00 3.637301120179710079e+00 3.654175988415314880e+00 3.782179181077565566e+00 3.820457079881514062e+00 3.963685015830760605e+00 4.101671702817209386e+00 4.200552428549111816e+00 4.300907232155310567e+00 4.501886282626528235e+00 4.558667545861105452e+00 4.622471361174159910e+00 4.748535462945413954e+00 4.842823240549460451e+00 5.017766333801517931e+00 5.115401079767023518e+00 5.235886431551194597e+00 5.463261906625792363e+00 5.550990404034608083e+00 5.650250672892016546e+00 5.806388254713863439e+00 5.875256138314872700e+00 6.009503101628333788e+00 6.057106181640042664e+00 6.248522599157892543e+00 6.514949050024651633e+00 6.629970920674604251e+00 6.860453024046313075e+00 6.909637873013985576e+00 7.022296876451618708e+00 7.048139437767510174e+00 7.232964842780051029e+00 7.306509612828979705e+00 7.364051875329360008e+00 7.499585940993326538e+00 7.551619416353943848e+00 7.690121915599309688e+00 7.780024279983559943e+00 7.916074076404568949e+00 7.986589665568377683e+00 8.121536543250778450e+00 8.201893422166012471e+00 8.407501699060720313e+00 8.554002317080982465e+00 8.832905328207530715e+00 8.995455732244565183e+00 9.059766064662868601e+00 9.175016304048543958e+00 9.331966639575487221e+00 9.453850888630535465e+00 9.604782329938329255e+00 9.693556689401090054e+00 9.797708771501262959e+00 9.830821078922099332e+00 1.006672639166184702e+01 1.013945500157898039e+01 1.056085065227604147e+01 1.061913384276423500e+01 1.066822731816169956e+01 1.076388505199312107e+01 1.092062605874847847e+01 1.104604820221851291e+01 1.108843382951661738e+01 1.130460832595227494e+01 1.153485499474713727e+01 1.158065857256453768e+01 1.163205275481277212e+01 1.181689674265177104e+01 1.194599639625999821e+01 1.213378804846381875e+01 1.235390052724085841e+01 1.257876839626308829e+01 1.275905697019489438e+01 1.357697104714150349e+01 1.363091735845908126e+01 1.379311978707175612e+01 1.388884492460507758e+01 1.408539094930751467e+01 1.421880238663606377e+01 1.423491073287019937e+01 1.466384290852700900e+01 1.471522982499506682e+01 1.482938197059520213e+01 1.503634020647367464e+01 1.520018935158207185e+01 1.526701409133039355e+01 1.544416453564855018e+01 1.547724010731453426e+01 1.561225328273521207e+01 1.566902719525114662e+01 1.590565488405756334e+01 1.592252042662275002e+01 1.606032334414534191e+01 1.623407806746693893e+01 1.628734218265643463e+01 1.637669867278513891e+01 1.645697686730778742e+01 1.659124647311885070e+01 1.668591340537857448e+01 1.688814704289083579e+01 1.701683808544721899e+01 1.709404033607424722e+01 1.735597753597247461e+01 1.740409957865401225e+01 1.754533318212209281e+01 1.808635659053416944e+01 1.823425438706355095e+01 1.836253014323149912e+01 1.886384637099845563e+01 1.941439708814248633e+01 1.955062399293376174e+01 1.964275919937778880e+01 1.978873820711702436e+01 1.991058460587951728e+01 1.999273912309005752e+01 2.037412953355907774e+01 2.072149379046857121e+01 2.087233600578775139e+01 2.117249310176703503e+01 2.136607996336336512e+01 2.201962051771472773e+01 2.247549343895568796e+01 2.268660884939990297e+01 2.296664948668793116e+01
1.514060424352538625e+00 1.703461761421865450e+00 1.808958147311933606e+00 1.957551492476365507e+00 2.130209829103353325e+00 2.359907662547836793e+00 2.550590561886337593e+00 2.640795398041487108e+00 2.778991243593524896e+00 2.870900785127718624e+00 2.961440359117834209e+00 3.016092028982950701e+00 3.119788667600857934e+00 3.165514097074326294e+00 3.286234328602780419e+00 3.293778319324800474e+00 3.396219631271823580e+00 3.436448385969653074e+00 3.481150101073839931e+00 3.576210606796909719e+00 3.607199170408620148e+00 3.647959022177979183e+00 3.689233544485231331e+00 3.822720099118252612e+00 3.867193265132731650e+00 4.052402729788196822e+00 4.170929081528583104e+00 4.325718118758979713e+00 4.356460216563163179e+00 4.609790413480645555e+00 4.639741790729500437e+00 4.749775525645135055e+00 4.797409571992019117e+00 4.858137144999534307e+00 5.070812099384251148e+00 5.109740085639996821e+00 5.275056035412354127e+00 5.506813900428194408e+00 5.554291156504786109e+00 5.662287808762280328e+00 5.793749413794988534e+00 5.844115970270557625e+00 5.972159391224371561e+00 6.046505371428700037e+00 6.240860154701855400e+00 6.468671067326369872e+00 6.558222745386393271e+00 6.805942735269074007e+00 6.856639445430427138e+00 6.968058813967975773e+00 7.032764213570517065e+00 7.184576487658908661e+00 7.250840488158224240e+00 7.358412855663213570e+00 7.484222015899121949e+00 7.569898298941622805e+00 7.667034198080436624e+00 7.807522028758053345e+00 7.942211501546368346e+00 7.989077566842870404e+00 8.133335378697312379e+00 8.271322732800735267e+00 8.447673644255173642e+00 8.658844620972315553e+00 8.861994996405016423e+00 9.051027063915807247e+00 9.081380933737946748e+00 9.212043825584215639e+00 9.327315707885883711e+00 9.528586147879813950e+00 9.646613441984955628e+00 9.737508733214170320e+00 9.892998611306149215e+00 9.972541932959698485e+00 1.010714657556215990e+01 1.029145279683850234e+01 1.055653766034279784e+01 1.061651669160044875e+01 1.068807551483966556e+01 1.077921232773646487e+01 1.101148366759740149e+01 1.106907320288197560e+01 1.111845420993180689e+01 1.130804698781281381e+01 1.154244787727182242e+01 1.160454412530001278e+01 1.165876343855538977e+01 1.184619479254959273e+01 1.199484555736570357e+01 1.220700554122435477e+01 1.243475473583274393e+01 1.268136830641898882e+01 1.279932574119803590e+01 1.357946155585173820e+01 1.364170905857700511e+01 1.375336626428959796e+01 1.386720515982173119e+01 1.416543358901951066e+01 1.423949089681570435e+01 1.435223510466975583e+01 1.461299574405522961e+01 1.469749991220686702e+01 1.482516245990952086e+01 1.504738770978533502e+01 1.517543385044293025e+01 1.522811994086148069e+01 1.538190863898002547e+01 1.544174643708563721e+01 1.559884214617378362e+01 1.567060654060221125e+01 1.587928518136103762e+01 1.590066895656021728e+01 1.602917009854211017e+01 1.619293309991467567e+01 1.624589526062552025e+01 1.630504969509428292e+01 1.637967718692087615e+01 1.654413778747537123e+01 1.666733146968555701e+01 1.678565540842969384e+01 1.690010313166503408e+01 1.698117801166862861e+01 1.726091942257066236e+01 1.733004444098065733e+01 1.747047031454739141e+01 1.801931853641097092e+01 1.819052606997003707e+01 1.825198283725791626e+01 1.941607265048256181e+01 1.955137672985796371e+01 1.957676492849825678e+01 1.973879007107452921e+01 1.996065359267745620e+01 2.003916470136434214e+01 2.031231233280504611e+01 2.051557220756665600e+01 2.082205779548719349e+01 2.100125311643666137e+01 2.123230787577200473e+01 2.140537654613337892e+01 2.201268763474115531e+01 2.247205516127613478e+01 2.266174983865035841e+01 2.286483573868545349e+01
1.664500645314764826e+00 1.870800752169314407e+00 1.917665245614657676e+00 2.063258103433106339e+00 2.230069938853124434e+00 2.424272595122346274e+00 2.596815289584274655e+00 2.675985797810663591e+00 2.831164695349158933e+00 2.938969955891326702e+00 2.997137901035464402e+00 3.069834626107292852e+00 3.118010585201206997e+00 3.233794788055663005e+00 3.291088404302734638e+00 3.341173537662105897e+00 3.386519890507445396e+00 3.477055463328611928e+00 3.523307048715370371e+00 3.578313835910802432e+00 3.671631255758189383e+00 3.698395312291435921e+00 3.780556937787212135e+00 3.941177303474581617e+00 3.945748282541380547e+00 4.156697835987437806e+00 4.212568609323426472e+00 4.370390667160944709e+00 4.507111268625029865e+00 4.667140711691882160e+00 4.703853356903677785e+00 4.849296073254685702e+00 4.874081429997414006e+00 4.991923316692825630e+00 5.079862567540473606e+00 5.143402236086276780e+00 5.331977522589982144e+00 5.542812401659440447e+00 5.553001476820338844e+00 5.664450493476747894e+00 5.811055890022011283e+00 5.817341298469428601e+00 5.931572582288223927e+00 6.033074105848261759e+00 6.227707409305989650e+00 6.418888039890941144e+00 6.487128687483489031e+00 6.742253664624634268e+00 6.794262802122075229e+00 6.880347746040122558e+00 7.007694709298279534e+00 7.132566317114748422e+00 7.199989577840146815e+00 7.326940504273537158e+00 7.456726257407352954e+00 7.577829049104400028e+00 7.625112557299310367e+00 7.832208298049404327e+00 7.982798024276750226e+00 7.989761781130605200e+00 8.145431029471613016e+00 8.316916847363467369e+00 8.501590859749711626e+00 8.732998115028644648e+00 8.888888688809711169e+00 9.063012953547813666e+00 9.109310724216880928e+00 9.240079016253059052e+00 9.325326538147473698e+00 9.546937873818068354e+00 9.620603323418988495e+00 9.741370845575827886e+00 9.991320107676090245e+00 1.006309578066723454e+01 1.020975476399370407e+01 1.040485386756190778e+01 1.053780405222258487e+01 1.065444225588698757e+01 1.075592076021933252e+01 1.076914887573135893e+01 1.107040962542347806e+01 1.109209621719998751e+01 1.121502990110544751e+01 1.130439781302519719e+01 1.154765037286523466e+01 1.164053471031137299e+01 1.171034921119697003e+01 1.186353034591580524e+01 1.204823678193149483e+01 1.229442051080914489e+01 1.254380400037369192e+01 1.275081720666336871e+01 1.290670187912601463e+01 1.352564345878440655e+01 1.367003247478058547e+01 1.371128620769387929e+01 1.383527225652499659e+01 1.420922642790766410e+01 1.425076706841078966e+01 1.446490211189716391e+01 1.454598079256332177e+01 1.467750237298357163e+01 1.480080326201768415e+01 1.504760921780531291e+01 1.516476237589825260e+01 1.518049050303397784e+01 1.529446666837416657e+01 1.536423348205462780e+01 1.557875985322681522e+01 1.569644725878468172e+01 1.583237791706681818e+01 1.589741337063367865e+01 1.599399145527303823e+01 1.614196772687643033e+01 1.620123557483453069e+01 1.621028311945127953e+01 1.630907573938456423e+01 1.650601174774203628e+01 1.664217086658675981e+01 1.669367820466823105e+01 1.679285964265598707e+01 1.686518706102949849e+01 1.716678014687654752e+01 1.725592038428382580e+01 1.739482938796412981e+01 1.792282262092347978e+01 1.813415487038399831e+01 1.817336331313861209e+01 1.950550565650517854e+01 1.958059608641519134e+01 1.973355867395534702e+01 1.998969929643026333e+01 2.003417168097688972e+01 2.028364276905391250e+01 2.063368975853229870e+01 2.079936732948411660e+01 2.094045439919840490e+01 2.119126517764676620e+01 2.129997459527292136e+01 2.153002051298034658e+01 2.203118375499914805e+01 2.248394267118596801e+01 2.264701211629084199e+01 2.277757124087773377e+01
1.804820973715473897e+00 1.992712819886493403e+00 2.036978580678144635e+00 2.192011371226113781e+00 2.302913996620273629e+00 2.468090616487451427e+00 2.635877378502210266e+00 2.704311413994387792e+00 2.825115621408397004e+00 2.885734771662578080e+00 3.048603432191442142e+00 3.096767236149262637e+00 3.119475484488650086e+00 3.271110731208794142e+00 3.290070769697104769e+00 3.333811220420357380e+00 3.392575713979639307e+00 3.522362066233142297e+00 3.550085079450379766e+00 3.580919105844412087e+00 3.657690089994352967e+00 3.784792993160432939e+00 3.868896610047250828e+00 4.063870506612023092e+00 4.121455455660039568e+00 4.223193644321394657e+00 4.282373068656309734e+00 4.433277443711671317e+00 4.631411307230554719e+00 4.676801011124172014e+00 4.806317385903076556e+00 4.949054533917270682e+00 4.984163631090313018e+00 5.044579342228508345e+00 5.167945699730361220e+00 5.195784122859716803e+00 5.391696964931742109e+00 5.547051833984094849e+00 5.572992861626530292e+00 5.658331004067937542e+00 5.797269924197953728e+00 5.856566027317453127e+00 5.897984989164078762e+00 6.016771702734992289e+00 6.202080967821387070e+00 6.360912793228306938e+00 6.427778295770802508e+00 6.671879434164865508e+00 6.722413018736602908e+00 6.778874811812535484e+00 6.966702501061000419e+00 7.069002203187316979e+00 7.140279374025514159e+00 7.292214415166849761e+00 7.419842869318968859e+00 7.551428630175423429e+00 7.603172059940028760e+00 7.855625478580158472e+00 7.990966571304734423e+00 8.027936123009585145e+00 8.165293151239602309e+00 8.344081122929251748e+00 8.556389214849778213e+00 8.761950508863476372e+00 8.919784597232888856e+00 9.059958791850579729e+00 9.132697186125158240e+00 9.252955231955134252e+00 9.333798958114448041e+00 9.503773205642962907e+00 9.600223701013423039e+00 9.740860138051246508e+00 1.001784505640241463e+01 1.012247648354291840e+01 1.030062406599279790e+01 1.039859397430612731e+01 1.056242200264555997e+01 1.070801283004340299e+01 1.079331584864383764e+01 1.084019192864551329e+01 1.106801644316736599e+01 1.115457262993849419e+01 1.128294101894857704e+01 1.134114474872976253e+01 1.156524121159319662e+01 1.174471205375250982e+01 1.175928225589716369e+01 1.189508375289309861e+01 1.211719688494396330e+01 1.240927249531392640e+01 1.266156359304922141e+01 1.278403563898630857e+01 1.307049589449247939e+01 1.346374160188852187e+01 1.365724939470731059e+01 1.371024972192606306e+01 1.379811236441461908e+01 1.421803562944282895e+01 1.425152426498312863e+01 1.449414296003243408e+01 1.454235541340516669e+01 1.464877962632891872e+01 1.476998252371940623e+01 1.501410495327612438e+01 1.509344790189924090e+01 1.516923371789743058e+01 1.520219146953543543e+01 1.528369759647366344e+01 1.556362808966832212e+01 1.570847760161302276e+01 1.578140419966973163e+01 1.590205074716656597e+01 1.596116652547453718e+01 1.606975786825559993e+01 1.610212600763416191e+01 1.618358077582657373e+01 1.624810264236766955e+01 1.646115771331579936e+01 1.657273176508853396e+01 1.664903327252164900e+01 1.671487594344624839e+01 1.675696206924073550e+01 1.707832631726240180e+01 1.718141125000071767e+01 1.732394774865775133e+01 1.782338088901253670e+01 1.808533651399054776e+01 1.812392393224811471e+01 1.950291436013985802e+01 1.958885290865569218e+01 1.978740273317943732e+01 2.007721847644845425e+01 2.020530417162699521e+01 2.052493269308853741e+01 2.089009611717644077e+01 2.100715707066576954e+01 2.110965594516821042e+01 2.131886293049627668e+01 2.140338367510371143e+01 2.182557640197254756e+01 2.213443697219975803e+01 2.252362636473548818e+01 2.265115584833991846e+01 2.273474461273725211e+01
1.934012155445025138e+00 2.069310037076648179e+00 2.178556223588878904e+00 2.315967516907531998e+00 2.354629419701754767e+00 2.488813618342464729e+00 2.664882430985451744e+00 2.740081223494903906e+00 2.793092630778563290e+00 2.838633912484642252e+00 3.001060454143412048e+00 3.083776695188802819e+00 3.124057207195362285e+00 3.251831450758670972e+00 3.299513059551728578e+00 3.344128979631111775e+00 3.357174899984207705e+00 3.523348213720743694e+00 3.562678252308268512e+00 3.613898671304051735e+00 3.687114007292541462e+00 3.859814267369317875e+00 3.942254444928211310e+00 4.174556998947195119e+00 4.195051923357410395e+00 4.317699660648171012e+00 4.432624448995865052e+00 4.511882479286085434e+00 4.672627105498506239e+00 4.758106298584444005e+00 4.917609798037982927e+00 4.977991598038897791e+00 5.087574888793580996e+00 5.107600130387392134e+00 5.237703075126789898e+00 5.303035178843340525e+00 5.437001917316368171e+00 5.550931615583377443e+00 5.594734477608907852e+00 5.659965525418758858e+00 5.788308886298922040e+00 5.872439625849572131e+00 5.920227935556790833e+00 5.995560009850610328e+00 6.165880684993651606e+00 6.294133038045178097e+00 6.382206123523260999e+00 6.589421966256569618e+00 6.640804722052134679e+00 6.676954991841330234e+00 6.923004903952505451e+00 7.002983184002491868e+00 7.052170940461827797e+00 7.273296528891217250e+00 7.375030031708222467e+00 7.515204858538580446e+00 7.589718731315737266e+00 7.875708055468935598e+00 7.997224139161470013e+00 8.062102660319508729e+00 8.204384686914375280e+00 8.363868939222923515e+00 8.596596530410902659e+00 8.760045500511319361e+00 8.930283088360431165e+00 9.051191664606026421e+00 9.156043671238432324e+00 9.257882612497434494e+00 9.345188881345888987e+00 9.452389473875037140e+00 9.581203742744119012e+00 9.744157090502111984e+00 1.001754004916029750e+01 1.012673011012941338e+01 1.034774194448841023e+01 1.036617126658461530e+01 1.059885567451145327e+01 1.068300809133770457e+01 1.084903990444401067e+01 1.092292109546167289e+01 1.105708118032103648e+01 1.121084680805626910e+01 1.128421972108130511e+01 1.145997488169689049e+01 1.160748842579990381e+01 1.177568839876409790e+01 1.181104297301935091e+01 1.203997753153903361e+01 1.223328543076723030e+01 1.254517017921022415e+01 1.275055150610191390e+01 1.286197578155036325e+01 1.319708197244659154e+01 1.344212506515608396e+01 1.363951187501149143e+01 1.371464895868647993e+01 1.376326215152966093e+01 1.416864378438489602e+01 1.425677218289685300e+01 1.446385311716620059e+01 1.456556370346741680e+01 1.461358210169690075e+01 1.475212397097694073e+01 1.493345819799113805e+01 1.496327762084409230e+01 1.511593581281129772e+01 1.515537425476756361e+01 1.527048063610408235e+01 1.554537845613359082e+01 1.567337017561143142e+01 1.575062375188993613e+01 1.588748111894786241e+01 1.593682769399612376e+01 1.598581236850320408e+01 1.604477865666202518e+01 1.617138958917780656e+01 1.619469883257084675e+01 1.640138460335440485e+01 1.650622041563765663e+01 1.659431938795696482e+01 1.666969057597025383e+01 1.668073970011693063e+01 1.700254167877755762e+01 1.711031324606624437e+01 1.726396624775728839e+01 1.773828722025439575e+01 1.804805897414384930e+01 1.809133678757783059e+01 1.949081300503798175e+01 1.959587170415504431e+01 1.981374950861675543e+01 2.016500726007009447e+01 2.028586270956309079e+01 2.073497777377626150e+01 2.098945726660036826e+01 2.113520452743702194e+01 2.134624825428891626e+01 2.137892602202139969e+01 2.153299215082083862e+01 2.198659666440110527e+01 2.229613654425653024e+01 2.256475589254031888e+01 2.274421840199391553e+01 2.287398441347552236e+01
2.048909577238708479e+00 2.137061095096330021e+00 2.309974953768512584e+00 2.350619856090479853e+00 2.426771753467489745e+00 2.530635095237796950e+00 2.672068466843678269e+00 2.741971533993412091e+00 2.771873602358026378e+00 2.818810883100430598e+00 2.945824734627063179e+00 3.028355418194932369e+00 3.100855419739517060e+00 3.238354811411935597e+00 3.259363189283581708e+00 3.322973909618099242e+00 3.354736974326216092e+00 3.500356190918807897e+00 3.567285944704763789e+00 3.618985976895926715e+00 3.759616679145147522e+00 3.926264184375576782e+00 4.009993815123168659e+00 4.169553682510257708e+00 4.261353932777375064e+00 4.449490748812773511e+00 4.590713582921108760e+00 4.608886614379586355e+00 4.717771568061189136e+00 4.840290217276086437e+00 4.966630435681461009e+00 5.018518663189323270e+00 5.149111484909996150e+00 5.207087502274906576e+00 5.290900371410814707e+00 5.373501253375846609e+00 5.480815370750988791e+00 5.555665692405411527e+00 5.640280176416808011e+00 5.673649739166296335e+00 5.802961981840867978e+00 5.861642222344560338e+00 5.963001198265367897e+00 5.977038641628610982e+00 6.132363960558715021e+00 6.224879023117537713e+00 6.340311969076066312e+00 6.482019604369980925e+00 6.555199947094513924e+00 6.595823217501759039e+00 6.874712910105317931e+00 6.937531416217504798e+00 6.973956829288512793e+00 7.248492104576272688e+00 7.338651113668047010e+00 7.487045870233353106e+00 7.576678788672487563e+00 7.888911683915359241e+00 8.008259213680593902e+00 8.078460920971409109e+00 8.267308283797005330e+00 8.382245798831634787e+00 8.611145638297740490e+00 8.751502552643879440e+00 8.899674418439674994e+00 9.044976463561418711e+00 9.173399851417103790e+00 9.259301393916940626e+00 9.355992038942677169e+00 9.434541440829445236e+00 9.560776771467578428e+00 9.747221832055180002e+00 1.000414039591382043e+01 1.009751166507980003e+01 1.031829445802299716e+01 1.038313850464287746e+01 1.055686338613381103e+01 1.072768674215110885e+01 1.089168094742516146e+01 1.093453749891143367e+01 1.106013122964928463e+01 1.125612259189538378e+01 1.130209424638420579e+01 1.151698392435656970e+01 1.168725169794889140e+01 1.177725402660114717e+01 1.186776037019378904e+01 1.218957404071219308e+01 1.243301655978303266e+01 1.263832553519668167e+01 1.288973464670302604e+01 1.297726080841293594e+01 1.322249290046277714e+01 1.348456266994720565e+01 1.361128269362960452e+01 1.372606664788067121e+01 1.376617450211034033e+01 1.408089237690930773e+01 1.426047088277114128e+01 1.441719714478845837e+01 1.450589112285141269e+01 1.461859298246601746e+01 1.470280669203667046e+01 1.476382922940800846e+01 1.492795952423536576e+01 1.504695298419468763e+01 1.513762422570416888e+01 1.528654126000009583e+01 1.552166636483598161e+01 1.560698270357050177e+01 1.570113708797128105e+01 1.585917334796484290e+01 1.591415919366125387e+01 1.594365688935022618e+01 1.602503891223897270e+01 1.614897448517770329e+01 1.616993620797164155e+01 1.633707275068649167e+01 1.645667629685919309e+01 1.652440961736940039e+01 1.662262102840946909e+01 1.665895182632527849e+01 1.694454231947970513e+01 1.705007505940055879e+01 1.721797841609054558e+01 1.767206992795742337e+01 1.802352442858261838e+01 1.806789053335711515e+01 1.947801950287616890e+01 1.960068805648268508e+01 1.982942658713213646e+01 2.024569041424831539e+01 2.033409603797100473e+01 2.089745083717232532e+01 2.104139043314806656e+01 2.122975737927686168e+01 2.140576575691806482e+01 2.151666463412797015e+01 2.166274718413713529e+01 2.206549391866229826e+01 2.230408737010407094e+01 2.252969485285756690e+01 2.294301292983771745e+01 2.323213366741099861e+01
2.142440797938584662e+00 2.190114807673766872e+00 2.360472267645539191e+00 2.397744872048719778e+00 2.468299617451373162e+00 2.629661604316802848e+00 2.649971098507126310e+00 2.714447866955423727e+00 2.734377487749710678e+00 2.838363153867575317e+00 2.930314047669550170e+00 2.954615322341901607e+00 3.056233240023787712e+00 3.188912331801273314e+00 3.248333832435563284e+00 3.278511834677650949e+00 3.350429410018416210e+00 3.469597806094597114e+00 3.580819083336101993e+00 3.633584213163042254e+00 3.801447751615596893e+00 3.989611412640380994e+00 4.058819879177969270e+00 4.147581199611770408e+00 4.318483169844135716e+00 4.515170904689243869e+00 4.703293594746696726e+00 4.741342391613997620e+00 4.786167670609025038e+00 4.907597571936222813e+00 4.959777324295548517e+00 5.094287666792276070e+00 5.161740296178002119e+00 5.293368423958302316e+00 5.306786337222851202e+00 5.407118547535902486e+00 5.517839952242236556e+00 5.596347293985319382e+00 5.686720428177594933e+00 5.720499750275359396e+00 5.840499308622079333e+00 5.849426695326934045e+00 5.922708035835674956e+00 6.007228578795196228e+00 6.116041007727646139e+00 6.160148769685864778e+00 6.294415301102557869e+00 6.367137382171693005e+00 6.470547750449825664e+00 6.544155011492258645e+00 6.814457350536112124e+00 6.864201721141188983e+00 6.957525311677093427e+00 7.202042332988956019e+00 7.324368419741241532e+00 7.466693364440585512e+00 7.569752307225948940e+00 7.894501573058914090e+00 8.023374149120712673e+00 8.080449526884095235e+00 8.344042129259639395e+00 8.401273920225563074e+00 8.601249649035551670e+00 8.744788576688860005e+00 8.839008975493570119e+00 9.044679157309053252e+00 9.180976745895339519e+00 9.250092407379169046e+00 9.381224124779656393e+00 9.442917664307703518e+00 9.541470415791376780e+00 9.747857930918684133e+00 9.986032313666692417e+00 1.005543293245289327e+01 1.029540468063803793e+01 1.038424394658499672e+01 1.050363515659487135e+01 1.077877352413596412e+01 1.090150006966898388e+01 1.093291163247016939e+01 1.108639117895709880e+01 1.129183741619628378e+01 1.129693882651633174e+01 1.152555721570382197e+01 1.174409387681726891e+01 1.180236966417401057e+01 1.193711847905259305e+01 1.229697833969462550e+01 1.261032341926901523e+01 1.273547443767261633e+01 1.305091244219515900e+01 1.312880898538550056e+01 1.326305331669639109e+01 1.345859100184775770e+01 1.359328105421470667e+01 1.369811639645052459e+01 1.386045281603834667e+01 1.399778853677081081e+01 1.419072402278163914e+01 1.438181916463302024e+01 1.439784603018631159e+01 1.451936394493657723e+01 1.464635716934256315e+01 1.473949723914260623e+01 1.492383105920420583e+01 1.499960767962070385e+01 1.510362311694305149e+01 1.530176416229589975e+01 1.549250121090141441e+01 1.554397730795242971e+01 1.564794339307208126e+01 1.583789137595185359e+01 1.585821472976980573e+01 1.595463355705385666e+01 1.603288969445325307e+01 1.611389318754616085e+01 1.617297658320413589e+01 1.628158366762866649e+01 1.642137267376078569e+01 1.646151657664086443e+01 1.660019225728104786e+01 1.664002939642123735e+01 1.690560034077094897e+01 1.700649903211716563e+01 1.718601201883998897e+01 1.762496204919751719e+01 1.800926959305372677e+01 1.805125882081465249e+01 1.946770613956195106e+01 1.960331571790018046e+01 1.983977359177912447e+01 2.030902658895503521e+01 2.036488489201225249e+01 2.100525985025463882e+01 2.107245071516468116e+01 2.130166406767921572e+01 2.147312163232740900e+01 2.158314934030669363e+01 2.176583822236856847e+01 2.209529107442772400e+01 2.227861610524880476e+01 2.248848642124206521e+01 2.315571197959891947e+01 2.355175682548335558e+01
2.203558580989391391e+00 2.211685011488925934e+00 2.385524399212447744e+00 2.415323070748859990e+00 2.552810642847899825e+00 2.615887007038613987e+00 2.660195707815220523e+00 2.674105156143362194e+00 2.781701956312649493e+00 2.813403140182571871e+00 2.908494903195121495e+00 2.955683077717390805e+00 3.003882684107447076e+00 3.134333588323226394e+00 3.211611350814652877e+00 3.271763248688195347e+00 3.333345285690186621e+00 3.454026528217347458e+00 3.593193764788694011e+00 3.648071147292407890e+00 3.815684633955825245e+00 4.044002854351686160e+00 4.080675487690935910e+00 4.131777889284456329e+00 4.354542079600604687e+00 4.537128465920181597e+00 4.784136274622198925e+00 4.813015808565063836e+00 4.875896058401761657e+00 4.960358121902779693e+00 4.968177133554141811e+00 5.119389166593556695e+00 5.150909665647451341e+00 5.288999998991666729e+00 5.340361882972032959e+00 5.457515391902574287e+00 5.526446343648816040e+00 5.675028619501269134e+00 5.703277369703164013e+00 5.805539223853997122e+00 5.824012172130183629e+00 5.869168936411552906e+00 5.888193874215370549e+00 5.999867096461414029e+00 6.097989893770668246e+00 6.130363988206296355e+00 6.237553529489199278e+00 6.291364065658770599e+00 6.408576680920658575e+00 6.512219300505543096e+00 6.763663219702589657e+00 6.817967145603772039e+00 6.967595108892069788e+00 7.153820891754496536e+00 7.320459868499630041e+00 7.453667180790530367e+00 7.569283309797175896e+00 7.895159191673457144e+00 8.040647795651111096e+00 8.072768354301567584e+00 8.404563116178712434e+00 8.431525456250914985e+00 8.588452417952607831e+00 8.713002084947079950e+00 8.793274011524001565e+00 9.047249229828690176e+00 9.189973100211522805e+00 9.230205304719618198e+00 9.417011555587894378e+00 9.453400789384806657e+00 9.523910065453684126e+00 9.746910668203272010e+00 9.975521366473468987e+00 1.001455161634129887e+01 1.028225732250270497e+01 1.038930015982541022e+01 1.045685566043724890e+01 1.081141413075522983e+01 1.087887738031795237e+01 1.095536185902941284e+01 1.112446307152754699e+01 1.126121590593538002e+01 1.132236054541288262e+01 1.151759079666286922e+01 1.177446117292482164e+01 1.182558878936465163e+01 1.199513641480411152e+01 1.236097128763192110e+01 1.269113335312469282e+01 1.284111567914833429e+01 1.314649592280126278e+01 1.332392511519197953e+01 1.337035064311551480e+01 1.343388314090162972e+01 1.356691995443323329e+01 1.365468946647436077e+01 1.392898511141380169e+01 1.397317132036893206e+01 1.402451766430592528e+01 1.417009680304073704e+01 1.442386673965294008e+01 1.448186553613813565e+01 1.464306357073526677e+01 1.474549844159685996e+01 1.491500215497898552e+01 1.496563198778051706e+01 1.506058253140290581e+01 1.530979892901371997e+01 1.547119481077934111e+01 1.551263474725194413e+01 1.561447061223115007e+01 1.577987811077655245e+01 1.585851558461809496e+01 1.596571666846861071e+01 1.604624273216512620e+01 1.608916334684887062e+01 1.617976558417577237e+01 1.624168990288757897e+01 1.640030980734614019e+01 1.641927884057311360e+01 1.659133619762790346e+01 1.662442115748225291e+01 1.688388413045072411e+01 1.698105383428467974e+01 1.716724627169232420e+01 1.759673301285347691e+01 1.800225361078245356e+01 1.804106934580935118e+01 1.946120175137264852e+01 1.960439595444804795e+01 1.984601822270168370e+01 2.035069255950745415e+01 2.038082954216512732e+01 2.106259539383405155e+01 2.108763220570434527e+01 2.134726292922233526e+01 2.154206333098143844e+01 2.161058465434273757e+01 2.184022888072064816e+01 2.207083365340238501e+01 2.227378146528880976e+01 2.245525147332896765e+01 2.331561981252247051e+01 2.375256825587302600e+01
2.208720026553276483e+00 2.229909007404611287e+00 2.392857408261472862e+00 2.438524930864308882e+00 2.565077365155510325e+00 2.620631895516118970e+00 2.631697665171008449e+00 2.716882658162913522e+00 2.728055993778620181e+00 2.879433566710380088e+00 2.880133502176771110e+00 2.942885563381192782e+00 2.990052051960098822e+00 3.125283532138672715e+00 3.168044779472782846e+00 3.299579330324307058e+00 3.305469386903426621e+00 3.452149846275958112e+00 3.596599033594844119e+00 3.655126589123276037e+00 3.817815308520776441e+00 4.075866726745004165e+00 4.077843498083671747e+00 4.123984390255604815e+00 4.367406582984106223e+00 4.541460840203545679e+00 4.808819435094448203e+00 4.842191168461295270e+00 4.902735465996541642e+00 4.974535190521532257e+00 5.037178336058811823e+00 5.046627821383245838e+00 5.177564901722827351e+00 5.271209006506205164e+00 5.353846848529847158e+00 5.479051944557823184e+00 5.544802611668005810e+00 5.685262042172997354e+00 5.757918795880211604e+00 5.773013344266399116e+00 5.843988177403168116e+00 5.873182589148845167e+00 5.904270744522643000e+00 5.973473531441895190e+00 6.075601993096887199e+00 6.137639766624585214e+00 6.201955930790562732e+00 6.271377501050496406e+00 6.387413837436443309e+00 6.499924288521140348e+00 6.744933062117248745e+00 6.802324160641355810e+00 6.976767579338155834e+00 7.131658457312680888e+00 7.319489655222624513e+00 7.449109853106399726e+00 7.570157152541380441e+00 7.894757971857049306e+00 8.054867792259752690e+00 8.061633131190145463e+00 8.415720202972121200e+00 8.462714799254305476e+00 8.591960875144405207e+00 8.673199729332242924e+00 8.785474718233137637e+00 9.048679175799057006e+00 9.203985988110952476e+00 9.210947898045702686e+00 9.439590327776013368e+00 9.453091618465981227e+00 9.514809628534584007e+00 9.746289804150839231e+00 9.978576846048813564e+00 9.991335987820674447e+00 1.027775308836911172e+01 1.040452307440546242e+01 1.042615598495041773e+01 1.082307094501757305e+01 1.086952336305330391e+01 1.096356745010979594e+01 1.115156365307755415e+01 1.123435556691962844e+01 1.133346259179840843e+01 1.151228324867095409e+01 1.178632970810331493e+01 1.183273927906173029e+01 1.201659106066496463e+01 1.237922049585968054e+01 1.274953396527930849e+01 1.282807188165061163e+01 1.328950697643889001e+01 1.330443023910394373e+01 1.339612497299544636e+01 1.346184172530750267e+01 1.357160084119235499e+01 1.374837103770856395e+01 1.382226886064277593e+01 1.395219379871538479e+01 1.399727877951647059e+01 1.404344161517018996e+01 1.445817744514753223e+01 1.447426914772001716e+01 1.464063527602233705e+01 1.475049463715390274e+01 1.490751198157828128e+01 1.494018338549414437e+01 1.504790313580071270e+01 1.531186360338838170e+01 1.546693489336274574e+01 1.550396337549471326e+01 1.560290047137168656e+01 1.575630014454684158e+01 1.585930986746959626e+01 1.597084941458550666e+01 1.605228559523334653e+01 1.607963842960729295e+01 1.618511603394070164e+01 1.622489649519137345e+01 1.639390031332756692e+01 1.640385526251117554e+01 1.658954587041193562e+01 1.661788614618091842e+01 1.687697917307697892e+01 1.697279446380790802e+01 1.716106166809963440e+01 1.758732204473359673e+01 1.800020279947231217e+01 1.803760056987354687e+01 1.945899636139886368e+01 1.960465324761426231e+01 1.984813728524697396e+01 2.036677137524395320e+01 2.038416600110210908e+01 2.108335011601134568e+01 2.108859432787235733e+01 2.136315130801091655e+01 2.157249033354267809e+01 2.161779332914432672e+01 2.187288447236899103e+01 2.204671937950289617e+01 2.227638853011084308e+01 2.244187479436853039e+01 2.337420391508877771e+01 2.382017361310953873e+01
1.969796672093568901e+00 2.084852463595099348e+00 2.218886412019079657e+00 2.321825668079795957e+00 2.484038290912462532e+00 2.535735591862740002e+00 2.557923304440006262e+00 2.685728766779643895e+00 2.764078804738612671e+00 2.805610933698675424e+00 2.916350606642788446e+00 2.920053222393775627e+00 2.998674038243576145e+00 3.058311070823084510e+00 3.114464837160879185e+00 3.197615257112046638e+00 3.264555341601531158e+00 3.351723376021173539e+00 3.444995132382654646e+00 3.479120112521945973e+00 3.498103137865566481e+00 3.615714164944497711e+00 3.680030076528721494e+00 3.710793204769375464e+00 3.734351769945841948e+00 3.811669401172159688e+00 4.038028133166791100e+00 4.195805990364459781e+00 4.263011534582730633e+00 4.444135827302299724e+00 4.658553865840590724e+00 5.084743383860088173e+00 5.151269386991790711e+00 5.307900516579550754e+00 5.536989522236011041e+00 5.547917574295336607e+00 5.741277534915558256e+00 5.761132276929480156e+00 5.894362334870864473e+00 5.916398750250876581e+00 5.990282835116619076e+00 6.127186239108767474e+00 6.299750878828985101e+00 6.426276341970467598e+00 6.440399024941365624e+00 6.768259866409336745e+00 6.830022603200043285e+00 6.949046562443574437e+00 7.005359093438963569e+00 7.085004268237708125e+00 7.211548533426904939e+00 7.219383850632239863e+00 7.302428809604715632e+00 7.590366154942830512e+00 7.662999215665635688e+00 7.916240327449043157e+00 7.946576122078824689e+00 8.100869301772712916e+00 8.127121646539674060e+00 8.368255875429507995e+00 8.523821284490477268e+00 8.837551295409920016e+00 8.912486028227871060e+00 9.288822554315801838e+00 9.385037682067864040e+00 9.515283450371240903e+00 9.837271597805465007e+00 1.008161525026457994e+01 1.025430775387779292e+01 1.033235504806372163e+01 1.033713495603537424e+01 1.071132779485633613e+01 1.074438281391877759e+01 1.101306276348573121e+01 1.106959359785306951e+01 1.117132524396909332e+01 1.130158849107857755e+01 1.158661986090249840e+01 1.161965532621459829e+01 1.184667588198339594e+01 1.194422273302651583e+01 1.212346471371337309e+01 1.258918339524182173e+01 1.270486225009543979e+01 1.280334794238641649e+01 1.287466137819862588e+01 1.292883822267422111e+01 1.302909646944865862e+01 1.312795356421853299e+01 1.323748249240576769e+01 1.331867259063300502e+01 1.352256266295843545e+01 1.357969005409911389e+01 1.360310890643653714e+01 1.365678632013256433e+01 1.369570387815712031e+01 1.370357520973744414e+01 1.389672848130629212e+01 1.392784197683376846e+01 1.400529400953160142e+01 1.412012194246455188e+01 1.427382515674960040e+01 1.433475095777904684e+01 1.441761179961398298e+01 1.443744623155117957e+01 1.455738921207240644e+01 1.463796835848101985e+01 1.484716083745648163e+01 1.485522685802254905e+01 1.504963367409763642e+01 1.513023471689449018e+01 1.524423156625471165e+01 1.549726317700643463e+01 1.556473747086764803e+01 1.559488996824926943e+01 1.563262441620301146e+01 1.570112929532738733e+01 1.578447169318365617e+01 1.602799079153601980e+01 1.605306742581586121e+01 1.612461908513018471e+01 1.625840480702325408e+01 1.627866082708116835e+01 1.668190147656196132e+01 1.714806658176382115e+01 1.718371218688007218e+01 1.777553338180359788e+01 1.795149741390899578e+01 1.896534982768528721e+01 1.901726733717901396e+01 1.930517244155447543e+01 1.971112467813187052e+01 1.980558048210142275e+01 2.052536529082018291e+01 2.066177861074509536e+01 2.077805272702395456e+01 2.084327961388495609e+01 2.093951432588392336e+01 2.135470082980337736e+01 2.138428061178223771e+01 2.190301487330521013e+01 2.202954402793002231e+01 2.218602297530213363e+01 2.244667977821027804e+01
1.998554732825776892e+00 2.103995506069976873e+00 2.222535455547841821e+00 2.361259221812668674e+00 2.491544049584647702e+00 2.543585028731325082e+00 2.569921455508127117e+00 2.688598220554424323e+00 2.766502049577754807e+00 2.811880090014126754e+00 2.910008960563477576e+00 2.928359119468872951e+00 2.992287276713996746e+00 3.071067547179452628e+00 3.113492789353897727e+00 3.203004169775628185e+00 3.270030158053932823e+00 3.353512160198707015e+00 3.428221090995469567e+00 3.495800425164748759e+00 3.512516351896320721e+00 3.604261437308293736e+00 3.675283629753808512e+00 3.715377892713445540e+00 3.736678722756937798e+00 3.819453677562020921e+00 4.069978220442481032e+00 4.180270734332424354e+00 4.289709731765197986e+00 4.442588542423261622e+00 4.679857817207937032e+00 5.079339926615382694e+00 5.162025132837552377e+00 5.303706351456208168e+00 5.533399523696797218e+00 5.541471169272832675e+00 5.727580768600153860e+00 5.769256294358642734e+00 5.884582593963386010e+00 5.911559906505981843e+00 5.989207820020966189e+00 6.119361566741744696e+00 6.286940585617940336e+00 6.418613567753210347e+00 6.425355531450414937e+00 6.765841317512729880e+00 6.823346149967433050e+00 6.937463696012055259e+00 6.992271754075665591e+00 7.087502675226895477e+00 7.177753709188857023e+00 7.234575230503375920e+00 7.301558501752830388e+00 7.583709885275481177e+00 7.652112457859230332e+00 7.918355353052285217e+00 7.943362806655127173e+00 8.093808950024225624e+00 8.150339040227095211e+00 8.384619016521723367e+00 8.534453290013875204e+00 8.841301670596903861e+00 8.915379353966821796e+00 9.268531948236919504e+00 9.397129427252624012e+00 9.521041135212483297e+00 9.830173438094112370e+00 1.007383218165340999e+01 1.025280269896900442e+01 1.030545562334405219e+01 1.037149270559389969e+01 1.071388164283857414e+01 1.073534318716706970e+01 1.097571934285247508e+01 1.108575280848649314e+01 1.116726674667996377e+01 1.128891749077756046e+01 1.154646676336015787e+01 1.165080178383819387e+01 1.184166469865355076e+01 1.193118207550205589e+01 1.211282529995905932e+01 1.256231043279514203e+01 1.268182018054498705e+01 1.276667031796179153e+01 1.287604517492718337e+01 1.291806962398225700e+01 1.300144060272229396e+01 1.310429658496258476e+01 1.325257801978789196e+01 1.333420538059011307e+01 1.345333792725489097e+01 1.351324643275945014e+01 1.360720523264117787e+01 1.364519098759032900e+01 1.369771020815537099e+01 1.377034651756380512e+01 1.391178950549556426e+01 1.393827652128636707e+01 1.403486409996597573e+01 1.416043878513316834e+01 1.427592900192947667e+01 1.429257581798668575e+01 1.439326379989971905e+01 1.446449728701063897e+01 1.456140052742139446e+01 1.469796539356087450e+01 1.486928557942810336e+01 1.487983523663671370e+01 1.503397145628068543e+01 1.512599584883978387e+01 1.524719518246129191e+01 1.550585186601616883e+01 1.556979490855199622e+01 1.561908049231844231e+01 1.564336521438014316e+01 1.570020134378291665e+01 1.579696996393664321e+01 1.602855864467429825e+01 1.606588000243770509e+01 1.613009219320364807e+01 1.625842611690109862e+01 1.629948606116376553e+01 1.669382086962972522e+01 1.715404344549650162e+01 1.718662734115901713e+01 1.778178559269210268e+01 1.795845988457082498e+01 1.895953330033485429e+01 1.902829006696073222e+01 1.930824188845762635e+01 1.965842203138667443e+01 1.985951821298047193e+01 2.052053588920550808e+01 2.065952525286530417e+01 2.077120852607967549e+01 2.084648433417824975e+01 2.095457335584440983e+01 2.134840988447921362e+01 2.137736768783063113e+01 2.191813007666433677e+01 2.202633792050840356e+01 2.219536947529847026e+01 2.243834490793976144e+01
2.070934657639948995e+00 2.157488727406901674e+00 2.264475823997701642e+00 2.441255973485612962e+00 2.510645420057338484e+00 2.562381343799100542e+00 2.600960475863915988e+00 2.698313657458662362e+00 2.777542893215019681e+00 2.827753712123575180e+00 2.896839313178813935e+00 2.951014989227459751e+00 2.983518713423784607e+00 3.089442156386904337e+00 3.119201356463672692e+00 3.211692595772228653e+00 3.289217057537597633e+00 3.367974849461205622e+00 3.411174098734209625e+00 3.511226983228939336e+00 3.534883191262338187e+00 3.587057644672135837e+00 3.675202859291300861e+00 3.722916440655764436e+00 3.755238530538300257e+00 3.835581467241019560e+00 4.139941312547475327e+00 4.169263982359784571e+00 4.344630651096331064e+00 4.455382879904044024e+00 4.719209528423545130e+00 5.080261848651166368e+00 5.177898044785176346e+00 5.293589739945182338e+00 5.503723035518103934e+00 5.542529782822756879e+00 5.705176702967963642e+00 5.771660236550325784e+00 5.860233261987718656e+00 5.895791392820552979e+00 5.988127633430218033e+00 6.096175726736866807e+00 6.247587677221503988e+00 6.371995038078361873e+00 6.409899756120704950e+00 6.756718455485623664e+00 6.804817675530427046e+00 6.904734063146185541e+00 6.967763567521691570e+00 7.073860875564507822e+00 7.139427958221348014e+00 7.229949653716730040e+00 7.304471677956871467e+00 7.565325790233676351e+00 7.631994913518798995e+00 7.906418997786012426e+00 7.935969516979311855e+00 8.107316893799280777e+00 8.179226949370523414e+00 8.431861994365124957e+00 8.568022307648421432e+00 8.851202448888223273e+00 8.920098886426842455e+00 9.226886028782361748e+00 9.419105814043014391e+00 9.534813933039536948e+00 9.809008979783362392e+00 1.005553901107042947e+01 1.024152851955503252e+01 1.028342196520819662e+01 1.041509494567726257e+01 1.067441142036509127e+01 1.075094617079957615e+01 1.090651320222637821e+01 1.109426084912033517e+01 1.115138880313426739e+01 1.126363093858293318e+01 1.147980548357049813e+01 1.167953345611597804e+01 1.182954076776173657e+01 1.188797792807435627e+01 1.209305885247816370e+01 1.250526376029223030e+01 1.262484564162207334e+01 1.268318345393383773e+01 1.277580026107792754e+01 1.291692569515220335e+01 1.297080635281879069e+01 1.308453367360324648e+01 1.313950120197685045e+01 1.329682381820710724e+01 1.342235708728938981e+01 1.350923729629191783e+01 1.356314241884428995e+01 1.362286205765852820e+01 1.370741250795760635e+01 1.384269753941612358e+01 1.391190394962563026e+01 1.398261882657160271e+01 1.410459665566533793e+01 1.420986121942884317e+01 1.422755691862237271e+01 1.432550441710914946e+01 1.438961250330761210e+01 1.446908862775557658e+01 1.461944880500773536e+01 1.479767065722235486e+01 1.492167275048044139e+01 1.493410741137695830e+01 1.501817787405660809e+01 1.513489864534273011e+01 1.524958955154673035e+01 1.552794561550904362e+01 1.558688764671634353e+01 1.564027231550537422e+01 1.569828260697735800e+01 1.571195855438107536e+01 1.583155328056364297e+01 1.603526514751328946e+01 1.609908445351659978e+01 1.614741969945781719e+01 1.627166457162761404e+01 1.634687956508351547e+01 1.672810271219870870e+01 1.716664416483796884e+01 1.720129514255891579e+01 1.780017319427233247e+01 1.797901164182206557e+01 1.895168929350562337e+01 1.905159175517906078e+01 1.931606114454010736e+01 1.958168920625742615e+01 1.994242788681196288e+01 2.050689011605168943e+01 2.065072131532859245e+01 2.075280928471038777e+01 2.085953679970425867e+01 2.098941288823588991e+01 2.131142618801990096e+01 2.138250344233641087e+01 2.194919757114220005e+01 2.202720206172292094e+01 2.221974628497775228e+01 2.241510323381142200e+01
2.159127110324111420e+00 2.234598008845973816e+00 2.350217661032362848e+00 2.522758654530552480e+00 2.532255237803841652e+00 2.578985242733772942e+00 2.640979615736211983e+00 2.717435411048345184e+00 2.800721572986916375e+00 2.847805357134028714e+00 2.891567839811449048e+00 2.962697979545529048e+00 3.003961957487912837e+00 3.096952570107468716e+00 3.141348350462789263e+00 3.217272969937610583e+00 3.310170180342133950e+00 3.383415337185536220e+00 3.424394603940365212e+00 3.523604962149108122e+00 3.535867927249872089e+00 3.586107890086006833e+00 3.694713680766885222e+00 3.742816874584440789e+00 3.800680139511262379e+00 3.849992847842778065e+00 4.127729057205550056e+00 4.271305436108831621e+00 4.413919062840485630e+00 4.499195157814627422e+00 4.737242476459490703e+00 5.108467688664935835e+00 5.173881726673937642e+00 5.283368713512500037e+00 5.461853946907209156e+00 5.544508700479979346e+00 5.679311126592866188e+00 5.754071021610185355e+00 5.824887236220034126e+00 5.877556267313053695e+00 5.990624525398642319e+00 6.060626311903503094e+00 6.181246933488504069e+00 6.301868415847577509e+00 6.393339754316775370e+00 6.736343780760424060e+00 6.779331118854578619e+00 6.857333611266374973e+00 6.948104662052955405e+00 7.020920769781140436e+00 7.126640404670004258e+00 7.202974253714878650e+00 7.315866286634392424e+00 7.538658060625682111e+00 7.616098609831595923e+00 7.876939487828654052e+00 7.926138582878047956e+00 8.124550380843921005e+00 8.206261104067227308e+00 8.495517854533181534e+00 8.629203058889993727e+00 8.864470547376743781e+00 8.912891948192065428e+00 9.191561213033903499e+00 9.433443162836177009e+00 9.551395944812247407e+00 9.775243814149428445e+00 1.003383808565025603e+01 1.021297678381337626e+01 1.026945721140383405e+01 1.045281285209139632e+01 1.060264030870355789e+01 1.077359276280617273e+01 1.082988936238302635e+01 1.108325884843549503e+01 1.111582535769509761e+01 1.124851407919806157e+01 1.139594237250959097e+01 1.166673402631946566e+01 1.180820317204257819e+01 1.183903710940981213e+01 1.207414031190785941e+01 1.243294216513277384e+01 1.253554521513133935e+01 1.259041534481591107e+01 1.264749342181115388e+01 1.282027257435145096e+01 1.288392131920785744e+01 1.302502930599076869e+01 1.308459831885797797e+01 1.321802481943456087e+01 1.333811348915998174e+01 1.349782327848930308e+01 1.353404534495846967e+01 1.369023104176387484e+01 1.369650050023878762e+01 1.387261751955633571e+01 1.391503534879639226e+01 1.402918266653226631e+01 1.417753567348099075e+01 1.419345910382399545e+01 1.424375110382696796e+01 1.437990958921910156e+01 1.440949259215250500e+01 1.451554114030581388e+01 1.472059334676777631e+01 1.487451048537845999e+01 1.495469468006890779e+01 1.499495083869620160e+01 1.508314524944858803e+01 1.516440466342270099e+01 1.526666695823781339e+01 1.555347249057921033e+01 1.561782882632508773e+01 1.563543113157296993e+01 1.573984090120678836e+01 1.579660805252844291e+01 1.588152423202343400e+01 1.605159363824085617e+01 1.614992425330491344e+01 1.617821026163264619e+01 1.630220363477977585e+01 1.641184247220555648e+01 1.678108400786604903e+01 1.717709719661299417e+01 1.723724079064496451e+01 1.782979659083204282e+01 1.801211364101123280e+01 1.895002078710483673e+01 1.907875510884123926e+01 1.932343832023561347e+01 1.951536501541364643e+01 2.002706328535935043e+01 2.048593851801544830e+01 2.063182057185618490e+01 2.072613680280764825e+01 2.088356026685951505e+01 2.102362709525829132e+01 2.125822922337129128e+01 2.140262543631556369e+01 2.196015424824533113e+01 2.205846798248989771e+01 2.224917454596280209e+01 2.238642483112920445e+01
2.239297269663927281e+00 2.306846714630717443e+00 2.452065817380085999e+00 2.550052749735408852e+00 2.551025881214743940e+00 2.613117956270985420e+00 2.681234824432161989e+00 2.740657947717047183e+00 2.822742422095265269e+00 2.865648862021206611e+00 2.922346876554811956e+00 2.963888225980453317e+00 3.057160086336111693e+00 3.109791920193237580e+00 3.162531695642283758e+00 3.218331971815919790e+00 3.314662636927674377e+00 3.383231170970900425e+00 3.479135297156302542e+00 3.507696432473146775e+00 3.579431638928686876e+00 3.593819576053014053e+00 3.727021682420149862e+00 3.780629559243617877e+00 3.854873840370661942e+00 3.883800496742950692e+00 4.109037157256125283e+00 4.394082379538620131e+00 4.494614327457776781e+00 4.563182855850946851e+00 4.722883148248320673e+00 5.137250118441166080e+00 5.154741330783319420e+00 5.266343472309978679e+00 5.434096633932112397e+00 5.541563490573963691e+00 5.645289473489691900e+00 5.715137827573566476e+00 5.781916116100521918e+00 5.867472162954125103e+00 5.989636787413353147e+00 6.028464134051754186e+00 6.093056597350241077e+00 6.223659509331840312e+00 6.376661383400795913e+00 6.701129141342810236e+00 6.754936269082767453e+00 6.802525628616688635e+00 6.937957352922071941e+00 6.958217827324369331e+00 7.120087033305090074e+00 7.164617450663608444e+00 7.331610516674088807e+00 7.506976900676607833e+00 7.606555657268100568e+00 7.842364198660931152e+00 7.915505644596403378e+00 8.120202144820552803e+00 8.238758092345713990e+00 8.556460202269141391e+00 8.716007333585796601e+00 8.862430889910589471e+00 8.894324285594727542e+00 9.183847997207703173e+00 9.421857661663789685e+00 9.567393402782444767e+00 9.733510193063962035e+00 1.000992860449970934e+01 1.017397480608162219e+01 1.025152287548698382e+01 1.045136912609412327e+01 1.053001410139228788e+01 1.074502695964120136e+01 1.079656364956758452e+01 1.104887244031479732e+01 1.108055314654108869e+01 1.124254699356320408e+01 1.129539833913533897e+01 1.160841082322244588e+01 1.174114795803600231e+01 1.183550671880308691e+01 1.204403935136452475e+01 1.232404123884009906e+01 1.241999683766447049e+01 1.250075218244968589e+01 1.254342006482309380e+01 1.267041123211777709e+01 1.271073374362555519e+01 1.296881041186336070e+01 1.303797377343106767e+01 1.316204009913093564e+01 1.325623481651220104e+01 1.343848907385109293e+01 1.347147836520355391e+01 1.366657282728565370e+01 1.376302529753146153e+01 1.390825370521213600e+01 1.396075208746515983e+01 1.405790179828663611e+01 1.417164813985436922e+01 1.423437952354487557e+01 1.427305974287578749e+01 1.439248078866800462e+01 1.449448414266071161e+01 1.461509043736212199e+01 1.481692506424904821e+01 1.491297975828053879e+01 1.501487650243584326e+01 1.507740838230209235e+01 1.516549059044112546e+01 1.521435113984353293e+01 1.531828181211873563e+01 1.558101702436534453e+01 1.561796213945816447e+01 1.567173351831877781e+01 1.579069622161946995e+01 1.589390675824948040e+01 1.594054060679313700e+01 1.607824854418565863e+01 1.621942485588253291e+01 1.622383977652490472e+01 1.635067780545157134e+01 1.648824278095775142e+01 1.684833231901939854e+01 1.718789450059924562e+01 1.729115833942170610e+01 1.786941227507231389e+01 1.805592265954537012e+01 1.895646623195718306e+01 1.910795564599577645e+01 1.932023752502581715e+01 1.947364668321902670e+01 2.010946170747062567e+01 2.045809871998639551e+01 2.060162611401582922e+01 2.069225157833554007e+01 2.091232774256862825e+01 2.103476591979876176e+01 2.121225612043207320e+01 2.143430016217014966e+01 2.195517296331972545e+01 2.209499552245441834e+01 2.226584099345911483e+01 2.238392057875396901e+01
2.281464066434932825e+00 2.350199013241346613e+00 2.506056095879652723e+00 2.545498171236033169e+00 2.575066270091895593e+00 2.646455117726103534e+00 2.709464204698805112e+00 2.764574779178963659e+00 2.823960490927791334e+00 2.906433640744565228e+00 2.965618287987690227e+00 2.987883907300258546e+00 3.117138506737194170e+00 3.133722435888723901e+00 3.174112796568523631e+00 3.224599872032885006e+00 3.297615249110623203e+00 3.415870518148614199e+00 3.486860863504510633e+00 3.509160270531924919e+00 3.612741134453239411e+00 3.668260002228453498e+00 3.770494945939506515e+00 3.819049189272316625e+00 3.865919472916856225e+00 3.992906297748815891e+00 4.096202036087606579e+00 4.506814789651919284e+00 4.577811005090537400e+00 4.594936861123672500e+00 4.728112723436757925e+00 5.073122817240315996e+00 5.144428523580837798e+00 5.268315034547544684e+00 5.436774063226275544e+00 5.528709262381853229e+00 5.597002512153996356e+00 5.660783523714446375e+00 5.751457314600051163e+00 5.861692308852934907e+00 5.950088765339849317e+00 5.983440672901665813e+00 6.052368962887147319e+00 6.149430326504742972e+00 6.361905656190320890e+00 6.654694520570978433e+00 6.729916155017242829e+00 6.755010656028418659e+00 6.896183063247641520e+00 6.939353807897513882e+00 7.099040905398751988e+00 7.136149863594307696e+00 7.348421808053842597e+00 7.472581643709784949e+00 7.602334727884710652e+00 7.810144265357145343e+00 7.903932878219441349e+00 8.099577019241110065e+00 8.269194067384113112e+00 8.610440871279438468e+00 8.771226065726953181e+00 8.840498397483891324e+00 8.914113463483797517e+00 9.198414927573493216e+00 9.371437629454348439e+00 9.573707675971899533e+00 9.688165616245539624e+00 9.978479393851310775e+00 1.012828763675001653e+01 1.022164945779172385e+01 1.038336331439425031e+01 1.047537790649680645e+01 1.069979505996787594e+01 1.077729489218150150e+01 1.099576465626678434e+01 1.106554048464704465e+01 1.117507620715890937e+01 1.123774110680119342e+01 1.153571882461290166e+01 1.166082570724000789e+01 1.182111074421192143e+01 1.197745755503449416e+01 1.217629497787988058e+01 1.233588407547801680e+01 1.236319538854707289e+01 1.243452621790690671e+01 1.253837880846508845e+01 1.256783237953475840e+01 1.286141902864393494e+01 1.297791211208533646e+01 1.307095345093116734e+01 1.324240904385120565e+01 1.332402083255377789e+01 1.340958322385340828e+01 1.365069325206345852e+01 1.378994015115325134e+01 1.391311804130199725e+01 1.402735119680346543e+01 1.411265453149179905e+01 1.417123705956897872e+01 1.423983882354342434e+01 1.431494661310028071e+01 1.446129727207770266e+01 1.458662634281499315e+01 1.471331266180734509e+01 1.486147038783849261e+01 1.497796160359960105e+01 1.508708037703394922e+01 1.517041529111438258e+01 1.522418328974426238e+01 1.530867386191872548e+01 1.538673869756618195e+01 1.560888925300433527e+01 1.561650736857950683e+01 1.573757329025584006e+01 1.584572336781165092e+01 1.598552587064132702e+01 1.600483867195211474e+01 1.611442180142487146e+01 1.628135586676179969e+01 1.631142519659218237e+01 1.641726974169648656e+01 1.657172015792842501e+01 1.692549339286524557e+01 1.720154632049976229e+01 1.735803865698902726e+01 1.791714676963145081e+01 1.810763606247067514e+01 1.897031824661390687e+01 1.914006277019777968e+01 1.930198523674536304e+01 1.946126681911435341e+01 2.018476040441320762e+01 2.042196498774495339e+01 2.056198711412567093e+01 2.065088424830353730e+01 2.092478220263184596e+01 2.102494108730746092e+01 2.118248309333655754e+01 2.147322021525367575e+01 2.195326287821500699e+01 2.207402248908535469e+01 2.229078861103836573e+01 2.242759311975248337e+01
2.264020699281070748e+00 2.362651977653943636e+00 2.468027367115736670e+00 2.552316542435186353e+00 2.587959174687911812e+00 2.643776680197221118e+00 2.721373256316338196e+00 2.806603596825412605e+00 2.824013002359738511e+00 2.945916998828690403e+00 2.990597977034323840e+00 3.032685475080087123e+00 3.150864709144713949e+00 3.181814212360665195e+00 3.195117783623468100e+00 3.235522555444868331e+00 3.303851815406448900e+00 3.429481111674679727e+00 3.479547137008751623e+00 3.520752747220861067e+00 3.651511704923619206e+00 3.755628352795076896e+00 3.819853674779185138e+00 3.850850641520144002e+00 3.894192744658599548e+00 4.089988675120594941e+00 4.123865829625544599e+00 4.502220271500386950e+00 4.614737377125443629e+00 4.674047948392693108e+00 4.795109907224048840e+00 4.987504466664968383e+00 5.063080749971287986e+00 5.291700378427163010e+00 5.433320423137813826e+00 5.503456778617258571e+00 5.554234056428237309e+00 5.600015403630615118e+00 5.744578052846147642e+00 5.831658328055471685e+00 5.862466394863237618e+00 5.953546713246703703e+00 6.068505094923454024e+00 6.098679497516946491e+00 6.351082292477826741e+00 6.606214904195306659e+00 6.682705946733928926e+00 6.744227022258270310e+00 6.844346949885959042e+00 6.939429129018432008e+00 7.061404432576257051e+00 7.129582707418904874e+00 7.365236740249341274e+00 7.436820739287539617e+00 7.602581235273071059e+00 7.783582559268078072e+00 7.889500579965275762e+00 8.072040473344648248e+00 8.292069462336261410e+00 8.647331199444787231e+00 8.703384909811990866e+00 8.921081078963121413e+00 8.951914377512675713e+00 9.207137966460392065e+00 9.288801428740734778e+00 9.557285494156303685e+00 9.631371952878042819e+00 9.929121019751795174e+00 1.007868258640279002e+01 1.018017418199707613e+01 1.030851502427861988e+01 1.039713711380889194e+01 1.067531083674881920e+01 1.072187974145879785e+01 1.094130073474760856e+01 1.105219365491576688e+01 1.106394442985834381e+01 1.121786633769576014e+01 1.144958798517364507e+01 1.157212267666147731e+01 1.177142760868202664e+01 1.187310740953913069e+01 1.202799465701594883e+01 1.222194726139466781e+01 1.224381805499895037e+01 1.229822660807749024e+01 1.240911940309164763e+01 1.248899129079576298e+01 1.273365841489643024e+01 1.291012483480855622e+01 1.299995007566657179e+01 1.317883814130540010e+01 1.322286805071512994e+01 1.337020592245590045e+01 1.364658525766987118e+01 1.379252315910710003e+01 1.386047504741418024e+01 1.412991101748180078e+01 1.416714128650026439e+01 1.418585071049241186e+01 1.425773873551026227e+01 1.435656008027884667e+01 1.454710831424724127e+01 1.467704772087169118e+01 1.479283694829496554e+01 1.488042205455803924e+01 1.505729660854713003e+01 1.513657362294867603e+01 1.526125977147966672e+01 1.532565193431162598e+01 1.540280829214852609e+01 1.545273065308287563e+01 1.560824323907306521e+01 1.566948426199954447e+01 1.581185085593354067e+01 1.589913148292637324e+01 1.606872887183065401e+01 1.607238443164143504e+01 1.615841683984895383e+01 1.634915494800422664e+01 1.641923842500997566e+01 1.650117050643964234e+01 1.666116331729725175e+01 1.700832544985218320e+01 1.721895320877798241e+01 1.743482562706548578e+01 1.797016451108767043e+01 1.816349228085628198e+01 1.898903178201661746e+01 1.917644795539511193e+01 1.928170988677540620e+01 1.946396743172152810e+01 2.024080850278786059e+01 2.037687148389824188e+01 2.051674594649902161e+01 2.060283751260201512e+01 2.088750828360174339e+01 2.104050557270779720e+01 2.115006390295880223e+01 2.150632883043169841e+01 2.194396983073013985e+01 2.201297139147710169e+01 2.234344249906986235e+01 2.249491261264286024e+01
2.206162617376084434e+00 2.322511420484297595e+00 2.414345239439459778e+00 2.515428767559486634e+00 2.558377150497712638e+00 2.618270664359704458e+00 2.739301147879106502e+00 2.796397369290317236e+00 2.874167862357940084e+00 2.948577432716203983e+00 3.024278182303390405e+00 3.055234186495513260e+00 3.169557492862405290e+00 3.213708643287093825e+00 3.240939238011788515e+00 3.270266338809399098e+00 3.320277087967456797e+00 3.418198078526649031e+00 3.484623167366648122e+00 3.527875366348406150e+00 3.685962090402371771e+00 3.803414124404630225e+00 3.850373938501587823e+00 3.902598594955376310e+00 3.959990784284225018e+00 4.085990621966770320e+00 4.259221812569668586e+00 4.393949121034940397e+00 4.674074091401858588e+00 4.737337442260849407e+00 4.851488198274787500e+00 4.897591321653638197e+00 4.978554265992415573e+00 5.267185039634938448e+00 5.389524141498269749e+00 5.477772105546264036e+00 5.538807650102427260e+00 5.554015872386734110e+00 5.705989332004584469e+00 5.749464371604696034e+00 5.837226721756086256e+00 5.962153657397024631e+00 6.043985738919301909e+00 6.112156101106994477e+00 6.349043654867643660e+00 6.564552838548210367e+00 6.636845957318456612e+00 6.749955998420530179e+00 6.801259040187609628e+00 6.932214499927635387e+00 7.040027984623004720e+00 7.130402340421952978e+00 7.381936196846878850e+00 7.400593361898464728e+00 7.605980823466342855e+00 7.763693123394039830e+00 7.869708712270568896e+00 8.043636241933176834e+00 8.305748033036570277e+00 8.579310720959540504e+00 8.711934499564554457e+00 8.971695921281286346e+00 9.014756295518203899e+00 9.152419043583956082e+00 9.230596734278590176e+00 9.511732726743389321e+00 9.545395269762005697e+00 9.853142612618569274e+00 1.002654758967820747e+01 1.014513182746117437e+01 1.024131014718863497e+01 1.030647411640271649e+01 1.060267197975706210e+01 1.067386056141049089e+01 1.088560659900853267e+01 1.094545505155409337e+01 1.105915818905345205e+01 1.118548997226232977e+01 1.130850013592778858e+01 1.149837680912393445e+01 1.165703563432522039e+01 1.178508745390871404e+01 1.190565032460319372e+01 1.202933995871130257e+01 1.213761605194386206e+01 1.218765777022187002e+01 1.230943402687151789e+01 1.242672576044953736e+01 1.260533216116407651e+01 1.283780359901225054e+01 1.293830984158030084e+01 1.309317786146990414e+01 1.313240147304369998e+01 1.336152610358678849e+01 1.364130260687957019e+01 1.378063544042026578e+01 1.382363646824112102e+01 1.418073254509037362e+01 1.420702231862165199e+01 1.423003066570281661e+01 1.432033243463698646e+01 1.440027391883345764e+01 1.461865259053250021e+01 1.475742140481203535e+01 1.483119421002431260e+01 1.492949828564257864e+01 1.510865944431399122e+01 1.520783979049654100e+01 1.533356112300379692e+01 1.543056701437562062e+01 1.550428189602591722e+01 1.551385413934931456e+01 1.561715263388317965e+01 1.574652055803693962e+01 1.588708048500429193e+01 1.594992999928656197e+01 1.613484315770741162e+01 1.615304572219590540e+01 1.621002622998697618e+01 1.641726010767427724e+01 1.652902345593611955e+01 1.660411982526509078e+01 1.675746119211041574e+01 1.709245925933238652e+01 1.724193671099854086e+01 1.752028563252851967e+01 1.802505289781989717e+01 1.821934351943490071e+01 1.900784044127013672e+01 1.921523614605882102e+01 1.927370331784948121e+01 1.946790989179509168e+01 2.024034357087457181e+01 2.033953212801289467e+01 2.046678004379765170e+01 2.055774686018063591e+01 2.082412596432422092e+01 2.107422158616301999e+01 2.109000696861196289e+01 2.151455102933156027e+01 2.186548684726675518e+01 2.202625056461600650e+01 2.240133423929196255e+01 2.257222177238767458e+01
2.122745668384315998e+00 2.237935207719983666e+00 2.336328087659427233e+00 2.423472336437356489e+00 2.520859908709058406e+00 2.592804090288522545e+00 2.724638023394204023e+00 2.791279843818479822e+00 2.903181058241386836e+00 2.935437751669772055e+00 3.051429138075457903e+00 3.058491397802491019e+00 3.181300882678872455e+00 3.229132823116268369e+00 3.274874184185259107e+00 3.310560188040247986e+00 3.342505471405318396e+00 3.404683329200922426e+00 3.476550086756390101e+00 3.548685141765020479e+00 3.693190910907416580e+00 3.817866387873191325e+00 3.871177398226293143e+00 3.959676472114617596e+00 4.030605240976004922e+00 4.077853359906778330e+00 4.259041736251543142e+00 4.396014537728484051e+00 4.697976810438841078e+00 4.710949340818983089e+00 4.836050652782370562e+00 4.861380421849167632e+00 4.939428819183977026e+00 5.195898689170232565e+00 5.333307722155259611e+00 5.449029031580432836e+00 5.492563786756448962e+00 5.543815935823011465e+00 5.600825138752540511e+00 5.760076444691988762e+00 5.802984271184834952e+00 5.947639392591914209e+00 6.074407804371112718e+00 6.116879512291435894e+00 6.364155260392299063e+00 6.535735687742035616e+00 6.601166565234834138e+00 6.755476386606086514e+00 6.772465685502701227e+00 6.920212564968107216e+00 7.050450492324475071e+00 7.137177131115003625e+00 7.364510422453269811e+00 7.398413325487473102e+00 7.610695139180569946e+00 7.749690770483423918e+00 7.843520381970458644e+00 8.017097149471068107e+00 8.308779752402072560e+00 8.478406193757960452e+00 8.730213783547958073e+00 8.965774747779594378e+00 9.020788560842596837e+00 9.121712138080418697e+00 9.192915247160181380e+00 9.401969406617899594e+00 9.465248612764744607e+00 9.755216106443198143e+00 9.969007473070599090e+00 1.012577911397241515e+01 1.015880863339840978e+01 1.022703694096929361e+01 1.047428587644529685e+01 1.064385916626556217e+01 1.081876669814712422e+01 1.086213165734974773e+01 1.104556714964874153e+01 1.106932176545574897e+01 1.119868110082473400e+01 1.139386851179024518e+01 1.154327646918886252e+01 1.169205556383385769e+01 1.180712335529461221e+01 1.182749399401800972e+01 1.203568397014877966e+01 1.205928683531439738e+01 1.226486294108118713e+01 1.234790968304905512e+01 1.248407915065418550e+01 1.275885891232882585e+01 1.288151389339027197e+01 1.299317585836580591e+01 1.307844659721443570e+01 1.336613543848640262e+01 1.363896397788724002e+01 1.373589365960827990e+01 1.383707006871553347e+01 1.417895223471439081e+01 1.423878438633830790e+01 1.430822949454882753e+01 1.436686484848075906e+01 1.447750121907599308e+01 1.466437635830407515e+01 1.480306001655056569e+01 1.486649517535668963e+01 1.500248413686756699e+01 1.514736218684836189e+01 1.529056974719179962e+01 1.538490792630828530e+01 1.551356368990515833e+01 1.556071820967510888e+01 1.562908733003241046e+01 1.564002338000363501e+01 1.584280161722544200e+01 1.595932387448741174e+01 1.600374330360642006e+01 1.618976125293599111e+01 1.624015437170638876e+01 1.627292638546587966e+01 1.647700710065318219e+01 1.662664199148120048e+01 1.672237527267250101e+01 1.686083952370334771e+01 1.717367746574121057e+01 1.727412997131586891e+01 1.761465897528209723e+01 1.807904735469477941e+01 1.827185948887619560e+01 1.901863441054179305e+01 1.923789981112658509e+01 1.929684933418801052e+01 1.946806176864147631e+01 2.015974655892782863e+01 2.031299195858408879e+01 2.040144374838232366e+01 2.054026400940661645e+01 2.075783832504717097e+01 2.096994230432596851e+01 2.111120350297358428e+01 2.148904461402796784e+01 2.179219881049707652e+01 2.208136197802711465e+01 2.245622395346342870e+01 2.265250873858873604e+01
2.014103048092892312e+00 2.131200631373655785e+00 2.227817206272204587e+00 2.310699880096383829e+00 2.459073116332554765e+00 2.563799165036919181e+00 2.676229232416226012e+00 2.789131795768694744e+00 2.875319353567441283e+00 2.944015222119131359e+00 3.046840475596809483e+00 3.070960474455601830e+00 3.177014064427951201e+00 3.223965517996394858e+00 3.280143693951057760e+00 3.311666114151051943e+00 3.389786760223870044e+00 3.407261942254800502e+00 3.459236524996371909e+00 3.575105698408871824e+00 3.675750339830433422e+00 3.818213114508311801e+00 3.888835163123685046e+00 3.928420717206816182e+00 4.056310694477025081e+00 4.092796352826205464e+00 4.174873890856908965e+00 4.468397709766303016e+00 4.639189683227095351e+00 4.686280150328535399e+00 4.795529518722899454e+00 4.839814502943514007e+00 4.899762089962252709e+00 5.149877491173985078e+00 5.273218541324876441e+00 5.354553370656788935e+00 5.456031343768981579e+00 5.489565608709914279e+00 5.577481717979230424e+00 5.770677718443763204e+00 5.782676419573793858e+00 5.911555284639658403e+00 6.103371537079550713e+00 6.137413230576960643e+00 6.393432509665844421e+00 6.523928219310677790e+00 6.581875705579988356e+00 6.716737487388759753e+00 6.791054503196871650e+00 6.925934904375640855e+00 7.080081416344446765e+00 7.154107566896347414e+00 7.330697934731789545e+00 7.411909844277070114e+00 7.615563972694321393e+00 7.739296447461393669e+00 7.812467777617199793e+00 7.990972874895345690e+00 8.297165825311362042e+00 8.379003387661699165e+00 8.712162605895466427e+00 8.827363504524305071e+00 9.046770952727898774e+00 9.112265898817582865e+00 9.150363472378941765e+00 9.251189535575781164e+00 9.412829929045354760e+00 9.649496329246398219e+00 9.898484558934075750e+00 1.002774693152774788e+01 1.013547495894111705e+01 1.015852161197899584e+01 1.034201662253498277e+01 1.060200795618972691e+01 1.073628956623740294e+01 1.079819580538977419e+01 1.086456778837567505e+01 1.100666568823558933e+01 1.115916920508723642e+01 1.125362236835398555e+01 1.143643661611714180e+01 1.155716404100571992e+01 1.163872373927807580e+01 1.177096649626566460e+01 1.193028386247468653e+01 1.195704850932596663e+01 1.220495118515948541e+01 1.226565731474544840e+01 1.237841057807803224e+01 1.267739153655276318e+01 1.282129823756599230e+01 1.290864659790523916e+01 1.303706121295675224e+01 1.336816199444207776e+01 1.364357359873525866e+01 1.370453776487715203e+01 1.385882599890358513e+01 1.417757696184301786e+01 1.426024492876852001e+01 1.435767303711074483e+01 1.440223677581555251e+01 1.457999531286262496e+01 1.468929186684064803e+01 1.480687553404196422e+01 1.493251843805412626e+01 1.507122502680534026e+01 1.518568118837759151e+01 1.536449548687577860e+01 1.542783207653678801e+01 1.557355505946748053e+01 1.560846617659252722e+01 1.567853578309355633e+01 1.575680113732406618e+01 1.593802764839455222e+01 1.603278686584628332e+01 1.606870802846858126e+01 1.623512505487378021e+01 1.632538113486184983e+01 1.635647962490411800e+01 1.652570749124965843e+01 1.671330563622714038e+01 1.683715125098973076e+01 1.696912427039084648e+01 1.724894508164702955e+01 1.732053515102044017e+01 1.771784349002717107e+01 1.813128061554834858e+01 1.831967683982823303e+01 1.900764298534126695e+01 1.923383229337679623e+01 1.934982597216093936e+01 1.946477340438994119e+01 2.004057720352266614e+01 2.025361444998641858e+01 2.032925571860550562e+01 2.054739572985615581e+01 2.068514758199835057e+01 2.077740103201834643e+01 2.114211327974797783e+01 2.145461688432102676e+01 2.175672253962267888e+01 2.215351088183108175e+01 2.250779077140602524e+01 2.273139626818586123e+01
1.879702261964997456e+00 1.999618691385082858e+00 2.102501073535805620e+00 2.196417372181850958e+00 2.370826364876857717e+00 2.522532874724110030e+00 2.611065975976218922e+00 2.765793565492063344e+00 2.828514789759918102e+00 2.945509708951444594e+00 3.029830385005080728e+00 3.066741102241749672e+00 3.149390193134253391e+00 3.195894563046423276e+00 3.264821823403527112e+00 3.299782557504020275e+00 3.392434615723638913e+00 3.430036312461663517e+00 3.462773983936146216e+00 3.594040273081271053e+00 3.641717493934653938e+00 3.775579555758669770e+00 3.840058867532618603e+00 3.900322841413145891e+00 3.999327428367027704e+00 4.103585253487025852e+00 4.165581572290203205e+00 4.428621282674682469e+00 4.597381368834006388e+00 4.650844691743280634e+00 4.778724649573171668e+00 4.791611885851309260e+00 4.871077962761508395e+00 5.117251149407605837e+00 5.170415068939065328e+00 5.300456074734738010e+00 5.381362712281283933e+00 5.426456595360975577e+00 5.592330809018617011e+00 5.740063161405479342e+00 5.809547252045557109e+00 5.868985774428521651e+00 6.099715027154489988e+00 6.192893177713287400e+00 6.411873066893796214e+00 6.531493484673497107e+00 6.590706571331890196e+00 6.671189424261574352e+00 6.823311198170154412e+00 6.952156642669487852e+00 7.108296908690584281e+00 7.188254052278083783e+00 7.301377109119140840e+00 7.418908313629106743e+00 7.620294624162914587e+00 7.729145974656738360e+00 7.779565644498599220e+00 7.960957399791508848e+00 8.250421879302194839e+00 8.301721630863916346e+00 8.633208091774889681e+00 8.675811925917873424e+00 9.002825723994366314e+00 9.016012361544602172e+00 9.116260287204429602e+00 9.157565495603408934e+00 9.392123500772889599e+00 9.549598235961445525e+00 9.791288164505274949e+00 9.910755487168842137e+00 1.006548917797651654e+01 1.014191072407623651e+01 1.022348624548772378e+01 1.054569837162054924e+01 1.063100604893510059e+01 1.068008184887442980e+01 1.075530529234926647e+01 1.089621009778328897e+01 1.107530701278736096e+01 1.116525492408267439e+01 1.129722880685460140e+01 1.142249024541345115e+01 1.155800548910961467e+01 1.171703629652304279e+01 1.182090022712490551e+01 1.188908401674177817e+01 1.208598592228925028e+01 1.219904886408354017e+01 1.230157839533480946e+01 1.258786366052230932e+01 1.276514878179012058e+01 1.284723144342632750e+01 1.298648153670159466e+01 1.335068193105220402e+01 1.365035465325135000e+01 1.370110950962052954e+01 1.387878046824506661e+01 1.417275340685456797e+01 1.427146123638994624e+01 1.437634544418637184e+01 1.444064655568075750e+01 1.467326423144891834e+01 1.470649401104726017e+01 1.481117824988155718e+01 1.499869439532472448e+01 1.512446645278684976e+01 1.523047777315959905e+01 1.542141774026326217e+01 1.546424781979463248e+01 1.561695724507318772e+01 1.565242827784121182e+01 1.575274062328081648e+01 1.586325804879815315e+01 1.601438004638104218e+01 1.611958776424284423e+01 1.614064234786173202e+01 1.627901500910954979e+01 1.639636824485223698e+01 1.646827941153318520e+01 1.656912698753036395e+01 1.679129777626035036e+01 1.693532524680523466e+01 1.707635838493199287e+01 1.731894808712817024e+01 1.738390960449791223e+01 1.782668412315648254e+01 1.818278671134641655e+01 1.836359948644142648e+01 1.894796198122270070e+01 1.920572344853383839e+01 1.940724239131471762e+01 1.946026858451978114e+01 1.990735552614887993e+01 2.016027329103319232e+01 2.027050219373240125e+01 2.047556569165394791e+01 2.055937592082638687e+01 2.065979092011577478e+01 2.116361940333687741e+01 2.143614374225703756e+01 2.174844264396621440e+01 2.223175437964348689e+01 2.255792547988163932e+01 2.280713626875661149e+01
1.725103904411663835e+00 1.834255254199382179e+00 1.965418269237506621e+00 2.099152571774068221e+00 2.257947968102399727e+00 2.461082020987447549e+00 2.538588482804213342e+00 2.704999551491067855e+00 2.780023863615254776e+00 2.930715005899175107e+00 2.999618833993618949e+00 3.020076610522822058e+00 3.110220508562552055e+00 3.160537605128789007e+00 3.234260274262749757e+00 3.263565565056919748e+00 3.383202375669180029e+00 3.418238897779202201e+00 3.475154682954324947e+00 3.580770538253107205e+00 3.609513954412472803e+00 3.693209774108839660e+00 3.812584785710999125e+00 3.854961387901508552e+00 3.958108896266170351e+00 4.048133142656466177e+00 4.159634256341147918e+00 4.353220948177599858e+00 4.478953548294711595e+00 4.622547228984964285e+00 4.752722877978052374e+00 4.826523761529530887e+00 4.844177752856982266e+00 4.990925721595989017e+00 5.126645774326704874e+00 5.240016579041029132e+00 5.302099248648595164e+00 5.402304551135094890e+00 5.612081644719669526e+00 5.705683550722421060e+00 5.799469496581203920e+00 5.852320013761764805e+00 6.105221404882408720e+00 6.245483233120409317e+00 6.411736094070354497e+00 6.537261291028905852e+00 6.608980715169247233e+00 6.668365343147528712e+00 6.862762799159832561e+00 6.984935069433255705e+00 7.125503173097619936e+00 7.230523585792823837e+00 7.283309762761684958e+00 7.416020521117245856e+00 7.623397118600410138e+00 7.711770376962362228e+00 7.751239270131298653e+00 7.922765639339385935e+00 8.162199893846720400e+00 8.246721468816202716e+00 8.490655423108332656e+00 8.537373599000090962e+00 8.821778201344985249e+00 8.938794958616357533e+00 9.061547703115856223e+00 9.129469495863094863e+00 9.379480384767170165e+00 9.466613583387950115e+00 9.638853488095096012e+00 9.817992198306237484e+00 9.961207770713114584e+00 1.009522155204316896e+01 1.014656435459276551e+01 1.046168599738075145e+01 1.049176652412805488e+01 1.058016002520566623e+01 1.070333606505446866e+01 1.074455573537133368e+01 1.091672697172041318e+01 1.112930643584309998e+01 1.121253350738145294e+01 1.133427335064807728e+01 1.148252889036804092e+01 1.165034583302277227e+01 1.172774336840707576e+01 1.183828456540891594e+01 1.195842993462055581e+01 1.211074544997785551e+01 1.224245937864417755e+01 1.250470181220699395e+01 1.269953414638658984e+01 1.280158542964901258e+01 1.292380032560950198e+01 1.331262932097224194e+01 1.364762155589594528e+01 1.372214969007267094e+01 1.389289882064957737e+01 1.416160002087232961e+01 1.426836445226456007e+01 1.438476823000218019e+01 1.445906421021734900e+01 1.468759660625473806e+01 1.477986328755623191e+01 1.482672555237284762e+01 1.506043293173867603e+01 1.516233923483295243e+01 1.528266199793115021e+01 1.546438259133751103e+01 1.548971589745855937e+01 1.564586618860793621e+01 1.570690729603869507e+01 1.583889302893559758e+01 1.593938539058030202e+01 1.608691223353379129e+01 1.619757043628269955e+01 1.621259878172421054e+01 1.633611441865070546e+01 1.645130942444298228e+01 1.659775607199674852e+01 1.662307162425936724e+01 1.686126493176419316e+01 1.701603434777400281e+01 1.717445495425479507e+01 1.738953264659303244e+01 1.745934036312457849e+01 1.793259873880590760e+01 1.823286061622033927e+01 1.840478863935548759e+01 1.879296928066914418e+01 1.915233575647257069e+01 1.944571667332539278e+01 1.945642490048573592e+01 1.978680011607737654e+01 2.006003466886256348e+01 2.020357687540854030e+01 2.023441745705516936e+01 2.054912843243975828e+01 2.061294478852953205e+01 2.117360289966529052e+01 2.142981190038090489e+01 2.176138830318239670e+01 2.230703570524676849e+01 2.260855978247856868e+01 2.288072333826272953e+01
1.556529110872632460e+00 1.644389023350025569e+00 1.816491546857947004e+00 2.019647821039258329e+00 2.125876672884532859e+00 2.370742237470120362e+00 2.465407188902006830e+00 2.618627510973952077e+00 2.704469875749212271e+00 2.884727288925793331e+00 2.942336146119455265e+00 2.957168053387031037e+00 3.050350339970539171e+00 3.127976331008170074e+00 3.180006212160177093e+00 3.223511977929493622e+00 3.351554400761019181e+00 3.401637279437038419e+00 3.439786222086123946e+00 3.570321035189005343e+00 3.594768106246831518e+00 3.649931469601578105e+00 3.750814017618322893e+00 3.793922043775861841e+00 3.951874628526240496e+00 3.971251326633709944e+00 4.097874268408066456e+00 4.284720956708798489e+00 4.344018555286450756e+00 4.607970177247269206e+00 4.727292869719064150e+00 4.799027148125779796e+00 4.821094873875585662e+00 4.878812832330118532e+00 5.079348126666167751e+00 5.151749630057592455e+00 5.293558162606242234e+00 5.399615686350972332e+00 5.599955316186255416e+00 5.698327270656244004e+00 5.747246501761151372e+00 5.871588060718336166e+00 6.110767994985600637e+00 6.286034660259693041e+00 6.418120921700193549e+00 6.501371722936907460e+00 6.651685001267776620e+00 6.710006833270607984e+00 6.905116766540237982e+00 7.012320426518266814e+00 7.131092164755306051e+00 7.244650775440717894e+00 7.297193301096617013e+00 7.402365547187534034e+00 7.620742096259019327e+00 7.675273913687148841e+00 7.737482059830789183e+00 7.873061348906152723e+00 8.070068174210941692e+00 8.165010830702577493e+00 8.340325178990434907e+00 8.413432616933206987e+00 8.637456714896320165e+00 8.842219136696080284e+00 8.976691739034290407e+00 9.090393645651372978e+00 9.333258297043164120e+00 9.402943579678616715e+00 9.491471958823199273e+00 9.732445796254991066e+00 9.837303659367437447e+00 1.000612824244202770e+01 1.009776805395559940e+01 1.030208857473068029e+01 1.039159256291327615e+01 1.050540227224240297e+01 1.062944298495887452e+01 1.065786965315011692e+01 1.076648592926752990e+01 1.110573969338376088e+01 1.115234469938838124e+01 1.127280838376710292e+01 1.139674490830807052e+01 1.156150247683745569e+01 1.165447786182656031e+01 1.179017457809873193e+01 1.185830516050044814e+01 1.200164983007158170e+01 1.218696101378344565e+01 1.243672957164600845e+01 1.261780247662511556e+01 1.273348965038737290e+01 1.287495109511676539e+01 1.326520488854788304e+01 1.362982929173601221e+01 1.374901412988016070e+01 1.389331679809746412e+01 1.414573637351124269e+01 1.423890066649719088e+01 1.438659883440800868e+01 1.445372599507751410e+01 1.468770406472077461e+01 1.484135753705792737e+01 1.485981985606645495e+01 1.511455812444912716e+01 1.519563001883465958e+01 1.533236398360193320e+01 1.549217797621223802e+01 1.551446353926104393e+01 1.566460868006161888e+01 1.577356617241589731e+01 1.589251045326625089e+01 1.600500930417103262e+01 1.616145269836614062e+01 1.625044114774066273e+01 1.627475315791240718e+01 1.641160436690411828e+01 1.649300519791727737e+01 1.669756511176722213e+01 1.673579760471571376e+01 1.692597772532161216e+01 1.708533067603083566e+01 1.725905989890647518e+01 1.746359709748320554e+01 1.753774588919113953e+01 1.802048869719881807e+01 1.824398839070231304e+01 1.842907373374112368e+01 1.856885332119481191e+01 1.908518398392816096e+01 1.942238432031582462e+01 1.945414310683786496e+01 1.971695894225191736e+01 1.994836830226880764e+01 2.004174243821624302e+01 2.018829256015266793e+01 2.051453614017102112e+01 2.058742206663783847e+01 2.117264261460813302e+01 2.142379100578793327e+01 2.179505036919878336e+01 2.237282561699331396e+01 2.265975969629911546e+01 2.295558945703917075e+01
1.378434502285021956e+00 1.440666813577225813e+00 1.665530089440098838e+00 1.945497250312834714e+00 1.985955385736550838e+00 2.251073262973072531e+00 2.389665875871471279e+00 2.482058817539066542e+00 2.596600863527494862e+00 2.799863446426585689e+00 2.890759732171038987e+00 2.911650785306134193e+00 2.956597041113382396e+00 3.082865189765711555e+00 3.148988001321911590e+00 3.186654761808818126e+00 3.292651417665894087e+00 3.387570782867666885e+00 3.409058858913796453e+00 3.555994138276826089e+00 3.573155581400801584e+00 3.614447423189067532e+00 3.664397563826735649e+00 3.775453110987232908e+00 3.857063654850477530e+00 3.946129277075543840e+00 4.039166495965811343e+00 4.189378823864411849e+00 4.248616662135348498e+00 4.598461443193031073e+00 4.661042032819217695e+00 4.675974346238634283e+00 4.757418869507757719e+00 4.895157184646515169e+00 4.965879917922893405e+00 5.185385431408450430e+00 5.264170562417826993e+00 5.420938562901683966e+00 5.553313787590486328e+00 5.664233994970747865e+00 5.756763690765502872e+00 5.891038476955684722e+00 6.109446375114131023e+00 6.295740565441739989e+00 6.433587743777908763e+00 6.478334809187816568e+00 6.715233142149410028e+00 6.744796758978193196e+00 6.944529836993158511e+00 7.027273192523734835e+00 7.124879904195292823e+00 7.238040451889810711e+00 7.314211901633841606e+00 7.381472276982916192e+00 7.607057363164603458e+00 7.627665197078625781e+00 7.730543554230282055e+00 7.808169470318756744e+00 7.982334887448784499e+00 8.053607474598802440e+00 8.225514901065974271e+00 8.315961915565228679e+00 8.464246807941078643e+00 8.727855761794488743e+00 8.887539830965614840e+00 9.000105410252597693e+00 9.249317718076774497e+00 9.339708840091786257e+00 9.380572213015954119e+00 9.645795307805622443e+00 9.710261224183506457e+00 9.924814798741877553e+00 1.001646250954326867e+01 1.010689728757572325e+01 1.034469968416261310e+01 1.042352515487616849e+01 1.056991850540186739e+01 1.058907411820193545e+01 1.067667492444098976e+01 1.107450404269995836e+01 1.109057246502304750e+01 1.121999088829933200e+01 1.130615177381809033e+01 1.146779272831329166e+01 1.157928058636410107e+01 1.172606220047136460e+01 1.179789420633813357e+01 1.189476897304794711e+01 1.213495662178086043e+01 1.237823327283175168e+01 1.252247450416938612e+01 1.262173095836095982e+01 1.284978325306219737e+01 1.322018042099514012e+01 1.357483220218101039e+01 1.377238335030259186e+01 1.387291176716146701e+01 1.412062431311953326e+01 1.418213272085935905e+01 1.437624691573159552e+01 1.444163196396040583e+01 1.469201335059160662e+01 1.486852492910723456e+01 1.491301262217384860e+01 1.515256319799396145e+01 1.523381501109725988e+01 1.536849753437284605e+01 1.551069272640197028e+01 1.554687497877806379e+01 1.567336997560264678e+01 1.584883339577941541e+01 1.589404517980320364e+01 1.606392095756919858e+01 1.623738210676265226e+01 1.628702126242758297e+01 1.631909829139715029e+01 1.648750323832913622e+01 1.654446370355138995e+01 1.678876226077546008e+01 1.685590653160679864e+01 1.699655100128869378e+01 1.715141152564858729e+01 1.732988613106035558e+01 1.753429040985547971e+01 1.760992702081803074e+01 1.798410747972883428e+01 1.810499950984095108e+01 1.842809311116540627e+01 1.855214292404658849e+01 1.901461198511555395e+01 1.932035260090612994e+01 1.945833334970020800e+01 1.970131763371499645e+01 1.983056561010721808e+01 1.998194179769685164e+01 2.016574462925712652e+01 2.046807830149935370e+01 2.056750185062864134e+01 2.116230641771709031e+01 2.141232187142651711e+01 2.184576619057584068e+01 2.242633202812212900e+01 2.270854233023651858e+01 2.303611646822504611e+01
1.193886067313647548e+00 1.230033514004245099e+00 1.523634294545847423e+00 1.837550271058636664e+00 1.882537706592272819e+00 2.101269610872239735e+00 2.238060367195561007e+00 2.321569403369377227e+00 2.521742211009815993e+00 2.725737910418206233e+00 2.828648797947804550e+00 2.857474102641108793e+00 2.904294296800788544e+00 3.021791475306288000e+00 3.134318557404456751e+00 3.162404295569039014e+00 3.231296909620842595e+00 3.366254579185496532e+00 3.388175145222293683e+00 3.488148272989393561e+00 3.568366253322968973e+00 3.582129251029809058e+00 3.610965660886477302e+00 3.746301872383447140e+00 3.764003192784950880e+00 3.888374985145647056e+00 4.045957877119021440e+00 4.076179225100272419e+00 4.181164258337411788e+00 4.484490610884828143e+00 4.573793501705010200e+00 4.634628323921488047e+00 4.687851755323817926e+00 4.846938315274403664e+00 4.987679184279223854e+00 5.193235175943946125e+00 5.244665438863452600e+00 5.455318434707549180e+00 5.505823516761819469e+00 5.601094945345240994e+00 5.806648972818389431e+00 5.909501298722775964e+00 6.100391061632476131e+00 6.276934276349393826e+00 6.408421818035690443e+00 6.527935492051108568e+00 6.758862856290287269e+00 6.781957762744289298e+00 6.968684849123545355e+00 7.030314551959707003e+00 7.109894149138599850e+00 7.215333619142039190e+00 7.308919141658821061e+00 7.360246257526141811e+00 7.565915154715722402e+00 7.599951172331786076e+00 7.716793900409943063e+00 7.731568358292613574e+00 7.899668250243097489e+00 7.954191824419411638e+00 8.153391180122593340e+00 8.238960509960593370e+00 8.310426024230508801e+00 8.603961888845534034e+00 8.798386962979632742e+00 8.879331530644536841e+00 9.166855966759422714e+00 9.228092411038650411e+00 9.293152101899972095e+00 9.559422437846494702e+00 9.606098612238655576e+00 9.808673473908893214e+00 9.888187969514138587e+00 1.001150183340626576e+01 1.029023170973045787e+01 1.033422359456762685e+01 1.051273082465512587e+01 1.053515131765484547e+01 1.063032803018429107e+01 1.100664959767030382e+01 1.103171789301254435e+01 1.115783945788000686e+01 1.123325583007017237e+01 1.137847261618535910e+01 1.150220449012081048e+01 1.163476328333871912e+01 1.174987551194698376e+01 1.182348307064427040e+01 1.209202971782001690e+01 1.231603789758837486e+01 1.241479841630942893e+01 1.249496359301547876e+01 1.281870268372937716e+01 1.316320722152718581e+01 1.344372231418202723e+01 1.378862804929267583e+01 1.384716164973304942e+01 1.405338576306914966e+01 1.414945845391494572e+01 1.435459136664514190e+01 1.443715117604709341e+01 1.469617395107543523e+01 1.489417588018414129e+01 1.495470093042147219e+01 1.516923583610207338e+01 1.527405959078814668e+01 1.538556899151655166e+01 1.553920546687084325e+01 1.557905513609177994e+01 1.567120460215343947e+01 1.586423662671701962e+01 1.593175274912727168e+01 1.609765902674379134e+01 1.627285331773066090e+01 1.632438393219657158e+01 1.637985756406252236e+01 1.655479407514428658e+01 1.661128917164421281e+01 1.687831101448048798e+01 1.693016513948916923e+01 1.708312056058874973e+01 1.722187613387024641e+01 1.737657314723876567e+01 1.754902928971236165e+01 1.766381616792315512e+01 1.774675353490332341e+01 1.812441912534877275e+01 1.844504820058416428e+01 1.862324129264804995e+01 1.895462227431216107e+01 1.920383915011726828e+01 1.946836362771198381e+01 1.968760172172628842e+01 1.974970722475082496e+01 1.996803410941439694e+01 2.015575228308242117e+01 2.042237993334905610e+01 2.054448429099608475e+01 2.114395870957005030e+01 2.139622564156689677e+01 2.190607126032402618e+01 2.246823637842511800e+01 2.275072398390904738e+01 2.312458019794570063e+01
1.003916550689445186e+00 1.018240261661878199e+00 1.400919852507528818e+00 1.716473082626844171e+00 1.800897767321820275e+00 1.871559673144892688e+00 2.005433067564963867e+00 2.263620767059339123e+00 2.460380279149431360e+00 2.676784708618772601e+00 2.753012303162561736e+00 2.813812599062133213e+00 2.907036363238208132e+00 2.973705649744871060e+00 3.103641937690186037e+00 3.140128691307992437e+00 3.209681189473967411e+00 3.324471613583131369e+00 3.374208776075372729e+00 3.429879425558026274e+00 3.535318747523889193e+00 3.556474224519101668e+00 3.576989154097932833e+00 3.676912420923917235e+00 3.725040608750686211e+00 3.864318759164820705e+00 3.972923382821443639e+00 4.051740347236228779e+00 4.146060381142524953e+00 4.337802448225851926e+00 4.447294025879463319e+00 4.628490137391107595e+00 4.649076477800990759e+00 4.807640445963190956e+00 5.045483339453573635e+00 5.154070279697134715e+00 5.253257887740948817e+00 5.462408886653649098e+00 5.493654446488525522e+00 5.547934376756074926e+00 5.857463109809113000e+00 5.926832112487473658e+00 6.084595944937772671e+00 6.242963641040486955e+00 6.382944693312940565e+00 6.588689996814820482e+00 6.763754849960373683e+00 6.830218933553156901e+00 6.956910856454089576e+00 7.042826911060044992e+00 7.064970083986778171e+00 7.197360318322663097e+00 7.299013684220107656e+00 7.327205222923518058e+00 7.517184114158977692e+00 7.585495111802916135e+00 7.658207417698712938e+00 7.690710217144732574e+00 7.829411839298434650e+00 7.894322924359705951e+00 8.079502375941679304e+00 8.164959174332880210e+00 8.205854619321016230e+00 8.491391287461830473e+00 8.715355942491781249e+00 8.765859755062711756e+00 9.069093711576535100e+00 9.094753688177567241e+00 9.201490817935340516e+00 9.483005829784588059e+00 9.514658608704383624e+00 9.648517935590293249e+00 9.799032513493260765e+00 9.953021173372739838e+00 1.019727966403512731e+01 1.026659856043286290e+01 1.044783803007080181e+01 1.049091157817770004e+01 1.059880414504979740e+01 1.092058682065942676e+01 1.093961185191519547e+01 1.109061190254354656e+01 1.119089857441496427e+01 1.129144848766668652e+01 1.143271738223063672e+01 1.151975572234097989e+01 1.169987910985881285e+01 1.179127888336477348e+01 1.205649124302701125e+01 1.222255275438229027e+01 1.230151145981821692e+01 1.238438584555768252e+01 1.276908051845455461e+01 1.293371146285918272e+01 1.336096623797016036e+01 1.379420093156309690e+01 1.384296414196093572e+01 1.398033303449284226e+01 1.413331357771972918e+01 1.433507731258898943e+01 1.443836440096417562e+01 1.469672704212969627e+01 1.492228852132213390e+01 1.498526427569293595e+01 1.516721264033076011e+01 1.530120296509381639e+01 1.539155622857207995e+01 1.558363603340069403e+01 1.560085694760363140e+01 1.565829786520253109e+01 1.584156244870072072e+01 1.600981501230454285e+01 1.611177935070102407e+01 1.626432582507706215e+01 1.636277311134988111e+01 1.646471425597978211e+01 1.661633966944046392e+01 1.667992543756381707e+01 1.694162231078405156e+01 1.697445427695628339e+01 1.712611179185876153e+01 1.729755124331831340e+01 1.733989047582145560e+01 1.751351591232152316e+01 1.771386690311082646e+01 1.775322350089860279e+01 1.812067442483396462e+01 1.842399681732085881e+01 1.870045973407932749e+01 1.891665080212098005e+01 1.912749242863532828e+01 1.948467704501776510e+01 1.965826710028024138e+01 1.969531820091716767e+01 1.997921176389366948e+01 2.014933073201260072e+01 2.038512763356244051e+01 2.051870473144293072e+01 2.111899485610539529e+01 2.137840603443160958e+01 2.196818955615444580e+01 2.250065017853716398e+01 2.278423987497534142e+01 2.321864609375122157e+01
8.040206794436094428e-01 8.140180473594462729e-01 1.305465591329848962e+00 1.535988122878420681e+00 1.618136059546995575e+00 1.713202648312600607e+00 1.832582952970771117e+00 2.236672910879487386e+00 2.403650863816227279e+00 2.658522072016879179e+00 2.700029316351680642e+00 2.785190662015865293e+00 2.929636077265665772e+00 2.958942075062167110e+00 3.053832143528891763e+00 3.124277026829236359e+00 3.241385961029148444e+00 3.258210311465899789e+00 3.362012070552567344e+00 3.410475155701985006e+00 3.488921328228344887e+00 3.527560062186735124e+00 3.545864568077547574e+00 3.633076986350212145e+00 3.705792210222164762e+00 3.846379490847969151e+00 3.915056365569534957e+00 4.038806014669511946e+00 4.153435132542599995e+00 4.210739782537713971e+00 4.331029250909318229e+00 4.585707582718042907e+00 4.663224940843306854e+00 4.779677978894320667e+00 5.097133670885104273e+00 5.115866699835189380e+00 5.258510590887669700e+00 5.416349334971018337e+00 5.493980096465947760e+00 5.554887862662511111e+00 5.900068137316366368e+00 5.941647328233326419e+00 6.063422868680110156e+00 6.206110641598814759e+00 6.349339500848529383e+00 6.642444210015094441e+00 6.765864047307294626e+00 6.848701094782362553e+00 6.922594351934272083e+00 6.989660688819650858e+00 7.080870207431427588e+00 7.203641974115738478e+00 7.251973467168614462e+00 7.316698183903087127e+00 7.465350065648740596e+00 7.574808698931001061e+00 7.613592172306672623e+00 7.660978708301190210e+00 7.770375583955215326e+00 7.861197445201180578e+00 7.985443849586875587e+00 8.062497472150806033e+00 8.164080166464488642e+00 8.425300998775107075e+00 8.644008455683966474e+00 8.672918941877615140e+00 8.903476693410775411e+00 9.024839481482061387e+00 9.093483450289713943e+00 9.395887192227609930e+00 9.429645315114091986e+00 9.525037351222110260e+00 9.692401015343024895e+00 9.906631849991860861e+00 1.009002325124292909e+01 1.019747244534871911e+01 1.037573738026306280e+01 1.040738365404523336e+01 1.058484814705449395e+01 1.081292233049811813e+01 1.084264458812071474e+01 1.103601750953386862e+01 1.115692246941877386e+01 1.120808197010378393e+01 1.137161798080945374e+01 1.140238406549241112e+01 1.165555728823159143e+01 1.177190732317676769e+01 1.199759854125421832e+01 1.210868856750533595e+01 1.213619064783253876e+01 1.232177293336739687e+01 1.257919103702152519e+01 1.271050917175062089e+01 1.340133327311769484e+01 1.379473894556945446e+01 1.385025310848049962e+01 1.392774347327689455e+01 1.411148167181193536e+01 1.432481345512628579e+01 1.444537960365152962e+01 1.469369469662124672e+01 1.495247962754728377e+01 1.500782306232020780e+01 1.515046199303535879e+01 1.530636962954089952e+01 1.539850765172444014e+01 1.559655697734354973e+01 1.563945271808660209e+01 1.564558909480610005e+01 1.584268418860341754e+01 1.607905264254160471e+01 1.611573883302689580e+01 1.625652913144690359e+01 1.638982285366792269e+01 1.654234796324214329e+01 1.666679795608247261e+01 1.675208296884868275e+01 1.693723009720524786e+01 1.702827665060535978e+01 1.708083344774127710e+01 1.733922745282978539e+01 1.739079168836215317e+01 1.756115982211724003e+01 1.776602376471323197e+01 1.779524003338783444e+01 1.807997076827860639e+01 1.837505236081908322e+01 1.874942998702884012e+01 1.890609432881031182e+01 1.911222667404910425e+01 1.950660081074055441e+01 1.961025540255576871e+01 1.967041712306485834e+01 1.999745266462547733e+01 2.013990708519235895e+01 2.036189049089158232e+01 2.049346573047396092e+01 2.108956647892501479e+01 2.136119601995530459e+01 2.202595972692043347e+01 2.252541166153852004e+01 2.280970163731839762e+01 2.331185946396852771e+01
5.995994265146692426e-01 6.141297199483656266e-01 1.164182638971958950e+00 1.252557786504708837e+00 1.533012253008199322e+00 1.604331011331112888e+00 1.687544590245252385e+00 2.238881327440676472e+00 2.361190658178041080e+00 2.660357516857453586e+00 2.673169150052837395e+00 2.774442597034931790e+00 2.909027182480105278e+00 3.004214460993527069e+00 3.026437906361637342e+00 3.099593490673271834e+00 3.219478187919861956e+00 3.289586150620824156e+00 3.342007527327461869e+00 3.418178033942661287e+00 3.457778267783025328e+00 3.495164478608698833e+00 3.527874982900701450e+00 3.589241451817454021e+00 3.713436452744380833e+00 3.825277489833591282e+00 3.906132920826582478e+00 4.053256730975305366e+00 4.071861008244972879e+00 4.194688617473388170e+00 4.272145123980985559e+00 4.554069737832771025e+00 4.676412927396108365e+00 4.756665786391852890e+00 5.061987393188673856e+00 5.157995659168697067e+00 5.263626947047749027e+00 5.366041653651288712e+00 5.484466561889933089e+00 5.594683451916241168e+00 5.927131327963382823e+00 5.951616054207216067e+00 6.039256074310766387e+00 6.173640741029508661e+00 6.298872564183514378e+00 6.683623409650714997e+00 6.760580412622111623e+00 6.855489993591104891e+00 6.856502862034133727e+00 6.968339888909850899e+00 7.108634784450981847e+00 7.177031915870118794e+00 7.224647191652413980e+00 7.335625286903380449e+00 7.413517556592392310e+00 7.559858213343267686e+00 7.598085137025512026e+00 7.641126384694334028e+00 7.711438164367167225e+00 7.835788476615506148e+00 7.890813631120367155e+00 7.984506669147021007e+00 8.116082222983651562e+00 8.414035131413303503e+00 8.564394874659447154e+00 8.616102272628010539e+00 8.764113275060259056e+00 8.936102901164971968e+00 8.994892250440663872e+00 9.289739172198244077e+00 9.351109785259609453e+00 9.435149147347408061e+00 9.561728021377298603e+00 9.870560431440033256e+00 9.932360698344496086e+00 1.012082329950018789e+01 1.022706693224629682e+01 1.035079185178502748e+01 1.058432202980864645e+01 1.071516637883105361e+01 1.077371288881969846e+01 1.099073838166421346e+01 1.111776378226960738e+01 1.113400445073672884e+01 1.127970828919599100e+01 1.134304673140534625e+01 1.160431118083254276e+01 1.172800551793315194e+01 1.187461684721143484e+01 1.188780373021901049e+01 1.208586890237957512e+01 1.228890919184758701e+01 1.236798733482286039e+01 1.265473245823357828e+01 1.347805472504975910e+01 1.379422672519826421e+01 1.384116676243908017e+01 1.390649727539722136e+01 1.408331464941904976e+01 1.432195177472650016e+01 1.445954196544437664e+01 1.468846261501477990e+01 1.498131306958491749e+01 1.502479497668667996e+01 1.512566287214696636e+01 1.529404343346656958e+01 1.541004146777399164e+01 1.558272704361604788e+01 1.561952838039750979e+01 1.570322898169926873e+01 1.585852051367973559e+01 1.610668380593045867e+01 1.614424776535840422e+01 1.625837946390306854e+01 1.640874354437842442e+01 1.659860249331645932e+01 1.670018574156260271e+01 1.683494710263874339e+01 1.689770732776391426e+01 1.705042822646268874e+01 1.709129861763993574e+01 1.736990703805049563e+01 1.746841705573116599e+01 1.761337566617160988e+01 1.780047123181627455e+01 1.783460210292756898e+01 1.800792447544469965e+01 1.832804715266894746e+01 1.875360439106513155e+01 1.892981887576288358e+01 1.913766029176844086e+01 1.952894400337994085e+01 1.955448926700475454e+01 1.967106152353439086e+01 2.000537050290547469e+01 2.013580254444942597e+01 2.034883951372205502e+01 2.047385956372079718e+01 2.105902771369608928e+01 2.134606239322477350e+01 2.207496566968857366e+01 2.254366846073131114e+01 2.282864956883211960e+01 2.339593857662573839e+01
3.984894024009174585e-01 4.111875868439415771e-01 7.871502855895525785e-01 1.222144406985677278e+00 1.446541543830964116e+00 1.496825965037385631e+00 1.583309749032821623e+00 2.250882867543084753e+00 2.341899294830626754e+00 2.659334835209613335e+00 2.678527461962323386e+00 2.782135962029377296e+00 2.877243897926133887e+00 2.987885752820169216e+00 3.052227307228513986e+00 3.077421573552566514e+00 3.245455264557824293e+00 3.280135349220661745e+00 3.362461755844644795e+00 3.419596143531095755e+00 3.438389139173500197e+00 3.484759180518523625e+00 3.519920908100806489e+00 3.562885128893881870e+00 3.737967700543310734e+00 3.817440982930335736e+00 3.906815710530477492e+00 3.966883654064730091e+00 4.124105581143142629e+00 4.155890031421749065e+00 4.334081350139918243e+00 4.533862546797842619e+00 4.685287599363868516e+00 4.735571593236901577e+00 5.023158351184990877e+00 5.190888706764058114e+00 5.272773186204407381e+00 5.327677980134622793e+00 5.483369512364038911e+00 5.635113491127856200e+00 5.929793779820944799e+00 5.955004514498138057e+00 6.017952443731902079e+00 6.150408813036398747e+00 6.236832611445207952e+00 6.701673419605336690e+00 6.751679547019871386e+00 6.797519308599819787e+00 6.874826846134248548e+00 6.968019994294031072e+00 7.077581866775258135e+00 7.158017874312676554e+00 7.236265618772453223e+00 7.371166232269629859e+00 7.387720977636688779e+00 7.531106826473110694e+00 7.589001884563268518e+00 7.627233697220911601e+00 7.666313099539600273e+00 7.798186253079799179e+00 7.812321689268629576e+00 7.950882889782524110e+00 8.075503987775284997e+00 8.410736454278637808e+00 8.485151779944072103e+00 8.591702750952100232e+00 8.670001615533509565e+00 8.821537259465948466e+00 8.930994292076466223e+00 9.191459558331580126e+00 9.251007229572916657e+00 9.352996453209094341e+00 9.438232439230693771e+00 9.665306990752355887e+00 9.854538106244509876e+00 1.003680759325163052e+01 1.014280498079919468e+01 1.031060291335693613e+01 1.059087527830602049e+01 1.066537117290813796e+01 1.072012251007895678e+01 1.095822790026761595e+01 1.106437153619025437e+01 1.107146008087636346e+01 1.120323472603523918e+01 1.131554694407489947e+01 1.148201788590802686e+01 1.164427697882337220e+01 1.178316968913135199e+01 1.180831973367430976e+01 1.206916023124571247e+01 1.226734290668255412e+01 1.226939353326169346e+01 1.261186379227756404e+01 1.356014659237886733e+01 1.379233611466531784e+01 1.380983489195773828e+01 1.391376742991508308e+01 1.405424881152670125e+01 1.432193135440298626e+01 1.447843639808694149e+01 1.468219501573637054e+01 1.500428810705649418e+01 1.503639205408233792e+01 1.510271729976453337e+01 1.527376216719514979e+01 1.542332040486767930e+01 1.556949704815923319e+01 1.560004918443595123e+01 1.574748552895092679e+01 1.587215476731582875e+01 1.610586339475582918e+01 1.618974896634502869e+01 1.626576103257367478e+01 1.642180807851195468e+01 1.663239861955516119e+01 1.671931525188033874e+01 1.685852355940767566e+01 1.693498257646704985e+01 1.705569442562917715e+01 1.713324590969910943e+01 1.738239221174452709e+01 1.753181562286541251e+01 1.764312430960624312e+01 1.780340583583913983e+01 1.786577011439905149e+01 1.794398443300974577e+01 1.829564919994877670e+01 1.874307875035400173e+01 1.895581508057463793e+01 1.918067449443752537e+01 1.949136332208057709e+01 1.955932212310746010e+01 1.968306154721848600e+01 1.999485246305524200e+01 2.015046509263430607e+01 2.033421477212562323e+01 2.046458046322296909e+01 2.103182127301329984e+01 2.133411492543873678e+01 2.211211241079761081e+01 2.255613096841478793e+01 2.284213406134274749e+01 2.346277933180772379e+01
1.991732068883508566e-01 2.060381730783483467e-01 3.961293831113233410e-01 1.227491270549488478e+00 1.350026580970742573e+00 1.436818285750387725e+00 1.518101364598428260e+00 2.256414685370191631e+00 2.340510581002352097e+00 2.649554443252462033e+00 2.708469326685198908e+00 2.798474169231626174e+00 2.855749058598565426e+00 2.945141512908026726e+00 3.024056262093935299e+00 3.122865289574972891e+00 3.247363111492642673e+00 3.303034044648954115e+00 3.363058359352285809e+00 3.406516953219500099e+00 3.447784545191367567e+00 3.490138282998113350e+00 3.517512227329747443e+00 3.553821319568014392e+00 3.772763063753051149e+00 3.814459701451217377e+00 3.888073233918133642e+00 3.916326129611804152e+00 4.081953030342636346e+00 4.258014176614727475e+00 4.411478835312855118e+00 4.526394426371906476e+00 4.682877735859968915e+00 4.719053147426735428e+00 4.993226612694485311e+00 5.208060760796819011e+00 5.273905025022488147e+00 5.312234476243811621e+00 5.484587923057587133e+00 5.672401825933336639e+00 5.905445509183482322e+00 5.952729691449963667e+00 6.008599077912772479e+00 6.140032892030914624e+00 6.179711847282286286e+00 6.694692511383459887e+00 6.726369836758765430e+00 6.803385948000760131e+00 6.885630245993076493e+00 6.973165815894420305e+00 7.022636360867244854e+00 7.148514812858027589e+00 7.264068363310351550e+00 7.361607625190364601e+00 7.430858639933473953e+00 7.503967698129940800e+00 7.557920691127139712e+00 7.616856749093487977e+00 7.655431644270815461e+00 7.751165855960439721e+00 7.764737703026048266e+00 7.956679058615310218e+00 8.050764330710061145e+00 8.348000712810931034e+00 8.485529610004819645e+00 8.577661434197400681e+00 8.601726813792982540e+00 8.730304848887506353e+00 8.892310012631988059e+00 9.119513413253901746e+00 9.129771601375109569e+00 9.241685218120808898e+00 9.389778691282486989e+00 9.476157569578589346e+00 9.849756858868667919e+00 9.969688355518282918e+00 1.012107855234720510e+01 1.028241477437510731e+01 1.059975289900462769e+01 1.064903752620231003e+01 1.068087012237220534e+01 1.094250681107411616e+01 1.100882960473848371e+01 1.102425783135064385e+01 1.116382326964839500e+01 1.129270599717798085e+01 1.138342138235896073e+01 1.160654834154057724e+01 1.172527225885979973e+01 1.179820695558965937e+01 1.205965542514642408e+01 1.221764055968535345e+01 1.225667373722040665e+01 1.258562828197327654e+01 1.363081216025963727e+01 1.377334880339104473e+01 1.379143835450073396e+01 1.392538398445874570e+01 1.403094667587085631e+01 1.432225175789787563e+01 1.449533495032329888e+01 1.467643592397895880e+01 1.501765013826619999e+01 1.504109378245894213e+01 1.509113476279813604e+01 1.525511648272761178e+01 1.543413114255536911e+01 1.556205826045441398e+01 1.558466673443570549e+01 1.577358859789666212e+01 1.587782515891878710e+01 1.610504003640633996e+01 1.622689870994564387e+01 1.626795138870274826e+01 1.643031187598107579e+01 1.664979930375869444e+01 1.672893762789470884e+01 1.684275788720074374e+01 1.700460242205626216e+01 1.707692193749114651e+01 1.716521030990935870e+01 1.738124309734436324e+01 1.757250905270342400e+01 1.762755015513929635e+01 1.778765238274646165e+01 1.788481692129722944e+01 1.792484340726463188e+01 1.827752073233089192e+01 1.873553666291555331e+01 1.896820445323617932e+01 1.922423626662184049e+01 1.944485424693661102e+01 1.957670573486933208e+01 1.969525669809362611e+01 1.997895764368647420e+01 2.017555345830689717e+01 2.031464539760725074e+01 2.046377872697399525e+01 2.101279289243393933e+01 2.132639059498400158e+01 2.213526869569003708e+01 2.256333671906059379e+01 2.285038576364216212e+01 2.350576081967182063e+01
-6.819796461061811274e-04 -5.390909068513029170e-04 -5.290002438702285146e-08 1.250557893693890144e+00 1.292068543850204865e+00 1.419068853068530922e+00 1.494360110482702453e+00 2.257312336914282902e+00 2.342074429305289307e+00 2.645702827359943221e+00 2.725319308494403625e+00 2.807177135518558408e+00 2.847986350527014654e+00 2.923688833424058497e+00 3.012979899771301540e+00 3.141396975022779259e+00 3.235621442036460405e+00 3.321691138968344781e+00 3.380396151245478542e+00 3.385158933431890560e+00 3.455509785077242935e+00 3.491923978023853348e+00 3.518027898260910558e+00 3.550541137915249390e+00 3.803702201726852916e+00 3.809196324050430960e+00 3.854206395011664288e+00 3.914257154897101909e+00 4.064121432878867957e+00 4.311718115895960324e+00 4.442708581866816608e+00 4.531054895329829968e+00 4.672525637643405894e+00 4.715211528765196114e+00 4.981513719640429549e+00 5.213919590646578506e+00 5.270049310899368677e+00 5.310270184477960953e+00 5.485159652824383336e+00 5.691113746781499394e+00 5.886446275209639367e+00 5.950503176456982679e+00 6.007306486510454846e+00 6.146607044884094151e+00 6.146739269515538950e+00 6.692894419766318492e+00 6.708128278090196517e+00 6.819630201309674788e+00 6.886567430967577508e+00 6.981062232520280020e+00 6.992306527092465807e+00 7.142902928280861374e+00 7.280643233870360831e+00 7.356184855753798324e+00 7.450997087677264652e+00 7.498543580820358656e+00 7.534342847317797798e+00 7.618693056115865225e+00 7.652749271519700969e+00 7.728616717445441431e+00 7.748531059781278429e+00 7.968066599505164049e+00 8.040825771032526603e+00 8.310579160163520385e+00 8.529236534975160211e+00 8.531927516106897258e+00 8.573486594673539685e+00 8.701281624764584777e+00 8.881799261553371849e+00 9.066982699559796188e+00 9.093156152910596646e+00 9.192164887594113765e+00 9.394818410316652546e+00 9.408687433939565636e+00 9.852544450370343654e+00 9.942199941106427019e+00 1.011747076236508924e+01 1.027171323360481558e+01 1.060424662989684741e+01 1.065324355709987536e+01 1.065877942814021395e+01 1.093915593215483639e+01 1.099083127926614267e+01 1.099895221850917082e+01 1.115220291993273882e+01 1.127810204272973316e+01 1.136063041626812442e+01 1.159186798415950470e+01 1.170844761882882779e+01 1.179654927107318940e+01 1.205622809239976689e+01 1.220169903005550083e+01 1.225270846588662721e+01 1.257688297302225067e+01 1.366598530124829303e+01 1.375152287367021486e+01 1.379032300965932301e+01 1.393074463207277702e+01 1.402145969715972562e+01 1.432235470707444236e+01 1.450225034644500077e+01 1.467393240977626512e+01 1.502115199301280413e+01 1.504182759879135922e+01 1.508925630901596016e+01 1.524738977540284601e+01 1.543838059347816483e+01 1.556006846145166556e+01 1.557845063317672185e+01 1.578205656392383993e+01 1.587885791585973116e+01 1.610476205289372942e+01 1.624745334498629390e+01 1.626199457401136783e+01 1.643345488456476033e+01 1.665532426943760314e+01 1.673174717539056999e+01 1.683751933867796424e+01 1.702208528777257968e+01 1.710130366715908323e+01 1.717745034598307896e+01 1.737800084592467442e+01 1.758514424652566532e+01 1.760640289428519267e+01 1.778447494604795409e+01 1.789128118039798210e+01 1.792350196345003255e+01 1.827175229164780390e+01 1.873308733208795829e+01 1.897122296175460576e+01 1.924475515232863287e+01 1.942422222265282983e+01 1.958322793530456707e+01 1.970016246788629033e+01 1.997208466781172831e+01 2.018916908785253383e+01 2.030352745540947623e+01 2.046461201283203479e+01 2.100592379031552426e+01 2.132371007566544208e+01 2.214313535904985386e+01 2.256568673805872294e+01 2.285318606165242272e+01 2.352058378391459925e+01
