-5.705105623574307366e-02 -3.452050441198874914e-02 3.035042122694581873e-02 1.292027372330432966e+00 1.338491267252361006e+00 1.361884434564706314e+00 1.366765744709001140e+00 1.988186468776743876e+00 1.993686257933319883e+00 2.034038088369969355e+00 2.085776388683833193e+00 2.122963220277740870e+00 2.236974625029589880e+00 2.237715961742587911e+00 2.258389766972146440e+00 2.346658147216847290e+00 2.449384861239980449e+00 2.472205649632688296e+00 2.476139245272169109e+00 2.577236939745368716e+00 2.584814740431522928e+00 2.694926661107798438e+00 2.900411165680249148e+00 2.925723492550602600e+00 2.943652152203034778e+00 3.052896900970122118e+00 3.875238181636353918e+00 3.919178858935207455e+00 4.028887243533988638e+00 4.053220132861644842e+00 4.072292620432567567e+00 4.225811127621875052e+00 4.304957138716241083e+00 4.386915706513808466e+00 4.443954251332447036e+00 4.575726508411256610e+00 4.730270613674500524e+00 4.741825565225756378e+00 4.858067654891536691e+00 4.865111303727990055e+00 4.955467599101855747e+00 5.055341668287851142e+00 5.069527868238774104e+00 5.109051461867421651e+00 5.294300278767932966e+00 5.512348766225358965e+00 5.562822369964616875e+00 5.624732939780002106e+00 5.762082168915710234e+00 5.839204681662084617e+00 5.915958033397220817e+00 6.017391026680393828e+00 6.073041950569928460e+00 6.132442988667722084e+00 6.180729179995665845e+00 6.203922013750931441e+00 6.366339754466676659e+00 6.463475224890349757e+00 6.714846852417897693e+00 6.763619359914391005e+00 6.992320463796509955e+00 7.020317545272432902e+00 7.319107691226514056e+00 7.529360844669087172e+00 7.566821505275347803e+00 7.731708445280582431e+00 7.816366247001022671e+00 7.927105770918145389e+00 8.124290853167074999e+00 8.256198923233402098e+00 8.460611934979963777e+00 8.599973686579826193e+00 8.646539098282715941e+00 8.773201852526295141e+00 8.828310550464026463e+00 8.901750267626715285e+00 9.078883660246752640e+00 9.186219660589047820e+00 9.337989105526840916e+00 9.345570040434731496e+00 9.791730855732247107e+00 9.848009551359627523e+00 1.015106402209405800e+01 1.022683025205568974e+01 1.025172399086040365e+01 1.027449910079864814e+01 1.032628671012987276e+01 1.082757666976889510e+01 1.103820335168523492e+01 1.104884750852050068e+01 1.106928986514903990e+01 1.117978860887015813e+01 1.120513664395911491e+01 1.126274299028165160e+01 1.145341647458129586e+01 1.160601100055105128e+01 1.162245772998584492e+01 1.321875685172604875e+01 1.328813676253510501e+01 1.334496030454127435e+01 1.355010552766641219e+01 1.364689416093177243e+01 1.392619985433849195e+01 1.402974868456976942e+01 1.409476844072982793e+01 1.417413988865124530e+01 1.439406255580131955e+01 1.443215944301620723e+01 1.472950651562302760e+01 1.483095909604816143e+01 1.490963873158273678e+01 1.495431897306304592e+01 1.503193587895589545e+01 1.587238675691468437e+01 1.601971525958117581e+01 1.659582268503955049e+01 1.662821100145486497e+01 1.673334154763843173e+01 1.712810323984583505e+01 1.715706896539614945e+01 1.792561244285910149e+01 1.811075530846685666e+01 1.862211859590476948e+01 1.867158525586078355e+01 1.904278519889736998e+01 1.942452852425788024e+01 1.949319025424989604e+01 1.979825415995416193e+01 1.990007004634879806e+01 1.993859805731483803e+01 2.018501326493505132e+01 2.024603122453592619e+01
-1.243709128603173841e+00 -7.199630687382674310e-01 -3.208421473479479702e-01 7.448873633682849826e-01 1.097179936227482999e+00 1.315014019169152393e+00 1.408778259528807419e+00 1.864543592676442874e+00 1.915648317950412682e+00 1.966917551541328635e+00 2.065596227154047781e+00 2.123753535131015280e+00 2.183437980251520472e+00 2.220312890566274788e+00 2.296959762282636763e+00 2.349903429379808895e+00 2.395016273635176773e+00 2.457451700630522762e+00 2.521205363595453885e+00 2.627277646041630277e+00 2.683995213071523445e+00 2.729793940258069096e+00 2.885019826222166905e+00 2.934804640825658950e+00 2.992865588505665642e+00 3.234286335645357280e+00 3.780651708602170036e+00 3.860424411910819309e+00 3.956656215209295002e+00 4.020825040347291157e+00 4.147161849426386659e+00 4.201036922893974790e+00 4.265511637949018997e+00 4.422288194081656520e+00 4.488373764266082588e+00 4.612902809824621642e+00 4.695419820350019258e+00 4.735212462643894504e+00 4.815716564572515956e+00 4.876610348667114181e+00 4.953140101112551541e+00 5.025693446127442066e+00 5.104495270581843158e+00 5.190185476723214286e+00 5.325843722122607815e+00 5.469586420513810054e+00 5.549421887913206675e+00 5.659418774811046049e+00 5.756597822305924872e+00 5.825587511292737553e+00 5.915233719686495917e+00 6.022929947059041389e+00 6.063828928122729778e+00 6.172923921623697296e+00 6.194770548085887896e+00 6.291769662505542371e+00 6.416305114585294511e+00 6.520907910285449027e+00 6.704179107010927119e+00 6.788455349093644564e+00 6.983236064677661226e+00 7.057757314738424270e+00 7.288980804133916358e+00 7.494797110375631455e+00 7.568066981910217983e+00 7.724175597761776757e+00 7.808194242072345581e+00 7.945553112975315635e+00 8.124636203639372667e+00 8.239651908773428346e+00 8.464656464583839579e+00 8.535424411337992012e+00 8.646349224945931056e+00 8.755767560465889332e+00 8.820216784904983953e+00 8.864482626895050288e+00 9.115257190601427695e+00 9.179378977828445585e+00 9.298310078454031569e+00 9.517837036076510770e+00 9.768787927090446743e+00 9.880983980960774460e+00 1.012175280682237855e+01 1.021123648763548175e+01 1.026820320355448324e+01 1.034406915204244015e+01 1.037568847957840390e+01 1.085113093867378709e+01 1.100596681121145259e+01 1.108240031464994324e+01 1.109802690249079937e+01 1.118447801273820907e+01 1.125705759445710896e+01 1.130838617756018571e+01 1.149317676675667599e+01 1.164359751457455872e+01 1.171241110758054660e+01 1.313315525081534396e+01 1.327147010109064418e+01 1.333978243038275835e+01 1.351064057247846506e+01 1.366514420296093313e+01 1.386098550366351567e+01 1.401328056722540261e+01 1.410084545023731550e+01 1.417107953843112611e+01 1.440909313086198473e+01 1.446725684181821947e+01 1.469415328120761366e+01 1.479938050913735559e+01 1.491932233047506351e+01 1.500747498174181693e+01 1.506067327870191974e+01 1.587609782795388469e+01 1.604549185564228253e+01 1.653222108174692906e+01 1.662282735632807018e+01 1.678412622438893820e+01 1.715491761079281829e+01 1.717410371700086813e+01 1.792660020835143442e+01 1.809791572423803530e+01 1.862047737308570916e+01 1.867687249948813033e+01 1.904675301810852872e+01 1.934936884941016189e+01 1.948904588863355869e+01 1.981449845234827478e+01 1.988831839628918274e+01 1.996262753649259736e+01 2.016477944455385085e+01 2.027666671118050346e+01
-2.034166246042476089e+00 -1.400848117550956839e+00 -1.122940895120100091e+00 -5.004312491591944578e-01 5.240471435442882742e-01 9.486200733900104209e-01 1.315253735773088462e+00 1.625389325622126790e+00 1.731184137548742674e+00 1.839403260484014702e+00 1.907136698620032877e+00 2.085232685333054725e+00 2.147399187266852749e+00 2.235672083130824994e+00 2.289728055515049210e+00 2.365436246699962997e+00 2.385952892961597183e+00 2.428132711003196054e+00 2.545866860495121564e+00 2.629968665364553981e+00 2.746562584224488290e+00 2.849667316895433178e+00 2.925655211534931244e+00 2.987523677562635704e+00 3.109448456073502953e+00 3.464829136143885435e+00 3.639710978803443187e+00 3.748957014378352159e+00 3.939114385126524898e+00 4.026108261351370565e+00 4.144316939919306719e+00 4.178180744289952564e+00 4.307880449802887313e+00 4.391804880503306308e+00 4.515999808799114668e+00 4.639173888996996453e+00 4.680493250254815329e+00 4.699915127371618873e+00 4.800324406368739361e+00 4.926590486182696793e+00 4.970444231193344109e+00 5.048661535630827757e+00 5.147428754471432555e+00 5.248530756759044458e+00 5.374695455676246070e+00 5.425200327476706441e+00 5.557439322847901764e+00 5.666282252254951857e+00 5.726330805588649930e+00 5.835116789637918799e+00 5.954670977338958338e+00 6.020841048932594752e+00 6.094110191584635849e+00 6.209322929212997444e+00 6.295451580241762102e+00 6.408217253591687701e+00 6.489697316320731879e+00 6.616392177730864077e+00 6.745408192649917645e+00 6.831006474134551532e+00 7.004636474943839453e+00 7.109066351262137928e+00 7.215901914596610567e+00 7.437483585342075543e+00 7.591920766258380304e+00 7.684307008657899729e+00 7.768942725881114342e+00 7.972172172774885546e+00 8.079659734086520828e+00 8.200581690910683008e+00 8.371959972149586093e+00 8.482115220373589892e+00 8.607735564446299392e+00 8.704094585150226493e+00 8.810338426648883114e+00 8.927968649465212181e+00 9.161292329212656682e+00 9.215932378417576842e+00 9.355312031777712534e+00 9.645241198581192776e+00 9.786080001267874806e+00 9.933735460719329780e+00 1.008412144491980378e+01 1.021368984643591737e+01 1.032052746527076081e+01 1.039545283584527269e+01 1.054124611941621126e+01 1.087700067573205054e+01 1.099130979123019891e+01 1.110680761950276541e+01 1.116480704322689910e+01 1.121399363837804763e+01 1.138881821982809406e+01 1.143817326191316930e+01 1.159641536631731462e+01 1.177638779391728896e+01 1.193738725468773509e+01 1.293882984663846258e+01 1.320698504521874206e+01 1.328492469160737954e+01 1.345666688981085635e+01 1.364226329215702549e+01 1.376343907703204650e+01 1.396847437188384156e+01 1.409028993355311954e+01 1.416071609215362237e+01 1.440457251623700685e+01 1.455405128984571661e+01 1.468835616383898746e+01 1.477677690138885325e+01 1.494800465482672891e+01 1.503528578713027564e+01 1.516739990766973811e+01 1.587408854126817737e+01 1.611291553110498498e+01 1.644826656640235285e+01 1.660465310760331903e+01 1.684846425753342913e+01 1.720504343423185034e+01 1.724048682513767616e+01 1.792272101949829732e+01 1.806038915524501220e+01 1.860225291991996954e+01 1.869302377783579416e+01 1.904459346190376223e+01 1.923051415134910158e+01 1.947203148582525856e+01 1.981281222950183363e+01 1.985667345775684822e+01 2.002997407987618317e+01 2.013448043696126888e+01 2.033105663047361844e+01
-2.458589075099647747e+00 -1.848485519149210665e+00 -1.584601289521408107e+00 -8.887472557545035290e-01 -6.953818297536618065e-01 6.748253273534181584e-01 1.167574136999552259e+00 1.469909638434846899e+00 1.536544355221268088e+00 1.726248870823873904e+00 1.842206345516865129e+00 2.033524784343832437e+00 2.114982150223696067e+00 2.233026333412289954e+00 2.291002875781825932e+00 2.340734398676669326e+00 2.393793591135465526e+00 2.447156295126109438e+00 2.554833493828962077e+00 2.630055969841850416e+00 2.755240669153028232e+00 2.875127456332585929e+00 2.984576910648396364e+00 3.096032177593839307e+00 3.223091571604003391e+00 3.384182029986618545e+00 3.583276272995419287e+00 3.736586244757422737e+00 3.980241349338398571e+00 4.089890475741174924e+00 4.127036323988926725e+00 4.189936816538942566e+00 4.297943754010530526e+00 4.406288468582716611e+00 4.474260225672458624e+00 4.662230943289484841e+00 4.698452218148251092e+00 4.727742108983173708e+00 4.821274189439201052e+00 4.943701165726642088e+00 5.018631687595426882e+00 5.117577672285235302e+00 5.200930951400911439e+00 5.259813501015809578e+00 5.380908735473496129e+00 5.502091050904660996e+00 5.566315788517127494e+00 5.683270715436718135e+00 5.779263871927156515e+00 5.858284647097767639e+00 5.998173953641804168e+00 6.028358603406730687e+00 6.108247884129812455e+00 6.243198151736176094e+00 6.317548411056311153e+00 6.435038453043172346e+00 6.499885328265181172e+00 6.711473843730655808e+00 6.828402743384335061e+00 6.879542748103980365e+00 7.040672694181397517e+00 7.112547147542182202e+00 7.201570584750851545e+00 7.405854091775045056e+00 7.628606691480571911e+00 7.632624776500122721e+00 7.713006543423081673e+00 7.942032025039806875e+00 8.004197239366087402e+00 8.107779106501412869e+00 8.243553496468212671e+00 8.397491360631024193e+00 8.625633413472327149e+00 8.685370599524228297e+00 8.868686437441612114e+00 8.988444627313700863e+00 9.247762854656901510e+00 9.285400954385842454e+00 9.430082633859337093e+00 9.649353117980012939e+00 9.797931290976315211e+00 1.002679438809655110e+01 1.010365698220760500e+01 1.022096702653176337e+01 1.038145991158328663e+01 1.046209148987533766e+01 1.069773942960564561e+01 1.086990570885143725e+01 1.097153257399666160e+01 1.111805960333461840e+01 1.123637258846239817e+01 1.127025947619877577e+01 1.146170622685602503e+01 1.161074862770438010e+01 1.176559267131097997e+01 1.197370927860146672e+01 1.221083678071491541e+01 1.272909021587718570e+01 1.308385744796642491e+01 1.319414038193220584e+01 1.341359700348004935e+01 1.354591779241876992e+01 1.374314310716603238e+01 1.390985981826118767e+01 1.407645779681887888e+01 1.416372390098316814e+01 1.438258343943828699e+01 1.459007622622354461e+01 1.475257253431091264e+01 1.482399328376773262e+01 1.499182403668191021e+01 1.505922900241724705e+01 1.530605115841713726e+01 1.584267478959394637e+01 1.615498431742754804e+01 1.641374629242283945e+01 1.661931740662785018e+01 1.688907585641956643e+01 1.724356551204973798e+01 1.734741314803557799e+01 1.789727558164806354e+01 1.800864300150067265e+01 1.856099024231160755e+01 1.870119886802556763e+01 1.900084448984302909e+01 1.917110484441631968e+01 1.948601379593318228e+01 1.974704824687355398e+01 1.985517603810217580e+01 2.005869710113642768e+01 2.015590940324627667e+01 2.037643314163093322e+01
-2.544848399198096800e+00 -1.978421103014385007e+00 -1.573436278845315117e+00 -1.066000112910565178e+00 -5.659105206269422483e-01 6.481257790727725787e-01 1.082940227915310194e+00 1.434452535928268269e+00 1.498958999279901949e+00 1.696115424532240290e+00 1.828853889468252891e+00 2.049839167076405566e+00 2.092365264881887121e+00 2.242841188444819167e+00 2.305996738441565164e+00 2.342630295757637704e+00 2.395230210693399808e+00 2.472703180323970074e+00 2.545395678108850923e+00 2.645074839984018045e+00 2.741490799691495006e+00 2.927933677238639731e+00 3.042868487804116118e+00 3.152118305237074480e+00 3.285181812103259880e+00 3.331052012876464019e+00 3.559229379708535923e+00 3.691017645831229377e+00 3.977018273395993120e+00 4.054471988545995664e+00 4.144268914566392681e+00 4.180898794493483450e+00 4.333064472099551701e+00 4.442154493912320312e+00 4.524135797304840167e+00 4.675765339849625946e+00 4.714670266214854522e+00 4.768733747160382563e+00 4.843346220185629214e+00 4.950202434402725338e+00 5.078007496818139010e+00 5.153828548696247402e+00 5.230089881160833620e+00 5.351767244753424357e+00 5.432446304700975226e+00 5.558247471676792451e+00 5.632941155905911046e+00 5.716803047239025659e+00 5.800255866692147322e+00 5.898061474724628717e+00 6.019628567335233882e+00 6.056766141258489000e+00 6.133327765841083412e+00 6.162456475861848304e+00 6.346109576697922527e+00 6.411720425831823889e+00 6.473301132575755901e+00 6.763060065010487065e+00 6.809123704965617918e+00 6.899092196955967538e+00 6.992784740494341733e+00 7.185237874739232034e+00 7.298815658882714885e+00 7.413563309016505620e+00 7.553494462842361479e+00 7.620699614816064837e+00 7.746845326512434404e+00 7.814490689693516678e+00 7.952821438197367421e+00 8.042479568216817754e+00 8.144948668368810374e+00 8.342717636513125257e+00 8.664223584135120504e+00 8.695743197357389320e+00 8.872153120297136653e+00 9.046332254340633483e+00 9.284917028615481627e+00 9.364031139730805364e+00 9.497867178080145578e+00 9.672292414504052971e+00 9.800667856605935313e+00 1.007015420420489704e+01 1.012749871745175057e+01 1.028718195501999944e+01 1.042443798373124331e+01 1.054000135356739598e+01 1.076965884867935763e+01 1.085276324750348387e+01 1.094012043235947118e+01 1.111604769395880510e+01 1.126888661612404974e+01 1.132166619996558410e+01 1.147894317009840215e+01 1.166796217555745052e+01 1.179973221399843375e+01 1.209433343082697299e+01 1.248481682241337509e+01 1.261322517949702338e+01 1.297114879588953862e+01 1.316246130372042877e+01 1.336711086758015554e+01 1.353446888807583903e+01 1.372750269372771825e+01 1.387925596465251665e+01 1.411042228267657528e+01 1.420706053381885781e+01 1.437090641617544762e+01 1.461296515408798058e+01 1.478476322863113523e+01 1.487050888829982220e+01 1.503080725851766708e+01 1.513551630122915448e+01 1.548732132768837566e+01 1.578963975907766404e+01 1.605779965551127120e+01 1.649473281615713915e+01 1.667531960264333435e+01 1.691758051264827500e+01 1.727299946429146260e+01 1.744071311904400190e+01 1.783603510374278756e+01 1.797540357520188437e+01 1.852213400891000816e+01 1.869362994887994489e+01 1.893416400326258042e+01 1.913259899067999470e+01 1.955038689962959353e+01 1.966270757422590165e+01 1.988720275205994881e+01 2.005291459200411097e+01 2.020497535637206710e+01 2.040125806260395080e+01
-2.245635173606816526e+00 -1.719957623189167117e+00 -1.130258185134769722e+00 -7.662101294316372435e-01 6.198307176092482385e-01 8.806846471561996514e-01 1.196926905754938097e+00 1.482276178303239433e+00 1.573403894191838459e+00 1.734384141044617689e+00 1.871913129365011308e+00 2.057587994318010427e+00 2.147108696972261033e+00 2.269877003057181319e+00 2.312097840555028316e+00 2.360753970144111147e+00 2.402023367201033821e+00 2.492403450355620276e+00 2.573861640832491915e+00 2.662142914494431523e+00 2.784882809376422408e+00 2.972934993994668318e+00 3.078845296009021570e+00 3.204225028484446014e+00 3.300995643456668294e+00 3.375386036340502827e+00 3.522199779505330586e+00 3.696128135146471205e+00 3.903833946180337744e+00 4.025367917826325304e+00 4.162109205872105200e+00 4.231081502879814771e+00 4.312909900611918701e+00 4.458941258862735069e+00 4.562806240618829889e+00 4.608390537829230915e+00 4.763636553728365364e+00 4.823618975674233589e+00 4.867566608426273866e+00 4.994506080280638471e+00 5.124337530747482106e+00 5.169683521268217952e+00 5.281099210997942883e+00 5.423550669789150014e+00 5.506503508474856368e+00 5.563974937429632561e+00 5.638568624654427097e+00 5.742507364549165771e+00 5.797020065915395648e+00 5.887069730775551513e+00 5.973552269438205720e+00 6.050711930610006561e+00 6.107311165082099258e+00 6.241045789344025430e+00 6.351497722572597482e+00 6.401982970442563037e+00 6.489668227591674388e+00 6.676135444773917627e+00 6.811454820887326456e+00 6.903770897571509302e+00 7.024030536875526032e+00 7.181756819402311365e+00 7.391419936461499418e+00 7.456343762602464231e+00 7.498655713875062467e+00 7.617040151016083449e+00 7.729013236112090013e+00 7.802737037944724285e+00 7.942730643898499920e+00 7.986683336910401998e+00 8.100738213859049353e+00 8.286438376931993588e+00 8.684890477105586370e+00 8.717881068777007414e+00 8.864597247125981738e+00 9.049282858408290053e+00 9.281139139720940179e+00 9.379633329003087994e+00 9.573418540295776324e+00 9.719546661618737815e+00 9.845050757806987463e+00 1.001199402602326849e+01 1.020019554556851382e+01 1.035711471623000968e+01 1.044833474131149664e+01 1.058721563134353616e+01 1.076857261112028219e+01 1.083157955504654346e+01 1.088549235270575544e+01 1.109671461109233803e+01 1.126637412106109259e+01 1.129550503858612842e+01 1.143189337688039053e+01 1.151628025585199211e+01 1.169708220631993179e+01 1.192851607097338551e+01 1.266200352358523062e+01 1.274037640231569668e+01 1.296307306382165692e+01 1.324057065680790402e+01 1.336533915816793794e+01 1.358041983948253772e+01 1.375129119121501731e+01 1.388665236109293133e+01 1.419932403301750590e+01 1.429955122063844897e+01 1.438380023093459492e+01 1.463796323610765526e+01 1.480522248317069689e+01 1.486820880538928868e+01 1.507523179428149085e+01 1.521674821164362079e+01 1.562029796411682092e+01 1.574438274687540407e+01 1.597136109286395111e+01 1.658388988367661909e+01 1.672442345654681972e+01 1.696323370904220340e+01 1.728520601947033697e+01 1.745372822987162209e+01 1.780147488556857738e+01 1.796586948121695926e+01 1.853804682236592072e+01 1.868020576337187677e+01 1.885513868063244658e+01 1.905930895163670158e+01 1.957974532153270175e+01 1.967430054320697863e+01 1.993846750082201780e+01 2.005918322169241819e+01 2.022931825435316355e+01 2.040138054458795835e+01
-1.466692255687457092e+00 -1.002952222922603998e+00 5.267097728460570227e-01 8.601734609458380199e-01 1.082413359532991226e+00 1.217498675960426269e+00 1.479953397230590717e+00 1.604239960182993308e+00 1.678753790085791175e+00 1.809286856213722317e+00 1.931069050111801966e+00 2.046294614228458375e+00 2.214825960160379470e+00 2.306206764291035327e+00 2.335320169603764651e+00 2.388118764831418606e+00 2.428749725285106020e+00 2.521642417773217737e+00 2.622118622488573081e+00 2.680028129307339135e+00 2.872674347571367637e+00 2.985204275124570650e+00 3.122775771294212355e+00 3.218298024582655348e+00 3.332742470507074284e+00 3.423506959702971919e+00 3.544808473691893003e+00 3.715037497422427393e+00 3.855622351238769951e+00 3.956119666181157069e+00 4.170109613708330443e+00 4.249032761675426428e+00 4.306777298418635880e+00 4.454100437606441254e+00 4.498162939938759486e+00 4.631842047777583460e+00 4.801741941481171949e+00 4.823829871745816789e+00 4.916976277670523032e+00 5.040792780627728398e+00 5.164126778443671739e+00 5.226742287671742204e+00 5.352305632589994921e+00 5.388995154220085126e+00 5.489106694983465040e+00 5.554361846856147089e+00 5.633957398313125253e+00 5.719855459188534219e+00 5.747860101269032462e+00 5.845832025232242657e+00 5.977998975950026939e+00 6.062885144734665666e+00 6.116483909751847747e+00 6.290257985274966046e+00 6.352972858840797876e+00 6.410306564055175294e+00 6.505875732961629687e+00 6.637209464552515037e+00 6.778134335108388697e+00 6.839029932806791834e+00 7.152088177912042433e+00 7.241215854932757878e+00 7.353888256508681387e+00 7.467131163419047368e+00 7.530989490597701952e+00 7.584301428906745635e+00 7.763179632828902221e+00 7.836960485208336102e+00 7.961715891463359895e+00 7.977168778211877864e+00 8.088919174656691524e+00 8.210296735506609878e+00 8.656921524995748740e+00 8.747844387800800092e+00 8.875571254100130147e+00 8.988943334197129431e+00 9.302167761475541141e+00 9.382701983050814931e+00 9.620525617179890077e+00 9.744473408481686860e+00 9.864517489435055353e+00 9.961408514986477059e+00 1.029504164386353260e+01 1.039675734740400159e+01 1.047554839861159159e+01 1.058697974040483558e+01 1.071120860661941343e+01 1.078365561035904108e+01 1.081954008300865233e+01 1.102366359174034649e+01 1.114173264255456530e+01 1.125092503885543138e+01 1.130264352392840443e+01 1.138074160142867086e+01 1.153419856882008965e+01 1.163656034367383718e+01 1.280531053829664678e+01 1.289681058147282045e+01 1.304243680605212496e+01 1.329140645106063090e+01 1.346006996934706024e+01 1.361188010863106079e+01 1.383558042162821344e+01 1.391846882612005842e+01 1.431173789188903278e+01 1.440327624310359944e+01 1.443363458310087033e+01 1.464419906648805458e+01 1.480567758161952874e+01 1.487524922022450191e+01 1.511806069070495617e+01 1.528682015603380329e+01 1.558365031320862570e+01 1.561892175617540701e+01 1.615363787232692516e+01 1.657718615441063292e+01 1.679365234962783404e+01 1.701989029080844062e+01 1.726786364804271301e+01 1.734210405376897413e+01 1.785512989790964156e+01 1.796442503200657725e+01 1.860496007009582442e+01 1.867494381978508144e+01 1.878346258109946021e+01 1.896212978729607812e+01 1.959344851706975987e+01 1.972797610837399418e+01 1.999587237500644221e+01 2.008195154232457824e+01 2.023418279196265956e+01 2.037470160821809628e+01
6.859519150432934476e-01 1.039968888100972988e+00 1.139821949579259641e+00 1.285894277641086880e+00 1.473432045412942815e+00 1.557362763343833834e+00 1.686612426566820533e+00 1.727962958649312597e+00 1.792990351630057155e+00 1.915616842361185013e+00 1.977027245057538796e+00 2.058043993530603633e+00 2.264908215583937068e+00 2.321716186943242555e+00 2.373093602242396294e+00 2.409310976463903575e+00 2.457863752186790762e+00 2.557579471878594468e+00 2.683187717813657613e+00 2.694671795524951730e+00 2.949660486509956048e+00 2.978243137236637139e+00 3.155712623523403426e+00 3.207288739985940218e+00 3.385274687908732982e+00 3.437354049232886677e+00 3.652102013907241762e+00 3.699477971706874424e+00 3.818926118883334553e+00 3.943212721728686532e+00 4.159860752894894098e+00 4.192584562341507670e+00 4.238655996982111596e+00 4.328638162642147513e+00 4.555118335311894917e+00 4.687359444878021364e+00 4.762545394258134834e+00 4.805658467755647756e+00 5.044814583667844410e+00 5.114007197916359715e+00 5.174398891410352697e+00 5.256630947943784271e+00 5.363517173164994212e+00 5.422962684223357144e+00 5.489065035432614259e+00 5.523972353997181450e+00 5.619861029288604648e+00 5.650476860442338989e+00 5.737675219109686253e+00 5.762566236174982315e+00 6.005469354300965179e+00 6.069481821517227260e+00 6.169937976066937502e+00 6.291372422921657659e+00 6.361704926357606205e+00 6.397602898018089235e+00 6.539460650202028269e+00 6.603972683436472479e+00 6.726761788758058636e+00 6.768720906389147807e+00 7.193588727290732621e+00 7.304059159831005843e+00 7.416765507648737099e+00 7.457110975195337943e+00 7.574673194070357773e+00 7.610311530935952362e+00 7.754095666227256878e+00 7.848145222869732152e+00 7.987382291113599209e+00 8.004598701152016105e+00 8.089831003289113198e+00 8.128471161410992352e+00 8.655899906882803307e+00 8.731729974475401335e+00 8.874796815900765523e+00 8.946896825107870654e+00 9.354209732003772260e+00 9.371794664694959920e+00 9.639094166072187164e+00 9.739613716830843870e+00 9.852607424653303525e+00 9.921412202989866813e+00 1.041183242447584867e+01 1.043597934357097579e+01 1.049450349779109537e+01 1.056542152384126787e+01 1.059735639718382494e+01 1.071070407615161635e+01 1.080726505125582904e+01 1.090502248209465819e+01 1.095703609980316884e+01 1.106493047211499814e+01 1.127430638188668155e+01 1.133016235382139669e+01 1.140968106445704677e+01 1.147309133663632430e+01 1.290308714645367338e+01 1.293424403330001837e+01 1.318454045692218557e+01 1.329757601787772359e+01 1.356767323176136664e+01 1.362384330523046039e+01 1.391619777994485219e+01 1.395596367280159811e+01 1.441670831150148224e+01 1.446094050868740410e+01 1.451713634963071442e+01 1.462814683547349759e+01 1.480653313086836853e+01 1.485180424367147012e+01 1.516399961613696767e+01 1.530348061847530872e+01 1.550191584513813403e+01 1.556944074906472331e+01 1.638543802509347103e+01 1.653200020138873327e+01 1.685448605576977954e+01 1.703829110694800519e+01 1.717365267976428811e+01 1.726135792070073194e+01 1.792326172619133828e+01 1.796436849854483597e+01 1.862729946432859762e+01 1.866067396185648164e+01 1.880837430745928884e+01 1.888123624920505961e+01 1.963864887051297003e+01 1.973089064279923122e+01 2.005118243619793006e+01 2.009809520116820636e+01 2.024474135210712689e+01 2.032694455165460212e+01
1.180521039531940986e+00 1.181703306724650293e+00 1.464107092250501729e+00 1.465398366877889602e+00 1.610026880869001031e+00 1.610453207648594010e+00 1.760295795457338386e+00 1.760694840772904168e+00 1.928500915603825749e+00 1.928855736252049313e+00 2.057324295233648570e+00 2.057754978787055489e+00 2.330736820809320875e+00 2.331221597827885184e+00 2.391437535467701103e+00 2.391712930542465809e+00 2.493246527064894913e+00 2.493616753709792189e+00 2.707956686915915512e+00 2.708291143502338016e+00 2.978840859257982476e+00 2.979516352968068826e+00 3.181551598615096843e+00 3.181724430191573028e+00 3.434598049737170200e+00 3.435091603057928822e+00 3.743607028822817373e+00 3.744259525030255276e+00 3.830727543643568822e+00 3.831168916110697431e+00 4.152369631703485275e+00 4.152514585754444099e+00 4.230522209300157321e+00 4.230637694597928267e+00 4.635963396137218417e+00 4.636164255327730466e+00 4.782161681270461706e+00 4.783359219984810728e+00 5.115760020332886349e+00 5.115936750791057364e+00 5.252656781358878924e+00 5.253263844260238180e+00 5.406320891670706175e+00 5.406592346928206005e+00 5.483029983081277869e+00 5.483561684876259612e+00 5.618312747875386926e+00 5.618812312615117044e+00 5.733292337286297169e+00 5.733564600711609671e+00 6.048785138252945615e+00 6.049180939833364690e+00 6.238120075612576088e+00 6.238564959112589570e+00 6.379738927545699489e+00 6.380208561761549824e+00 6.552527305775244670e+00 6.552979064752071814e+00 6.730381980436638045e+00 6.730428323274447955e+00 7.264059865531478088e+00 7.264345649088581602e+00 7.440561693180679725e+00 7.440873576423775226e+00 7.612458704032079915e+00 7.612857777649272073e+00 7.822189837037424986e+00 7.822506360710669959e+00 7.993669596935967014e+00 7.994097664994601615e+00 8.093631935844591396e+00 8.093798128569707373e+00 8.691498968567049843e+00 8.691659462930870106e+00 8.899744794819634208e+00 8.900012880119712477e+00 9.376805136687814013e+00 9.377155981040452559e+00 9.680083395822229875e+00 9.680835725181747620e+00 9.881218901373642893e+00 9.881669071626422607e+00 1.045609168525542465e+01 1.045618740929013768e+01 1.050314722023790281e+01 1.050326156736580785e+01 1.065357121798700213e+01 1.065388755238218543e+01 1.080695678176036090e+01 1.080736443469594121e+01 1.092023437578899347e+01 1.092031279892924900e+01 1.129055287068372060e+01 1.129066695236452667e+01 1.140521727692199505e+01 1.140547319782293556e+01 1.293761249644078681e+01 1.293810692394604978e+01 1.327069745320604000e+01 1.327094751633884151e+01 1.361850326869077854e+01 1.361853907832709609e+01 1.395982680036001966e+01 1.395992928523602572e+01 1.447292425047118769e+01 1.447332757166328321e+01 1.459387898990935462e+01 1.459398106559416952e+01 1.480545889970444051e+01 1.480612047060936831e+01 1.523564948081019743e+01 1.523605818785402022e+01 1.552753796569496458e+01 1.552787173811026733e+01 1.651084374574076818e+01 1.651088071229256826e+01 1.691916015191072731e+01 1.691927785331024126e+01 1.720371411303820608e+01 1.720376518537193533e+01 1.795761766338594256e+01 1.795775850806023044e+01 1.863435401623241106e+01 1.863465464333614818e+01 1.884899681514698244e+01 1.884920361795427723e+01 1.969259453548748340e+01 1.969271529510038121e+01 2.008862321842833154e+01 2.008883575574446212e+01 2.027681667686167799e+01 2.027720045154034167e+01
4.271171768040380456e-01 8.952547898329110687e-01 1.098004876714577138e+00 1.211182978459031778e+00 1.327197535997672873e+00 1.485242894848523454e+00 1.571457552663649837e+00 1.697599555922154613e+00 1.831204220682020933e+00 1.869322141615771038e+00 1.978516907766419308e+00 2.075869108873058089e+00 2.178432057581481729e+00 2.230334911051075064e+00 2.334434460152638557e+00 2.452555816232002250e+00 2.569082111877655450e+00 2.622051001646585000e+00 2.694682872177996291e+00 2.761084198314615712e+00 2.928819053925018512e+00 3.049764304317967856e+00 3.159082464815518243e+00 3.215281526150590707e+00 3.374742936785643188e+00 3.466391777883890857e+00 3.656335177007789650e+00 3.742070432457424989e+00 3.821986649884563825e+00 3.883166680696534812e+00 4.101220473750678330e+00 4.160536074684973329e+00 4.273107882255072987e+00 4.344958251397046389e+00 4.557026250331633221e+00 4.653768772962020961e+00 4.737545337755629582e+00 4.825998199876626593e+00 5.055993750020869371e+00 5.110142172408286498e+00 5.191435433887225948e+00 5.242125799154834453e+00 5.314329746014780476e+00 5.425947684006840355e+00 5.446389409462877751e+00 5.512200682813225505e+00 5.572768533114335732e+00 5.692955619764691555e+00 5.772344845990461160e+00 5.845849759400813639e+00 6.016399104545159915e+00 6.082890047731235761e+00 6.209631301026297123e+00 6.287870000850206864e+00 6.371683486970237453e+00 6.450311343497037164e+00 6.564583196217313343e+00 6.637950642345221475e+00 6.735382880290873508e+00 6.769329755533352255e+00 7.222133730179360889e+00 7.283648974313086555e+00 7.427075697588511716e+00 7.435416867152147447e+00 7.623898222715825845e+00 7.657490059035941599e+00 7.833404606689908789e+00 7.867120592928664280e+00 7.945284733594961679e+00 8.015475818781595763e+00 8.114342896171116593e+00 8.133876089950629051e+00 8.633712137834605116e+00 8.706334710409178612e+00 8.918517495243674986e+00 8.936095444778173302e+00 9.354005928581283769e+00 9.404745360980138358e+00 9.649651318317483017e+00 9.704458188623931392e+00 9.901003386042717125e+00 9.930367662001616580e+00 1.040334967095436625e+01 1.045510139206191091e+01 1.049994721196228653e+01 1.051486011279172139e+01 1.064873933132925643e+01 1.068778774785157282e+01 1.081075133721030390e+01 1.084713924047291300e+01 1.094716538477440970e+01 1.098220092356770827e+01 1.127654291401902320e+01 1.134164889010588695e+01 1.142902893659792163e+01 1.147768506200890393e+01 1.288465602204306215e+01 1.296946218685297403e+01 1.325796028987100961e+01 1.326911646715309168e+01 1.357494619370376654e+01 1.363568424380078348e+01 1.393095834819720658e+01 1.395734774164242431e+01 1.440447220409787121e+01 1.449281946479011829e+01 1.458052183385766831e+01 1.463141335629741313e+01 1.480521167002603100e+01 1.484411816930209937e+01 1.521731437101105122e+01 1.523502393959283907e+01 1.552207758819288763e+01 1.555847069844780428e+01 1.648748975856132759e+01 1.651406240539878212e+01 1.686597441939843023e+01 1.687571612028449763e+01 1.725739427820014527e+01 1.726839586493377254e+01 1.794067029104835598e+01 1.795282114087270742e+01 1.860068274374113528e+01 1.862906941794304316e+01 1.881517751550765283e+01 1.888933789114485506e+01 1.963812331833448255e+01 1.970354648273580978e+01 2.009783300310862586e+01 2.012339968931145862e+01 2.024840547583604078e+01 2.031267945340553283e+01
-1.963011906287416064e+00 -1.257885200388785263e+00 -4.797847780308098775e-01 5.941110567458323111e-01 7.724037050166239204e-01 1.117347844242022159e+00 1.381054726869334948e+00 1.536828611007398093e+00 1.611093205006647766e+00 1.703997609900245624e+00 1.855986587670232835e+00 1.971931281128975311e+00 2.090735790541971895e+00 2.229979803098420810e+00 2.283900760778002414e+00 2.392861873632919689e+00 2.516725035219848028e+00 2.685630938970859916e+00 2.708029405947171675e+00 2.835085691787095907e+00 2.889304015860616470e+00 3.059099485699113607e+00 3.136310571221487820e+00 3.265489497223188931e+00 3.337734610047559780e+00 3.466636681923219054e+00 3.579378961830907979e+00 3.703777419480056565e+00 3.837040349964246477e+00 3.961632391168808720e+00 4.155028645247238472e+00 4.199962399519442613e+00 4.365149424960452329e+00 4.418142854024734945e+00 4.529885328622673235e+00 4.618101328197224298e+00 4.732899489434221785e+00 4.827617634240208844e+00 4.967105697832603362e+00 5.064622683472082443e+00 5.141528216668022289e+00 5.213436517692523253e+00 5.308254478726979642e+00 5.416391431857333849e+00 5.459738677597185230e+00 5.526832462708579641e+00 5.595130610622397249e+00 5.764553570480657640e+00 5.818222623979776742e+00 5.929271796865053012e+00 6.007121152772214145e+00 6.104673728898648122e+00 6.199404532283362634e+00 6.289822195200692079e+00 6.428470457383014924e+00 6.494877781575461029e+00 6.650352585628877655e+00 6.706387533753001229e+00 6.758234229001555349e+00 6.903371034704309572e+00 7.172649881031913033e+00 7.267352990886952746e+00 7.425119228128998827e+00 7.449036685523930501e+00 7.645102352323053019e+00 7.708007127281691240e+00 7.793637474942166854e+00 7.902941298573924023e+00 7.971069754384399353e+00 8.047506062290882056e+00 8.179724381768217256e+00 8.223109300312778203e+00 8.588148516562785773e+00 8.693301802335408723e+00 8.958141057646122007e+00 8.985902603904255770e+00 9.326723167690502692e+00 9.444088988869888013e+00 9.614817931301264053e+00 9.729270872876497833e+00 9.955827527233932273e+00 1.000135849935348986e+01 1.032368107853684336e+01 1.044861443322442796e+01 1.048800623567851709e+01 1.052805423402724472e+01 1.064925307873625648e+01 1.072600283261819420e+01 1.081954154373864263e+01 1.091019200739570749e+01 1.100414803259599772e+01 1.115362193116648726e+01 1.130708823645332295e+01 1.138388363433993611e+01 1.154670625513307414e+01 1.170049525910879495e+01 1.279758260476928022e+01 1.297532762079750768e+01 1.321394112915852048e+01 1.325704480927009321e+01 1.350812620431513267e+01 1.364811451846628110e+01 1.387296956261224601e+01 1.393666417558447712e+01 1.430619399156856808e+01 1.450377999921917294e+01 1.453745064288042244e+01 1.467965583921535888e+01 1.484003089997023217e+01 1.492129551876146110e+01 1.517458575716309888e+01 1.524400652158924352e+01 1.557359459135314772e+01 1.558489126305997097e+01 1.642697533159974554e+01 1.647352455185972531e+01 1.677361380545842806e+01 1.683357150714991235e+01 1.734620351307991726e+01 1.739428408421492023e+01 1.790476221888536301e+01 1.795241641999235327e+01 1.852265724971465843e+01 1.861427792221490307e+01 1.879934465464199533e+01 1.891467965614213398e+01 1.956343653974039398e+01 1.967936077727578237e+01 2.013151285583981220e+01 2.016039795425594505e+01 2.025652953080573937e+01 2.034767301742003198e+01
-2.736479441211190800e+00 -2.014324133908663939e+00 -1.221650642432462908e+00 -7.437540489356239126e-01 -1.557016356083920638e-01 7.233302285972935675e-01 1.063950802546493435e+00 1.279882449654129006e+00 1.375394775156495220e+00 1.587503222942249881e+00 1.724811564969527922e+00 1.908181919144938510e+00 1.984912916765906532e+00 2.167921620177500674e+00 2.245232370602551875e+00 2.388153743712315702e+00 2.422319597842401695e+00 2.626681322739425006e+00 2.714375776376763305e+00 2.816337188006006631e+00 2.930405065880403725e+00 2.987291286882025609e+00 3.116301333554798436e+00 3.298204878078853763e+00 3.404371333424733859e+00 3.490111832083035548e+00 3.629185648577772927e+00 3.695493849556164445e+00 3.874128459699090588e+00 4.026490275096014315e+00 4.182271769276759699e+00 4.199609462248700353e+00 4.374463963950491419e+00 4.455550215799283009e+00 4.587527408249305161e+00 4.634668693884782087e+00 4.759310910142961148e+00 4.849539213814193950e+00 4.933334980781182821e+00 5.033275006608080915e+00 5.135087047004518013e+00 5.254664163210108541e+00 5.331534625744474454e+00 5.442765276234250216e+00 5.475351830243282869e+00 5.516732361202390855e+00 5.642498978018485545e+00 5.806918851741277088e+00 5.870494038570497786e+00 5.921660965760910500e+00 6.022790366157763309e+00 6.097686884866714507e+00 6.206787738394782039e+00 6.287705443988753196e+00 6.460127956182764031e+00 6.528542955016160221e+00 6.663648337975482505e+00 6.745497341582497697e+00 6.832852793598342522e+00 6.970164044285165339e+00 7.129593947075799854e+00 7.259490420919321174e+00 7.423317094238471192e+00 7.469158151437644833e+00 7.609662103606482653e+00 7.732080022065972891e+00 7.771079043304645495e+00 7.926366756507156275e+00 7.998095313151480923e+00 8.139147605246231265e+00 8.235780950150491719e+00 8.304949872988501625e+00 8.578978313851035153e+00 8.700592286051451296e+00 8.994912584503676811e+00 9.026247304455340625e+00 9.322541839380351192e+00 9.451430045775969901e+00 9.584177488890224694e+00 9.730809077698847176e+00 9.983541938702900964e+00 1.003501433569647538e+01 1.024779848290725504e+01 1.043834311663849590e+01 1.047133694021133188e+01 1.053300252989700070e+01 1.063746582594231960e+01 1.074596208145026566e+01 1.083600019777462364e+01 1.096223820056867027e+01 1.106333688160589901e+01 1.125224766004279253e+01 1.136111962699160394e+01 1.149361643784029141e+01 1.174290288030107376e+01 1.199790318466143724e+01 1.267261256952510884e+01 1.291472464415240218e+01 1.311208286629168107e+01 1.322770349552823532e+01 1.347301062532582172e+01 1.368303455611019182e+01 1.380071797739911688e+01 1.393312484430473042e+01 1.423223716229899338e+01 1.446066336367151628e+01 1.452297133502313820e+01 1.471464572174224905e+01 1.489867832394715563e+01 1.499633887246154273e+01 1.515621986882587713e+01 1.529098123150283506e+01 1.559003168734623834e+01 1.567736969847401340e+01 1.630652765414963667e+01 1.637589950392150584e+01 1.671137675685252688e+01 1.683768538694062755e+01 1.739876357332029500e+01 1.750380169415102216e+01 1.789291806093340398e+01 1.800194157246116688e+01 1.844530687074151487e+01 1.859812834245337498e+01 1.879455487492822385e+01 1.892248886179543277e+01 1.949348900586641165e+01 1.963802934341477524e+01 2.013980628757202851e+01 2.019378658839092822e+01 2.029747218535784725e+01 2.038153896771252960e+01
-2.960655431556661110e+00 -2.226844414181163412e+00 -1.403144565178592540e+00 -9.044928031268156809e-01 -5.863152836886359465e-01 7.151795885148148901e-01 8.487467421694088188e-01 1.222944151994681095e+00 1.241936785540709076e+00 1.533913581586139330e+00 1.701702020953863803e+00 1.809722088035262244e+00 1.903180596445557926e+00 2.068495389385623273e+00 2.181217758029197373e+00 2.386221266283543585e+00 2.495016760851050730e+00 2.551910362537276988e+00 2.700232981876977689e+00 2.852828601806616238e+00 2.941554378983779916e+00 3.070062633535631580e+00 3.152760233296897585e+00 3.340992960432545456e+00 3.448514629742108983e+00 3.536839088862944624e+00 3.656352384103887854e+00 3.733249188789553141e+00 3.892656860986674072e+00 4.025791187069304833e+00 4.170353064640690555e+00 4.227306967504719459e+00 4.342817866369164115e+00 4.523903126203701497e+00 4.601256861718714397e+00 4.699814378779180402e+00 4.750544858797105974e+00 4.867318278031434353e+00 4.982509569737096022e+00 5.015168908193548880e+00 5.160231130303456482e+00 5.270876002634178548e+00 5.345031083676552441e+00 5.430972838997022656e+00 5.500570409087940149e+00 5.565267228404819022e+00 5.669757883018699651e+00 5.799555886217210521e+00 5.883449562567707680e+00 5.918924033464268319e+00 5.986683254393939002e+00 6.113788265846509695e+00 6.228822999946563854e+00 6.312043959941497029e+00 6.488652566965906310e+00 6.533464272669484707e+00 6.679512020393095995e+00 6.741351177098060532e+00 6.870738338192138528e+00 6.984701045605939740e+00 7.100612689749911333e+00 7.202455532804992622e+00 7.365430338536349097e+00 7.522353075380723730e+00 7.588438695385108623e+00 7.678705233411932340e+00 7.826255947915362832e+00 7.949595079213968241e+00 8.029883367093553659e+00 8.244889842451572193e+00 8.267145468481585269e+00 8.371817702658908900e+00 8.572536196501573613e+00 8.715647047411540171e+00 9.034511306084226590e+00 9.069351290801051846e+00 9.325119108550980584e+00 9.432692865677688943e+00 9.556114915336907600e+00 9.709697523271964670e+00 9.933677119285427182e+00 1.001753616294267246e+01 1.018323403838732411e+01 1.040414388922254929e+01 1.044188089895604854e+01 1.051262149877076624e+01 1.060636559201773643e+01 1.071751817916827676e+01 1.088235830678628169e+01 1.099552718926693906e+01 1.110309435869407757e+01 1.126392680906796961e+01 1.138806603377301485e+01 1.158546216897259917e+01 1.187384056169669755e+01 1.219895521511038261e+01 1.256688755838018068e+01 1.276902344333400663e+01 1.301676037930554308e+01 1.315870167244876043e+01 1.349573644016624918e+01 1.374277866025960471e+01 1.377926628849632351e+01 1.397943290050921838e+01 1.421313655803998621e+01 1.441851595434745015e+01 1.450902650085607704e+01 1.474364550677135455e+01 1.497668941951037702e+01 1.503824152006576220e+01 1.519231590742816707e+01 1.537136946453356501e+01 1.559057259369502368e+01 1.577845407363233576e+01 1.615460843711567307e+01 1.625158870037806835e+01 1.669972217823094240e+01 1.684669938094123154e+01 1.738577194052387398e+01 1.753014627452178686e+01 1.797113918821539613e+01 1.812825958112113867e+01 1.840610870303648383e+01 1.858801089356148495e+01 1.880387321230549347e+01 1.892238335504113422e+01 1.943903784653877409e+01 1.958717060726770498e+01 2.013667163867564369e+01 2.023172316286588668e+01 2.031899917673892020e+01 2.040450836832670234e+01
-2.676278745023043637e+00 -1.955865542113441213e+00 -1.156897375903955139e+00 -5.807954684585159288e-01 1.945917003936536160e-01 9.306015401349926330e-01 1.128698927493540838e+00 1.250623877075449863e+00 1.384669461234395715e+00 1.558321723537039682e+00 1.716478864368311763e+00 1.798035469112940987e+00 1.924037152936699746e+00 2.057387153011791092e+00 2.176364090529402162e+00 2.420216700291541123e+00 2.475291507106557987e+00 2.592947774306069153e+00 2.708275471246799349e+00 2.913804497927862336e+00 3.011478670677078195e+00 3.206154779949037970e+00 3.258686002385698721e+00 3.346360159199742501e+00 3.466411326908355850e+00 3.581339367523793449e+00 3.700192053800473335e+00 3.756763545628968970e+00 3.877340514416006911e+00 4.004798419502014539e+00 4.187048295544423482e+00 4.262202105878922787e+00 4.352680278489736487e+00 4.539187572985626140e+00 4.615235640494720570e+00 4.682167609285473375e+00 4.761240516228456343e+00 4.883651516918650515e+00 4.997059154284672289e+00 5.037845340980805275e+00 5.179388329403497693e+00 5.227702834669294418e+00 5.325106807266819509e+00 5.449757737872815255e+00 5.504235708433797392e+00 5.583717935990628156e+00 5.675475837130017354e+00 5.735683077450536516e+00 5.867389856334138898e+00 5.891735792580660380e+00 6.017204954724948429e+00 6.126201317764516929e+00 6.256975090166281284e+00 6.320125727674199112e+00 6.505265830414283634e+00 6.540983209240081919e+00 6.700926409237584203e+00 6.730067377061761391e+00 6.877907987907550869e+00 6.988641504962674667e+00 7.035854372689673397e+00 7.149065849341236678e+00 7.304689208572010983e+00 7.474902883295730049e+00 7.621493757120243906e+00 7.670612374124051946e+00 7.831039542227136607e+00 8.000177035023922301e+00 8.053722535900556423e+00 8.238112871232665668e+00 8.405769163313973280e+00 8.451683961304706116e+00 8.567006471445127502e+00 8.713703932731910129e+00 9.061781908291667520e+00 9.125475856709378775e+00 9.320926580511768478e+00 9.406100114220967257e+00 9.529364728239364979e+00 9.677449294396453183e+00 9.833031483881615742e+00 9.950425907313386276e+00 1.009915819828152017e+01 1.034044311696388796e+01 1.038965257390532493e+01 1.046753060773449739e+01 1.055211187854445676e+01 1.064641249473298323e+01 1.092117756514781135e+01 1.102042537798824817e+01 1.110183706203411802e+01 1.125581959153681844e+01 1.137099991595412618e+01 1.155802639034761903e+01 1.179217617539642227e+01 1.202362006502345437e+01 1.262293439022682406e+01 1.274019991681010744e+01 1.294852763685205055e+01 1.306442611379725527e+01 1.357940284399344755e+01 1.380628292648492206e+01 1.384846583517614249e+01 1.401954455120513110e+01 1.426750849065775206e+01 1.441663761322139514e+01 1.447987343241730329e+01 1.474713084214746850e+01 1.507388903756734955e+01 1.510836914188101687e+01 1.524718997851281799e+01 1.541444383659018236e+01 1.563377856484509110e+01 1.581978165807479719e+01 1.602193550137944911e+01 1.613074538670763403e+01 1.673771616188137656e+01 1.685223074763834461e+01 1.733174572455338236e+01 1.746254554404310966e+01 1.813402616276056989e+01 1.828404613228775943e+01 1.842213457061481208e+01 1.858520974894082656e+01 1.884618368439096159e+01 1.893098292087576340e+01 1.940022521577865788e+01 1.952692946093870674e+01 2.014584689978393683e+01 2.025456902632328493e+01 2.031783504531131967e+01 2.039650421490564725e+01
-1.795738590072795793e+00 -1.223084589270086786e+00 1.102384856905602173e-01 9.613487283043282705e-01 1.087386890198058786e+00 1.257732704488451203e+00 1.368709209027744844e+00 1.453248243852063970e+00 1.595438647792533304e+00 1.650562966379543139e+00 1.805434389536419770e+00 1.892258461969492878e+00 1.980189580373340696e+00 2.064303776113238786e+00 2.304683373237940813e+00 2.438496551974106641e+00 2.503676332838703278e+00 2.670953158912005243e+00 2.717434718484545986e+00 2.895486075968685569e+00 3.122370177175467720e+00 3.249975547106775497e+00 3.379575988882276505e+00 3.417508864273042235e+00 3.513449420225489117e+00 3.602465501703763895e+00 3.684932979610865633e+00 3.819560590728169558e+00 3.881835710096700254e+00 4.051932996329327352e+00 4.204615985983564563e+00 4.302544825630283398e+00 4.373506005602291857e+00 4.518132352272608898e+00 4.591532906057810948e+00 4.648736217498989021e+00 4.785869143760798750e+00 4.908829675101986645e+00 5.000741393227690068e+00 5.053806840728159777e+00 5.136346335727363765e+00 5.196136659080146103e+00 5.320197501368461701e+00 5.407956027763779261e+00 5.531085665396693329e+00 5.552988193212194723e+00 5.630901629442142564e+00 5.719857826419717739e+00 5.822368761363783563e+00 5.855843160092128130e+00 6.019837011301044427e+00 6.036456664906977743e+00 6.345192464053666548e+00 6.368400329574596341e+00 6.475338129614197413e+00 6.550745122612382509e+00 6.714993176500001049e+00 6.736054017309835551e+00 6.872904421619904447e+00 6.918286164356092449e+00 7.024218481519766577e+00 7.128188012275064267e+00 7.252295452075776083e+00 7.315022559909401423e+00 7.681572642144733898e+00 7.708696335391326926e+00 7.809149462823802068e+00 7.987000229686183062e+00 8.111516590049749453e+00 8.244294565358721627e+00 8.410833012698338607e+00 8.462838914227866383e+00 8.669706060934720071e+00 8.824961365990175111e+00 9.082379892810953592e+00 9.178227928206140973e+00 9.310252021442551040e+00 9.380075921521413562e+00 9.503953573563805435e+00 9.644023494192040857e+00 9.740979570637261276e+00 9.825594057229544376e+00 9.969747040292995521e+00 1.018863454505347654e+01 1.034474594390815660e+01 1.041330056747240640e+01 1.047417526856612646e+01 1.058084813383091216e+01 1.091449719282501540e+01 1.103771410165092703e+01 1.105873540077361383e+01 1.120519050235540348e+01 1.134667506361143197e+01 1.147620672125743013e+01 1.160886691746550348e+01 1.171404491657597902e+01 1.269643571667753967e+01 1.278450537301312195e+01 1.290977481774528179e+01 1.297934335564201902e+01 1.372058437236005801e+01 1.389053058488961412e+01 1.390873879212704978e+01 1.402651074237920703e+01 1.434287077099748942e+01 1.442904575003064949e+01 1.447604953228942826e+01 1.468814569940813186e+01 1.518663760546451869e+01 1.521891628130756580e+01 1.531015249058651406e+01 1.541479665794602560e+01 1.571248669683117605e+01 1.579991718703153225e+01 1.593001228430747318e+01 1.601417340621016194e+01 1.682333459046793678e+01 1.688102983977588778e+01 1.725759429123214872e+01 1.734393533679118349e+01 1.830161504113385007e+01 1.840273502098463254e+01 1.847538424526743484e+01 1.858530149163150824e+01 1.894201017146676591e+01 1.897998456939009060e+01 1.936674630498864857e+01 1.945224352504110499e+01 2.016999571544877057e+01 2.025999292551322739e+01 2.029934132651292700e+01 2.035517890281442277e+01
7.794064193950656083e-01 1.004911625745835257e+00 1.157402402173796974e+00 1.383355355996338965e+00 1.482298731913255452e+00 1.512227195650615030e+00 1.588347766583915188e+00 1.682184228787659386e+00 1.768519068844252029e+00 1.892202354067759051e+00 1.946154992092065328e+00 2.002065270341098380e+00 2.040783501633448349e+00 2.114261287164085346e+00 2.336631116706718192e+00 2.412306441255674727e+00 2.627312683271958438e+00 2.714337493858534067e+00 2.777454931348222189e+00 2.856303861833353608e+00 3.142882107288876181e+00 3.242248075670131069e+00 3.333134304626406585e+00 3.401033476206627881e+00 3.635710985663504591e+00 3.713120842529150423e+00 3.767796014904051027e+00 3.838909673007814494e+00 4.048222302788056837e+00 4.127779535879352757e+00 4.221375929117952452e+00 4.293790451834693656e+00 4.429782666480720721e+00 4.463217551615787038e+00 4.534721113491400502e+00 4.610271793631829595e+00 4.853132389844533989e+00 4.913671763691862537e+00 5.012547719648901001e+00 5.027948053908367854e+00 5.119541509821043057e+00 5.200697196123857502e+00 5.307760884710269522e+00 5.360443784361579311e+00 5.483744342969574248e+00 5.547959456969993042e+00 5.603702421094544306e+00 5.684979430165612690e+00 5.789054338988989024e+00 5.833355005702029139e+00 5.912512745919857871e+00 5.922916432655066288e+00 6.405637809485954293e+00 6.427479891001961043e+00 6.477977504153490607e+00 6.558602578433631258e+00 6.710333626007297880e+00 6.769251690446883352e+00 6.802908878239187551e+00 6.875515015098389249e+00 7.031716016694891103e+00 7.075701358182758582e+00 7.212138634224147360e+00 7.221780623026247348e+00 7.717700424165280459e+00 7.730136988666435727e+00 7.803858890310693575e+00 7.916003550549736367e+00 8.192235919408446421e+00 8.262130874916939760e+00 8.333931777778888161e+00 8.373777494873266392e+00 8.888212126959290416e+00 9.021774248162973464e+00 9.103126142154476241e+00 9.200315440863553462e+00 9.322275313797282692e+00 9.375778222144026230e+00 9.483448023071206379e+00 9.583419293525448523e+00 9.672814146841941962e+00 9.724938488181450680e+00 9.799393162202051144e+00 9.911127341492873555e+00 1.034604503492814231e+01 1.037834792390329852e+01 1.042443334521510856e+01 1.050591101438597086e+01 1.089591827703655547e+01 1.095323240232104389e+01 1.107951314946926047e+01 1.112363967474642124e+01 1.134261665829778565e+01 1.141119727104671355e+01 1.147626896916164974e+01 1.151324599412061289e+01 1.274648260763170704e+01 1.278736684805727286e+01 1.290426707710981802e+01 1.292841121575160201e+01 1.385962355872304030e+01 1.394166085412542166e+01 1.394883439620923937e+01 1.400889071113726381e+01 1.439856023288911580e+01 1.445030225147888103e+01 1.449035025992018433e+01 1.458377224630752700e+01 1.530070294413198972e+01 1.532594148328521655e+01 1.536552021895071718e+01 1.540436914671833080e+01 1.576779685929635733e+01 1.579865500102606468e+01 1.585395656098939554e+01 1.590226555777746853e+01 1.693534300635874956e+01 1.694964631269045086e+01 1.716866959442307916e+01 1.720708416398379725e+01 1.842264799855550095e+01 1.846301363349134306e+01 1.851893244821386375e+01 1.857223849012155270e+01 1.907869238428880365e+01 1.909597356042615601e+01 1.931710133688293496e+01 1.935444163115083427e+01 2.020667335617173066e+01 2.025510881988086354e+01 2.026870782908389401e+01 2.030105176261187339e+01
1.338370421686874590e+00 1.338901091661951703e+00 1.386748707288323335e+00 1.387278420644668664e+00 1.663383153542031145e+00 1.663829813119062306e+00 1.755519514549313875e+00 1.755834146397916351e+00 1.964218380708149914e+00 1.964624053407207915e+00 2.003563716443640175e+00 2.004034761862669711e+00 2.239483897451689298e+00 2.239651388982629499e+00 2.241150424509962491e+00 2.241444977425916196e+00 2.778011022977121769e+00 2.778781306870081735e+00 2.795185052238842616e+00 2.795544553931414544e+00 3.234728206701863673e+00 3.234980694392262990e+00 3.240944061652035746e+00 3.241221617369179686e+00 3.782519994017549791e+00 3.782853925008205387e+00 3.839910779259411377e+00 3.840140561864645363e+00 4.163488595401176440e+00 4.163817398179758378e+00 4.272878699484588871e+00 4.272902351436106194e+00 4.444836429342778672e+00 4.445058221846067248e+00 4.500447572705771115e+00 4.500650008699205173e+00 4.968847362498795661e+00 4.969236786040093889e+00 4.988620215209874864e+00 4.989139940909821824e+00 5.155331706517076285e+00 5.155910452011104539e+00 5.299269168860567092e+00 5.299742838314351445e+00 5.489300783050979682e+00 5.489860875584529509e+00 5.653952144597520935e+00 5.654335519747021976e+00 5.793239308028962142e+00 5.793264065160185439e+00 5.848737253295411165e+00 5.849358539133608481e+00 6.422906906403099470e+00 6.423420410327914887e+00 6.550797828823691660e+00 6.550961870484472982e+00 6.712861105731924738e+00 6.713113004481718882e+00 6.822611968931584947e+00 6.823083237164666137e+00 7.049658376976437602e+00 7.049967697889658602e+00 7.199349540122572222e+00 7.199770564526764893e+00 7.728477305954519316e+00 7.729056598498470265e+00 7.842810111342675583e+00 7.843047995726754706e+00 8.280649293592194482e+00 8.280873985156205208e+00 8.284084728010187249e+00 8.284202148209688588e+00 9.071820332042916490e+00 9.072220666648261655e+00 9.140967182015502956e+00 9.141565349572235988e+00 9.432558429487947649e+00 9.433339684885556409e+00 9.450413078411090240e+00 9.450629265210105601e+00 9.690958389271848716e+00 9.690992632133504259e+00 9.701693084733873818e+00 9.702287369135415673e+00 1.036778507762199020e+01 1.036793456719416717e+01 1.042932148028350348e+01 1.042946142341877014e+01 1.090257188708353553e+01 1.090288017941405307e+01 1.108654338741130196e+01 1.108708672842425713e+01 1.134907250850556082e+01 1.134958222561258978e+01 1.145690911645543331e+01 1.145762596420166624e+01 1.277163258285876601e+01 1.277203792242920777e+01 1.291029457378643386e+01 1.291060536136649972e+01 1.395091331396372780e+01 1.395123445936567208e+01 1.396534899267345864e+01 1.396545873337492516e+01 1.445723161180818828e+01 1.445750253141649289e+01 1.449809645845622796e+01 1.449831009523339809e+01 1.537521676278036331e+01 1.537544998209756564e+01 1.538151043557201270e+01 1.538173108306622083e+01 1.580645097673111721e+01 1.580667912868338831e+01 1.582345071533462288e+01 1.582371830009639524e+01 1.702576692462686125e+01 1.702606795947824025e+01 1.709741922636480638e+01 1.709752082976575238e+01 1.847933237174354204e+01 1.847954853345867221e+01 1.854146147403010403e+01 1.854169839675909870e+01 1.921721714440879580e+01 1.921751170700191125e+01 1.923541192118152665e+01 1.923560312826148078e+01 2.024728192579733488e+01 2.024768368059883628e+01 2.025476316212152383e+01 2.025511474735870365e+01
8.473932983490310988e-01 1.188238932029949568e+00 1.268452034059081246e+00 1.386425953142837786e+00 1.543819113908331708e+00 1.604060754567995906e+00 1.628434889544410069e+00 1.713604366774134524e+00 1.769437651669384826e+00 1.872589847462144075e+00 1.960658889739203881e+00 2.056802129286396941e+00 2.112269400861122914e+00 2.232509517406341182e+00 2.275176764677576013e+00 2.387252323213238103e+00 2.647864055574439046e+00 2.737056912487846549e+00 2.806692719771560096e+00 2.877478583623365616e+00 3.093456649263289560e+00 3.182708690852784628e+00 3.307382101720120815e+00 3.359869015266581993e+00 3.643416879755652538e+00 3.752050974449495424e+00 3.782536603063997305e+00 3.908652552114139311e+00 4.091983196031105052e+00 4.169269842809724125e+00 4.238522366357523552e+00 4.295930164146729346e+00 4.355873926600257739e+00 4.419474761808012353e+00 4.496752085673787036e+00 4.581825127650978047e+00 4.848947700354163892e+00 4.955925085775260364e+00 4.994593946253936600e+00 5.018583577206451096e+00 5.120260921101201568e+00 5.221681905748460473e+00 5.241570570336012480e+00 5.401548795049689211e+00 5.463659508777723772e+00 5.563064343581872961e+00 5.637739276204933425e+00 5.707557387608268584e+00 5.779686735793664987e+00 5.808249514581476092e+00 5.896868862825802360e+00 5.929167646046400897e+00 6.364981794726471520e+00 6.416514788183869555e+00 6.535736754325167652e+00 6.574332286867926811e+00 6.657114399624179057e+00 6.756960013007290655e+00 6.803779994594561842e+00 6.865952227717891709e+00 7.038845696579413946e+00 7.091081664402181239e+00 7.206662797156955236e+00 7.248673303292234138e+00 7.682236449381355747e+00 7.763127066033918666e+00 7.800418948501176786e+00 7.883928435481560193e+00 8.181415976439708970e+00 8.276421174709113870e+00 8.300447119870030477e+00 8.388344724609659409e+00 8.933142299112573070e+00 9.028142811985910399e+00 9.110967576089523234e+00 9.214490708139754460e+00 9.314662496979813966e+00 9.400573930871683359e+00 9.469208005464210487e+00 9.574981899939858820e+00 9.664706891458466842e+00 9.696283511661240695e+00 9.789876316700970804e+00 9.850240264319610972e+00 1.034223746131805655e+01 1.039421028241483214e+01 1.044339204162475276e+01 1.049996121640924862e+01 1.088007057255198085e+01 1.094596535892948452e+01 1.110540121517141898e+01 1.112453663440130569e+01 1.133362349302899297e+01 1.136745408877185959e+01 1.146915252371923621e+01 1.154192534127110292e+01 1.273088142739082507e+01 1.275547445053770268e+01 1.287840639438979906e+01 1.294504636060353953e+01 1.387025733144506567e+01 1.391431920651803900e+01 1.396208378213199275e+01 1.402132898470739875e+01 1.442163088467394161e+01 1.445973516879084819e+01 1.449591236004386019e+01 1.451711157750782455e+01 1.531011110162536859e+01 1.534929552206191161e+01 1.535656804478713333e+01 1.540490962848351053e+01 1.569569020554908967e+01 1.582905047052096315e+01 1.585395237380040179e+01 1.596247049898616410e+01 1.692379687664333332e+01 1.706267192562901158e+01 1.712029260984668966e+01 1.716750436857025264e+01 1.843636279230887709e+01 1.846731256032239799e+01 1.854930423869421219e+01 1.857685484947123200e+01 1.908948061086742243e+01 1.919476886493406553e+01 1.922055141563557967e+01 1.933515030370440968e+01 2.016639895927291448e+01 2.020971440674025388e+01 2.029520645798286793e+01 2.033696649334197204e+01
-1.309515157260627394e+00 2.236275040416823012e-01 7.614885581134760439e-01 9.839338174883915933e-01 1.229089863692211182e+00 1.315941032061054061e+00 1.445169868754401454e+00 1.563290739747115854e+00 1.701318017964216445e+00 1.734841268664986114e+00 1.902814834543331557e+00 2.002591854393747539e+00 2.088481024496680050e+00 2.235313142325717539e+00 2.318109803017573078e+00 2.436602135734999841e+00 2.571066987101096490e+00 2.628967958894640411e+00 2.795656081282823280e+00 2.866710678640615129e+00 2.996224660300120579e+00 3.136137708628305099e+00 3.301322866986102333e+00 3.381012108672719840e+00 3.522500999803647392e+00 3.658132193669546783e+00 3.686310191489851285e+00 3.911961959131619704e+00 4.003043815045487896e+00 4.117245000372968811e+00 4.198149488010062491e+00 4.228158613697466706e+00 4.284519987390804197e+00 4.436595716124105415e+00 4.501443043848450287e+00 4.597320748045516048e+00 4.735389185378646282e+00 4.938664986977824967e+00 5.004979436120997605e+00 5.042429500131890840e+00 5.085426956498368511e+00 5.218014217423308843e+00 5.309153426534810372e+00 5.443566837907077627e+00 5.535691566773475181e+00 5.608352321058401202e+00 5.711198016811200873e+00 5.752702795422787396e+00 5.796351051352623962e+00 5.842555194229531956e+00 5.951583846168864156e+00 6.111065956807158805e+00 6.288264914798566529e+00 6.394286111934222916e+00 6.492966116968291956e+00 6.550174586402855326e+00 6.655450032375000546e+00 6.779105352070801338e+00 6.838429484171967054e+00 6.919375417423339059e+00 7.040541459636233235e+00 7.149411934267188684e+00 7.225088309045619717e+00 7.328157741932999514e+00 7.605494588031024072e+00 7.734592487475016043e+00 7.813702557494800693e+00 7.922302312879377695e+00 8.120732759311563242e+00 8.254673103354402741e+00 8.330021505204209475e+00 8.474254067136891777e+00 8.754924582347042517e+00 8.887039289938661213e+00 9.104665289818768770e+00 9.218764746090634787e+00 9.290340919464075142e+00 9.361642920904996501e+00 9.474483483301565201e+00 9.630557448782615992e+00 9.718575421864677821e+00 9.780557736634269972e+00 9.948355295210161486e+00 1.009588904512355079e+01 1.033532481521346291e+01 1.039533286016093250e+01 1.049790093108076405e+01 1.066063535363643489e+01 1.086729424061783966e+01 1.098481810119954361e+01 1.115419468522918756e+01 1.118017929167326763e+01 1.132281791879448818e+01 1.143748748914888580e+01 1.154227501423503988e+01 1.173553985721259529e+01 1.261969550374416471e+01 1.271651769397884735e+01 1.285279762703266648e+01 1.297368393907850326e+01 1.375591392542517077e+01 1.383879172431690563e+01 1.394797088283643305e+01 1.405211876680263039e+01 1.434619851724801975e+01 1.442874341728806620e+01 1.450683622572281095e+01 1.456186598914938202e+01 1.520110372452912451e+01 1.528308050504285909e+01 1.528767201843695211e+01 1.540638581387046813e+01 1.563149681582294726e+01 1.587080701300968499e+01 1.594791660098760211e+01 1.610103295749861729e+01 1.682599230841136517e+01 1.706262679751447919e+01 1.716366108609260976e+01 1.728854833608129127e+01 1.836169884414091769e+01 1.842837918411818166e+01 1.856613412771567084e+01 1.863094713224181120e+01 1.893393633980216961e+01 1.914500788257397090e+01 1.920464983533985404e+01 1.939334208922663905e+01 2.009303863704216653e+01 2.016440196676770924e+01 2.034433210077940046e+01 2.041140481605207313e+01
-2.096706733476638274e+00 -1.363304617176519962e+00 -6.965020621254920385e-01 -2.646418566691125518e-01 5.035524105339582723e-01 9.468871062965448226e-01 1.233218001913342077e+00 1.424647747897898054e+00 1.558545849808643524e+00 1.692474484175810145e+00 1.865573444399501568e+00 1.957750654601623230e+00 2.068057699854245257e+00 2.223619961966089242e+00 2.317421500293035397e+00 2.414641601243783242e+00 2.504238928445372103e+00 2.600433500880522608e+00 2.716193759491228210e+00 2.842725866877046759e+00 2.927311922154148593e+00 3.095689888187207472e+00 3.169844237709797063e+00 3.386762424852830300e+00 3.469016698108564611e+00 3.578400888877080632e+00 3.622148267804905508e+00 3.821311269698514312e+00 3.912137694001845745e+00 4.079637131021431884e+00 4.140115595029632445e+00 4.192504514460469345e+00 4.236482431124367842e+00 4.433663253649376301e+00 4.482212354180763469e+00 4.603267260326567190e+00 4.703081480776765133e+00 4.895583668714484027e+00 4.991385920245317465e+00 5.026282168610681111e+00 5.151012597723838127e+00 5.215660002397355832e+00 5.356798183844323269e+00 5.470237803538203103e+00 5.556153933349193608e+00 5.667998818171201769e+00 5.714139620793660335e+00 5.812319450846219482e+00 5.852853174484960341e+00 5.922824079370707651e+00 6.043093410532657472e+00 6.215622537206297871e+00 6.257763587363862179e+00 6.382168273988877871e+00 6.414049952570554325e+00 6.546764444683931927e+00 6.694343055505309614e+00 6.764427152212896033e+00 6.875782259132414254e+00 6.977347698676543253e+00 7.058908844938701854e+00 7.196529538215794553e+00 7.249170095645280476e+00 7.380853385044518156e+00 7.508538838071913801e+00 7.701464177014441859e+00 7.822320067381726361e+00 7.957491235071086244e+00 8.124114381452898215e+00 8.210123231374259589e+00 8.330161546736546185e+00 8.490139349208222441e+00 8.648514339439923759e+00 8.757867387549664429e+00 9.047601747006227768e+00 9.213846067167271059e+00 9.300190801504315985e+00 9.360422583841629063e+00 9.505803703962039108e+00 9.671531941494487583e+00 9.829815380549700166e+00 9.903523470036075693e+00 1.003818729233336349e+01 1.028148801794679734e+01 1.036329231774686477e+01 1.040903094854964017e+01 1.056623995796431892e+01 1.083433318775187004e+01 1.085561994359291305e+01 1.098891067444658098e+01 1.115988805611182499e+01 1.126796209892466649e+01 1.135387234953626034e+01 1.152144734163988282e+01 1.166911692750656471e+01 1.199064446469166256e+01 1.247088840449551839e+01 1.266967093221837004e+01 1.283404245777036934e+01 1.299851466300304104e+01 1.362563244825769360e+01 1.376352984166845417e+01 1.391131257800125098e+01 1.406804392499055645e+01 1.425880810812815191e+01 1.438191503192367549e+01 1.451144235517285175e+01 1.462129803378865489e+01 1.507700361736188555e+01 1.518982050706000742e+01 1.521230217493961412e+01 1.539621894396264778e+01 1.559651791895926820e+01 1.592560408620897405e+01 1.607585234148814735e+01 1.620899994920645071e+01 1.674464673407982218e+01 1.706471102146273111e+01 1.720484638549681478e+01 1.739611724694072237e+01 1.827846759165478119e+01 1.836329946381303202e+01 1.857002184242090337e+01 1.866084160039942574e+01 1.882697987195887279e+01 1.907155713462763202e+01 1.921619973275656079e+01 1.941480666728394411e+01 2.002990895500655455e+01 2.012781896113714097e+01 2.038870830391147138e+01 2.046279489826987685e+01
-2.449521662819883705e+00 -1.817623757367834214e+00 -1.187112023619551371e+00 -9.459246211064287202e-01 -4.770529331964982744e-01 5.807787426752242244e-01 1.001812262545224597e+00 1.252089774552117341e+00 1.479099430357754930e+00 1.676842360314511282e+00 1.883573430875333576e+00 1.952587164681193421e+00 2.061961916526077854e+00 2.203784245211354520e+00 2.286848857790125145e+00 2.400689968016397557e+00 2.449159327650435980e+00 2.610875067670878735e+00 2.632592090021663278e+00 2.807010546414150820e+00 2.919608647986640104e+00 3.046530804641310652e+00 3.121326951300644748e+00 3.313929456622485059e+00 3.443754308325698066e+00 3.519073606041712043e+00 3.611666252409427180e+00 3.745243488662820752e+00 3.856379648895424950e+00 4.006397933041371928e+00 4.105995742687714944e+00 4.173215191367311228e+00 4.248845210156805940e+00 4.377157565128757533e+00 4.487337206745301010e+00 4.620251603321864131e+00 4.709059060883904024e+00 4.844802156781113034e+00 4.956833581144834966e+00 5.008571026814797378e+00 5.137009727176254259e+00 5.279214686763390674e+00 5.360862119447760143e+00 5.456259382852459261e+00 5.582890534899038748e+00 5.651797958009151301e+00 5.737821850275525826e+00 5.835231363401033988e+00 5.897235856346857652e+00 5.981437286366607431e+00 6.104178185651374378e+00 6.196523830957430867e+00 6.283795341045587790e+00 6.383066552887445511e+00 6.420343228962220650e+00 6.546968415023419752e+00 6.679481052953444298e+00 6.780692045511365507e+00 6.887122088047496149e+00 7.005985755426356931e+00 7.091430754113146939e+00 7.229267382554212418e+00 7.290420666023414320e+00 7.349962861190025620e+00 7.532182093834077108e+00 7.675255917264305339e+00 7.826459722066942959e+00 7.974341729735629158e+00 8.121948426363633899e+00 8.175846551708948695e+00 8.255848428282247298e+00 8.478818353995919210e+00 8.578689653844833174e+00 8.695236230263098776e+00 9.014058266047214829e+00 9.178857859415957776e+00 9.312947323800317534e+00 9.381024737724306561e+00 9.529057101512083960e+00 9.723173218871874468e+00 9.918928062620137709e+00 1.002722604771284587e+01 1.012398628731200567e+01 1.024050281615187075e+01 1.038783552651153919e+01 1.051747994548758491e+01 1.060626369706259808e+01 1.083860170675987078e+01 1.088275109614348857e+01 1.101610271375181505e+01 1.114960469681418864e+01 1.129371818686844087e+01 1.149303397110045744e+01 1.158339799365273848e+01 1.179800427252652106e+01 1.220858931637235223e+01 1.232230623812017356e+01 1.259636267131787335e+01 1.286398357772426948e+01 1.303245952850268807e+01 1.351783008189782720e+01 1.368689358423514690e+01 1.388596127362634469e+01 1.408334168262778263e+01 1.419702973985104499e+01 1.434024132148908848e+01 1.451544607604054882e+01 1.466798029179641283e+01 1.497501020636635793e+01 1.508206422689304205e+01 1.514895754962804375e+01 1.538400874699908094e+01 1.556383451983335497e+01 1.596737101350070809e+01 1.618921243779990959e+01 1.629660483572726903e+01 1.670983249279960603e+01 1.706947846833451266e+01 1.722147651592789686e+01 1.746011852255777086e+01 1.821188097165630992e+01 1.826365408098391185e+01 1.853350016007079404e+01 1.862835900291389279e+01 1.883886108173168594e+01 1.897849928002709063e+01 1.928203797361934591e+01 1.943359307913687317e+01 1.997678117506159623e+01 2.011260289925359501e+01 2.041316221108827023e+01 2.048474647564476925e+01
-2.443392581739699754e+00 -1.908004881782447981e+00 -1.360905995706944926e+00 -8.757213075166941918e-01 -4.454781314463153730e-01 6.303409024678967576e-01 9.311071752550827973e-01 1.228981701323769604e+00 1.497797424285692625e+00 1.699188045944902026e+00 1.927103259335419594e+00 1.976121458319867408e+00 2.066059274656969258e+00 2.193564052056723668e+00 2.274945308655341947e+00 2.388845870791604931e+00 2.456240817610650051e+00 2.586211573774792161e+00 2.636694506997742327e+00 2.789950323633252349e+00 2.915617666263006669e+00 3.021852272857963762e+00 3.132873725792593156e+00 3.252336144284713182e+00 3.435135862264678153e+00 3.482720839779356758e+00 3.593141113149562305e+00 3.743202083709843642e+00 3.843115849379517890e+00 3.919796135498472278e+00 4.104661415189478468e+00 4.167500357664701838e+00 4.266310184737564626e+00 4.313796102280617717e+00 4.514468734400420402e+00 4.618088791455479125e+00 4.694679919647684940e+00 4.813986974684344666e+00 4.953623103115931237e+00 5.017677731393582974e+00 5.101812592136587554e+00 5.277194049270187648e+00 5.325399327425812679e+00 5.444222536405357360e+00 5.572074980826892343e+00 5.626315205618076298e+00 5.733229059028782437e+00 5.772828395477501928e+00 5.911053930894103914e+00 5.988879452918970614e+00 6.088490073583489703e+00 6.228012349425933181e+00 6.302845063164008721e+00 6.391249986307408371e+00 6.453433437763767877e+00 6.550352800414967369e+00 6.668408789367758160e+00 6.781071027282692398e+00 6.885257262471554895e+00 6.998216056199583868e+00 7.063381731660027363e+00 7.238048699449762147e+00 7.356726551598433694e+00 7.375418521987150200e+00 7.613430141719779165e+00 7.666061668057567502e+00 7.849766937787738819e+00 7.949753010975149969e+00 8.074195408988295242e+00 8.122382433234241361e+00 8.224943287222490795e+00 8.449203302258000647e+00 8.522701498124325425e+00 8.642626982544744152e+00 9.018594476334932608e+00 9.140847532421098265e+00 9.289920937237580389e+00 9.387673675473855894e+00 9.578786398035182614e+00 9.766525680188127723e+00 9.961887012897504334e+00 1.009797356746632602e+01 1.015709506349180380e+01 1.022557466757561251e+01 1.038378114289162824e+01 1.053647169474317380e+01 1.060498578982342011e+01 1.076998346423441610e+01 1.087488424744426041e+01 1.103375951790708953e+01 1.116228947570141017e+01 1.126591819086156576e+01 1.151834545620119066e+01 1.164213237719435945e+01 1.188730489981595007e+01 1.220699291170892664e+01 1.231967954093106066e+01 1.250679942560610591e+01 1.297501050665438171e+01 1.309179040762952972e+01 1.347406525194799443e+01 1.362103802553723497e+01 1.391844345415078976e+01 1.409976370991488004e+01 1.418305719723793068e+01 1.432388336143712060e+01 1.452946402164856288e+01 1.467757514568370780e+01 1.491124430713463411e+01 1.497632908922631678e+01 1.510912380543913791e+01 1.536541840215121546e+01 1.552254645466186389e+01 1.594743490954851772e+01 1.626619878473757552e+01 1.638785030754072736e+01 1.674309861198130278e+01 1.707895270012151911e+01 1.720011824140435763e+01 1.746624606191625872e+01 1.813698479051157975e+01 1.818305604877825843e+01 1.847472653797409947e+01 1.860703707734437273e+01 1.884133600572630485e+01 1.891586802070406748e+01 1.937411072249608068e+01 1.950273389738964624e+01 1.994249401018801748e+01 2.011479187952729220e+01 2.041006858049358641e+01 2.047395726956579054e+01
-2.092855472877542145e+00 -1.656249938354362516e+00 -1.218745012637129310e+00 8.540886739022507390e-02 5.990237828381907992e-01 1.045502596555739405e+00 1.147513849556046406e+00 1.407356176562673644e+00 1.599802258930741683e+00 1.762009434999161295e+00 1.949624950966718062e+00 2.039115268857284669e+00 2.087577752193813474e+00 2.197100850788472837e+00 2.295732251393478585e+00 2.411321689187800654e+00 2.471655204044417076e+00 2.589528357558155136e+00 2.675662072558638638e+00 2.759506109892816195e+00 2.949571474615961364e+00 3.011362742336739284e+00 3.188958504850690101e+00 3.233934699986602102e+00 3.398480264082983648e+00 3.480479284251051020e+00 3.589592992846862174e+00 3.717994859988581258e+00 3.853958287111625136e+00 3.906947121984764237e+00 4.081232568199755661e+00 4.153196807692435044e+00 4.221101810922522901e+00 4.347376327999016077e+00 4.530890142830624079e+00 4.590161241772513279e+00 4.721575993412173489e+00 4.826686685177548952e+00 4.955915928679389459e+00 5.047022349859913604e+00 5.095780605667627583e+00 5.205084442121247434e+00 5.273784914214903807e+00 5.445277674891839226e+00 5.495049709819791239e+00 5.608271402956988005e+00 5.679895884303844511e+00 5.715670507778089160e+00 5.914702598168869230e+00 5.968513270630086964e+00 6.075730187550976602e+00 6.231872820437606819e+00 6.296637145655952672e+00 6.391091923068654701e+00 6.455901720019457279e+00 6.561348807951058681e+00 6.682241121284681284e+00 6.745812207537057681e+00 6.867593748637225382e+00 6.952145878827331593e+00 7.006283278000624115e+00 7.221247140569191814e+00 7.410488554236989600e+00 7.459134959369934315e+00 7.639987873424927578e+00 7.713043763488418136e+00 7.875247543278256046e+00 7.906178551054667381e+00 8.003448143514816593e+00 8.068176792598041658e+00 8.249440770974556969e+00 8.363848775678155434e+00 8.499563762436016745e+00 8.584308977019784237e+00 9.044777018764827758e+00 9.129200958147142941e+00 9.207507820429063017e+00 9.408681074924576393e+00 9.640650172585733202e+00 9.794183616840511419e+00 9.970254576165094917e+00 1.011250561799501035e+01 1.014277977131784603e+01 1.022303308465021843e+01 1.035640885036985104e+01 1.046211117911023436e+01 1.059134651775093161e+01 1.065712938496576534e+01 1.090349351639567743e+01 1.100425693380852366e+01 1.117669767638018996e+01 1.123450518586464142e+01 1.143572163761274574e+01 1.158594578698650146e+01 1.178865603058214262e+01 1.204446807576280953e+01 1.240687483253327272e+01 1.257106395234368001e+01 1.310504926666189007e+01 1.318558069266751787e+01 1.350293428160899900e+01 1.360006674703538820e+01 1.399076355311224695e+01 1.413566140822373107e+01 1.420306672577228824e+01 1.433713622560211398e+01 1.455276576551169043e+01 1.465389280477598888e+01 1.484819190212545692e+01 1.491132293647311080e+01 1.510448014593229615e+01 1.533403300397103841e+01 1.547123092132724942e+01 1.585624060161784676e+01 1.635307820798727718e+01 1.646120195135323172e+01 1.680262649979982115e+01 1.707987996906491190e+01 1.715920388078733438e+01 1.742394653892478118e+01 1.804507282450014571e+01 1.814302272843044150e+01 1.844055658484931115e+01 1.859855205590491067e+01 1.878531671678652870e+01 1.892069111092973088e+01 1.947254949510800159e+01 1.961609101251527676e+01 1.993611130108514473e+01 2.012400295292399832e+01 2.038140126164948640e+01 2.043151779350298014e+01
-1.350446039968936196e+00 -1.039733133867255077e+00 -5.688826132955552284e-01 9.139162481312799180e-01 1.075520499679325281e+00 1.437073256093554408e+00 1.510999393420868087e+00 1.641677844381488116e+00 1.757378808245256829e+00 1.849702812655216855e+00 1.986530966956848276e+00 2.076619390602576942e+00 2.158814374250117574e+00 2.227865907838609605e+00 2.343744465945086564e+00 2.443749642188182136e+00 2.471095788175334818e+00 2.591089533195516381e+00 2.681127152287369420e+00 2.752371369722304006e+00 2.996921797357207318e+00 3.061568178459562972e+00 3.184599346804153797e+00 3.283106687617145081e+00 3.332253576091725122e+00 3.464371242668171202e+00 3.611347455463401523e+00 3.670602990697095169e+00 3.863658066454784379e+00 3.924623058421619071e+00 4.015022715793908681e+00 4.160394005189957944e+00 4.237510261321161487e+00 4.430513458144461403e+00 4.534983369850444923e+00 4.581997232111345575e+00 4.780204798593587157e+00 4.861469444389207695e+00 4.961930184423320789e+00 5.005021756978967673e+00 5.132218143786708708e+00 5.172672312234237957e+00 5.283102838460962403e+00 5.341462399593849497e+00 5.490651087299863953e+00 5.563763416607525158e+00 5.648606916510489739e+00 5.738656016925903991e+00 5.886754628339724960e+00 5.900371003773541290e+00 6.089640771946240427e+00 6.179997619497918038e+00 6.264241666482389448e+00 6.376320045725755392e+00 6.404399090651065052e+00 6.574457891571921841e+00 6.627683999559013550e+00 6.724242356020554645e+00 6.852175118021767375e+00 6.902874283643409825e+00 6.972133881219243712e+00 7.150641048170679248e+00 7.454801380216901308e+00 7.504096273380675086e+00 7.650915612222958018e+00 7.696846142371265742e+00 7.839324009074163158e+00 7.890631296318455057e+00 7.998441213548471040e+00 8.070691007458721700e+00 8.237204646326933499e+00 8.325642642926355919e+00 8.462502711839912095e+00 8.538335831641608920e+00 9.062046570578420557e+00 9.086584069949230624e+00 9.187569858617003149e+00 9.414735649086269476e+00 9.708351901244132165e+00 9.800312942946307615e+00 9.959996002042284857e+00 1.008737112488680765e+01 1.015114282746409380e+01 1.021574911065302338e+01 1.027190592002564351e+01 1.041844810391472542e+01 1.048321434085048409e+01 1.061410220791485060e+01 1.091117960296752365e+01 1.097229011802166632e+01 1.113251540484667856e+01 1.120716487176009579e+01 1.138402918758284343e+01 1.143745752613122768e+01 1.162359803877837550e+01 1.174911607190173335e+01 1.258799050622311633e+01 1.266885015819379134e+01 1.322371137259097651e+01 1.327898041364183435e+01 1.356392911260051015e+01 1.361650462043587062e+01 1.407194772389802573e+01 1.418029411119458594e+01 1.425248902661556372e+01 1.435899898126869623e+01 1.457110901572949579e+01 1.461479266463748949e+01 1.480171870020647695e+01 1.487540601715764055e+01 1.513473998997492664e+01 1.529127168410045279e+01 1.542481006518345410e+01 1.572794941300532479e+01 1.644358324097164825e+01 1.651129530338437590e+01 1.684529078033764193e+01 1.701970089829623944e+01 1.716502904431124321e+01 1.734835977353397141e+01 1.800305647721804547e+01 1.810017346027929364e+01 1.843240217618592425e+01 1.855590842235957894e+01 1.880063818792818253e+01 1.892294099120525885e+01 1.958613117585087693e+01 1.970898073965520680e+01 1.996062363904692916e+01 2.012465055802412550e+01 2.033453888782215202e+01 2.037323175125899866e+01
7.165323839745133538e-01 8.788902316201097076e-01 1.091700874530445953e+00 1.250808072809341587e+00 1.356269998506845376e+00 1.618523817751751803e+00 1.744140856689571306e+00 1.805223280762066285e+00 1.828138541794950944e+00 1.891467361232113564e+00 2.063867316735228385e+00 2.108568548300496115e+00 2.248385663049930372e+00 2.305997409028861966e+00 2.404628326944539207e+00 2.436573246125368186e+00 2.483064053318874365e+00 2.559471865047929118e+00 2.624374274356017445e+00 2.780844105540024369e+00 2.991225999711815131e+00 3.073472563459424656e+00 3.177764586275638514e+00 3.212911414329475690e+00 3.403030133670503332e+00 3.438849220203823442e+00 3.635969431830134990e+00 3.699670637929275863e+00 3.819416877740524630e+00 3.944069482085249323e+00 4.059328985258995992e+00 4.123450204454015555e+00 4.323883409913376497e+00 4.431206105491397373e+00 4.557389983693385993e+00 4.603389545376846748e+00 4.868681918900696459e+00 4.911010497448319079e+00 4.934243687127295885e+00 4.980400602570757229e+00 5.154557232746030948e+00 5.223802005474825094e+00 5.274430417365363333e+00 5.319545237274454941e+00 5.464018754817891121e+00 5.530218969999155298e+00 5.671490874091550616e+00 5.724709180729799840e+00 5.826442611436163155e+00 5.880348567703295615e+00 6.077203294021849445e+00 6.124988440854064464e+00 6.252957166717523663e+00 6.323519539037199877e+00 6.359475001256811311e+00 6.432016059525849094e+00 6.643161700570995976e+00 6.688955745011218035e+00 6.860969424527784355e+00 6.881772394074053167e+00 6.956587911712058592e+00 7.038103004710343669e+00 7.491290316047908959e+00 7.512204091887682900e+00 7.629415461451666935e+00 7.668202306294462645e+00 7.805510913990503674e+00 7.849113349394524874e+00 8.055640189875914459e+00 8.108219578883135270e+00 8.232333430415094355e+00 8.288251963300970360e+00 8.452950896386548507e+00 8.492933186970217818e+00 9.016346481432881532e+00 9.032924399382270764e+00 9.261329375629820504e+00 9.389694437266719262e+00 9.769739121810751215e+00 9.790709503897007338e+00 9.973706291529842005e+00 1.006442349701113059e+01 1.015282272735650615e+01 1.019572556699891841e+01 1.026755793683192586e+01 1.033465424108514341e+01 1.045842415118976731e+01 1.054137482341226573e+01 1.087808159435057220e+01 1.092936263039365485e+01 1.109880745139856906e+01 1.114247557959255097e+01 1.130906945169287958e+01 1.137220708293374472e+01 1.150110199986954740e+01 1.153807036449018675e+01 1.271385719806356995e+01 1.273549830642589598e+01 1.331636789982196767e+01 1.333698918654533472e+01 1.361820766871181121e+01 1.363818778919110741e+01 1.414993295039603183e+01 1.419673374255233256e+01 1.432297104635749108e+01 1.436704430291310075e+01 1.456511206437913053e+01 1.458408390688955691e+01 1.479600908398864867e+01 1.484808399331328665e+01 1.518242065691572229e+01 1.524943868104148059e+01 1.541317390466769410e+01 1.558721953155095363e+01 1.651394011136756745e+01 1.654237183741001616e+01 1.687049839924971906e+01 1.694583941130170857e+01 1.718597810890611655e+01 1.726772951467640382e+01 1.801153935193230282e+01 1.806742254826204075e+01 1.843366611825112145e+01 1.849290642545477681e+01 1.886115198218663735e+01 1.891924244030575153e+01 1.970240430042907676e+01 1.975650839367990841e+01 2.000025322831085717e+01 2.008642526524385730e+01 2.029814946458062508e+01 2.032485317071266451e+01
1.224300238218757109e+00 1.224747783850970162e+00 1.401146088701197057e+00 1.401572873241462291e+00 1.638590739647152184e+00 1.638884025792149757e+00 1.824826149016694821e+00 1.825218980912696853e+00 1.850783902449919527e+00 1.850973096076424129e+00 2.048029541870244774e+00 2.048176113644016638e+00 2.352957339017943905e+00 2.353342499280878908e+00 2.405344610478491685e+00 2.405478626839223644e+00 2.513056575316111818e+00 2.513240621832705912e+00 2.706687317870584142e+00 2.706810555178077671e+00 2.950566805036235252e+00 2.951308611185680775e+00 3.240154562320312515e+00 3.240370181942020977e+00 3.452285211299942702e+00 3.452701991039063945e+00 3.681420892258732369e+00 3.681730075925859769e+00 3.856140256675808509e+00 3.856892816986852601e+00 4.103357883469016976e+00 4.103608232880608497e+00 4.403944874589373448e+00 4.404580534830177641e+00 4.594663416727103211e+00 4.594888569056322147e+00 4.887217904937068980e+00 4.887384966743458570e+00 4.972311157489516908e+00 4.972450527188581049e+00 5.254136176895188193e+00 5.254754798151105355e+00 5.269568363495896968e+00 5.269968784421404706e+00 5.471165845802798522e+00 5.471456583030632537e+00 5.722408938993867267e+00 5.723489303152406116e+00 5.796849855658813055e+00 5.797156113175762293e+00 6.110405721010375046e+00 6.110962835987894692e+00 6.272672622899620798e+00 6.273119006237497075e+00 6.340643619111419937e+00 6.341327035284866298e+00 6.659383218811816718e+00 6.660031875816940783e+00 6.864618361337513797e+00 6.864893291547702781e+00 6.972954526547724186e+00 6.973160452117522112e+00 7.508207479221362668e+00 7.508446219384333986e+00 7.632592768941910855e+00 7.633140172579061300e+00 7.820116344538200259e+00 7.820483547788413148e+00 8.101891444626053485e+00 8.102341658767061361e+00 8.254658378979724986e+00 8.255032936376915487e+00 8.459382954228846785e+00 8.459819175915141543e+00 8.998653985234808417e+00 8.998853170439645055e+00 9.336944617707191085e+00 9.337197654888434784e+00 9.791373209578697612e+00 9.791571518314084344e+00 1.002442984263080916e+01 1.002512231797254927e+01 1.015714560930280363e+01 1.015776111249078362e+01 1.030973039590579354e+01 1.031006104430696801e+01 1.047197926140842661e+01 1.047216097537692470e+01 1.086686988619783278e+01 1.086740042734558465e+01 1.110724830594233303e+01 1.110734039802168027e+01 1.129879109985667540e+01 1.129886960477494462e+01 1.148016807644389559e+01 1.148061170106071316e+01 1.275726951257914621e+01 1.275749737927937133e+01 1.335430076388842480e+01 1.335462858760159932e+01 1.364285830742523409e+01 1.364298743554677884e+01 1.419368198569164541e+01 1.419384335781126616e+01 1.435980773209556816e+01 1.436004598460255721e+01 1.456414210791129271e+01 1.456448295831315498e+01 1.481902605870464740e+01 1.481916082229106912e+01 1.521934213544536618e+01 1.521961551064326912e+01 1.546820364535499870e+01 1.546851171687136350e+01 1.654751987637075317e+01 1.654781882493278644e+01 1.689610937063141805e+01 1.689643807850708868e+01 1.721354779765093568e+01 1.721367827882456325e+01 1.803972311247126825e+01 1.803986941360006568e+01 1.844954445604875559e+01 1.844985530088285230e+01 1.890337048860659408e+01 1.890384358079196048e+01 1.976791946112070164e+01 1.976831435744722754e+01 2.003163249897175646e+01 2.003169355694534559e+01 2.029778918402993781e+01 2.029816582656761526e+01
8.503738571829854154e-01 1.100409433463504616e+00 1.214103442431402780e+00 1.408435266668317754e+00 1.460049071678464871e+00 1.579176922821109663e+00 1.588870111291402987e+00 1.724801335474743791e+00 1.818332360726736763e+00 1.885249813076653957e+00 1.965764233564262886e+00 2.110522417115174409e+00 2.228601476401047776e+00 2.336533585180677886e+00 2.394853566791798727e+00 2.412512263243846267e+00 2.450300213403545424e+00 2.538136099389390221e+00 2.628074627644754635e+00 2.748222144923090582e+00 2.924015951956021375e+00 3.023853725842841733e+00 3.125908274436781209e+00 3.280713115417625225e+00 3.338295944090897027e+00 3.468839923169722450e+00 3.581848960995964504e+00 3.807113471852117570e+00 3.869948808399886087e+00 3.966439032328133329e+00 4.026685865948731902e+00 4.172867622222480755e+00 4.307240923867530213e+00 4.442417148629441037e+00 4.571446940758352895e+00 4.606533151505054491e+00 4.734333646147200092e+00 4.905544668765309702e+00 4.966458641379839278e+00 5.044039644110368315e+00 5.135612708548255689e+00 5.241890639672043051e+00 5.286975555764763079e+00 5.386529415125282938e+00 5.479232256099414222e+00 5.520476119868040321e+00 5.697972843642781449e+00 5.762848106059287545e+00 5.784540896301182400e+00 5.834387764747595462e+00 6.063791751092570514e+00 6.111421970795949399e+00 6.233541884623798879e+00 6.269349901091316291e+00 6.356159379709532153e+00 6.408213112121744714e+00 6.631704661039853121e+00 6.708288917043526922e+00 6.838162097963843777e+00 6.891082807276098343e+00 6.951156540193253797e+00 7.045493450718152140e+00 7.464412158887144599e+00 7.521833338550545811e+00 7.621296472908934305e+00 7.665706994625194781e+00 7.801827347155353642e+00 7.835093388395780067e+00 8.046471800009246778e+00 8.099310786356291203e+00 8.229405142200679535e+00 8.288894349007927431e+00 8.428029594473626318e+00 8.541262075352079819e+00 8.968052268626204082e+00 8.992890644545255441e+00 9.305863019662705682e+00 9.344184140805822381e+00 9.747975910439068414e+00 9.823242901890994361e+00 1.002095426862444860e+01 1.005120906825348648e+01 1.011271136746449173e+01 1.016950454973446938e+01 1.027838278202753308e+01 1.039185187469346516e+01 1.047195237771385479e+01 1.054743760223761129e+01 1.084253432289017027e+01 1.091148863894474630e+01 1.108242117620740785e+01 1.117796988039803452e+01 1.130269345132787073e+01 1.133179779532092368e+01 1.147607182128946590e+01 1.154102830358861453e+01 1.273167614937194259e+01 1.276675636529028246e+01 1.333904076612380685e+01 1.336509841764833872e+01 1.362163475985226135e+01 1.365498681011180082e+01 1.415794218791697290e+01 1.417636148100156035e+01 1.433071397264518687e+01 1.437083166158494052e+01 1.453494358185948521e+01 1.456973051271735820e+01 1.476984972242072658e+01 1.488340666984446159e+01 1.513887032553171430e+01 1.528408042904546704e+01 1.544360687863147952e+01 1.548604426252137856e+01 1.643089633844965292e+01 1.663493176368286797e+01 1.684122536750104260e+01 1.695984254732623953e+01 1.710903667805136052e+01 1.731636178723418240e+01 1.795802139396112551e+01 1.810312333079748370e+01 1.840234317737893122e+01 1.848241364296557876e+01 1.884463317551727712e+01 1.895573505021541649e+01 1.968267138580125675e+01 1.984320583578027808e+01 1.998448579489145516e+01 2.007417607561075101e+01 2.022856831660189414e+01 2.038105678388420472e+01
-1.280003564196143362e+00 -3.343808857624643305e-01 6.684223982886859927e-01 9.983001180485244763e-01 1.143791168486394616e+00 1.324391889533353517e+00 1.416690569023108415e+00 1.553744049655265247e+00 1.746769078388038077e+00 1.831258533778022057e+00 1.902435610338829353e+00 1.987306824689993867e+00 2.088805002839783764e+00 2.229598918190259571e+00 2.308358191537070780e+00 2.349159346452825314e+00 2.379604929765354093e+00 2.540814658921657365e+00 2.701294436674768651e+00 2.744198742285821169e+00 2.896683228433681201e+00 3.003858127748019413e+00 3.085210983276875929e+00 3.204500616494464271e+00 3.302880306492875118e+00 3.411234369405335976e+00 3.524807974546584788e+00 3.860643284111912710e+00 3.878282496448581806e+00 4.016617285090765321e+00 4.059183268692939883e+00 4.159220673127496326e+00 4.304228879937411989e+00 4.445678435375579163e+00 4.537062402242296955e+00 4.625939631492693493e+00 4.694576342987955009e+00 4.815776591779173721e+00 5.008856640538463800e+00 5.042430605837424196e+00 5.123337285312352662e+00 5.187724602223612536e+00 5.307969944479522084e+00 5.418222061518690680e+00 5.511320069134799660e+00 5.572038531976349240e+00 5.701174992767711558e+00 5.754333712255852440e+00 5.816823653144814976e+00 5.882227008312594485e+00 6.009833571841176614e+00 6.120329986419645429e+00 6.163133549656684806e+00 6.264004760719131149e+00 6.397821204604480450e+00 6.473759444946447061e+00 6.674054950453784052e+00 6.721947599785512040e+00 6.826249780155671409e+00 6.917682490960396891e+00 6.993621515303281910e+00 7.122913301901904859e+00 7.414017070112790542e+00 7.502182665467740819e+00 7.586432292443571868e+00 7.686454436711111171e+00 7.795623072338330850e+00 7.838583262474158708e+00 7.987387120372589244e+00 8.091358246665929954e+00 8.200231981153205396e+00 8.332901544712511210e+00 8.430800038237808991e+00 8.644853290291351300e+00 8.899039563052264512e+00 8.970469700846093630e+00 9.264122009081097175e+00 9.335633259907588410e+00 9.698194317730161274e+00 9.847386380730275945e+00 1.000199063761972518e+01 1.005643450022215113e+01 1.009884231372780228e+01 1.017614952683807417e+01 1.030984630589007089e+01 1.044996733426911462e+01 1.049748952046665806e+01 1.071252517314152541e+01 1.084514885333916112e+01 1.096439272665745257e+01 1.109374185791331335e+01 1.122870440521674595e+01 1.132443806306527989e+01 1.139144321887463818e+01 1.149019193332950906e+01 1.175294982294759194e+01 1.268296866879665430e+01 1.276613967885316470e+01 1.331296924962123462e+01 1.337476659215145602e+01 1.357908555083097113e+01 1.367517544263673024e+01 1.406673994967862029e+01 1.411504101742421469e+01 1.429200731240713118e+01 1.436612325946686219e+01 1.445236705849952585e+01 1.458241924382647348e+01 1.473233374101301685e+01 1.495677153475276278e+01 1.503591600449057175e+01 1.534443529925508720e+01 1.541184107561571892e+01 1.548577304940793731e+01 1.631674318209175922e+01 1.667602103635709909e+01 1.677272578869897401e+01 1.700333673337228646e+01 1.706312041800062573e+01 1.739870209865332029e+01 1.786398640312858177e+01 1.814188780087833663e+01 1.833180687770384054e+01 1.851226610825898788e+01 1.880502267040840536e+01 1.899881802786549656e+01 1.960095780598813420e+01 1.988666741660377468e+01 1.995026617545552128e+01 2.010550195260128348e+01 2.018262538947287510e+01 2.045742488948818760e+01
-2.040600497568144878e+00 -1.544967764467962690e+00 -1.303089353821492269e+00 -5.854661445741375925e-01 9.905243362361327852e-01 1.100907494867671588e+00 1.326754129031957774e+00 1.470518131730926159e+00 1.613343508804758075e+00 1.705680079874853261e+00 1.857335611660599239e+00 1.873251807876834318e+00 1.987504909221418536e+00 2.097196696874604971e+00 2.223362126911057501e+00 2.293421209809451966e+00 2.343489959082506235e+00 2.570427706348468622e+00 2.630727842911830372e+00 2.749508213298521131e+00 2.839474702393377292e+00 2.964217567262890096e+00 3.069983214918085679e+00 3.134749363665547239e+00 3.251765202623794426e+00 3.369539382723412579e+00 3.474245572991257802e+00 3.836003981550220487e+00 3.904361846052132989e+00 4.024078341429327743e+00 4.091014976283015692e+00 4.170071203979954788e+00 4.315972209113004610e+00 4.439953331680499105e+00 4.527195253073569958e+00 4.606443814846867824e+00 4.713186848320481737e+00 4.836359388806337201e+00 4.994203531137305418e+00 5.025330590168239020e+00 5.124409695369907425e+00 5.151374585827933394e+00 5.332844159520427674e+00 5.387359071172427960e+00 5.513351451709930018e+00 5.618627024352640831e+00 5.680030422412126967e+00 5.743711362933520803e+00 5.826062327315751688e+00 5.914371222969011299e+00 5.979249210909665990e+00 6.097261006400223060e+00 6.154067912684317854e+00 6.262604864306732466e+00 6.407423608288480565e+00 6.561862774050450042e+00 6.695303851225864911e+00 6.728123713922323113e+00 6.848081246900364683e+00 6.922818109168539458e+00 7.035875196524949970e+00 7.173001086762096357e+00 7.379824528112274074e+00 7.416531272606526670e+00 7.508143410861780609e+00 7.697236088127068498e+00 7.794370827662412182e+00 7.887019651211512716e+00 7.990699256269126138e+00 8.088180236750289964e+00 8.194918983955879810e+00 8.361403058771427865e+00 8.446667406978320969e+00 8.715434730067450175e+00 8.831472242379183157e+00 8.952293409121841350e+00 9.217670078378985110e+00 9.319942172691973781e+00 9.653863891450988888e+00 9.854428495459453430e+00 9.981522601675452577e+00 1.002324084604513921e+01 1.011356279431918814e+01 1.021320766760587162e+01 1.032707944314537230e+01 1.047173066599559732e+01 1.055013388795935469e+01 1.081607279895341911e+01 1.089763854521860331e+01 1.103132668111882531e+01 1.113652185818254203e+01 1.126144313876769765e+01 1.134409145786124284e+01 1.144176034182610913e+01 1.152401673282749783e+01 1.203900311408041546e+01 1.262467388414178338e+01 1.276201521241110015e+01 1.327510121134630872e+01 1.338037280142757623e+01 1.353044195462960708e+01 1.369620308350669013e+01 1.393524379290396098e+01 1.403132482578980778e+01 1.425888442136680823e+01 1.433752619359407809e+01 1.435045161457793128e+01 1.459882374581358633e+01 1.470855294596719531e+01 1.490887933964093293e+01 1.502760254441471766e+01 1.533138023620927193e+01 1.542405248679124519e+01 1.546129257839537630e+01 1.624737427053977257e+01 1.665617909923646067e+01 1.671117226274164480e+01 1.691696012094545765e+01 1.717995157565061248e+01 1.743334038991464752e+01 1.775964596878324642e+01 1.815606912346719781e+01 1.827459165108312789e+01 1.854014125710402894e+01 1.880828042674083633e+01 1.904164633992893485e+01 1.953407578053357696e+01 1.986532957036591540e+01 1.996898512156940697e+01 2.011211546763009039e+01 2.016171977788024705e+01 2.050740246916906528e+01
-2.408548926168585513e+00 -2.129770448554640261e+00 -1.714803691565030652e+00 -1.096968725921431798e+00 8.622051577846546744e-01 9.562256354853166940e-01 1.199471773530028651e+00 1.342688432973292434e+00 1.515731445638970554e+00 1.665107789515460679e+00 1.762634309714887326e+00 1.844031190164144851e+00 1.947281740974704523e+00 2.012722084229650932e+00 2.162292563581252658e+00 2.251609645720656250e+00 2.316727752223761261e+00 2.551438317034453007e+00 2.613493888226903650e+00 2.709029503167702302e+00 2.770941328547762428e+00 2.924558624429066889e+00 3.002197012693190281e+00 3.135831966150358419e+00 3.174928545500135701e+00 3.347116906274577808e+00 3.503322086580935579e+00 3.788270917814914984e+00 3.912024366937684405e+00 3.997928369729235598e+00 4.119943274853429926e+00 4.187168115715374839e+00 4.292228657610077214e+00 4.430525612958350123e+00 4.478867308799499014e+00 4.564708088671642905e+00 4.740281749612315743e+00 4.863451198634686889e+00 4.952043701909762063e+00 5.038271009499199593e+00 5.097153105995118949e+00 5.185019764831551470e+00 5.299450207817973713e+00 5.404333348683426408e+00 5.484229679610959529e+00 5.617426826094400028e+00 5.657060126484311446e+00 5.732394241396874257e+00 5.821368559427478218e+00 5.931919213058604257e+00 5.966237653031971178e+00 6.062720310836493987e+00 6.166521217375260377e+00 6.266694107692210025e+00 6.400765533080896574e+00 6.601303662339350176e+00 6.676199361762302331e+00 6.773559746817749527e+00 6.825964386097591152e+00 6.911506267866390552e+00 7.041984913226907672e+00 7.132325263813345195e+00 7.298288106769740935e+00 7.394952311254535005e+00 7.501190499845336923e+00 7.721895860910032106e+00 7.815097820518214000e+00 7.921670775687895016e+00 8.022880667476378846e+00 8.111994315919618614e+00 8.215060418843981083e+00 8.373670150032678450e+00 8.455649747507472114e+00 8.704646485257420352e+00 8.821437479347512323e+00 8.949826367521946935e+00 9.161828939866504484e+00 9.309807314004826750e+00 9.607942001169423207e+00 9.842212224520245911e+00 9.959699151800121442e+00 1.001297049335311584e+01 1.010442312131111819e+01 1.024664235718485195e+01 1.032190029062437198e+01 1.048514605466822225e+01 1.057217226258357456e+01 1.082786490117214484e+01 1.096607354585864513e+01 1.106739501476150700e+01 1.116951648720064405e+01 1.132508234548220116e+01 1.135545475969353291e+01 1.147364590981233867e+01 1.157572304791892570e+01 1.213221143634976862e+01 1.261567318403153415e+01 1.280282734938526978e+01 1.323835118690448276e+01 1.336469267101314351e+01 1.347143592835653436e+01 1.369891264142579423e+01 1.383520367962957032e+01 1.396289762371314325e+01 1.423062267471956588e+01 1.424947292624951345e+01 1.432746722277862261e+01 1.461374876938348244e+01 1.469902506509133566e+01 1.479239114651224263e+01 1.505671062045219166e+01 1.522556976649583049e+01 1.537502706287270016e+01 1.552102790819706080e+01 1.625315912001520857e+01 1.653675180933991129e+01 1.672238089573540165e+01 1.684530684952169466e+01 1.722819955630621891e+01 1.746814599827373016e+01 1.764681199648870447e+01 1.814629794853199130e+01 1.829609896467199803e+01 1.856354338956644057e+01 1.884678610821702449e+01 1.909162734026666541e+01 1.949001391729967381e+01 1.983152221960638428e+01 1.999145094912584852e+01 2.009588666267702450e+01 2.015477226082035855e+01 2.051938405876243365e+01
-2.469824101427558372e+00 -2.292420351538209999e+00 -1.778253224575301550e+00 -1.083779789922296066e+00 6.764239892578703950e-01 9.764231294509725378e-01 1.090985820104710902e+00 1.305886339110574168e+00 1.471979818531594653e+00 1.680139450545492741e+00 1.742422632178027619e+00 1.872379548850499731e+00 1.935577991281176136e+00 2.014570287166538964e+00 2.122540607119270284e+00 2.249172205250173917e+00 2.301998869449426000e+00 2.522072175940861527e+00 2.628017000905054967e+00 2.669951332074884220e+00 2.718367712919523171e+00 2.894383822889719404e+00 2.945878990572801115e+00 3.120654261441888622e+00 3.192907080345846360e+00 3.299048469758953051e+00 3.526716976903466527e+00 3.761847579394431040e+00 3.896398777593600649e+00 3.984526448846469560e+00 4.122426735076489379e+00 4.177298378663308220e+00 4.244291384327131489e+00 4.394730413882497189e+00 4.463102583378990573e+00 4.531916437196676917e+00 4.743226166719479941e+00 4.844078681084527105e+00 4.882908156577975056e+00 5.023232182588342809e+00 5.105257120710289698e+00 5.203891112831186661e+00 5.290448054044491144e+00 5.408296138616591975e+00 5.453756860366421932e+00 5.560545013470197695e+00 5.639341769537812965e+00 5.707085624006203339e+00 5.846677387802191816e+00 5.933290634264499985e+00 5.969744683510551653e+00 6.030938053995968495e+00 6.154841660830580707e+00 6.260083213371920863e+00 6.398705414621509213e+00 6.495905296945512220e+00 6.654933332274596935e+00 6.727105110534309595e+00 6.798401154746686714e+00 6.922363064456408033e+00 7.012114434631123494e+00 7.078957380236365005e+00 7.271925244637227337e+00 7.431312019235162936e+00 7.519049357470089845e+00 7.751207934895007590e+00 7.840395443988429136e+00 7.926711382773721226e+00 8.069439975876617765e+00 8.162920588143272482e+00 8.257995645972965093e+00 8.374623577911981087e+00 8.468569951917807259e+00 8.679489149773514711e+00 8.829825877489435371e+00 8.953322450134036714e+00 9.097843019293620159e+00 9.305548285451177293e+00 9.554998880904854275e+00 9.814792721792562347e+00 9.927382155146130316e+00 9.998910957970528202e+00 1.009113167730817118e+01 1.023807291794625840e+01 1.031817960953499913e+01 1.046887687067917483e+01 1.055322570041858476e+01 1.083505186534839204e+01 1.100062974681497785e+01 1.107944260825098759e+01 1.116153934249845747e+01 1.134631945001777886e+01 1.136732389969039581e+01 1.147607916415662643e+01 1.160050866152152338e+01 1.197202980339814360e+01 1.251977379423928305e+01 1.296200433013100195e+01 1.320690330455182426e+01 1.332612977766402729e+01 1.341867095585578618e+01 1.370181422896745715e+01 1.382029935434610479e+01 1.393478122122674634e+01 1.416818834804003657e+01 1.426879521992588273e+01 1.432142509039256062e+01 1.459460579770824040e+01 1.468034736617031299e+01 1.474421923735461348e+01 1.502974477197615322e+01 1.510836686758090330e+01 1.527555529936443435e+01 1.561305477037740452e+01 1.632199666069833555e+01 1.639541184787239203e+01 1.674200903559462716e+01 1.679490406872683650e+01 1.714677627005810123e+01 1.750304273308051606e+01 1.761424752548215977e+01 1.812884648585456659e+01 1.838355088194506948e+01 1.858339761845316573e+01 1.890046493099010050e+01 1.915333229941462889e+01 1.947171664666911894e+01 1.980615410395924769e+01 1.999060157037777330e+01 2.007322272691516218e+01 2.014993145314949174e+01 2.049122216863926482e+01
-2.293014403047237693e+00 -2.046084757157414113e+00 -1.480846685461606915e+00 -5.926664879339886838e-01 5.243603314545965954e-01 1.088782017322488693e+00 1.134970958952423947e+00 1.367510911357457726e+00 1.510949429957209045e+00 1.718802250972455870e+00 1.788515441464578526e+00 1.944164347074506027e+00 1.976625899089897498e+00 2.085823375210559050e+00 2.137842953424250236e+00 2.285976424647566230e+00 2.316401952875808856e+00 2.481880304903417045e+00 2.559167558159946232e+00 2.661839467910072976e+00 2.754530057943255894e+00 2.852874480584306038e+00 2.948050762874832031e+00 3.100394541090712774e+00 3.165988986378727610e+00 3.238761175294170513e+00 3.564661162728433919e+00 3.756555240851775057e+00 3.902117850815047362e+00 3.983248670678666503e+00 4.099593871645988763e+00 4.171656679607582241e+00 4.219659824388755531e+00 4.374985576564535350e+00 4.422539414909804734e+00 4.556150149333835664e+00 4.711208479764579238e+00 4.818252605374304665e+00 4.844096580371167526e+00 4.968539300447186058e+00 5.075708614343644065e+00 5.179978788961218328e+00 5.285919702691543876e+00 5.323483705742079408e+00 5.438110375179521228e+00 5.545242259435043231e+00 5.619074619770916712e+00 5.668244756734268641e+00 5.886608240459298536e+00 5.920591636567975158e+00 5.956088325945901651e+00 6.015970677537400668e+00 6.139821203790834403e+00 6.234583471953016875e+00 6.330415803936215724e+00 6.394590897636138749e+00 6.498812520505598656e+00 6.696652712761321347e+00 6.740179131734729268e+00 6.920624059202038936e+00 6.979143066791408501e+00 7.125187948981260178e+00 7.244182291648490590e+00 7.469456995443327862e+00 7.540686548460909577e+00 7.760143225602281980e+00 7.857629046292987418e+00 7.922503805053578319e+00 8.103807324996557426e+00 8.233117279491606766e+00 8.322698492123572933e+00 8.392978424580693542e+00 8.501338147495159703e+00 8.668153704510352497e+00 8.833179403808415486e+00 8.974795463296603160e+00 9.024271903915165538e+00 9.291708186920279999e+00 9.494283208380494443e+00 9.753023876981810503e+00 9.894350911194838005e+00 9.950906462903976291e+00 1.009038123968850442e+01 1.019369505290420364e+01 1.031562580542547458e+01 1.041674918527434635e+01 1.050407349045071648e+01 1.084115230347192771e+01 1.101152713415384810e+01 1.108432734241545781e+01 1.114033110453409492e+01 1.131013849394885007e+01 1.135753383242723302e+01 1.144337810721693316e+01 1.157150489060945198e+01 1.175758795831681347e+01 1.225082688647886009e+01 1.310225265982614395e+01 1.319217222784186916e+01 1.335570344417373612e+01 1.341266016269961625e+01 1.369614204812438629e+01 1.384169586735292867e+01 1.393889728173258824e+01 1.414652342706806287e+01 1.423949840866885985e+01 1.441483611388648001e+01 1.453655049680571842e+01 1.462520605001999208e+01 1.479782462798011444e+01 1.494686276724780960e+01 1.503476457971018476e+01 1.517010626019674113e+01 1.570592101915424088e+01 1.625145112728372254e+01 1.642565415091986480e+01 1.673057122543355391e+01 1.676244899421612189e+01 1.708015622259587118e+01 1.738688944955967486e+01 1.774222839215777725e+01 1.811398700757267477e+01 1.849039253537493721e+01 1.860077306498996919e+01 1.895419344793929639e+01 1.922892984844394348e+01 1.947434534033042297e+01 1.979169533237095635e+01 1.996667106440941097e+01 2.003819062218538960e+01 2.015634921517584743e+01 2.042957210789078104e+01
-1.836362025248283514e+00 -1.502508030365802716e+00 -4.998079907355357232e-01 1.420298389454259236e-01 9.745512498108345190e-01 1.233373510656426086e+00 1.266053250688170317e+00 1.457888124014202758e+00 1.668031483904408585e+00 1.841980672737617342e+00 1.898274615441025048e+00 2.000874607987576770e+00 2.057249580365857256e+00 2.170400630944966380e+00 2.208732137379480598e+00 2.324512841670897778e+00 2.359209983265165178e+00 2.446580917948722345e+00 2.556028035631841444e+00 2.618868985208334887e+00 2.739671260550814669e+00 2.824477753415052916e+00 2.956966529887967710e+00 3.033605060061957737e+00 3.097953269732498072e+00 3.118816539510355756e+00 3.692573339787770248e+00 3.761064015400970018e+00 3.942212882523288719e+00 4.003691599742845497e+00 4.104054969518123208e+00 4.133182930474850636e+00 4.260066314936041820e+00 4.382600319275304912e+00 4.414595633181763290e+00 4.580167845572163721e+00 4.673986733802236948e+00 4.825367405965865331e+00 4.856660229306251964e+00 4.888759332868620078e+00 5.024391379940136737e+00 5.100819902113801874e+00 5.183079792850752376e+00 5.275124560356430514e+00 5.383775536072160861e+00 5.564936098459098979e+00 5.586640529345253015e+00 5.639286940600695353e+00 5.866687595395358557e+00 5.884290488044273459e+00 5.977878088386972877e+00 6.026847397144125651e+00 6.113601656404862972e+00 6.159070495050178451e+00 6.239811327193001134e+00 6.314753081106436738e+00 6.378381315828256071e+00 6.609958563525900388e+00 6.696816827184569831e+00 6.897981827053994763e+00 6.976379165858690001e+00 7.111143974040470717e+00 7.253913061536440665e+00 7.497878965462903444e+00 7.556353963476576396e+00 7.753968048689904080e+00 7.834763678281367660e+00 7.940339233837597988e+00 8.111870265965547944e+00 8.282747426974056637e+00 8.376330041108918323e+00 8.471621661920213597e+00 8.575475504157253681e+00 8.675394656405801541e+00 8.836954805967760507e+00 8.924166778189329463e+00 9.033181936282163704e+00 9.253753686536681400e+00 9.426718060012463596e+00 9.631458571020754533e+00 9.853635801287810025e+00 9.883614331953562981e+00 1.010423737199325700e+01 1.017224986080359095e+01 1.030195462706377540e+01 1.035516577447437570e+01 1.043296475796158695e+01 1.083789757876751381e+01 1.101619720408127989e+01 1.108100900490591734e+01 1.111721870800856138e+01 1.124374936237026645e+01 1.131562205602331339e+01 1.136847107982427296e+01 1.150888237308958040e+01 1.164300364158247270e+01 1.192316390337939858e+01 1.317981953311775456e+01 1.321975321382065616e+01 1.336436016433053098e+01 1.347616637034251497e+01 1.367460504604651561e+01 1.388004632129036864e+01 1.396123347613696275e+01 1.414405160942219197e+01 1.419539987229263289e+01 1.443958460352457429e+01 1.451840543988023136e+01 1.461434367297711745e+01 1.485588051566098322e+01 1.489005922276719218e+01 1.499252438074691085e+01 1.507575993417001747e+01 1.578932284210232062e+01 1.613160351586159891e+01 1.652122375274548105e+01 1.669577964358505895e+01 1.672501725178250709e+01 1.708462068813850010e+01 1.727497581407169491e+01 1.784689154525617383e+01 1.810636175482257570e+01 1.858253024831998346e+01 1.861638335366370356e+01 1.899962459015155858e+01 1.931367106600415795e+01 1.948625336776071038e+01 1.978841841673144231e+01 1.993452218827273370e+01 1.999412901297175438e+01 2.016923881141438457e+01 2.034980615997083575e+01
-1.074483453796423849e+00 -7.948974144967656530e-01 2.477413397274844109e-02 1.200973581510242916e+00 1.255250060173180637e+00 1.340292082586884925e+00 1.382383154946240644e+00 1.646344105303319649e+00 1.947694646567049492e+00 1.966610579065096287e+00 2.052554341375259828e+00 2.098725943001985339e+00 2.143956414655109999e+00 2.227196463982229702e+00 2.245710483912561894e+00 2.331064451579515584e+00 2.366157973321350916e+00 2.448596087154406131e+00 2.564500490281228284e+00 2.627449707976134086e+00 2.670851464691090360e+00 2.774198678635972470e+00 2.864581544171000971e+00 2.947586853685239650e+00 2.999585411351358921e+00 3.065936187836326710e+00 3.818575163204766643e+00 3.862306304557646897e+00 3.967398102737381027e+00 4.028407967582675830e+00 4.101002519362639376e+00 4.196323819936389476e+00 4.287061167373342307e+00 4.395703532536189506e+00 4.419656902467218984e+00 4.577831541766872014e+00 4.720167818228252266e+00 4.772232450627524436e+00 4.844669146674693394e+00 4.916697500662995601e+00 4.959737814711676407e+00 5.018040300861200009e+00 5.104062264639403601e+00 5.214833086308124699e+00 5.300574285734851898e+00 5.518930576910728192e+00 5.564652744691048980e+00 5.654210692918463899e+00 5.799580141191396976e+00 5.870158360411059206e+00 5.936601352928120967e+00 6.033340360175591499e+00 6.069040062051162643e+00 6.151264734607591045e+00 6.172574262681274959e+00 6.218515264820745791e+00 6.361849241710335612e+00 6.516263321614166770e+00 6.691424824504037083e+00 6.831272780177927828e+00 6.982346372332011164e+00 7.047188049610463523e+00 7.300038356889817059e+00 7.518984271286026200e+00 7.564984091332123128e+00 7.738963723112061821e+00 7.819788520735532877e+00 7.936532256275786956e+00 8.117867167546842566e+00 8.271553112685776199e+00 8.435391980050015448e+00 8.543621605178257639e+00 8.664256550129714185e+00 8.740376162181293651e+00 8.832245977093162281e+00 8.861001433829114760e+00 9.072129449527933431e+00 9.206434831453506717e+00 9.360246531768007472e+00 9.458778270579923486e+00 9.809308449741093838e+00 9.851894838127281062e+00 1.013293166723138050e+01 1.019507730596689754e+01 1.026859879077128213e+01 1.031229345631786209e+01 1.035702197567242600e+01 1.083081044909500790e+01 1.102475258128994895e+01 1.106221148985930469e+01 1.109698245684135998e+01 1.119021377693210439e+01 1.123752239682323228e+01 1.129727638628703268e+01 1.146576484133357177e+01 1.162051716487367514e+01 1.168719022176979649e+01 1.321033079159047041e+01 1.326513096296533512e+01 1.335366155200867233e+01 1.353194414127921164e+01 1.365481852065597757e+01 1.391384708847752805e+01 1.399928088645303426e+01 1.412312901876033955e+01 1.417394858224577980e+01 1.440643346729575214e+01 1.445931375289183762e+01 1.469578149773398579e+01 1.484124497022856026e+01 1.490234659198460143e+01 1.497833940972621214e+01 1.502473317227641125e+01 1.584983876473996922e+01 1.604927040520217929e+01 1.658058173976777638e+01 1.664686516998145294e+01 1.672502973536201409e+01 1.711301605153758132e+01 1.719126434371289136e+01 1.790736123684130021e+01 1.810782551199210388e+01 1.861818863466967144e+01 1.865132060470455855e+01 1.903118607864542611e+01 1.938979281867461779e+01 1.949393395132753071e+01 1.979371823943735009e+01 1.990893801932651996e+01 1.995549696483553959e+01 2.018012155522941597e+01 2.027732313760635563e+01
-5.705105623574307366e-02 -3.452050441198874914e-02 3.035042122694581873e-02 1.292027372330432966e+00 1.338491267252361006e+00 1.361884434564706314e+00 1.366765744709001140e+00 1.988186468776743876e+00 1.993686257933319883e+00 2.034038088369969355e+00 2.085776388683833193e+00 2.122963220277740870e+00 2.236974625029589880e+00 2.237715961742587911e+00 2.258389766972146440e+00 2.346658147216847290e+00 2.449384861239980449e+00 2.472205649632688296e+00 2.476139245272169109e+00 2.577236939745368716e+00 2.584814740431522928e+00 2.694926661107798438e+00 2.900411165680249148e+00 2.925723492550602600e+00 2.943652152203034778e+00 3.052896900970122118e+00 3.875238181636353918e+00 3.919178858935207455e+00 4.028887243533988638e+00 4.053220132861644842e+00 4.072292620432567567e+00 4.225811127621875052e+00 4.304957138716241083e+00 4.386915706513808466e+00 4.443954251332447036e+00 4.575726508411256610e+00 4.730270613674500524e+00 4.741825565225756378e+00 4.858067654891536691e+00 4.865111303727990055e+00 4.955467599101855747e+00 5.055341668287851142e+00 5.069527868238774104e+00 5.109051461867421651e+00 5.294300278767932966e+00 5.512348766225358965e+00 5.562822369964616875e+00 5.624732939780002106e+00 5.762082168915710234e+00 5.839204681662084617e+00 5.915958033397220817e+00 6.017391026680393828e+00 6.073041950569928460e+00 6.132442988667722084e+00 6.180729179995665845e+00 6.203922013750931441e+00 6.366339754466676659e+00 6.463475224890349757e+00 6.714846852417897693e+00 6.763619359914391005e+00 6.992320463796509955e+00 7.020317545272432902e+00 7.319107691226514056e+00 7.529360844669087172e+00 7.566821505275347803e+00 7.731708445280582431e+00 7.816366247001022671e+00 7.927105770918145389e+00 8.124290853167074999e+00 8.256198923233402098e+00 8.460611934979963777e+00 8.599973686579826193e+00 8.646539098282715941e+00 8.773201852526295141e+00 8.828310550464026463e+00 8.901750267626715285e+00 9.078883660246752640e+00 9.186219660589047820e+00 9.337989105526840916e+00 9.345570040434731496e+00 9.791730855732247107e+00 9.848009551359627523e+00 1.015106402209405800e+01 1.022683025205568974e+01 1.025172399086040365e+01 1.027449910079864814e+01 1.032628671012987276e+01 1.082757666976889510e+01 1.103820335168523492e+01 1.104884750852050068e+01 1.106928986514903990e+01 1.117978860887015813e+01 1.120513664395911491e+01 1.126274299028165160e+01 1.145341647458129586e+01 1.160601100055105128e+01 1.162245772998584492e+01 1.321875685172604875e+01 1.328813676253510501e+01 1.334496030454127435e+01 1.355010552766641219e+01 1.364689416093177243e+01 1.392619985433849195e+01 1.402974868456976942e+01 1.409476844072982793e+01 1.417413988865124530e+01 1.439406255580131955e+01 1.443215944301620723e+01 1.472950651562302760e+01 1.483095909604816143e+01 1.490963873158273678e+01 1.495431897306304592e+01 1.503193587895589545e+01 1.587238675691468437e+01 1.601971525958117581e+01 1.659582268503955049e+01 1.662821100145486497e+01 1.673334154763843173e+01 1.712810323984583505e+01 1.715706896539614945e+01 1.792561244285910149e+01 1.811075530846685666e+01 1.862211859590476948e+01 1.867158525586078355e+01 1.904278519889736998e+01 1.942452852425788024e+01 1.949319025424989604e+01 1.979825415995416193e+01 1.990007004634879806e+01 1.993859805731483803e+01 2.018501326493505132e+01 2.024603122453592619e+01
-1.351521122216075010e+00 -4.466992244253250033e-01 -2.823680455794952415e-01 1.055015875770001443e+00 1.144569460031650943e+00 1.331614990394920373e+00 1.448659503173197027e+00 1.762041795810134426e+00 1.867227127369228246e+00 1.981473980282375535e+00 2.055003792648466110e+00 2.086379437258526703e+00 2.181686246920154559e+00 2.200669453334967773e+00 2.264358034770094008e+00 2.334510467481082152e+00 2.384331926496187304e+00 2.449160735672686773e+00 2.534975219944873626e+00 2.648670928644579980e+00 2.691367567272679562e+00 2.738805151683884276e+00 2.833748037675861475e+00 2.908593747232592897e+00 2.982193693634163090e+00 3.239673915511805724e+00 3.832962692519345183e+00 3.938850763317464310e+00 3.975762918710626703e+00 4.082103616536714163e+00 4.129996063627684677e+00 4.237396230044224943e+00 4.348273672953835600e+00 4.404190129547454369e+00 4.464115251513795180e+00 4.540461378083305632e+00 4.711427940392639790e+00 4.762430790557490745e+00 4.825694687008029504e+00 4.917094664797549086e+00 4.969509851792416555e+00 4.999782434774465045e+00 5.098380635725598964e+00 5.183045985063335692e+00 5.319597896753552213e+00 5.457856204971045067e+00 5.587930334657227327e+00 5.652753183844240858e+00 5.755712773670967231e+00 5.882159652802061878e+00 5.911119862422376414e+00 6.017154496313191991e+00 6.092990282974605876e+00 6.139122246098078328e+00 6.240904449267435261e+00 6.266418306427283369e+00 6.437929799620976112e+00 6.564795383252734595e+00 6.699030492854139318e+00 6.772628738283855476e+00 7.007402147833329487e+00 7.027366252237115418e+00 7.280934255274531530e+00 7.481483403245223762e+00 7.589060882575411782e+00 7.710063916203711898e+00 7.810183470477362278e+00 7.922016949468392077e+00 8.097945838700535859e+00 8.233094508154156443e+00 8.445709708952248818e+00 8.580312467823699052e+00 8.611977441103759290e+00 8.761679188524887252e+00 8.808153278992021384e+00 8.849049728531623416e+00 9.071320323250777307e+00 9.124318495074147606e+00 9.356676678591618668e+00 9.481153691471535083e+00 9.792437940393506679e+00 9.928190309586417683e+00 1.013000851028423632e+01 1.019851498840850113e+01 1.025523112436296813e+01 1.031363521404476735e+01 1.043638245302498113e+01 1.079842514027740030e+01 1.090442432085593971e+01 1.102984289287825170e+01 1.117120591918392591e+01 1.120613378512621949e+01 1.122415654018250919e+01 1.133947430139119561e+01 1.142370035602877643e+01 1.157448000248786890e+01 1.180018906941666934e+01 1.316347655333105671e+01 1.330427623963733197e+01 1.334250689935199929e+01 1.352244779690049725e+01 1.365214911661969843e+01 1.392568263792710859e+01 1.397635804044125685e+01 1.412093670964307890e+01 1.418130639603926291e+01 1.440208435926848018e+01 1.445418885238555085e+01 1.464973444233730859e+01 1.487392239781317294e+01 1.491233552700971465e+01 1.497158211266738981e+01 1.502072112896521716e+01 1.590184090154447993e+01 1.601379933887320561e+01 1.656233046182984481e+01 1.659990390338976241e+01 1.678487496923370514e+01 1.695982426662972742e+01 1.730422406564543536e+01 1.792091655175332221e+01 1.811584067322098690e+01 1.857264260501580821e+01 1.866564656617794427e+01 1.903472752102415200e+01 1.920823372548552399e+01 1.959619288530691250e+01 1.981535112115928143e+01 1.990505187484924932e+01 2.000951497007921631e+01 2.019986774111529115e+01 2.025129340715792026e+01
-2.077360517259628558e+00 -9.385299740512196287e-01 -5.654444018738328248e-01 2.258614189082041590e-01 9.270894163687336542e-01 1.242802412183701577e+00 1.334258500267558434e+00 1.492647296571705029e+00 1.647038557038168483e+00 1.762541397049945280e+00 2.001782208904747229e+00 2.049935229229201461e+00 2.115984402148089139e+00 2.164175738702568630e+00 2.261646469780493884e+00 2.348883204458199536e+00 2.424377528855190977e+00 2.449502689400480993e+00 2.547205646293392967e+00 2.679047472950119246e+00 2.726305231613536773e+00 2.827939166093586643e+00 2.861688183641572181e+00 2.945333746837150102e+00 3.070450852959760280e+00 3.485507080411283987e+00 3.721522330076596052e+00 3.881756747712899358e+00 4.023967177465963552e+00 4.144899942246878410e+00 4.190315229349714343e+00 4.255767090672731179e+00 4.367318074558636631e+00 4.421744411185152046e+00 4.525111005718445156e+00 4.591307843937665112e+00 4.679875675298815985e+00 4.803325489851629548e+00 4.856614575252932831e+00 4.919395551482947049e+00 4.968287891681567814e+00 5.049427803318633501e+00 5.108885817689220232e+00 5.290572244357560017e+00 5.341153311900338707e+00 5.420605503232613032e+00 5.579520284621310111e+00 5.648468922838376649e+00 5.718858190388906415e+00 5.851415628604168973e+00 5.919974357704794521e+00 6.049953849465479649e+00 6.117452025165357909e+00 6.239303860163707860e+00 6.329685490314845175e+00 6.433992023587417286e+00 6.563991722224070458e+00 6.658232806374538626e+00 6.726482614344392985e+00 6.851131422729839215e+00 6.979066086541696023e+00 7.093602738584532830e+00 7.210932092203922394e+00 7.398426883386967745e+00 7.561162690251649110e+00 7.653713404617666249e+00 7.795067559996484263e+00 7.896627102287021138e+00 8.056494036887793087e+00 8.155370631354996291e+00 8.418034656786705483e+00 8.456667902236601364e+00 8.599113801986945305e+00 8.744033218203542290e+00 8.765935490107167993e+00 8.866024678623270816e+00 9.008652373580796180e+00 9.078025589879478829e+00 9.414792153042938594e+00 9.652898412244546478e+00 9.784719880878872900e+00 1.000501857003154882e+01 1.009470163081457805e+01 1.017200828982089078e+01 1.029666897739580733e+01 1.040388160053965905e+01 1.063513685713277290e+01 1.080899940123949676e+01 1.083247269416420266e+01 1.102137097855577252e+01 1.118053242624318777e+01 1.125183391822083045e+01 1.130955064717146286e+01 1.140474605014842346e+01 1.147464331268613158e+01 1.157708612076455701e+01 1.211622991084746737e+01 1.304314444349319579e+01 1.328699643964323585e+01 1.333433899655516797e+01 1.347538076778617011e+01 1.366997030527526746e+01 1.387964312055219196e+01 1.392525606138660876e+01 1.415046907416341071e+01 1.417873504463408629e+01 1.444750183753379780e+01 1.447054997711176583e+01 1.450401299566703450e+01 1.487738811436986097e+01 1.492975450073101484e+01 1.499317594050310731e+01 1.506188733162991511e+01 1.594884422002197866e+01 1.604540781813270200e+01 1.643607195209886385e+01 1.654949872209765260e+01 1.676832001441929876e+01 1.694839241835060761e+01 1.744381486651894875e+01 1.791405304098359252e+01 1.813129550753694730e+01 1.846993670033553414e+01 1.863500315144902331e+01 1.894993041666747757e+01 1.901936666815739230e+01 1.963460793972311791e+01 1.984870537865670315e+01 1.991955467895368415e+01 2.010373248255231360e+01 2.022083592936554552e+01 2.027508054835903195e+01
-2.134402370351858647e+00 -1.111495228282863623e+00 -7.417137751017046643e-01 1.196571647820717371e-01 7.771702840792364952e-01 1.062452311222897183e+00 1.329131480294789558e+00 1.456915545827702552e+00 1.540441889901214667e+00 1.661543354400705219e+00 1.981810368761341756e+00 2.015106626041318627e+00 2.071729512968784714e+00 2.174079689284349470e+00 2.257058853236103335e+00 2.390662240031786290e+00 2.420557450411162659e+00 2.459609174523066599e+00 2.564805341915356252e+00 2.692622309070145104e+00 2.745581819888857744e+00 2.862713280487830136e+00 2.904613393998169535e+00 3.005467749580272852e+00 3.146781211919036370e+00 3.560688311656758032e+00 3.676548089935613994e+00 3.805399014663083612e+00 3.977583284032601085e+00 4.150294462804634321e+00 4.225580084369168432e+00 4.302622337510667805e+00 4.366727228237504477e+00 4.417063265856782550e+00 4.554483248973661524e+00 4.630471568118236902e+00 4.707356618336018705e+00 4.846079996321937422e+00 4.890961187513189756e+00 4.925926254334497045e+00 5.002721494230832455e+00 5.079876013026183301e+00 5.107843197873005892e+00 5.329918619388890555e+00 5.349464174397900784e+00 5.427936764445797202e+00 5.553691097277698496e+00 5.612326417916041699e+00 5.673287843419146270e+00 5.839134554583471193e+00 5.953547960917470405e+00 6.103764024142064315e+00 6.170990933015662705e+00 6.299527586056818507e+00 6.416348672098175498e+00 6.500423662802965019e+00 6.628344821121084252e+00 6.678944869624920067e+00 6.784334866580116419e+00 6.931748550403278308e+00 6.994402036708772030e+00 7.114352498152553217e+00 7.175147505757289323e+00 7.292472822160481094e+00 7.504180705513898708e+00 7.614265987308017181e+00 7.734169581510927927e+00 7.843233814772848866e+00 8.030455877729902880e+00 8.137654468882036696e+00 8.292652565969586220e+00 8.432727623683227591e+00 8.651094600103279575e+00 8.733460347197967266e+00 8.779305006292043245e+00 8.874091223466967548e+00 8.961853612998636365e+00 9.051267747978744893e+00 9.498085841040074584e+00 9.702909519863876397e+00 9.872502282449005406e+00 9.963087714993454469e+00 1.008534125107444446e+01 1.019808157667169368e+01 1.033487602745751843e+01 1.049624514487373084e+01 1.067808465808687401e+01 1.078334866389876545e+01 1.090781924612248233e+01 1.104743652935324683e+01 1.115518762110811224e+01 1.131734593086174634e+01 1.137292024539699753e+01 1.140388316071654806e+01 1.154925333100098150e+01 1.176713616121613981e+01 1.232204234612902205e+01 1.284437067011408473e+01 1.327276126278754553e+01 1.333924374771504162e+01 1.349938617793420903e+01 1.367769765097166612e+01 1.383861489411142287e+01 1.391021657160961134e+01 1.413374749812815878e+01 1.420728066413633428e+01 1.432462230808023662e+01 1.450781617232754606e+01 1.453114888851448328e+01 1.477881975532259773e+01 1.487142740614415892e+01 1.502850911595793981e+01 1.516428500108911237e+01 1.600791501633708691e+01 1.615366927167653088e+01 1.622340726193171534e+01 1.650191040244241947e+01 1.662784967771402478e+01 1.718699225214275117e+01 1.756438411763216223e+01 1.792110071279461536e+01 1.816074706014112294e+01 1.835987596295625579e+01 1.857201123380344043e+01 1.879699124932796650e+01 1.898434263924577792e+01 1.964179166855371506e+01 1.988196271091468148e+01 1.994546141133806927e+01 2.011939159574071212e+01 2.021238138047835520e+01 2.028622880162907549e+01
-1.620205416268842402e+00 -8.281795713308800488e-01 7.097333115960109406e-01 8.121559941151735851e-01 9.796048475794356669e-01 1.104908663005582437e+00 1.392410994682686143e+00 1.460364787080434601e+00 1.561531693503295237e+00 1.698902888291993429e+00 1.949335769930497175e+00 2.045797675581928932e+00 2.118642478841671561e+00 2.222806391098627543e+00 2.281885617482624529e+00 2.398220007769894746e+00 2.435555910436816518e+00 2.451666941608009243e+00 2.557094435338228333e+00 2.711864182105021115e+00 2.783156828612229017e+00 2.896917073760656436e+00 2.913630572391186835e+00 3.003521951802542223e+00 3.197747719451091264e+00 3.459795988824621915e+00 3.580050627626210957e+00 3.730324258297976758e+00 3.890892479079991251e+00 4.060782790495045091e+00 4.238318253772760613e+00 4.293464355407865085e+00 4.375087935159716501e+00 4.425661101023054655e+00 4.558159161881447652e+00 4.655714259929109922e+00 4.726269092107994396e+00 4.831686089474829693e+00 4.858061573575135128e+00 4.952377533121800290e+00 4.981534169419473024e+00 5.096868724913504956e+00 5.190395430397733101e+00 5.316798204474793010e+00 5.358026311421445698e+00 5.423803560918584843e+00 5.552831354614595760e+00 5.592272431989541381e+00 5.648007248779863154e+00 5.859090339088655064e+00 5.981705944192318825e+00 6.075325853531309939e+00 6.243215725540572691e+00 6.288685175822753770e+00 6.427339921563139491e+00 6.538577863692785819e+00 6.627457274430835099e+00 6.712765923076282171e+00 6.775036380150040394e+00 6.960379312588252709e+00 7.039305629432104361e+00 7.106083824765940804e+00 7.175108063127427549e+00 7.237434280371193296e+00 7.413141747773682511e+00 7.611128366319078076e+00 7.740666466338581131e+00 7.793149400375355640e+00 7.974870451756684631e+00 8.080539094986963988e+00 8.329305108066209939e+00 8.441395349046043606e+00 8.692420016120660620e+00 8.772836587164270838e+00 8.794249162412864251e+00 8.898177456036309607e+00 8.959816322531558797e+00 9.028105638571027214e+00 9.597435306520056386e+00 9.717063404531792514e+00 9.888819570120453761e+00 9.984036357157878072e+00 1.007225988277990503e+01 1.026131462161648678e+01 1.036985442105493327e+01 1.054182057992995780e+01 1.067731228021891710e+01 1.081410419908951148e+01 1.094570531516654910e+01 1.104464817744324989e+01 1.112941939195479968e+01 1.132085776456602488e+01 1.137102543539720223e+01 1.142160887203848141e+01 1.152397268968494792e+01 1.195744603644090631e+01 1.224825389964813205e+01 1.265001342750606383e+01 1.330953526431081713e+01 1.335706198197880745e+01 1.365132522109629321e+01 1.371284518082527271e+01 1.385519216170709278e+01 1.395014295804870130e+01 1.411350224195721381e+01 1.421431237925058966e+01 1.426242690864352447e+01 1.451713412951548499e+01 1.455670687857175771e+01 1.467548442367704276e+01 1.479499803700257310e+01 1.492636659004606159e+01 1.529756322567753557e+01 1.593986195223632762e+01 1.617431374568541003e+01 1.627499912399286330e+01 1.646505727635439342e+01 1.653223709135524544e+01 1.746061402606870772e+01 1.766016989082216426e+01 1.795894951137247020e+01 1.820558569281137196e+01 1.826641454063700110e+01 1.848176844326973622e+01 1.877352223732867031e+01 1.894544185722666541e+01 1.964679093141220534e+01 1.991512839071929619e+01 1.997715209757395982e+01 2.006247114039828361e+01 2.017330005201327481e+01 2.023147019473169905e+01
2.597409972510109633e-01 7.054120813135307255e-01 9.801123771575442900e-01 1.069744034045187808e+00 1.235651895325284189e+00 1.446431242633022363e+00 1.497796200213302065e+00 1.523344822151502687e+00 1.774413679705437730e+00 1.851303615392810187e+00 1.998614883938898412e+00 2.141096362663525987e+00 2.216390551603276027e+00 2.264081646949422044e+00 2.332605927655923228e+00 2.375217149776205794e+00 2.418877047564977456e+00 2.497006433668659930e+00 2.534476232589335964e+00 2.671398446801107163e+00 2.834102961935908382e+00 2.882710067838748724e+00 2.941069254153589441e+00 2.997497143806243436e+00 3.098058528131359957e+00 3.241658081775804945e+00 3.401625232480838257e+00 3.630231726687370042e+00 3.880993935667135908e+00 3.994679919196097551e+00 4.103689149323655805e+00 4.148606832024366753e+00 4.461957507719639615e+00 4.474649047544512648e+00 4.566070399141421987e+00 4.646270010145543417e+00 4.763270459099720355e+00 4.859588647735948896e+00 4.885322799350456435e+00 4.937976747504551511e+00 4.986993322130838457e+00 5.105635604482945844e+00 5.277527198792594021e+00 5.324981328141442205e+00 5.347634289135981156e+00 5.407189868875611261e+00 5.531933458783085733e+00 5.572425264048771254e+00 5.674443264692807354e+00 5.795955436949499884e+00 5.965180653395536936e+00 6.065482042235672999e+00 6.227876241953278935e+00 6.278882807611180006e+00 6.362240164133778464e+00 6.501378869192270926e+00 6.701379803449551531e+00 6.759327217124615039e+00 6.825906372434190850e+00 6.964775472369984399e+00 7.049415982120168067e+00 7.148716178132576538e+00 7.205229747917207384e+00 7.237647549905573463e+00 7.324992069777344739e+00 7.566808964464255105e+00 7.690024550192047670e+00 7.861682357260550980e+00 7.910424670641269529e+00 7.955153684994403562e+00 8.414442082630712250e+00 8.446976101746633603e+00 8.732661356829135357e+00 8.763492193593743096e+00 8.894436255166345617e+00 8.953048671311389484e+00 8.973895434560919426e+00 9.006373897288549202e+00 9.690516240457498043e+00 9.748868389073811258e+00 9.840132255796863348e+00 9.915202410050714121e+00 1.016720450413754229e+01 1.029868191909341313e+01 1.046088451725878699e+01 1.055426292089627793e+01 1.064167261284376309e+01 1.080650976619486592e+01 1.096673174671642847e+01 1.108668483513779357e+01 1.111972695965548752e+01 1.127867899851520939e+01 1.136136076054785171e+01 1.142524473145519615e+01 1.149787471382380666e+01 1.170287868455839586e+01 1.235463792268796546e+01 1.247989865852455438e+01 1.334458374791009838e+01 1.335759890999695187e+01 1.375896612376262418e+01 1.379104679044146664e+01 1.395136181090409444e+01 1.400478109703732699e+01 1.412825920419409087e+01 1.418606588517448408e+01 1.429020977814379911e+01 1.442669158411871244e+01 1.457333059598157377e+01 1.466384958478179179e+01 1.471336226381564138e+01 1.479087651077798782e+01 1.542118048481649772e+01 1.571531639214563647e+01 1.630273577039372057e+01 1.637977136043237536e+01 1.642832078125509909e+01 1.647917438949654212e+01 1.766943794557225189e+01 1.772112577939428846e+01 1.803826560677124036e+01 1.819459802988220076e+01 1.826872647065188104e+01 1.839973622390460761e+01 1.881763603710479416e+01 1.890813411167701119e+01 1.967947447244202053e+01 1.991552371357420270e+01 1.995856577625582062e+01 2.003724033250123426e+01 2.009892972655805821e+01 2.015318889544423797e+01
1.049822550741013938e+00 1.051394754747779992e+00 1.071868931071982223e+00 1.072349585334795075e+00 1.507886282532139299e+00 1.508526534108103334e+00 1.529244862388489556e+00 1.529652607680435095e+00 1.956702250396278542e+00 1.957012779768436461e+00 2.226553914522728661e+00 2.226621407611994563e+00 2.232858574431073162e+00 2.233235528342405019e+00 2.390777680138480576e+00 2.390951339615784210e+00 2.411883015256387708e+00 2.411970177561834738e+00 2.584974290895420967e+00 2.585165594342913931e+00 2.879622568608284805e+00 2.879959640672403509e+00 2.907325139720941642e+00 2.907559845785313346e+00 3.051788847112665071e+00 3.052080546840565400e+00 3.448122060642765163e+00 3.448551809259650547e+00 3.986148801569556976e+00 3.987084414099778318e+00 4.008143198910434357e+00 4.008889479424543545e+00 4.506285342471870514e+00 4.506429176578126139e+00 4.635053838499875845e+00 4.635425386905308365e+00 4.772537814487822772e+00 4.772678482492747065e+00 4.930888233893567119e+00 4.931547853512611823e+00 5.057816645885221618e+00 5.057992230430334857e+00 5.339950758679131049e+00 5.340316013068523660e+00 5.367683147458913062e+00 5.369064249133804978e+00 5.524365233337435122e+00 5.524786501060280131e+00 5.715230344595170209e+00 5.715882648501640517e+00 6.037832962963936012e+00 6.038446276785359501e+00 6.217333314147357015e+00 6.217491658574062718e+00 6.415051263641805335e+00 6.415475550016823014e+00 6.767835375258163033e+00 6.767950454685200512e+00 6.925998388773281889e+00 6.926135661859981418e+00 7.062790143790881991e+00 7.063431235575976963e+00 7.269819587914821746e+00 7.270145265559386338e+00 7.411059496949139458e+00 7.411293672164670276e+00 7.733335423640323114e+00 7.733633744521107189e+00 7.936524698669153111e+00 7.936641219168229178e+00 8.440817325941699423e+00 8.441237440819767457e+00 8.748175318814286783e+00 8.748503226967763169e+00 8.980293678289639203e+00 8.980606335187070854e+00 8.982809240012619156e+00 8.982973914040272234e+00 9.783508469093526116e+00 9.784171417295965512e+00 9.809427890161810382e+00 9.809703600297586590e+00 1.024931143281265200e+01 1.024951234277581058e+01 1.058550647859593674e+01 1.058574077766745880e+01 1.064580051842481545e+01 1.064655034868712313e+01 1.104615305252691471e+01 1.104640206272030589e+01 1.121440608666767957e+01 1.121452261091157077e+01 1.138800854194338186e+01 1.138849977772252231e+01 1.151189078202235017e+01 1.151231975464301094e+01 1.241291236660853414e+01 1.241353492022561511e+01 1.335511448313979166e+01 1.335521128689485160e+01 1.379837812705397226e+01 1.379853341863308103e+01 1.401319402785087220e+01 1.401391065397275959e+01 1.417718371346837358e+01 1.417734554746632547e+01 1.433395411454545609e+01 1.433465462910013244e+01 1.461676655301451966e+01 1.461724901835472856e+01 1.471324537215472716e+01 1.471344194826876794e+01 1.554687333087828627e+01 1.554702912225881306e+01 1.637832145579553966e+01 1.637855892865207963e+01 1.644703498720617674e+01 1.644728896421408848e+01 1.773995128084971995e+01 1.774007890857464176e+01 1.813210931724524144e+01 1.813226519432164707e+01 1.832936098996938767e+01 1.832967261069003939e+01 1.887017920696477091e+01 1.887028743554396826e+01 1.977271177711221384e+01 1.977285244637809924e+01 2.001656977574132767e+01 2.001672400061177370e+01 2.008880937831876778e+01 2.008906754094069314e+01
-5.623217054598136366e-01 3.945518874031604395e-01 8.459732517948485020e-01 1.010894526147111616e+00 1.233362235767337944e+00 1.338293614511447238e+00 1.570325055700463324e+00 1.665821744458857667e+00 1.872406376018373120e+00 1.934903978257727308e+00 2.108533121064849247e+00 2.173021393102434917e+00 2.217664985904987063e+00 2.243065057914526150e+00 2.312716043452359926e+00 2.388788334269586144e+00 2.428568175640427373e+00 2.530202637660081688e+00 2.611784238801197588e+00 2.670773187596575671e+00 2.803772619013383594e+00 2.898473890839400546e+00 2.967379765557414562e+00 3.028141049454861289e+00 3.066942198381593876e+00 3.115989910111732986e+00 3.422070510925353748e+00 3.483932167885522624e+00 3.865561364287634305e+00 3.950845990985293099e+00 4.024821736448107146e+00 4.138858275082768934e+00 4.436690520954279293e+00 4.530478685003203054e+00 4.551241637168365273e+00 4.647290748072612665e+00 4.760837608057250314e+00 4.818355451323395044e+00 4.907970583532041076e+00 4.943553704380922120e+00 5.021915148900367498e+00 5.081465730936834291e+00 5.239527622755625558e+00 5.316489839699829467e+00 5.349616665060743514e+00 5.504105879413195623e+00 5.549867055889166956e+00 5.579708629306806777e+00 5.715309891323633984e+00 5.746154038743436665e+00 6.005532514669531530e+00 6.073432212854013912e+00 6.215116268058636706e+00 6.235408228268005004e+00 6.412171997732558637e+00 6.451841692975622600e+00 6.710932947692186623e+00 6.778149579193126328e+00 6.908343558261762496e+00 6.970582510377045793e+00 7.048536807613402289e+00 7.077003001801059234e+00 7.257778275618677277e+00 7.275619152569142045e+00 7.394540106636921628e+00 7.433149796182614288e+00 7.657482941733540827e+00 7.795071192677283989e+00 7.932582497809276489e+00 7.970403343547326713e+00 8.410975537533650126e+00 8.465921244015902403e+00 8.703967688479632869e+00 8.745049902182636004e+00 8.923467024154470906e+00 8.980534644706535730e+00 9.054555662477319800e+00 9.087221828728937467e+00 9.739677484866836821e+00 9.760428875258082115e+00 9.812363616419402135e+00 9.881432962768911921e+00 1.021142358591134780e+01 1.027157021719845353e+01 1.053861695123407749e+01 1.058333619362064226e+01 1.065990734169833942e+01 1.079135690526102920e+01 1.100897584326823164e+01 1.105210085493752636e+01 1.120941510706529520e+01 1.133645949988047441e+01 1.140719447467406233e+01 1.142660441830948592e+01 1.149555522146087583e+01 1.158541234519299756e+01 1.237198731309235100e+01 1.239641492816753399e+01 1.331288774467502734e+01 1.335003684244930255e+01 1.376310332280784898e+01 1.377469765178852334e+01 1.398572092010729939e+01 1.403053222987027482e+01 1.410330939539207407e+01 1.420546055581817058e+01 1.430745067795420766e+01 1.440406409097674256e+01 1.454054760144370917e+01 1.466970286701130988e+01 1.473293227476970912e+01 1.481006250315114059e+01 1.548791381806865175e+01 1.557445553284655126e+01 1.636739668984399287e+01 1.639569076653500446e+01 1.642581944581564102e+01 1.652652506269757637e+01 1.769906055647293286e+01 1.775035224896110719e+01 1.810596041818988056e+01 1.813846548957780058e+01 1.831264708177438649e+01 1.834157842002536398e+01 1.884442906956099861e+01 1.891598734298986884e+01 1.974246643346718955e+01 1.977072088973788411e+01 1.999447540134919521e+01 2.003506339424627569e+01 2.009141515932465794e+01 2.012554359629787726e+01
-1.623450812606722415e+00 -1.254152613352269796e+00 -9.114386575630503140e-01 7.559544006477851852e-01 8.460858415109246966e-01 1.227070313323766815e+00 1.350410043389190351e+00 1.596716233639557281e+00 1.675216262720215399e+00 1.873277582003609609e+00 2.008850939260133917e+00 2.082427502431926758e+00 2.142422599976584241e+00 2.197812315712309950e+00 2.296096461797006327e+00 2.382772099479201877e+00 2.428011356314084601e+00 2.540598717391817196e+00 2.644829824458670320e+00 2.744743909142506322e+00 2.782019711143500551e+00 2.928356966007845674e+00 2.991228030211744215e+00 3.121519665123719367e+00 3.207017571631348929e+00 3.340287738264833717e+00 3.395100445936931610e+00 3.561906595758861815e+00 3.767509426528273142e+00 3.925750790405445834e+00 4.046517495129895892e+00 4.227290648656702565e+00 4.363525808071384127e+00 4.472529856168470985e+00 4.544780396752157614e+00 4.610762956865830375e+00 4.684264953871529968e+00 4.811575197731198017e+00 4.874333150246941138e+00 4.990559379316192867e+00 5.022496648464703561e+00 5.086783489774476585e+00 5.227109490324405527e+00 5.272223272250942117e+00 5.370909634796706023e+00 5.523740089511875340e+00 5.582449827690965982e+00 5.677020596874684522e+00 5.763248175800279149e+00 5.822892905219430482e+00 5.967007007536605734e+00 6.098400259897979403e+00 6.263913573086107967e+00 6.306969691006292678e+00 6.416628650795480837e+00 6.491862608222389142e+00 6.649406370573652580e+00 6.754612929332583171e+00 6.891422338186688812e+00 6.961419049166425843e+00 7.024413315340842345e+00 7.087670749980385487e+00 7.205332538583712143e+00 7.288796854320750640e+00 7.431813637289959473e+00 7.513057580145926728e+00 7.584766081268092819e+00 7.808413023102237283e+00 7.968250123132310847e+00 7.990685233764548201e+00 8.358241255872943754e+00 8.505257609125797202e+00 8.639156226777458869e+00 8.730248794172643656e+00 8.907782221054338478e+00 9.038766791156472635e+00 9.161522081428081776e+00 9.216882335735702370e+00 9.696151745614015383e+00 9.716669622747989621e+00 9.810173336041295045e+00 9.983028131658524984e+00 1.015685853269999939e+01 1.030323167637306092e+01 1.051911642848766526e+01 1.056940112520985409e+01 1.075335143926454862e+01 1.096288001819433866e+01 1.098722824893445171e+01 1.104297334498374283e+01 1.129893241470493592e+01 1.140945077377347339e+01 1.146523347423393702e+01 1.150899798912623773e+01 1.159223281585159704e+01 1.177228519093408110e+01 1.227621879735762356e+01 1.234797416175869245e+01 1.319816783964617635e+01 1.332006202250355642e+01 1.368123701161520778e+01 1.371006923718723414e+01 1.393933070140145603e+01 1.401072538026430614e+01 1.406769780437195294e+01 1.418903216250520316e+01 1.431373872759179910e+01 1.445696040618480183e+01 1.450758475850159179e+01 1.472185855581274261e+01 1.486868183985725089e+01 1.494240672083067523e+01 1.540883616771380993e+01 1.557605335525058976e+01 1.632606683040393847e+01 1.644021470546733710e+01 1.646980722539831632e+01 1.664061915619403464e+01 1.762940607160069462e+01 1.774177665558418227e+01 1.805547572737301465e+01 1.812823399742264385e+01 1.827498747733163498e+01 1.837088317828775885e+01 1.883737772462401949e+01 1.897574638121080781e+01 1.969597938197832576e+01 1.975241531141751494e+01 1.994947990382127401e+01 2.005949455170560825e+01 2.010703605748413736e+01 2.020510682736940922e+01
-2.149086227202345434e+00 -1.761124528197841821e+00 -1.437427944717641237e+00 -6.474027805926494405e-01 3.943193992668354575e-01 8.577164909783013824e-01 1.222753531854767095e+00 1.425553523837884029e+00 1.599673494154194131e+00 1.779344653776427698e+00 1.920053720039702316e+00 1.991870564736802018e+00 2.053625291017956656e+00 2.168884269424200095e+00 2.271819490473968361e+00 2.379313237270625603e+00 2.424753408499106033e+00 2.537315724334897826e+00 2.615796465288630301e+00 2.738405463056085232e+00 2.790615649747173688e+00 2.961069719494084929e+00 2.978622387297348961e+00 3.163973389330578811e+00 3.342327802062257103e+00 3.417399296317218393e+00 3.538639739228830905e+00 3.649612709213487349e+00 3.764652351284681231e+00 3.946683755375444136e+00 4.041200811040078555e+00 4.240569111822019899e+00 4.311925805833396907e+00 4.469670700156230581e+00 4.519206333830406486e+00 4.552578375358161011e+00 4.596315003226659535e+00 4.769121510014429077e+00 4.872416664600264902e+00 5.005500117705551588e+00 5.052966252869611097e+00 5.109609376224962141e+00 5.254903172478846862e+00 5.298593576871680533e+00 5.419721325168431747e+00 5.538824969463339798e+00 5.597323420198045518e+00 5.700064141402305218e+00 5.818084759835238096e+00 5.918821619308534565e+00 5.991271819476104987e+00 6.045877635765086744e+00 6.289952897189650116e+00 6.322480874072464729e+00 6.469456426703679597e+00 6.520687225660682707e+00 6.663574644931746782e+00 6.721392466670177868e+00 6.820316145125225660e+00 6.898442674412187614e+00 6.995662285931519619e+00 7.103793208412378490e+00 7.179501373125533270e+00 7.303239620613171112e+00 7.453945138605122089e+00 7.539224761081186443e+00 7.669695672546810172e+00 7.800027269666145457e+00 7.912453001078350923e+00 8.047237200270179969e+00 8.299025016879369332e+00 8.530837974653335820e+00 8.623658688340354317e+00 8.720956612933463248e+00 8.928815661894502043e+00 9.097954437563895880e+00 9.256731190531077402e+00 9.340799714389415698e+00 9.655610364989708927e+00 9.678803144350203169e+00 9.799075339121056771e+00 1.004302808805613090e+01 1.014995361420722553e+01 1.033336337090562651e+01 1.051389099203684729e+01 1.057760769793833688e+01 1.082768859340612266e+01 1.097815777728390252e+01 1.102407118762854665e+01 1.114528971191768036e+01 1.136018669319004637e+01 1.140206719896015741e+01 1.150958088466249052e+01 1.163912272132396275e+01 1.174687473969835416e+01 1.200170855769895972e+01 1.223996019537166013e+01 1.231996251188733815e+01 1.303771303223270195e+01 1.326034513062863240e+01 1.356483361225949302e+01 1.366607439980836247e+01 1.385292956977668410e+01 1.401017992822336211e+01 1.405815137042932861e+01 1.416333543051590560e+01 1.433846669445932953e+01 1.444140675950220398e+01 1.456945604668422689e+01 1.482663251124520265e+01 1.500464663165198509e+01 1.509473418109691956e+01 1.534699928160821791e+01 1.555886731740337403e+01 1.625539087533265459e+01 1.649140672209145109e+01 1.656066032501643193e+01 1.676411301549603294e+01 1.755382305031065826e+01 1.771993201206798219e+01 1.799362840514537965e+01 1.810023200794387677e+01 1.822726151831879449e+01 1.840606153490065111e+01 1.884425994183146003e+01 1.903843200197369612e+01 1.966414938463066875e+01 1.972112218077975498e+01 1.990444124217964017e+01 2.007539092677228609e+01 2.014005574940885879e+01 2.028818210138770084e+01
-2.361612525059729073e+00 -1.970257198279650623e+00 -1.572376140275655976e+00 -1.034346829561344272e+00 5.304007275057258386e-02 4.136572707406608873e-01 1.131517766628796107e+00 1.348217913741660334e+00 1.575310754453569162e+00 1.698420537810755082e+00 1.880376876116415463e+00 1.902334026135674483e+00 1.998662178076851204e+00 2.163896720340676705e+00 2.245002861205040112e+00 2.376399255016521384e+00 2.422343030631542771e+00 2.530708123033015511e+00 2.594327561854062214e+00 2.736899874369875807e+00 2.793425342157548563e+00 2.957332590509904602e+00 3.026438318845817932e+00 3.177480701499495908e+00 3.372541075396230159e+00 3.459967480359549263e+00 3.631008464221537224e+00 3.721190024786894757e+00 3.837102504979440720e+00 3.963547126078888816e+00 4.048030508327750354e+00 4.193538558317670528e+00 4.296463631063110356e+00 4.420299613784817616e+00 4.509159705480384694e+00 4.542717500657618146e+00 4.651898451070711538e+00 4.756302170586039324e+00 4.885479266873226756e+00 4.974782661599344458e+00 5.051963677088059157e+00 5.150152865645817535e+00 5.300488709525560616e+00 5.332069057534231327e+00 5.499242836908935672e+00 5.546803497463692167e+00 5.634402099147413523e+00 5.701838524537232722e+00 5.801943711431896133e+00 5.933454476083357854e+00 5.982573798127805098e+00 6.090706902835441028e+00 6.276209626982041101e+00 6.331103146562345962e+00 6.452416449114191543e+00 6.494275547845107965e+00 6.663465369349129475e+00 6.720301312967688290e+00 6.801206418539198495e+00 6.867300808488046471e+00 6.982503016595988043e+00 7.108572823338572988e+00 7.182624600660042269e+00 7.301174197101495622e+00 7.445530340523683677e+00 7.564863671743128570e+00 7.756950856039494191e+00 7.823736613824274322e+00 7.855011563334871383e+00 8.094182492854653077e+00 8.253600461924580856e+00 8.523520911470502170e+00 8.603709540055533012e+00 8.749159375198351185e+00 8.970210551218377404e+00 9.153294009668234921e+00 9.288774802993254198e+00 9.426319315216387551e+00 9.631832176189965011e+00 9.655241306825802283e+00 9.804541043113689014e+00 1.003527593510664317e+01 1.019883034547961032e+01 1.032520485479895989e+01 1.051343925251246425e+01 1.060416603834685922e+01 1.082439828430344875e+01 1.099671237956011538e+01 1.105396697465737965e+01 1.122676732462544003e+01 1.130726784726078371e+01 1.139799395708865326e+01 1.156486258379129772e+01 1.163059404848396916e+01 1.179274739765564028e+01 1.209963224641916391e+01 1.234788785033446068e+01 1.249733636080265242e+01 1.290459819754408244e+01 1.320178481141847193e+01 1.346836914269985641e+01 1.365112705345936739e+01 1.378156947119666498e+01 1.399970863666121801e+01 1.407626295626059587e+01 1.416772315535135718e+01 1.435541283488842268e+01 1.447708744753061616e+01 1.463120249967209219e+01 1.492860441366591218e+01 1.506727624917770392e+01 1.524784102856808055e+01 1.538224526190454888e+01 1.553874681450462703e+01 1.615824371043812135e+01 1.654842519891531083e+01 1.666574792691101692e+01 1.687111491180327505e+01 1.749308861334543863e+01 1.769231092819088147e+01 1.794502437234361736e+01 1.805642554553682189e+01 1.818168760691713359e+01 1.841852956227598170e+01 1.886094853991635034e+01 1.909052570376333691e+01 1.961607030040582345e+01 1.973196197959757114e+01 1.988523143079380517e+01 2.008756276277682673e+01 2.017248372104425869e+01 2.035354124171010426e+01
-2.305379689882298244e+00 -1.856297907494606214e+00 -1.401637520727764707e+00 -9.974229389342024188e-01 2.230167230101977871e-01 6.766697233280052348e-01 1.133589607197730054e+00 1.345844193668840338e+00 1.632295595128373744e+00 1.696193853196107826e+00 1.840927175706179364e+00 1.893833119330832204e+00 1.969377016167179750e+00 2.183875092124412554e+00 2.220452094695876788e+00 2.383936620164287756e+00 2.423769012520337718e+00 2.534118209480962669e+00 2.594780992219553273e+00 2.726846320732129847e+00 2.822756228979681925e+00 2.955014241795362206e+00 3.073716951684090759e+00 3.163390179732840757e+00 3.398610800737544846e+00 3.487636977728571619e+00 3.662849276890333794e+00 3.780528245106564711e+00 3.835076919093872050e+00 3.948728882937416529e+00 4.107612402366257243e+00 4.187193518928947533e+00 4.318174628874140275e+00 4.406331725024336343e+00 4.530480569163505500e+00 4.565289101299104146e+00 4.706216361618865918e+00 4.821220029445879796e+00 4.893705850542287017e+00 4.944579724295599554e+00 5.057610410120881639e+00 5.157832726871109053e+00 5.314617889015844199e+00 5.357728168810480973e+00 5.502939527956115739e+00 5.551656527678856534e+00 5.624842369586749768e+00 5.741889951221986088e+00 5.770448017364848248e+00 5.907225109963547993e+00 5.985248555867230813e+00 6.041053505450539873e+00 6.257813158440492352e+00 6.321137502735176383e+00 6.434309882944604375e+00 6.505477175912029786e+00 6.613045244606167827e+00 6.700577897934102189e+00 6.819169868415592362e+00 6.922889232567322360e+00 6.975817710609067746e+00 7.122670765026159145e+00 7.184974888910588220e+00 7.337514702233802311e+00 7.431992236523009332e+00 7.543440437976290269e+00 7.743771550918705948e+00 7.856266964035460987e+00 7.930775113581182367e+00 8.124668943338603455e+00 8.227416386194798648e+00 8.510096148929447324e+00 8.560111523432862413e+00 8.754037660998374548e+00 9.022789118346226545e+00 9.183486643581382225e+00 9.281707901360537250e+00 9.466874914060731783e+00 9.628976552119159038e+00 9.647580615631040857e+00 9.853583779383818353e+00 1.001512887241777428e+01 1.021333361231744874e+01 1.028915006626403006e+01 1.050373679629390011e+01 1.062151947696334986e+01 1.077803488542381061e+01 1.097605162264435386e+01 1.104427865722153790e+01 1.119420309515441758e+01 1.130021160473407704e+01 1.132429265991874168e+01 1.143753967344973965e+01 1.158500666676076207e+01 1.179926214148268926e+01 1.203385336239947634e+01 1.251253726389084697e+01 1.273513097259418458e+01 1.289003790687870321e+01 1.321207641386550513e+01 1.343802153441375680e+01 1.365066008085397442e+01 1.377019959770633939e+01 1.396374070307251003e+01 1.414791975869257712e+01 1.421930404616089660e+01 1.436360950379618373e+01 1.453430673062531575e+01 1.470686413325928221e+01 1.493859737242581076e+01 1.510022357222683809e+01 1.537618057538224470e+01 1.542326462118998265e+01 1.562878644088346114e+01 1.606011081296319887e+01 1.660712627481147052e+01 1.674748557415850669e+01 1.692715704594295545e+01 1.747257139910170665e+01 1.768086192879333396e+01 1.792372260586735422e+01 1.799893266334393616e+01 1.814727637610082667e+01 1.839085010213420546e+01 1.888125857285346498e+01 1.911143894087112827e+01 1.958140177931302617e+01 1.978649683027011719e+01 1.989945541534488527e+01 2.010037003003767708e+01 2.019028270832788508e+01 2.039131491765369475e+01
-1.967217062415939743e+00 -1.386343913115219317e+00 -8.455440541060003090e-01 -6.236873462235339449e-01 8.267802135527092533e-01 1.106173994284964435e+00 1.249616212318734654e+00 1.420405057539291027e+00 1.728249112074770277e+00 1.763360503474942664e+00 1.836768033992083549e+00 1.940085902851043542e+00 1.979803323132051762e+00 2.193335757881234915e+00 2.238743554739285102e+00 2.410939989794026683e+00 2.441815802540449720e+00 2.532848189877489276e+00 2.619481198485459128e+00 2.727242942755280009e+00 2.844312071845712442e+00 2.949242351151540653e+00 3.095059092831741410e+00 3.169602619011453903e+00 3.387727664173426412e+00 3.517411959945054178e+00 3.634870821254639672e+00 3.793150959031032610e+00 3.870634700285572105e+00 3.952979907799584414e+00 4.137801346991230922e+00 4.254423847150609284e+00 4.373250497021222927e+00 4.431122332914948281e+00 4.565930916417619834e+00 4.618500318957093675e+00 4.729239173626305970e+00 4.829686465030770037e+00 4.915365904407984488e+00 5.007938145006909814e+00 5.082745578067073389e+00 5.145695533072692562e+00 5.248164005819210942e+00 5.364306260627963674e+00 5.441100756316131992e+00 5.527383551046327170e+00 5.569690674549391041e+00 5.715018600080140843e+00 5.779007444501227830e+00 5.890350697395343893e+00 5.952969089943556114e+00 6.005331835343565849e+00 6.190116972365205861e+00 6.276578316234595611e+00 6.455201353081624127e+00 6.530768225640352753e+00 6.594534573835868940e+00 6.730875325889867256e+00 6.828350812201861686e+00 6.890045342641617054e+00 7.061903113391482911e+00 7.130210389937759352e+00 7.230622914497452314e+00 7.360160471344077138e+00 7.423388722771916193e+00 7.528648890555607487e+00 7.741448424828368147e+00 7.868441863470272857e+00 8.023683103925165483e+00 8.114345123139683480e+00 8.224160482860288113e+00 8.490247180929731741e+00 8.526824586072041967e+00 8.721209899473626237e+00 9.045835028927280419e+00 9.179562444256731624e+00 9.297983411461650860e+00 9.481410757333529560e+00 9.621010149002145795e+00 9.679263077306824670e+00 9.917762994123826559e+00 9.991662384735636948e+00 1.016381430666647390e+01 1.026835472777315594e+01 1.046394325527102964e+01 1.057216236397416687e+01 1.073694947166382185e+01 1.087899465346945327e+01 1.100845978005037118e+01 1.115804962710831738e+01 1.119381924444589416e+01 1.124880412901213589e+01 1.132112765150068334e+01 1.152569057928162088e+01 1.169873578114911616e+01 1.182691480106525184e+01 1.269559673856854332e+01 1.290184797678102413e+01 1.297331181324843463e+01 1.327642837390258990e+01 1.349491203706865328e+01 1.368547217579783037e+01 1.378732778580531360e+01 1.394257422721049089e+01 1.423625884975209921e+01 1.430694352853874918e+01 1.438504522432610067e+01 1.455405282494617403e+01 1.480189256932622044e+01 1.489919820269436457e+01 1.515745726296108309e+01 1.537920343799925860e+01 1.548499803690814502e+01 1.576630524469416272e+01 1.602761195591049059e+01 1.666215975621884837e+01 1.676018308469544493e+01 1.691975206586579006e+01 1.752830917223013429e+01 1.770238985154421485e+01 1.790919867426936207e+01 1.794493679163615951e+01 1.812603549569882588e+01 1.833430875942008598e+01 1.889816665647060034e+01 1.908124452237380098e+01 1.961657679783300878e+01 1.984156674999975323e+01 1.993780384985856102e+01 2.010898356054152458e+01 2.020075875257736087e+01 2.039775736311969823e+01
-1.239964024960069633e+00 -4.299253456152033470e-01 6.939666584741274180e-01 9.839467084383146656e-01 1.254594807056159222e+00 1.304259382348488927e+00 1.517366740609306763e+00 1.597116957121780922e+00 1.781745069619598221e+00 1.841848798746218430e+00 1.907169752741144197e+00 1.996064631653035493e+00 2.051223240641038892e+00 2.195882730604665323e+00 2.321606683885392819e+00 2.438625305336851845e+00 2.458834347476170912e+00 2.546859432118221189e+00 2.662639943406389431e+00 2.744977424395149690e+00 2.846433913586603026e+00 2.958251641594574988e+00 3.095629396382795662e+00 3.199124110548840605e+00 3.319651489818672196e+00 3.454554311913524245e+00 3.627365597302768752e+00 3.781443051871394179e+00 3.924489723051425294e+00 4.025981844468121906e+00 4.154008913712352147e+00 4.293649537913041492e+00 4.453708212640917985e+00 4.503053169865764538e+00 4.588688551428730555e+00 4.650693400212105644e+00 4.769483405107402874e+00 4.817512385210372727e+00 4.956566529981238034e+00 5.059629578554665663e+00 5.087337162843381222e+00 5.139014207840682857e+00 5.219954259841713906e+00 5.363846995821210939e+00 5.400059468759483394e+00 5.428296449006942304e+00 5.522756909459374697e+00 5.607920999150392660e+00 5.720760569282134611e+00 5.840841236726532770e+00 5.944882085356508306e+00 6.027088151452637099e+00 6.129020836054745125e+00 6.286549363102867716e+00 6.438244533215585541e+00 6.469635574458834526e+00 6.632508882027789987e+00 6.784689860764014036e+00 6.841919858103191920e+00 6.899155407061312140e+00 7.070957980007269938e+00 7.142071973418199882e+00 7.293967203382035969e+00 7.339150530596988631e+00 7.493582889872165254e+00 7.571548896986806554e+00 7.748255285390988512e+00 7.841971306900534344e+00 8.029107003432788048e+00 8.124253174413945899e+00 8.227784294348138516e+00 8.430959585730480654e+00 8.538478028888080829e+00 8.674571975887930719e+00 9.034859455439470111e+00 9.174593852841304908e+00 9.348883646951591686e+00 9.482134608178427015e+00 9.628205162724260191e+00 9.707558381859049845e+00 9.899631907274955012e+00 1.001310264573137587e+01 1.012906580699644365e+01 1.023210624648059941e+01 1.040341847787566287e+01 1.046087092132661667e+01 1.067934972848338404e+01 1.082223526437944017e+01 1.095249320168163010e+01 1.101644381546713092e+01 1.113042511746761853e+01 1.119581525698001201e+01 1.129197962311366510e+01 1.142200953969720345e+01 1.154585630912678873e+01 1.159995792106557921e+01 1.284655548048422880e+01 1.294869340890668674e+01 1.314877654824451447e+01 1.331188754993143242e+01 1.360625968960883192e+01 1.375578581639474862e+01 1.380108447899236168e+01 1.392745438799097357e+01 1.430602848025809948e+01 1.439849312141220139e+01 1.442928692545586955e+01 1.452338395808654070e+01 1.487111923413151082e+01 1.492179869732731490e+01 1.520619196447587562e+01 1.535985615918922598e+01 1.554975934322862585e+01 1.573695409041714655e+01 1.615037203166601287e+01 1.665503937583856953e+01 1.674857421805051771e+01 1.689348344017648884e+01 1.763558593296399479e+01 1.773853225498563191e+01 1.785344737388449587e+01 1.796100815988854293e+01 1.810634290675756830e+01 1.826729012365755622e+01 1.891044666584664569e+01 1.902415193018780570e+01 1.970408467929417284e+01 1.987824810251881047e+01 1.997863553275531601e+01 2.009534495545283050e+01 2.022924211543639927e+01 2.037515236582223466e+01
8.303709839458296438e-01 1.107761833908392335e+00 1.169781741776015460e+00 1.357118384587860715e+00 1.457921402182528414e+00 1.586857173924117737e+00 1.670765078628897671e+00 1.727325805726419583e+00 1.817092987557148209e+00 1.875976928112899511e+00 2.028106156173768326e+00 2.074229630112471856e+00 2.181033779783628113e+00 2.262668309235134512e+00 2.402978211869609471e+00 2.422097178734938350e+00 2.451231486306855611e+00 2.555213520851844500e+00 2.725862435337544465e+00 2.790739155345953737e+00 2.847774325580931354e+00 2.965655458363843255e+00 3.106397864537409514e+00 3.171726666708963638e+00 3.229029036364048366e+00 3.328457436179708129e+00 3.676817362032905656e+00 3.767087137439579347e+00 3.999419330505782355e+00 4.079072594384666850e+00 4.148786932974002362e+00 4.236801226903433637e+00 4.572355637717024024e+00 4.589884612369682593e+00 4.624980916859458446e+00 4.656508304534773934e+00 4.776106789166123079e+00 4.879343995740510032e+00 4.957934890547007534e+00 5.037628097467339749e+00 5.108192695701024633e+00 5.160178881477284207e+00 5.237323896629829001e+00 5.325861720826720713e+00 5.353372391171903999e+00 5.403384348617801258e+00 5.490576911434319918e+00 5.527585974668768110e+00 5.665669429037578197e+00 5.719655118533675697e+00 5.982893354272638575e+00 6.052319111949891806e+00 6.105121582283398851e+00 6.203877828148452345e+00 6.381364666808162056e+00 6.439187304760647379e+00 6.685659798833962775e+00 6.800944456414601547e+00 6.899599121245887368e+00 6.963012555182724661e+00 7.048268805510395474e+00 7.115876248685564676e+00 7.314494132042080210e+00 7.336645036051081092e+00 7.614328214864453770e+00 7.651164376054335747e+00 7.744151308037264592e+00 7.786929493400613467e+00 7.995382663356195962e+00 8.137592807382686644e+00 8.231372253369670489e+00 8.317698472691017031e+00 8.583173906544928400e+00 8.628886208347262610e+00 9.046771867021050184e+00 9.158397250067359607e+00 9.407801688340407864e+00 9.473817301579780192e+00 9.653419725520826944e+00 9.697792794667268623e+00 9.867332794925300021e+00 9.973476233174576322e+00 1.016628012107076451e+01 1.022132354478760341e+01 1.034482011872020912e+01 1.039285691399877365e+01 1.060559512534798188e+01 1.080814829558200429e+01 1.082661877480920865e+01 1.089174220174403374e+01 1.112896945896497414e+01 1.117368111089696114e+01 1.129389770663546777e+01 1.133443900491724854e+01 1.141106997020522229e+01 1.143747858208579160e+01 1.294224637316544069e+01 1.297221187575364354e+01 1.327685436177680955e+01 1.332179525771804762e+01 1.372317356465264027e+01 1.379095128016399308e+01 1.383364131521098095e+01 1.389762194718336552e+01 1.434778805384050493e+01 1.443894981417786916e+01 1.447604021505986793e+01 1.449921461307063275e+01 1.492864016836320395e+01 1.495000424578780596e+01 1.526291309296851573e+01 1.535228704099950647e+01 1.558577790679070496e+01 1.564859603631781582e+01 1.629907770217474905e+01 1.654600706397523879e+01 1.680146151000728239e+01 1.686723313895097931e+01 1.769374034076746582e+01 1.772691770852938475e+01 1.790779743218365638e+01 1.800841413696333504e+01 1.807327619701150212e+01 1.818771847332071445e+01 1.892244123526145216e+01 1.897413794731775027e+01 1.979761592388176084e+01 1.988813010101847212e+01 2.001243968390790684e+01 2.006841956855886266e+01 2.026710472982673750e+01 2.033549276637012326e+01
1.195141488733044710e+00 1.196352815136203729e+00 1.446671422737340063e+00 1.447628536185251891e+00 1.659244541027449227e+00 1.659487151237831970e+00 1.726703278488687987e+00 1.726954614825237044e+00 1.854676205277258294e+00 1.854994712423616354e+00 2.089573669165651459e+00 2.089858700801543900e+00 2.334862477953205673e+00 2.335214249636721195e+00 2.432489290853260044e+00 2.432751091756709005e+00 2.446234118016362480e+00 2.446729329632910677e+00 2.805000353961896842e+00 2.805351524880332903e+00 2.870220689097648936e+00 2.870691957780942882e+00 3.156776718710814666e+00 3.156985988516460839e+00 3.210130336189250144e+00 3.210337318135481510e+00 3.744667305754831421e+00 3.744995483471543540e+00 4.045218807779985326e+00 4.045747575367892424e+00 4.181291037080455908e+00 4.182071785831083410e+00 4.639831074421397084e+00 4.640045127961100135e+00 4.640524244494125483e+00 4.640559844434603676e+00 4.836500882675340840e+00 4.837678387737319063e+00 5.008376878821213296e+00 5.009153054148755224e+00 5.127420801277118301e+00 5.127957668390481949e+00 5.276686277275791426e+00 5.277833489373088049e+00 5.369786656862353347e+00 5.370193717948128942e+00 5.499396034983935699e+00 5.500038887736856452e+00 5.654703303372611067e+00 5.654880650373563356e+00 6.023850465882197192e+00 6.024315458658106692e+00 6.112995822735382667e+00 6.113437809352991970e+00 6.400903130643161631e+00 6.401388168018548264e+00 6.749066867352117249e+00 6.749507189810032948e+00 7.014545704551268024e+00 7.014890193823753783e+00 7.021274013036259198e+00 7.021561088287404218e+00 7.334076720947044770e+00 7.334594242550356746e+00 7.687614194100019560e+00 7.687743564399295515e+00 7.741390278506051992e+00 7.741713368627969771e+00 8.059381842281570840e+00 8.059713448021778248e+00 8.244870938299502683e+00 8.245407241259608000e+00 8.606860095893074103e+00 8.607092668432871463e+00 9.102267160722174566e+00 9.102446007048419219e+00 9.454804146163864331e+00 9.455109346688315597e+00 9.671473161556832565e+00 9.671814329287812484e+00 9.900019193951655083e+00 9.900530532605714029e+00 1.021748702445345280e+01 1.021753437381091523e+01 1.033865716073017715e+01 1.033921372552881124e+01 1.065836609305236138e+01 1.065878269340918472e+01 1.083242361628867201e+01 1.083290576988799003e+01 1.114949153424527140e+01 1.114980110232898980e+01 1.133446235537282121e+01 1.133454265882718204e+01 1.133906044356015563e+01 1.133922609977095064e+01 1.297725889031513624e+01 1.297728636848156647e+01 1.332264653493463769e+01 1.332287893314886773e+01 1.379536234303556341e+01 1.379572342739162139e+01 1.385641586704510431e+01 1.385652355250375400e+01 1.438967301465490678e+01 1.439018748368994949e+01 1.450931346036755265e+01 1.450961988016147686e+01 1.495505249076948395e+01 1.495556737467230946e+01 1.532227218880802688e+01 1.532272317903164094e+01 1.559985125867920530e+01 1.559993617239755004e+01 1.642678725808849194e+01 1.642708150024992975e+01 1.684180654216607209e+01 1.684192041834221598e+01 1.770309675921943082e+01 1.770317520061313488e+01 1.801516944458704117e+01 1.801526674259035588e+01 1.808768560337886555e+01 1.808795545312550956e+01 1.894128676119655807e+01 1.894148754452279704e+01 1.986275045037339737e+01 1.986286575930364506e+01 2.004154268722217580e+01 2.004190821532043643e+01 2.029874099355816597e+01 2.029910194978069882e+01
8.736751164951342963e-01 1.008791806840737548e+00 1.184674684191309835e+00 1.266250920345594277e+00 1.437468714661639835e+00 1.519177693045249411e+00 1.551394401340222329e+00 1.629554364281231349e+00 1.804185607332748686e+00 1.877772867203482132e+00 1.989462114887615929e+00 2.037158571733197032e+00 2.209578653606696363e+00 2.322806549132439446e+00 2.349208124610417059e+00 2.436028995838807720e+00 2.521932789491900806e+00 2.593806839556150212e+00 2.766396563900166861e+00 2.815298875946855350e+00 2.888715159035118329e+00 2.960230242594343864e+00 3.151593832012154373e+00 3.172943333228415153e+00 3.205739549903999119e+00 3.268424733891237111e+00 3.713829075114927214e+00 3.742584330928354852e+00 3.929818625334659199e+00 4.064761443507744154e+00 4.123548306684437392e+00 4.203988300890038055e+00 4.462978590282419056e+00 4.561762297737825378e+00 4.618312544196083280e+00 4.675701400931401963e+00 4.796437958917394440e+00 4.935321072165308465e+00 4.961073339741983723e+00 5.068697301002139888e+00 5.133973333932662086e+00 5.154674497453009430e+00 5.282982338571655667e+00 5.295934989442827145e+00 5.343421801351082578e+00 5.378702632218868906e+00 5.466366370503846994e+00 5.670417972857921818e+00 5.686695245812787292e+00 5.742172831750807838e+00 6.020103862284875262e+00 6.042402502492779881e+00 6.087654154431378473e+00 6.127660100123833331e+00 6.411959998085182022e+00 6.441407128544132554e+00 6.732629152496978797e+00 6.766621193343436147e+00 6.958316148188602668e+00 6.997990245178663749e+00 7.030045715179595867e+00 7.116314879880323296e+00 7.288274471962383316e+00 7.332057457742966911e+00 7.650633541840337060e+00 7.700203975755520069e+00 7.736203177936412878e+00 7.812620560417252946e+00 8.034117514578458241e+00 8.075602411622618604e+00 8.258111704430859845e+00 8.281085197699376010e+00 8.587711388999149875e+00 8.637639644362414160e+00 9.082162828712426972e+00 9.115170107552877710e+00 9.451996904017963885e+00 9.497322530816266095e+00 9.679109187735720710e+00 9.689558315090827989e+00 9.893904975894319165e+00 9.934971338896845694e+00 1.016936360104216952e+01 1.024227588608887274e+01 1.032398235618041404e+01 1.035760622711798895e+01 1.064882871319300506e+01 1.069516431425385683e+01 1.084781652001634633e+01 1.088479416926100818e+01 1.115403414405102822e+01 1.116189458313302829e+01 1.130734525481140373e+01 1.134055526061661467e+01 1.136848424292411863e+01 1.143511846090750339e+01 1.292184090977078981e+01 1.301461897341401830e+01 1.330363714719062074e+01 1.332516456319457632e+01 1.375556584153837392e+01 1.379526589171102380e+01 1.383707745189994576e+01 1.387651836813601669e+01 1.439589943664747373e+01 1.440603758190921901e+01 1.447621674518661372e+01 1.453838840779734376e+01 1.492626534599902932e+01 1.495886417663428958e+01 1.530645341367339363e+01 1.531338858339070441e+01 1.559662997649561866e+01 1.562380091298976836e+01 1.643310634334828535e+01 1.644526539956556732e+01 1.685440672188690669e+01 1.686497118245259941e+01 1.763018917074516168e+01 1.764179862578687619e+01 1.798687140267533735e+01 1.802210354453046293e+01 1.812254248501648490e+01 1.813238501397504621e+01 1.892897149191215789e+01 1.893444691352338793e+01 1.983941159135598653e+01 1.986714705356911992e+01 2.004619258638759050e+01 2.005227249430447500e+01 2.029994067380449607e+01 2.031519314196268766e+01
-1.481853413217692816e+00 -8.390135360637170914e-01 1.359247811883285695e-01 6.820015750233994201e-01 9.700816232637801129e-01 1.292579482618768649e+00 1.391720804796177768e+00 1.494205035639216028e+00 1.572917056590935614e+00 1.755225650090961986e+00 1.838962859179298137e+00 1.867068790346549712e+00 2.186696498027704383e+00 2.252985966834518017e+00 2.320429231653158730e+00 2.400447626577648652e+00 2.544947951074498338e+00 2.669430311238874864e+00 2.736847720031830633e+00 2.806887092431874287e+00 2.957538705392581679e+00 3.002443357435542914e+00 3.130960982168172979e+00 3.218911806745685222e+00 3.278463255206148119e+00 3.368831111359282815e+00 3.607868683281830968e+00 3.657481753993307105e+00 3.844591646448083377e+00 4.075703373251559292e+00 4.137420299596169748e+00 4.244538074675143768e+00 4.330496382829794655e+00 4.479275616911825075e+00 4.567231581401786755e+00 4.683729119077749026e+00 4.796934455428685240e+00 4.926409842914963200e+00 4.994033859292049016e+00 5.086691457247300541e+00 5.135407631566931919e+00 5.174139454750583234e+00 5.288194400822440855e+00 5.317177009344915106e+00 5.388848281711764443e+00 5.436538296932296177e+00 5.486228041596767468e+00 5.708426310872186882e+00 5.757563908754809390e+00 5.887740660522414515e+00 5.993815379314575864e+00 6.085562005995730495e+00 6.124156839671864638e+00 6.185986564177443192e+00 6.443405526531893024e+00 6.504095727287828588e+00 6.706278913020669030e+00 6.778203830380387984e+00 6.923215260407014071e+00 7.008214980412711625e+00 7.044475412219714627e+00 7.202765439860041141e+00 7.230049067821270548e+00 7.323458827871976773e+00 7.640550060211329431e+00 7.678639022906494027e+00 7.757075372534698587e+00 7.900401056252272625e+00 7.991387693044941010e+00 8.113412775492482965e+00 8.288641176740423333e+00 8.346068629707412256e+00 8.576315503783837002e+00 8.670552724983741300e+00 9.062662129472448314e+00 9.118319066294700903e+00 9.482284117854472782e+00 9.535766307873984715e+00 9.704001771432009704e+00 9.727538139125226024e+00 9.912158153756957191e+00 9.987454022892803707e+00 1.011359018296559320e+01 1.027333578466987341e+01 1.030729582596138627e+01 1.037781963009496522e+01 1.064040282696470285e+01 1.074294512539743707e+01 1.088637353245782258e+01 1.098801981753796930e+01 1.115911997475410011e+01 1.119136047235695841e+01 1.134182010289880971e+01 1.137402321050913834e+01 1.145533241660296220e+01 1.163833193610279082e+01 1.284171922364646257e+01 1.303644275959544707e+01 1.325989822815848918e+01 1.330395967908109967e+01 1.367346160764249596e+01 1.376144486908393816e+01 1.386101602051279613e+01 1.388101688708282921e+01 1.438971011573268122e+01 1.441945605918341222e+01 1.446516931671999906e+01 1.456509302713816290e+01 1.488728620960605475e+01 1.495259903452228656e+01 1.526642411682946943e+01 1.529636908821634300e+01 1.559993591074381847e+01 1.567055372697563520e+01 1.645060349791699750e+01 1.649327381971027151e+01 1.688719901474222951e+01 1.692551969013424085e+01 1.747153957824472315e+01 1.749729050421927923e+01 1.794462225520573639e+01 1.802271712481242716e+01 1.818497974468327882e+01 1.821348522376923995e+01 1.889719357040782910e+01 1.891225969324337086e+01 1.979923086162976986e+01 1.985687022728687623e+01 2.006123185568697309e+01 2.007509769925892584e+01 2.031434932168743401e+01 2.034705636747757396e+01
-2.420911416709639052e+00 -1.744114326337918186e+00 -1.061410207552440088e+00 -7.651435099387499106e-01 2.657764980476932104e-01 9.603682117958416420e-01 1.144242825785974693e+00 1.333965317052774324e+00 1.390916813231893201e+00 1.621943727911268729e+00 1.682845427019877382e+00 1.763889997436823620e+00 2.122476872766436706e+00 2.199124566443854345e+00 2.252304361414056988e+00 2.338599137809801221e+00 2.534525986770459482e+00 2.575097157013725102e+00 2.686835412345385254e+00 2.799037771407366204e+00 2.987409074292180389e+00 3.046410648346228101e+00 3.177046620911960773e+00 3.254465425201177986e+00 3.328911609257751980e+00 3.474039295158041440e+00 3.578582685506761507e+00 3.653903090371291018e+00 3.877358265918039670e+00 4.079203161984497505e+00 4.157640909981091148e+00 4.259914537063200335e+00 4.343490915252526285e+00 4.450075120022813024e+00 4.532384048745376148e+00 4.675370860137867624e+00 4.786533517573627883e+00 4.878739034163440458e+00 5.023338059818100554e+00 5.080097957457287094e+00 5.130423507696018071e+00 5.209754628515962160e+00 5.327049879179691416e+00 5.340752901927899643e+00 5.460227097630784066e+00 5.522036336443507665e+00 5.532171806813301451e+00 5.707252107788461259e+00 5.788364926662813659e+00 5.853538592146373176e+00 6.036226322962539470e+00 6.138512519503620091e+00 6.206806132050582292e+00 6.244564642936883736e+00 6.449839877127629073e+00 6.556435062959943494e+00 6.669523344228999839e+00 6.747122755918359083e+00 6.906157156815783793e+00 7.037913039233386847e+00 7.080328480556178583e+00 7.198598635643329580e+00 7.238456537361381393e+00 7.370103720285705151e+00 7.629177944340720607e+00 7.662898014571909222e+00 7.784097510936448749e+00 7.924527046227180627e+00 7.988897851308133014e+00 8.168659037198855444e+00 8.326404714876213475e+00 8.398193572024405640e+00 8.567542514257189268e+00 8.682695762943431816e+00 9.048711278772199051e+00 9.118931482560864055e+00 9.497853280706472390e+00 9.554543930584767253e+00 9.720373794463766259e+00 9.764348328887633599e+00 9.918783306177502368e+00 1.003189067168442428e+01 1.010161726112394831e+01 1.025347482507398134e+01 1.033245291662873200e+01 1.039511322207835242e+01 1.060978124146584811e+01 1.081092086326558999e+01 1.093149802943849735e+01 1.105275863170515471e+01 1.115890426361579912e+01 1.120725761133596521e+01 1.140288604727005328e+01 1.146569579444487630e+01 1.160611102225932001e+01 1.193085770912281696e+01 1.273695840340408658e+01 1.302038770473820328e+01 1.316953935704752077e+01 1.325853671950418722e+01 1.359608693120686951e+01 1.374584171763125617e+01 1.388170935010077223e+01 1.390595959540526749e+01 1.431850582662598192e+01 1.438640347029771682e+01 1.450436551307472755e+01 1.460145799287170831e+01 1.488915374529905122e+01 1.495958308626084055e+01 1.521915631702430360e+01 1.529349500097241865e+01 1.560605531866158024e+01 1.571195869827557701e+01 1.647095216193962486e+01 1.655006069665462931e+01 1.692748613493368026e+01 1.700087838558754783e+01 1.729334168095244451e+01 1.733848463724233824e+01 1.790473018775479730e+01 1.802068606610384904e+01 1.823901190686030205e+01 1.829545490578733435e+01 1.885180520523251602e+01 1.888549315066952161e+01 1.975051146643838251e+01 1.983587707275747647e+01 2.008255065093336356e+01 2.010346151750518118e+01 2.033363305336139604e+01 2.038637164346767960e+01
-2.859240577354440038e+00 -2.160472996322314820e+00 -1.283508518886657290e+00 -1.116898232486297493e+00 -5.779121601404042519e-01 5.231985090082018619e-01 9.737443187675938194e-01 1.240029629837811287e+00 1.333646731936557028e+00 1.518501426622766548e+00 1.632114704387534587e+00 1.722687145809375098e+00 2.034574765843456312e+00 2.089331068650822409e+00 2.191674214370713081e+00 2.308833090560899581e+00 2.447449570204546454e+00 2.597124221058538573e+00 2.609144448659545645e+00 2.814477941416334339e+00 3.010664974897044655e+00 3.118085835735005418e+00 3.217445228398634782e+00 3.300126547199607963e+00 3.403788372680001562e+00 3.546496523021307468e+00 3.626610787685690784e+00 3.715392185113480572e+00 3.903507791679753147e+00 4.107097007984213732e+00 4.178199065438518822e+00 4.217877518757825683e+00 4.344874431612926635e+00 4.463118288753323171e+00 4.540259176639162675e+00 4.697313156643900811e+00 4.782697937225233176e+00 4.806534512815662907e+00 4.993128186792545442e+00 5.060568698345692340e+00 5.147760976026504842e+00 5.282345445425238317e+00 5.363121142608450853e+00 5.390323593523726586e+00 5.477561770426631504e+00 5.531212005417908806e+00 5.606602559437519062e+00 5.758904981247170873e+00 5.798934850553682629e+00 5.859632838648886732e+00 6.056363830174374741e+00 6.181020707902455058e+00 6.223464055660113736e+00 6.276992227354392995e+00 6.465890308867080272e+00 6.530233212962204270e+00 6.641731246730442351e+00 6.718519770456857998e+00 6.895856340116962357e+00 7.057235135383610469e+00 7.082811450627248817e+00 7.214523811117629748e+00 7.282248819280194851e+00 7.425309340671389258e+00 7.620491875018921668e+00 7.653642054524989469e+00 7.811874173583955638e+00 7.888921149716527026e+00 8.037186007473019700e+00 8.215260590509686267e+00 8.372054202852028837e+00 8.428808255222042689e+00 8.561153799041868240e+00 8.678759773922486431e+00 9.033522147292375237e+00 9.117907448792344383e+00 9.485580176608827685e+00 9.548731244951447650e+00 9.718890038368417805e+00 9.782435329895367460e+00 9.889707461949935663e+00 1.005694711194729685e+01 1.010150836475435199e+01 1.022642954539428573e+01 1.033931721712896312e+01 1.039361235790054927e+01 1.057593479964146965e+01 1.084480646114153757e+01 1.097237343016113975e+01 1.109901987410772506e+01 1.115855832597737241e+01 1.121199411821120151e+01 1.142915682360309049e+01 1.158261602498072662e+01 1.175919468190387285e+01 1.218583441593236749e+01 1.262026380422491201e+01 1.291178396934564709e+01 1.306907401285704573e+01 1.321256010205826570e+01 1.358436413534791676e+01 1.375020212368509753e+01 1.391108329633466134e+01 1.396059941684156591e+01 1.421632965631902934e+01 1.435809219675193837e+01 1.453590942365893390e+01 1.463263992809324243e+01 1.494074979950573656e+01 1.500088968167213288e+01 1.520281197303820520e+01 1.531098512889649399e+01 1.560842754219428663e+01 1.571570580768844039e+01 1.646538659638541802e+01 1.656299192418427424e+01 1.696618580440718205e+01 1.705683176082256836e+01 1.717296920517439673e+01 1.723373566439857285e+01 1.788415838558108817e+01 1.801847157577158143e+01 1.827353523435760252e+01 1.835965626973254672e+01 1.881490659114639286e+01 1.887321377520660803e+01 1.970069106969278039e+01 1.980631968938465803e+01 2.010574546183403655e+01 2.013505581014602797e+01 2.034990825696999295e+01 2.041835717110481241e+01
-2.883590398826184398e+00 -2.156631803873047648e+00 -1.181664982538993325e+00 -1.121276956236641142e+00 -5.152405093912717504e-01 7.809791818190282564e-01 9.731588600943865686e-01 1.244445842447039929e+00 1.400984894728943386e+00 1.485343113981944851e+00 1.626936843719615888e+00 1.749688289369427663e+00 1.954876233327864199e+00 2.031255011559322643e+00 2.151778139838305570e+00 2.289157880730777528e+00 2.453168551656141450e+00 2.605136534948267801e+00 2.629882369703201217e+00 2.828148208614876147e+00 3.027283022117815303e+00 3.188025332722069560e+00 3.285744653814300253e+00 3.353756334754650403e+00 3.494067480590383301e+00 3.616055773930779260e+00 3.672924503055027934e+00 3.780462810759932513e+00 3.945168831622555050e+00 4.078916004983541121e+00 4.161318548293520436e+00 4.210211638761589548e+00 4.353574750900886414e+00 4.473383218907911463e+00 4.533123263654280422e+00 4.659646264961348372e+00 4.743209055567881194e+00 4.820966126548058561e+00 4.983769749316492081e+00 5.051972910026924168e+00 5.162496984933700794e+00 5.269793679287485766e+00 5.388605692011182668e+00 5.404402642502262211e+00 5.490470810166325322e+00 5.525540205142680961e+00 5.689024730219159665e+00 5.787137113834235791e+00 5.853859165652314900e+00 5.908796686477316484e+00 6.047492879846494418e+00 6.133111426313599956e+00 6.204225954656092945e+00 6.302004606078790871e+00 6.489661827704471087e+00 6.539666997324752984e+00 6.600957746571850748e+00 6.720412824387707040e+00 6.861708093875348524e+00 7.017957094724779132e+00 7.112044570293364565e+00 7.229675775372641056e+00 7.347584734078021818e+00 7.449987477841226280e+00 7.594112183997938637e+00 7.665070182797817822e+00 7.830920395955726754e+00 7.863489478800858024e+00 8.109534241093852458e+00 8.231386513852141817e+00 8.414503015128691032e+00 8.443009108598488410e+00 8.562197548645919198e+00 8.702150176817305294e+00 9.013183474111032822e+00 9.103945815563445620e+00 9.437008444670127005e+00 9.516421164881213812e+00 9.709630177892501379e+00 9.782685356674781119e+00 9.842586847583296716e+00 1.004671161086823794e+01 1.008574321148813624e+01 1.019233966001200464e+01 1.031873124582723911e+01 1.037116972316706054e+01 1.051294211585413585e+01 1.081835609183604241e+01 1.100007587232512840e+01 1.114196863212871413e+01 1.116136251942286073e+01 1.121446966718841232e+01 1.142236273494416210e+01 1.161920887951623982e+01 1.179816679359938547e+01 1.219582555072948971e+01 1.258799737286555498e+01 1.279714071965829270e+01 1.299361928007930622e+01 1.316260081151364680e+01 1.365408350568410256e+01 1.378312869190312995e+01 1.394560556258310235e+01 1.403539199454494657e+01 1.418052352941183969e+01 1.435498985317771492e+01 1.454855933301928417e+01 1.462798956880098444e+01 1.501458948062334109e+01 1.508188791496286996e+01 1.525019550726186246e+01 1.535134809141566059e+01 1.559970940913804505e+01 1.566909313078215860e+01 1.638642542447611916e+01 1.647271089473104411e+01 1.701215787060846552e+01 1.709457996932180635e+01 1.716981931288311003e+01 1.722423933952863351e+01 1.789037995878306830e+01 1.801760916677839575e+01 1.827906437629198066e+01 1.837159393728523327e+01 1.883074240031669078e+01 1.890316257388439425e+01 1.965330198810979212e+01 1.976740826588892475e+01 2.013075124512688774e+01 2.016683123556127910e+01 2.035771632153029742e+01 2.042901195246709989e+01
-2.482353654948658672e+00 -1.732278534542158299e+00 -8.169540691006423883e-01 -4.635611921105598499e-01 6.484656095863980951e-01 1.135647020139238128e+00 1.225082871868203860e+00 1.356184895962790904e+00 1.475956139774920572e+00 1.601193870637056760e+00 1.635773685500353514e+00 1.866220320403426669e+00 1.957173817420835737e+00 2.034740791543124594e+00 2.183968035781530759e+00 2.293011163154185628e+00 2.485759569675760616e+00 2.629496359105107040e+00 2.687622674830563163e+00 2.853413375543355279e+00 3.051685795895586306e+00 3.267283536209838690e+00 3.348241445031090890e+00 3.445835797296810998e+00 3.537804978892697516e+00 3.664092733521877587e+00 3.737308367717287361e+00 3.843473572709910524e+00 3.960385321780685697e+00 4.036246966934085911e+00 4.142234740956155292e+00 4.194210754102233096e+00 4.361266623050817692e+00 4.470189955808153037e+00 4.519322423119731980e+00 4.564825473296833636e+00 4.694314303537520772e+00 4.829487285370921867e+00 4.999111815589670549e+00 5.085517713646647842e+00 5.184687640683669052e+00 5.219070768797006821e+00 5.366625325313305162e+00 5.391655530747298641e+00 5.505929204282924871e+00 5.562090684624539705e+00 5.733123963536220558e+00 5.796989066083487963e+00 5.860319812153841568e+00 5.948445610885808144e+00 5.987710347924225296e+00 6.102945342069471479e+00 6.185757648908096762e+00 6.341116592817174435e+00 6.508912590969150536e+00 6.555737776629065650e+00 6.611363674353741615e+00 6.695536601203621707e+00 6.822687727686355785e+00 6.958105665891631375e+00 7.155186062263968694e+00 7.229599161457206158e+00 7.370998132771470424e+00 7.472086498696087098e+00 7.552056679352103785e+00 7.678965550155515629e+00 7.778498916864883483e+00 7.878679130494298910e+00 8.186024980672319984e+00 8.266850787325550343e+00 8.425967994462165933e+00 8.472857335602883566e+00 8.594518108929882771e+00 8.754195065829584621e+00 9.001659345659497546e+00 9.070065947267142548e+00 9.348525429705018652e+00 9.455344787490179925e+00 9.676615428970796629e+00 9.761507184533463999e+00 9.822773337952950712e+00 9.999464477240358917e+00 1.006205637907333816e+01 1.014914683152450969e+01 1.027500669115805465e+01 1.032913312883962931e+01 1.041840080446498895e+01 1.070870306931181482e+01 1.102119111845232524e+01 1.114705068055501336e+01 1.117665132670436634e+01 1.122287023473854184e+01 1.138865744977518624e+01 1.155628577567556903e+01 1.168412956227233934e+01 1.194549229580945315e+01 1.267875328092175202e+01 1.276620125971993147e+01 1.293870923886182744e+01 1.308970584638369594e+01 1.378245406285831898e+01 1.384780933107250078e+01 1.398652720048016995e+01 1.407513422853296881e+01 1.425446917877092368e+01 1.437489212500257985e+01 1.454390882526032591e+01 1.459237369399356155e+01 1.510066531066771844e+01 1.518774121228661933e+01 1.535326640063108883e+01 1.541409363510549824e+01 1.557563334000837330e+01 1.559498173178114300e+01 1.624196137686185892e+01 1.631234384842362317e+01 1.708330416877175395e+01 1.715668462942795358e+01 1.722313324500291998e+01 1.725639327040102700e+01 1.791824689622113453e+01 1.801889416035061586e+01 1.825040294399508767e+01 1.831907408787091285e+01 1.891983769984505415e+01 1.899393655826532168e+01 1.960674044136496974e+01 1.971415041419621161e+01 2.015975627033854067e+01 2.019600417015434957e+01 2.035364143807823822e+01 2.041212629740087436e+01
-1.526421125874869889e+00 -8.157415972207316956e-01 8.030485163460624465e-01 1.007388915937649232e+00 1.279756761978449120e+00 1.383027030977572291e+00 1.469695397275766036e+00 1.554327195830059072e+00 1.597542064661761518e+00 1.748900422698366652e+00 1.778048784382572078e+00 1.937942478449148132e+00 2.024071194461249057e+00 2.182333881593925273e+00 2.226014580312009272e+00 2.336063384517292008e+00 2.495708162933384600e+00 2.633863496048411079e+00 2.745519650481370810e+00 2.875562459324561893e+00 3.152817985277235557e+00 3.340441455182069586e+00 3.409233806112686782e+00 3.502873429081363454e+00 3.609737539790819572e+00 3.708823270763599300e+00 3.794982796557301974e+00 3.886452130708381247e+00 3.947065251826040733e+00 4.024880456852838684e+00 4.077055371948369533e+00 4.165427678268941669e+00 4.349800166866588214e+00 4.441436868798797732e+00 4.471812116694161787e+00 4.569052411214713949e+00 4.656332836406991582e+00 4.764240252880258986e+00 4.972368773526996577e+00 5.073056874919775971e+00 5.199737824897737504e+00 5.252364769147511936e+00 5.398569723146778188e+00 5.416162679360594367e+00 5.504486179641370214e+00 5.611359804336845336e+00 5.706503549627594651e+00 5.767698666648878536e+00 5.842033439312275256e+00 5.912392562656871853e+00 5.941134710631069460e+00 6.011152712834491041e+00 6.281575336847456725e+00 6.373477810492995665e+00 6.486127784589870160e+00 6.585421967012998756e+00 6.612189636915404733e+00 6.681836538473354459e+00 6.778598229436279432e+00 6.877338848742465593e+00 7.199663358135151903e+00 7.235006367985076459e+00 7.372695677206542619e+00 7.457811533334690601e+00 7.541688358229956535e+00 7.674068013514514064e+00 7.717997294254039353e+00 7.824065588867649801e+00 8.255921396115333266e+00 8.343774064852951255e+00 8.427150182728032846e+00 8.498131981059616535e+00 8.688584289641189784e+00 8.804199064299998767e+00 8.999827717208663813e+00 9.031809238951600705e+00 9.248662625790586844e+00 9.382968108598815249e+00 9.600070605612302188e+00 9.700080109987728960e+00 9.855551903839907979e+00 9.951447971028985151e+00 1.003710542359686642e+01 1.009767130638058497e+01 1.022169805425587086e+01 1.026620421457541354e+01 1.032350399564272436e+01 1.051658552973346161e+01 1.104148473873804370e+01 1.112751185109161689e+01 1.116722678141188752e+01 1.122654866845302379e+01 1.136224568255070189e+01 1.146324846529848607e+01 1.152613084992088943e+01 1.165946389009905992e+01 1.276695415417846391e+01 1.278718391876325988e+01 1.289966632101410937e+01 1.300634882177715390e+01 1.390863239809461049e+01 1.393164998990852332e+01 1.402807006097774689e+01 1.408941648467140517e+01 1.434627882893064488e+01 1.440619105121509591e+01 1.451813285870103520e+01 1.455511687987978320e+01 1.520291402205311293e+01 1.528971217720312481e+01 1.546320959423537644e+01 1.549427480250696298e+01 1.550728771827513341e+01 1.558561779546936776e+01 1.608145389403449954e+01 1.613280539286614612e+01 1.716544791834982320e+01 1.722212721267500868e+01 1.726895608147795613e+01 1.729748881382606029e+01 1.796049522693705924e+01 1.802514715950928093e+01 1.819634526447687506e+01 1.823733758624295831e+01 1.906009212649189521e+01 1.912747241692826350e+01 1.955425454127885132e+01 1.963830603043973966e+01 2.019422017675682568e+01 2.022197836730500242e+01 2.033664008222753239e+01 2.037217934804775155e+01
1.017079410186464861e+00 1.188388206414681569e+00 1.303222366036568935e+00 1.459377911850575860e+00 1.498156530526092434e+00 1.549429871193835018e+00 1.677933531046050364e+00 1.716971980304051737e+00 1.797838778812524518e+00 1.933711228813844274e+00 1.990417416968217168e+00 2.099209387343255351e+00 2.134773939619622141e+00 2.212543058190044487e+00 2.296105688209530538e+00 2.397281236141048044e+00 2.434096963668129110e+00 2.632748044725984116e+00 2.722016217506961766e+00 2.842382325072275950e+00 3.362041387196318620e+00 3.446854111887610372e+00 3.512905981570401348e+00 3.527129727405238224e+00 3.707836942777967160e+00 3.749758812378555906e+00 3.824501789430305720e+00 3.902344352273233063e+00 3.911875404413522439e+00 3.995014215816625303e+00 4.017437453066645681e+00 4.113220117233654882e+00 4.345853680679829800e+00 4.429489475169489765e+00 4.452543413524095328e+00 4.588080517791429003e+00 4.639839901156878277e+00 4.706701317257834027e+00 4.880842673833837964e+00 4.950781237923651545e+00 5.286890261652771983e+00 5.347477349018523896e+00 5.451102481137295896e+00 5.500653480209789059e+00 5.527104370813897383e+00 5.626343895726320099e+00 5.661142407169218238e+00 5.676283738015448499e+00 5.821087764100109752e+00 5.862934956725171176e+00 5.878476644097871961e+00 5.906859364044255045e+00 6.374985444361286113e+00 6.400878500242261460e+00 6.451398371077083915e+00 6.512322807495546151e+00 6.652197038226355552e+00 6.702241431154028817e+00 6.731983073915762006e+00 6.778276980720213452e+00 7.249100340741242654e+00 7.279412312945775732e+00 7.360389291218221608e+00 7.399738478929467789e+00 7.579692414224679098e+00 7.656275188157581901e+00 7.667431341943528267e+00 7.731942449688856911e+00 8.341743257594993466e+00 8.397866126149043708e+00 8.426758543489063058e+00 8.480446965329175413e+00 8.812319575342542066e+00 8.860368624824531025e+00 8.949805617592124563e+00 8.997136632491240960e+00 9.249461255371372204e+00 9.346081930471594745e+00 9.496218185389247779e+00 9.573373619674971025e+00 9.914100167020075460e+00 9.949045719452008996e+00 1.001204821356751218e+01 1.003859863560366072e+01 1.018493710041103739e+01 1.021538897074178287e+01 1.024455384706131333e+01 1.030760027577514393e+01 1.106615366983583471e+01 1.110965504150337857e+01 1.113880657579868405e+01 1.118729798479161808e+01 1.136593416687566283e+01 1.140032810304737332e+01 1.141655178511696711e+01 1.146114667449883306e+01 1.281242467832416843e+01 1.284094070224405115e+01 1.287465425242028338e+01 1.292891078163716756e+01 1.399202920869003819e+01 1.401469349400943010e+01 1.405253428905969493e+01 1.408455953612389955e+01 1.441021486315639955e+01 1.443873941390608096e+01 1.448608407816635690e+01 1.451357549985347717e+01 1.531406855656051036e+01 1.536339149276691529e+01 1.544283490363172362e+01 1.546560076416161422e+01 1.563521442183268917e+01 1.566546537313995913e+01 1.592895696786685811e+01 1.595530849610366175e+01 1.723945267457951047e+01 1.727461984930798522e+01 1.728923024311454171e+01 1.731735338867557061e+01 1.801446061579361668e+01 1.804322480862615308e+01 1.813389163876886911e+01 1.815450445529970125e+01 1.922619061679479557e+01 1.926807628965446284e+01 1.948549876668995040e+01 1.953147568895109032e+01 2.023357786784792012e+01 2.024711082595833034e+01 2.030868094106826049e+01 2.032270629214808366e+01
1.406042914749944472e+00 1.406268684513642286e+00 1.406905581599282140e+00 1.407050881989361235e+00 1.740809963802681271e+00 1.741212126724832832e+00 1.741758850791959912e+00 1.741794684653781511e+00 2.093475252855335977e+00 2.093930433384566303e+00 2.094029569184025608e+00 2.094228313595573709e+00 2.225769154534394723e+00 2.226067646602260197e+00 2.226202410135554199e+00 2.226400500411575667e+00 2.671799820451827845e+00 2.672249976763569013e+00 2.672328259779250814e+00 2.672399573206180268e+00 3.530336657341316631e+00 3.530773139160576335e+00 3.531057707817238711e+00 3.531216960073800593e+00 3.806006788948163244e+00 3.806285231065959174e+00 3.806435299373823522e+00 3.806789339951297535e+00 3.988190767552734606e+00 3.988300126454681571e+00 3.988601572483524649e+00 3.988804012285773748e+00 4.436866619666406386e+00 4.437293562653818135e+00 4.437626377436712843e+00 4.438044384642856777e+00 4.781718659624340617e+00 4.781908372900778303e+00 4.782146559138514164e+00 4.782890143750249123e+00 5.439445136107028844e+00 5.439829617957522956e+00 5.440621521087467549e+00 5.440740951122394975e+00 5.601567870579676089e+00 5.601829521022160918e+00 5.602015828020566524e+00 5.602456754999132649e+00 5.840884757398892013e+00 5.841405646338449387e+00 5.841845374919852674e+00 5.842195889193794400e+00 6.430599652039618697e+00 6.430659550622694454e+00 6.430979357303820976e+00 6.431214821974416296e+00 6.705582607485491842e+00 6.705743690995707773e+00 6.706136708425381343e+00 6.706370333265804007e+00 7.325723032770249610e+00 7.326051981895522758e+00 7.326175725555642337e+00 7.326370184349453751e+00 7.646426419964571508e+00 7.646610925737924447e+00 7.646767069732393729e+00 7.646906252849464458e+00 8.421629576277066320e+00 8.421705479167828301e+00 8.421723371215488640e+00 8.422305266569276583e+00 8.909349975864737203e+00 8.909681161806068062e+00 8.909749143101924673e+00 8.910030464520525939e+00 9.393042409872608189e+00 9.393427174715093031e+00 9.393494254247505282e+00 9.394224710300733250e+00 9.980843725237901864e+00 9.981145129704161789e+00 9.981256662251221101e+00 9.981526663750013739e+00 1.019700199520324446e+01 1.019750437423883405e+01 1.019770604404480174e+01 1.019778960235851883e+01 1.111337383210531726e+01 1.111399393812958714e+01 1.111413224245216469e+01 1.111431403433190113e+01 1.138355849461099822e+01 1.138376413351892147e+01 1.138390384255334098e+01 1.138437577398202727e+01 1.286379267978142060e+01 1.286392273272209685e+01 1.286407890706864166e+01 1.286434018041673255e+01 1.405174848690640665e+01 1.405213479788248243e+01 1.405242201166173288e+01 1.405265085746430564e+01 1.446222111700990354e+01 1.446289024029394987e+01 1.446300880808907685e+01 1.446338254170951387e+01 1.540661849061275745e+01 1.540690531893763193e+01 1.540707233816423560e+01 1.540710863041338818e+01 1.578866598045074987e+01 1.578880654196753675e+01 1.578892714421050414e+01 1.578915496574100175e+01 1.729479422384394027e+01 1.729485214934004844e+01 1.729499503624457901e+01 1.729516154809645556e+01 1.807921066672714971e+01 1.807958841317562815e+01 1.807970417654948392e+01 1.807982265960543700e+01 1.939066413196056970e+01 1.939080460025691721e+01 1.939083265141333001e+01 1.939114191846994473e+01 2.027555634214924396e+01 2.027619530617763033e+01 2.027624157949699679e+01 2.027636474487167817e+01
9.815453951198325200e-01 1.196793033783895899e+00 1.280615909904559757e+00 1.314693336545590396e+00 1.537573441989422474e+00 1.649226660084743390e+00 1.674587702073889739e+00 1.777577137348363978e+00 1.868948164585109151e+00 1.931601175135698956e+00 2.051270920561331312e+00 2.131295057854595498e+00 2.172062341016939069e+00 2.234695750662013314e+00 2.305187479817222496e+00 2.360137057754196022e+00 2.520421557429020964e+00 2.641242082090183185e+00 2.714421800798557438e+00 2.788069027150302581e+00 3.278364027595455532e+00 3.410498772073369267e+00 3.497137777222597332e+00 3.647282958373320838e+00 3.690545842702666945e+00 3.758893405851695846e+00 3.794037452335965011e+00 3.871512857492260373e+00 3.909713213039722746e+00 3.972769700392237535e+00 4.011120074275994263e+00 4.140597444668142835e+00 4.342882459729914046e+00 4.398831719889123804e+00 4.459767153983086985e+00 4.547581717977760896e+00 4.678407674859059284e+00 4.789844206034632457e+00 4.832914754092182186e+00 4.927556283266241621e+00 5.313628895367434879e+00 5.377330729424095068e+00 5.413881720297626821e+00 5.491992875201233026e+00 5.536676067370429166e+00 5.596090107449835926e+00 5.645514598804113326e+00 5.684514694155417658e+00 5.789623518710039107e+00 5.827734777669547839e+00 5.913733227313255902e+00 5.962149067561384186e+00 6.328893394415866069e+00 6.386715028873168443e+00 6.462515313476674628e+00 6.532599722317693924e+00 6.656518953056021815e+00 6.702916868307100096e+00 6.743833137405936817e+00 6.781347894542546051e+00 7.261858627901681018e+00 7.314379834995930807e+00 7.342670160173747185e+00 7.386551241355701514e+00 7.562474185428333051e+00 7.644157514837651490e+00 7.678507171883597771e+00 7.726901756930162790e+00 8.338576959366465147e+00 8.400464295232730194e+00 8.422898137123128848e+00 8.499070556115830399e+00 8.818259110581706750e+00 8.853443826141941031e+00 8.953632508341692997e+00 8.970482080437230721e+00 9.259830502971238886e+00 9.318217688006949828e+00 9.491074380329820315e+00 9.608948052293802888e+00 9.923781463579052442e+00 9.967172385272013102e+00 9.997123718134336201e+00 1.003913081310249034e+01 1.013560332507975836e+01 1.022444576740102029e+01 1.026252404740429469e+01 1.031472411914983667e+01 1.104449957959837114e+01 1.109799670326534127e+01 1.114179606228500319e+01 1.120041804931376461e+01 1.137383240383036309e+01 1.139690281782207215e+01 1.140414022238480563e+01 1.151243328192537696e+01 1.278346521559192261e+01 1.282478042724409129e+01 1.288312114632015870e+01 1.290526311355740852e+01 1.399354780678488197e+01 1.401449222839685760e+01 1.405740232959486491e+01 1.408694756491131095e+01 1.439359922581655837e+01 1.442362605189412150e+01 1.448626535110466840e+01 1.452505976436601820e+01 1.532793912567190731e+01 1.535846841450192990e+01 1.540786973751043476e+01 1.543647836297396836e+01 1.571622981268920505e+01 1.575654567250821358e+01 1.588287969094928798e+01 1.590239698128973878e+01 1.721307107244754775e+01 1.726662994713433719e+01 1.730841626052126259e+01 1.734455752806328022e+01 1.801193809395697443e+01 1.805615776665571914e+01 1.812535252453027468e+01 1.817727119275738090e+01 1.926109241201174527e+01 1.936701031887982083e+01 1.940453591408438783e+01 1.946880471285378889e+01 2.019579775499235197e+01 2.025692779487908979e+01 2.029735585402427844e+01 2.035474685258518690e+01
-1.350824701856533361e+00 -6.475587944858859357e-01 6.981348028105917036e-01 9.331527397853186523e-01 1.218808540037230825e+00 1.413484104017748821e+00 1.486915773858516587e+00 1.665602264424188572e+00 1.752365612358031788e+00 1.880701692585165619e+00 1.943173188960454212e+00 2.016243819854669272e+00 2.128366662570821077e+00 2.246710304478269915e+00 2.340653424699726592e+00 2.413964489138039404e+00 2.481931150110467943e+00 2.634334899291550069e+00 2.688834446193541616e+00 2.810613239551231324e+00 3.099366895540645039e+00 3.231430691204901784e+00 3.298787309575521576e+00 3.543105275946336175e+00 3.605451850569791894e+00 3.653299044107195304e+00 3.727060784484940381e+00 3.842198457656254451e+00 3.936905850757710379e+00 3.990708794597341846e+00 4.078348560879126339e+00 4.218564598746428196e+00 4.331799512975734956e+00 4.369301375470675097e+00 4.457910188715804800e+00 4.642616433495364348e+00 4.688430352077620711e+00 4.793696094546747055e+00 4.883063979536903076e+00 5.037394527041628933e+00 5.224334330234110979e+00 5.292414280692545603e+00 5.346415577491465676e+00 5.454288600259061148e+00 5.556083355318532924e+00 5.614348823438545466e+00 5.654244093150540884e+00 5.723036567264586871e+00 5.810747896768130971e+00 5.857010737865190997e+00 5.999456784248035746e+00 6.075218381750061347e+00 6.225479930612559443e+00 6.424606176954427816e+00 6.484167974735776774e+00 6.576551400080119514e+00 6.633007088322529832e+00 6.725593972927986108e+00 6.787912992004243584e+00 6.890163796279045627e+00 7.210926629763830142e+00 7.315472581485876979e+00 7.323416442440664476e+00 7.419396947127314235e+00 7.504182014085413854e+00 7.632192513102551423e+00 7.749835454671600843e+00 7.806664941517596823e+00 8.262158763112733340e+00 8.357500200018046499e+00 8.425683103832493970e+00 8.537218205008777261e+00 8.732237232073901012e+00 8.801988957412111958e+00 8.961859356303017776e+00 9.016128804500375793e+00 9.202932140321093968e+00 9.330680031419023024e+00 9.564235175813546874e+00 9.770150675174448907e+00 9.858597561301996492e+00 9.954168658513770751e+00 1.002480566466680578e+01 1.010733478197021817e+01 1.020320720346633792e+01 1.030378201953703687e+01 1.040098152198785364e+01 1.046873077439963495e+01 1.097762899669291592e+01 1.109624653634664959e+01 1.116392331626286172e+01 1.130289646346032661e+01 1.140659536958432696e+01 1.144729359117257061e+01 1.150910074260626104e+01 1.174365008635501617e+01 1.265983178857812952e+01 1.275190671919073182e+01 1.288966016295063532e+01 1.292607852928179391e+01 1.391476528316561456e+01 1.394479180664924023e+01 1.403953368238448718e+01 1.408903753698957040e+01 1.434151468870922841e+01 1.437852862838038526e+01 1.448899465803556907e+01 1.456765174214343084e+01 1.522075345793403756e+01 1.526750406648690550e+01 1.537295267885643213e+01 1.544066546131855766e+01 1.566540283818299528e+01 1.578754276619125640e+01 1.600642226549552660e+01 1.604383869746015989e+01 1.708647123332994866e+01 1.721827787548003030e+01 1.733236910551261545e+01 1.738171977996087492e+01 1.796597107925594372e+01 1.804519820712357614e+01 1.819267896076427959e+01 1.829443231496815159e+01 1.909817272793583243e+01 1.931035657712437015e+01 1.942920336748535703e+01 1.950365693426065050e+01 2.011086616070114275e+01 2.024233820838658104e+01 2.031406811973420190e+01 2.043051736661963602e+01
-2.189917418123858983e+00 -1.674462109853631864e+00 -8.262354180169446671e-01 -2.205065512989393406e-01 8.177091531745733777e-01 1.104759087625906799e+00 1.266803492464887659e+00 1.502014792795748344e+00 1.570403178421635682e+00 1.780998196901294905e+00 1.878728001751446275e+00 1.930166999689364227e+00 2.074343676763280797e+00 2.235043030922048146e+00 2.348056491371962817e+00 2.400791340045790978e+00 2.499194552815417580e+00 2.588974672342402084e+00 2.632506128909120946e+00 2.790407931751200277e+00 2.960299962182718403e+00 3.072404490533213295e+00 3.170339973703983905e+00 3.436788614558302868e+00 3.517955117348050997e+00 3.565761631819048372e+00 3.632262409861894970e+00 3.818020285739973207e+00 3.935014548165968851e+00 4.002134356658624270e+00 4.112062982983619719e+00 4.171843464702669202e+00 4.348026321495843227e+00 4.397269727570090048e+00 4.494209928507970631e+00 4.622404010121822893e+00 4.730223778200885576e+00 4.846815358475763169e+00 4.906724831862740110e+00 5.100775968558988183e+00 5.208736944590588003e+00 5.239395173896557623e+00 5.301148677819856658e+00 5.419855581310492276e+00 5.573601006610775066e+00 5.613576854069844302e+00 5.636744505680205464e+00 5.728293341208360978e+00 5.853636434842210967e+00 5.896763712049019723e+00 6.011234190646875142e+00 6.160774608622085147e+00 6.207507262921798663e+00 6.468252788604733183e+00 6.523540520891392802e+00 6.573847992421446129e+00 6.614958316301812857e+00 6.772747965722518693e+00 6.831245492429048660e+00 6.994116098683822003e+00 7.166461693359127416e+00 7.240938134691247363e+00 7.331106990571536031e+00 7.421977440170287821e+00 7.510593322803353011e+00 7.616828103766433600e+00 7.802054335866087875e+00 7.876551153654039794e+00 8.216173947404382005e+00 8.318198078187446498e+00 8.408367218601982884e+00 8.544231147922175751e+00 8.644803798476386802e+00 8.754304223386567330e+00 8.959268926765068031e+00 9.045362336044751927e+00 9.239837400105686882e+00 9.393400168067183031e+00 9.566868055181213748e+00 9.778100458729259259e+00 9.889038218149703852e+00 9.919677151316612651e+00 1.004329215662631647e+01 1.022447431348574476e+01 1.031652442274188530e+01 1.042112887225270690e+01 1.052405761810838669e+01 1.066068034454457170e+01 1.092444350143478360e+01 1.108949523296250028e+01 1.119888038402737607e+01 1.134160639595979880e+01 1.148622547528876403e+01 1.154594958790972825e+01 1.166259657949605355e+01 1.200031267842625482e+01 1.249980446952656621e+01 1.265803500029762851e+01 1.287121218510309539e+01 1.296077744577801383e+01 1.381350858916563418e+01 1.386823217047116152e+01 1.399969554556530937e+01 1.408444408480384347e+01 1.430820437303956538e+01 1.434024641026565128e+01 1.448689202689269706e+01 1.458812247681045804e+01 1.510551380542266386e+01 1.516243608418149691e+01 1.530757805299023921e+01 1.544642532122171197e+01 1.561422416105556543e+01 1.586604079918885368e+01 1.612248429249754977e+01 1.619981508697297201e+01 1.693923337223304060e+01 1.717355561156526988e+01 1.736228263098519164e+01 1.741743894183187180e+01 1.792254696967259520e+01 1.804219568137964558e+01 1.825659727694300116e+01 1.840684597982904336e+01 1.894666053734480471e+01 1.922097638378754425e+01 1.946246659451229277e+01 1.952191023531907987e+01 2.003113125817605322e+01 2.022877694018949413e+01 2.032282667452779990e+01 2.049031932402927936e+01
-2.551832328495322599e+00 -2.056321815331063174e+00 -1.242192077950315277e+00 -8.203819421143735413e-01 8.444183412536308830e-02 7.907678763449030868e-01 1.041079599189440819e+00 1.265125136805884454e+00 1.376961113982267504e+00 1.710691143334159614e+00 1.863295898994977273e+00 1.913171399045279664e+00 2.052074387394091648e+00 2.220687891673665426e+00 2.319760807307813089e+00 2.418256763425561839e+00 2.489769626261342683e+00 2.532130964663339867e+00 2.619174685876114683e+00 2.752718457090732596e+00 2.816084855497398731e+00 3.020866112071612264e+00 3.162404367714737319e+00 3.318579439970773315e+00 3.443652624971392129e+00 3.541547489198408005e+00 3.591396714582795635e+00 3.819985430130146131e+00 3.894875438703078174e+00 3.984311822720562279e+00 4.090035210447465985e+00 4.180457695420204622e+00 4.354295600744734429e+00 4.392877532687512243e+00 4.505387167298835038e+00 4.616130132369943517e+00 4.719300813746210466e+00 4.861509742390210498e+00 4.968543331472719871e+00 5.118976604309533052e+00 5.183779652825775131e+00 5.228784852380639059e+00 5.290034038996639154e+00 5.393900530782553382e+00 5.549086810815818893e+00 5.613550648758296902e+00 5.639266148341961049e+00 5.705585770267753709e+00 5.814460261818100051e+00 5.921937748182338090e+00 6.074009508922300071e+00 6.182768799674115634e+00 6.251064213986890827e+00 6.440276658576800095e+00 6.551986544719911265e+00 6.573963613132282724e+00 6.661723968237772908e+00 6.801710790985353583e+00 6.863167636854598186e+00 7.031282829421272140e+00 7.082549587580968087e+00 7.205747600016052523e+00 7.357646838641513476e+00 7.437982022707487317e+00 7.538384539708459897e+00 7.614113662911527136e+00 7.795679392912399308e+00 7.923216887756017179e+00 8.204986032984466604e+00 8.266338703623185680e+00 8.387302257548091333e+00 8.528541993650138764e+00 8.553340368415085493e+00 8.736698517143784315e+00 8.986526524676856198e+00 9.039762874813662918e+00 9.313184171630162211e+00 9.422620085598602202e+00 9.540311353976674624e+00 9.788356169616621472e+00 9.883115500643427254e+00 9.935210055584002831e+00 1.007541620487922884e+01 1.028167921224418002e+01 1.040794550638816141e+01 1.049785429352568222e+01 1.062855264174231706e+01 1.075833840977939992e+01 1.093784797799251329e+01 1.110089428937786771e+01 1.124011269911452970e+01 1.132078384599451759e+01 1.154770927868084485e+01 1.161897036116357995e+01 1.182592238574372878e+01 1.217467761613942834e+01 1.234395544272907941e+01 1.257187806858575385e+01 1.287105479207352587e+01 1.301153498811363463e+01 1.372386864486801628e+01 1.379831932948809836e+01 1.398369114276359149e+01 1.408591811858987342e+01 1.426232817068382808e+01 1.432849555931048613e+01 1.450419596092379138e+01 1.459425166916004102e+01 1.499780793485486008e+01 1.505917777851567330e+01 1.521769709624111222e+01 1.545946222998605180e+01 1.556120455740834529e+01 1.594394683037972094e+01 1.623296968821459885e+01 1.635637007783424934e+01 1.680347739701930010e+01 1.714708952949582965e+01 1.738593790405306194e+01 1.745985319015280979e+01 1.787538741143253063e+01 1.804286294556097303e+01 1.827419663658655224e+01 1.847551457816696541e+01 1.886334147790850224e+01 1.911323661534344609e+01 1.949266559271091737e+01 1.956485362193708966e+01 1.997532238822267558e+01 2.021230343108461724e+01 2.032119579725338099e+01 2.052200648150156681e+01
-2.528568166346292667e+00 -2.055978436424879430e+00 -1.327413040569642266e+00 -8.774152307338957124e-01 -6.010167815089391130e-01 6.597581120192410609e-01 1.021763157127808297e+00 1.192205552165690241e+00 1.363655156002588686e+00 1.700907003676058071e+00 1.873104119971279680e+00 1.955442759947982889e+00 2.043151690617054150e+00 2.225847082289014178e+00 2.312103874271767445e+00 2.433756741834332882e+00 2.477308590287383705e+00 2.519922024073635303e+00 2.602047545528953787e+00 2.721925047643189988e+00 2.775209225910632238e+00 3.008924344652067262e+00 3.195101105216964665e+00 3.265762209197293764e+00 3.384731457441551683e+00 3.553311285676021392e+00 3.593973581620764080e+00 3.813068783326754918e+00 3.842005875071115018e+00 3.952676695089441417e+00 4.066861150000216085e+00 4.240897867138765598e+00 4.359872427986442034e+00 4.388803989306211406e+00 4.499866619045289617e+00 4.606122014479471005e+00 4.708468303478429817e+00 4.881233545253129691e+00 4.930260511490623720e+00 5.106397110783442272e+00 5.167019605014163020e+00 5.209991081615175545e+00 5.297454174453972264e+00 5.368690922894574946e+00 5.511882289174385718e+00 5.576112247986374726e+00 5.629772768849997888e+00 5.695305248404080700e+00 5.816449542577887044e+00 5.918654558644928620e+00 6.073402417058415992e+00 6.184277612581294825e+00 6.301901678554400199e+00 6.398536727400647273e+00 6.530110893939099270e+00 6.582630662863687476e+00 6.717501203265968890e+00 6.804259832369915273e+00 6.834463841059728928e+00 7.012508262872021447e+00 7.061803758255262409e+00 7.219443788214809921e+00 7.364566516851268396e+00 7.465624784703616790e+00 7.540814193549625344e+00 7.645669593065536951e+00 7.747364731075909283e+00 7.943296451253967660e+00 8.184639886732300695e+00 8.228289691664851802e+00 8.366931637781894082e+00 8.479223222325266818e+00 8.527864682391637530e+00 8.724329879033444257e+00 9.023235843037115345e+00 9.062762634781320159e+00 9.308569027292429965e+00 9.418729993778722331e+00 9.562674890822014717e+00 9.791059053239539622e+00 9.842165164036163816e+00 9.929797127392381739e+00 1.011297664797015905e+01 1.028221082824437183e+01 1.046375224272567372e+01 1.054592011518098715e+01 1.067418026155550592e+01 1.078205151946746732e+01 1.095328344026909662e+01 1.109728102725781973e+01 1.121599971036728682e+01 1.130796531188808274e+01 1.151487550264542037e+01 1.161223258747776299e+01 1.188403522182549565e+01 1.216519981256486105e+01 1.234855159668165747e+01 1.251882840918684536e+01 1.294314192472394609e+01 1.307865218624112735e+01 1.369797523603816636e+01 1.376290103850097779e+01 1.400446960993044598e+01 1.408899418975719442e+01 1.423728024146684490e+01 1.432035869891551805e+01 1.453216606646721232e+01 1.461021832901134587e+01 1.491233645264436269e+01 1.496772574093016495e+01 1.512106227074798426e+01 1.546153327884925766e+01 1.552355722774285063e+01 1.596962331602092355e+01 1.633408819895375075e+01 1.650589978839122551e+01 1.669514128092851024e+01 1.712706698423730245e+01 1.741120879326433979e+01 1.751230584771221643e+01 1.784296347061909671e+01 1.803889750206512943e+01 1.822547488159965212e+01 1.847794775961545710e+01 1.885335801546631984e+01 1.901620927392238869e+01 1.953121606830574919e+01 1.965267945066153032e+01 1.995334805518791654e+01 2.019329382747644885e+01 2.030441714240745910e+01 2.052067463263191271e+01
-2.136899722027454374e+00 -1.728063646913956086e+00 -1.083001242190605895e+00 -5.201086091420884516e-01 1.192730307483097774e-01 9.645763886670063458e-01 1.133600048428576201e+00 1.353035001534666382e+00 1.512175474150715626e+00 1.752586843849199161e+00 1.911263762326645077e+00 2.020139948584426026e+00 2.074198881408935158e+00 2.247855825202458746e+00 2.332758797356289104e+00 2.415217253583055168e+00 2.482828811442463035e+00 2.560805650116483090e+00 2.617277917921429609e+00 2.728652345874360563e+00 2.773387708651150252e+00 3.003297249075108866e+00 3.211011299382144024e+00 3.261153669489375240e+00 3.355686548633022070e+00 3.552058453940778016e+00 3.625624671054501036e+00 3.747163896178049569e+00 3.842998446625924824e+00 3.982524671716123787e+00 4.021885911136440228e+00 4.286179289970672990e+00 4.370844260158875727e+00 4.432727468529684245e+00 4.493664648220760505e+00 4.597626506326951024e+00 4.737280564103838465e+00 4.847627559909235551e+00 4.930613918617279268e+00 5.072328058277736140e+00 5.122770235126676397e+00 5.210037628231075857e+00 5.323650083357058804e+00 5.330056412703241264e+00 5.463729936036346047e+00 5.520235543321109439e+00 5.566310746134747411e+00 5.696644230183191659e+00 5.821809038063546993e+00 5.917055419174480413e+00 6.017214445367728537e+00 6.203204437551671724e+00 6.280094876568606210e+00 6.343935131501170943e+00 6.507921526805176882e+00 6.545130951441040068e+00 6.683889320839287329e+00 6.790691693123427797e+00 6.874474267185199494e+00 7.014503218124541029e+00 7.057117510562695983e+00 7.237153409981839758e+00 7.338425114871054866e+00 7.441814644460385431e+00 7.537293993962847161e+00 7.666882887617624931e+00 7.735142911773762897e+00 7.920878777764442269e+00 8.146731719752830614e+00 8.241618149323644005e+00 8.346065082402478907e+00 8.442457195503221712e+00 8.543818234475130780e+00 8.677553124271708995e+00 9.037442234794728080e+00 9.138985908209502185e+00 9.250176995725453821e+00 9.448490015707234235e+00 9.557059503476629914e+00 9.721945048348660023e+00 9.829145588567973491e+00 9.911409013258380085e+00 1.013498129198682562e+01 1.023952520740110295e+01 1.047781967023840011e+01 1.059004202874020706e+01 1.065655337015257409e+01 1.081024461244104273e+01 1.091408651921940098e+01 1.104360496524408752e+01 1.111192840246772562e+01 1.124386146195333325e+01 1.145568583839949461e+01 1.155434418725726609e+01 1.174672127372240560e+01 1.202570654938440953e+01 1.245115709310989693e+01 1.258814227266637431e+01 1.306466278009523307e+01 1.316234282165993541e+01 1.374126053120088642e+01 1.379125121900367290e+01 1.402852389594136007e+01 1.410486104067007140e+01 1.423265375759487128e+01 1.433164418599787382e+01 1.452484788026725582e+01 1.463205768535513585e+01 1.487321307399784232e+01 1.490651007966430264e+01 1.504881379353327908e+01 1.542825384737174232e+01 1.552544097859885852e+01 1.593370155592368320e+01 1.639333934168380580e+01 1.660111047678415375e+01 1.664558667748353926e+01 1.706826844382868913e+01 1.746579173879841207e+01 1.758760760181005978e+01 1.784653917918453914e+01 1.802623346252176972e+01 1.815942806071274163e+01 1.841468471207138435e+01 1.886373580868862376e+01 1.895197677165887384e+01 1.960717907251166636e+01 1.975835500167740477e+01 1.996333007342746058e+01 2.017741228513252238e+01 2.026737897026006152e+01 2.048726260032633917e+01
-1.328247495202143913e+00 -1.027507026357065145e+00 1.968091516041406974e-01 7.948211126605084775e-01 9.832730432997979220e-01 1.308044458225406714e+00 1.407245029953062110e+00 1.582863799341287514e+00 1.671689885116170560e+00 1.836331802804642921e+00 1.946214504326561068e+00 2.079897709148394558e+00 2.171791054987182168e+00 2.268069994549305246e+00 2.378567444106494122e+00 2.404333720156109688e+00 2.490691418327514839e+00 2.596958042047003090e+00 2.679945379697544983e+00 2.763458970706948570e+00 2.796439885414535365e+00 2.973888828518947758e+00 3.212485348311788780e+00 3.235221067483951884e+00 3.341296750255314141e+00 3.455367334944309476e+00 3.580606861357740645e+00 3.764010611777567128e+00 3.925248738231725376e+00 3.973113931009555344e+00 4.057430401471176395e+00 4.296601031611473331e+00 4.408660448075652383e+00 4.467122914050209559e+00 4.565986300470150638e+00 4.653258560988517090e+00 4.784068496943584492e+00 4.846003716782503190e+00 4.955592037790494508e+00 5.052019405378549877e+00 5.093165290288680147e+00 5.172869731831742257e+00 5.276011411902473469e+00 5.318443486297510070e+00 5.424602910528215638e+00 5.466375274638544113e+00 5.518263325987751600e+00 5.671919936752701119e+00 5.781048431998961235e+00 5.850857474647254364e+00 6.049664489893328501e+00 6.128247372097933798e+00 6.240424125225997543e+00 6.317605802788389013e+00 6.401128828385813208e+00 6.450048001912444207e+00 6.712472781807292677e+00 6.813709249878678875e+00 6.892391702621480043e+00 7.009681551638025532e+00 7.070677677587028143e+00 7.218018716349775765e+00 7.291567082752792750e+00 7.339025004859197843e+00 7.563579774233989639e+00 7.645052933401083273e+00 7.789796495589170533e+00 7.892209428302958685e+00 8.152822618484751871e+00 8.248210752310910721e+00 8.344513141351727725e+00 8.401041694112006297e+00 8.558118207349581397e+00 8.591730538682549323e+00 9.048900990918982146e+00 9.138382797526908519e+00 9.307796669119589694e+00 9.456239260856918349e+00 9.522703469047570479e+00 9.655274981672700818e+00 9.843875065953154646e+00 9.890451801654252861e+00 1.013171037765683025e+01 1.017565816826875569e+01 1.045148665505724672e+01 1.053840459667531881e+01 1.065715139691108426e+01 1.078374980074223899e+01 1.086851458812457771e+01 1.090647978834428677e+01 1.108795860321687421e+01 1.115152319707459050e+01 1.142675741923891941e+01 1.146759810190230411e+01 1.159141755348051817e+01 1.176348411499160029e+01 1.259732671324603004e+01 1.268387780663523401e+01 1.318938523301208043e+01 1.324907128480344909e+01 1.381950078919323488e+01 1.386460912671030243e+01 1.403109552411383909e+01 1.411864427340073114e+01 1.426524652741427346e+01 1.436051218343172131e+01 1.449375349961001724e+01 1.458117145465313946e+01 1.486216124052502074e+01 1.490446565251038180e+01 1.506295061599598384e+01 1.538727411348293295e+01 1.553995833285998351e+01 1.583708736501304770e+01 1.641667795842263544e+01 1.653126374738478788e+01 1.673261139824044008e+01 1.697120750449433757e+01 1.755322362067341402e+01 1.767045494249359194e+01 1.788116184113840745e+01 1.802417147428220545e+01 1.811552153235382079e+01 1.830483757466198469e+01 1.887260174923299161e+01 1.891652440507716904e+01 1.971768196829750153e+01 1.984341368750187584e+01 1.999707844407685897e+01 2.017148468167405895e+01 2.021529485096742107e+01 2.042590456086948336e+01
7.501309549871002513e-01 1.035628155841842979e+00 1.147741099905171591e+00 1.295950661429849715e+00 1.352667276823005027e+00 1.485688108373897753e+00 1.612027717896477697e+00 1.745793280254580360e+00 1.849566538571374874e+00 1.898102799269717478e+00 2.036676804074657898e+00 2.138542709735818281e+00 2.209224964578447636e+00 2.285193160639996002e+00 2.381253192313511402e+00 2.403046474469246352e+00 2.469382202085277811e+00 2.534520568220126613e+00 2.792536217188626768e+00 2.831223124677557657e+00 2.865174559618786532e+00 2.942990420143385411e+00 3.175580954472979833e+00 3.223154391550404618e+00 3.273906107069231020e+00 3.292520271136491594e+00 3.581100492800644020e+00 3.743449150630204336e+00 3.938613786018721807e+00 4.096626095580615079e+00 4.175858833095529299e+00 4.305946232227193526e+00 4.470820279613138659e+00 4.549262317436356895e+00 4.635813064841173059e+00 4.692889363707514860e+00 4.823212171402103898e+00 4.921430173442495004e+00 4.989016364567068429e+00 5.042531252856949919e+00 5.081284887707959719e+00 5.124366700255618134e+00 5.255549054229552652e+00 5.279503647150831647e+00 5.335129705244113119e+00 5.359103718016668516e+00 5.551028633302997228e+00 5.649600446250249597e+00 5.698943730035609612e+00 5.767563524851836654e+00 6.023769974971897589e+00 6.117348739961340875e+00 6.212268752073475397e+00 6.252951738595912801e+00 6.335600071179374737e+00 6.353892355533611536e+00 6.751502468027124948e+00 6.809960307033791516e+00 6.928126485319357819e+00 6.995502002529695673e+00 7.088603020648561959e+00 7.142958613491994235e+00 7.228084284407131577e+00 7.247072528156704330e+00 7.606025613984560785e+00 7.631108121556519741e+00 7.854173514617430740e+00 7.885290770632193080e+00 8.201320522586089012e+00 8.251371509478385491e+00 8.348336904549354287e+00 8.374323561541016758e+00 8.488669495608361260e+00 8.520514464075805705e+00 9.063969361862447727e+00 9.093912647327098142e+00 9.416639465883392290e+00 9.462609047154110442e+00 9.517830090659908038e+00 9.588588439045048872e+00 9.866900827260232987e+00 9.902711618647623837e+00 1.009322194341623913e+01 1.009885468079251503e+01 1.039990732643119031e+01 1.045357278448648231e+01 1.062197677804734575e+01 1.072210331254676774e+01 1.084692574250118113e+01 1.085990250585656014e+01 1.108004495451590721e+01 1.108935735124971345e+01 1.138500730594458510e+01 1.139402032432841239e+01 1.150671497449953584e+01 1.155856220875509344e+01 1.270493037131677383e+01 1.273458333172208690e+01 1.328721001063674123e+01 1.331490084380502203e+01 1.389806064803602048e+01 1.392162202553250516e+01 1.404353733910818747e+01 1.409606336068566890e+01 1.434068632662619613e+01 1.438937744390382001e+01 1.445483766544300863e+01 1.449743690200940449e+01 1.486171820562368673e+01 1.488492383835051314e+01 1.519945458052364806e+01 1.535320209877672326e+01 1.555394534923204830e+01 1.568375754250836707e+01 1.642777493311372083e+01 1.647637912961782547e+01 1.678475017251291135e+01 1.688294840814176112e+01 1.765100154639848995e+01 1.770216544465872488e+01 1.795131905634081804e+01 1.802455695774795785e+01 1.810089245097630339e+01 1.818835824212163388e+01 1.887911536172305205e+01 1.889732464206829832e+01 1.983149663092149595e+01 1.989358176412775947e+01 2.003263731278076776e+01 2.012966917139704748e+01 2.021596324218192464e+01 2.034598349413364460e+01
1.259279021549823296e+00 1.259671542845142156e+00 1.408699427105939650e+00 1.408892155285586645e+00 1.608595987521202808e+00 1.609093311863162734e+00 1.815113342176636335e+00 1.815263226340858349e+00 1.831469014115989724e+00 1.831863684633361355e+00 2.116346140586183644e+00 2.116515759717276790e+00 2.298432811781274676e+00 2.298833735726575345e+00 2.390752024108330875e+00 2.391191586808900205e+00 2.394842366797168776e+00 2.395120094592209092e+00 2.880902492270751569e+00 2.881245601092555564e+00 2.919927567505539834e+00 2.920099740313475856e+00 3.159264254946598349e+00 3.160205663236880458e+00 3.235653057729435567e+00 3.235900728809304461e+00 3.667194063310438956e+00 3.668286200484462523e+00 4.039463800720603182e+00 4.039786383108494583e+00 4.287457975024243417e+00 4.288027888406142907e+00 4.610301388678596624e+00 4.610543453077726284e+00 4.618405172617816135e+00 4.619072120837926398e+00 4.961918350192858540e+00 4.962418051753189729e+00 4.964600283101262335e+00 4.964750707516465411e+00 5.120553329938669407e+00 5.121023590779373968e+00 5.235803466460587252e+00 5.236279601002753026e+00 5.302972232154401944e+00 5.303772369219014848e+00 5.607924803319657592e+00 5.608067901815771528e+00 5.669607940130423351e+00 5.670145849212639533e+00 6.068022412516840269e+00 6.068054272546889116e+00 6.197880954242078744e+00 6.198699101853481608e+00 6.332483896544420787e+00 6.332632455122960025e+00 6.782275637507319210e+00 6.782460411895366192e+00 6.979205707794587710e+00 6.979273022929527670e+00 7.079924543066985265e+00 7.080160903516441451e+00 7.212435085515250144e+00 7.212636820244302527e+00 7.627422392427641640e+00 7.627665195156486888e+00 7.883241792639508638e+00 7.883482363620638367e+00 8.254231532850127451e+00 8.254674822589400662e+00 8.364588923264516751e+00 8.364673828812344780e+00 8.448211567465914840e+00 8.448592595152152995e+00 9.073146459215566395e+00 9.073618605634319323e+00 9.497963975654540647e+00 9.498145089646463646e+00 9.504941497668131234e+00 9.505010776576982678e+00 9.915774497655100106e+00 9.916613035613337956e+00 1.004555937603547378e+01 1.004608526449105632e+01 1.039584578867014741e+01 1.039617768467156189e+01 1.064873592799466984e+01 1.064898370357909485e+01 1.084725934144040238e+01 1.084789010940538034e+01 1.107025755425700808e+01 1.107044802085506596e+01 1.135821975617484192e+01 1.135853412227617731e+01 1.149340857838707919e+01 1.149383134738580203e+01 1.274564266865614215e+01 1.274567571772447749e+01 1.333220078367209460e+01 1.333251482792873333e+01 1.393590379034963789e+01 1.393609711605183499e+01 1.406717498000468680e+01 1.406788920985194657e+01 1.441239877799159785e+01 1.441276088895656216e+01 1.442480514080093990e+01 1.442504381474186204e+01 1.486840147379964527e+01 1.486872819199358631e+01 1.532779695676985199e+01 1.532810174793715241e+01 1.556146366704374984e+01 1.556163510991794219e+01 1.644381431495915891e+01 1.644422128276995210e+01 1.682511426051109993e+01 1.682540087473790535e+01 1.770252514791601328e+01 1.770288663672811325e+01 1.800660790647902232e+01 1.800667290096650675e+01 1.811519441257340546e+01 1.811533147834910906e+01 1.888608653748191912e+01 1.888648330740154435e+01 1.989879205398464279e+01 1.989899271774640610e+01 2.007071867739571402e+01 2.007116730092923618e+01 2.026861478517832182e+01 2.026884882152219447e+01
9.458677054758396485e-01 1.094665747046661641e+00 1.275583740649969711e+00 1.331505825421201994e+00 1.451214897222292910e+00 1.579748817256982685e+00 1.679474842010384661e+00 1.737882662811004675e+00 1.802704376779481033e+00 1.869437692716464205e+00 1.968839468212668864e+00 2.104387991376041711e+00 2.160920639135861077e+00 2.259278879861152944e+00 2.343546693531694203e+00 2.381894934302017486e+00 2.443263158438680360e+00 2.511846426800365073e+00 2.767535544944053072e+00 2.875839080976462014e+00 2.916429001307572211e+00 2.989097075374009815e+00 3.141158711143758886e+00 3.171846429797042344e+00 3.229719105300100868e+00 3.333218807652921889e+00 3.637240948262012719e+00 3.693121141407984087e+00 3.905114567248631374e+00 4.066035620094445413e+00 4.264996411561238432e+00 4.351043615874065296e+00 4.497057930240861978e+00 4.590066700869955163e+00 4.626962241980185908e+00 4.689298563033962530e+00 4.842634642622305030e+00 4.915820129654811410e+00 4.957579235557584951e+00 5.035166363561621949e+00 5.067127721828969200e+00 5.183911552970025483e+00 5.243942325218394984e+00 5.271142094752519824e+00 5.326133345505151162e+00 5.359242227125687208e+00 5.562624483824075483e+00 5.646597305926291277e+00 5.699321915306748920e+00 5.767884377079919744e+00 6.054271268177298992e+00 6.098205850058795896e+00 6.135635483305355464e+00 6.225976086339453985e+00 6.321016019245877082e+00 6.394539189098924048e+00 6.778522102151704587e+00 6.786842326346771870e+00 6.954651627198267683e+00 7.020116070377980577e+00 7.049082301785319693e+00 7.074257588428374710e+00 7.213400825563589081e+00 7.251075627193011464e+00 7.602245345646373664e+00 7.642799976915036098e+00 7.839542175053557216e+00 7.916552507126618288e+00 8.101673617269703698e+00 8.317036454607844576e+00 8.334453684194135903e+00 8.394095911717082359e+00 8.458930767208300949e+00 8.508615141801529447e+00 9.049181706205590814e+00 9.095172341261960725e+00 9.444341871871889893e+00 9.464077330816520472e+00 9.522381625414055861e+00 9.574369195710458413e+00 9.892866765684805941e+00 9.933448980818672780e+00 9.944619666194761010e+00 1.018121811436180657e+01 1.039267664413053893e+01 1.043529279434937784e+01 1.063980287177919948e+01 1.066187795690052553e+01 1.084290714252467502e+01 1.091006467735047103e+01 1.106926660924104944e+01 1.110367437116615541e+01 1.134684694613496880e+01 1.138403409172870973e+01 1.149142278311006038e+01 1.154085141335611020e+01 1.271149652122565321e+01 1.276258902409580998e+01 1.332846961992279233e+01 1.333579062705721796e+01 1.392095072623985175e+01 1.392948361003474922e+01 1.404926290108196874e+01 1.408224378150823242e+01 1.437326250128253768e+01 1.438486232148535926e+01 1.442856131494492189e+01 1.444087555391172728e+01 1.482989726739087288e+01 1.487263532827301127e+01 1.530681545274840083e+01 1.534110773665857863e+01 1.556428673720268918e+01 1.557743665739255690e+01 1.641417380953062732e+01 1.644909758890705120e+01 1.681908016557220975e+01 1.684103408603120045e+01 1.768793916876521166e+01 1.771667559614103737e+01 1.797519745831825588e+01 1.800821343744681613e+01 1.809427090380827252e+01 1.812090878195772348e+01 1.887942039543571582e+01 1.888440600251658807e+01 1.987141513173456175e+01 1.991413837158713207e+01 2.005363455617908741e+01 2.006810133335138957e+01 2.026979320348422675e+01 2.030241721885620976e+01
-1.282423006730352810e+00 -1.029250367109871833e+00 1.078210658527717580e+00 1.130169904322478658e+00 1.288113814358963438e+00 1.429787692428197809e+00 1.555965139817681697e+00 1.631366748495908903e+00 1.689497836367669370e+00 1.741888099841113924e+00 1.859391628445401068e+00 1.980771637314641120e+00 2.089189623941526186e+00 2.179847922171260777e+00 2.287024350786449389e+00 2.361857375126035219e+00 2.458535131189505840e+00 2.537194612653055348e+00 2.675100358339612239e+00 2.827895324191284310e+00 2.965359706282255647e+00 3.046332772195634586e+00 3.123068391815562173e+00 3.177484638276266260e+00 3.270743059461176383e+00 3.394040930085882923e+00 3.588211940690515078e+00 3.733858870203208280e+00 3.823499121899809339e+00 4.001930728029587492e+00 4.231616091688625403e+00 4.314000133595393471e+00 4.438938455239843428e+00 4.527169400786601017e+00 4.617200864312430042e+00 4.728545023385491319e+00 4.750642559609747018e+00 4.896912279403684565e+00 4.941767408254223781e+00 5.029368032244927456e+00 5.100228857390076698e+00 5.198530138183662608e+00 5.230040790618499358e+00 5.324361665271769795e+00 5.378307640833321024e+00 5.451565613092957285e+00 5.591552266084431899e+00 5.707895692247979547e+00 5.761622537274934786e+00 5.881388756819985630e+00 6.034742712784084695e+00 6.079599963054684864e+00 6.171483919122270123e+00 6.237710175770031285e+00 6.356573048103494550e+00 6.474411579748987400e+00 6.763175423430603850e+00 6.789230343171732684e+00 6.939877341858809778e+00 6.975641308827059461e+00 7.029717538874017180e+00 7.128541596778141809e+00 7.232944190654229999e+00 7.297741366437064947e+00 7.570440158234535311e+00 7.650436577330234300e+00 7.767971556618144646e+00 7.950320546422322998e+00 7.996596667421552063e+00 8.245287542530165936e+00 8.297999748564690137e+00 8.425840762120992977e+00 8.485058596909775375e+00 8.619271368358070617e+00 9.024960463835018487e+00 9.109918362891102461e+00 9.400149776303615923e+00 9.419805137533717954e+00 9.515303754139198489e+00 9.663231871530461703e+00 9.811341349821395497e+00 9.955359172529204770e+00 1.000040305066172408e+01 1.027530783465369169e+01 1.040811908375728478e+01 1.050634210244031053e+01 1.064061280913840335e+01 1.069847585607288032e+01 1.086293615827711356e+01 1.101163977161399110e+01 1.108570425384196412e+01 1.117154412353571757e+01 1.134766277833462489e+01 1.140957072593189636e+01 1.150951339465555456e+01 1.168076906355656952e+01 1.266048566498504968e+01 1.276392179226287915e+01 1.332058284405465187e+01 1.334164643469290645e+01 1.387940464423026476e+01 1.391158287790623582e+01 1.403466691515296105e+01 1.407124561956016073e+01 1.430697237036228131e+01 1.432922615217257345e+01 1.441114571857741922e+01 1.444427628316137202e+01 1.476849581392492716e+01 1.485463675316675669e+01 1.525998313093291436e+01 1.534981175350895732e+01 1.557195243818718566e+01 1.562118288092747953e+01 1.636000427048273309e+01 1.644696621089748589e+01 1.682028373473260885e+01 1.685715734917040365e+01 1.766138382149649999e+01 1.771752431962358543e+01 1.791211831045467662e+01 1.796246885876871602e+01 1.807653113454410487e+01 1.815388839537776633e+01 1.886281865878484254e+01 1.887568884448568340e+01 1.983539723621794693e+01 1.991396672175539706e+01 2.002862675724205488e+01 2.006201832690407727e+01 2.028618951592047281e+01 2.035397068143459620e+01
-2.274185392466984812e+00 -1.863367076506835085e+00 5.459995612583937730e-01 8.840778037500722775e-01 1.094278388042555727e+00 1.214552453839053081e+00 1.323585858582727814e+00 1.433784347301178430e+00 1.586524273354117609e+00 1.675184890818346872e+00 1.822264973449400527e+00 1.874160041223601469e+00 2.000913875532996933e+00 2.109250718939636116e+00 2.233856900566975945e+00 2.374200307279486388e+00 2.426306477550630447e+00 2.505011559295017065e+00 2.641969802789335464e+00 2.786488111292071412e+00 2.947991895783313332e+00 3.003404935128371811e+00 3.107735414317589040e+00 3.226531919491417710e+00 3.309619498982554475e+00 3.374405958875702716e+00 3.580274254882518381e+00 3.770405010834818604e+00 3.803636062489383907e+00 3.919060011444717606e+00 4.181143322443379162e+00 4.255268945901360844e+00 4.405809197345896600e+00 4.431992361133966440e+00 4.575417013501644981e+00 4.685422733210712565e+00 4.768284894822627962e+00 4.900315672885986906e+00 4.925974991349913346e+00 5.044346151094793562e+00 5.114948189271115275e+00 5.188267254983047749e+00 5.281088344694349956e+00 5.368445703678204062e+00 5.419865532918722195e+00 5.541469363349285082e+00 5.617687776176913061e+00 5.758986961152562145e+00 5.796484455650004364e+00 5.949132633959880678e+00 6.006842490662965162e+00 6.102022783290242280e+00 6.214321791722103860e+00 6.312692960878151460e+00 6.390429824473076614e+00 6.544172060763281173e+00 6.741538578965974970e+00 6.771023517511325807e+00 6.900546084943696812e+00 6.955328104429752578e+00 6.989141714346392753e+00 7.184089026356653029e+00 7.281767061009285058e+00 7.316285937915193216e+00 7.540112025663815665e+00 7.643883453051457444e+00 7.705121994434627197e+00 7.934054241630914106e+00 8.003109521561542650e+00 8.180121443741709797e+00 8.230502580251696898e+00 8.437690095221244135e+00 8.527659154630198302e+00 8.680977012530762593e+00 8.999353515226992783e+00 9.117185317898728769e+00 9.363175208901767022e+00 9.388914803632948392e+00 9.511233421207181848e+00 9.728354797378061747e+00 9.795674308299176403e+00 9.975903297087377553e+00 1.007269654248213619e+01 1.034708123986734130e+01 1.042843670938594336e+01 1.055945601056596850e+01 1.065855230475396098e+01 1.076103785895244513e+01 1.090482516950297587e+01 1.108866228138211163e+01 1.113873214103834641e+01 1.124445467464778758e+01 1.135664136759472242e+01 1.142957434208821432e+01 1.155213570376944077e+01 1.188499711953743088e+01 1.260911738745029709e+01 1.275120869114142508e+01 1.330631950955135423e+01 1.334983794449665950e+01 1.381683763484753946e+01 1.388431697933276787e+01 1.398190402671705712e+01 1.403693833679285419e+01 1.423800409421966151e+01 1.426944766772545137e+01 1.436658612371880928e+01 1.442982274151565214e+01 1.472185768613546131e+01 1.482519560678099957e+01 1.519323589959068066e+01 1.533417451524132247e+01 1.557357711794666777e+01 1.567273895760569502e+01 1.631639293236268173e+01 1.644469343766558111e+01 1.681835508533687573e+01 1.686360112177220572e+01 1.758798886442374609e+01 1.766022213427855192e+01 1.787988090615993642e+01 1.790754693153846588e+01 1.809591140021675670e+01 1.820934759181387719e+01 1.883911014993835664e+01 1.886203159453754807e+01 1.979662713939331553e+01 1.989942688732442377e+01 2.001662183575142606e+01 2.005965170283908350e+01 2.029546433302391861e+01 2.039636260317949734e+01
-2.844246464833508181e+00 -2.311529245705981506e+00 -6.742114248001076504e-01 5.050672275566731040e-01 6.604621849495293517e-01 1.017981324433479218e+00 1.125374141475294465e+00 1.342172385142257784e+00 1.530061997657995665e+00 1.650596841130881787e+00 1.775103284770937373e+00 1.812269154319092079e+00 1.914042511824324500e+00 2.074528754421814725e+00 2.214056128233537812e+00 2.347793661053671155e+00 2.416639947537615463e+00 2.469959100676718311e+00 2.626196757863369147e+00 2.766234464240312274e+00 2.863515340407338350e+00 2.932792259791829892e+00 3.074497007825853778e+00 3.259475079447293755e+00 3.313586854087800848e+00 3.365667678253966955e+00 3.596212098159609294e+00 3.769989880370346658e+00 3.800711191419937407e+00 3.884583901329244249e+00 4.114299577633935279e+00 4.214482649857254515e+00 4.366145760625947503e+00 4.385357294629057101e+00 4.543399197674128587e+00 4.654176091800309223e+00 4.756774722983389658e+00 4.881415613527381403e+00 4.903714183991677800e+00 5.052372852985413942e+00 5.125616095409623263e+00 5.215965384635306457e+00 5.302313211830363748e+00 5.395388140427847645e+00 5.476628487036375503e+00 5.584264680373141054e+00 5.636546613266698813e+00 5.755839792270839084e+00 5.853288227138714106e+00 5.949260810766587859e+00 6.029660688100292987e+00 6.120848721318325580e+00 6.285527352384145061e+00 6.354867460357842113e+00 6.416369744334403435e+00 6.568640001196644818e+00 6.736077263931580461e+00 6.744665148025775103e+00 6.879172738867964654e+00 6.917988455299683537e+00 6.975859717064435195e+00 7.190563762989458318e+00 7.265606110077762025e+00 7.344878320735501731e+00 7.521429280183030031e+00 7.590852820477147489e+00 7.724399438939444806e+00 7.929260407122256993e+00 8.047890725718053417e+00 8.135727009869428983e+00 8.157841097187795043e+00 8.440947080790477841e+00 8.574379083377111854e+00 8.690860583403223316e+00 8.969348778034158087e+00 9.114254312229624233e+00 9.341993776960597629e+00 9.382081782749899901e+00 9.524217529129234805e+00 9.747132796474060612e+00 9.825582305711531461e+00 9.986848125189554892e+00 1.012870320196023499e+01 1.040029259487614688e+01 1.044866979234632431e+01 1.058552625418787763e+01 1.068244146632376079e+01 1.080783175597116674e+01 1.095436272187949633e+01 1.115519532113372847e+01 1.119861055799627714e+01 1.130242149810709940e+01 1.138318276510974059e+01 1.145573330243674981e+01 1.161922593727304687e+01 1.201113716534205444e+01 1.259502449846628735e+01 1.274822967134698537e+01 1.328305599716609819e+01 1.335764556226333433e+01 1.370668199195634251e+01 1.383924036001173974e+01 1.390678194183968941e+01 1.399864537815858512e+01 1.419000317855274140e+01 1.422570823499030901e+01 1.430941319494630726e+01 1.440230975986465012e+01 1.470572841766575856e+01 1.479317029150164764e+01 1.511007206004095949e+01 1.528998936911331796e+01 1.556527406810308456e+01 1.568426375826682673e+01 1.632025297708752376e+01 1.644422001483029661e+01 1.679776589839246981e+01 1.685864710760107954e+01 1.748885093753830944e+01 1.753499309195508360e+01 1.789273898760438897e+01 1.791995611450052550e+01 1.813785478316101774e+01 1.826840432812068826e+01 1.881402621956464216e+01 1.884785943055857871e+01 1.975982026145919335e+01 1.988489433573147736e+01 2.000923826742464584e+01 2.006152056453624866e+01 2.028792897067507539e+01 2.041301829983664362e+01
-3.098401884272956597e+00 -2.490298016526860447e+00 -8.862899913533026641e-01 -5.718599058913368394e-01 5.597535002364200096e-01 8.727417905752964389e-01 1.046904972437224801e+00 1.324215705039764268e+00 1.501527113328204432e+00 1.645558633997473486e+00 1.749302818849060248e+00 1.798258955910262191e+00 1.894950629272560416e+00 2.071829059819863428e+00 2.218860251915896864e+00 2.317698869718934684e+00 2.420595173074694628e+00 2.452317724825602063e+00 2.614459144452451866e+00 2.731205802048949138e+00 2.799315136628372169e+00 2.871167944488787427e+00 3.057822692265228959e+00 3.229241546623065506e+00 3.303312923594074579e+00 3.385446092852968825e+00 3.613127326153817265e+00 3.711821365832286279e+00 3.816596894479144630e+00 3.889969694874068740e+00 4.070943569383165261e+00 4.192463186131867303e+00 4.309217971049053908e+00 4.361782176203454320e+00 4.539174799760353984e+00 4.642431063082326226e+00 4.718445800337595308e+00 4.857487098686612548e+00 4.891814720469350064e+00 5.034281589281132341e+00 5.131510667313022189e+00 5.226043767593385958e+00 5.290372988687060740e+00 5.382339119285713736e+00 5.522069087662163867e+00 5.573679373963961403e+00 5.653704488480147283e+00 5.765206618782964476e+00 5.887884894862039253e+00 5.946443835970589120e+00 6.028698479435647961e+00 6.154151467282502175e+00 6.317176703498795121e+00 6.349551073817352176e+00 6.458930093511732196e+00 6.555112559628064162e+00 6.742404657393165301e+00 6.767780189414439818e+00 6.829732727648119450e+00 6.902464083893955937e+00 6.974284431924450800e+00 7.171127059123369563e+00 7.206841919748422143e+00 7.325347584523832722e+00 7.516130562879829391e+00 7.563893790066363643e+00 7.743833996164913636e+00 7.947345616085449649e+00 8.047028592621092713e+00 8.114817657044051558e+00 8.174073937717404092e+00 8.442669656405707101e+00 8.588944006344929605e+00 8.695677485559476949e+00 8.939122187899362970e+00 9.095810411654660754e+00 9.323107960365154767e+00 9.396704642967927512e+00 9.547568246225749178e+00 9.753764565002004616e+00 9.840971444839762938e+00 9.978895349289452099e+00 1.016173021052263614e+01 1.040868633250670428e+01 1.048696269246365453e+01 1.059668408485707403e+01 1.069502193098798060e+01 1.082320768787249143e+01 1.098489902606715951e+01 1.120968512924867788e+01 1.124833635848444224e+01 1.132026507065501164e+01 1.140937445724387800e+01 1.150630787289521706e+01 1.169892821140370209e+01 1.197214223499430297e+01 1.254563206990817115e+01 1.280193621371080326e+01 1.326062040050597446e+01 1.336502727099462007e+01 1.357152353111071363e+01 1.379308496866568845e+01 1.387153625466473450e+01 1.396911924952654971e+01 1.415717707514789758e+01 1.420203261754488011e+01 1.427129751033264959e+01 1.437083254252920383e+01 1.470270477898602479e+01 1.476473639665970516e+01 1.501392442139180261e+01 1.521084728805056940e+01 1.555006695669812267e+01 1.564868134111317843e+01 1.636002293843754885e+01 1.644254727006642014e+01 1.674449288800468238e+01 1.683687567229668147e+01 1.740759888029010582e+01 1.745352395662714073e+01 1.792915726016995137e+01 1.796729768648626546e+01 1.819160297360738454e+01 1.831671983133593073e+01 1.879610249456914417e+01 1.883862115089469569e+01 1.972943168573934969e+01 1.987811722589824726e+01 1.999918065859203509e+01 2.006282285156671108e+01 2.026211395426050998e+01 2.039699362031238294e+01
-3.054730819793017194e+00 -2.414011764054030174e+00 -8.178102643167010077e-01 -4.516480755569109995e-01 6.490615448210932392e-01 8.864933508082222247e-01 1.088279924497753015e+00 1.351960956504484779e+00 1.534492511583510188e+00 1.646529212316669266e+00 1.764546249268439615e+00 1.848199881724397420e+00 1.942138507857980922e+00 2.117214746972130968e+00 2.243242098262085538e+00 2.321195612208204029e+00 2.422296289605770259e+00 2.449287103907777485e+00 2.600201722983213504e+00 2.669330922509012716e+00 2.770807627614154445e+00 2.861080036573091068e+00 3.052771536178618739e+00 3.180685394030134727e+00 3.300308195052201299e+00 3.396355119357874042e+00 3.564871084391582290e+00 3.657887225697053601e+00 3.839137747386282218e+00 3.915526923343294996e+00 4.079120850012346366e+00 4.171943037598210502e+00 4.268191954057638959e+00 4.346054471878403547e+00 4.534216952758492347e+00 4.649541002979288074e+00 4.676215140698606554e+00 4.813217057490309259e+00 4.893319581842293431e+00 4.998550515845895603e+00 5.114392103145131152e+00 5.218341898088131536e+00 5.288552036761524633e+00 5.339830292147397905e+00 5.489588737486562842e+00 5.541180143660263901e+00 5.681685683712384360e+00 5.749311458850714374e+00 5.883876616831527961e+00 5.927164853441575509e+00 6.028097984121282060e+00 6.187125198788278269e+00 6.272685849773923294e+00 6.368743284788832781e+00 6.497741622440357467e+00 6.566281310223293310e+00 6.741500810161021207e+00 6.787125745823434642e+00 6.798549940319052354e+00 6.881360128364078399e+00 6.980445940084488932e+00 7.135344179328584779e+00 7.168199563216202996e+00 7.295613081426894908e+00 7.492946077823652296e+00 7.552523129663671675e+00 7.745217841384525848e+00 7.903703472489647552e+00 8.026258610792529780e+00 8.121460463031493049e+00 8.273869293949383419e+00 8.460128601768575507e+00 8.572024578660952798e+00 8.711179375662862157e+00 8.914843719812180822e+00 9.069974144087854739e+00 9.285041680095046601e+00 9.395112266754598096e+00 9.579270224910581888e+00 9.752396910511491157e+00 9.835730181633715929e+00 9.952155397237408607e+00 1.018248460859276605e+01 1.038526532323833607e+01 1.051187108755368449e+01 1.060281294495666238e+01 1.069525623809825632e+01 1.081609908032486445e+01 1.100254085154723604e+01 1.121189260041782632e+01 1.127568166729631294e+01 1.133509752659154124e+01 1.141545484618377237e+01 1.153721417275366257e+01 1.171870293165177657e+01 1.189727216907221496e+01 1.244136768637639712e+01 1.271882793286931523e+01 1.329294522437946391e+01 1.339236821441943093e+01 1.352898634500549058e+01 1.376920852337641854e+01 1.386944656041907820e+01 1.395895265961295983e+01 1.413609113715975951e+01 1.419304727546587763e+01 1.426644199620562325e+01 1.434336395397121144e+01 1.469450331231866080e+01 1.473844144745469009e+01 1.491415625560570746e+01 1.509306456500762117e+01 1.553425342462561254e+01 1.560520621793658691e+01 1.639257059524948446e+01 1.643158341474525841e+01 1.666388331788004251e+01 1.677269685988637349e+01 1.737905528442685110e+01 1.748982693506698283e+01 1.797734376355146679e+01 1.802172199836370226e+01 1.824451938933684403e+01 1.834595098905054300e+01 1.879320169003685592e+01 1.883829078315821093e+01 1.970947409232065439e+01 1.987561915658688250e+01 1.998798030878642606e+01 2.005924644899866394e+01 2.022150460790612314e+01 2.034921105168389488e+01
-2.700685066719203498e+00 -2.069167834583009125e+00 -3.933929950503318174e-01 6.483871089745926186e-01 8.437952874162837347e-01 1.029980967342655651e+00 1.243661578386686450e+00 1.425983586468593245e+00 1.588782252104508075e+00 1.719488101997126428e+00 1.808797483166841191e+00 1.932999367404138358e+00 2.040641036912601347e+00 2.194130550369009836e+00 2.288143596583901651e+00 2.344603037147272140e+00 2.421601056468403179e+00 2.449830419974432516e+00 2.566733090772450598e+00 2.666270124089681115e+00 2.741379642786271553e+00 2.878314514218547338e+00 3.042010098334596346e+00 3.132410164508471873e+00 3.282159795405064528e+00 3.359782221692177107e+00 3.457681640232051379e+00 3.673691934230228995e+00 3.836020399530434499e+00 3.938672058122690611e+00 4.086432685086922589e+00 4.188278567057038160e+00 4.268759507058564218e+00 4.375126570530194492e+00 4.494249944529301821e+00 4.619818596851127168e+00 4.686402860054745823e+00 4.782033453509045628e+00 4.887107068153940581e+00 4.968762852446563905e+00 5.082684764030842572e+00 5.200509942906974992e+00 5.256700826536700788e+00 5.325081454824955429e+00 5.461113985299056672e+00 5.489450811554329235e+00 5.653953128542674733e+00 5.689383373008363165e+00 5.856021595140465053e+00 5.913510483305890020e+00 6.015977522376273257e+00 6.199978768560801434e+00 6.234769970662854099e+00 6.360870661357807876e+00 6.498158452354184433e+00 6.579204308282117886e+00 6.722324071677159729e+00 6.787367875839245279e+00 6.825016012072767424e+00 6.864485961177019036e+00 7.002971133920650182e+00 7.112956694499412258e+00 7.154869304299683819e+00 7.278502811785394044e+00 7.454802806398181048e+00 7.526411152844463714e+00 7.729759549833184806e+00 7.852081664412883910e+00 7.995161000700730547e+00 8.094314879981162392e+00 8.367710844664156156e+00 8.513487186386203831e+00 8.562591411097773886e+00 8.721278837226781988e+00 8.903922205785105959e+00 9.043698597145612084e+00 9.216246571030456636e+00 9.324283624766460221e+00 9.626571798887228582e+00 9.752071839863951652e+00 9.823451287252014552e+00 9.919337594385874368e+00 1.020027657295315393e+01 1.033956659793701682e+01 1.051581599391220756e+01 1.060764722496207568e+01 1.068605188757016755e+01 1.079476080473341781e+01 1.101685572181821016e+01 1.118511239329737883e+01 1.126600309717671422e+01 1.132624881073637724e+01 1.140844806872834027e+01 1.152070387124178197e+01 1.162780856674499219e+01 1.184444705059315517e+01 1.236558712332050725e+01 1.254641036650955321e+01 1.331994245992400039e+01 1.340237574118831532e+01 1.361610107663147318e+01 1.377772022037165556e+01 1.389942608010138159e+01 1.396004687593464588e+01 1.412807203904218234e+01 1.419628644583821675e+01 1.428584675700047235e+01 1.432628717160807064e+01 1.467661443685921441e+01 1.470623630027290929e+01 1.482625886815160854e+01 1.495268021956963445e+01 1.552452229392422112e+01 1.557804271938757346e+01 1.640230157625630270e+01 1.641148725347831672e+01 1.657849052245940769e+01 1.666535765796702151e+01 1.744892360702160161e+01 1.758184120225208957e+01 1.802903009743822338e+01 1.807109910955309928e+01 1.828585735133378165e+01 1.835523578523059740e+01 1.880745559104908082e+01 1.884676664258998002e+01 1.970286620403541633e+01 1.986839233537198623e+01 1.998083313799856953e+01 2.005097008876449394e+01 2.017326744637835745e+01 2.027750119682472274e+01
-2.000608008958088213e+00 -1.394076441363903296e+00 7.276391777795409022e-01 9.500565262362857810e-01 1.104410722567517045e+00 1.184740402638230883e+00 1.485230838206302639e+00 1.543139659486034487e+00 1.683577487347011514e+00 1.808859505715815663e+00 1.921898471910319595e+00 2.033615594266751980e+00 2.136466820308727144e+00 2.279695955989672562e+00 2.326362589188118779e+00 2.352100597212418265e+00 2.417443879554548758e+00 2.488890728546046205e+00 2.558203231749082374e+00 2.666908932290603662e+00 2.728202793382267455e+00 2.876958677612336146e+00 3.016729490525799307e+00 3.069885203245942940e+00 3.179859333683305422e+00 3.243808783911726223e+00 3.438825152084091563e+00 3.670790792700798555e+00 3.830459381220255644e+00 3.961425657003544654e+00 4.042285600341974927e+00 4.196799537881205744e+00 4.326824683943742755e+00 4.447969485063827833e+00 4.488101479632486956e+00 4.606230997383753412e+00 4.708844340545307539e+00 4.777845793633493265e+00 4.871631824865738203e+00 4.982971869123150377e+00 5.074946162284666329e+00 5.126709572707754958e+00 5.230144347122346105e+00 5.327667229277143868e+00 5.421619212040540425e+00 5.479710101782270470e+00 5.581073876814323320e+00 5.622396886137425831e+00 5.795906395267453881e+00 5.878673848740599617e+00 6.017908894133253916e+00 6.166239481561924585e+00 6.216622845013681342e+00 6.299852164857580483e+00 6.451135025960864411e+00 6.559094874484710402e+00 6.716927127714025225e+00 6.778165354177720481e+00 6.877890278777070598e+00 6.891830091514653311e+00 7.025460218477491026e+00 7.100866809067527541e+00 7.161631153454198540e+00 7.290035777928522975e+00 7.403782398402753095e+00 7.486753392664439843e+00 7.699983144815700342e+00 7.833724867692715144e+00 7.953670478428348289e+00 8.032131369516003261e+00 8.418961004073358012e+00 8.502990963232294419e+00 8.630227817287558167e+00 8.733404537107027465e+00 8.916293643690565318e+00 9.016998301537578087e+00 9.118641193030526892e+00 9.194538669908977724e+00 9.682683368239400679e+00 9.764146287598187257e+00 9.811640601521476768e+00 9.886705099811583963e+00 1.021894832424823640e+01 1.029052724635867122e+01 1.052397418233462290e+01 1.060572548857271435e+01 1.066305904980719355e+01 1.076045506673218988e+01 1.102958614936699000e+01 1.113201046528364735e+01 1.124851954755297534e+01 1.128465711380300363e+01 1.139376271477165226e+01 1.145648987176417677e+01 1.156169056102748982e+01 1.170034318003242113e+01 1.236439421199595401e+01 1.245067997425393713e+01 1.333371710484462014e+01 1.338659756558764258e+01 1.371802092676474949e+01 1.379424668442185542e+01 1.394991253276172571e+01 1.397625866596141719e+01 1.413642838589182027e+01 1.419716494288572228e+01 1.431181674646679980e+01 1.432548526308005599e+01 1.464775378684762508e+01 1.467345585152091481e+01 1.476108344634997138e+01 1.482292984402219460e+01 1.552536000701438823e+01 1.556502666121695455e+01 1.638904152044155182e+01 1.639869875101955898e+01 1.650787000243113312e+01 1.655556406454084950e+01 1.756578548816947460e+01 1.767829488354571055e+01 1.807754960201627625e+01 1.810815810402384329e+01 1.831162343555945071e+01 1.834946911096945854e+01 1.883307352257279277e+01 1.885907218315437106e+01 1.971155879628961571e+01 1.984790483215681078e+01 1.998309793743781171e+01 2.004106367758047824e+01 2.012762472274874170e+01 2.019602817296299690e+01
-7.990465585564859863e-01 6.012984400693127673e-01 1.035257608594737588e+00 1.051869345944364209e+00 1.219064443620708982e+00 1.392010220996246384e+00 1.568789833430386915e+00 1.634320710065217730e+00 1.878799088515205495e+00 1.907851329953662578e+00 2.102471347330836515e+00 2.149389007823478526e+00 2.183944750474861252e+00 2.281690774180203274e+00 2.350846303890480993e+00 2.370539746636028955e+00 2.432651098241179088e+00 2.518866002465083298e+00 2.572038182917901761e+00 2.606258004848781784e+00 2.789117970289570092e+00 2.850430885130879055e+00 2.963322123603358449e+00 2.992341118930491817e+00 3.062017466216423234e+00 3.125370011263636894e+00 3.428715924199038145e+00 3.569082196177029598e+00 3.885980051913574318e+00 3.990394511200663352e+00 4.015683544584716991e+00 4.097705342120760541e+00 4.459979434689081756e+00 4.497099875066740360e+00 4.546059930978077368e+00 4.634578331777104765e+00 4.735735674891079938e+00 4.779378031566645646e+00 4.884425084710834142e+00 5.000822300530379572e+00 5.051534412986757872e+00 5.092270863808469272e+00 5.235455616880219765e+00 5.336261183024312515e+00 5.371234564707333625e+00 5.456085979173475486e+00 5.542075218433096140e+00 5.578804995192376381e+00 5.693351959750017954e+00 5.810352080517185769e+00 6.028480160824491563e+00 6.091338009617677685e+00 6.208794641449895124e+00 6.247033253863036428e+00 6.389752460427859049e+00 6.492699403006056968e+00 6.744172688764411561e+00 6.774947563467770273e+00 6.899480644336676960e+00 6.938323669562015183e+00 7.031006650467625185e+00 7.094708437104321419e+00 7.207507883136319293e+00 7.308517633303654115e+00 7.375733542596874415e+00 7.446320297916105169e+00 7.694291704681434751e+00 7.800161365636061106e+00 7.925964806203412039e+00 7.973620413425806852e+00 8.437812280475677440e+00 8.462083677798942105e+00 8.705539201060215504e+00 8.746402281420124325e+00 8.946687621803445012e+00 8.992774983952589452e+00 9.024679319344997452e+00 9.061383488385153839e+00 9.739156352203687916e+00 9.780563779575297545e+00 9.806315758873449084e+00 9.848034958612336354e+00 1.023837227281102535e+01 1.025960820267037121e+01 1.055484278019961408e+01 1.059541965020250132e+01 1.063485228269672866e+01 1.070840704683953071e+01 1.103843805961740543e+01 1.107541773182996181e+01 1.122620481065697540e+01 1.123637625721490174e+01 1.138275592226209731e+01 1.141088788354394090e+01 1.152382799708560235e+01 1.156177660157143272e+01 1.239221606988063229e+01 1.242445072562954778e+01 1.334422398861253001e+01 1.336920716546490517e+01 1.377876026770541351e+01 1.379884516986591159e+01 1.399579924515857954e+01 1.400140521328909315e+01 1.415765242783158406e+01 1.418911016814336890e+01 1.432807564647916720e+01 1.433341086532521835e+01 1.462233579962310515e+01 1.464033005066265503e+01 1.472130793330014953e+01 1.474111297775304585e+01 1.553494393249903105e+01 1.555673504465322843e+01 1.637920124645633280e+01 1.638576749404552046e+01 1.646256703751729589e+01 1.647652461364810961e+01 1.767613281098529754e+01 1.773874054755933471e+01 1.811473904421480441e+01 1.812911970146923935e+01 1.832433778889594578e+01 1.833732052587908257e+01 1.885795236335268399e+01 1.886868229998448498e+01 1.973594644247701879e+01 1.981363694825440547e+01 1.999610910400287267e+01 2.003138595151808232e+01 2.009596004595853103e+01 2.012465716047760722e+01
1.049822550741013938e+00 1.051394754747779992e+00 1.071868931071982223e+00 1.072349585334795075e+00 1.507886282532139299e+00 1.508526534108103334e+00 1.529244862388489556e+00 1.529652607680435095e+00 1.956702250396278542e+00 1.957012779768436461e+00 2.226553914522728661e+00 2.226621407611994563e+00 2.232858574431073162e+00 2.233235528342405019e+00 2.390777680138480576e+00 2.390951339615784210e+00 2.411883015256387708e+00 2.411970177561834738e+00 2.584974290895420967e+00 2.585165594342913931e+00 2.879622568608284805e+00 2.879959640672403509e+00 2.907325139720941642e+00 2.907559845785313346e+00 3.051788847112665071e+00 3.052080546840565400e+00 3.448122060642765163e+00 3.448551809259650547e+00 3.986148801569556976e+00 3.987084414099778318e+00 4.008143198910434357e+00 4.008889479424543545e+00 4.506285342471870514e+00 4.506429176578126139e+00 4.635053838499875845e+00 4.635425386905308365e+00 4.772537814487822772e+00 4.772678482492747065e+00 4.930888233893567119e+00 4.931547853512611823e+00 5.057816645885221618e+00 5.057992230430334857e+00 5.339950758679131049e+00 5.340316013068523660e+00 5.367683147458913062e+00 5.369064249133804978e+00 5.524365233337435122e+00 5.524786501060280131e+00 5.715230344595170209e+00 5.715882648501640517e+00 6.037832962963936012e+00 6.038446276785359501e+00 6.217333314147357015e+00 6.217491658574062718e+00 6.415051263641805335e+00 6.415475550016823014e+00 6.767835375258163033e+00 6.767950454685200512e+00 6.925998388773281889e+00 6.926135661859981418e+00 7.062790143790881991e+00 7.063431235575976963e+00 7.269819587914821746e+00 7.270145265559386338e+00 7.411059496949139458e+00 7.411293672164670276e+00 7.733335423640323114e+00 7.733633744521107189e+00 7.936524698669153111e+00 7.936641219168229178e+00 8.440817325941699423e+00 8.441237440819767457e+00 8.748175318814286783e+00 8.748503226967763169e+00 8.980293678289639203e+00 8.980606335187070854e+00 8.982809240012619156e+00 8.982973914040272234e+00 9.783508469093526116e+00 9.784171417295965512e+00 9.809427890161810382e+00 9.809703600297586590e+00 1.024931143281265200e+01 1.024951234277581058e+01 1.058550647859593674e+01 1.058574077766745880e+01 1.064580051842481545e+01 1.064655034868712313e+01 1.104615305252691471e+01 1.104640206272030589e+01 1.121440608666767957e+01 1.121452261091157077e+01 1.138800854194338186e+01 1.138849977772252231e+01 1.151189078202235017e+01 1.151231975464301094e+01 1.241291236660853414e+01 1.241353492022561511e+01 1.335511448313979166e+01 1.335521128689485160e+01 1.379837812705397226e+01 1.379853341863308103e+01 1.401319402785087220e+01 1.401391065397275959e+01 1.417718371346837358e+01 1.417734554746632547e+01 1.433395411454545609e+01 1.433465462910013244e+01 1.461676655301451966e+01 1.461724901835472856e+01 1.471324537215472716e+01 1.471344194826876794e+01 1.554687333087828627e+01 1.554702912225881306e+01 1.637832145579553966e+01 1.637855892865207963e+01 1.644703498720617674e+01 1.644728896421408848e+01 1.773995128084971995e+01 1.774007890857464176e+01 1.813210931724524144e+01 1.813226519432164707e+01 1.832936098996938767e+01 1.832967261069003939e+01 1.887017920696477091e+01 1.887028743554396826e+01 1.977271177711221384e+01 1.977285244637809924e+01 2.001656977574132767e+01 2.001672400061177370e+01 2.008880937831876778e+01 2.008906754094069314e+01
1.224300238218757109e+00 1.224747783850970162e+00 1.401146088701197057e+00 1.401572873241462291e+00 1.638590739647152184e+00 1.638884025792149757e+00 1.824826149016694821e+00 1.825218980912696853e+00 1.850783902449919527e+00 1.850973096076424129e+00 2.048029541870244774e+00 2.048176113644016638e+00 2.352957339017943905e+00 2.353342499280878908e+00 2.405344610478491685e+00 2.405478626839223644e+00 2.513056575316111818e+00 2.513240621832705912e+00 2.706687317870584142e+00 2.706810555178077671e+00 2.950566805036235252e+00 2.951308611185680775e+00 3.240154562320312515e+00 3.240370181942020977e+00 3.452285211299942702e+00 3.452701991039063945e+00 3.681420892258732369e+00 3.681730075925859769e+00 3.856140256675808509e+00 3.856892816986852601e+00 4.103357883469016976e+00 4.103608232880608497e+00 4.403944874589373448e+00 4.404580534830177641e+00 4.594663416727103211e+00 4.594888569056322147e+00 4.887217904937068980e+00 4.887384966743458570e+00 4.972311157489516908e+00 4.972450527188581049e+00 5.254136176895188193e+00 5.254754798151105355e+00 5.269568363495896968e+00 5.269968784421404706e+00 5.471165845802798522e+00 5.471456583030632537e+00 5.722408938993867267e+00 5.723489303152406116e+00 5.796849855658813055e+00 5.797156113175762293e+00 6.110405721010375046e+00 6.110962835987894692e+00 6.272672622899620798e+00 6.273119006237497075e+00 6.340643619111419937e+00 6.341327035284866298e+00 6.659383218811816718e+00 6.660031875816940783e+00 6.864618361337513797e+00 6.864893291547702781e+00 6.972954526547724186e+00 6.973160452117522112e+00 7.508207479221362668e+00 7.508446219384333986e+00 7.632592768941910855e+00 7.633140172579061300e+00 7.820116344538200259e+00 7.820483547788413148e+00 8.101891444626053485e+00 8.102341658767061361e+00 8.254658378979724986e+00 8.255032936376915487e+00 8.459382954228846785e+00 8.459819175915141543e+00 8.998653985234808417e+00 8.998853170439645055e+00 9.336944617707191085e+00 9.337197654888434784e+00 9.791373209578697612e+00 9.791571518314084344e+00 1.002442984263080916e+01 1.002512231797254927e+01 1.015714560930280363e+01 1.015776111249078362e+01 1.030973039590579354e+01 1.031006104430696801e+01 1.047197926140842661e+01 1.047216097537692470e+01 1.086686988619783278e+01 1.086740042734558465e+01 1.110724830594233303e+01 1.110734039802168027e+01 1.129879109985667540e+01 1.129886960477494462e+01 1.148016807644389559e+01 1.148061170106071316e+01 1.275726951257914621e+01 1.275749737927937133e+01 1.335430076388842480e+01 1.335462858760159932e+01 1.364285830742523409e+01 1.364298743554677884e+01 1.419368198569164541e+01 1.419384335781126616e+01 1.435980773209556816e+01 1.436004598460255721e+01 1.456414210791129271e+01 1.456448295831315498e+01 1.481902605870464740e+01 1.481916082229106912e+01 1.521934213544536618e+01 1.521961551064326912e+01 1.546820364535499870e+01 1.546851171687136350e+01 1.654751987637075317e+01 1.654781882493278644e+01 1.689610937063141805e+01 1.689643807850708868e+01 1.721354779765093568e+01 1.721367827882456325e+01 1.803972311247126825e+01 1.803986941360006568e+01 1.844954445604875559e+01 1.844985530088285230e+01 1.890337048860659408e+01 1.890384358079196048e+01 1.976791946112070164e+01 1.976831435744722754e+01 2.003163249897175646e+01 2.003169355694534559e+01 2.029778918402993781e+01 2.029816582656761526e+01
-5.857811554264082954e-01 6.266489200299703022e-01 1.011689799549869040e+00 1.228633978869175802e+00 1.317159603680487789e+00 1.448382034047040134e+00 1.621431309355901407e+00 1.716672554685419350e+00 1.834513617353623172e+00 1.879565200990389595e+00 1.967536537540686803e+00 2.053775250975862221e+00 2.151392870259951184e+00 2.334310760398247808e+00 2.361335974006344429e+00 2.418825409877608301e+00 2.464555855098446102e+00 2.529811176977731169e+00 2.588688456495447987e+00 2.780436358276937803e+00 3.022967036929118834e+00 3.073777283387887582e+00 3.240680724895297349e+00 3.331271851182271426e+00 3.439755660570626095e+00 3.564206325109771090e+00 3.664231152003335712e+00 3.750198063337117915e+00 3.829412766213535768e+00 3.940102290764015525e+00 4.017092273771663891e+00 4.115847215731720077e+00 4.340831366625885757e+00 4.477020391839879210e+00 4.565081377415377339e+00 4.609191475937426397e+00 4.825295899528206256e+00 4.902271217598319630e+00 4.943985921979336062e+00 4.977495362251227462e+00 5.149583420648220056e+00 5.204489429927404487e+00 5.292360177960468093e+00 5.369068897001316287e+00 5.454600899533622815e+00 5.495962536663102860e+00 5.684902709347911198e+00 5.760168053143924993e+00 5.819009140499178834e+00 5.895568699061836782e+00 6.055352937547579195e+00 6.101969070283889351e+00 6.178233119677201124e+00 6.295526177789155575e+00 6.317169993418577434e+00 6.436449832879995725e+00 6.613817966008925353e+00 6.733807961149255839e+00 6.835536667676895384e+00 6.854522236137592373e+00 6.964783855781062627e+00 7.052311297424270542e+00 7.481154361445187639e+00 7.514977285948450714e+00 7.608689006438563496e+00 7.658337607450904194e+00 7.825838613678763878e+00 7.877701910247385086e+00 8.076589665755186331e+00 8.120979004692182812e+00 8.224960001312636493e+00 8.345173903955137362e+00 8.456020122416580520e+00 8.520303047412866704e+00 9.004105057660897415e+00 9.017829891936736786e+00 9.314660203598245758e+00 9.356817734783117402e+00 9.688473869612325373e+00 9.881052669337954342e+00 9.968205477796498570e+00 1.009785139429241418e+01 1.014020423679449756e+01 1.018046818857017755e+01 1.031447083622499505e+01 1.033219778919600707e+01 1.045068987689211504e+01 1.059422445824532133e+01 1.079469359070034074e+01 1.094629586722430759e+01 1.107196535639375945e+01 1.117040916739451362e+01 1.130520823290410881e+01 1.136536603874581353e+01 1.145496925467664617e+01 1.167340000796558286e+01 1.271599994910328668e+01 1.278242612477270512e+01 1.333041788653810222e+01 1.336339808926264183e+01 1.358569234737175968e+01 1.372018062929249105e+01 1.411763912394076215e+01 1.417284928483841178e+01 1.429332906409570114e+01 1.441751192574423257e+01 1.453775462126106355e+01 1.457169908865997954e+01 1.479767705393519783e+01 1.484274644206804794e+01 1.521017581091540194e+01 1.521418631103205144e+01 1.546597265134388266e+01 1.556120151046921229e+01 1.654846185022350369e+01 1.656221390092889578e+01 1.685593606237700115e+01 1.691649164523666116e+01 1.716620373945545808e+01 1.723431814144992558e+01 1.800293415136442476e+01 1.802402517402377313e+01 1.839663493266068173e+01 1.844864900563415233e+01 1.882646259779589926e+01 1.888528567842795169e+01 1.976680143399180167e+01 1.979241885013471247e+01 2.003349741192679545e+01 2.005015486599042163e+01 2.028431001719780369e+01 2.039435637654267808e+01
-2.293944449825406018e+00 -1.226423762459338596e+00 -9.136080099947322397e-01 -4.101887011894878587e-01 5.408562625677715285e-01 1.294962827941188221e+00 1.529781518327549605e+00 1.624826279017165698e+00 1.758054023652398712e+00 1.843075032379269063e+00 1.868203132532306521e+00 1.999808749750236148e+00 2.090182264139727852e+00 2.261373931820652938e+00 2.322084100069552015e+00 2.355941606394078125e+00 2.438134226067581345e+00 2.477011704211985688e+00 2.567789053056515947e+00 2.801470307816877003e+00 3.027698911017265182e+00 3.094633413514561227e+00 3.262614003928897777e+00 3.388945245814917406e+00 3.514057673796077363e+00 3.707232284768448682e+00 3.785712717102584612e+00 3.841516639536515676e+00 3.894928460277239601e+00 3.960440657236717232e+00 4.090065853774443205e+00 4.145214322889102299e+00 4.341950254457266567e+00 4.405470755244119019e+00 4.560159422313565969e+00 4.663448220511332565e+00 4.744778697021283520e+00 4.854116775127087280e+00 4.910892413240310894e+00 4.998422715938986016e+00 5.081663731368448289e+00 5.158247158654066133e+00 5.266138606497946739e+00 5.381759286231760697e+00 5.470357243200190567e+00 5.571077852550373244e+00 5.698969415652734405e+00 5.750321885066421501e+00 5.887092412615715808e+00 5.966023584495479426e+00 6.010098027750016669e+00 6.060493562983541693e+00 6.157823767102869716e+00 6.277618120308728678e+00 6.339078743281549855e+00 6.430674044008307000e+00 6.603016558964174720e+00 6.703328399668505355e+00 6.791063564731500968e+00 6.905904634727450642e+00 7.021739139806928875e+00 7.117402466723644849e+00 7.439886550673002752e+00 7.509546399710044007e+00 7.580212486882691003e+00 7.698700545308446053e+00 7.769224785088228558e+00 7.904681873020147798e+00 8.048176923447599052e+00 8.166284106782251584e+00 8.233881966367611938e+00 8.429151409086315994e+00 8.516680273921789279e+00 8.603285668936027974e+00 9.021649682801049508e+00 9.083350613466953050e+00 9.307196325744843790e+00 9.369132326832435353e+00 9.628752663782675469e+00 9.898030351646784908e+00 9.965497218567861637e+00 1.003529736333183919e+01 1.016924953624881311e+01 1.024331403848309208e+01 1.034550015867783301e+01 1.037660892749081931e+01 1.047558784099889628e+01 1.069297154619031254e+01 1.082242597573418053e+01 1.092642334607959498e+01 1.111967393215536504e+01 1.119408794586098388e+01 1.132638443678770024e+01 1.143910799593595051e+01 1.149672854341054951e+01 1.222349551177248017e+01 1.269447159490143662e+01 1.277842134802736318e+01 1.329492368185609408e+01 1.335575694841078587e+01 1.359039870500608593e+01 1.369035587469418935e+01 1.397691546820090736e+01 1.406185185837666118e+01 1.421809084931864930e+01 1.441602768015849456e+01 1.449124014231168367e+01 1.461858685991249729e+01 1.476326601999885746e+01 1.486546993029172548e+01 1.522940003620200322e+01 1.525499942015325772e+01 1.545169513959477037e+01 1.578900533440984333e+01 1.654008630301956373e+01 1.657611903547576659e+01 1.678283256679528535e+01 1.693599142836241356e+01 1.706359708313670609e+01 1.729976478985839350e+01 1.792881517528272894e+01 1.796701194051545869e+01 1.827030254199833692e+01 1.842857724186059443e+01 1.873175999851922668e+01 1.885685647247843733e+01 1.977869051272463707e+01 1.983350450934946707e+01 2.004409764052975618e+01 2.008519829545467417e+01 2.025219999210415622e+01 2.055652218620540950e+01
-2.703249697531583173e+00 -1.621989336836595852e+00 -1.246976864869732804e+00 -1.016453034223060214e+00 -4.997759558709252148e-01 1.275022475405846123e+00 1.481358714152613443e+00 1.603709458653039821e+00 1.715930816623488786e+00 1.819790166940799425e+00 1.862244086405976606e+00 1.932831334694348646e+00 2.066740343885090425e+00 2.233056445922780853e+00 2.277456104425968686e+00 2.324415601574704393e+00 2.438355950749842904e+00 2.478427603655695588e+00 2.553262840754965346e+00 2.790690453677979743e+00 2.987217331488594585e+00 3.129327469390032590e+00 3.225947324433314112e+00 3.368101622679743556e+00 3.597710963025429809e+00 3.673110714685734024e+00 3.797982442241738976e+00 3.893102498783037824e+00 3.943510505881758554e+00 4.034152846396994008e+00 4.134985531335030551e+00 4.247742388292420124e+00 4.367541145049502305e+00 4.404562882853499062e+00 4.542980388531097979e+00 4.619984996918845788e+00 4.728742454508414461e+00 4.793794538138008932e+00 4.936685170622200580e+00 4.996744208375249130e+00 5.067800309092915789e+00 5.157367326437500843e+00 5.239753551660180975e+00 5.382516096112811788e+00 5.456299284900510749e+00 5.562348787257358929e+00 5.677705451565530304e+00 5.754842416854354603e+00 5.893948960050512831e+00 5.960256554375846783e+00 6.016263527656725785e+00 6.082387327843942870e+00 6.171178704512191082e+00 6.227586674778227582e+00 6.332367346273539255e+00 6.436123728772400909e+00 6.574355285572130114e+00 6.745959399389292344e+00 6.813299217405517361e+00 6.933731600349626767e+00 7.044379940308497012e+00 7.143636612883583759e+00 7.416731731632647318e+00 7.452264017569508070e+00 7.542725479815897138e+00 7.692430932676387556e+00 7.740494749644376782e+00 7.926786952968789102e+00 8.029523792897467871e+00 8.219849471379150785e+00 8.290973012042320178e+00 8.421708241471696610e+00 8.554412010359692786e+00 8.635679008674234325e+00 9.040296092976539910e+00 9.170110535819043562e+00 9.298588697576199991e+00 9.396021965337851611e+00 9.605338306183178076e+00 9.820580242540897231e+00 9.941895482871915490e+00 1.000990777753105654e+01 1.018797065866195162e+01 1.024500826553687816e+01 1.036866846397897213e+01 1.042580476977111736e+01 1.054566520340778091e+01 1.067322515545975570e+01 1.088359639237549104e+01 1.090698765160202477e+01 1.111590628699514838e+01 1.121939346502392354e+01 1.134307805670079361e+01 1.144743160289112893e+01 1.156196070977965817e+01 1.258283064650390592e+01 1.268553587232198510e+01 1.288172611113735044e+01 1.323007860960869131e+01 1.338161312496582767e+01 1.345641085691799077e+01 1.362924957335609122e+01 1.396361058176819547e+01 1.404213173480453314e+01 1.416719807991625224e+01 1.440999727422767762e+01 1.444775904507772069e+01 1.459917483029218310e+01 1.474770153285504470e+01 1.487222069551953041e+01 1.529822570665019299e+01 1.534944238626953350e+01 1.542762768680969998e+01 1.592154521858627447e+01 1.645352635729615898e+01 1.654756017339791541e+01 1.683146359375977141e+01 1.697817152173938382e+01 1.700457007739209203e+01 1.742566384750325170e+01 1.786258397652185792e+01 1.790237502154587546e+01 1.815863313846306681e+01 1.838091255565344539e+01 1.870397975670364588e+01 1.885944416492362663e+01 1.979438854321852403e+01 1.987715471588292004e+01 2.006626478259034840e+01 2.009493355583503060e+01 2.022133936564499379e+01 2.063491423089879362e+01
-2.203457631459039945e+00 -1.395429558994154995e+00 -7.246793864115921302e-01 3.014743582085524509e-01 7.531615882612204826e-01 1.298858231433333010e+00 1.535730730256386511e+00 1.679519923143197868e+00 1.710233220088751560e+00 1.839118168406870923e+00 1.869691421781976448e+00 1.928817567307731462e+00 2.045488566173119693e+00 2.223105912266283735e+00 2.291060472921440994e+00 2.346568496819487315e+00 2.463504163524950830e+00 2.492968414914952469e+00 2.588025392973411609e+00 2.814983042260515766e+00 2.988123796897498963e+00 3.155345838913072409e+00 3.215764086079398343e+00 3.356507126572208843e+00 3.455380798730489200e+00 3.596287354659444269e+00 3.676166557749433572e+00 3.824599715216211226e+00 3.959601755942373291e+00 4.065631494383231015e+00 4.171411496980135247e+00 4.298920332711566594e+00 4.408128543643123898e+00 4.444378675465881834e+00 4.567851450797474122e+00 4.643220906090136602e+00 4.739166738506780163e+00 4.763172283331869927e+00 4.941894355504066638e+00 4.978942368508189276e+00 5.052424667678187653e+00 5.157483270022914290e+00 5.251873938570731148e+00 5.385712370106122471e+00 5.426577002099620906e+00 5.505350596424992915e+00 5.576903708298893036e+00 5.737082868967037896e+00 5.793077604377264045e+00 5.923767215556587473e+00 6.034783507232419630e+00 6.121807113668692679e+00 6.171020902017214205e+00 6.231792110274761320e+00 6.322023809283816576e+00 6.437254737238486513e+00 6.598941393667772992e+00 6.821034703586057901e+00 6.869168467753606677e+00 6.956033019706612031e+00 7.043527672108734983e+00 7.129448448827144347e+00 7.325825159425170874e+00 7.381370801098315226e+00 7.525066119817704902e+00 7.716167607752980828e+00 7.778910709717973937e+00 7.920198873293197828e+00 8.075047699701325854e+00 8.250650326422146463e+00 8.348018006401559887e+00 8.406097576145462824e+00 8.534250861005316935e+00 8.613557050995600761e+00 9.056810349938274385e+00 9.177274432744143340e+00 9.314084671374514457e+00 9.434465321648183078e+00 9.574650642625341490e+00 9.717521569914186585e+00 9.913708678432220367e+00 9.974639337909357195e+00 1.015614658901383294e+01 1.021461845963014170e+01 1.036972992113015835e+01 1.045840889753636382e+01 1.058057345788428449e+01 1.065120513560812299e+01 1.086212551878504051e+01 1.090776115645573263e+01 1.110368486473533878e+01 1.119254483598443706e+01 1.134926563890796025e+01 1.144165225238524286e+01 1.152560821970482507e+01 1.216869654523513056e+01 1.270584146634503142e+01 1.276811124632523686e+01 1.328446324708912307e+01 1.338054620400262884e+01 1.364750963438448927e+01 1.382741063992474118e+01 1.400789427614969185e+01 1.415377407819499567e+01 1.420828881733830329e+01 1.435206025608423808e+01 1.443475490067661759e+01 1.452033125170894046e+01 1.473516860374442672e+01 1.487957489724394833e+01 1.535645786114495515e+01 1.538559218496021330e+01 1.547557413468643794e+01 1.573939545882539193e+01 1.642595143823387005e+01 1.650873085196511170e+01 1.683635419943833966e+01 1.691108827886768751e+01 1.735916121825730585e+01 1.757234335989680574e+01 1.784022241551371479e+01 1.788622438304235729e+01 1.809428835417000769e+01 1.829687919549322217e+01 1.874868175716420993e+01 1.888053791196063713e+01 1.982346791159104171e+01 1.990175318533907856e+01 2.005761584920224649e+01 2.009596360277803839e+01 2.021554681425766020e+01 2.057702841427037299e+01
-6.615161021004055675e-01 5.891590635578436430e-01 1.129659032445750277e+00 1.261464516519931855e+00 1.351706719499785603e+00 1.482160690629405808e+00 1.680222541107866618e+00 1.765161987373632613e+00 1.803640336031351099e+00 1.886439483676469742e+00 1.903076442465914786e+00 2.034434884360017293e+00 2.128764739059031186e+00 2.232426378078209428e+00 2.324387429888519652e+00 2.395202311769716097e+00 2.478106461275800587e+00 2.505501021462203770e+00 2.736602235081388557e+00 2.857465168973457814e+00 2.960994108203439446e+00 3.116844753813946323e+00 3.180174440864207419e+00 3.244938814238329972e+00 3.313010770699124308e+00 3.340896777007976493e+00 3.636788356410980860e+00 3.723207901132830955e+00 4.005209274862722602e+00 4.048984924224058091e+00 4.177038987200401898e+00 4.301710976671301978e+00 4.466846130088955924e+00 4.554390477396665027e+00 4.627002214346072506e+00 4.660224919749130557e+00 4.835742625002516171e+00 4.868614522005333178e+00 4.937158127298378218e+00 4.979296381181845810e+00 5.076721966550332255e+00 5.155668020878952262e+00 5.230706106169126457e+00 5.309536714307777849e+00 5.395468388683937633e+00 5.441026995355549900e+00 5.538043889732142233e+00 5.583769965743158536e+00 5.690213895158993118e+00 5.850090604197968780e+00 6.057424218496576529e+00 6.089940650199032746e+00 6.176248873035893538e+00 6.225924587261435050e+00 6.316377172356495429e+00 6.381590730024814029e+00 6.721300274227386851e+00 6.840658828400417946e+00 6.930844675830794444e+00 6.975263707169280458e+00 7.069306191894782820e+00 7.107591443541351417e+00 7.204667890773211347e+00 7.282134009861884749e+00 7.565911704712453556e+00 7.697442663766855375e+00 7.847929746121668160e+00 7.894564104187326237e+00 8.183262507729599733e+00 8.256600094450931238e+00 8.352258230207819878e+00 8.410627852825983908e+00 8.464682970474781243e+00 8.531703619837374575e+00 9.068865356030261893e+00 9.106205972662035464e+00 9.404027625422699543e+00 9.470874600535168497e+00 9.534819780116412957e+00 9.597329408767354408e+00 9.912775466826985848e+00 9.930395723026844479e+00 1.008243626043423546e+01 1.012213148792587525e+01 1.038210558891981350e+01 1.042982580212219546e+01 1.061326941064471185e+01 1.064821777934893987e+01 1.085041868281086863e+01 1.087620506397379394e+01 1.107622267635546187e+01 1.112557560552996527e+01 1.135299221798073255e+01 1.139817261177839214e+01 1.149364456924122990e+01 1.166093784325004989e+01 1.271918077875500508e+01 1.275800591066990464e+01 1.331337679909364269e+01 1.335396226354525773e+01 1.380054537400086190e+01 1.393938053561205059e+01 1.405223283704021675e+01 1.418653997747103901e+01 1.430840359921233684e+01 1.439970584477790183e+01 1.442459598620425787e+01 1.446679020127463922e+01 1.478933198967688334e+01 1.487626487359723626e+01 1.533292194754826099e+01 1.538354546276778123e+01 1.553909968723005974e+01 1.557594465059109012e+01 1.643759967416393408e+01 1.646678816096440201e+01 1.682568276411522490e+01 1.684962220414556100e+01 1.765364742894323768e+01 1.767295276692946615e+01 1.792574432481098512e+01 1.794558872409935901e+01 1.807442933347807568e+01 1.819349474668240418e+01 1.882923944554591245e+01 1.889622636084158103e+01 1.987050387356573822e+01 1.990817683418419648e+01 2.003416667409130270e+01 2.008141282012683959e+01 2.024895779971682686e+01 2.040746823506073682e+01
1.259279021549823296e+00 1.259671542845142156e+00 1.408699427105939650e+00 1.408892155285586645e+00 1.608595987521202808e+00 1.609093311863162734e+00 1.815113342176636335e+00 1.815263226340858349e+00 1.831469014115989724e+00 1.831863684633361355e+00 2.116346140586183644e+00 2.116515759717276790e+00 2.298432811781274676e+00 2.298833735726575345e+00 2.390752024108330875e+00 2.391191586808900205e+00 2.394842366797168776e+00 2.395120094592209092e+00 2.880902492270751569e+00 2.881245601092555564e+00 2.919927567505539834e+00 2.920099740313475856e+00 3.159264254946598349e+00 3.160205663236880458e+00 3.235653057729435567e+00 3.235900728809304461e+00 3.667194063310438956e+00 3.668286200484462523e+00 4.039463800720603182e+00 4.039786383108494583e+00 4.287457975024243417e+00 4.288027888406142907e+00 4.610301388678596624e+00 4.610543453077726284e+00 4.618405172617816135e+00 4.619072120837926398e+00 4.961918350192858540e+00 4.962418051753189729e+00 4.964600283101262335e+00 4.964750707516465411e+00 5.120553329938669407e+00 5.121023590779373968e+00 5.235803466460587252e+00 5.236279601002753026e+00 5.302972232154401944e+00 5.303772369219014848e+00 5.607924803319657592e+00 5.608067901815771528e+00 5.669607940130423351e+00 5.670145849212639533e+00 6.068022412516840269e+00 6.068054272546889116e+00 6.197880954242078744e+00 6.198699101853481608e+00 6.332483896544420787e+00 6.332632455122960025e+00 6.782275637507319210e+00 6.782460411895366192e+00 6.979205707794587710e+00 6.979273022929527670e+00 7.079924543066985265e+00 7.080160903516441451e+00 7.212435085515250144e+00 7.212636820244302527e+00 7.627422392427641640e+00 7.627665195156486888e+00 7.883241792639508638e+00 7.883482363620638367e+00 8.254231532850127451e+00 8.254674822589400662e+00 8.364588923264516751e+00 8.364673828812344780e+00 8.448211567465914840e+00 8.448592595152152995e+00 9.073146459215566395e+00 9.073618605634319323e+00 9.497963975654540647e+00 9.498145089646463646e+00 9.504941497668131234e+00 9.505010776576982678e+00 9.915774497655100106e+00 9.916613035613337956e+00 1.004555937603547378e+01 1.004608526449105632e+01 1.039584578867014741e+01 1.039617768467156189e+01 1.064873592799466984e+01 1.064898370357909485e+01 1.084725934144040238e+01 1.084789010940538034e+01 1.107025755425700808e+01 1.107044802085506596e+01 1.135821975617484192e+01 1.135853412227617731e+01 1.149340857838707919e+01 1.149383134738580203e+01 1.274564266865614215e+01 1.274567571772447749e+01 1.333220078367209460e+01 1.333251482792873333e+01 1.393590379034963789e+01 1.393609711605183499e+01 1.406717498000468680e+01 1.406788920985194657e+01 1.441239877799159785e+01 1.441276088895656216e+01 1.442480514080093990e+01 1.442504381474186204e+01 1.486840147379964527e+01 1.486872819199358631e+01 1.532779695676985199e+01 1.532810174793715241e+01 1.556146366704374984e+01 1.556163510991794219e+01 1.644381431495915891e+01 1.644422128276995210e+01 1.682511426051109993e+01 1.682540087473790535e+01 1.770252514791601328e+01 1.770288663672811325e+01 1.800660790647902232e+01 1.800667290096650675e+01 1.811519441257340546e+01 1.811533147834910906e+01 1.888608653748191912e+01 1.888648330740154435e+01 1.989879205398464279e+01 1.989899271774640610e+01 2.007071867739571402e+01 2.007116730092923618e+01 2.026861478517832182e+01 2.026884882152219447e+01
1.195141488733044710e+00 1.196352815136203729e+00 1.446671422737340063e+00 1.447628536185251891e+00 1.659244541027449227e+00 1.659487151237831970e+00 1.726703278488687987e+00 1.726954614825237044e+00 1.854676205277258294e+00 1.854994712423616354e+00 2.089573669165651459e+00 2.089858700801543900e+00 2.334862477953205673e+00 2.335214249636721195e+00 2.432489290853260044e+00 2.432751091756709005e+00 2.446234118016362480e+00 2.446729329632910677e+00 2.805000353961896842e+00 2.805351524880332903e+00 2.870220689097648936e+00 2.870691957780942882e+00 3.156776718710814666e+00 3.156985988516460839e+00 3.210130336189250144e+00 3.210337318135481510e+00 3.744667305754831421e+00 3.744995483471543540e+00 4.045218807779985326e+00 4.045747575367892424e+00 4.181291037080455908e+00 4.182071785831083410e+00 4.639831074421397084e+00 4.640045127961100135e+00 4.640524244494125483e+00 4.640559844434603676e+00 4.836500882675340840e+00 4.837678387737319063e+00 5.008376878821213296e+00 5.009153054148755224e+00 5.127420801277118301e+00 5.127957668390481949e+00 5.276686277275791426e+00 5.277833489373088049e+00 5.369786656862353347e+00 5.370193717948128942e+00 5.499396034983935699e+00 5.500038887736856452e+00 5.654703303372611067e+00 5.654880650373563356e+00 6.023850465882197192e+00 6.024315458658106692e+00 6.112995822735382667e+00 6.113437809352991970e+00 6.400903130643161631e+00 6.401388168018548264e+00 6.749066867352117249e+00 6.749507189810032948e+00 7.014545704551268024e+00 7.014890193823753783e+00 7.021274013036259198e+00 7.021561088287404218e+00 7.334076720947044770e+00 7.334594242550356746e+00 7.687614194100019560e+00 7.687743564399295515e+00 7.741390278506051992e+00 7.741713368627969771e+00 8.059381842281570840e+00 8.059713448021778248e+00 8.244870938299502683e+00 8.245407241259608000e+00 8.606860095893074103e+00 8.607092668432871463e+00 9.102267160722174566e+00 9.102446007048419219e+00 9.454804146163864331e+00 9.455109346688315597e+00 9.671473161556832565e+00 9.671814329287812484e+00 9.900019193951655083e+00 9.900530532605714029e+00 1.021748702445345280e+01 1.021753437381091523e+01 1.033865716073017715e+01 1.033921372552881124e+01 1.065836609305236138e+01 1.065878269340918472e+01 1.083242361628867201e+01 1.083290576988799003e+01 1.114949153424527140e+01 1.114980110232898980e+01 1.133446235537282121e+01 1.133454265882718204e+01 1.133906044356015563e+01 1.133922609977095064e+01 1.297725889031513624e+01 1.297728636848156647e+01 1.332264653493463769e+01 1.332287893314886773e+01 1.379536234303556341e+01 1.379572342739162139e+01 1.385641586704510431e+01 1.385652355250375400e+01 1.438967301465490678e+01 1.439018748368994949e+01 1.450931346036755265e+01 1.450961988016147686e+01 1.495505249076948395e+01 1.495556737467230946e+01 1.532227218880802688e+01 1.532272317903164094e+01 1.559985125867920530e+01 1.559993617239755004e+01 1.642678725808849194e+01 1.642708150024992975e+01 1.684180654216607209e+01 1.684192041834221598e+01 1.770309675921943082e+01 1.770317520061313488e+01 1.801516944458704117e+01 1.801526674259035588e+01 1.808768560337886555e+01 1.808795545312550956e+01 1.894128676119655807e+01 1.894148754452279704e+01 1.986275045037339737e+01 1.986286575930364506e+01 2.004154268722217580e+01 2.004190821532043643e+01 2.029874099355816597e+01 2.029910194978069882e+01
7.156749085386457931e-01 9.249115575018879154e-01 1.146327587696415851e+00 1.173808228135339915e+00 1.470574018763633362e+00 1.543853583955762998e+00 1.593110901788612255e+00 1.654290535556758091e+00 1.788643371991926578e+00 1.868898473964810458e+00 1.897961023647686263e+00 2.134636557220247699e+00 2.288102599358221578e+00 2.337740481811185767e+00 2.397654199534269726e+00 2.408994533103927971e+00 2.501735645936411068e+00 2.576992044033271423e+00 2.736146992568030178e+00 2.827996641067941574e+00 2.901924368826881206e+00 2.959931013287195878e+00 3.120473901043669063e+00 3.171158498745445531e+00 3.204994080425295433e+00 3.260466459121362792e+00 3.652465399519896128e+00 3.860236283402624924e+00 3.985633493853521614e+00 4.077898682525743723e+00 4.165248180727347815e+00 4.241233070632896229e+00 4.514047960406283977e+00 4.564173157709600304e+00 4.623890857162550105e+00 4.680399823775323043e+00 4.824635790636359722e+00 4.867407206974673883e+00 4.939151062855759555e+00 5.068407944550162192e+00 5.111960324439994707e+00 5.181840436298480235e+00 5.219834643271635599e+00 5.295268166185748804e+00 5.359470689231536689e+00 5.473269885295231951e+00 5.478421264208530594e+00 5.539259084791686050e+00 5.677883096531033402e+00 5.743480403821939362e+00 5.990586362248628838e+00 6.029519132307257223e+00 6.103451903060441275e+00 6.211615848245952698e+00 6.369694703554843684e+00 6.419891717022106370e+00 6.705549509081192738e+00 6.790549918251686634e+00 6.936218075346909373e+00 7.003747582473825339e+00 7.022368050708881704e+00 7.097871384861252686e+00 7.320081256945316639e+00 7.367350940114496538e+00 7.651308879771584692e+00 7.688227060266947355e+00 7.734258109387561753e+00 7.800690505645762052e+00 8.035959806357180213e+00 8.084087190867752071e+00 8.234362879697794568e+00 8.255357050066091773e+00 8.613174679081550877e+00 8.627151264906155248e+00 9.059565257614423217e+00 9.120559806121590896e+00 9.388374946860134074e+00 9.461390908417941503e+00 9.575881158514839342e+00 9.731360753148795339e+00 9.891442109011027384e+00 9.951819389047873443e+00 1.016736945790400348e+01 1.021413728476471050e+01 1.033887882399788793e+01 1.040878863158794587e+01 1.062928725077707881e+01 1.066580783069652760e+01 1.086412855180873827e+01 1.088010876020135420e+01 1.114617427652779469e+01 1.119445577595031871e+01 1.130712468932359371e+01 1.135823392990791803e+01 1.143427385455318479e+01 1.144908658428994208e+01 1.295652637364510973e+01 1.296820383921157749e+01 1.330311775007951702e+01 1.332080981084747151e+01 1.374073350802696325e+01 1.377588234770473719e+01 1.385053088006366195e+01 1.387178564860997199e+01 1.438823049946417676e+01 1.442144534401494838e+01 1.449738569331213256e+01 1.452711651799270065e+01 1.490523188519255271e+01 1.495640846876240104e+01 1.529262073924002507e+01 1.535080446539282661e+01 1.559521268913488079e+01 1.561834073820415369e+01 1.643161948125246852e+01 1.645475365290631942e+01 1.682389936205046155e+01 1.683751061811103256e+01 1.766930291550231757e+01 1.769360925640487636e+01 1.792924732023509904e+01 1.803223615355938492e+01 1.805863731174428111e+01 1.816314268622332051e+01 1.892408762992777227e+01 1.893911267684763899e+01 1.983692055063822224e+01 1.987127463355844625e+01 2.003116913076517491e+01 2.008699933498059309e+01 2.028448611812367020e+01 2.031190849719656910e+01
-1.427053958449091109e+00 -1.118600292554744913e+00 4.401181650591760031e-01 8.870084695412809861e-01 1.040862163617117808e+00 1.265996503435257603e+00 1.397233725285067507e+00 1.520323862261878878e+00 1.679227638276068690e+00 1.811383169495487389e+00 1.870347886490062894e+00 1.982973876483858477e+00 2.216741054226508467e+00 2.282242394315021183e+00 2.364797650774143722e+00 2.412830937740977788e+00 2.520417285125443385e+00 2.607303267834859550e+00 2.691303662877887692e+00 2.828261701937714090e+00 2.967090738007320816e+00 3.036343426633909104e+00 3.092903955014711048e+00 3.195545076844275911e+00 3.222552025750974991e+00 3.377353774604237024e+00 3.611552240668651326e+00 3.868030314420802362e+00 3.957220085842678703e+00 4.101284119550240526e+00 4.164352151464764340e+00 4.262994964161712197e+00 4.445952451924762627e+00 4.495736859241850070e+00 4.591148223305630438e+00 4.651403911012587322e+00 4.819260112782325578e+00 4.901080518917025231e+00 4.946370521763610917e+00 5.051962828320592180e+00 5.132852914247208354e+00 5.217113259532735192e+00 5.264963663274636829e+00 5.305812563295648765e+00 5.387639842670758128e+00 5.459584397156467261e+00 5.512650498377081654e+00 5.623749057959081199e+00 5.732916340343032324e+00 5.846330278048633033e+00 5.993938608971594917e+00 6.063127337288262808e+00 6.107749560063854943e+00 6.296765734218558563e+00 6.374940066583828724e+00 6.437257583564921504e+00 6.641907488896594103e+00 6.820791122494013869e+00 6.873898072903579681e+00 6.972388708177893690e+00 7.040332776186163599e+00 7.136280553502324153e+00 7.297661968355597217e+00 7.426985393219986520e+00 7.615198438398377512e+00 7.662052628328139825e+00 7.757491186396046068e+00 7.868780114996805963e+00 8.016027701842743269e+00 8.103896464883220574e+00 8.223132486855952550e+00 8.271203001576134639e+00 8.606989155136496095e+00 8.682069104797079717e+00 8.989007756672046767e+00 9.115005024000844003e+00 9.333523333530253652e+00 9.345842365779800431e+00 9.547258941788740572e+00 9.719562552452350346e+00 9.902004643868520972e+00 9.994525770469049775e+00 1.015448910277508787e+01 1.024194735568287307e+01 1.036813173288076761e+01 1.045820478521762276e+01 1.060054324478822174e+01 1.068217348481088358e+01 1.090803547889216674e+01 1.094714571332991859e+01 1.115671769360856302e+01 1.124212036103814683e+01 1.128529241665042981e+01 1.140831079570127216e+01 1.168713105490620130e+01 1.175843284510916753e+01 1.290093990323965478e+01 1.293662429934871660e+01 1.325797290504294423e+01 1.330617519797447024e+01 1.360500530028085642e+01 1.369304677333428799e+01 1.385703745977898116e+01 1.388031666843394873e+01 1.439533760635438320e+01 1.445979935665358340e+01 1.449727414301546169e+01 1.454870342441854270e+01 1.485991831964220999e+01 1.492613375252546604e+01 1.526381848468975200e+01 1.536285426441048330e+01 1.557878991305581451e+01 1.566084482468200534e+01 1.645205978454495721e+01 1.650334872297142752e+01 1.680180279863507664e+01 1.682745713954743394e+01 1.755031112060193976e+01 1.764126843560234903e+01 1.785775466243782361e+01 1.795439363910090336e+01 1.814482107185338577e+01 1.824570288678810215e+01 1.888372736416972586e+01 1.892479523832514232e+01 1.980324426347134192e+01 1.986200325910701991e+01 2.005984099318384750e+01 2.012071414781972223e+01 2.026144811348725838e+01 2.034127740198068324e+01
-1.884081698696901341e+00 -1.556199663873566230e+00 -1.147317210719985825e+00 -6.742923272163626747e-01 6.695391357304290025e-01 1.051148729705594809e+00 1.306860833013883338e+00 1.441308467731384990e+00 1.598385630667120250e+00 1.779337224949315566e+00 1.857583364482175980e+00 1.913408612575503875e+00 2.137891392470699259e+00 2.203653261564774812e+00 2.375188939787180598e+00 2.409568954126630302e+00 2.501187902161483123e+00 2.608081102847719102e+00 2.679847813851282012e+00 2.826745867764242970e+00 2.972435194991231100e+00 3.015779432658385328e+00 3.132717894522118574e+00 3.205483270693009867e+00 3.277008977961253677e+00 3.466808425321318499e+00 3.658077564037185425e+00 3.814210673410030505e+00 3.940668845689245803e+00 4.065426427883572558e+00 4.132362684324785818e+00 4.253556912525619182e+00 4.349955103816556701e+00 4.498650842699737140e+00 4.598518585326775820e+00 4.638013081321671116e+00 4.846196031549509620e+00 4.910944529716002371e+00 5.012370765851298593e+00 5.070237835824201511e+00 5.142390356651881156e+00 5.184589234807370772e+00 5.266221592077839908e+00 5.368965513582866222e+00 5.423426734286020512e+00 5.475928555284733434e+00 5.574323837224858025e+00 5.662496500215825179e+00 5.789424754420569919e+00 5.886275024604709749e+00 5.993191932873654260e+00 6.087724929090907011e+00 6.186025328531426837e+00 6.272198657222213036e+00 6.427793098654320580e+00 6.468765737530699056e+00 6.584588655592669149e+00 6.759700476094836041e+00 6.842177060648867659e+00 6.944139494949866709e+00 7.037115140059612806e+00 7.142424748823895442e+00 7.332976264316109827e+00 7.455700969005946810e+00 7.594611165531512498e+00 7.646655556704676115e+00 7.790682035547436435e+00 7.905745032906541070e+00 8.019858438078525609e+00 8.082933208710013417e+00 8.218949195205659919e+00 8.272576584862767035e+00 8.584973125459372412e+00 8.741041640919332778e+00 8.933487507035533071e+00 9.079459606012155959e+00 9.229538839845741194e+00 9.312081489830729808e+00 9.534489121713534132e+00 9.708989628831471208e+00 9.907661274739071544e+00 9.986837326834242745e+00 1.016881207839570855e+01 1.031839174823741168e+01 1.041042947524696771e+01 1.046072213135624551e+01 1.059535698845638585e+01 1.070702096243036472e+01 1.090790134686135993e+01 1.098325905161710736e+01 1.117541943580502384e+01 1.122801310793134277e+01 1.130208437556828827e+01 1.144544790396863476e+01 1.198421440349264522e+01 1.210025071589867807e+01 1.279785835596231358e+01 1.288352483810600546e+01 1.320950972942059032e+01 1.326841442804635918e+01 1.347386709038981678e+01 1.356399833149999523e+01 1.386513570263210937e+01 1.389416684081042419e+01 1.438566788844273958e+01 1.447123405834380527e+01 1.451510903250638762e+01 1.458934007688579371e+01 1.484430654326440013e+01 1.491370721355632689e+01 1.523353362026677971e+01 1.534687252606331143e+01 1.554493194536424383e+01 1.569186947259992593e+01 1.646269983340629395e+01 1.655782415529423801e+01 1.680930999483968336e+01 1.684388652057538494e+01 1.737892090986510496e+01 1.751064152186214784e+01 1.783768566424028279e+01 1.791711155055155658e+01 1.828306402686600407e+01 1.833210798961444610e+01 1.883007765396025235e+01 1.889997846046937724e+01 1.976574969723483122e+01 1.984440805713372313e+01 2.008315547120409050e+01 2.013661776036300921e+01 2.023902524174268791e+01 2.037454675526967662e+01
-1.889729625990258954e+00 -1.405246525844892291e+00 -1.286640547738538309e+00 -8.345412207974308716e-01 7.043005752306467082e-01 1.049226192441425010e+00 1.337248149254572471e+00 1.440074624467483577e+00 1.585865374796036509e+00 1.784537299502519048e+00 1.858847430718505445e+00 1.896735164572328047e+00 2.136466428206601709e+00 2.187300147840542053e+00 2.388073428595848480e+00 2.402512327290794669e+00 2.475891324130507609e+00 2.625319018361400136e+00 2.703888736514314939e+00 2.812894129908858787e+00 2.968013630318217633e+00 3.020710303393811191e+00 3.145751147493101918e+00 3.189874327973031054e+00 3.341629194281087845e+00 3.502737585643610263e+00 3.727555898669454137e+00 3.808221419994182622e+00 3.892314530313067511e+00 4.000386911483804653e+00 4.090508977799962587e+00 4.244442168989876585e+00 4.297365319978248444e+00 4.440854504620744159e+00 4.593316610176864323e+00 4.646539223398240992e+00 4.811285423857363241e+00 4.917017161982458973e+00 5.051766100950110250e+00 5.106220857891907272e+00 5.143923294888587350e+00 5.172857025866019143e+00 5.280574654491840825e+00 5.362574945269214410e+00 5.459081777956428461e+00 5.499210664192104581e+00 5.608260185277367249e+00 5.697600048722861743e+00 5.841396666617494127e+00 5.904812125494574460e+00 5.957618244989178358e+00 6.124781686369394684e+00 6.209109748131312223e+00 6.292803426405263245e+00 6.409977467960625397e+00 6.500714407962722596e+00 6.565221096417421798e+00 6.684990490677270358e+00 6.746873194282913211e+00 6.916433737948166183e+00 7.051283645104199138e+00 7.189794307386554451e+00 7.387010820627918584e+00 7.445652867251783213e+00 7.581761732461043124e+00 7.653614670084185612e+00 7.817389373411119280e+00 7.917430076945426443e+00 8.001964937388310162e+00 8.050446790563722033e+00 8.200698152462948087e+00 8.273751577950378078e+00 8.560126273966941923e+00 8.792493632452632824e+00 8.899405498450571272e+00 9.002088789057486551e+00 9.216951087547448296e+00 9.324875888771263277e+00 9.538140074106289390e+00 9.711817768342832835e+00 9.883420710573794565e+00 9.980968490619808620e+00 1.020263846552448150e+01 1.035606664324967063e+01 1.044886468891057874e+01 1.048018661716201017e+01 1.059469581862356335e+01 1.071974917049432463e+01 1.088705062722282513e+01 1.096248832561974851e+01 1.117967249180689748e+01 1.119701792816853292e+01 1.131220935883150958e+01 1.144707610227660055e+01 1.199397371845592453e+01 1.212069609567341644e+01 1.275814250752358170e+01 1.286112336943326895e+01 1.322630765128380226e+01 1.324362330506128060e+01 1.343781152864845296e+01 1.351895962885766522e+01 1.388049783346428967e+01 1.391541314432272891e+01 1.439473419137478771e+01 1.446902374613554443e+01 1.452465825584914860e+01 1.462997326404771137e+01 1.483546419261152494e+01 1.490635738497587326e+01 1.520659963493653066e+01 1.531139836488296169e+01 1.549902041822863197e+01 1.567673145532956802e+01 1.648444129880714826e+01 1.659575539370583641e+01 1.685173561077549209e+01 1.688451165024218525e+01 1.721902962339344612e+01 1.736475838560148688e+01 1.785143893819845573e+01 1.792378534344606678e+01 1.841927806638939202e+01 1.845973435988398492e+01 1.877969759554589402e+01 1.886764202146990144e+01 1.972848464970908111e+01 1.981797451335202709e+01 2.007720682814692736e+01 2.014983261842080609e+01 2.023047770232561149e+01 2.038014128818655024e+01
-1.430729926112778161e+00 -9.154509523611689126e-01 2.181885479244659309e-01 7.438714326190500881e-01 1.039480525168293923e+00 1.235551445601412057e+00 1.428845203827410426e+00 1.553353165657967994e+00 1.645566630824695675e+00 1.804310522223662394e+00 1.904493358674059555e+00 1.929345944833053661e+00 2.193228997372768330e+00 2.242730504630416011e+00 2.392144536581946923e+00 2.410941761840408759e+00 2.461424777537446928e+00 2.625102962255799088e+00 2.716035033190098424e+00 2.805779398444564254e+00 2.989635437775712390e+00 3.031143522147779379e+00 3.138970971799580401e+00 3.169014952629464421e+00 3.387316130202545850e+00 3.516806564298481597e+00 3.722849613455985196e+00 3.816578868250525503e+00 3.868546029531100494e+00 3.953035712840639704e+00 4.048549096067673325e+00 4.195086356967322239e+00 4.300492610088535450e+00 4.384909061262743712e+00 4.551665154292171778e+00 4.616943635546179259e+00 4.769450978428470656e+00 4.886189015387469858e+00 5.085890111778149425e+00 5.127315843650838367e+00 5.163258856796963947e+00 5.216128654699923040e+00 5.282846017577440101e+00 5.374112640889066483e+00 5.441592953041695324e+00 5.525529095906451360e+00 5.559323648584189037e+00 5.704650083300427887e+00 5.844734232795380180e+00 5.909905888349397785e+00 5.989250936788741875e+00 6.121085124355209572e+00 6.211562606553424182e+00 6.274680224079244972e+00 6.376532404552511579e+00 6.508049248891388139e+00 6.587538694313218812e+00 6.621707932131686292e+00 6.661623996145016768e+00 6.833964820764983017e+00 7.144472189101995774e+00 7.231536154299202934e+00 7.425145460993143764e+00 7.448971933404503254e+00 7.568625897463927110e+00 7.648122262027580831e+00 7.839412601074063680e+00 7.909115195446065449e+00 7.952916321226636498e+00 8.036869642553305937e+00 8.155133432141992600e+00 8.244267746000041086e+00 8.562390515390443824e+00 8.834160987654144037e+00 8.847903312685804877e+00 8.950915183796285035e+00 9.249689961401323046e+00 9.395095921357247803e+00 9.565890573487727977e+00 9.709575124480073427e+00 9.840934839473206353e+00 9.978290316052206066e+00 1.026141927904546947e+01 1.037096908980449506e+01 1.047482496507707239e+01 1.051216694147685615e+01 1.059402604449614316e+01 1.071134365311595715e+01 1.085692256229238772e+01 1.091160123524216807e+01 1.114010733701176292e+01 1.116625230605306918e+01 1.129350738297656775e+01 1.140469250079573982e+01 1.168528006840471356e+01 1.177230610455589321e+01 1.285153271196100810e+01 1.289663989487582718e+01 1.323981520936339784e+01 1.328014862843127197e+01 1.349834499316392211e+01 1.357509729961206801e+01 1.390907621587513709e+01 1.394136880902792264e+01 1.443603410590971947e+01 1.446540277504652039e+01 1.453402040563694619e+01 1.464477729342062062e+01 1.481885624752396602e+01 1.486747387728579994e+01 1.519827492058239926e+01 1.527806212065378233e+01 1.547000734553131451e+01 1.563194172636597656e+01 1.650817177271900960e+01 1.658947034485138516e+01 1.689330161238826378e+01 1.691478093972607510e+01 1.714339331895728336e+01 1.727167488343287971e+01 1.788928058892120987e+01 1.794124783039319837e+01 1.853567928961892264e+01 1.859074834266442267e+01 1.876118323276054412e+01 1.883923915473768318e+01 1.970016718735902117e+01 1.977710437170725299e+01 2.006899217787274381e+01 2.013784029162195566e+01 2.024304772391215579e+01 2.035106967038515435e+01
6.884174663222009105e-01 9.581821427583028239e-01 1.132908183465233032e+00 1.252732462600444130e+00 1.460919883572739497e+00 1.513481530948367570e+00 1.626410225771742324e+00 1.700159509667627633e+00 1.787128886805626093e+00 1.852368680245523924e+00 2.009109071707363636e+00 2.030666841585244686e+00 2.297685115385295962e+00 2.310915129631217368e+00 2.372438921206075246e+00 2.402262892977356401e+00 2.456964853587204622e+00 2.616398666913793747e+00 2.642928655276030270e+00 2.785121192290507697e+00 2.992068752198268289e+00 3.028314104710750687e+00 3.128046497130718695e+00 3.172678461851254905e+00 3.423000932114064199e+00 3.489215512776388639e+00 3.720205451853545231e+00 3.771512591104275725e+00 3.847965978373787621e+00 3.915346512316980832e+00 4.025636640306601954e+00 4.175004208110336457e+00 4.262215919402134290e+00 4.305618867808115979e+00 4.580922411500996105e+00 4.622296591346447769e+00 4.772225896577062976e+00 4.823671964669544288e+00 5.112945215265876087e+00 5.129208318060775262e+00 5.216093455870215223e+00 5.252556200978091283e+00 5.326639583411926004e+00 5.394902886188022606e+00 5.437861837156084732e+00 5.517843829815811674e+00 5.570920452701221492e+00 5.666998256616352592e+00 5.776028331049293030e+00 5.830417198571112181e+00 6.027952212018966804e+00 6.122495582042963846e+00 6.205121463220582001e+00 6.245809552894272088e+00 6.354056726351728912e+00 6.453576047758306622e+00 6.548493619002019095e+00 6.578390425979932843e+00 6.692046794159557166e+00 6.772140851125011629e+00 7.215261403691589415e+00 7.263632967773800075e+00 7.444151262153740234e+00 7.458253376960369607e+00 7.575661329397792798e+00 7.628702669089054034e+00 7.830018356218497289e+00 7.877309110393528435e+00 7.942662205748418636e+00 8.032820028342893437e+00 8.105144642180562187e+00 8.144020691639536125e+00 8.613418417342678879e+00 8.771845643326972919e+00 8.875699792479300854e+00 8.926064321537966251e+00 9.299134279353388877e+00 9.438768715723195868e+00 9.631296013740355377e+00 9.686259368699211336e+00 9.830369912721142356e+00 9.950668431145610171e+00 1.035158598497794280e+01 1.042087722920271275e+01 1.049111980492379459e+01 1.052773401389932317e+01 1.060431637940696348e+01 1.069261450358678367e+01 1.082876815339647614e+01 1.085519283666746304e+01 1.102014769409356454e+01 1.103656401803502085e+01 1.128288216259615773e+01 1.132458547945004668e+01 1.145836260231849479e+01 1.148454792468067964e+01 1.291276058427067142e+01 1.292962328076391998e+01 1.325748497324748776e+01 1.327838997300404245e+01 1.358411192314665428e+01 1.361532939543265819e+01 1.394354550644917090e+01 1.395782615332142207e+01 1.446239070534769944e+01 1.447733180117317353e+01 1.455460606872367535e+01 1.463222100302865947e+01 1.480778617637335870e+01 1.481823503409374077e+01 1.521136410821574003e+01 1.525751734493339740e+01 1.548371540439472760e+01 1.558027062621620651e+01 1.651121775654726420e+01 1.654161931260271245e+01 1.690589013574072652e+01 1.692680104811483943e+01 1.716589806495386838e+01 1.723046328178397957e+01 1.793470884178837466e+01 1.795452283261960957e+01 1.861390922273695026e+01 1.863478969296555121e+01 1.881092199841164003e+01 1.883770577103874544e+01 1.968751574802811177e+01 1.972634966533034628e+01 2.007240632633958199e+01 2.011309705159798966e+01 2.025993736460246808e+01 2.030775414128250134e+01
1.180521039531940986e+00 1.181703306724650293e+00 1.464107092250501729e+00 1.465398366877889602e+00 1.610026880869001031e+00 1.610453207648594010e+00 1.760295795457338386e+00 1.760694840772904168e+00 1.928500915603825749e+00 1.928855736252049313e+00 2.057324295233648570e+00 2.057754978787055489e+00 2.330736820809320875e+00 2.331221597827885184e+00 2.391437535467701103e+00 2.391712930542465809e+00 2.493246527064894913e+00 2.493616753709792189e+00 2.707956686915915512e+00 2.708291143502338016e+00 2.978840859257982476e+00 2.979516352968068826e+00 3.181551598615096843e+00 3.181724430191573028e+00 3.434598049737170200e+00 3.435091603057928822e+00 3.743607028822817373e+00 3.744259525030255276e+00 3.830727543643568822e+00 3.831168916110697431e+00 4.152369631703485275e+00 4.152514585754444099e+00 4.230522209300157321e+00 4.230637694597928267e+00 4.635963396137218417e+00 4.636164255327730466e+00 4.782161681270461706e+00 4.783359219984810728e+00 5.115760020332886349e+00 5.115936750791057364e+00 5.252656781358878924e+00 5.253263844260238180e+00 5.406320891670706175e+00 5.406592346928206005e+00 5.483029983081277869e+00 5.483561684876259612e+00 5.618312747875386926e+00 5.618812312615117044e+00 5.733292337286297169e+00 5.733564600711609671e+00 6.048785138252945615e+00 6.049180939833364690e+00 6.238120075612576088e+00 6.238564959112589570e+00 6.379738927545699489e+00 6.380208561761549824e+00 6.552527305775244670e+00 6.552979064752071814e+00 6.730381980436638045e+00 6.730428323274447955e+00 7.264059865531478088e+00 7.264345649088581602e+00 7.440561693180679725e+00 7.440873576423775226e+00 7.612458704032079915e+00 7.612857777649272073e+00 7.822189837037424986e+00 7.822506360710669959e+00 7.993669596935967014e+00 7.994097664994601615e+00 8.093631935844591396e+00 8.093798128569707373e+00 8.691498968567049843e+00 8.691659462930870106e+00 8.899744794819634208e+00 8.900012880119712477e+00 9.376805136687814013e+00 9.377155981040452559e+00 9.680083395822229875e+00 9.680835725181747620e+00 9.881218901373642893e+00 9.881669071626422607e+00 1.045609168525542465e+01 1.045618740929013768e+01 1.050314722023790281e+01 1.050326156736580785e+01 1.065357121798700213e+01 1.065388755238218543e+01 1.080695678176036090e+01 1.080736443469594121e+01 1.092023437578899347e+01 1.092031279892924900e+01 1.129055287068372060e+01 1.129066695236452667e+01 1.140521727692199505e+01 1.140547319782293556e+01 1.293761249644078681e+01 1.293810692394604978e+01 1.327069745320604000e+01 1.327094751633884151e+01 1.361850326869077854e+01 1.361853907832709609e+01 1.395982680036001966e+01 1.395992928523602572e+01 1.447292425047118769e+01 1.447332757166328321e+01 1.459387898990935462e+01 1.459398106559416952e+01 1.480545889970444051e+01 1.480612047060936831e+01 1.523564948081019743e+01 1.523605818785402022e+01 1.552753796569496458e+01 1.552787173811026733e+01 1.651084374574076818e+01 1.651088071229256826e+01 1.691916015191072731e+01 1.691927785331024126e+01 1.720371411303820608e+01 1.720376518537193533e+01 1.795761766338594256e+01 1.795775850806023044e+01 1.863435401623241106e+01 1.863465464333614818e+01 1.884899681514698244e+01 1.884920361795427723e+01 1.969259453548748340e+01 1.969271529510038121e+01 2.008862321842833154e+01 2.008883575574446212e+01 2.027681667686167799e+01 2.027720045154034167e+01
1.338370421686874590e+00 1.338901091661951703e+00 1.386748707288323335e+00 1.387278420644668664e+00 1.663383153542031145e+00 1.663829813119062306e+00 1.755519514549313875e+00 1.755834146397916351e+00 1.964218380708149914e+00 1.964624053407207915e+00 2.003563716443640175e+00 2.004034761862669711e+00 2.239483897451689298e+00 2.239651388982629499e+00 2.241150424509962491e+00 2.241444977425916196e+00 2.778011022977121769e+00 2.778781306870081735e+00 2.795185052238842616e+00 2.795544553931414544e+00 3.234728206701863673e+00 3.234980694392262990e+00 3.240944061652035746e+00 3.241221617369179686e+00 3.782519994017549791e+00 3.782853925008205387e+00 3.839910779259411377e+00 3.840140561864645363e+00 4.163488595401176440e+00 4.163817398179758378e+00 4.272878699484588871e+00 4.272902351436106194e+00 4.444836429342778672e+00 4.445058221846067248e+00 4.500447572705771115e+00 4.500650008699205173e+00 4.968847362498795661e+00 4.969236786040093889e+00 4.988620215209874864e+00 4.989139940909821824e+00 5.155331706517076285e+00 5.155910452011104539e+00 5.299269168860567092e+00 5.299742838314351445e+00 5.489300783050979682e+00 5.489860875584529509e+00 5.653952144597520935e+00 5.654335519747021976e+00 5.793239308028962142e+00 5.793264065160185439e+00 5.848737253295411165e+00 5.849358539133608481e+00 6.422906906403099470e+00 6.423420410327914887e+00 6.550797828823691660e+00 6.550961870484472982e+00 6.712861105731924738e+00 6.713113004481718882e+00 6.822611968931584947e+00 6.823083237164666137e+00 7.049658376976437602e+00 7.049967697889658602e+00 7.199349540122572222e+00 7.199770564526764893e+00 7.728477305954519316e+00 7.729056598498470265e+00 7.842810111342675583e+00 7.843047995726754706e+00 8.280649293592194482e+00 8.280873985156205208e+00 8.284084728010187249e+00 8.284202148209688588e+00 9.071820332042916490e+00 9.072220666648261655e+00 9.140967182015502956e+00 9.141565349572235988e+00 9.432558429487947649e+00 9.433339684885556409e+00 9.450413078411090240e+00 9.450629265210105601e+00 9.690958389271848716e+00 9.690992632133504259e+00 9.701693084733873818e+00 9.702287369135415673e+00 1.036778507762199020e+01 1.036793456719416717e+01 1.042932148028350348e+01 1.042946142341877014e+01 1.090257188708353553e+01 1.090288017941405307e+01 1.108654338741130196e+01 1.108708672842425713e+01 1.134907250850556082e+01 1.134958222561258978e+01 1.145690911645543331e+01 1.145762596420166624e+01 1.277163258285876601e+01 1.277203792242920777e+01 1.291029457378643386e+01 1.291060536136649972e+01 1.395091331396372780e+01 1.395123445936567208e+01 1.396534899267345864e+01 1.396545873337492516e+01 1.445723161180818828e+01 1.445750253141649289e+01 1.449809645845622796e+01 1.449831009523339809e+01 1.537521676278036331e+01 1.537544998209756564e+01 1.538151043557201270e+01 1.538173108306622083e+01 1.580645097673111721e+01 1.580667912868338831e+01 1.582345071533462288e+01 1.582371830009639524e+01 1.702576692462686125e+01 1.702606795947824025e+01 1.709741922636480638e+01 1.709752082976575238e+01 1.847933237174354204e+01 1.847954853345867221e+01 1.854146147403010403e+01 1.854169839675909870e+01 1.921721714440879580e+01 1.921751170700191125e+01 1.923541192118152665e+01 1.923560312826148078e+01 2.024728192579733488e+01 2.024768368059883628e+01 2.025476316212152383e+01 2.025511474735870365e+01
-5.989080693457633497e-01 8.043278827990081314e-01 1.187812454599442180e+00 1.352203766671503438e+00 1.437931694033308005e+00 1.520930839215042685e+00 1.653253360420012141e+00 1.733502961263413189e+00 1.818220937851398045e+00 1.882344488446777708e+00 1.914632095752184737e+00 2.000349801201554367e+00 2.051782315867675344e+00 2.190367633507067868e+00 2.345194130532193277e+00 2.508239048138912963e+00 2.644250401901385050e+00 2.706805189414373647e+00 2.760962712432227129e+00 2.893888139130090131e+00 3.176376714645110511e+00 3.286289631101986242e+00 3.366908711668581855e+00 3.401304403491996808e+00 3.539987343079300963e+00 3.749614822895724675e+00 3.800365431784093584e+00 3.931094609931682804e+00 4.099474286905636866e+00 4.180869401283184850e+00 4.217036704182985041e+00 4.302087719391130882e+00 4.369498335004473155e+00 4.441037216574557078e+00 4.488860319176567693e+00 4.555346726473795904e+00 4.844866846039231234e+00 4.911831158915680895e+00 4.971688157941571262e+00 5.027122359301625210e+00 5.077467680584816456e+00 5.211332023076811204e+00 5.280369178764107829e+00 5.332808992742580578e+00 5.433327482019036481e+00 5.522661588137246724e+00 5.607454268990857749e+00 5.756611785967082895e+00 5.800992989792042920e+00 5.847207243373706120e+00 5.927883117676960190e+00 6.024725547373751766e+00 6.372359855059223754e+00 6.402029717397796915e+00 6.518492470464221533e+00 6.560313552033856688e+00 6.693913115744310360e+00 6.711952721798604138e+00 6.805291306282802211e+00 6.865322630700968709e+00 7.022360304508818984e+00 7.099092984126744277e+00 7.168140708686725482e+00 7.208883605561817731e+00 7.694500159524765515e+00 7.717447420329119900e+00 7.860002820877307173e+00 7.876725015130156216e+00 8.190745100265326428e+00 8.273047632746298063e+00 8.301480934064283446e+00 8.365946992688552797e+00 9.032617451870095238e+00 9.071438989331005232e+00 9.080025504853503904e+00 9.117291602453876820e+00 9.386855904232744408e+00 9.426794125307235817e+00 9.452682151971240287e+00 9.549602230080280307e+00 9.668901392744240653e+00 9.726261643661134215e+00 9.780487058345849860e+00 9.883812470334325084e+00 1.036161700803335250e+01 1.038405420415945812e+01 1.043959117360189026e+01 1.048117690185344841e+01 1.093011906525942756e+01 1.095940582721329548e+01 1.110582783184959332e+01 1.114601841659746029e+01 1.135212926852513959e+01 1.136356846204533966e+01 1.150924475037968975e+01 1.154229304308520376e+01 1.274741595353117951e+01 1.276091601350668014e+01 1.289677504251621265e+01 1.296676432557105585e+01 1.385357945576335936e+01 1.389433126469857172e+01 1.400230619124717357e+01 1.402002914086281216e+01 1.440816265259658024e+01 1.443352964235947411e+01 1.450261054849328879e+01 1.452526642046463223e+01 1.530920287009203129e+01 1.534842291503334266e+01 1.538900563198250637e+01 1.539676392631626811e+01 1.579323514229658798e+01 1.581260608440253002e+01 1.583318209784289721e+01 1.587081682033390528e+01 1.702632744222331596e+01 1.705800292575100130e+01 1.710089771412474846e+01 1.711669787840914836e+01 1.842247791356545150e+01 1.846672342750103368e+01 1.849104526781948366e+01 1.853315438374629309e+01 1.910620234143570428e+01 1.921740838287795583e+01 1.923587380208009279e+01 1.927627072261570262e+01 2.022325941164234209e+01 2.023803820400041431e+01 2.026816460111746565e+01 2.035447143843231643e+01
-1.898834253875005817e+00 -1.120263468079042202e+00 -9.446197656199022408e-01 5.140089753185769217e-01 1.193589378738860729e+00 1.339282602648721676e+00 1.495285615189747119e+00 1.622958675972170361e+00 1.714709012689757062e+00 1.771697548349770557e+00 1.866889193379655421e+00 1.995326214788896824e+00 2.089715576153665211e+00 2.172157632091654467e+00 2.325705137116839794e+00 2.475103881154334218e+00 2.577055044111124626e+00 2.673100499120494078e+00 2.745161437077892064e+00 2.916717768733230631e+00 3.178807653298160396e+00 3.262882226863509594e+00 3.408793528972978493e+00 3.489250955970155221e+00 3.583541368421654827e+00 3.719457877863923567e+00 3.771359297240793662e+00 3.925569527161022254e+00 3.998576137835399003e+00 4.107982252093940190e+00 4.192655447088625920e+00 4.284726373436662072e+00 4.353201329384969398e+00 4.399942081383405146e+00 4.513387754431042787e+00 4.647293716513767770e+00 4.699144375362953596e+00 4.805437007313036801e+00 4.911594449485230385e+00 4.942790190744427825e+00 5.117824594836407393e+00 5.207760087420291839e+00 5.305487116541264925e+00 5.345637167073322260e+00 5.509115353541902849e+00 5.538478241702243565e+00 5.632609272759562913e+00 5.774275647192262717e+00 5.855619081387579250e+00 5.972807861608586677e+00 6.025741461939304600e+00 6.147075036876354481e+00 6.263572841718066719e+00 6.361935030717143391e+00 6.495962472193352433e+00 6.559127551325514283e+00 6.657564261149519602e+00 6.709173917148793187e+00 6.809165193914823888e+00 6.910874021402284129e+00 7.013415068035151023e+00 7.139270482009230534e+00 7.194339450852806017e+00 7.232212583919873872e+00 7.644454495409162220e+00 7.696159903097706589e+00 7.837952540546034186e+00 7.909270929451565735e+00 8.145358590161478674e+00 8.280355810240868308e+00 8.343933370377747849e+00 8.402387485248475230e+00 8.922966137783886253e+00 9.032615901545247183e+00 9.047992198706214850e+00 9.095315913996373069e+00 9.364055952433707475e+00 9.430367623669820176e+00 9.459183766687287331e+00 9.619068911342941064e+00 9.717897493457371638e+00 9.836152220615787201e+00 9.911495606561915750e+00 1.003298354349834831e+01 1.034523377863434312e+01 1.038900518587237443e+01 1.049792775890454166e+01 1.055923551715308939e+01 1.097137075906556980e+01 1.102225265018340750e+01 1.115213759880731992e+01 1.120622262187785267e+01 1.135679996709859907e+01 1.138493912360778459e+01 1.176322837878330851e+01 1.184814268231811774e+01 1.271974676718929409e+01 1.278111950310762168e+01 1.289005830007106823e+01 1.306238096633787471e+01 1.365308105317580356e+01 1.375451138126830308e+01 1.403711889982918670e+01 1.406299565127400264e+01 1.434635439867986051e+01 1.438647295244037139e+01 1.451818013985633904e+01 1.453873442097564173e+01 1.518996947450362534e+01 1.530858623656957640e+01 1.539228355426863004e+01 1.541366582163057153e+01 1.577299629310858897e+01 1.580910631469090610e+01 1.587916483582881710e+01 1.595597920707458073e+01 1.702270788196912576e+01 1.710526341327338784e+01 1.714255260105479906e+01 1.720090234459901168e+01 1.829140080587291806e+01 1.835404963383011534e+01 1.841784954248394968e+01 1.849963664431611576e+01 1.891968656086810441e+01 1.923312627277552522e+01 1.926225775902864612e+01 1.932367310582200304e+01 2.023095295338360344e+01 2.024092311821358336e+01 2.028535498578274954e+01 2.047092667629908291e+01
-2.251367978333682185e+00 -1.557759038438327304e+00 -1.246310930620371238e+00 -6.919261054163643454e-01 1.016317637655757666e+00 1.214561694299402639e+00 1.424836021578101519e+00 1.619809835373104745e+00 1.686132856649569467e+00 1.727566757482753790e+00 1.842710182964533816e+00 1.983753042884803364e+00 2.102592870603946729e+00 2.150088676353166139e+00 2.294134046874634958e+00 2.419212748442359118e+00 2.537053395565959768e+00 2.664504603380177361e+00 2.751475744565413439e+00 2.956503673300263202e+00 3.105226612107049533e+00 3.324160743012368524e+00 3.422364099817920113e+00 3.496851440871595162e+00 3.640228728886103937e+00 3.722597764241083240e+00 3.797296356286003149e+00 3.915580872855684458e+00 3.933218117148906234e+00 4.098750057133202063e+00 4.150316567817456281e+00 4.245056211934702617e+00 4.304307196555134496e+00 4.410682905933468234e+00 4.546402933071314933e+00 4.631852612753243115e+00 4.655852444318357541e+00 4.788795243061911400e+00 4.819665839434889243e+00 4.930857004066251825e+00 5.107907605090833414e+00 5.168986571963750443e+00 5.337321602358167993e+00 5.444180524061860815e+00 5.503329862997414779e+00 5.581351875005537089e+00 5.744759902492000414e+00 5.766168141111265300e+00 5.871595480097130171e+00 5.965543048822284256e+00 6.056750843350977576e+00 6.145066208327546242e+00 6.228616634895252524e+00 6.374264058793656318e+00 6.410409240725102542e+00 6.578359640437443367e+00 6.618073886180900089e+00 6.688282344300869653e+00 6.813963322355473196e+00 6.930617100776045980e+00 7.073587929951374420e+00 7.175258628521034687e+00 7.193134151408759003e+00 7.349417439687542242e+00 7.579253784741790234e+00 7.662357468021005147e+00 7.780365437284021191e+00 7.888812303952058791e+00 8.165361747496303835e+00 8.308587642349332114e+00 8.394711393976674429e+00 8.439030144276269851e+00 8.848740911379115559e+00 8.982030182507960703e+00 9.022915489449397697e+00 9.074699203301758388e+00 9.347874463452489735e+00 9.425973913585316666e+00 9.469322220379089217e+00 9.671726516780335459e+00 9.763859555895111342e+00 9.907186206335003575e+00 9.984594833804457892e+00 1.007927833106682236e+01 1.032650125942305586e+01 1.036784226169888612e+01 1.049743459611479679e+01 1.058843037247821073e+01 1.100244181489928685e+01 1.105665929138851311e+01 1.116780067491600192e+01 1.121882001668377171e+01 1.135890304235664416e+01 1.139403079724806034e+01 1.196990941231877947e+01 1.206502486114391992e+01 1.273823270592998824e+01 1.280603386892182627e+01 1.290343046190947973e+01 1.315573455126664904e+01 1.349427571942394266e+01 1.361520831880903337e+01 1.406836568633393902e+01 1.409059051156789621e+01 1.431779389773324063e+01 1.437780081621525596e+01 1.451804395347535426e+01 1.453790741798013464e+01 1.512397733067916050e+01 1.530000770273569266e+01 1.538740019322007235e+01 1.543308537674904457e+01 1.575536097242694034e+01 1.580969678721890759e+01 1.590528555382904941e+01 1.599579862803494024e+01 1.705135606630596001e+01 1.716406475581433710e+01 1.719890136938677117e+01 1.732270567130643357e+01 1.814804213726664628e+01 1.821581490263999115e+01 1.830039495614420275e+01 1.837394012535679622e+01 1.891067814243979228e+01 1.927075883442707394e+01 1.929593629636216789e+01 1.936428466916724389e+01 2.023260797041383796e+01 2.025915356449190696e+01 2.029601627099677330e+01 2.052395893702371765e+01
-1.867060123258977411e+00 -1.122595545880139989e+00 -9.000040789027862198e-01 5.366536278362117329e-01 1.207950614432364844e+00 1.352485172345658793e+00 1.469795341192136950e+00 1.689223871096334983e+00 1.764974792606438525e+00 1.798319542672049742e+00 1.871087337708058795e+00 2.052212454552050591e+00 2.114383345420400850e+00 2.165713185356348713e+00 2.297642434885139195e+00 2.445064653745840033e+00 2.563816343493699357e+00 2.653188966292447049e+00 2.736967840122110918e+00 2.962086955260445187e+00 3.104361447942687313e+00 3.325155181429935602e+00 3.478567731315252765e+00 3.589943841474874553e+00 3.674433455381092894e+00 3.728339414331069968e+00 3.824585968202385278e+00 3.883758012679455085e+00 3.951185099616345564e+00 4.027931763221482164e+00 4.123970977373705438e+00 4.180090792769581398e+00 4.275517602888517565e+00 4.423105600608360000e+00 4.556028645040833602e+00 4.606373987794115443e+00 4.659823555137371898e+00 4.741714989301056171e+00 4.818551592768057112e+00 4.917685266852299009e+00 5.107742356883050228e+00 5.148626873182516661e+00 5.396593332138378329e+00 5.483163462735189952e+00 5.553621559207838843e+00 5.623725568791254403e+00 5.715124916898602692e+00 5.800125264228950250e+00 5.847727017441081365e+00 5.908724616862227386e+00 6.027358277466344560e+00 6.130534024609850086e+00 6.231395044727577215e+00 6.354847913448796071e+00 6.407133419278385311e+00 6.532036594615633796e+00 6.632034564371277696e+00 6.682423600904565220e+00 6.774188697159155836e+00 6.896438133018206074e+00 7.110002032814032980e+00 7.215780242311721437e+00 7.261023799911389354e+00 7.421520457555261352e+00 7.525241755091522933e+00 7.640856584347137215e+00 7.730374826833902091e+00 7.844945251144736176e+00 8.245843813426747104e+00 8.359609126364375697e+00 8.429119530057079146e+00 8.465543157772403404e+00 8.838422330525602888e+00 8.925305615872671794e+00 8.988713475520883733e+00 9.030816788377652671e+00 9.353458249082363452e+00 9.403794250567878876e+00 9.456742159423290772e+00 9.669583995333125515e+00 9.804795993675629262e+00 9.930381412063306712e+00 1.000485298456774252e+01 1.008053748527750493e+01 1.027568646584112066e+01 1.029973071083000669e+01 1.040704637841614399e+01 1.052469642988787513e+01 1.102983549462470059e+01 1.107696807842817499e+01 1.116413930143101219e+01 1.121668021173932672e+01 1.136248957436122353e+01 1.139558843650070763e+01 1.177168166030160101e+01 1.186439855421537182e+01 1.272820210588025880e+01 1.280157059986034973e+01 1.291264763984164432e+01 1.303452073543825485e+01 1.369881235253943252e+01 1.380638514677237971e+01 1.409733050463416681e+01 1.411017632857238269e+01 1.433858673167946129e+01 1.440065597613302728e+01 1.450137412283290494e+01 1.451883031346604902e+01 1.518070874820624283e+01 1.532260759492541347e+01 1.539211428645790569e+01 1.543847400370183109e+01 1.575091210226962701e+01 1.580472175673328650e+01 1.588484667473107237e+01 1.594345583286787971e+01 1.713735989268199944e+01 1.722711745652426885e+01 1.725497783113284456e+01 1.737486061415218686e+01 1.805370125344834520e+01 1.810784958840793379e+01 1.817796571635583547e+01 1.824954054203134746e+01 1.907327261532961771e+01 1.931890844473045732e+01 1.933667054632193327e+01 1.939085931937621510e+01 2.024227682911020665e+01 2.026152191844542472e+01 2.029507795123614855e+01 2.048496313548465508e+01
-2.077723881987115495e-01 9.396182028517773288e-01 1.133864607449915907e+00 1.363024547087485328e+00 1.430477230942857503e+00 1.551300446792560184e+00 1.655623425117155545e+00 1.760698367060799185e+00 1.811720700184594302e+00 1.967101015768334404e+00 1.996290533699348613e+00 2.129304386581981401e+00 2.152620412684279394e+00 2.200897079937727430e+00 2.321765388524978491e+00 2.448380013772901265e+00 2.573074839671921854e+00 2.611349599495612850e+00 2.713425003404188907e+00 2.829789900017577242e+00 3.372681280851460794e+00 3.443354328790729113e+00 3.498710411507147899e+00 3.639384439073693134e+00 3.716580627209364884e+00 3.767964709007111335e+00 3.793140839337577397e+00 3.837698711128566753e+00 3.939562092056524190e+00 3.982093381398248866e+00 4.053125963011470212e+00 4.105076883973512558e+00 4.354636884622815174e+00 4.433247822574310604e+00 4.476558440708985565e+00 4.538352584006609902e+00 4.669133163971720180e+00 4.741859978463803138e+00 4.811760415158555126e+00 4.865752676339667460e+00 5.263000306686803853e+00 5.317615889674398133e+00 5.442014488054138788e+00 5.478588434433043552e+00 5.574716434199370241e+00 5.616404831698084799e+00 5.660228577078651568e+00 5.701274236410921681e+00 5.799990716210071007e+00 5.878066851820396899e+00 5.915148684309019522e+00 6.011519148094183862e+00 6.327445929510256306e+00 6.385438201888250731e+00 6.435569495686567443e+00 6.514749610928291190e+00 6.653143284053056661e+00 6.675700473505943755e+00 6.736938213775592210e+00 6.783317462775907636e+00 7.205705827547717490e+00 7.255194593896901800e+00 7.326321074498991948e+00 7.397920991045995542e+00 7.565489389080644500e+00 7.633892476014579209e+00 7.686594818391696116e+00 7.769476928105984115e+00 8.339711567896573641e+00 8.410504982440283328e+00 8.429637902568378749e+00 8.460968333538907871e+00 8.866101305516121300e+00 8.904692257402171407e+00 8.936945627552995930e+00 8.973735779567959980e+00 9.360920697571527782e+00 9.386814168177693318e+00 9.430633789681712287e+00 9.518404929530165148e+00 9.878934800147089135e+00 9.961801622609076645e+00 9.999867984154175105e+00 1.005294109433237359e+01 1.020947065518054231e+01 1.022858457251773956e+01 1.027639141068694961e+01 1.033030461198373473e+01 1.105782588658274435e+01 1.109692773796305332e+01 1.114033258020720218e+01 1.118954794276267606e+01 1.137077492306122117e+01 1.139192059192805928e+01 1.147455189473653014e+01 1.151824332324488864e+01 1.278287586342895032e+01 1.282585040090980932e+01 1.289492097857932507e+01 1.294104448483910375e+01 1.392203504144351989e+01 1.397611943262934808e+01 1.409015159930923922e+01 1.411770384925321409e+01 1.440568757515312370e+01 1.443718954221067818e+01 1.448027570958439370e+01 1.449084375367342226e+01 1.531270087918472100e+01 1.537158627985700576e+01 1.540512495115684999e+01 1.543234429642599537e+01 1.576157589343745791e+01 1.579317019313149650e+01 1.583235158301152978e+01 1.584729050801479211e+01 1.723775854341960923e+01 1.727403699434847439e+01 1.728829115324976229e+01 1.733714407483363473e+01 1.804064164263881054e+01 1.807475950324824154e+01 1.810796910742599763e+01 1.815028714427448264e+01 1.928014904768006943e+01 1.936540539420919771e+01 1.937462158826716063e+01 1.940125518802105731e+01 2.024861189163536324e+01 2.026197687090232691e+01 2.028771176931198283e+01 2.037621286438806933e+01
1.406042914749944472e+00 1.406268684513642286e+00 1.406905581599282140e+00 1.407050881989361235e+00 1.740809963802681271e+00 1.741212126724832832e+00 1.741758850791959912e+00 1.741794684653781511e+00 2.093475252855335977e+00 2.093930433384566303e+00 2.094029569184025608e+00 2.094228313595573709e+00 2.225769154534394723e+00 2.226067646602260197e+00 2.226202410135554199e+00 2.226400500411575667e+00 2.671799820451827845e+00 2.672249976763569013e+00 2.672328259779250814e+00 2.672399573206180268e+00 3.530336657341316631e+00 3.530773139160576335e+00 3.531057707817238711e+00 3.531216960073800593e+00 3.806006788948163244e+00 3.806285231065959174e+00 3.806435299373823522e+00 3.806789339951297535e+00 3.988190767552734606e+00 3.988300126454681571e+00 3.988601572483524649e+00 3.988804012285773748e+00 4.436866619666406386e+00 4.437293562653818135e+00 4.437626377436712843e+00 4.438044384642856777e+00 4.781718659624340617e+00 4.781908372900778303e+00 4.782146559138514164e+00 4.782890143750249123e+00 5.439445136107028844e+00 5.439829617957522956e+00 5.440621521087467549e+00 5.440740951122394975e+00 5.601567870579676089e+00 5.601829521022160918e+00 5.602015828020566524e+00 5.602456754999132649e+00 5.840884757398892013e+00 5.841405646338449387e+00 5.841845374919852674e+00 5.842195889193794400e+00 6.430599652039618697e+00 6.430659550622694454e+00 6.430979357303820976e+00 6.431214821974416296e+00 6.705582607485491842e+00 6.705743690995707773e+00 6.706136708425381343e+00 6.706370333265804007e+00 7.325723032770249610e+00 7.326051981895522758e+00 7.326175725555642337e+00 7.326370184349453751e+00 7.646426419964571508e+00 7.646610925737924447e+00 7.646767069732393729e+00 7.646906252849464458e+00 8.421629576277066320e+00 8.421705479167828301e+00 8.421723371215488640e+00 8.422305266569276583e+00 8.909349975864737203e+00 8.909681161806068062e+00 8.909749143101924673e+00 8.910030464520525939e+00 9.393042409872608189e+00 9.393427174715093031e+00 9.393494254247505282e+00 9.394224710300733250e+00 9.980843725237901864e+00 9.981145129704161789e+00 9.981256662251221101e+00 9.981526663750013739e+00 1.019700199520324446e+01 1.019750437423883405e+01 1.019770604404480174e+01 1.019778960235851883e+01 1.111337383210531726e+01 1.111399393812958714e+01 1.111413224245216469e+01 1.111431403433190113e+01 1.138355849461099822e+01 1.138376413351892147e+01 1.138390384255334098e+01 1.138437577398202727e+01 1.286379267978142060e+01 1.286392273272209685e+01 1.286407890706864166e+01 1.286434018041673255e+01 1.405174848690640665e+01 1.405213479788248243e+01 1.405242201166173288e+01 1.405265085746430564e+01 1.446222111700990354e+01 1.446289024029394987e+01 1.446300880808907685e+01 1.446338254170951387e+01 1.540661849061275745e+01 1.540690531893763193e+01 1.540707233816423560e+01 1.540710863041338818e+01 1.578866598045074987e+01 1.578880654196753675e+01 1.578892714421050414e+01 1.578915496574100175e+01 1.729479422384394027e+01 1.729485214934004844e+01 1.729499503624457901e+01 1.729516154809645556e+01 1.807921066672714971e+01 1.807958841317562815e+01 1.807970417654948392e+01 1.807982265960543700e+01 1.939066413196056970e+01 1.939080460025691721e+01 1.939083265141333001e+01 1.939114191846994473e+01 2.027555634214924396e+01 2.027619530617763033e+01 2.027624157949699679e+01 2.027636474487167817e+01
