1.723135414726169601e-01 2.349817095634668673e-01 2.528645279369056698e-01 2.794568339848896299e-01 3.248484600726281313e-01 3.533081242786225151e-01 3.898699939080210175e-01 4.450308539076728298e-01 4.829489290323616402e-01 4.963402257290367992e-01 5.004426716648852080e-01 5.183725879984385498e-01 5.423416796322214628e-01 5.921360343076964572e-01 6.098931545866668191e-01 6.298291515345469938e-01 6.344177520913152346e-01 6.691974247219841798e-01 6.773732626193550432e-01 7.007524607274375761e-01 7.258411729007485658e-01 7.513118902141479039e-01 7.630526257355391140e-01 7.800789399780607702e-01 7.943602404704442899e-01 8.266959033059222417e-01 8.343936200240330558e-01 8.604969269773843354e-01 8.634473540959340943e-01 8.895348667352287464e-01 8.970312710777862408e-01 9.174686615031508730e-01 9.235673891978359862e-01 9.444451971073626328e-01 9.558460201804502843e-01 9.789017683295883065e-01 9.828705759965027378e-01 9.884906663993606735e-01 1.019438969860977373e+00 1.021223950914374790e+00 1.046177440212199938e+00 1.058041541951692643e+00 1.076043526013716223e+00 1.096000183720289511e+00 1.099594270951684161e+00 1.128421858751412765e+00 1.153025987553598197e+00 1.166829232552438533e+00 1.190806638734207112e+00 1.198040334148231745e+00 1.220040379923630569e+00 1.235469591894078345e+00 1.257434482943244891e+00 1.274790076236830938e+00 1.283952223226760836e+00 1.295871513996115887e+00 1.311582153531488659e+00 1.332682415211062565e+00 1.350923688478011586e+00 1.373520087209842089e+00 1.385948200290660681e+00 1.419356400323954714e+00 1.431978128715329035e+00 1.436708991020772208e+00 1.463384267786768556e+00 1.480148870259986538e+00 1.486621419250008680e+00 1.503978628938597017e+00 1.540948192033872788e+00 1.551799469374978591e+00 1.574913107485942154e+00 1.587125433448786316e+00 1.624895200163860132e+00 1.644016760739658745e+00 1.675807344354265815e+00 1.690880374022265320e+00 1.703310533048753461e+00 1.720899228994500652e+00 1.755332591810742970e+00 1.772021094311436062e+00 1.792177013212535863e+00 1.824939077797967490e+00 1.863934181915791966e+00 1.901959159420883116e+00 1.942752994587692461e+00 1.991806727655130116e+00 1.998792256518967525e+00 2.019569226303918441e+00 2.041272839373441172e+00 2.053555515727379266e+00 2.071346164087176422e+00 2.083640549249958784e+00 2.104065789826043975e+00 2.144328112273578224e+00 2.174958425910340054e+00 2.232944851910684037e+00 2.273936502042550600e+00 2.306911133319508256e+00 2.313294240904329779e+00 2.321480884743997386e+00 2.365569978940256224e+00 2.405815604143530351e+00 2.446187279276494042e+00 2.479570803087865372e+00 2.548805266505010270e+00 2.623660432610869453e+00 2.724859425746993580e+00 2.740131979883251301e+00 2.781865247699848442e+00 2.829256761871727477e+00 2.912034883099933413e+00 2.946313538596344372e+00 3.016445478779507194e+00 3.034462489657586470e+00 3.066197533622328830e+00 3.143901643407488677e+00 3.193158493716652391e+00 3.321692547414901497e+00 3.376246820104458202e+00 3.442982536173747388e+00
1.685999309374763278e-01 2.215351154602651362e-01 2.586494359503171969e-01 2.863856836085532653e-01 3.263943838514476448e-01 3.519864179020227302e-01 3.912360926730651944e-01 4.407878258046007414e-01 4.792185684991337458e-01 4.895071651539282809e-01 5.047727131479899931e-01 5.201566044296425106e-01 5.432524731230442550e-01 5.929587309276632690e-01 6.081247585447645543e-01 6.306353572585589040e-01 6.348094076752099912e-01 6.688878373456842441e-01 6.809792119385136289e-01 6.999012498702946727e-01 7.262275274907213918e-01 7.506607552356706625e-01 7.631079225275426703e-01 7.797324058612810083e-01 7.950755841873250462e-01 8.268103592437364702e-01 8.343139800884790125e-01 8.579069758750910157e-01 8.645651689545491569e-01 8.893486079240506825e-01 8.977054139754931938e-01 9.167296624562845109e-01 9.234540644514414032e-01 9.462915807971032933e-01 9.548822636003696518e-01 9.763851315515750251e-01 9.828169482314994543e-01 9.912296390971380156e-01 1.017628391565123191e+00 1.023990228469748631e+00 1.044851211074023789e+00 1.059691703171586230e+00 1.076745439426099793e+00 1.093315228770431080e+00 1.104029283464209144e+00 1.127058118799909581e+00 1.153925403832773311e+00 1.167585486251585314e+00 1.190112449505372982e+00 1.197620410605751529e+00 1.219094821050573429e+00 1.235349985117309091e+00 1.257558328601033670e+00 1.274482551811009445e+00 1.283597252071948747e+00 1.296546474140988892e+00 1.311696481192035524e+00 1.332745331255200449e+00 1.350926977623433167e+00 1.372994744760549057e+00 1.387263388948639653e+00 1.418221802977870816e+00 1.430695728515969156e+00 1.438928689950030870e+00 1.463313589842764051e+00 1.480216652163487634e+00 1.486440770757466057e+00 1.504343335673791637e+00 1.540467481039443420e+00 1.551923688128272971e+00 1.573631991050805867e+00 1.587253392947926445e+00 1.623855688407357167e+00 1.644322921320390707e+00 1.675662791780877070e+00 1.690983158229262040e+00 1.702685230772364999e+00 1.721028415682213764e+00 1.753658954647841384e+00 1.772985392364929025e+00 1.791150750540880132e+00 1.825030771805811858e+00 1.865008691341926594e+00 1.902203939977820557e+00 1.942444548511793379e+00 1.991785292169372168e+00 1.998585779914953342e+00 2.018650768843631926e+00 2.041311074085874200e+00 2.053555823244202383e+00 2.069940156538051301e+00 2.085061907464625719e+00 2.104580356110668404e+00 2.144411447963098905e+00 2.175304188503340619e+00 2.233014916936899130e+00 2.273953004049112270e+00 2.306034169994275462e+00 2.312396793537130346e+00 2.323571261026908807e+00 2.365937038555546490e+00 2.405565109242365995e+00 2.446166237486964157e+00 2.479569967473818082e+00 2.547403754053177316e+00 2.622624503108969218e+00 2.724444538822930806e+00 2.740456843504175399e+00 2.779262755936211082e+00 2.830698780739419274e+00 2.911748324787330144e+00 2.946855016762755408e+00 3.013303315937911897e+00 3.036526275133327513e+00 3.064468941543115665e+00 3.144713907347288728e+00 3.192087404623595859e+00 3.323907612438407266e+00 3.377171784624860784e+00 3.443144442016188744e+00
1.583332829980249878e-01 1.982198004744465947e-01 2.650445510234935020e-01 2.990592539598818100e-01 3.309662043351060956e-01 3.480705851707002196e-01 3.942115825310709698e-01 4.273297784757272288e-01 4.687143844487225985e-01 4.825716922824457855e-01 5.129885446412328909e-01 5.219732671015893111e-01 5.455136149056277750e-01 5.944980199030853729e-01 6.048162803152785649e-01 6.315585970549935091e-01 6.361775236609802375e-01 6.694239267296054896e-01 6.870315786791564294e-01 6.983339331030447017e-01 7.272594143426909241e-01 7.483451902822731983e-01 7.643278003469677895e-01 7.791371428233718754e-01 7.968586809450552977e-01 8.261698901966036956e-01 8.344319320150838104e-01 8.525669731281253494e-01 8.666467322991814326e-01 8.893364650648256653e-01 8.981052333766463835e-01 9.156859895854670972e-01 9.229893912731920169e-01 9.496646176970523490e-01 9.530943745555486846e-01 9.730599033840361400e-01 9.818510213727954516e-01 9.961799987670642009e-01 1.015419739543761191e+00 1.028414638301668571e+00 1.043043471163808578e+00 1.062632323423370773e+00 1.077997987430971971e+00 1.093382393246277839e+00 1.109665106075631513e+00 1.124146596474423054e+00 1.155794213681031746e+00 1.169601105456448575e+00 1.187588064370508567e+00 1.197147889903601659e+00 1.216919939769515180e+00 1.234789476727866875e+00 1.257537409248604465e+00 1.273588966470597716e+00 1.282936904210679296e+00 1.298129843206158762e+00 1.312364619401794164e+00 1.333045802097911015e+00 1.350687352256029428e+00 1.371768210539575428e+00 1.390379862148974022e+00 1.415737819191860369e+00 1.429445414181077956e+00 1.442265700209246493e+00 1.462892544455384636e+00 1.480334047203220482e+00 1.486451017379680328e+00 1.505201358894455277e+00 1.538928675261224788e+00 1.552298923724333202e+00 1.570870764021942811e+00 1.586239978212317991e+00 1.621967649709233683e+00 1.644887597652226363e+00 1.674902211976453836e+00 1.691250395983621591e+00 1.701745382601109746e+00 1.721228110769336572e+00 1.749674590549646913e+00 1.774680313137216636e+00 1.788198099897857940e+00 1.824454243339583170e+00 1.868787962528551505e+00 1.902882362035883013e+00 1.941524507572411240e+00 1.991427727679291770e+00 1.998142036004279198e+00 2.015830433128122490e+00 2.041614098726043380e+00 2.053517974514392996e+00 2.067637394250018357e+00 2.087102374362196144e+00 2.106560936799169781e+00 2.144655016233048439e+00 2.176281330189898000e+00 2.233246762245597150e+00 2.273903929449533123e+00 2.304021964839030545e+00 2.310972646419350518e+00 2.327689004873149337e+00 2.366925588079810794e+00 2.405243496686263693e+00 2.445819430241717107e+00 2.479074499069815474e+00 2.543882243891267603e+00 2.619972299581282638e+00 2.723286508700213826e+00 2.741451671973178073e+00 2.772739673757634637e+00 2.833852072625038243e+00 2.910935205128238223e+00 2.948291102246815676e+00 3.006156089334463655e+00 3.040200339495694237e+00 3.060300417912785509e+00 3.146645925246086328e+00 3.189441214786756795e+00 3.329839454079758898e+00 3.379771831858867426e+00 3.443596236132003163e+00
1.431436075701066901e-01 1.722598925156067218e-01 2.696729473100739627e-01 3.081842754568284715e-01 3.304193963886747354e-01 3.465020073603030104e-01 3.937221254134603554e-01 4.125534712848339391e-01 4.593766875516849812e-01 4.807546347669938713e-01 5.172378862952632383e-01 5.259059978941830193e-01 5.490993530870696970e-01 5.941631067879257211e-01 6.036416164770218584e-01 6.319438697930993554e-01 6.380226029009564703e-01 6.708218262588996339e-01 6.886857855166066411e-01 6.988252806734688294e-01 7.287334457264259546e-01 7.448061439170550191e-01 7.666757728275168660e-01 7.794714911747726571e-01 7.991720916176529022e-01 8.237110071048447946e-01 8.345495568294336586e-01 8.475050988064611879e-01 8.690511355015109185e-01 8.893388106095020396e-01 8.965501588087654294e-01 9.149436893312474783e-01 9.232997916733095556e-01 9.468376478767912552e-01 9.565444002030094595e-01 9.699111385654696216e-01 9.821398775656404734e-01 1.000124393999886729e+00 1.013354242482819689e+00 1.032244590097864068e+00 1.043685707023711329e+00 1.064994032785389733e+00 1.079039078015029851e+00 1.097977923381819210e+00 1.113414619465778577e+00 1.122357146535293282e+00 1.157363648877654638e+00 1.172236267748770322e+00 1.183064307863537667e+00 1.197784880218019765e+00 1.214585763596230716e+00 1.233638772610308187e+00 1.256574097309438587e+00 1.272569517719806198e+00 1.282540730681181795e+00 1.299930096882710773e+00 1.313828671755095767e+00 1.333879840704091935e+00 1.349591566549280808e+00 1.370569458755830583e+00 1.393375049369934615e+00 1.413814448373021060e+00 1.428936743502585260e+00 1.444761949642498600e+00 1.461693666441160611e+00 1.480418237353088751e+00 1.487586995484689423e+00 1.506096157107072342e+00 1.536185416885829991e+00 1.552795406552330837e+00 1.568021154875894885e+00 1.582963667704310629e+00 1.620929002833017885e+00 1.645235813641307665e+00 1.673190709436170209e+00 1.691652958516882910e+00 1.701924905305368885e+00 1.721249691814434879e+00 1.744476000412989336e+00 1.775732094493162494e+00 1.783808194105309441e+00 1.822039414315294259e+00 1.875386049477618444e+00 1.904142284433308907e+00 1.940006846153839781e+00 1.990076271364052962e+00 1.997800461519660953e+00 2.011356803465309095e+00 2.042508985526525045e+00 2.053273024871721475e+00 2.066327019465209247e+00 2.087706016073022308e+00 2.110342334668121378e+00 2.145054419934849133e+00 2.177728036803384004e+00 2.233680864724572057e+00 2.273577888315444273e+00 2.301902506635628232e+00 2.309384915290292994e+00 2.331788010952660528e+00 2.368166848332221353e+00 2.405860237514795053e+00 2.444219250561551871e+00 2.477158600180008552e+00 2.540237945550587018e+00 2.616730251722911404e+00 2.721689644706952294e+00 2.743035444743967766e+00 2.764406605184155374e+00 2.836885174931479181e+00 2.909736614179953662e+00 2.950091829250977682e+00 2.997384174569709181e+00 3.042284725786319477e+00 3.056252752752242507e+00 3.148768090417504606e+00 3.186496812257181066e+00 3.337814828467426498e+00 3.383594456478093537e+00 3.444243183918230589e+00
1.243057946382190720e-01 1.449961850126965379e-01 2.686521625051294659e-01 3.001210362071873861e-01 3.213311988343979797e-01 3.541797657022857093e-01 3.888369051307498658e-01 4.123272841426084412e-01 4.539810693599439229e-01 4.811349783363675359e-01 5.160361627528414763e-01 5.325267537964365472e-01 5.541499070714548392e-01 5.907291728562930055e-01 6.060525554349364130e-01 6.324371521574269073e-01 6.395681079558847015e-01 6.719483040842372246e-01 6.866772248294983338e-01 7.004403277767002889e-01 7.301973516794466601e-01 7.415436699249077224e-01 7.668309403777677780e-01 7.822165846938911038e-01 8.015829538505797602e-01 8.203691851429464332e-01 8.333859864439192577e-01 8.451280936349800932e-01 8.711273219992343719e-01 8.877422787945878913e-01 8.940927356746815047e-01 9.139486328527856029e-01 9.247809090128549236e-01 9.431951262245851231e-01 9.590510591472830582e-01 9.679448257560179236e-01 9.837330186958622713e-01 1.001634236014122603e+00 1.012719474957600285e+00 1.034744362375368487e+00 1.047085714610505036e+00 1.066467606968470427e+00 1.080659143196595062e+00 1.103158877765842316e+00 1.115220295077162360e+00 1.123803987837339813e+00 1.157932780331087708e+00 1.174557822208772695e+00 1.178126083746902086e+00 1.199345561076557320e+00 1.212847844866802749e+00 1.232036659989886207e+00 1.254411555145308110e+00 1.272235515682353491e+00 1.282427581430086283e+00 1.301800840182506080e+00 1.315407724078359264e+00 1.335549940784219958e+00 1.347157024327415131e+00 1.370084748147991638e+00 1.394394809987506756e+00 1.413689484168511257e+00 1.428903080791817271e+00 1.446248403947244521e+00 1.459465735558676647e+00 1.480566091923921190e+00 1.490046191940640918e+00 1.506634399982131667e+00 1.532367375738231452e+00 1.552963505435328129e+00 1.565618236939538832e+00 1.579287338728656120e+00 1.620430036101848659e+00 1.645218228546338590e+00 1.671124752268150715e+00 1.692136882744574189e+00 1.703418380021675338e+00 1.721003115125258720e+00 1.738525258528001327e+00 1.774709538981404267e+00 1.779802769017092334e+00 1.817927987673151558e+00 1.882503831468707256e+00 1.907110262882449225e+00 1.937954140101335376e+00 1.987473932464214998e+00 1.997213151868738823e+00 2.006412599722268375e+00 2.044098213522017815e+00 2.052736413344165012e+00 2.066371555574879615e+00 2.087055613940630661e+00 2.115078010811327403e+00 2.145635882329715471e+00 2.179431912555639617e+00 2.234323632788138614e+00 2.272853317752282276e+00 2.300008995465201433e+00 2.307429591039903638e+00 2.335061829346026574e+00 2.369154708856905156e+00 2.408164799711170811e+00 2.439857503039711606e+00 2.474169883194023978e+00 2.538701828469585031e+00 2.613837400329949379e+00 2.720089385783262870e+00 2.744850278438100588e+00 2.755704125577925101e+00 2.838822447222405732e+00 2.908356811238627770e+00 2.951489622585055095e+00 2.988560579095965064e+00 3.040312490433594306e+00 3.055158023256188127e+00 3.150525455517955375e+00 3.184399273819732201e+00 3.346071388286587123e+00 3.388060802828186002e+00 3.444952227258905708e+00
1.026631479875994152e-01 1.169120440773593061e-01 2.402547991941086647e-01 2.863011199584616917e-01 3.222481621159978271e-01 3.620095795613768597e-01 3.931065590952209088e-01 4.159628704360464613e-01 4.508197922292161430e-01 4.828320905396980556e-01 5.137920303250878007e-01 5.386136995260729643e-01 5.597620022537229678e-01 5.864463862070656841e-01 6.090195476936081098e-01 6.335979931101204388e-01 6.403798591145443142e-01 6.721419023813691718e-01 6.844857566031042895e-01 7.022855971772642425e-01 7.308588501828002792e-01 7.399198092532138782e-01 7.633134241356569483e-01 7.858707115737705307e-01 8.033451093403203291e-01 8.176512375194588955e-01 8.324379978127319779e-01 8.445836682367714454e-01 8.719548025203790464e-01 8.839731712643614792e-01 8.922562786865536610e-01 9.128262951726346941e-01 9.257457607016666978e-01 9.416677770297130490e-01 9.586280120224186518e-01 9.680368242749527452e-01 9.846674927832165247e-01 1.001874368436067586e+00 1.014413398698890134e+00 1.037145328675127320e+00 1.051070897863393583e+00 1.067426156721990260e+00 1.082578331338377886e+00 1.104378981527499359e+00 1.117921576833686759e+00 1.127731328134356836e+00 1.157655371619110252e+00 1.171966188786396801e+00 1.178851391030790507e+00 1.200097140530499429e+00 1.212684203798999993e+00 1.230055594581844769e+00 1.251959319849769603e+00 1.272731435988750048e+00 1.282375718595022196e+00 1.303909473654830453e+00 1.316248851196918812e+00 1.337346095409960967e+00 1.344309762124512808e+00 1.370361159196807455e+00 1.393409928731751402e+00 1.414609778450163668e+00 1.428922239354254664e+00 1.447579168596083710e+00 1.456270411705951284e+00 1.480755446761546690e+00 1.493167927950594276e+00 1.506606683171395344e+00 1.528235297691609151e+00 1.552094310845855141e+00 1.563925156625367130e+00 1.577923235501542676e+00 1.619116208914172850e+00 1.644991491864143285e+00 1.669678506239633320e+00 1.692387734801652943e+00 1.705538800700632462e+00 1.720340424146453939e+00 1.732615984599106707e+00 1.769695005067546623e+00 1.778943999183205671e+00 1.813037938302903607e+00 1.886630137993192013e+00 1.913615610808764744e+00 1.935646636565544698e+00 1.983896586384693794e+00 1.994777532620205518e+00 2.003266959024328830e+00 2.046121929135694018e+00 2.052334532141545154e+00 2.067186085036273102e+00 2.085931466830756253e+00 2.119570094402990712e+00 2.146458569213736567e+00 2.181189893538706848e+00 2.235102584914371082e+00 2.271879846145256732e+00 2.297939561111606910e+00 2.305232189693569467e+00 2.337438567050542204e+00 2.369667446789077037e+00 2.411323306099515840e+00 2.432580914361307745e+00 2.472067507524711605e+00 2.539832534195128222e+00 2.611794358546040140e+00 2.718836171237188015e+00 2.744726990481666018e+00 2.749194403152050992e+00 2.839461336597377983e+00 2.906991816211130342e+00 2.951670132212934838e+00 2.981266879538833514e+00 3.035482228943566785e+00 3.056186357304407686e+00 3.151876087047388086e+00 3.183586556298416248e+00 3.353331709747894074e+00 3.392588561929751556e+00 3.445589687641489540e+00
7.885042173230442930e-02 8.823703391180734434e-02 1.874848868077052533e-01 2.846904387032282990e-01 3.223495089932083002e-01 3.704562085471064248e-01 4.018092036928908595e-01 4.179908706743181712e-01 4.490764461575562083e-01 4.848574187478155162e-01 5.120555947078552217e-01 5.445978374167107505e-01 5.648546896251693816e-01 5.826437244364778278e-01 6.094825582222368476e-01 6.341387180109898658e-01 6.421102931595977781e-01 6.719943135650194854e-01 6.829385093025390763e-01 7.053756653628691087e-01 7.306021984080454112e-01 7.401894367476646863e-01 7.574372873547330354e-01 7.880045921784342156e-01 8.029846652056931156e-01 8.170829690742493767e-01 8.334813495098307712e-01 8.441254524705099627e-01 8.697509962664905503e-01 8.809024665905108575e-01 8.911698169028461347e-01 9.109339150981211608e-01 9.264813508712863577e-01 9.420831740355845030e-01 9.568226489634193976e-01 9.689746535018365359e-01 9.829485553086108052e-01 1.004109219677716380e+00 1.017646683008384567e+00 1.038934070574036861e+00 1.055053583059033739e+00 1.068423300939390419e+00 1.083885291971309117e+00 1.102982215116554254e+00 1.118445927864664569e+00 1.133354171447951142e+00 1.157761564333418702e+00 1.169267446375195973e+00 1.181437976259567035e+00 1.198805121016590869e+00 1.214375743840631960e+00 1.227465695837118176e+00 1.250544930631575458e+00 1.273657517262132943e+00 1.282351385330754656e+00 1.306203529774540018e+00 1.316279753846489209e+00 1.335305182674862534e+00 1.345374070971188329e+00 1.370682797586300739e+00 1.391688086175408401e+00 1.415158742700691974e+00 1.428572636586620703e+00 1.449658366993107350e+00 1.452576918542350715e+00 1.480767752699221340e+00 1.495557763385681360e+00 1.506298504329283361e+00 1.525118591663698453e+00 1.549961763115275559e+00 1.563654725947279722e+00 1.579160218456928666e+00 1.616436512659785052e+00 1.644817697861037820e+00 1.669177244478448285e+00 1.691898965236172003e+00 1.707559643535696559e+00 1.718748089328166806e+00 1.728424386713337535e+00 1.763670218630133624e+00 1.779043355631974910e+00 1.808295448948873174e+00 1.887324397936546383e+00 1.922347209543393776e+00 1.934200664947888892e+00 1.979394178343430788e+00 1.990657988719446436e+00 2.002471957293026072e+00 2.047691944830204225e+00 2.053116825377708565e+00 2.067878186599258150e+00 2.084870204035088381e+00 2.123007818781537104e+00 2.147536625142566269e+00 2.182837457893390454e+00 2.235861119053562884e+00 2.271085184176826921e+00 2.294928058899194045e+00 2.303352088328661118e+00 2.339240761340894093e+00 2.369884807117724534e+00 2.410867131515166406e+00 2.427686904625450559e+00 2.471580939103970920e+00 2.542576443910821382e+00 2.610704819065614135e+00 2.718101972346081752e+00 2.738039212658545551e+00 2.749740521483864164e+00 2.839067426488121715e+00 2.905782811491399276e+00 2.950275260013903722e+00 2.976585036834099363e+00 3.030181896177911227e+00 3.057456972342913915e+00 3.152968856573825196e+00 3.183809400627835462e+00 3.358952531269905339e+00 3.396657246919919437e+00 3.446063819941926454e+00
5.343367301358824262e-02 5.910511289199520124e-02 1.275343394167708921e-01 2.842643394100571319e-01 3.219138505325750410e-01 3.795488951595310523e-01 4.087119192515366040e-01 4.185991503411193859e-01 4.480455525719585497e-01 4.861541074738409685e-01 5.114070421351227802e-01 5.508400377641413659e-01 5.691671677612906155e-01 5.800969567266871518e-01 6.059845005469967072e-01 6.319401356989696739e-01 6.473789503306304205e-01 6.701194114842752292e-01 6.842819187246111934e-01 7.088137297522542069e-01 7.304480522348503202e-01 7.409761847718893124e-01 7.511635765655219066e-01 7.885888025846508054e-01 8.000413302752256151e-01 8.190022027719386921e-01 8.357276292987954047e-01 8.434251201709365153e-01 8.649656142995748587e-01 8.792153087217311480e-01 8.916737142111245129e-01 9.079182635760985054e-01 9.282413208451347764e-01 9.427554346420111697e-01 9.545420812009758338e-01 9.701528418864914238e-01 9.797303462055269030e-01 1.007327746918689426e+00 1.022241770633526059e+00 1.039501611134745263e+00 1.057895230701547895e+00 1.070642504123418881e+00 1.084294857808872692e+00 1.100521322459377060e+00 1.116526260891857358e+00 1.137729530215190410e+00 1.159727864708709477e+00 1.168645791806257161e+00 1.182968786439492215e+00 1.197029078477247710e+00 1.216316322462375643e+00 1.224193370623946286e+00 1.250719589083756800e+00 1.274587570083708821e+00 1.282556098751231000e+00 1.308283299896051632e+00 1.315942995398711401e+00 1.330843851053991056e+00 1.349303180182177986e+00 1.370156643175609368e+00 1.390231780328283762e+00 1.414988346747254822e+00 1.427969390947751327e+00 1.448761453472744876e+00 1.452855787275614263e+00 1.480276373446719251e+00 1.495907034069178465e+00 1.506514951346357156e+00 1.523844567261671168e+00 1.547569301843747525e+00 1.564568613864121494e+00 1.581581528525942471e+00 1.613050435749910250e+00 1.644759188838637254e+00 1.669317960927499733e+00 1.690391881392154350e+00 1.708906056881742019e+00 1.716612387156263742e+00 1.726828106182273892e+00 1.758338707197161899e+00 1.779143510949418250e+00 1.804462264950613681e+00 1.886521902022260111e+00 1.926745918294880511e+00 1.938369566975242098e+00 1.973556350192237296e+00 1.987226119081568987e+00 2.002431452325623251e+00 2.048106977964195607e+00 2.055668863272804625e+00 2.067723781368019598e+00 2.084167497425668092e+00 2.125131800740649890e+00 2.148701978701110349e+00 2.184225641216026581e+00 2.236424339302141018e+00 2.270952991306789404e+00 2.290907072270222944e+00 2.302157118693616056e+00 2.340723818766617281e+00 2.370040039044034152e+00 2.404421227043589404e+00 2.429266766044530179e+00 2.471979805558000010e+00 2.545584184205537337e+00 2.610394820263745697e+00 2.717915226212798796e+00 2.731477621574016190e+00 2.751008635993783535e+00 2.838163726365455553e+00 2.904827613950308418e+00 2.948030458149313748e+00 2.974288515715191483e+00 3.025603586662609423e+00 3.058465814827086682e+00 3.153846046340459619e+00 3.184520513088653804e+00 3.362794506046637100e+00 3.399848649100446263e+00 3.446350834005261987e+00
2.695355601729118589e-02 2.963111625006203953e-02 6.445242491607187929e-02 2.838590806449428072e-01 3.216449031428828542e-01 3.877555997323461900e-01 4.088770616980870742e-01 4.214919669067557773e-01 4.470554805011188182e-01 4.864927479203337568e-01 5.115308271569349863e-01 5.560994173601996327e-01 5.730656027513861828e-01 5.792113232808508982e-01 5.998451652479751539e-01 6.297246291207831970e-01 6.536572764561257021e-01 6.658377108481862150e-01 6.882674902092964508e-01 7.107752788866983362e-01 7.308942457134839366e-01 7.408367429193344345e-01 7.469558733528677275e-01 7.886378194716715528e-01 7.965737826779013542e-01 8.214414992436069873e-01 8.376806766964965956e-01 8.428248979835666344e-01 8.606960384821235044e-01 8.778494794367104337e-01 8.934899749484259690e-01 9.047646460315678096e-01 9.303325172428014156e-01 9.429713166698764359e-01 9.524764955928115562e-01 9.713265027458877210e-01 9.769109293446943676e-01 1.009486744229131538e+00 1.027130724751121660e+00 1.039482197871875346e+00 1.057802917435490597e+00 1.075056752815559236e+00 1.083839539063989665e+00 1.097626610641133427e+00 1.114096057789784711e+00 1.139941699501089589e+00 1.162770859676198976e+00 1.169169398074830557e+00 1.182667348223215731e+00 1.196534709959998555e+00 1.217550467788627300e+00 1.220988352217471373e+00 1.251704362370014589e+00 1.275185942925837201e+00 1.283091529540523412e+00 1.309611434689283538e+00 1.315646066478611376e+00 1.327196403515544576e+00 1.353193254243765908e+00 1.368622057257106173e+00 1.389456339258952067e+00 1.414529625675722935e+00 1.427475078030939315e+00 1.446320634441972119e+00 1.455586618623287753e+00 1.479216339996026308e+00 1.495154530552764038e+00 1.507050268784124958e+00 1.523821231204435245e+00 1.545938795272751243e+00 1.565688804824470592e+00 1.583753325482008201e+00 1.610218049599212220e+00 1.644741217574581693e+00 1.669649369726280641e+00 1.688509742751842513e+00 1.709269833364373214e+00 1.715668474046684544e+00 1.726438906116521066e+00 1.754669683860503593e+00 1.779129372776535600e+00 1.802043700093522105e+00 1.885595200900574753e+00 1.926415868315324742e+00 1.947569912682477700e+00 1.966324162257455876e+00 1.985297145883112568e+00 2.002502899952144144e+00 2.048069951220674145e+00 2.058808221137366168e+00 2.066523546852331528e+00 2.083866213104506038e+00 2.126159566962205982e+00 2.149610784641678762e+00 2.185180633674129069e+00 2.236717334668565371e+00 2.271572634072348329e+00 2.287055249206824570e+00 2.301521816976218826e+00 2.341816657295111792e+00 2.370202833422496269e+00 2.398513329879135014e+00 2.431886483467138316e+00 2.472507061209008317e+00 2.547812958188998333e+00 2.610493414213769459e+00 2.718188544035247123e+00 2.726768163399268197e+00 2.751837172328209569e+00 2.837328389708873466e+00 2.904209384100529867e+00 2.946174784515308787e+00 2.973376028624117762e+00 3.022516596363233887e+00 3.059109525944775143e+00 3.154430254579304371e+00 3.185190975885988873e+00 3.364982949161384962e+00 3.401872151788448040e+00 3.446486049454756007e+00
-1.418580587553115117e-04 -1.132756865115539869e-04 5.354742947570126436e-08 2.836753121123065657e-01 3.215799197376791319e-01 3.917521411239890394e-01 4.070628254324271666e-01 4.233947553980196288e-01 4.465207740616234378e-01 4.864753477214980859e-01 5.116867174697760090e-01 5.581177952952836030e-01 5.751322679767898460e-01 5.795629736984146962e-01 5.960256387355401531e-01 6.289193316338413942e-01 6.581629998958427041e-01 6.618963919647795624e-01 6.905181682263594745e-01 7.110786495390294393e-01 7.312554092049708965e-01 7.402838782010369156e-01 7.458296840153505469e-01 7.886887352336725554e-01 7.949954002582196866e-01 8.225052177806699838e-01 8.384187595464173137e-01 8.426206049440410073e-01 8.590084717340774612e-01 8.772708667341809763e-01 8.946824028405503393e-01 9.031903711054956041e-01 9.313005739198719768e-01 9.429410060347737099e-01 9.516102395752645826e-01 9.719608985472750762e-01 9.756815819709968585e-01 1.010187541345020312e+00 1.029376972310053651e+00 1.039493634103155539e+00 1.057023591325759293e+00 1.078230613512153546e+00 1.082889440500723000e+00 1.096067174380004561e+00 1.113056795449183456e+00 1.140589179538165299e+00 1.164258620331950267e+00 1.169590528678443153e+00 1.182012692432081291e+00 1.196724656825296274e+00 1.218162109132540083e+00 1.219355995446018914e+00 1.252221767805427266e+00 1.275367177453297529e+00 1.283436048406777941e+00 1.310009349029281012e+00 1.315546272882640144e+00 1.325813731375465432e+00 1.355026541214537694e+00 1.367569348117078087e+00 1.389245718222311687e+00 1.414308332633929188e+00 1.427288802494223408e+00 1.445447449700990816e+00 1.456792426531701823e+00 1.478557023660601821e+00 1.494794115811640678e+00 1.507270967270275763e+00 1.523957207305610906e+00 1.545397357910415659e+00 1.566178564447678445e+00 1.584615199689417109e+00 1.609109078704936246e+00 1.644733474368443860e+00 1.669810335684518421e+00 1.687638983256637415e+00 1.709222787716858205e+00 1.715612357930341725e+00 1.726340020771904848e+00 1.753365041902338106e+00 1.779097724810651204e+00 1.801230818115220789e+00 1.885218098065520431e+00 1.926063244135443719e+00 1.954923521350174997e+00 1.959846692218401021e+00 1.984699032779964956e+00 2.002536335336058126e+00 2.048029533307393013e+00 2.060627216639555392e+00 2.065405322617637651e+00 2.083801551266994068e+00 2.126448770965780888e+00 2.149952194470444944e+00 2.185525574718346853e+00 2.236797210330395913e+00 2.272085720977081280e+00 2.285331591815754404e+00 2.301319429923730731e+00 2.342234308073698479e+00 2.370284249058800530e+00 2.396304985976246194e+00 2.432931491732355234e+00 2.472729002374950635e+00 2.548626997691092022e+00 2.610588621220037542e+00 2.718476262276044331e+00 2.724930643033159239e+00 2.752117034450949795e+00 2.836996793989459587e+00 2.903994592758852189e+00 2.945483074778166177e+00 2.973142036958449363e+00 3.021427673699107253e+00 3.059332309764529079e+00 3.154635760633216712e+00 3.185457467275372601e+00 3.365688106374384425e+00 3.402563985110465872e+00 3.446522906498722616e+00
-3.892752764799359971e-02 3.032554467063145950e-02 6.445746842062476112e-02 2.847161050912270230e-01 3.219800906353610936e-01 3.915527864175942230e-01 4.079262580539215199e-01 4.239500888818757973e-01 4.477766334536625870e-01 4.865239793817204839e-01 5.114667459662253224e-01 5.569758309451204870e-01 5.726539546726456820e-01 5.805958094997081265e-01 5.978051854075329130e-01 6.277614302120330114e-01 6.582916974212009720e-01 6.620268024557833808e-01 6.901676665354692375e-01 7.108461188199020064e-01 7.314319034649725548e-01 7.388509536748950612e-01 7.470082623186120596e-01 7.891164840547286730e-01 7.943592389247210450e-01 8.216057550002193732e-01 8.381708250156771900e-01 8.442007293969351345e-01 8.587315621530137166e-01 8.751833251307769013e-01 8.961874780612816282e-01 9.026438170428549013e-01 9.315434926953705119e-01 9.437080248936849936e-01 9.529541372626350038e-01 9.723900403693317429e-01 9.761973643773902420e-01 1.009549993298590076e+00 1.025638790360072772e+00 1.040853673470740981e+00 1.059475451199432205e+00 1.077880725092913439e+00 1.083205497586893884e+00 1.096595176437403119e+00 1.112207483271495656e+00 1.143798286561077404e+00 1.160391853469509904e+00 1.174438380871889009e+00 1.181446199327116142e+00 1.198268586927345947e+00 1.216926150258149653e+00 1.220730792860487135e+00 1.251940493491613182e+00 1.276079233765385235e+00 1.284091391129140725e+00 1.309866677631128296e+00 1.317345238568999655e+00 1.326147774491791997e+00 1.355167543230314076e+00 1.367141475665098360e+00 1.392394635330301833e+00 1.414234194997046501e+00 1.426644130272468169e+00 1.443912355993052898e+00 1.460794951616822157e+00 1.478215669726230974e+00 1.494537557018008611e+00 1.507400936762052224e+00 1.525155676062002641e+00 1.547387917668130664e+00 1.567261191952584509e+00 1.586963400068343022e+00 1.609402130166645239e+00 1.644805250599837843e+00 1.669829185729586385e+00 1.687229800144985470e+00 1.708770716848168947e+00 1.718358094978452932e+00 1.726805700869124438e+00 1.753952857901485807e+00 1.778517655608813364e+00 1.801743719628817075e+00 1.884937573459470217e+00 1.925671524965784753e+00 1.950886463385335556e+00 1.962602075419445535e+00 1.984586824308014030e+00 2.003306221763659689e+00 2.047699137370077693e+00 2.059371501730344445e+00 2.066974492320281076e+00 2.084139719514603417e+00 2.127613736777540066e+00 2.151338728972075121e+00 2.185953287112561760e+00 2.237134410217001435e+00 2.270897556697479391e+00 2.284959527060971496e+00 2.301153023521319341e+00 2.343813699308090470e+00 2.370503473564747665e+00 2.396347990498981062e+00 2.431985078512497456e+00 2.473510439479953860e+00 2.548871112687731255e+00 2.610595356416664181e+00 2.717775434229206422e+00 2.726103997424526248e+00 2.753627262009202603e+00 2.836137371342116076e+00 2.904286935971204464e+00 2.944978891256062159e+00 2.972753580302858190e+00 3.021559825309660496e+00 3.059160516909627869e+00 3.155233138363211065e+00 3.184237174761387568e+00 3.365178954824155966e+00 3.402025164632695997e+00 3.446109320238241125e+00
-2.576485809427632792e-02 5.984683795249687299e-02 1.081697140347367692e-01 2.875845795619701994e-01 3.237002519950304413e-01 3.911713016715452906e-01 4.110055779745744320e-01 4.252784648553391555e-01 4.513104766643777910e-01 4.868455656187529734e-01 5.108764798888851821e-01 5.542301841394718931e-01 5.683540402725211216e-01 5.813465287803490922e-01 6.020505070027241112e-01 6.249502673705159550e-01 6.578072414118253386e-01 6.629359831413957904e-01 6.895219446378126893e-01 7.100237956209067836e-01 7.304031597905144002e-01 7.374024460628173516e-01 7.492774782119905330e-01 7.890908852928381068e-01 7.934739436493583042e-01 8.194590170390637640e-01 8.380582842780598396e-01 8.477073120383024074e-01 8.574531328652019724e-01 8.712657651445565588e-01 8.978452108691729050e-01 9.026350824130308093e-01 9.316070680398113035e-01 9.461146989257097628e-01 9.557359590060666710e-01 9.731921474632335700e-01 9.784844095159829225e-01 1.007496309608338469e+00 1.020187912395823293e+00 1.040927565995405146e+00 1.064776202494035484e+00 1.076902404147410452e+00 1.083709804655252018e+00 1.099145621106321524e+00 1.112172388763961850e+00 1.148460837129434475e+00 1.158619133101480125e+00 1.174652984935762090e+00 1.186548726472622661e+00 1.200868918240822536e+00 1.213767701060404214e+00 1.224669356471094650e+00 1.251318187808899030e+00 1.278106358558221745e+00 1.286042669172817954e+00 1.309905293216222955e+00 1.320035531029961628e+00 1.329418438761903243e+00 1.355403774182407872e+00 1.368107630513737183e+00 1.397273671030575981e+00 1.414413267153141973e+00 1.424902203175584026e+00 1.444638096132680127e+00 1.467633069288602155e+00 1.477878875224501343e+00 1.494007972181101263e+00 1.508743654048231075e+00 1.527931336702907705e+00 1.551595373065190575e+00 1.569372361633522894e+00 1.595087700422537447e+00 1.611859303580698288e+00 1.644968463480940501e+00 1.670069943737380269e+00 1.686561194970598532e+00 1.708804027357552879e+00 1.723162724153318948e+00 1.729458486399397366e+00 1.755649126052480469e+00 1.777221077988549558e+00 1.803279208694952063e+00 1.884132982482695562e+00 1.924481602298953486e+00 1.944249437834759897e+00 1.965583616462010186e+00 1.984347357124566891e+00 2.004960131427083958e+00 2.047028819551395262e+00 2.058136827665466573e+00 2.069197294001293486e+00 2.085558018013806691e+00 2.130824414722612303e+00 2.155392974771739745e+00 2.187144827141215053e+00 2.238084258241466618e+00 2.267421592540418640e+00 2.284529396757045472e+00 2.300558961982142492e+00 2.348246196014995402e+00 2.371204573242863045e+00 2.396532577394923980e+00 2.429426043928677004e+00 2.475659852032737085e+00 2.549486324028543471e+00 2.610681870848758024e+00 2.716700545724667570e+00 2.728404706389239376e+00 2.757850781715134314e+00 2.833757915199927258e+00 2.905132065316222256e+00 2.943502344840496665e+00 2.971550477109179855e+00 3.021788400039572497e+00 3.058865740217344698e+00 3.156730118504364579e+00 3.180899082875864980e+00 3.363712977442035346e+00 3.400476002559754907e+00 3.444910690554248589e+00
4.891179028137297713e-02 8.922176604894432872e-02 1.537892934161236291e-01 2.920128533617615263e-01 3.278306667797630802e-01 3.907287675686548778e-01 4.174396608440332224e-01 4.271431716607427820e-01 4.561674203676465700e-01 4.879715522336517397e-01 5.101740446331268775e-01 5.514950391308157673e-01 5.637537404902256410e-01 5.814017951632850512e-01 6.070842254591581888e-01 6.215233074276488301e-01 6.561460967992466253e-01 6.647693540550276836e-01 6.894790169213976805e-01 7.083231407280191627e-01 7.268962218420702559e-01 7.382334929699666537e-01 7.516752584140710125e-01 7.863940646558034153e-01 7.939746112493202279e-01 8.172640361523786368e-01 8.381758552686914276e-01 8.497754672443965651e-01 8.556186326620335292e-01 8.691584524542146362e-01 8.963267006410560178e-01 9.053581433495111463e-01 9.308683487545673652e-01 9.495103431558914453e-01 9.578059894288212250e-01 9.739364705613634543e-01 9.829672205390467266e-01 1.005026883948996641e+00 1.015998459666444198e+00 1.039438771762596581e+00 1.067800278221854748e+00 1.077984588877945349e+00 1.083433145259658614e+00 1.104775464232696125e+00 1.114481684036682685e+00 1.147269920168649593e+00 1.163234669554226830e+00 1.172921482105971025e+00 1.193440880041251484e+00 1.201867843323998430e+00 1.210474331560381644e+00 1.229800227666502321e+00 1.250989519647484283e+00 1.281506396439571871e+00 1.288918027193049820e+00 1.309557628289606868e+00 1.320878073589263346e+00 1.337786974210061874e+00 1.356905684623217700e+00 1.371768473690526902e+00 1.398200343419613967e+00 1.415172963125258754e+00 1.422804787550110639e+00 1.450346733488066642e+00 1.472446964405319525e+00 1.478799255663904466e+00 1.494734274136216845e+00 1.512312376370914535e+00 1.531524167398779390e+00 1.555587791561320987e+00 1.570739861511176505e+00 1.603500190221436306e+00 1.624307803341135115e+00 1.645915997443429646e+00 1.670792857051498936e+00 1.686236734436329820e+00 1.709858743383624757e+00 1.725162749100743298e+00 1.737640633447373961e+00 1.758030346413507639e+00 1.776536990784506553e+00 1.805935951016346630e+00 1.882882550978053571e+00 1.922450683133921645e+00 1.936944724099255888e+00 1.967437993396842666e+00 1.984113333173901816e+00 2.006080391535820517e+00 2.045942726943558831e+00 2.058539536713267726e+00 2.071957765923502670e+00 2.088123891179053171e+00 2.135796689872825116e+00 2.161606442054526678e+00 2.188898781682489858e+00 2.239447647006240771e+00 2.262381315670167758e+00 2.284688008835490614e+00 2.300032366207856338e+00 2.354702053403465278e+00 2.372522119737245916e+00 2.397003547868000073e+00 2.425948525768486075e+00 2.478790478993244673e+00 2.550159681707220294e+00 2.611003790963773330e+00 2.715990589221118245e+00 2.730693930876883169e+00 2.763806418914698249e+00 2.830403119403916978e+00 2.906490243381111949e+00 2.941164848544607135e+00 2.969433992065930727e+00 3.021594423489726733e+00 3.059100878711027427e+00 3.157721103513170036e+00 3.176942403581816787e+00 3.361459189502726375e+00 3.398106252571629682e+00 3.443046082727788448e+00
8.417289934449577460e-02 1.198681634758705372e-01 2.015718111007559765e-01 2.987927707845166592e-01 3.349105523523298045e-01 3.899837853889241979e-01 4.271704295571304155e-01 4.307966138679617529e-01 4.608323365438140029e-01 4.905462989394474560e-01 5.102245113809691368e-01 5.501989067967875124e-01 5.593749098557881938e-01 5.810265855938615553e-01 6.116922117330245712e-01 6.180548351503289961e-01 6.544766993251373011e-01 6.666063967839476190e-01 6.906587709450892065e-01 7.057648702071979141e-01 7.233833840265204707e-01 7.393010346008475064e-01 7.538935268792682498e-01 7.816275244969748126e-01 7.948332580943832104e-01 8.158176477269989402e-01 8.369352082551390071e-01 8.473006057445411354e-01 8.561713598344525833e-01 8.697859532608723798e-01 8.940814785858506308e-01 9.084442053452316257e-01 9.294727520594902037e-01 9.524475168802409852e-01 9.584621124635931411e-01 9.745369347044040564e-01 9.877016943317297182e-01 1.004835803839263297e+00 1.012725109107875054e+00 1.037950887093703534e+00 1.067019196901080047e+00 1.080380273330302066e+00 1.085079585066088370e+00 1.111685192870240479e+00 1.117571460756993762e+00 1.144329942139772793e+00 1.166923421613058176e+00 1.174881208603937077e+00 1.194243645793808595e+00 1.204037333411182686e+00 1.209304631421140197e+00 1.233836251196586131e+00 1.251467799501420730e+00 1.285898489023142410e+00 1.292363027210922777e+00 1.308374967893146446e+00 1.321294602679529806e+00 1.345444775012590855e+00 1.362922986574412132e+00 1.377435331297916399e+00 1.397335978276031065e+00 1.414398172065949089e+00 1.421692312571246619e+00 1.457824412273754255e+00 1.473625612346421088e+00 1.480798400408958715e+00 1.498097391492525743e+00 1.517762084142383117e+00 1.536292698674638579e+00 1.559048330664953852e+00 1.571897063258995919e+00 1.607493173641006745e+00 1.638830660118007598e+00 1.657041249215671863e+00 1.671920712894259919e+00 1.686249436331725970e+00 1.711658457882852646e+00 1.725611799501961086e+00 1.750613924640801455e+00 1.760082513218789613e+00 1.778490828344578389e+00 1.810111763182199462e+00 1.881234160953231260e+00 1.919475269637227921e+00 1.929719643771534265e+00 1.968401174245572482e+00 1.983838945278072918e+00 2.005775408414812944e+00 2.044120984763750037e+00 2.059241969000506600e+00 2.078195284494290807e+00 2.090945569033566098e+00 2.142827189253533771e+00 2.168995438412137933e+00 2.191113577630830811e+00 2.240869367070550400e+00 2.257059340726020213e+00 2.285064386528286473e+00 2.301320284845808750e+00 2.361864521963364716e+00 2.374790549643106985e+00 2.397957075800963178e+00 2.422537304461347407e+00 2.482589458005335814e+00 2.550488915690106939e+00 2.611739462791062394e+00 2.715578367927859560e+00 2.732623432540369546e+00 2.769935363107761006e+00 2.826861022036585958e+00 2.908391322792005518e+00 2.938156640668863062e+00 2.966272149842496209e+00 3.020280548717169999e+00 3.060746840903636024e+00 3.154661450342132412e+00 3.176098912770402904e+00 3.358653832949536788e+00 3.395194245534555400e+00 3.440691740723255787e+00
1.120917194748776435e-01 1.519528232117507704e-01 2.475788998085839132e-01 3.111920268561934044e-01 3.438348969045580406e-01 3.893541887131894974e-01 4.329837759784784246e-01 4.424197614309418047e-01 4.654200469802463047e-01 4.944652175296861407e-01 5.128126344867786068e-01 5.506480871748458128e-01 5.562334431912158150e-01 5.803613119946153809e-01 6.107131297649198709e-01 6.191166859307508652e-01 6.542465279510576437e-01 6.675452102619696682e-01 6.925136154661244436e-01 7.034851228504475085e-01 7.215022800786191626e-01 7.389425610737255790e-01 7.559591030112812193e-01 7.757574883783382447e-01 7.953606083242366065e-01 8.142454196254751420e-01 8.331515460806323548e-01 8.464204170112257231e-01 8.556278464526245742e-01 8.709843117945321733e-01 8.923124978144759689e-01 9.113263222658785079e-01 9.279388278903690779e-01 9.535650705377948233e-01 9.585144015421097619e-01 9.744133687872432725e-01 9.906407738425889731e-01 1.005628139962320144e+00 1.012836930741642494e+00 1.038221019574128601e+00 1.065596212854313718e+00 1.079916412639447154e+00 1.090328981495130689e+00 1.117136268835102308e+00 1.119997965335205015e+00 1.142775560858152462e+00 1.168054068456549910e+00 1.179488737214048344e+00 1.188847598690990326e+00 1.206588403543438659e+00 1.212395309781144404e+00 1.236668284885386715e+00 1.252259951488913892e+00 1.289847583129998698e+00 1.296181718777580150e+00 1.307259502701193510e+00 1.321656140113315114e+00 1.348748777703736579e+00 1.370816647021568579e+00 1.382971279933733921e+00 1.401505689224344708e+00 1.412676107543661796e+00 1.422013279447616796e+00 1.463022295976505349e+00 1.473081396415752087e+00 1.483100310568039371e+00 1.502678494141194143e+00 1.523580490190031611e+00 1.542066904280269046e+00 1.563400233034859754e+00 1.573665524175785757e+00 1.611309667562337511e+00 1.640779784893872995e+00 1.672983997830143954e+00 1.680951719046711812e+00 1.686810971339243848e+00 1.713705954989801494e+00 1.726069857115371420e+00 1.760349719065410490e+00 1.768911934487539028e+00 1.784476450723772700e+00 1.816940307872802807e+00 1.879152710319075936e+00 1.915331462662686945e+00 1.923628105127983101e+00 1.968791272906122325e+00 1.983291282280408296e+00 2.004273329016032168e+00 2.041808450109304118e+00 2.059552100425838361e+00 2.086804226820114572e+00 2.093807969898500154e+00 2.152255145547764315e+00 2.176483537755578013e+00 2.194029587089020072e+00 2.241862151430051409e+00 2.252886496440659414e+00 2.285466375780268677e+00 2.306413499863589678e+00 2.367617839099388721e+00 2.378701948363987295e+00 2.399667961606870570e+00 2.420643890417694344e+00 2.486853163951579404e+00 2.550148590418104710e+00 2.613089007907068773e+00 2.715171932504693242e+00 2.734101046642767763e+00 2.774471050465869393e+00 2.824036951264245587e+00 2.910812005431373528e+00 2.934789982806764286e+00 2.961937195162796410e+00 3.017577983060179214e+00 3.064325732768347965e+00 3.146458741051792352e+00 3.179773501207856068e+00 3.355550208147403346e+00 3.392058585871269294e+00 3.438054362538502495e+00
1.351741418081951751e-01 1.836725277769448716e-01 2.812869267401571505e-01 3.365291303622092722e-01 3.510245788836740544e-01 3.921167311571998604e-01 4.385241289640193774e-01 4.513862554445427500e-01 4.748853731001270173e-01 5.001570819212455277e-01 5.186310938885388966e-01 5.513227247894552097e-01 5.568643764253459194e-01 5.796970802322928273e-01 6.048169551867014215e-01 6.242517971779024677e-01 6.560283855801360975e-01 6.668981492838285119e-01 6.926972114268559189e-01 7.042054779914038720e-01 7.218503346011201360e-01 7.363245740986184007e-01 7.573296318923526949e-01 7.706585430845646068e-01 7.951088948772266907e-01 8.105165899365572857e-01 8.305634082353041681e-01 8.468285979424473586e-01 8.537404270641609783e-01 8.708351680230065339e-01 8.908124475241865348e-01 9.135366322966665953e-01 9.274902783333807132e-01 9.519160896301117614e-01 9.589553709160719697e-01 9.733983813904086846e-01 9.925530492016366724e-01 1.003119578001681500e+00 1.018395745387462359e+00 1.041470969056836227e+00 1.064768162879105473e+00 1.078958658799881842e+00 1.095293537093041225e+00 1.117821951501749789e+00 1.123972670051625045e+00 1.143377886228074125e+00 1.168725451078000521e+00 1.181069190090354937e+00 1.184586387498820281e+00 1.206595586112034102e+00 1.218275814686249126e+00 1.239642878888991051e+00 1.252765150023232632e+00 1.292314179249198780e+00 1.299017950522976417e+00 1.307947825747228565e+00 1.322068037343854252e+00 1.349967597884556003e+00 1.374571631098701507e+00 1.385195823815639438e+00 1.405790233795943145e+00 1.417647878531340000e+00 1.427057239398979771e+00 1.463866764091882988e+00 1.472920367325393221e+00 1.485748116232345817e+00 1.507036714871651029e+00 1.528820013606167594e+00 1.547735542554498744e+00 1.569012791135784957e+00 1.576491903479525947e+00 1.615669570353236884e+00 1.641328987289298214e+00 1.674243756285533014e+00 1.685149354111805664e+00 1.699869607804701088e+00 1.716893332031476538e+00 1.728369976293457899e+00 1.762088403307875195e+00 1.783377367593018903e+00 1.796321233405537621e+00 1.829521978065475230e+00 1.876556069311304809e+00 1.910335759314371717e+00 1.919585929500154275e+00 1.968764287188618400e+00 1.982197861159561203e+00 2.002348184451649526e+00 2.039090051691501593e+00 2.060879673968198489e+00 2.091337809523562186e+00 2.098784524372525606e+00 2.162542988824023293e+00 2.183502305968848312e+00 2.198026167017684163e+00 2.241846184934416453e+00 2.251557052256010216e+00 2.287298525224482404e+00 2.316002117853457332e+00 2.370499852921815087e+00 2.383533596181037328e+00 2.402761914108091368e+00 2.422237673474273212e+00 2.491386316936700762e+00 2.549127945508433246e+00 2.615331239041243094e+00 2.714519077209220477e+00 2.735080876424870411e+00 2.776082156527393874e+00 2.822620873693195254e+00 2.912925437509344739e+00 2.931901757179224965e+00 2.956440051698500326e+00 3.014090940334245960e+00 3.069592191319717500e+00 3.135868145449373756e+00 3.185669735625864973e+00 3.352375355146368641e+00 3.389006249812822169e+00 3.435343540221066583e+00
1.546510798284249644e-01 2.127538024154614904e-01 2.995666374317942915e-01 3.485222898820801718e-01 3.744797904820609258e-01 4.039131936077877127e-01 4.453242008515480022e-01 4.536079587714432759e-01 4.865863586656191675e-01 5.118177619602964912e-01 5.252562335852714037e-01 5.535446142228089839e-01 5.614617906670674730e-01 5.799157691275577120e-01 5.986229300436011203e-01 6.300671799289387920e-01 6.590912209148243051e-01 6.647501180726042014e-01 6.907253012168929063e-01 7.081326188531373855e-01 7.232278147798818502e-01 7.325537282680304463e-01 7.561369983751187185e-01 7.691096853476449002e-01 7.931432818643364691e-01 8.064515127759519508e-01 8.299487398950383676e-01 8.465011309877734647e-01 8.518809236979424382e-01 8.698679200887290408e-01 8.886591379126653756e-01 9.138112389595297591e-01 9.294844262637524945e-01 9.480197627178119646e-01 9.591229822015727713e-01 9.725820450832722841e-01 9.926764542076994546e-01 1.002307534265575173e+00 1.023991288829062984e+00 1.046907795897625393e+00 1.065537950470808681e+00 1.077765051939203245e+00 1.098638299337806767e+00 1.117735573544697658e+00 1.127379339702191841e+00 1.145518126425863148e+00 1.168749324934647449e+00 1.175339181392248245e+00 1.186287226570606146e+00 1.207184098980258247e+00 1.222548709429962299e+00 1.242809959068116310e+00 1.253453482517776552e+00 1.292856605543292181e+00 1.300960902131199193e+00 1.310349438021693125e+00 1.322767268653969763e+00 1.350343752565964506e+00 1.375043063182459502e+00 1.386016344809191114e+00 1.405276184356673008e+00 1.419750380504316345e+00 1.445508391861616282e+00 1.461148428330612647e+00 1.474214081696011647e+00 1.488437582286878280e+00 1.510854624036236826e+00 1.533709206787098989e+00 1.553352030495114278e+00 1.572555090114316600e+00 1.581682173523307977e+00 1.619750221300216841e+00 1.642836317932684365e+00 1.675489137928924288e+00 1.683589313983766544e+00 1.705225623127399004e+00 1.723102345278529679e+00 1.734337513301257516e+00 1.766538148006520537e+00 1.790883697158159427e+00 1.808717402734278279e+00 1.849511082202131229e+00 1.873596157490794223e+00 1.906087786916721649e+00 1.917913284122329198e+00 1.968297177448567581e+00 1.980441171805501277e+00 2.000736863511021202e+00 2.036002470116794250e+00 2.064046396954156481e+00 2.092048112884000943e+00 2.103273092636496422e+00 2.169818649263524968e+00 2.189602739036341283e+00 2.202588864608178376e+00 2.240528942191590822e+00 2.254450012732370556e+00 2.292191074053413047e+00 2.329729190175178211e+00 2.371166189355018439e+00 2.386832733467874501e+00 2.408530787551293795e+00 2.428419438867110092e+00 2.495886857708390139e+00 2.548023105263832466e+00 2.618868314626882743e+00 2.713547337517805413e+00 2.735443640390569531e+00 2.774735524359414285e+00 2.822562152997033724e+00 2.911494335991674287e+00 2.931947319263465523e+00 2.950260909356415162e+00 3.010959669283012285e+00 3.075789125762411924e+00 3.124858301960483864e+00 3.192427261678430828e+00 3.349304008467619553e+00 3.386288800756060979e+00 3.432747972195499209e+00
1.710746127692849006e-01 2.371680428316909894e-01 3.112099805519072948e-01 3.431271138420273759e-01 4.004432711474071871e-01 4.244977010012474516e-01 4.531353261725589721e-01 4.559487858413870387e-01 4.945042744385539923e-01 5.262379996464383591e-01 5.309939156478854505e-01 5.621182268321696096e-01 5.672148386840196732e-01 5.820866148588620392e-01 5.952571764138937516e-01 6.360917068692963916e-01 6.584013031283473261e-01 6.660565869377812476e-01 6.880723359401931249e-01 7.118939523353303711e-01 7.211943119137903535e-01 7.324667213427593637e-01 7.529673707376555170e-01 7.707471246232010520e-01 7.888912884153904681e-01 8.066937054558589448e-01 8.292602750279534085e-01 8.442724845307136849e-01 8.516508602286534391e-01 8.692811726440708986e-01 8.856446613605043483e-01 9.125575263667750070e-01 9.327250795484204327e-01 9.428340383483007070e-01 9.584266268677444911e-01 9.727441155762384106e-01 9.904167539676231868e-01 1.005179886917838328e+00 1.028409095807977236e+00 1.052245763465566419e+00 1.068326822023807132e+00 1.077083277037883979e+00 1.099821924913758631e+00 1.119472764580104807e+00 1.129663372824642797e+00 1.148570318499452014e+00 1.166052192167926771e+00 1.171448382514043152e+00 1.187834532277871169e+00 1.208242135021362795e+00 1.224472481654644618e+00 1.244631233515732571e+00 1.255035522171796147e+00 1.292055254069103709e+00 1.303565556220491084e+00 1.312160393384628643e+00 1.323930768415538362e+00 1.350765701282360398e+00 1.373865111112911874e+00 1.385762724214333552e+00 1.405335954100777274e+00 1.421130112206266505e+00 1.450979621971094202e+00 1.470498100304782563e+00 1.477361595444535824e+00 1.491109484137061347e+00 1.514456859797404853e+00 1.538478991217672176e+00 1.558774507248446461e+00 1.574224269357697326e+00 1.587546200889894399e+00 1.622589312170933162e+00 1.645970676073732042e+00 1.676426652136613127e+00 1.681267043144125228e+00 1.705406745660409618e+00 1.727800135901935263e+00 1.741360977647528285e+00 1.775862668563245039e+00 1.795963861941520578e+00 1.817260736340051253e+00 1.865237774954399130e+00 1.873361985809998576e+00 1.904225754238513701e+00 1.920352470760209540e+00 1.967345424103700058e+00 1.978187391745648727e+00 1.999877191261580922e+00 2.032744444758747271e+00 2.068672717085447754e+00 2.091805250128014659e+00 2.105125507926960626e+00 2.173186623138236406e+00 2.192940739470926825e+00 2.206129343010472699e+00 2.238359138751294442e+00 2.260910317785972623e+00 2.299864235524937683e+00 2.345152827901275661e+00 2.370356806006117090e+00 2.388761183706896940e+00 2.418303712700805352e+00 2.437739966748256659e+00 2.499950241749544499e+00 2.548157731164608641e+00 2.624189334466073831e+00 2.712416103623675578e+00 2.734888754139213063e+00 2.771829084130412291e+00 2.823185287728859905e+00 2.903698874066127367e+00 2.936061776573030357e+00 2.944527923062324692e+00 3.009236250199195162e+00 3.082021500764998034e+00 3.114792617620679049e+00 3.199446030609766733e+00 3.346451237989597871e+00 3.384075320556999777e+00 3.430417914890193209e+00
1.846989522046715848e-01 2.552856049375114011e-01 3.154861078114804540e-01 3.416582599482665406e-01 4.150426592261493020e-01 4.374233430473277173e-01 4.551676580157381635e-01 4.691217468925543699e-01 5.018762255354889401e-01 5.279036323781660656e-01 5.439340497064717450e-01 5.680447085107005467e-01 5.806299267269299236e-01 5.834974948162661157e-01 6.014654168091817521e-01 6.402883473993509211e-01 6.549231530915760047e-01 6.715805254244221478e-01 6.853576374959793327e-01 7.098118372825971134e-01 7.208120915735273249e-01 7.327744356190929453e-01 7.516805300636306697e-01 7.729283942761957515e-01 7.860484814618917682e-01 8.105558487683487412e-01 8.281500089529160169e-01 8.417211290908986898e-01 8.527537946971250893e-01 8.694748505139450190e-01 8.824851419252927043e-01 9.109800541470032265e-01 9.332814134635151193e-01 9.392895733502228950e-01 9.575002538482234593e-01 9.726125762310101619e-01 9.887883244761580537e-01 1.009575981132591949e+00 1.032178714547216103e+00 1.056538960865697652e+00 1.070619673479903389e+00 1.078959519530936051e+00 1.099812606759644984e+00 1.122241160491103340e+00 1.131922636528005288e+00 1.152004091268819419e+00 1.160764161792149363e+00 1.170572721078825484e+00 1.189638699179874415e+00 1.208497122815853198e+00 1.224782418164881204e+00 1.245429199147817023e+00 1.256169727850754869e+00 1.290680844600891275e+00 1.306535277648052107e+00 1.312980213500530180e+00 1.325315441186385224e+00 1.351525041157372709e+00 1.371896230910599312e+00 1.384856149970100647e+00 1.405422711809474423e+00 1.424095062195682937e+00 1.443928621796665146e+00 1.475451389454546680e+00 1.489573879154005853e+00 1.498516533542417983e+00 1.518475908415310105e+00 1.543068919440670816e+00 1.563116955855188062e+00 1.575448188756060519e+00 1.593171037941007562e+00 1.624239065332942822e+00 1.649767002733249610e+00 1.675122385818416326e+00 1.680757653453315070e+00 1.705175740529265127e+00 1.731100109187700742e+00 1.746141795380798500e+00 1.787692470476568873e+00 1.800565951149839528e+00 1.824132729036397116e+00 1.864577456616457241e+00 1.879964009322215190e+00 1.904874957813398106e+00 1.929588050561790835e+00 1.966181185877424964e+00 1.975829829191391163e+00 1.999870328287138399e+00 2.029558730090868401e+00 2.072743311054432436e+00 2.092216689322684786e+00 2.105610520728182777e+00 2.174307749008739243e+00 2.193175662569164519e+00 2.207797069221860031e+00 2.236013970589358912e+00 2.268830180275321684e+00 2.308361635553551228e+00 2.356932777392386047e+00 2.369370763607391961e+00 2.390633448724063026e+00 2.431551012534943990e+00 2.447926876497214188e+00 2.503560349906293947e+00 2.550928620964604043e+00 2.631616972652897068e+00 2.711458336289589433e+00 2.733069339662854702e+00 2.769332227397298229e+00 2.823906767474310797e+00 2.890709880822814437e+00 2.939468191884665682e+00 2.942316849229392073e+00 3.009476084482756608e+00 3.087310950408655330e+00 3.107018061408200804e+00 3.206395660459491204e+00 3.343879518269748274e+00 3.382444256997471754e+00 3.428454765493794465e+00
1.957037010122379406e-01 2.663319729485630893e-01 3.094741741066511231e-01 3.506560097744029214e-01 4.233724586949570989e-01 4.403745602602197051e-01 4.572475117394440014e-01 4.803179360832052769e-01 5.068386862003497750e-01 5.287477737948785839e-01 5.535584134214915908e-01 5.699397462966022676e-01 5.818871205313378425e-01 6.020024271767697721e-01 6.138700993611846402e-01 6.375487221965627782e-01 6.557890740725623724e-01 6.766689349298152800e-01 6.847767680773629850e-01 7.054791009180156891e-01 7.189615085001627159e-01 7.308511211237472827e-01 7.552592767227235271e-01 7.737043310752197423e-01 7.888897465426588651e-01 8.135105855322962709e-01 8.271324443063393650e-01 8.408248829560347470e-01 8.559400803060217555e-01 8.704908190089715170e-01 8.800682216294575255e-01 9.096109005007543269e-01 9.283953398407598367e-01 9.403247998255618301e-01 9.571318891125418782e-01 9.707854540754642381e-01 9.894691398973873842e-01 1.013976161270581988e+00 1.036492400579162920e+00 1.059179874785168174e+00 1.072432274379798711e+00 1.082346630724929426e+00 1.100123495187847578e+00 1.123693065871458785e+00 1.135733256167291705e+00 1.153916732408897028e+00 1.157881151164092293e+00 1.170753572022381617e+00 1.191852043133292183e+00 1.206687949388853154e+00 1.224762529996166638e+00 1.246283430434865558e+00 1.255904982266449199e+00 1.288454575413414460e+00 1.308371655516648246e+00 1.314408506987717162e+00 1.326294267106086222e+00 1.351831663629234459e+00 1.369980377954128414e+00 1.383788850410472504e+00 1.405411040788800303e+00 1.428470726235912869e+00 1.436488325208955308e+00 1.475792214180362327e+00 1.491483406792376565e+00 1.514603288345795162e+00 1.525000522403752834e+00 1.547525801242535914e+00 1.566087067373401531e+00 1.576476867386756187e+00 1.599316808767261566e+00 1.625084905380846267e+00 1.652612510682579972e+00 1.672501015653195866e+00 1.681885095995826696e+00 1.705710908412185534e+00 1.733648518330022092e+00 1.749490572443909375e+00 1.795002108089441606e+00 1.807743285227475294e+00 1.830856016708692469e+00 1.862326989100390850e+00 1.882084773034516045e+00 1.906846112301722851e+00 1.941101336723810800e+00 1.965795094352410288e+00 1.974200992217941319e+00 2.000581174999183531e+00 2.026632751420057943e+00 2.073006773793630408e+00 2.094520274355043732e+00 2.107319099045630750e+00 2.174074384621962786e+00 2.191467243758128625e+00 2.208074400205231047e+00 2.234213680620782849e+00 2.276308911362004306e+00 2.316087299773352814e+00 2.360139184258135181e+00 2.371614551125801107e+00 2.393074434937588535e+00 2.442824792830847080e+00 2.458508514599068828e+00 2.507742071487648605e+00 2.556432531949846432e+00 2.640664294345801633e+00 2.710868529959700624e+00 2.730458404055218669e+00 2.768697502349780848e+00 2.824501367660142037e+00 2.874364151017290592e+00 2.936790879729804793e+00 2.947041201054429127e+00 3.011501333737260921e+00 3.090279378338901761e+00 3.103329381280984123e+00 3.213045209122222801e+00 3.341614983129509664e+00 3.381390076866600314e+00 3.426907703876874933e+00
2.042932315703212820e-01 2.704445911861939611e-01 3.013505827137466508e-01 3.631878902036298484e-01 4.268452256451502613e-01 4.393797343957616675e-01 4.596458590579163284e-01 4.868146996178381314e-01 5.061758686557059628e-01 5.333534905789535374e-01 5.566706219814063772e-01 5.721140366227456253e-01 5.836941070319405789e-01 6.177866081877646520e-01 6.247289917957368210e-01 6.324372836663406661e-01 6.581509719242011336e-01 6.757672895787671941e-01 6.907104396734198293e-01 7.016701020036564262e-01 7.135231956982589496e-01 7.312705760443597436e-01 7.603310409931756109e-01 7.742468371315031073e-01 7.963792188986881238e-01 8.142916182711226192e-01 8.257859874307835746e-01 8.410329724279093089e-01 8.612453594555884440e-01 8.734916552632776554e-01 8.789707770600940773e-01 9.086358525461238900e-01 9.231887335520764237e-01 9.414819140256511787e-01 9.575392488731933049e-01 9.682056755108513491e-01 9.917218125333375767e-01 1.017925310264774952e+00 1.041578655778189644e+00 1.059194839720500658e+00 1.076222802273400170e+00 1.085030323691162701e+00 1.101388349821001089e+00 1.123342990811446951e+00 1.140507007958643237e+00 1.152657818634870379e+00 1.159631387813840675e+00 1.172505149717767425e+00 1.194399085192318521e+00 1.202899853654517903e+00 1.225058378907688539e+00 1.246839328077127051e+00 1.255225082933779213e+00 1.285197251386712258e+00 1.308713346704328373e+00 1.316344385009042606e+00 1.326487744491723575e+00 1.350678331824901157e+00 1.368861457819509964e+00 1.382810724969568916e+00 1.405814510525337679e+00 1.429059075169995197e+00 1.434664119129527737e+00 1.475125614669041685e+00 1.490844695893001282e+00 1.521236398334155027e+00 1.537885510905629749e+00 1.551679946566665302e+00 1.568115188715715647e+00 1.578739887028038025e+00 1.605212955305376665e+00 1.625394516657003186e+00 1.653829568766005176e+00 1.671022723616288452e+00 1.682620115122028803e+00 1.707315625710329465e+00 1.735746847992635677e+00 1.752028553273084821e+00 1.797199998725794279e+00 1.814767287890969527e+00 1.838249108571507584e+00 1.861557493924228535e+00 1.882646458489909636e+00 1.910270190271385005e+00 1.946972281272526972e+00 1.966132492615164207e+00 1.976395665378011035e+00 2.001750680046160635e+00 2.024086025954939139e+00 2.069423871605856391e+00 2.095726158947520457e+00 2.113507953143408447e+00 2.172695507156686912e+00 2.188839961042982729e+00 2.207631347265432087e+00 2.233641882862301475e+00 2.281819838438698955e+00 2.322223204314757705e+00 2.358039297736220341e+00 2.375793164782347144e+00 2.396342720288231920e+00 2.447785559939649414e+00 2.468660605530801799e+00 2.513353143687667490e+00 2.563375024250898360e+00 2.649519838232920588e+00 2.709801022865985676e+00 2.729629834962010282e+00 2.770076662222516362e+00 2.824953600452886349e+00 2.856425170100976629e+00 2.934787699989953147e+00 2.950828096015472468e+00 3.014331269491794529e+00 3.090560309536163786e+00 3.104421479741426015e+00 3.219167751251960752e+00 3.339668744679584300e+00 3.380837902203246870e+00 3.425776553785751410e+00
2.107334920118900390e-01 2.685094396277427631e-01 2.957105433399956906e-01 3.748511446606908049e-01 4.268711677714243091e-01 4.369863048044477227e-01 4.617923655908771630e-01 4.902637703671934855e-01 5.033561198151268457e-01 5.395332950833294783e-01 5.556435146086102783e-01 5.748807568154606917e-01 5.854333419976186503e-01 6.158013112251334853e-01 6.331602467776906717e-01 6.380143561477568115e-01 6.596094461205062043e-01 6.729556362202201436e-01 6.920456954531619687e-01 6.978099683478620197e-01 7.145112798021777678e-01 7.336055614479856102e-01 7.622056292549150847e-01 7.774034533912755895e-01 8.011268733641625506e-01 8.157966307736171929e-01 8.272785364661043861e-01 8.419659008687415680e-01 8.642437154790996168e-01 8.758963103512634740e-01 8.828976494787743601e-01 9.079437015887229512e-01 9.192189373771666450e-01 9.418142728702121325e-01 9.582563520873578211e-01 9.665167476098462940e-01 9.944475750545473947e-01 1.021587246725888187e+00 1.045641412800620618e+00 1.057731417776519800e+00 1.081227685233256297e+00 1.087924245157175118e+00 1.103528158106202417e+00 1.122056665843022660e+00 1.144435965743639816e+00 1.153316239383677111e+00 1.160008377028658666e+00 1.175988155656054301e+00 1.197238742119852928e+00 1.198967514324064565e+00 1.225496479854060183e+00 1.246305572884928381e+00 1.255092561634043591e+00 1.281471227512100741e+00 1.308789035723605609e+00 1.316732399759761085e+00 1.325845927492905973e+00 1.348364921555365248e+00 1.368703542731650735e+00 1.381880086113582706e+00 1.406859180073477100e+00 1.424225917797601770e+00 1.440054592512838738e+00 1.473866186009993751e+00 1.489046962194759960e+00 1.523633681700725218e+00 1.547934764783590600e+00 1.555725905237838047e+00 1.570188245268714811e+00 1.583715820505377625e+00 1.608587614254397336e+00 1.625827220593046185e+00 1.654432980588911306e+00 1.670836176205196200e+00 1.682521220253557992e+00 1.709550951517492479e+00 1.737630665900083082e+00 1.753798694908016209e+00 1.797909631934293317e+00 1.818010784737575714e+00 1.844533911232308920e+00 1.863245420931313845e+00 1.883258607355301706e+00 1.915387522526339037e+00 1.946788912774889635e+00 1.965045203918309946e+00 1.983435517047687169e+00 2.003118133876286677e+00 2.021966538882141506e+00 2.064171820917271472e+00 2.095025945642179366e+00 2.122900235722365192e+00 2.170181021433997159e+00 2.186065796711643916e+00 2.206794491677950276e+00 2.234758203930102827e+00 2.284246786342391644e+00 2.326302045755761050e+00 2.355649467488333038e+00 2.379241273675849033e+00 2.400514119987914530e+00 2.448582911835484932e+00 2.475943101910683009e+00 2.519386643489116562e+00 2.570338661298019023e+00 2.656073421637968224e+00 2.706863640526015136e+00 2.733690024217594328e+00 2.772445248944687801e+00 2.825270903774766751e+00 2.838621770352457663e+00 2.933278527445665418e+00 2.953604557355214766e+00 3.016714945681767013e+00 3.090584199438532131e+00 3.107673282120455571e+00 3.224483536596883582e+00 3.338059341350086306e+00 3.380661371274291227e+00 3.425019718023726512e+00
2.153111690518066113e-01 2.633850928920256629e-01 2.927601522763390030e-01 3.838281430519328574e-01 4.247076394325260407e-01 4.350781180955290983e-01 4.629789791085532347e-01 4.920466029255370910e-01 5.013015887834837425e-01 5.453135783779072820e-01 5.536848197932837667e-01 5.765091968793285560e-01 5.854036114508547328e-01 6.108217127872644925e-01 6.345734937635513218e-01 6.474159016438548742e-01 6.595830855659908787e-01 6.708895419810338989e-01 6.840120620917409244e-01 6.999480001460721690e-01 7.190795232198466946e-01 7.370499649086422744e-01 7.606170341698623716e-01 7.830374774528173765e-01 8.005912890649741209e-01 8.152079788277897254e-01 8.311986570845338873e-01 8.475870323150100916e-01 8.645910624270002343e-01 8.771133833708979477e-01 8.886558702951370403e-01 9.075066565287279730e-01 9.171824271458590694e-01 9.413361595702719464e-01 9.586857339729288885e-01 9.661141160806415717e-01 9.971694172626727193e-01 1.024075264034541854e+00 1.046808677684128552e+00 1.057212085347628339e+00 1.085968966942402192e+00 1.091507622713877801e+00 1.106737351239236000e+00 1.120908072632367025e+00 1.146792774382149771e+00 1.155732514529111965e+00 1.158052090118599553e+00 1.178530621480318841e+00 1.195826631721907285e+00 1.201951069973811403e+00 1.226168067007216589e+00 1.245058749917499874e+00 1.254507393617998234e+00 1.278475298955052963e+00 1.308570839601042257e+00 1.315857252637209207e+00 1.324154118750536124e+00 1.346330243961972428e+00 1.369026929257693093e+00 1.381014158701968197e+00 1.408193359746953810e+00 1.420775409705203440e+00 1.445350404993223092e+00 1.472389113312637665e+00 1.486764909963614656e+00 1.524724095208478625e+00 1.549705515673301282e+00 1.562785365109732094e+00 1.572584935348291690e+00 1.590064357089306268e+00 1.607961544688751632e+00 1.626997549066129256e+00 1.655688029554612140e+00 1.671126693447668954e+00 1.681899715226480074e+00 1.711600723645168465e+00 1.739344815894091179e+00 1.754812604190626457e+00 1.798270939026553661e+00 1.818662326626994785e+00 1.847718275424985235e+00 1.867060427673337353e+00 1.883935523437405557e+00 1.921609567684020581e+00 1.944001092869775960e+00 1.963951858088135438e+00 1.990361661421551354e+00 2.004568931255287900e+00 2.020228711680843059e+00 2.058881830476742891e+00 2.093830550939257851e+00 2.132672995471574406e+00 2.166557418271943369e+00 2.183782360035580794e+00 2.205766648369177130e+00 2.237401747126227303e+00 2.283469792092905237e+00 2.328333999676382327e+00 2.354497261236129013e+00 2.381707228956072342e+00 2.405158290204559624e+00 2.447662593029179323e+00 2.480225301130175808e+00 2.524261620730980926e+00 2.576238326210598562e+00 2.659738402915151401e+00 2.703106812434122208e+00 2.742000246330721147e+00 2.773996933127897080e+00 2.822052128768633317e+00 2.826269367914243436e+00 2.932047035106502886e+00 2.955713752146547968e+00 3.018024140665488630e+00 3.091138062751683346e+00 3.111239134867312739e+00 3.228655178333875053e+00 3.336829517986019233e+00 3.380704217674812551e+00 3.424567025049081614e+00
2.181727403631376072e-01 2.587222235920806912e-01 2.912570233156514532e-01 3.893708931318830557e-01 4.221335636562757454e-01 4.341699368409084880e-01 4.632422617995474723e-01 4.929382886677621811e-01 5.006850342403436072e-01 5.488051005185622389e-01 5.535198883955002591e-01 5.733889635902934545e-01 5.868152905391367247e-01 6.086438216901994824e-01 6.350005750651567249e-01 6.521834738471443682e-01 6.574274975121809916e-01 6.703933238776472736e-01 6.789934056018265274e-01 7.011902844228710130e-01 7.225920091661935940e-01 7.402739692821833639e-01 7.579289225031416999e-01 7.890066567347813198e-01 7.986869460685475097e-01 8.135465107461142820e-01 8.317416004951934116e-01 8.555558543128124471e-01 8.639738366563876060e-01 8.789053917803926197e-01 8.912134647381514396e-01 9.079757459288406718e-01 9.167865094246354651e-01 9.404657497525857890e-01 9.591793253294588206e-01 9.658621763464945165e-01 9.995347977954519569e-01 1.024040550793559490e+00 1.046650575687398499e+00 1.058002734176409332e+00 1.089688461494368710e+00 1.093754210465094134e+00 1.110012039900213354e+00 1.121626952282017475e+00 1.147798503020001970e+00 1.154124395669151815e+00 1.158793777448674067e+00 1.178413184510772815e+00 1.195385086015244180e+00 1.206338197128045131e+00 1.227642799502133730e+00 1.243460995850985684e+00 1.252717652076760446e+00 1.277187197422896325e+00 1.307332696567008234e+00 1.316175857781297420e+00 1.321487922083234956e+00 1.345301920547993912e+00 1.369350449215493981e+00 1.380397493545083121e+00 1.409234327177514956e+00 1.418827305339173783e+00 1.449429180778006865e+00 1.471116061071675585e+00 1.484798469560729473e+00 1.525167560620448670e+00 1.548821324089581841e+00 1.568437052564659373e+00 1.575315651256372851e+00 1.594924391489990434e+00 1.604981130682223922e+00 1.628256175284428453e+00 1.657295056862718940e+00 1.671307220575576569e+00 1.681297590176310308e+00 1.712919395395346767e+00 1.740648067580356617e+00 1.755239339586054825e+00 1.798536099481074180e+00 1.818336041059579022e+00 1.848828868829994754e+00 1.870678792599739015e+00 1.884304205587226999e+00 1.927728610639267703e+00 1.940141848194390617e+00 1.963556922967665486e+00 1.994831742054653301e+00 2.006067651973974630e+00 2.018834443983312799e+00 2.054904554115418502e+00 2.092862504107427579e+00 2.141028784191615131e+00 2.162254710840135985e+00 2.182363826702214293e+00 2.204891892434162504e+00 2.240437387133797920e+00 2.281007004610765332e+00 2.329032102272445393e+00 2.354403365336891429e+00 2.383176953251640917e+00 2.409062573853988365e+00 2.446420830120467738e+00 2.482325472875483552e+00 2.527262963584254507e+00 2.580183382138023784e+00 2.661327893458233618e+00 2.700265396240103755e+00 2.751986449786399280e+00 2.772464892506409928e+00 2.811109685156903737e+00 2.826168042450854401e+00 2.931163972838611187e+00 2.957162279829669060e+00 3.018462902454731811e+00 3.091710230672586324e+00 3.114038462571965482e+00 3.231337712766918280e+00 3.336046161155480139e+00 3.380809919169828426e+00 3.424338823522267816e+00
2.191793969293704403e-01 2.568893317894865858e-01 2.907605643962224429e-01 3.912441819438989277e-01 4.210188528968406008e-01 4.339211788319224383e-01 4.632102004689624408e-01 4.931746073103497330e-01 5.007437675089244644e-01 5.490516219916113938e-01 5.551714865115402464e-01 5.704730156044025557e-01 5.880985818996623538e-01 6.080337677657776663e-01 6.352979793052919710e-01 6.529950402239461660e-01 6.563762243777485628e-01 6.704216333237019709e-01 6.775743259410763608e-01 7.016269534240864303e-01 7.238324190506615352e-01 7.417049312915190429e-01 7.565330036007891223e-01 7.923078241999189641e-01 7.971999134801224240e-01 8.126752371996189828e-01 8.315763769849937592e-01 8.586724200718590660e-01 8.638807020935167502e-01 8.794845560285677877e-01 8.918453714495110374e-01 9.084898050424263793e-01 9.168660349765106465e-01 9.400015411168893831e-01 9.595670840245463795e-01 9.655655338723780901e-01 1.000597550976734640e+00 1.023310654966907984e+00 1.046676704447990547e+00 1.058495514837550111e+00 1.091535884369080778e+00 1.093947889729083522e+00 1.111016023495155824e+00 1.123176089667129673e+00 1.147913393766003098e+00 1.152053732123228702e+00 1.160019451364713294e+00 1.177866487273308671e+00 1.195496563158093384e+00 1.208233954831728463e+00 1.228956046938173952e+00 1.242232052496134331e+00 1.251684306768837240e+00 1.277006450529960091e+00 1.306460576103694704e+00 1.317695614110691027e+00 1.319197153753382423e+00 1.345030761318751988e+00 1.369470796736572682e+00 1.380177003119072765e+00 1.409610940939519663e+00 1.418215938768395246e+00 1.451030766549275652e+00 1.470579639595191335e+00 1.484002046409957698e+00 1.525280604402752704e+00 1.548332694964173362e+00 1.570110621526465522e+00 1.577138616105780100e+00 1.596611062237061285e+00 1.603250209190764997e+00 1.628771354650825565e+00 1.658040691209180517e+00 1.671319730820937322e+00 1.681072703206742069e+00 1.713359200598776777e+00 1.741148634915841154e+00 1.755337376582120301e+00 1.798647213428093750e+00 1.818098226003988183e+00 1.849086623142373265e+00 1.872133235738758561e+00 1.884363347824916213e+00 1.931416748294905839e+00 1.937230166343356652e+00 1.963530018042188630e+00 1.996293292124011298e+00 2.006869563574825488e+00 2.018194543965450283e+00 2.053409312061658110e+00 2.092496151818444616e+00 2.145040092389220554e+00 2.159643869989840592e+00 2.181894082294226322e+00 2.204546263900144520e+00 2.241862381241245927e+00 2.279642407866198095e+00 2.329173458037935074e+00 2.354505541874571506e+00 2.383664549541779643e+00 2.410632743777648912e+00 2.445849524194484648e+00 2.482936136426795226e+00 2.528264509792364834e+00 2.581567407054723873e+00 2.661745059554114334e+00 2.699233351073087928e+00 2.758570066861305126e+00 2.769041455437580179e+00 2.807122269480985643e+00 2.826248767578744214e+00 2.930835136624998061e+00 2.957694713893786354e+00 3.018530607390189413e+00 3.091930977687712190e+00 3.115108619668175649e+00 3.232265466495845452e+00 3.335775600705539912e+00 3.380859995227834869e+00 3.424271006077010071e+00
2.710809454983011957e-01 3.247763624431382334e-01 3.486130164081950311e-01 3.596850458363490266e-01 4.163529565881397554e-01 4.318236621413352738e-01 4.560835505698074832e-01 4.774072597585973798e-01 4.941731586905329099e-01 5.165047556918161975e-01 5.446620960750181428e-01 5.538731824858952324e-01 5.660542834331349082e-01 5.926052706193352115e-01 6.127262634033189270e-01 6.437383783132534232e-01 6.557407881614688572e-01 6.751080809150838968e-01 6.862453849659860827e-01 6.962316323541459795e-01 7.230707500862946224e-01 7.388514782906806522e-01 7.804074915992307293e-01 7.869804604629335731e-01 8.033246168622094618e-01 8.266317720843009420e-01 8.308026170857480963e-01 8.461348035478356566e-01 8.657283812057527950e-01 8.898489084441891794e-01 9.059450964284830876e-01 9.112028740211033373e-01 9.217127335767894003e-01 9.470548745857185757e-01 9.690334382225711529e-01 1.001356551880901113e+00 1.011343781732999991e+00 1.019909899598421266e+00 1.031258730134345880e+00 1.037301749178793919e+00 1.045095960185844275e+00 1.074452439897334965e+00 1.100598163299630894e+00 1.137288145576448972e+00 1.140592905654440159e+00 1.155993485820138833e+00 1.163500641232595445e+00 1.184049949445607819e+00 1.199106184938668829e+00 1.209685106127794008e+00 1.214085175535990047e+00 1.230328321346830123e+00 1.269866772767265228e+00 1.287690230006818926e+00 1.292773172281566074e+00 1.312577097088286626e+00 1.322758947691615283e+00 1.363908693567372321e+00 1.385312271316458732e+00 1.396833110907894415e+00 1.420611840759573141e+00 1.434508858095214112e+00 1.453782939122837181e+00 1.477510628683854632e+00 1.503835289535014219e+00 1.522307267406454390e+00 1.537157444120540228e+00 1.550472120819899935e+00 1.591328383513583633e+00 1.598202131956698135e+00 1.614951483019498868e+00 1.620608382249490997e+00 1.652889940087048037e+00 1.657068027915076458e+00 1.686226604954913277e+00 1.712009614977717753e+00 1.752662674793359354e+00 1.753458440230412974e+00 1.763092324877362671e+00 1.816910455167841221e+00 1.841455800294801159e+00 1.860161214666994134e+00 1.881265005668545598e+00 1.924604570320803676e+00 1.943414654903821814e+00 1.962987048682296232e+00 1.978628520349124509e+00 2.002819348191983373e+00 2.015674628246200140e+00 2.052446322980383098e+00 2.089810977944080328e+00 2.157472903552891008e+00 2.162381896605477305e+00 2.185040756710253440e+00 2.218267673422107400e+00 2.239863579063277044e+00 2.256916268647803481e+00 2.297856582749072007e+00 2.365445478649561117e+00 2.397496144355812486e+00 2.429981733072660965e+00 2.449640962196391936e+00 2.464854761425181007e+00 2.483757497392786284e+00 2.578128136792627423e+00 2.645672800786678547e+00 2.725304192726663910e+00 2.752170661983501354e+00 2.761364137734795943e+00 2.819433819819816556e+00 2.896372854445324219e+00 2.930685017076098298e+00 2.957044932587783670e+00 3.024424410609912517e+00 3.101021344995295248e+00 3.133740701142243790e+00 3.246706812755044691e+00 3.324078739116159031e+00 3.394789652059362339e+00 3.444092930239021744e+00
2.716750924319362159e-01 3.232284022142673519e-01 3.460738283988964992e-01 3.628238575236905072e-01 4.166934247680819658e-01 4.308110598778691624e-01 4.562629260148207688e-01 4.775466759986366494e-01 4.943150451450945004e-01 5.160530400724949729e-01 5.449845475631520664e-01 5.544419731469978352e-01 5.667825529631187464e-01 5.921262554905711850e-01 6.127575531912944351e-01 6.423895240748866975e-01 6.565820339309710318e-01 6.757377890621183436e-01 6.880326924126025645e-01 6.953607504425702857e-01 7.250470809692738383e-01 7.385811551715208978e-01 7.804420933354458967e-01 7.863040945336452481e-01 8.026924510088382370e-01 8.249900628173008066e-01 8.303757146854158222e-01 8.464798420234062037e-01 8.664160596574662643e-01 8.898992296256913459e-01 9.053851815091595867e-01 9.099548069585395860e-01 9.224729398302567995e-01 9.459599918688103015e-01 9.688076788328578992e-01 1.001249378021234593e+00 1.009468643853867587e+00 1.019480182535090762e+00 1.030105775012012170e+00 1.036762033880021638e+00 1.046029814867371899e+00 1.075504857896357525e+00 1.101025959245103047e+00 1.133819624609971655e+00 1.140724039376167731e+00 1.155899381458976416e+00 1.165352393947511889e+00 1.183118694385797864e+00 1.196132697449748594e+00 1.208653898825444051e+00 1.215838444980477107e+00 1.232178305839828125e+00 1.270353839309917632e+00 1.286993830770848390e+00 1.292059645597530615e+00 1.312363235358389613e+00 1.324951154102945949e+00 1.363606651586436236e+00 1.384352831444008114e+00 1.396863656432388412e+00 1.420391941957146464e+00 1.434370795310019764e+00 1.454103900398957316e+00 1.475950217264650144e+00 1.504323523597995704e+00 1.522636743382993041e+00 1.538037170842205814e+00 1.550532543233301697e+00 1.591346881241545663e+00 1.599013914597959829e+00 1.613391203609980229e+00 1.620161074249886424e+00 1.652775983960627526e+00 1.657005435121415404e+00 1.686044390874340992e+00 1.711529227472764925e+00 1.746227040502887906e+00 1.753561430783694863e+00 1.768665969414494388e+00 1.817555665573814982e+00 1.839932973491610557e+00 1.861364057541248007e+00 1.881893252094861912e+00 1.923366709200840186e+00 1.942828389062771999e+00 1.962984020260780005e+00 1.977588632945607827e+00 2.003783789093741774e+00 2.015835041242121761e+00 2.052080773103149625e+00 2.090132967367260619e+00 2.155769486062222295e+00 2.163108936470641730e+00 2.185762776254470907e+00 2.218016980359379886e+00 2.239966584232604863e+00 2.258434701641945708e+00 2.295820056105841278e+00 2.365702275827529011e+00 2.395469614763110933e+00 2.431035706091961845e+00 2.449904471776265247e+00 2.461615264377212231e+00 2.486356067198337350e+00 2.577459562120978376e+00 2.645522988714130719e+00 2.725681119173423816e+00 2.751540921439227905e+00 2.763044861845919797e+00 2.819168707561574116e+00 2.897525740075708178e+00 2.930277591588113850e+00 2.956952841410504629e+00 3.024754613913086754e+00 3.099537514913819347e+00 3.132113096856333545e+00 3.246333065430456966e+00 3.324185748398391205e+00 3.394395726646381117e+00 3.443813572064982953e+00
2.732028833167153836e-01 3.191473658085431375e-01 3.411913324960505478e-01 3.688664269226031855e-01 4.170898950781272707e-01 4.286098984219383623e-01 4.560015604209393669e-01 4.785604461618648831e-01 4.946802037809268637e-01 5.146221383716175213e-01 5.455051305957454577e-01 5.568158510332017475e-01 5.685124025945040849e-01 5.911156452506928227e-01 6.127619126043307718e-01 6.398880220484507442e-01 6.579919717984458183e-01 6.759917898372216349e-01 6.917348255751905040e-01 6.957227298713930530e-01 7.293562227863461533e-01 7.380573623789092874e-01 7.800903985662033246e-01 7.850049234556578659e-01 8.006597431687764166e-01 8.220527278362314005e-01 8.285254491545098743e-01 8.464378422367804244e-01 8.680840627256835029e-01 8.896235780444831098e-01 9.027393491888922039e-01 9.084568044695644495e-01 9.232531509087499311e-01 9.437562373117961423e-01 9.683074215798604945e-01 9.985457411065842281e-01 1.007561579115461736e+00 1.016630124325851536e+00 1.026105015846124902e+00 1.037678966474001152e+00 1.047975677405351913e+00 1.078023712945309631e+00 1.102150395177063036e+00 1.127686701260007363e+00 1.139036472614788575e+00 1.155209311934103145e+00 1.168690843159695847e+00 1.180087714172255664e+00 1.191581399632580807e+00 1.206442428861653537e+00 1.219175866028692434e+00 1.235692457219810025e+00 1.270861239324108549e+00 1.285242891200649717e+00 1.292091020889123865e+00 1.311074917713863863e+00 1.330188043402866116e+00 1.362945412853640903e+00 1.381887962384894974e+00 1.396779909393391472e+00 1.419690296032572352e+00 1.434033323339222399e+00 1.454245209123501859e+00 1.473107382521176234e+00 1.504996121239695395e+00 1.523038573355089742e+00 1.540593334297996719e+00 1.550767627838434137e+00 1.591145737304501928e+00 1.600977863659016620e+00 1.608667294840296913e+00 1.620107575870351146e+00 1.650372359959159096e+00 1.657694953092555989e+00 1.686126384805317846e+00 1.709987939774990640e+00 1.737855303065215073e+00 1.752493464759477870e+00 1.775967013632714364e+00 1.819425215834121534e+00 1.836592569322464064e+00 1.863513610496710493e+00 1.883639559938429242e+00 1.920122004060702769e+00 1.941041958199745343e+00 1.962945812418215308e+00 1.975216472166231751e+00 2.005869603925874323e+00 2.016577775389345906e+00 2.051076613264084081e+00 2.090891980412842965e+00 2.153109490092898870e+00 2.162797883159802481e+00 2.187747972740707425e+00 2.217460836512916700e+00 2.240471454099777215e+00 2.262343967520753729e+00 2.290411961984895495e+00 2.366160855292091636e+00 2.390877271586704378e+00 2.431726536844374564e+00 2.449552145222213095e+00 2.457374507018695642e+00 2.490793407027197759e+00 2.575643413631991230e+00 2.645111554463301928e+00 2.726334765016972028e+00 2.750274574393739790e+00 2.767507352469473769e+00 2.818787069792659583e+00 2.900843169323965576e+00 2.927297699788130814e+00 2.958342740998721077e+00 3.025475884148719263e+00 3.095283495833729415e+00 3.127454839125715313e+00 3.245115214725974528e+00 3.324549333822981012e+00 3.393300685741100775e+00 3.443019181216259827e+00
2.749101288247073893e-01 3.133022474398539092e-01 3.356011402401672394e-01 3.751743940066431526e-01 4.154628149964134098e-01 4.278220642007480867e-01 4.544815542123234464e-01 4.794053454653943169e-01 4.964751727034109052e-01 5.120938751781299869e-01 5.464395260349563799e-01 5.605781867354825421e-01 5.704445400450181003e-01 5.907313844129729041e-01 6.125661314035639737e-01 6.374850797285362969e-01 6.589613744125073502e-01 6.739572004993193977e-01 6.951347958460012411e-01 6.996806806499152875e-01 7.328145163237724802e-01 7.387154412922273261e-01 7.786716453099984392e-01 7.843998202495254812e-01 7.972899054029772836e-01 8.191556529519438135e-01 8.254093945007535682e-01 8.454903503105564155e-01 8.696630686854743830e-01 8.875933903902870625e-01 8.979104508254105443e-01 9.081875160120956858e-01 9.225262483033521699e-01 9.429913489309458274e-01 9.677203899337871729e-01 9.917410248117604077e-01 1.006772942185238717e+00 1.013212385004130356e+00 1.020455244552230134e+00 1.040705555944262839e+00 1.049782997612519253e+00 1.081063498625886687e+00 1.103290634347762200e+00 1.121255861106574159e+00 1.136252334802946073e+00 1.154007440865437717e+00 1.167619896855822681e+00 1.178839295369056739e+00 1.188379620695479533e+00 1.204428509541596526e+00 1.222813879156607442e+00 1.238710828225476845e+00 1.269871934857790041e+00 1.284481668449138914e+00 1.292468039798137847e+00 1.310263255545725203e+00 1.335253814818045059e+00 1.362671691838603927e+00 1.378818822087384488e+00 1.396304593380385262e+00 1.418361841650056299e+00 1.433653875275922696e+00 1.452435599698914004e+00 1.472121353440170699e+00 1.505310891477355861e+00 1.522590088377159478e+00 1.542822984945713127e+00 1.552436542249677531e+00 1.588218049094945350e+00 1.602882024153435836e+00 1.604379607313218159e+00 1.621173834950190074e+00 1.644558246334972385e+00 1.658361569415179426e+00 1.687612058119589031e+00 1.707371048209551656e+00 1.730840597537869563e+00 1.751602710594690526e+00 1.780482094555762895e+00 1.821842517075593415e+00 1.833641891287498993e+00 1.864102826450968475e+00 1.886158744827675315e+00 1.916128144560469870e+00 1.938167660768293388e+00 1.962819651649756914e+00 1.972652735548132252e+00 2.007839625570326803e+00 2.018395192779654845e+00 2.049677702775598132e+00 2.091675591699377446e+00 2.150939834463226674e+00 2.160078429503503372e+00 2.190399085754220820e+00 2.216903637411342221e+00 2.241554102393586767e+00 2.266483048856998472e+00 2.284261846938489438e+00 2.366113256294426481e+00 2.385778078642630806e+00 2.428262766734011091e+00 2.446862137575209317e+00 2.458144924661215924e+00 2.494454879748749576e+00 2.573167079974831850e+00 2.644496546308346741e+00 2.726382173972532907e+00 2.749075056791985716e+00 2.773413974030044304e+00 2.819704415442507717e+00 2.905571300063450213e+00 2.919824445415079239e+00 2.963158404837145987e+00 3.025984290678824795e+00 3.088846764927397626e+00 3.120434667289655906e+00 3.242826047825671409e+00 3.325275514059360837e+00 3.391739696688179428e+00 3.441831073181989442e+00
2.755526354555020707e-01 3.054668863399533918e-01 3.305339104979153064e-01 3.804378193280579246e-01 4.109874934804486624e-01 4.298277126081437305e-01 4.521485298420596655e-01 4.769378689401332361e-01 5.010958438183689134e-01 5.094188693993264572e-01 5.475648497202760812e-01 5.632572903847739010e-01 5.728663908828187656e-01 5.922009489878099497e-01 6.123516943869573570e-01 6.346617715767746137e-01 6.580421851375553022e-01 6.722563868716681101e-01 6.993258327018521125e-01 7.014277239515483986e-01 7.346250513449166242e-01 7.410602110890398553e-01 7.767413945283222487e-01 7.841933059395744809e-01 7.936526876472684844e-01 8.141954574397149980e-01 8.225870673355761831e-01 8.452293423557590835e-01 8.703156239709556319e-01 8.815640737614445221e-01 8.935045559029153317e-01 9.068627063783445408e-01 9.222534971884457367e-01 9.446407770114683133e-01 9.667817978533409518e-01 9.839613777473897871e-01 1.003006744820800655e+00 1.011025572209877099e+00 1.016919582808334388e+00 1.044846437229014269e+00 1.050881007746207629e+00 1.084099584627976620e+00 1.102976722146978839e+00 1.115493471098546019e+00 1.133600634558512565e+00 1.152611820302916978e+00 1.162284007414089215e+00 1.180314449516495667e+00 1.185973289055468616e+00 1.203662654195631454e+00 1.226078650322335761e+00 1.241090516238992914e+00 1.267729636058351206e+00 1.284499306434063515e+00 1.290674299604024355e+00 1.312430085315847483e+00 1.337825811942153109e+00 1.363571758236483689e+00 1.376152016491287045e+00 1.395260500217228472e+00 1.416320502500845624e+00 1.433161015037627717e+00 1.448886869504238062e+00 1.473458413456081084e+00 1.505549400343343613e+00 1.521203201332529620e+00 1.541576138234223015e+00 1.556517676673313977e+00 1.580812630469645486e+00 1.599760582826783795e+00 1.607393827120761287e+00 1.623450985488420262e+00 1.636363570861425254e+00 1.658067033267048851e+00 1.690501348477574606e+00 1.704170941463990951e+00 1.725653053230232770e+00 1.751476516615669166e+00 1.781287006312965993e+00 1.821423613502286987e+00 1.834673027620958186e+00 1.861237316658300056e+00 1.889063628028183173e+00 1.912410554441143384e+00 1.934933374991100186e+00 1.962453343741931810e+00 1.970609263638750663e+00 2.009360696650352551e+00 2.021277666621608127e+00 2.048263082179475170e+00 2.092227347954098704e+00 2.148454872121205561e+00 2.155804606440800519e+00 2.193110321718687139e+00 2.216422513421054230e+00 2.242917024037278662e+00 2.265015161384175357e+00 2.284262430927861409e+00 2.364890301075509349e+00 2.380892192063452928e+00 2.421015741154524115e+00 2.444730142698022135e+00 2.459999960351886727e+00 2.497059894733503427e+00 2.570577123342141057e+00 2.643622125021135805e+00 2.725458177790901715e+00 2.748166097772122285e+00 2.778216157039115508e+00 2.824261059709023858e+00 2.904141674545686946e+00 2.915584183971354992e+00 2.970137333249919465e+00 3.025729289619218054e+00 3.081208115268757819e+00 3.112130643144409348e+00 3.239253311734694218e+00 3.326479310822524127e+00 3.390029344843914938e+00 3.440423233282198900e+00
2.734443714778884149e-01 2.949466695177590525e-01 3.276721595802571385e-01 3.835987783383451588e-01 4.051094120554440403e-01 4.329791177249511236e-01 4.499266624483463928e-01 4.711332908207219727e-01 5.050884717161345794e-01 5.093789638655971119e-01 5.474777590822567097e-01 5.625245898972670577e-01 5.766864191233772585e-01 5.956173019900457000e-01 6.129619701819397637e-01 6.302375202157873835e-01 6.542593649148807922e-01 6.732146078687697432e-01 6.970036296908512785e-01 7.047215326775556621e-01 7.354003048966295530e-01 7.441479802328820892e-01 7.744982663737384199e-01 7.823604511911637083e-01 7.922923718008925142e-01 8.062742085550876903e-01 8.209311698329265772e-01 8.469985551919875233e-01 8.684022990389226315e-01 8.732460017178733658e-01 8.909939054149266235e-01 9.034979701541738795e-01 9.241912295580744230e-01 9.475706193579703784e-01 9.646232825110425679e-01 9.781481597306387332e-01 9.984367339624266036e-01 1.005649848773335631e+00 1.018605521023510097e+00 1.048639300993707391e+00 1.052309108620128386e+00 1.086722858489162835e+00 1.099739529006486416e+00 1.111473513925063772e+00 1.131513773046363580e+00 1.150840762477714163e+00 1.158174523307797799e+00 1.179140657021899186e+00 1.185822356363629426e+00 1.204762509577493201e+00 1.227952303827855918e+00 1.243473077729320586e+00 1.265227712068420329e+00 1.282746093709926649e+00 1.288709681074767577e+00 1.316419616586177233e+00 1.337852176203871979e+00 1.364973788494994178e+00 1.374893534871935108e+00 1.393566392486583316e+00 1.413902204427215148e+00 1.432006637986730668e+00 1.445724610323667614e+00 1.475376488768631589e+00 1.505863847253954280e+00 1.519176172802708891e+00 1.536687254544063519e+00 1.558748958249043248e+00 1.574416386899178288e+00 1.596621337581573208e+00 1.608205213466608718e+00 1.626900096778252092e+00 1.628772790971875661e+00 1.657165858903848710e+00 1.693290587354300936e+00 1.701361790100765603e+00 1.722230037636867550e+00 1.752025283707706382e+00 1.779127619380127312e+00 1.816728957154957413e+00 1.839823465511297940e+00 1.854897932055589616e+00 1.892052777210556647e+00 1.907997303105942732e+00 1.932812753143078544e+00 1.961538273197733773e+00 1.969761786483165134e+00 2.010590335360683767e+00 2.024747883915952062e+00 2.047394967889080153e+00 2.092563648020070222e+00 2.142515971061166979e+00 2.152969769489783580e+00 2.195558278826964305e+00 2.215993161417123325e+00 2.243403301656833104e+00 2.258973512182949062e+00 2.291134064012560145e+00 2.362189752858806724e+00 2.375577482721648259e+00 2.412910906686450918e+00 2.442841975138120958e+00 2.460077830703235602e+00 2.499006610211012447e+00 2.568142688044862787e+00 2.642185455524748150e+00 2.723923223577114694e+00 2.747435414440118961e+00 2.779812178688256807e+00 2.833139429229600825e+00 2.891298180189572964e+00 2.921758343904284683e+00 2.976577619835203414e+00 3.024600977825003589e+00 3.073681285809736430e+00 3.103958331728561948e+00 3.234334102965953583e+00 3.328228027936344091e+00 3.388483624238643355e+00 3.438991378403776444e+00
2.666516177688485478e-01 2.824252006763745548e-01 3.275280654608784259e-01 3.837539356918594491e-01 3.982706532542834577e-01 4.345810270144051524e-01 4.492925532381377152e-01 4.643737433605455434e-01 5.047301710578970813e-01 5.128655240685169314e-01 5.453438679360823604e-01 5.593130282011615773e-01 5.794044005973167932e-01 5.997540586937725182e-01 6.153491382261533360e-01 6.242390944162836686e-01 6.489415406502756500e-01 6.741687868019077268e-01 6.914093555740257191e-01 7.080109654886913573e-01 7.341770973402503841e-01 7.478767501630018133e-01 7.705768151352178075e-01 7.783957307687943139e-01 7.923154247759319757e-01 8.009387414097410840e-01 8.200707454643583194e-01 8.482144880491578887e-01 8.600707528144276859e-01 8.717964967032126866e-01 8.893437136330453185e-01 9.000715760192506965e-01 9.269198063576699065e-01 9.503486565432885946e-01 9.611879484909786608e-01 9.755810205446110439e-01 9.939676350167910845e-01 1.000785428402930055e+00 1.021561871346331918e+00 1.048575771896197883e+00 1.057349365808529118e+00 1.088222629792633400e+00 1.095219834972125383e+00 1.108284759545472120e+00 1.129846967254029666e+00 1.148326854550261400e+00 1.157130676406620484e+00 1.176544577272851333e+00 1.186480339323174649e+00 1.207651712492188611e+00 1.228043320858206888e+00 1.245896293585778247e+00 1.262522896176613507e+00 1.278377775730936250e+00 1.289064952167119360e+00 1.319375084777854035e+00 1.337074755958921335e+00 1.365458132364366861e+00 1.375026424120453061e+00 1.391531028276565829e+00 1.411945369370492198e+00 1.429682978342961430e+00 1.444186397041514525e+00 1.476526163898208344e+00 1.505863424371603365e+00 1.516422498172336653e+00 1.527639253090580240e+00 1.556430323365169066e+00 1.573700895628113994e+00 1.592721354368967335e+00 1.603503605285922395e+00 1.624449011145680188e+00 1.631895972218873503e+00 1.656609371172121259e+00 1.694066465022282753e+00 1.700123994016045970e+00 1.720227026190322528e+00 1.752387733473206755e+00 1.775740992968515286e+00 1.809665402601533968e+00 1.844208301008684492e+00 1.848012939928608045e+00 1.894779333945995292e+00 1.901365091160264198e+00 1.932420630855566257e+00 1.960405388584414821e+00 1.970446751728835100e+00 2.011317691138597041e+00 2.028378625184779072e+00 2.047795980289600415e+00 2.092811860752754605e+00 2.133125489488095106e+00 2.151612613159665788e+00 2.197465734970696527e+00 2.215644251021800848e+00 2.240760962856866101e+00 2.255938417870895663e+00 2.299860929311207336e+00 2.357904382907935137e+00 2.368509724285570162e+00 2.405676444242044631e+00 2.440286474870032141e+00 2.458157950955199400e+00 2.500597731436554394e+00 2.565607341388272733e+00 2.639622756020337579e+00 2.722498074735164586e+00 2.746632774863289939e+00 2.778867191343017407e+00 2.840682425212587514e+00 2.881877650033612959e+00 2.928901680508847694e+00 2.979562232524758159e+00 3.023265422028078575e+00 3.067443566677595435e+00 3.097661031440270829e+00 3.228202919373666546e+00 3.330516438810018798e+00 3.387347074324583485e+00 3.437724234288063840e+00
2.539431245774807500e-01 2.694229186305431845e-01 3.291281888507145426e-01 3.792074276429206470e-01 3.911111161333761244e-01 4.316949240662334430e-01 4.505411553119314516e-01 4.604989304328411248e-01 5.021293568992057921e-01 5.141296054669822757e-01 5.420488459720951280e-01 5.543047072821191135e-01 5.782650307357659614e-01 6.029154479993438231e-01 6.148499307769657030e-01 6.225713930149112674e-01 6.428558833373082537e-01 6.714341040984062037e-01 6.894133219182426719e-01 7.097799394947278406e-01 7.326518385558480340e-01 7.492948211639508527e-01 7.625578765884695187e-01 7.775275230824961747e-01 7.887538284147525003e-01 8.039463860385578364e-01 8.198177489947172658e-01 8.421702838488751564e-01 8.585754650697495771e-01 8.723614519476436957e-01 8.865500400551524773e-01 8.993260964462310714e-01 9.293924575370366981e-01 9.507490037788600690e-01 9.589288441230260363e-01 9.750829953047074339e-01 9.899402838856500297e-01 9.976895028774537266e-01 1.024821299258781293e+00 1.047013349471938248e+00 1.062925596738717227e+00 1.086264273060824070e+00 1.094064321105296278e+00 1.104396142940092584e+00 1.128727364263078403e+00 1.146008402149718552e+00 1.158057373733298201e+00 1.174708373303632314e+00 1.186408659225359985e+00 1.210988076653182199e+00 1.227509546313673594e+00 1.247118366942027379e+00 1.259806200966480549e+00 1.274709054317269663e+00 1.289749085226871372e+00 1.319758003586679385e+00 1.336845875227778979e+00 1.365218053279037447e+00 1.374094305196935206e+00 1.390718384977421396e+00 1.411143353163563763e+00 1.426472950382043914e+00 1.444050175811437908e+00 1.475899051463169132e+00 1.503229036221067405e+00 1.511620631682818461e+00 1.518643657166321326e+00 1.553651913102060966e+00 1.573415380792722029e+00 1.588093728362612866e+00 1.596684040842701879e+00 1.623522713735449319e+00 1.634910899662558981e+00 1.658060096057098365e+00 1.693140599684339609e+00 1.699928469531259090e+00 1.718769018546297600e+00 1.750672456743754379e+00 1.773350070317369021e+00 1.801309961676268445e+00 1.837461272156667436e+00 1.850263543152005585e+00 1.892288700065756002e+00 1.897891328807452149e+00 1.932448006821592568e+00 1.960248436146872164e+00 1.972353341820011652e+00 2.011197905816787923e+00 2.031689131413377147e+00 2.050034307224068097e+00 2.092986578586601532e+00 2.122590928126725895e+00 2.150080685362854904e+00 2.198559965074518452e+00 2.215040750970773686e+00 2.236098382904971427e+00 2.256774080284190909e+00 2.308477304272711805e+00 2.350897403961302867e+00 2.359975732775773327e+00 2.399855439714752237e+00 2.436123772787668784e+00 2.455523167131387297e+00 2.501797274836372598e+00 2.562266032496519408e+00 2.635395951523817004e+00 2.721884926545151018e+00 2.745586297491792838e+00 2.776945067181030957e+00 2.836477593993224744e+00 2.886722773381285911e+00 2.935638159373429090e+00 2.977238173492544604e+00 3.022473100060328211e+00 3.062614328561271471e+00 3.095300469809125321e+00 3.221147710326206060e+00 3.333281875124650906e+00 3.386767416586447421e+00 3.436781479006838946e+00
2.368061577525102102e-01 2.552601299595279594e-01 3.306880872801027382e-01 3.681969022511393796e-01 3.851971281826292448e-01 4.252849764701772117e-01 4.487576605446332301e-01 4.631985628818804934e-01 4.947111739017058252e-01 5.124984879670025917e-01 5.389831885516170873e-01 5.475118540104839671e-01 5.738476312150383452e-01 6.031618031103381794e-01 6.086797980661950991e-01 6.252365711259986192e-01 6.399003927858391005e-01 6.675604716596997834e-01 6.908287470691018006e-01 7.108732064672248496e-01 7.305041412069105400e-01 7.442639379858954074e-01 7.594294919953862300e-01 7.778078784907191956e-01 7.871280096785268077e-01 8.072550435582507289e-01 8.201985947179194492e-01 8.362511173201628845e-01 8.600623448429620677e-01 8.731365443290772799e-01 8.826858075647640023e-01 9.018286818687610840e-01 9.313155748664214695e-01 9.476046260852586389e-01 9.590511599645029639e-01 9.753831941505495262e-01 9.876439175155848904e-01 9.957871983507580183e-01 1.028186451326049022e+00 1.045137657231082207e+00 1.066239044969242267e+00 1.082335492312438641e+00 1.095844450751940924e+00 1.100708611004131976e+00 1.128329738339166832e+00 1.144359178323600013e+00 1.159672050662583720e+00 1.174274981618297797e+00 1.185499096149651876e+00 1.212145175910274153e+00 1.228526200512684685e+00 1.245567335798640318e+00 1.257907914829942131e+00 1.273143432050730439e+00 1.289980970558608719e+00 1.318093393136999358e+00 1.336824353914227714e+00 1.364106745726893388e+00 1.371016339097061776e+00 1.392671019107669439e+00 1.411221745814948747e+00 1.423023876512298669e+00 1.444652582531456675e+00 1.471643188701994953e+00 1.493289212795611443e+00 1.508456056755875796e+00 1.514077262637939514e+00 1.550789243935437156e+00 1.570597014564800276e+00 1.582949550056782062e+00 1.592292835114402338e+00 1.622642353024106976e+00 1.634755954881126128e+00 1.662768071858208740e+00 1.692057672929566436e+00 1.699380344498798712e+00 1.716785518765501672e+00 1.745284980548257980e+00 1.772835721482886484e+00 1.793480820598912784e+00 1.829219973084510009e+00 1.850186469948950752e+00 1.885148796016298922e+00 1.899348837966122527e+00 1.931846631862805141e+00 1.961897033646951227e+00 1.975040784408741201e+00 2.010280299039352681e+00 2.034244322526096216e+00 2.053816218808744765e+00 2.092805618457958872e+00 2.112755056974283896e+00 2.147951799750255741e+00 2.198795656740551774e+00 2.212856508014241719e+00 2.233180679241545175e+00 2.258969351272908099e+00 2.314718836196071106e+00 2.338928385519099429e+00 2.353842971292562147e+00 2.395182609733446988e+00 2.429730372054518472e+00 2.453310508142496182e+00 2.502307888879382158e+00 2.557481469012787834e+00 2.629601648778615797e+00 2.722404503882392302e+00 2.744330063212757853e+00 2.774844641019658553e+00 2.825654071844153403e+00 2.900730292503582497e+00 2.941715759808179786e+00 2.970668581460754076e+00 3.021713067194380375e+00 3.058340643409493964e+00 3.098332905656646208e+00 3.213524653230560801e+00 3.336437062640407181e+00 3.386804531824109787e+00 3.436279496889098173e+00
2.172989189511913000e-01 2.384764095238809112e-01 3.288541651535619170e-01 3.549104778993182885e-01 3.794661949893775033e-01 4.164718054850900519e-01 4.427405366832129485e-01 4.687029733110793517e-01 4.826229862611225441e-01 5.091951544812913788e-01 5.333185646250874212e-01 5.413350729077419654e-01 5.703815864976247152e-01 5.970659878128800058e-01 6.048023125395556310e-01 6.248281213303609194e-01 6.429278684822327117e-01 6.655367961705868085e-01 6.919287298130423203e-01 7.123616039424215396e-01 7.255029235611396565e-01 7.404008267235924201e-01 7.610460195515597048e-01 7.766792784421533424e-01 7.877920457980679414e-01 8.069077763655391200e-01 8.222729554683593234e-01 8.357289439242894247e-01 8.608861377215427657e-01 8.720685370660938851e-01 8.810026173894703883e-01 9.056374375860096748e-01 9.327170718404877992e-01 9.435653928695715287e-01 9.591544848181908778e-01 9.757552140676025720e-01 9.876510109094297496e-01 9.945339386962842587e-01 1.031272469877001274e+00 1.043712205256811965e+00 1.064629604589113709e+00 1.079035696390396648e+00 1.095752104100331525e+00 1.102014128853816555e+00 1.128484775476623847e+00 1.143340420969694238e+00 1.161240978321756323e+00 1.175169733287310114e+00 1.184063169981892649e+00 1.210331913521044633e+00 1.231001944772037726e+00 1.241715013062070883e+00 1.256794443941452899e+00 1.273308215224552287e+00 1.290103851857617334e+00 1.315555375063566013e+00 1.335885494310218746e+00 1.360730558925627109e+00 1.368872446384577390e+00 1.396485581907878748e+00 1.411108210042590461e+00 1.419880054315792783e+00 1.445166466892830126e+00 1.461388676191681224e+00 1.484660178432720912e+00 1.505920304155980771e+00 1.510467923284822156e+00 1.547326699582592502e+00 1.565627435107793675e+00 1.578558660455129381e+00 1.590156727651392599e+00 1.620022842130857788e+00 1.632830421157926537e+00 1.669652618298011593e+00 1.690745025159943404e+00 1.698390063325137866e+00 1.713791495108954122e+00 1.737032087214260612e+00 1.771739860007800260e+00 1.788616222677360756e+00 1.821023971141196629e+00 1.844236128201800273e+00 1.881579765157769035e+00 1.900006645436695063e+00 1.930842424775236266e+00 1.965327855021426151e+00 1.977993094596652845e+00 2.008957340714875528e+00 2.036035802343056922e+00 2.057656026969843843e+00 2.091635279301037098e+00 2.105360830114454185e+00 2.145505876394961486e+00 2.198274392133681587e+00 2.207895516657006230e+00 2.233357533561898478e+00 2.261249960675962623e+00 2.311339511621793186e+00 2.328483140429463916e+00 2.352097677679337639e+00 2.391129981693751017e+00 2.421757019555014434e+00 2.451004663654863691e+00 2.501591495268656207e+00 2.551567614431331510e+00 2.623268272815663327e+00 2.723726900387958949e+00 2.743067648489597055e+00 2.772690181561792588e+00 2.816616808178845854e+00 2.914645246276701407e+00 2.947481609764866839e+00 2.962791262435287454e+00 3.020319276981757728e+00 3.054299129220777953e+00 3.106157473804698643e+00 3.205685926805838193e+00 3.339894947386364166e+00 3.387455564717217094e+00 3.436283765931432921e+00
1.960771919131044094e-01 2.185289905094688345e-01 3.182340296756464570e-01 3.467746239380541384e-01 3.730221726098298940e-01 4.020170621947616318e-01 4.337566691299935551e-01 4.662383950838931423e-01 4.788808264960875416e-01 5.032032348283469458e-01 5.233118087187548229e-01 5.398468724335873103e-01 5.700887014568991606e-01 5.888286484688285416e-01 6.018830373295208647e-01 6.244080259971681590e-01 6.464325507300761053e-01 6.649700058170564532e-01 6.911835438380704577e-01 7.132306519430265945e-01 7.223186345909866635e-01 7.405799929750189747e-01 7.634209533688119942e-01 7.744866232754488156e-01 7.879345825807514414e-01 8.074660545260988753e-01 8.243824388108710322e-01 8.389082738913047343e-01 8.597804405954146967e-01 8.697321734396749049e-01 8.826181698136807974e-01 9.090199285734306134e-01 9.326394562601546534e-01 9.419303033479373699e-01 9.583727947670424019e-01 9.756902478222132524e-01 9.888655665131013128e-01 9.943206183759560890e-01 1.032805419455884222e+00 1.044077597774167199e+00 1.058032288192145121e+00 1.076134058077114819e+00 1.095774938407173771e+00 1.106275072221568623e+00 1.128989770089880329e+00 1.143060340537441766e+00 1.161785606507425239e+00 1.176521305719840704e+00 1.183437233646775555e+00 1.207580334910583586e+00 1.231622634239228242e+00 1.237404461604042716e+00 1.255869220608474279e+00 1.273955701912656169e+00 1.291332269019970669e+00 1.312609512999586281e+00 1.333051173550910740e+00 1.356561693044584072e+00 1.368453843577189133e+00 1.400283606366624189e+00 1.410224058963555516e+00 1.416351190969169949e+00 1.441723706055493492e+00 1.452415201240839560e+00 1.479159065908894011e+00 1.500624578725791469e+00 1.508378166191920888e+00 1.543883510542236603e+00 1.558731526371260001e+00 1.575888106208042760e+00 1.588439877609693074e+00 1.615052714583655735e+00 1.630939810277280744e+00 1.677018107578514439e+00 1.688381942019789861e+00 1.697191830778958410e+00 1.709743407387998904e+00 1.727937325527125312e+00 1.768583363363673611e+00 1.786486355489073530e+00 1.813070618819628166e+00 1.833819585059134560e+00 1.880990009870966873e+00 1.900229470810729904e+00 1.930012431141711060e+00 1.969987997576190919e+00 1.980657830295452948e+00 2.007657733561741598e+00 2.037277981207607169e+00 2.059764447108103358e+00 2.089411600747776543e+00 2.100813654152114740e+00 2.143547863815759236e+00 2.196690853338969962e+00 2.200565267636015676e+00 2.235647425983174230e+00 2.262365349312099649e+00 2.297231526257781820e+00 2.323317748464628352e+00 2.355433901105514760e+00 2.387203710179555571e+00 2.413710896114439119e+00 2.447181185077015986e+00 2.499076805200473483e+00 2.546252656129918801e+00 2.617672090568607945e+00 2.725033389222704550e+00 2.741972647907169325e+00 2.770441077571863531e+00 2.811773618138172282e+00 2.923222383732940521e+00 2.951363015840931414e+00 2.959121965141890520e+00 3.018573243336858614e+00 3.050876396732585594e+00 3.116859390962612331e+00 3.197948091666918735e+00 3.343574871437613005e+00 3.388676424409396315e+00 3.436805725928493871e+00
1.728603627108527552e-01 1.954716209481835998e-01 3.014653085101834384e-01 3.414581314612049057e-01 3.627564228001901037e-01 3.828140956227521485e-01 4.266400485371917295e-01 4.565093076740648348e-01 4.823002099961975486e-01 4.948904666390774865e-01 5.168366539315173425e-01 5.406043587107733916e-01 5.696581201097568048e-01 5.833970282586922185e-01 5.991966018611094569e-01 6.239298493008060831e-01 6.487124186649911861e-01 6.653000646056044243e-01 6.890119037063117124e-01 7.112291680113741466e-01 7.258806436960626440e-01 7.409212065654607882e-01 7.652357881208741164e-01 7.726778320925269394e-01 7.875232287285107713e-01 8.111596732414999567e-01 8.256585798170601453e-01 8.431830609365805751e-01 8.560701993481691918e-01 8.688265641160589636e-01 8.854021255622381847e-01 9.111864308670412083e-01 9.303335460923387590e-01 9.446996571213613914e-01 9.573895905092382197e-01 9.746354273371479193e-01 9.890143359003490398e-01 9.966299883930641590e-01 1.031998073474227118e+00 1.045298491890380932e+00 1.050043586638032433e+00 1.073962621981718435e+00 1.096020133844479938e+00 1.110259529648572441e+00 1.129725283167344330e+00 1.143789801287929064e+00 1.159971003174278037e+00 1.177224119145865666e+00 1.185652582601012028e+00 1.205562149146253148e+00 1.227187460172105338e+00 1.234914987539180053e+00 1.254413177372098120e+00 1.274609612500187339e+00 1.294110538836943380e+00 1.309321644105355009e+00 1.328479448801767049e+00 1.353356303762592860e+00 1.368836544065357153e+00 1.401241847118670947e+00 1.406090992442705412e+00 1.412859744280301033e+00 1.434688762035235321e+00 1.451912485443899170e+00 1.474253426932749855e+00 1.493690770967375459e+00 1.507184880784716130e+00 1.540165556650384460e+00 1.551431528035386753e+00 1.573400963903435645e+00 1.585925746425424609e+00 1.609054680754575362e+00 1.629603471088863387e+00 1.682472057960950895e+00 1.685368496702309926e+00 1.695553941328057812e+00 1.703812723481761937e+00 1.721008275279956479e+00 1.765055969358526822e+00 1.783103472845598336e+00 1.806191903718720626e+00 1.821689090169591241e+00 1.881325997914672588e+00 1.901280042517929258e+00 1.929562038485442610e+00 1.974933921868187170e+00 1.982664777382977972e+00 2.006740532692675050e+00 2.038176267452136869e+00 2.059584574545716862e+00 2.086940314989419232e+00 2.097248673609607650e+00 2.142962976617936555e+00 2.188984144372506435e+00 2.196058110751354597e+00 2.238977846350221679e+00 2.259971041543724191e+00 2.286742706820314108e+00 2.317261860861419276e+00 2.360918180451660131e+00 2.382908099389239975e+00 2.407561711775688007e+00 2.440871014899783642e+00 2.494969362733047813e+00 2.543290231154523351e+00 2.613494368261087164e+00 2.725612218265703657e+00 2.740920443592421041e+00 2.768139081768977050e+00 2.810993160546757963e+00 2.924296867311942716e+00 2.949026374869313738e+00 2.965660243347183034e+00 3.017317478527662189e+00 3.048496870305710704e+00 3.128640465368740742e+00 3.190609267418650585e+00 3.347392763474308364e+00 3.390390211757982275e+00 3.437802753359792352e+00
1.470954555488994675e-01 1.699224654815957580e-01 2.813267643398362772e-01 3.287593038163727499e-01 3.459329943685176545e-01 3.749088098543851832e-01 4.219757019636040107e-01 4.469704632652335419e-01 4.776162526955454735e-01 4.930054810568549328e-01 5.142955030440955477e-01 5.426934241979091134e-01 5.659581951052479187e-01 5.835129614078241600e-01 5.969089880928837299e-01 6.231710888852338703e-01 6.503306547484047906e-01 6.662881603331507474e-01 6.867548706420908422e-01 7.094298532004699176e-01 7.311885155304935768e-01 7.397181700808874716e-01 7.655856943090505462e-01 7.724928698527143700e-01 7.885172850888351181e-01 8.154459356716363683e-01 8.272449697293083881e-01 8.468334219900700566e-01 8.518786446601849249e-01 8.684272009911105927e-01 8.880610781276908616e-01 9.123416803523530794e-01 9.280793457862839269e-01 9.490298698354239226e-01 9.572677432993645930e-01 9.730307334967026600e-01 9.880398112486802331e-01 1.000541077329259787e+00 1.030259957694478867e+00 1.036042959754636339e+00 1.052522908460805873e+00 1.072738555994497966e+00 1.095082952990753977e+00 1.112532800836729452e+00 1.130277277982402406e+00 1.145424735475548017e+00 1.156500193799908871e+00 1.177338849654372410e+00 1.190201082095119212e+00 1.204940556489635606e+00 1.219671076927530740e+00 1.233323608504489632e+00 1.251375363938614704e+00 1.275633430695756854e+00 1.296285810053933174e+00 1.306675104064477511e+00 1.324096060257778484e+00 1.350362721707689007e+00 1.369348600142200389e+00 1.391434523757139941e+00 1.401283644776489812e+00 1.414818237900299147e+00 1.431802494437533602e+00 1.452981868800509613e+00 1.469735415104741927e+00 1.486817715811745488e+00 1.506123429381927670e+00 1.534783868501823356e+00 1.545075749862299785e+00 1.570196956013057532e+00 1.581815603640948087e+00 1.603949642922522623e+00 1.629078833699006967e+00 1.678448756148142262e+00 1.683706243017424331e+00 1.694041932364726444e+00 1.698586178177953876e+00 1.718390157534606111e+00 1.761933174611212127e+00 1.776280120597876433e+00 1.800200728281761808e+00 1.810580899447348457e+00 1.881847644786375451e+00 1.904311274805291498e+00 1.929373551523317465e+00 1.978749623580627004e+00 1.984044007969927748e+00 2.006560095790800524e+00 2.038999264553881474e+00 2.058137814536777022e+00 2.083413497161756833e+00 2.093901971218788294e+00 2.143640256891432561e+00 2.176989258591576437e+00 2.193637683647741365e+00 2.242661893614039226e+00 2.254388492848122816e+00 2.284242575099883599e+00 2.310928336425670082e+00 2.364403881472300739e+00 2.378325342659582731e+00 2.405479126531451239e+00 2.432380468775718008e+00 2.490359978728224011e+00 2.542736288994120741e+00 2.610804050528745979e+00 2.725303472247777137e+00 2.739468243185538388e+00 2.765738285205461278e+00 2.813292906311013475e+00 2.920612478162246450e+00 2.947490761299544904e+00 2.972273757706731079e+00 3.017349756803988647e+00 3.047509421283724595e+00 3.140104713544992432e+00 3.184029019144075878e+00 3.351244019767140259e+00 3.392484035388057872e+00 3.439181355133078544e+00
1.186627768532626387e-01 1.428869831528102596e-01 2.514807250827387208e-01 3.099977112037684002e-01 3.370968133597943561e-01 3.743315944741020251e-01 4.181920575365853376e-01 4.385731477926774202e-01 4.696435967529106192e-01 4.929823581328999782e-01 5.143389526467372352e-01 5.456976125024685098e-01 5.626540621445816903e-01 5.857599348992458266e-01 5.947731245050411619e-01 6.225784878540456813e-01 6.519074251539711540e-01 6.674891562562307312e-01 6.853367068067099943e-01 7.085461967392790994e-01 7.346074993544925436e-01 7.381937243707847873e-01 7.641809301549858935e-01 7.739947055238196594e-01 7.909483219685952138e-01 8.180413285976413373e-01 8.305917571173534464e-01 8.460023715988622683e-01 8.521087663608243323e-01 8.675738233699573643e-01 8.903221158308636252e-01 9.126106657249183352e-01 9.268177318727423009e-01 9.518345934465032299e-01 9.585811356250967252e-01 9.718914457533898155e-01 9.874702046536774080e-01 1.003963740687762174e+00 1.023054912319608656e+00 1.031571892057867812e+00 1.056832943929369772e+00 1.072288081489259692e+00 1.092674373734869198e+00 1.112383907429008723e+00 1.128972907585040097e+00 1.147008129658375397e+00 1.154782353619115964e+00 1.176933294075656944e+00 1.195029063945130865e+00 1.205060086335653535e+00 1.212096529069692785e+00 1.231881353016755609e+00 1.246922824949831199e+00 1.276769520056486584e+00 1.294220937057706466e+00 1.307198268971543120e+00 1.321762361902960370e+00 1.346480750390893766e+00 1.367254100123910243e+00 1.379414265995852595e+00 1.399733062670760031e+00 1.416914898950523138e+00 1.430003109425244778e+00 1.453463854611154460e+00 1.466416839725866561e+00 1.481345276714701287e+00 1.504782948063253079e+00 1.527364912084413051e+00 1.539313200653946945e+00 1.566681335702641231e+00 1.576950437111559244e+00 1.600333456803756604e+00 1.629015741141152995e+00 1.666525439845064183e+00 1.677685621628606683e+00 1.692514020937559760e+00 1.700393467806467607e+00 1.718510045244214135e+00 1.757114426977198107e+00 1.768919950927974272e+00 1.791904396762279195e+00 1.804715084350577481e+00 1.882536939639755547e+00 1.909632397343435484e+00 1.929283212321343033e+00 1.980149459504609633e+00 1.984979723643087945e+00 2.007247399898566709e+00 2.040155174384746140e+00 2.056339225239698809e+00 2.078621521129862870e+00 2.091137877411608947e+00 2.143917369264425332e+00 2.165741695484256102e+00 2.191291924924310131e+00 2.244598654621820177e+00 2.251630356459183968e+00 2.285418426492383137e+00 2.305582130721345546e+00 2.362591121252390014e+00 2.375334998001019660e+00 2.408005593808630440e+00 2.423197031759495523e+00 2.486007497048089654e+00 2.543600690099700579e+00 2.609401874117654785e+00 2.724327014765477450e+00 2.737261359148582596e+00 2.763061306398492345e+00 2.817580433912442839e+00 2.915827305847868089e+00 2.946725230576786814e+00 2.975711475964571751e+00 3.018608912168347036e+00 3.048199677829773080e+00 3.149943862545279138e+00 3.178848723015528677e+00 3.354989399590932120e+00 3.394802916656996850e+00 3.440804296556208897e+00
8.815047978810881812e-02 1.151330084850176738e-01 2.100575459736275241e-01 2.989134961840848592e-01 3.310395265313946789e-01 3.765149394031236385e-01 4.148975345066401865e-01 4.322635902756311599e-01 4.623781521165226116e-01 4.913037424240948581e-01 5.151182508911177349e-01 5.493353114213148647e-01 5.619481909582099144e-01 5.880311467384790047e-01 5.925233801174560888e-01 6.227913613861107978e-01 6.534992910404139321e-01 6.681945493081574705e-01 6.850831129812854359e-01 7.084749909812820823e-01 7.339773951541884722e-01 7.389450136970154848e-01 7.609776552591731580e-01 7.770713238702720016e-01 7.933030487472784165e-01 8.194722079817345906e-01 8.345476140900357498e-01 8.440062205862732814e-01 8.540864997449573170e-01 8.669141280608855249e-01 8.925536676272608494e-01 9.111256947046324495e-01 9.269996830160379675e-01 9.523341401535242445e-01 9.592804817803713968e-01 9.717625672495148192e-01 9.879883031385574554e-01 1.006046926282102127e+00 1.013460500181748269e+00 1.033620838526139396e+00 1.060500398419833790e+00 1.072603520951469491e+00 1.089171208215641951e+00 1.109974381363858731e+00 1.124535191750712704e+00 1.147841005798549086e+00 1.156492555271428246e+00 1.176485668846604771e+00 1.195669129339139269e+00 1.203542740091931851e+00 1.209599341006347695e+00 1.229988631399419496e+00 1.243315226212626134e+00 1.277370358450423460e+00 1.290251114650422082e+00 1.308804783309879705e+00 1.321522433190125190e+00 1.340887090220585831e+00 1.359610554878411648e+00 1.374775932735493367e+00 1.399127222464964238e+00 1.417480887122627875e+00 1.428206961960080790e+00 1.451481077824122057e+00 1.464765911834675860e+00 1.478890764889919218e+00 1.502606918533769376e+00 1.518843119572304889e+00 1.534137416451131219e+00 1.562802273844511536e+00 1.573192511969310869e+00 1.597396862571028864e+00 1.626895585551692669e+00 1.651934619208689448e+00 1.673703377665534120e+00 1.690713957992772132e+00 1.703559346622281145e+00 1.719736167526617177e+00 1.747542747320167456e+00 1.765151738427535699e+00 1.783804125604359969e+00 1.802637833797606559e+00 1.883328381074269808e+00 1.916760351378067773e+00 1.929358868404720706e+00 1.979309497404838192e+00 1.985227821827465489e+00 2.007953060301878700e+00 2.041979405706995099e+00 2.054551803016148259e+00 2.074709009782553792e+00 2.088402256610623287e+00 2.141489436871139240e+00 2.158216900997897980e+00 2.189294777175868845e+00 2.242422955506436555e+00 2.255095802797568272e+00 2.287050246098974338e+00 2.302092355820144931e+00 2.356951520156816304e+00 2.373924564656654468e+00 2.411051941254787057e+00 2.417110231525319897e+00 2.482049730608330229e+00 2.545006059835475565e+00 2.609000305796246089e+00 2.722950495959400197e+00 2.734325673812369129e+00 2.760069104122822470e+00 2.822846832322377431e+00 2.911595582154244077e+00 2.946185264804792148e+00 2.976365104820990926e+00 3.020059912668166646e+00 3.050482046975311778e+00 3.156323867545514972e+00 3.176499655772650588e+00 3.358452727454514175e+00 3.397150920921486961e+00 3.442502055885840573e+00
5.589572441161959337e-02 8.696173884293777190e-02 1.629301346405379325e-01 2.924352464763165238e-01 3.265645558138131621e-01 3.803239628990275900e-01 4.124926246346938274e-01 4.277954891027974105e-01 4.560840714391125594e-01 4.892777468441126265e-01 5.149099245730136554e-01 5.528772901481496804e-01 5.638999889622011708e-01 5.889630455713402712e-01 5.912449905362946456e-01 6.240879594299875155e-01 6.547912323063352913e-01 6.677636223574938690e-01 6.860594455270307979e-01 7.090836947339107521e-01 7.327795117614074316e-01 7.394996563614902874e-01 7.564215130140751198e-01 7.811735193124133003e-01 7.944760429248384215e-01 8.208709266500743285e-01 8.363899616238077428e-01 8.445903078333036884e-01 8.548034568521771792e-01 8.681617437400293014e-01 8.949207480876611998e-01 9.076298114822384244e-01 9.284754020052250478e-01 9.506717700247935277e-01 9.581743729229617035e-01 9.722337579749077419e-01 9.859855414624059122e-01 1.007337311434517435e+00 1.010823260241998867e+00 1.037139098103909696e+00 1.062579840205721382e+00 1.073789120499417438e+00 1.085498422160512622e+00 1.105807357274590119e+00 1.119090391734912870e+00 1.147609959093792265e+00 1.159281796286831145e+00 1.176689308088871400e+00 1.189184830609505639e+00 1.201965050280729530e+00 1.211996631346052178e+00 1.226386334543556833e+00 1.243845889846500352e+00 1.277029602779510498e+00 1.287287847923620498e+00 1.309749299331979699e+00 1.321330949439456504e+00 1.333909525318517586e+00 1.354304192671470730e+00 1.372003711421668326e+00 1.398955677706188450e+00 1.415902493161065534e+00 1.427464338042674807e+00 1.447289514146201439e+00 1.463965683671841100e+00 1.479220042315634753e+00 1.498884945533751401e+00 1.512025718269727204e+00 1.530046746596705587e+00 1.557974367403677229e+00 1.570946060729437876e+00 1.593792931735826590e+00 1.619241313790855452e+00 1.645283980908685662e+00 1.670943629746028947e+00 1.689407416622282332e+00 1.705920249686045498e+00 1.721084580103219741e+00 1.736834082889065156e+00 1.761787818293540919e+00 1.779524913416073106e+00 1.801772193210360307e+00 1.884080870358081583e+00 1.923706176081418251e+00 1.931007269523511427e+00 1.976697599071966627e+00 1.985035749408519345e+00 2.007330935005364747e+00 2.044255574276535814e+00 2.053822381356126936e+00 2.072565361189560917e+00 2.085623606380434314e+00 2.136458340121144772e+00 2.154424135719585021e+00 2.187754355858937849e+00 2.239958599171191445e+00 2.260361522580409233e+00 2.287739492116022344e+00 2.300737838971767868e+00 2.350975194883227370e+00 2.372688927301887851e+00 2.405656917332810618e+00 2.421793876509294119e+00 2.478505950309557893e+00 2.546433949005024733e+00 2.609267286867517743e+00 2.721410410195896912e+00 2.731021557732071781e+00 2.757038567554078501e+00 2.828183713030331781e+00 2.908311890574849290e+00 2.945797177913802578e+00 2.975575383279659647e+00 3.020957750292083244e+00 3.053612517473822230e+00 3.157754478921221963e+00 3.178261889728525080e+00 3.361434130468961889e+00 3.399305342565477339e+00 3.444088746930158873e+00
1.559347111871486717e-02 5.842367824511945223e-02 1.138805864148702274e-01 2.878362865513963698e-01 3.236622030031587327e-01 3.850068292265655945e-01 4.106790710464825467e-01 4.248258913535669090e-01 4.510785329231202234e-01 4.877048180800130361e-01 5.136532719377089329e-01 5.556273201268716599e-01 5.677071663147323921e-01 5.860700322149948738e-01 5.933244022215016233e-01 6.261506475572532482e-01 6.558036678653943463e-01 6.660596188649688942e-01 6.879102702393480318e-01 7.100339073573517235e-01 7.320077321853034613e-01 7.396557292308330034e-01 7.514878124153157035e-01 7.851928537145650422e-01 7.947026124859011276e-01 8.219843414954854932e-01 8.369471883388068800e-01 8.448654048070153300e-01 8.561404030664486742e-01 8.714659784761854544e-01 8.968316244036298457e-01 9.037191644088379272e-01 9.301894970888809899e-01 9.472297839569070455e-01 9.559406111843666842e-01 9.728246297897025219e-01 9.802173162074029333e-01 1.008677332022512418e+00 1.016337891454254461e+00 1.040115528286200464e+00 1.061916583437835904e+00 1.075364546772505925e+00 1.083472918665599583e+00 1.100950714748066828e+00 1.115093010225680858e+00 1.145608611624430395e+00 1.161369595334065918e+00 1.177233076136798617e+00 1.181963306856709472e+00 1.199564784276196283e+00 1.214987768167478777e+00 1.222671795302325393e+00 1.247388964269038114e+00 1.276151484757557686e+00 1.285400844250538244e+00 1.310212840024404857e+00 1.319076449105659687e+00 1.328820474588185752e+00 1.353302460739365332e+00 1.369313014906549997e+00 1.396777764562395774e+00 1.414162608622092865e+00 1.427402819953092816e+00 1.444363360171875055e+00 1.462288933359588317e+00 1.479544404867024765e+00 1.495370206863640528e+00 1.508767252620940136e+00 1.526918582943545655e+00 1.552468431955190908e+00 1.568970137447813551e+00 1.589028764692373752e+00 1.612411238686257242e+00 1.644498213790975383e+00 1.669586436498853743e+00 1.688537122635197729e+00 1.707543945417735687e+00 1.721074698872627318e+00 1.728788873303878537e+00 1.757687973094195222e+00 1.778634751934517810e+00 1.801404092383337652e+00 1.884688060774541984e+00 1.925952431700749701e+00 1.938167923704863904e+00 1.972284570626708478e+00 1.984830174390125990e+00 2.005346749420418018e+00 2.046222219812858345e+00 2.055282241956376765e+00 2.070715817437403405e+00 2.083791377351227325e+00 2.131388455368889545e+00 2.152097505925239407e+00 2.186592525429791767e+00 2.238175470953743140e+00 2.265738298489312630e+00 2.287225264303235139e+00 2.300801926048081647e+00 2.346197699272028370e+00 2.371508648454175638e+00 2.400495703800264113e+00 2.427485313435170600e+00 2.475538789896582603e+00 2.547605156583901298e+00 2.609843315199537273e+00 2.719957007728439624e+00 2.727931946281546782e+00 2.754444286271361175e+00 2.832771481725574247e+00 2.905955391493049156e+00 2.945578650359758743e+00 2.974404557277903205e+00 3.021322227963061380e+00 3.056575933043664151e+00 3.156504471820260616e+00 3.181787831112182996e+00 3.363735566544217459e+00 3.401042966057334915e+00 3.445382437792103403e+00
-3.017902651567675593e-02 2.944365243572008919e-02 6.482074395641355957e-02 2.847739876944138659e-01 3.220813334251731441e-01 3.895443832146642804e-01 4.084856491475651330e-01 4.235667956239468346e-01 4.477354158150075869e-01 4.867756610732731914e-01 5.122690652581762816e-01 5.574538201743838295e-01 5.721036755594564038e-01 5.823499648328986922e-01 5.952680004121456703e-01 6.281089342204788650e-01 6.570559498286911992e-01 6.635749450689221174e-01 6.897424241329397354e-01 7.108068524151477385e-01 7.314737282461311052e-01 7.399848204660866013e-01 7.474810109020020299e-01 7.878679728308723984e-01 7.948267127164677648e-01 8.224391967271614812e-01 8.378063545172342863e-01 8.435121242095260374e-01 8.581506777098740768e-01 8.753533411344819326e-01 8.960281482005525433e-01 9.026807710297047871e-01 9.311547013949503793e-01 9.440784276647976592e-01 9.530766683344162882e-01 9.726526261094027292e-01 9.763270414725199187e-01 1.009765232235192878e+00 1.024468606287502581e+00 1.040783893709260166e+00 1.058816253579260902e+00 1.077040772600750707e+00 1.083251415890947200e+00 1.097274416363962501e+00 1.113325850662805427e+00 1.142365151049995919e+00 1.162978176419675824e+00 1.172859278648454406e+00 1.181241195751061568e+00 1.197516905688160271e+00 1.217208148395381606e+00 1.220287470550578846e+00 1.250850983396670779e+00 1.275533587250682555e+00 1.284011119085333608e+00 1.310226631730890601e+00 1.316399371944277252e+00 1.326510841450505573e+00 1.354350952228449145e+00 1.367784636349356875e+00 1.391981626350167645e+00 1.414065606502548089e+00 1.427323384202039858e+00 1.444461012609004058e+00 1.459006153239574388e+00 1.478881189494770432e+00 1.494612957759166028e+00 1.507569674664497095e+00 1.524761840801124979e+00 1.547493899733384248e+00 1.567010069938053807e+00 1.585623793740916776e+00 1.609720160960945723e+00 1.644671024323560493e+00 1.669553407275875312e+00 1.687915691279413322e+00 1.708681116987671667e+00 1.717706098389645719e+00 1.726458824609028220e+00 1.754520785363431479e+00 1.778902177794313699e+00 1.801264971137137572e+00 1.885081626882053607e+00 1.926095712110038161e+00 1.947612985379599593e+00 1.965988231681251808e+00 1.984726508476790441e+00 2.003339839683597301e+00 2.047535717018265533e+00 2.058307442550570965e+00 2.067770898707820049e+00 2.083573121086399471e+00 2.127777845624381658e+00 2.150529668501051539e+00 2.185809907801786078e+00 2.237134930689526069e+00 2.270187207218645753e+00 2.286050875078094347e+00 2.301170853760309498e+00 2.343226331222342917e+00 2.370619816199607932e+00 2.397347739577819770e+00 2.431489451060424578e+00 2.473480397218027704e+00 2.548364499228497060e+00 2.610375581674782008e+00 2.718881228057896671e+00 2.725727474239775905e+00 2.752718486815511678e+00 2.835888740880443848e+00 2.904496444704232516e+00 2.945497675746488575e+00 2.973483654020766309e+00 3.021416546969694750e+00 3.058614110296682842e+00 3.155154989509167063e+00 3.184490377269241002e+00 3.365190347544002147e+00 3.402172302242539192e+00 3.446228573349590985e+00
-1.418580587553115117e-04 -1.132756865115539869e-04 5.354742947570126436e-08 2.836753121123065657e-01 3.215799197376791319e-01 3.917521411239890394e-01 4.070628254324271666e-01 4.233947553980196288e-01 4.465207740616234378e-01 4.864753477214980859e-01 5.116867174697760090e-01 5.581177952952836030e-01 5.751322679767898460e-01 5.795629736984146962e-01 5.960256387355401531e-01 6.289193316338413942e-01 6.581629998958427041e-01 6.618963919647795624e-01 6.905181682263594745e-01 7.110786495390294393e-01 7.312554092049708965e-01 7.402838782010369156e-01 7.458296840153505469e-01 7.886887352336725554e-01 7.949954002582196866e-01 8.225052177806699838e-01 8.384187595464173137e-01 8.426206049440410073e-01 8.590084717340774612e-01 8.772708667341809763e-01 8.946824028405503393e-01 9.031903711054956041e-01 9.313005739198719768e-01 9.429410060347737099e-01 9.516102395752645826e-01 9.719608985472750762e-01 9.756815819709968585e-01 1.010187541345020312e+00 1.029376972310053651e+00 1.039493634103155539e+00 1.057023591325759293e+00 1.078230613512153546e+00 1.082889440500723000e+00 1.096067174380004561e+00 1.113056795449183456e+00 1.140589179538165299e+00 1.164258620331950267e+00 1.169590528678443153e+00 1.182012692432081291e+00 1.196724656825296274e+00 1.218162109132540083e+00 1.219355995446018914e+00 1.252221767805427266e+00 1.275367177453297529e+00 1.283436048406777941e+00 1.310009349029281012e+00 1.315546272882640144e+00 1.325813731375465432e+00 1.355026541214537694e+00 1.367569348117078087e+00 1.389245718222311687e+00 1.414308332633929188e+00 1.427288802494223408e+00 1.445447449700990816e+00 1.456792426531701823e+00 1.478557023660601821e+00 1.494794115811640678e+00 1.507270967270275763e+00 1.523957207305610906e+00 1.545397357910415659e+00 1.566178564447678445e+00 1.584615199689417109e+00 1.609109078704936246e+00 1.644733474368443860e+00 1.669810335684518421e+00 1.687638983256637415e+00 1.709222787716858205e+00 1.715612357930341725e+00 1.726340020771904848e+00 1.753365041902338106e+00 1.779097724810651204e+00 1.801230818115220789e+00 1.885218098065520431e+00 1.926063244135443719e+00 1.954923521350174997e+00 1.959846692218401021e+00 1.984699032779964956e+00 2.002536335336058126e+00 2.048029533307393013e+00 2.060627216639555392e+00 2.065405322617637651e+00 2.083801551266994068e+00 2.126448770965780888e+00 2.149952194470444944e+00 2.185525574718346853e+00 2.236797210330395913e+00 2.272085720977081280e+00 2.285331591815754404e+00 2.301319429923730731e+00 2.342234308073698479e+00 2.370284249058800530e+00 2.396304985976246194e+00 2.432931491732355234e+00 2.472729002374950635e+00 2.548626997691092022e+00 2.610588621220037542e+00 2.718476262276044331e+00 2.724930643033159239e+00 2.752117034450949795e+00 2.836996793989459587e+00 2.903994592758852189e+00 2.945483074778166177e+00 2.973142036958449363e+00 3.021427673699107253e+00 3.059332309764529079e+00 3.154635760633216712e+00 3.185457467275372601e+00 3.365688106374384425e+00 3.402563985110465872e+00 3.446522906498722616e+00
2.490325885677165813e-02 3.127427137634742477e-02 5.355445396447511969e-02 2.832042168603086663e-01 3.223995147643511916e-01 3.900047468492149894e-01 4.060695657569542982e-01 4.236609255244475625e-01 4.455282597365212149e-01 4.858522320945233841e-01 5.122435952911793544e-01 5.556854836297338007e-01 5.737590809307903106e-01 5.816798308794951522e-01 5.952870435564049378e-01 6.313399202068756821e-01 6.552933709322772415e-01 6.651860167453194084e-01 6.895062139565908410e-01 7.113210993477911970e-01 7.289702136976231595e-01 7.409610943709767916e-01 7.495414325360337804e-01 7.858036300885995473e-01 7.965668412165500811e-01 8.218899866664628462e-01 8.343072872821264419e-01 8.451439204989241727e-01 8.597343674667804470e-01 8.773094821107348951e-01 8.943867732349934929e-01 9.033668235724752194e-01 9.300938158958537150e-01 9.435142840172436873e-01 9.531142060116150061e-01 9.723282228609487765e-01 9.760986394590458470e-01 1.008730150322295849e+00 1.028283320265145795e+00 1.040936492352489751e+00 1.057425229285218204e+00 1.077517490764740904e+00 1.081123159303165160e+00 1.097725702759055011e+00 1.113838785236299422e+00 1.140871111268153770e+00 1.162304099887417452e+00 1.169435303235662804e+00 1.183243834129691807e+00 1.197312969430983864e+00 1.216741332950359800e+00 1.220902581541916998e+00 1.252227654566350212e+00 1.275101891382760533e+00 1.283749957886870963e+00 1.310154596315378228e+00 1.315792104488297642e+00 1.326634590265090230e+00 1.354381254957925718e+00 1.367455761621460653e+00 1.389334901713231707e+00 1.414565637664869646e+00 1.426720847340918308e+00 1.445443493683006508e+00 1.456500703051004431e+00 1.477175630313440013e+00 1.497157977326840639e+00 1.507432390186128401e+00 1.524522791472189498e+00 1.546051920113513667e+00 1.566375133683459930e+00 1.583970090633793237e+00 1.608902205969251709e+00 1.644484677067688194e+00 1.668707224990328530e+00 1.686944487533207360e+00 1.708256144130929410e+00 1.715708817586648394e+00 1.728153878061077675e+00 1.755227354877085588e+00 1.779388156798680010e+00 1.802057031350751792e+00 1.885064853101349636e+00 1.926233999759153104e+00 1.950926115394638671e+00 1.963000152857871994e+00 1.985956689856166024e+00 2.002339284951164089e+00 2.047878850113474147e+00 2.058836443987065223e+00 2.066702315895639241e+00 2.084116759857161494e+00 2.125464418392672972e+00 2.149933941968952489e+00 2.186315847748437680e+00 2.237047427686451151e+00 2.271994385159662233e+00 2.285911217507283766e+00 2.301090449967609697e+00 2.342454038060970856e+00 2.370282116760451530e+00 2.396116437408565503e+00 2.432223968585726759e+00 2.473629112573603628e+00 2.547924973889873268e+00 2.611080671779521190e+00 2.718087319186484496e+00 2.725285281175300334e+00 2.752429301587319799e+00 2.836625677870261875e+00 2.904243960109329503e+00 2.945307886770526462e+00 2.972813357776040721e+00 3.021557922430319731e+00 3.058779010570920498e+00 3.154790886272124784e+00 3.184694442121972724e+00 3.365358159357087597e+00 3.402624803553966348e+00 3.446145005405361950e+00
4.951263719880273639e-02 6.225048821230959317e-02 1.060554814264894063e-01 2.820112009286029897e-01 3.244434615173388825e-01 3.853210802839800442e-01 4.034168959803557386e-01 4.241395025907935268e-01 4.427832672951071968e-01 4.839696566428013935e-01 5.131520511183007560e-01 5.508896853069601418e-01 5.695046253700165595e-01 5.851256157429259863e-01 5.956869325755557165e-01 6.364254264311758336e-01 6.517820881650427944e-01 6.697310629934473125e-01 6.871470071311565064e-01 7.123294379943418964e-01 7.258834528082238613e-01 7.425191040116237984e-01 7.562321342380154965e-01 7.809724746029023112e-01 7.981112969918032762e-01 8.194410609201714379e-01 8.296163987672543483e-01 8.456796598304027190e-01 8.618988725854058730e-01 8.781756301804102272e-01 8.917740375209298742e-01 9.053934853059497634e-01 9.274374006890498956e-01 9.447519259158322358e-01 9.563864922547007374e-01 9.720754456747086047e-01 9.785656294167967006e-01 1.005232469582516996e+00 1.026083245449002090e+00 1.044137413642694634e+00 1.058526555103898037e+00 1.074395840450677930e+00 1.078747863155894438e+00 1.100578928907005594e+00 1.116002707340971511e+00 1.141704002855384648e+00 1.158636242889073076e+00 1.168546731635874636e+00 1.184690526659036180e+00 1.199422087919265856e+00 1.215232282940405639e+00 1.223021893021916995e+00 1.252202336272850713e+00 1.274275124763891043e+00 1.285050481994628013e+00 1.310002056635942713e+00 1.316296874443741993e+00 1.329443127156972659e+00 1.352642530682624855e+00 1.366701884382335086e+00 1.389817515387990143e+00 1.415377030687885229e+00 1.425020859570262477e+00 1.445615441584789940e+00 1.456035549906137483e+00 1.474134610879897167e+00 1.502350778455300961e+00 1.508110737194601647e+00 1.525934931392955773e+00 1.548032344973363728e+00 1.566921594066619239e+00 1.582234643392449236e+00 1.608328815511315124e+00 1.643792274068311077e+00 1.665616655984168970e+00 1.685174321141777121e+00 1.706076410662864307e+00 1.716535170134922961e+00 1.731532646520836272e+00 1.760594434175945855e+00 1.780444492048311345e+00 1.804525886266324486e+00 1.884573497463773339e+00 1.926695616580115455e+00 1.945114835493229721e+00 1.966224170404377913e+00 1.989658758976588171e+00 2.001893820649487843e+00 2.046977922157539265e+00 2.056086988103265956e+00 2.068577716441473147e+00 2.085002195607587261e+00 2.122944823856835583e+00 2.149674874492447429e+00 2.188484463810506764e+00 2.237873520072999334e+00 2.271674113304265052e+00 2.287583934344145753e+00 2.300493518537634952e+00 2.343081982670192076e+00 2.370277664636963877e+00 2.395584920600762668e+00 2.430172901723168355e+00 2.476171718763115148e+00 2.545906540654025552e+00 2.612543803305597656e+00 2.717059522512455416e+00 2.726261164460338282e+00 2.753285114608282846e+00 2.835509011938900592e+00 2.904999837124187856e+00 2.944726197291842151e+00 2.971878378189002134e+00 3.021943359808649365e+00 3.057265043907637647e+00 3.155208915388151958e+00 3.182416750929771165e+00 3.364423042221531102e+00 3.402795824851822193e+00 3.445051110679148820e+00
7.349630176750628074e-02 9.260972510689483017e-02 1.561531159619913567e-01 2.806765182603380704e-01 3.267366519983005979e-01 3.789422803289517194e-01 3.997195340840517530e-01 4.244020028524757571e-01 4.388162425145630818e-01 4.809806774356137904e-01 5.124774843218354858e-01 5.468643569265180249e-01 5.635671547835802153e-01 5.864256041292750243e-01 5.994174309249803434e-01 6.407133820409285363e-01 6.489019696721638475e-01 6.736160702028826108e-01 6.860424004757754712e-01 7.137806815220876233e-01 7.241715569842163136e-01 7.449376769400570808e-01 7.600188574496558047e-01 7.781759394819354192e-01 7.983850281135373983e-01 8.149782237100930971e-01 8.267857224239554270e-01 8.439255671270695647e-01 8.640739548804524661e-01 8.805694113641582277e-01 8.874175056465187783e-01 9.084292773369664342e-01 9.245915609874613139e-01 9.458208339403728626e-01 9.589792059555672932e-01 9.720061228678575915e-01 9.824264101926178938e-01 1.001557278329005429e+00 1.024633231422886537e+00 1.046771959145371023e+00 1.060077148015113213e+00 1.069898122085842118e+00 1.077446682606192363e+00 1.102542109986734298e+00 1.118929499572705710e+00 1.142665462021239309e+00 1.155492297526778733e+00 1.167040697880888267e+00 1.184822963345829150e+00 1.202151951857449053e+00 1.214275405161824528e+00 1.225552263583714829e+00 1.252221432803755308e+00 1.273380461189237201e+00 1.287082367544962969e+00 1.308486506226913537e+00 1.317638477717459455e+00 1.333946067353649179e+00 1.350251931765378277e+00 1.364875262923190835e+00 1.390820062496458398e+00 1.416351697666326181e+00 1.423009544989158215e+00 1.445798566112117101e+00 1.455891771992410932e+00 1.471016875689681536e+00 1.505761527202549965e+00 1.511449115832639079e+00 1.527734231376507879e+00 1.551122698809249023e+00 1.567678916241334708e+00 1.580011737156980844e+00 1.607549556741538543e+00 1.642790690053278935e+00 1.661056177282463242e+00 1.683010851817286602e+00 1.703665402991623390e+00 1.717638834011167681e+00 1.734875747254192913e+00 1.767558849845826341e+00 1.783119893222287811e+00 1.808662366483045236e+00 1.883684586366884295e+00 1.927280052867150761e+00 1.939524687904780498e+00 1.967835029520706991e+00 1.994740482085891831e+00 2.001904421314024241e+00 2.044341955192179316e+00 2.054717830695923286e+00 2.070155174311575141e+00 2.086321009750079725e+00 2.119733533809147641e+00 2.148925633840814253e+00 2.191501577002686219e+00 2.239452832149792183e+00 2.271014095538423039e+00 2.290098039783973416e+00 2.299838769994776655e+00 2.344028227864304537e+00 2.370275651939547146e+00 2.394800960859993832e+00 2.426947552538539998e+00 2.479959837279033685e+00 2.542817769594282407e+00 2.614932938810056395e+00 2.715643503795464486e+00 2.727741384418131521e+00 2.754466375359118313e+00 2.833649054208339457e+00 2.906269733014763990e+00 2.943588655172817869e+00 2.970513036186312128e+00 3.022517700644394179e+00 3.055210270893487845e+00 3.155764013663235001e+00 3.178686577963790949e+00 3.363035293758272370e+00 3.403046436351666593e+00 3.443358527179855688e+00
9.645193080741200353e-02 1.219867606588222048e-01 2.014355357994486728e-01 2.804509109756801455e-01 3.282506187169034195e-01 3.721643658172566482e-01 3.955307784846162078e-01 4.243655813348057304e-01 4.341587758660466201e-01 4.773295856426324479e-01 5.090060652528900498e-01 5.448776060447954039e-01 5.574118940124234145e-01 5.866710754944387540e-01 6.035368504497774511e-01 6.413208073030004508e-01 6.474311544412434394e-01 6.772098710598279947e-01 6.882857986985412291e-01 7.142016802502481054e-01 7.242116893170079672e-01 7.476993347085405528e-01 7.577081625959609656e-01 7.792362864759666552e-01 7.979337740226878362e-01 8.106353091096671903e-01 8.248627639449797044e-01 8.419134565041467289e-01 8.651577802531286165e-01 8.819390155752703242e-01 8.851996825221207787e-01 9.099872305746334877e-01 9.226082617494256732e-01 9.460256401087975275e-01 9.579059611872869917e-01 9.755660697031149908e-01 9.855977156485349333e-01 9.996418170424198335e-01 1.024858773149220914e+00 1.047122923002455241e+00 1.058736252120078492e+00 1.069276914477104823e+00 1.076958456921098373e+00 1.103407479235668731e+00 1.121467336885859867e+00 1.142875636697428199e+00 1.153803504099097932e+00 1.165425467545889271e+00 1.184575300635870354e+00 1.203957551988761310e+00 1.213399810743879259e+00 1.228578675055756353e+00 1.252734417801713684e+00 1.273166238901801250e+00 1.288522016397317671e+00 1.305563893002230635e+00 1.320779924200156330e+00 1.338558889169621180e+00 1.348038498029795695e+00 1.362386890418487262e+00 1.391899339345735287e+00 1.415687188443866651e+00 1.423094455284226845e+00 1.444767278594124571e+00 1.456376173958579878e+00 1.469120656741430997e+00 1.506368792846804805e+00 1.516753551750023465e+00 1.529960212665784081e+00 1.554384755119786687e+00 1.568465117027752376e+00 1.578285466145090465e+00 1.606869675404675846e+00 1.641628300025413489e+00 1.655652936316048818e+00 1.680962842065735208e+00 1.701335535148800426e+00 1.718287156876294519e+00 1.738357910161802744e+00 1.772403352837200519e+00 1.788823854232116428e+00 1.814558434313237045e+00 1.882411374150806616e+00 1.927566074610614466e+00 1.934752208333898826e+00 1.968210551846270251e+00 1.997592612298347614e+00 2.004906071862690542e+00 2.040379756884068030e+00 2.054982523087557134e+00 2.071556821894734224e+00 2.087946502141165173e+00 2.116493741682381025e+00 2.147752307677503136e+00 2.194720491410703911e+00 2.241930559465770578e+00 2.269904846985305369e+00 2.292760780954728350e+00 2.299873192214277218e+00 2.345159563250145851e+00 2.370279936499291473e+00 2.393885099854174747e+00 2.422761648359245790e+00 2.484492262284332398e+00 2.539018962150819902e+00 2.618147147978827416e+00 2.714054755910316530e+00 2.729688735518412290e+00 2.755669402969589399e+00 2.831088114655115451e+00 2.908022447177746717e+00 2.941730680671062803e+00 2.969029251161188654e+00 3.023047745425441413e+00 3.053259130852878034e+00 3.156275305553159161e+00 3.173704775689216717e+00 3.361412277371218948e+00 3.403335780524264997e+00 3.441254655238041416e+00
1.178548474918148237e-01 1.499276912972946352e-01 2.356167610485577490e-01 2.854815455037086336e-01 3.286469658916899017e-01 3.661326405461844957e-01 3.912887937847991937e-01 4.237979142473719540e-01 4.294207379444408001e-01 4.736905019047971677e-01 5.042403361406222473e-01 5.440236273163815417e-01 5.517338199287833422e-01 5.868338599064699679e-01 6.053128842629672546e-01 6.383369225158926907e-01 6.478011462428164835e-01 6.818456362476282839e-01 6.926209611214060313e-01 7.129444266153240894e-01 7.253590385547487029e-01 7.473397679985004372e-01 7.556249650346152924e-01 7.796482368335210245e-01 7.970486463826564894e-01 8.085665900366681980e-01 8.241203600792785799e-01 8.405853551106199362e-01 8.649783689173202728e-01 8.793080806058547472e-01 8.878756999794860105e-01 9.090965360708676002e-01 9.219020306080947247e-01 9.448030359942745093e-01 9.546583439624116707e-01 9.817462594840535850e-01 9.877862677184195972e-01 1.000221098375205342e+00 1.026464893182358340e+00 1.044889359148933439e+00 1.054500952392484647e+00 1.071668915140266520e+00 1.078390975335877355e+00 1.104033100878191620e+00 1.122444853315067936e+00 1.142620807372559000e+00 1.152886612989653337e+00 1.164271820520075718e+00 1.184596182836516132e+00 1.204831050484267196e+00 1.212065479266053680e+00 1.231350546328815687e+00 1.254162839464186385e+00 1.274122456940692816e+00 1.288000169090884883e+00 1.302482751346601964e+00 1.325414756277020434e+00 1.340233165240564350e+00 1.348479016446410439e+00 1.360151942366679023e+00 1.392554870947634527e+00 1.413640424527890405e+00 1.425132831543609591e+00 1.441415913007660698e+00 1.457876855183334097e+00 1.468823051945801872e+00 1.506697388441236019e+00 1.520523025499059599e+00 1.533069892827606528e+00 1.556129851015236154e+00 1.569331015655331729e+00 1.578067150040948441e+00 1.606709151617431219e+00 1.640370221261715722e+00 1.650093230862780036e+00 1.679164079323557157e+00 1.699275869148352491e+00 1.718279353329182912e+00 1.742105999179486941e+00 1.774297823234812999e+00 1.796161276638018389e+00 1.822015847175918246e+00 1.880976268364832560e+00 1.926292194659531498e+00 1.931953934965279673e+00 1.967849833250980618e+00 1.997785988884697161e+00 2.009957273916269660e+00 2.036526185794381050e+00 2.056118110011494249e+00 2.073083861551999973e+00 2.089798931696760231e+00 2.113581760534412268e+00 2.146456431569320866e+00 2.197607222829801366e+00 2.245237132778964639e+00 2.268335342461273552e+00 2.294241584105707776e+00 2.301889317225606302e+00 2.346330916539204114e+00 2.370286093504848868e+00 2.392963376477910131e+00 2.417896109225044388e+00 2.489251502824800788e+00 2.534928758761269219e+00 2.621979488801931879e+00 2.712472746771728005e+00 2.732112271871671716e+00 2.756551547711982852e+00 2.827961773790954148e+00 2.910147395835209316e+00 2.939132595660749914e+00 2.967774090294834188e+00 3.023122817934893902e+00 3.052146142095958137e+00 3.156450373467547088e+00 3.167998638518026766e+00 3.359788659073982497e+00 3.403622566816470574e+00 3.438982071719953737e+00
1.369766682855316497e-01 1.758197254533295784e-01 2.489304108580072394e-01 2.998208346705256711e-01 3.313145111248658736e-01 3.616753688196918670e-01 3.873965514568778468e-01 4.205475293869579967e-01 4.264852064036149804e-01 4.710666064249182106e-01 5.009814918339495771e-01 5.430209714109491825e-01 5.467469335413250864e-01 5.868153167869725184e-01 6.035133266006199593e-01 6.356273063165008841e-01 6.481090081338614084e-01 6.862353247998431716e-01 6.977774388509927483e-01 7.111817165208486058e-01 7.261102855199631501e-01 7.427902564529965668e-01 7.573429339024339013e-01 7.778710553693453100e-01 7.960149512053331655e-01 8.079154614522990885e-01 8.260833576539977630e-01 8.399266988462167349e-01 8.634913069793923590e-01 8.778389078271872092e-01 8.897037603272586193e-01 9.070198095434489627e-01 9.214997580882889894e-01 9.417672695796873716e-01 9.526443474511813170e-01 9.851266049222724419e-01 9.926972421856631312e-01 1.002426844088711411e+00 1.028365965783466729e+00 1.040958332391717756e+00 1.051019699838612320e+00 1.072253666673784300e+00 1.081884261705060357e+00 1.105199861877974588e+00 1.122058104477168694e+00 1.142643851388827292e+00 1.151944208755104837e+00 1.163389010281216107e+00 1.185036262018504871e+00 1.203842176372451833e+00 1.211633625530055269e+00 1.233375464718108772e+00 1.256069269393277121e+00 1.276391692077111895e+00 1.285109830495788863e+00 1.300601893914225871e+00 1.329617016964413034e+00 1.338850721990972659e+00 1.351978006215013517e+00 1.359075211766820557e+00 1.392662410912599125e+00 1.411898078183162930e+00 1.427128994998486666e+00 1.436384528763892998e+00 1.460175710638898172e+00 1.469230898846328293e+00 1.507351100120617460e+00 1.522472052386130814e+00 1.536872243680686534e+00 1.555481318224418263e+00 1.570048721395562286e+00 1.579630066780873365e+00 1.607396388526994624e+00 1.638795323010973748e+00 1.645273549057486795e+00 1.677542972672924959e+00 1.697748911670559302e+00 1.717774629527623498e+00 1.745826116121283578e+00 1.774734496529357219e+00 1.802623302652458070e+00 1.829864402319312910e+00 1.879891306184805710e+00 1.922920980398395763e+00 1.931470411731601056e+00 1.967163182613580252e+00 1.997670638558991740e+00 2.013458463487172612e+00 2.033837306223541752e+00 2.057497672090841334e+00 2.075012462582126016e+00 2.091796729572175106e+00 2.111155889166998811e+00 2.145373667656361949e+00 2.199864701746886197e+00 2.248937385752452833e+00 2.266506960857084696e+00 2.294539188696278487e+00 2.305618883328533375e+00 2.347424289259947727e+00 2.370272912500055451e+00 2.392151949963459145e+00 2.412776014703927441e+00 2.493745100770643486e+00 2.530977201608918925e+00 2.626050108970581221e+00 2.711054029665947773e+00 2.735006724623476160e+00 2.756780696049659696e+00 2.824564333071937217e+00 2.912430842468571868e+00 2.936074610918383954e+00 2.966952118083991508e+00 3.022440600565343694e+00 3.052327610008065406e+00 3.155454047340016555e+00 3.162956942132937765e+00 3.358367836899671666e+00 3.403872485531286518e+00 3.436814501252764664e+00
1.527411008271879478e-01 1.987719049211050804e-01 2.484537546600824320e-01 3.053089247702961417e-01 3.458071170644175241e-01 3.591194784945377361e-01 3.844177990694546132e-01 4.140236800578602772e-01 4.251282402943772909e-01 4.703083082744128895e-01 5.014513600037481256e-01 5.403822112134606392e-01 5.436712062977732129e-01 5.858319284361391821e-01 5.990503307337993188e-01 6.346245038862076138e-01 6.476077546975507193e-01 6.877944398418430749e-01 7.031137016313856458e-01 7.110248034733601674e-01 7.255178321551560838e-01 7.397792725260496915e-01 7.583080061643696634e-01 7.751741074559410638e-01 7.962331014039585320e-01 8.068152346838238786e-01 8.299505844741486005e-01 8.398545437955026172e-01 8.612646204548338735e-01 8.775795185158795642e-01 8.899411430767460995e-01 9.050788094122889094e-01 9.208909780339763484e-01 9.382303695541377442e-01 9.522023341505675420e-01 9.856643606220834020e-01 9.987823387225318594e-01 1.005865496072108289e+00 1.028948916020844040e+00 1.038050967419625437e+00 1.048216045533900465e+00 1.071677817386162967e+00 1.084992366075939962e+00 1.106376648954651376e+00 1.122337186327281300e+00 1.142219991557948289e+00 1.151831571493930007e+00 1.161907275913648396e+00 1.186065515177279872e+00 1.200407416252659232e+00 1.212856153401511428e+00 1.235078196956684637e+00 1.257692255997329367e+00 1.277941392832348422e+00 1.282470504739376072e+00 1.300095661154223370e+00 1.330272234729164005e+00 1.338550166270387587e+00 1.356045538238075387e+00 1.359491221747743728e+00 1.392366722088046016e+00 1.410825558879992947e+00 1.428239971468750591e+00 1.431270143405086070e+00 1.462696730102732046e+00 1.469332615388658558e+00 1.508381136694703972e+00 1.523448188567766204e+00 1.540623935562847713e+00 1.553408144336379859e+00 1.569960199684345969e+00 1.582128318576158099e+00 1.608809675333081168e+00 1.636352091730319369e+00 1.642372334874072859e+00 1.676078662281630383e+00 1.696920864941156015e+00 1.717036535623797988e+00 1.749059932273453022e+00 1.774521457539376179e+00 1.807477929300454589e+00 1.836270069859427645e+00 1.879758762223516122e+00 1.919127057451397000e+00 1.931605887947609457e+00 1.966484670165873583e+00 1.997666596896059410e+00 2.014702272632404423e+00 2.032616716330976736e+00 2.058546689522380735e+00 2.077227452693948706e+00 2.093750809871483654e+00 2.109303135287686537e+00 2.144708082817666561e+00 2.201417808644271279e+00 2.252239267988731530e+00 2.264874135581181225e+00 2.294574949748843462e+00 2.309532694384741625e+00 2.348361739485236299e+00 2.370209158599358990e+00 2.391545909565068850e+00 2.408049999386900453e+00 2.497513899040308072e+00 2.527591776963849846e+00 2.629771592105409450e+00 2.709932942223200580e+00 2.738236114273417954e+00 2.756145644847796561e+00 2.821393926155569609e+00 2.914557889860412310e+00 2.933117396265741750e+00 2.966551261639326142e+00 3.021206627298375746e+00 3.053548013532644934e+00 3.152066026817286204e+00 3.160702914778771522e+00 3.357289777506144990e+00 3.404062031260923771e+00 3.435024214218636018e+00
1.635497796186989317e-01 2.174028376897849668e-01 2.432103451140221195e-01 3.020715508445054320e-01 3.568103845657841222e-01 3.639685231450398017e-01 3.836362189201313333e-01 4.059914533322538377e-01 4.238448548954343309e-01 4.707165617692388171e-01 5.058026809699075477e-01 5.360199574644851639e-01 5.429757641039669736e-01 5.829445165480426905e-01 5.953786833721517180e-01 6.347621643437149075e-01 6.465040977592104721e-01 6.868358380450351186e-01 7.074046004256122622e-01 7.127771503853608248e-01 7.239600255170590692e-01 7.391625822461743711e-01 7.579802195893162731e-01 7.727323253072051479e-01 7.976125741027279004e-01 8.055514238795338233e-01 8.328628517127449893e-01 8.405719946268955800e-01 8.593264876377979533e-01 8.777898249089032268e-01 8.892330649224824413e-01 9.037835469621998685e-01 9.203309958075386321e-01 9.357410802782406556e-01 9.523318910855735897e-01 9.856779102911105150e-01 1.002155031461110735e+00 1.010136571475018785e+00 1.027494998424907102e+00 1.037809219062749477e+00 1.045964359585304093e+00 1.070839642615159404e+00 1.086678582865575615e+00 1.106770530040267264e+00 1.124106673310477866e+00 1.141139910739227048e+00 1.153050759800839931e+00 1.159613477504607415e+00 1.187765878089550586e+00 1.196407454547631311e+00 1.214071982451108367e+00 1.236615109775056620e+00 1.258933900980485854e+00 1.274880474798403274e+00 1.284373285905019646e+00 1.300360290881149128e+00 1.328399280674781302e+00 1.339102468235863874e+00 1.359076485947222857e+00 1.361183836868957275e+00 1.391905419217819961e+00 1.410277587773756780e+00 1.426406479172108055e+00 1.429623365045384009e+00 1.464987053110999415e+00 1.468725532536265588e+00 1.509399379480656611e+00 1.523974371776884329e+00 1.543853531261708101e+00 1.550975835814040416e+00 1.569414673858897435e+00 1.584212863879712385e+00 1.610260422594978591e+00 1.633808528546659700e+00 1.641267147739540633e+00 1.674971587990925270e+00 1.696663656803711895e+00 1.716376307502549547e+00 1.751311470428796646e+00 1.774123159194213928e+00 1.810553918781194316e+00 1.840045929192794860e+00 1.880544562273985365e+00 1.916020859839412616e+00 1.931750960758591429e+00 1.966026253000664026e+00 1.997733787988859255e+00 2.014690129394501206e+00 2.032294971641571468e+00 2.059057007199648126e+00 2.079040422669178323e+00 2.095269523693342961e+00 2.108114671500020965e+00 2.144438945377308059e+00 2.202309423442391889e+00 2.254315878151310404e+00 2.263937870523389240e+00 2.294610930932642567e+00 2.312470327253091984e+00 2.349049250571856540e+00 2.370101722114977605e+00 2.391198436498216839e+00 2.404595622784821529e+00 2.500098674299072066e+00 2.525228111738274439e+00 2.632426634331570536e+00 2.709214954293144295e+00 2.741262364601331214e+00 2.754848645476562385e+00 2.819097126664030561e+00 2.916132540248563831e+00 2.930927999821059338e+00 2.966421560022475035e+00 3.020054746643726862e+00 3.054924992197117994e+00 3.148450839450662730e+00 3.160215638341449473e+00 3.356626922488997078e+00 3.404178666720358404e+00 3.433844301294881607e+00
1.674824017178822844e-01 2.275080414801530226e-01 2.378189908015275744e-01 2.999596143424348438e-01 3.568057091491843025e-01 3.701713462067267590e-01 3.856946380034274036e-01 4.005232325018081574e-01 4.232677283693763171e-01 4.709822781941025993e-01 5.090681801960956765e-01 5.335353461082122939e-01 5.429058127664203592e-01 5.808704723468667286e-01 5.943231466811842445e-01 6.349963517888930209e-01 6.458824444365479645e-01 6.861358105518262640e-01 7.090740248153325487e-01 7.139256922186367760e-01 7.230449725318269794e-01 7.393009811936853692e-01 7.575957838414630885e-01 7.717215981090811416e-01 7.984897395049861402e-01 8.049034310609919363e-01 8.336964801883050002e-01 8.412093497622925575e-01 8.585516755969349045e-01 8.779234194966106797e-01 8.887946253365961446e-01 9.033218867331522794e-01 9.201114021241931784e-01 9.348748537870209541e-01 9.524386361636784093e-01 9.856370280622012148e-01 1.003134138804645525e+00 1.012221659493400816e+00 1.026460886230675662e+00 1.038198287155763788e+00 1.044988017260173985e+00 1.070451217518543219e+00 1.087128633355880503e+00 1.106821058509930289e+00 1.125200579657259503e+00 1.140553357565158299e+00 1.154270136077774955e+00 1.157962764024211388e+00 1.189124620981028224e+00 1.194146465298622006e+00 1.214510731941447208e+00 1.237299268590722701e+00 1.259536244586200393e+00 1.273099611887582361e+00 1.285512832346012768e+00 1.300616909047218162e+00 1.327369844504472596e+00 1.339279079187939203e+00 1.359778320640291360e+00 1.362565853486155998e+00 1.391658076241269804e+00 1.410101315827339885e+00 1.424937415585427969e+00 1.429699322679834905e+00 1.466345247852387734e+00 1.467923366988211020e+00 1.509830512119817003e+00 1.524154298934295104e+00 1.545635786527026934e+00 1.549428218449727668e+00 1.569128941636151575e+00 1.585002849092291832e+00 1.610880146571591620e+00 1.632762638972131253e+00 1.640995139586647777e+00 1.674548611495583206e+00 1.696639689942588403e+00 1.716107841974663151e+00 1.752129027714541598e+00 1.773930679988735548e+00 1.811622580760112067e+00 1.841212368087259854e+00 1.881094304048873900e+00 1.914761627325870963e+00 1.931803430482381900e+00 1.965869016306388994e+00 1.997771142309610060e+00 2.014553709033151563e+00 2.032252851657644133e+00 2.059187918111389237e+00 2.079732583018877090e+00 2.095856431166719602e+00 2.107699151017973893e+00 2.144385481999581344e+00 2.202598695131130491e+00 2.254947192934852573e+00 2.263708791441212842e+00 2.294632025744074877e+00 2.313566352292230288e+00 2.349315431824132272e+00 2.370041979777536945e+00 2.391093550660377431e+00 2.403307421552055345e+00 2.501037372250395574e+00 2.524360565882735497e+00 2.633394624135398487e+00 2.708967833309570583e+00 2.742684213371485935e+00 2.754035208523403444e+00 2.818253145595349896e+00 2.916730392195669985e+00 2.930106532271566255e+00 2.966401194693604637e+00 3.019591231133198939e+00 3.055518328806167805e+00 3.147013494570182868e+00 3.160138281679625294e+00 3.356404484937026034e+00 3.404217824371902790e+00 3.433432406415488192e+00
2.007624424517920891e-01 2.442136342472408239e-01 2.850174613692232350e-01 3.060861175916089749e-01 3.325099546980581633e-01 3.614795686939771824e-01 3.821546553148927328e-01 4.241506272138192424e-01 4.490145750356293597e-01 4.842017439984669935e-01 5.003394115786162777e-01 5.237325174268036010e-01 5.524729279445249608e-01 5.764429665757746513e-01 5.788856408046541002e-01 6.267601175186360285e-01 6.466158649659120572e-01 6.676969779782451209e-01 7.044572612684898427e-01 7.079476960004895680e-01 7.270125171319934410e-01 7.346409183687655498e-01 7.751718461934818949e-01 7.800825250922799325e-01 8.017542096233548632e-01 8.246709350727495780e-01 8.359952244566135615e-01 8.578857221419287082e-01 8.617292320702008013e-01 8.773636671770255191e-01 8.997266540729037532e-01 9.167065325860890290e-01 9.299780298290711844e-01 9.448935647628621259e-01 9.609776327569544696e-01 9.784303961416903617e-01 9.956560074537372795e-01 1.010339876364796163e+00 1.013069315959435057e+00 1.023631561092214648e+00 1.030503726303958700e+00 1.051413494409543459e+00 1.085923665699863427e+00 1.091832662896035311e+00 1.111748496567835920e+00 1.119541738862534830e+00 1.149399139755758581e+00 1.162751490079648509e+00 1.174581501491618329e+00 1.196340449577312892e+00 1.231130511114885362e+00 1.245098038448447131e+00 1.258958833984734182e+00 1.263415791749626482e+00 1.284234920622391973e+00 1.305266156089948559e+00 1.331593666462400405e+00 1.343006781481973499e+00 1.355303921996551253e+00 1.375147047642554021e+00 1.389023546495161687e+00 1.408545003689273933e+00 1.417168666676043909e+00 1.439779118626157928e+00 1.455656193150403732e+00 1.464505302284178523e+00 1.478948283957889576e+00 1.517645511431458871e+00 1.545246063904487821e+00 1.559684366863625993e+00 1.568810762115018242e+00 1.580390805473500304e+00 1.599664647729811318e+00 1.650511755362831900e+00 1.653818830089197167e+00 1.685218565784599498e+00 1.709724279368550315e+00 1.734085041889422030e+00 1.744308231067435599e+00 1.768413153715424624e+00 1.780066679173385014e+00 1.822325614713651953e+00 1.895127421676453316e+00 1.933989023106128746e+00 1.948633286170877055e+00 1.950336915888296829e+00 1.998645143333908747e+00 2.010873868367065942e+00 2.036025644114994204e+00 2.058761871966271695e+00 2.067555019604183197e+00 2.090875170873339073e+00 2.101081553868589857e+00 2.136538822495756662e+00 2.184441946484763974e+00 2.254537305395259761e+00 2.261503539986390088e+00 2.285042944567720724e+00 2.317382613000859237e+00 2.343991013502175313e+00 2.365246530347372644e+00 2.426519491816963470e+00 2.447851263725902893e+00 2.492750847288579319e+00 2.529929743541283749e+00 2.639089028415724236e+00 2.719780216535612194e+00 2.747737450196757081e+00 2.757402623852776902e+00 2.815412376567988151e+00 2.901130069000493528e+00 2.974255363753943726e+00 3.000516638664508573e+00 3.031694622612593815e+00 3.111529634269882827e+00 3.143588313000745149e+00 3.168891569826488563e+00 3.326449018614482167e+00 3.378034281491116175e+00 3.442629012042055958e+00
1.976268585808833300e-01 2.370457818626047763e-01 2.876949938361879067e-01 3.091446072514636434e-01 3.331783572644764768e-01 3.613892863293806657e-01 3.821126902455262431e-01 4.255835102630042277e-01 4.491813849495142064e-01 4.815208777758900327e-01 4.964066462388925238e-01 5.235548499335761496e-01 5.518772706720194154e-01 5.780881484599681430e-01 5.818479365640104595e-01 6.261838324067959816e-01 6.460088733644367975e-01 6.671819557493524622e-01 7.046591987294128501e-01 7.086655795609919650e-01 7.273577276831367788e-01 7.350398723766472520e-01 7.742529642083320063e-01 7.797567426883930120e-01 8.027314415627477828e-01 8.234310966284003053e-01 8.362797391092700039e-01 8.565247077259824371e-01 8.634192103819305908e-01 8.779733166459403604e-01 8.995888193972968461e-01 9.165533454144091374e-01 9.301456275854604883e-01 9.445882274114272281e-01 9.613764693638041647e-01 9.768126989822012440e-01 9.926637795275040643e-01 1.011482175274581063e+00 1.013817640122200769e+00 1.023599839252018917e+00 1.033744441390414215e+00 1.051363079977571502e+00 1.085371010891963195e+00 1.092521141151269415e+00 1.112066497646873042e+00 1.120487668372162293e+00 1.148901540884824657e+00 1.163188079473405523e+00 1.174937989436443120e+00 1.196876858659008613e+00 1.229897719431457981e+00 1.242947567821421906e+00 1.259408488590704422e+00 1.264461828830919510e+00 1.284068252450675018e+00 1.305719308469617257e+00 1.330398025904195203e+00 1.343660889911189704e+00 1.355347961906402388e+00 1.374946343846128238e+00 1.388421924008741870e+00 1.408318644944764664e+00 1.418141276051262611e+00 1.439675334435140286e+00 1.455500668327942115e+00 1.464885529278086018e+00 1.479182749909786709e+00 1.517452722174238433e+00 1.545100400638360849e+00 1.559883442721315738e+00 1.569160453110562070e+00 1.579523099415600429e+00 1.600088238062379320e+00 1.650042609938522364e+00 1.654623851241761923e+00 1.685126425044841669e+00 1.709128075762760712e+00 1.733769881797557533e+00 1.744583081234791999e+00 1.768208161827031777e+00 1.780074645015607748e+00 1.822163240326095446e+00 1.894881349344816002e+00 1.933992385229905908e+00 1.946936338933759281e+00 1.952215706115977500e+00 1.998493694703264323e+00 2.010540575454865753e+00 2.036081276494479120e+00 2.058856941563590670e+00 2.067310990472242871e+00 2.090959231357957027e+00 2.101176719677817939e+00 2.136964804015104580e+00 2.184576624862450078e+00 2.254441679154357558e+00 2.261220878305992610e+00 2.285152748871571937e+00 2.317276637996820821e+00 2.344015985282160486e+00 2.365558643316860721e+00 2.425808918543665982e+00 2.448377142486122260e+00 2.491481306413616981e+00 2.530204280983429310e+00 2.637737831860237581e+00 2.719908759433204981e+00 2.747459413587420407e+00 2.756977859970060063e+00 2.816099447335091099e+00 2.901015249390508810e+00 2.974060667269287972e+00 2.999048540833643361e+00 3.032551137796160035e+00 3.110108318828773921e+00 3.143762716761526743e+00 3.168685631920415524e+00 3.327468095198829801e+00 3.378939873163574248e+00 3.442749601637431489e+00
1.890895316787571112e-01 2.206012889960964340e-01 2.911018427046673240e-01 3.158349041498242360e-01 3.354352986105054724e-01 3.615131723941917286e-01 3.827992189278101587e-01 4.282725314581856679e-01 4.486003414556128943e-01 4.727713283312708903e-01 4.892925215455543597e-01 5.237533856377727393e-01 5.510718664347744600e-01 5.831260166537978185e-01 5.876319893555319585e-01 6.243765244189094510e-01 6.445087110992543389e-01 6.663608186265189692e-01 7.050183276561164947e-01 7.094691624107257732e-01 7.284054229758796239e-01 7.367669212951710733e-01 7.711840685466813117e-01 7.798227551973220262e-01 8.048026752653997251e-01 8.200715619184497651e-01 8.374782244656368002e-01 8.537780455147432335e-01 8.669776256428181060e-01 8.792679602123376625e-01 8.993505892554979342e-01 9.160235520995819725e-01 9.302046690952984198e-01 9.437892218010410783e-01 9.615749410875169545e-01 9.742191975320375619e-01 9.873240578929040057e-01 1.008817130962714526e+00 1.017542411136587388e+00 1.026130143872831635e+00 1.040708439561468968e+00 1.051162531365747554e+00 1.084294963643605669e+00 1.094335154852633663e+00 1.112364517529371266e+00 1.123010799101298973e+00 1.147939625135921071e+00 1.164591362414859388e+00 1.175974128317078815e+00 1.198239681292699643e+00 1.226154057122392782e+00 1.238936430775016140e+00 1.259026348246596649e+00 1.267160230993307657e+00 1.283751741387155754e+00 1.306956047636061324e+00 1.327564187965267095e+00 1.345159436579345336e+00 1.355178223065002241e+00 1.374216124028093899e+00 1.387036000427963600e+00 1.407927344161180372e+00 1.420339101540076809e+00 1.439878275695203103e+00 1.455163120189849835e+00 1.465007521544321678e+00 1.480516295202287447e+00 1.516915870723587689e+00 1.544719567836378982e+00 1.560376042786363771e+00 1.569638629049723955e+00 1.577634577470495403e+00 1.601089886947324903e+00 1.649100708733695075e+00 1.656586357218749583e+00 1.684795692291466196e+00 1.707531659854360395e+00 1.732877145464877700e+00 1.745235210586546515e+00 1.767620972812577573e+00 1.780082076436448668e+00 1.821630472395805889e+00 1.894136549287199767e+00 1.933964338701836372e+00 1.944969854965100442e+00 1.954722138443825585e+00 1.998039838796137113e+00 2.009588603055127987e+00 2.036297370485779634e+00 2.059118476648482243e+00 2.066657516453809684e+00 2.091185258941653746e+00 2.101453462994581134e+00 2.138207205412566481e+00 2.184998295852377037e+00 2.253914111125351116e+00 2.260617362228154459e+00 2.285564168585735523e+00 2.316867860830807757e+00 2.344056648095004025e+00 2.366410919327809559e+00 2.424037705082660477e+00 2.449547585270392069e+00 2.487875021161841893e+00 2.531029323203886072e+00 2.633883561702979215e+00 2.720374646815625130e+00 2.746706000839108874e+00 2.755719556269816017e+00 2.818008657948092299e+00 2.900708088558889841e+00 2.973405788027884800e+00 2.995267080068751753e+00 3.034602848515613793e+00 3.105862040187436612e+00 3.144231927633483359e+00 3.168423801433291498e+00 3.330383696509176872e+00 3.381423410650386874e+00 3.443098539409937153e+00
1.766653835222902202e-01 2.002077223737963874e-01 2.911304118955624354e-01 3.194586395806299217e-01 3.408591328920628216e-01 3.626519879769255494e-01 3.852036771649815505e-01 4.256340161948869438e-01 4.442227297684862575e-01 4.666728924945078294e-01 4.838160285031382624e-01 5.249276782867383639e-01 5.515348020770076687e-01 5.892180107677283951e-01 5.936688512667259721e-01 6.213217727462434503e-01 6.430191160538210049e-01 6.663567500627037843e-01 7.052944036099596525e-01 7.082581315084400808e-01 7.295586999253550475e-01 7.405360365034336922e-01 7.667879777894315296e-01 7.807341575734877415e-01 8.064576062614432495e-01 8.159841583795847120e-01 8.392992516427537630e-01 8.508736105794227900e-01 8.710796471636098603e-01 8.801601623767437710e-01 8.994694629416387643e-01 9.151262445626614506e-01 9.291085284546922729e-01 9.426253296590496600e-01 9.605923500734416809e-01 9.718767451853499439e-01 9.842925211211402958e-01 1.005591617886325118e+00 1.018833177702925363e+00 1.031089178273607576e+00 1.048016615666346629e+00 1.052140027659719923e+00 1.082979136533985809e+00 1.097042272171586452e+00 1.112234737777032523e+00 1.125657787146089994e+00 1.147690116395175597e+00 1.167143885992274033e+00 1.177638335277337411e+00 1.199664663258811492e+00 1.220618813642704525e+00 1.235337184313722192e+00 1.257664809629565728e+00 1.269398572726916585e+00 1.283757055795346824e+00 1.308739891104948816e+00 1.324324030895565274e+00 1.346904436302081676e+00 1.354201063221968981e+00 1.372627366200340093e+00 1.385741618846097589e+00 1.407774227149811486e+00 1.422647162780239283e+00 1.440779137410857613e+00 1.455056338208551736e+00 1.464001313167546670e+00 1.483402773745347458e+00 1.516133893900514673e+00 1.544251498347433804e+00 1.560646913394541535e+00 1.568672648119133095e+00 1.576659672787778632e+00 1.602266160903200287e+00 1.648069956301173367e+00 1.659353495797625255e+00 1.684079163576650551e+00 1.705455990823366408e+00 1.731455755769465199e+00 1.745902899042099943e+00 1.766704565974954511e+00 1.780058760782361915e+00 1.820593602620662388e+00 1.892912951842689484e+00 1.933760665449648419e+00 1.943546175140633769e+00 1.957069899234627819e+00 1.997272265140243919e+00 2.008175602623125222e+00 2.036791792229852849e+00 2.059486115040652709e+00 2.065791821102201276e+00 2.091388664557721988e+00 2.102030916868457222e+00 2.140139574459463123e+00 2.185719027838628481e+00 2.252424201451861396e+00 2.260294914118764265e+00 2.286417702572732136e+00 2.315947507157191332e+00 2.344040083651783402e+00 2.367554175879874379e+00 2.421934611516306735e+00 2.450365183886593190e+00 2.482644056239494468e+00 2.532421747379784094e+00 2.628165866774053061e+00 2.721248539532282518e+00 2.745706977987886876e+00 2.753668307214341304e+00 2.820766316049363009e+00 2.900314255176945633e+00 2.972080942271136283e+00 2.990399421456463536e+00 3.036911857946302362e+00 3.099032960392049230e+00 3.144850517843049698e+00 3.168851844691655373e+00 3.334806520328771118e+00 3.384907427714960892e+00 3.443635312023265449e+00
1.613023095289595754e-01 1.780239046871754660e-01 2.873811207037736404e-01 3.137520591834027650e-01 3.494833217562939853e-01 3.649835972824921337e-01 3.882201434425988640e-01 4.107693215025672862e-01 4.447764612335568524e-01 4.669089527113702842e-01 4.817777247829742038e-01 5.270994271963058697e-01 5.537725978994342269e-01 5.935535795361386313e-01 5.993876140235372407e-01 6.177009610979471432e-01 6.423785678987586900e-01 6.677694543997925170e-01 7.036415165535055971e-01 7.065902213471783044e-01 7.301866068109419405e-01 7.445932433929497440e-01 7.628390782130176628e-01 7.823530577805808406e-01 8.061432202327589724e-01 8.131029413335105760e-01 8.404060789258749331e-01 8.491499383482307151e-01 8.745871292544392661e-01 8.801892390078701611e-01 9.000932709149669364e-01 9.142762465445846143e-01 9.260913128154338869e-01 9.412459497584781953e-01 9.590399038737318360e-01 9.687968942686012719e-01 9.853718212863424863e-01 1.003038161137316697e+00 1.019443596534250762e+00 1.034588218521633296e+00 1.050825005298530401e+00 1.059026405102679647e+00 1.080941004494925028e+00 1.100195835770095165e+00 1.112208780586382728e+00 1.127125836768612333e+00 1.148913804843202380e+00 1.170529996292037467e+00 1.179865696196167324e+00 1.199753127876930670e+00 1.215643586935364784e+00 1.232465455022479173e+00 1.255730666300258314e+00 1.270003780271815819e+00 1.284378219557918310e+00 1.310879609466687468e+00 1.321729372128911395e+00 1.348303402822921271e+00 1.352226824711550979e+00 1.370033900167089147e+00 1.385042297515324039e+00 1.408233772605407497e+00 1.424702389146697223e+00 1.440974795226451333e+00 1.455803705713087259e+00 1.463301378293474064e+00 1.486940408345494236e+00 1.515213698648428142e+00 1.543836453150803090e+00 1.559141617271307734e+00 1.566767748474330979e+00 1.577238132890631084e+00 1.603482287278561902e+00 1.647121430860962077e+00 1.662760340227927847e+00 1.682819694618036932e+00 1.703565420245577000e+00 1.729477976915348547e+00 1.746247643659832205e+00 1.765463659490135173e+00 1.779992802009824127e+00 1.818862246318718512e+00 1.891331951438309567e+00 1.933145136792492114e+00 1.942925698484655905e+00 1.959097575234156396e+00 1.996140351844935878e+00 2.006576195649561800e+00 2.037685511368467761e+00 2.059887900540164463e+00 2.064943131582145597e+00 2.091218711754865289e+00 2.103295676562415117e+00 2.142526054291872484e+00 2.186660221169963059e+00 2.249895368837285137e+00 2.260554164654748899e+00 2.287745442854102418e+00 2.314312383010043828e+00 2.343909702350801538e+00 2.368634349141775175e+00 2.420103989604024175e+00 2.449389593575283630e+00 2.477296096697267913e+00 2.534411108886532205e+00 2.621631595248889113e+00 2.722322168009663645e+00 2.744797084666083631e+00 2.750901793106463877e+00 2.823935943605826004e+00 2.899989473739662316e+00 2.969768912354550316e+00 2.985580080873084352e+00 3.038729376159940099e+00 3.090334364679612200e+00 3.145555409196136853e+00 3.170431750053578135e+00 3.340191005663613044e+00 3.388732292278670233e+00 3.444289554179801538e+00
1.433981340652502323e-01 1.549282617811429952e-01 2.770986930268234949e-01 3.010095750303314888e-01 3.511054951360909060e-01 3.717266130904394172e-01 3.868376011581723395e-01 4.036709151421300490e-01 4.480317544544502595e-01 4.657474071044696573e-01 4.861643713297741365e-01 5.301311041529019885e-01 5.575085862089026456e-01 5.940131634690418716e-01 6.048085533564883098e-01 6.151773717421055165e-01 6.424939712717321338e-01 6.708526833812971102e-01 6.984394301112711867e-01 7.068895589234365229e-01 7.300297910042526928e-01 7.455533456000595915e-01 7.614379083676381388e-01 7.847604409432969996e-01 8.033160243342231110e-01 8.123598230927395747e-01 8.395931692468282526e-01 8.496741230697743008e-01 8.754175846278802187e-01 8.808558293480326373e-01 9.005006508393118558e-01 9.140166042848058003e-01 9.212998006170493026e-01 9.404282887147591419e-01 9.561024572035098368e-01 9.683082943768758222e-01 9.865025118165910989e-01 1.002576279684679772e+00 1.020092944310349914e+00 1.035789885715210579e+00 1.053726011556606945e+00 1.066479292199222773e+00 1.078061728309855472e+00 1.102828623863516544e+00 1.113016959914519877e+00 1.127968701651532513e+00 1.151198488061903946e+00 1.172927199429838474e+00 1.182574236149244395e+00 1.197887926133466507e+00 1.213508595774582810e+00 1.230273156071047369e+00 1.253482197696222933e+00 1.269309294137312971e+00 1.285129837948237208e+00 1.312955740658619419e+00 1.320763167621341383e+00 1.347375208628131205e+00 1.350899687976071295e+00 1.366841232934407291e+00 1.384804721022907970e+00 1.409672897553887250e+00 1.426651794879520763e+00 1.439138720831751650e+00 1.456153770683051629e+00 1.465672872178965358e+00 1.490209540264643362e+00 1.514228084166545418e+00 1.543339542500624662e+00 1.554724643157573860e+00 1.566019587060553109e+00 1.578298731792812992e+00 1.604780487950104861e+00 1.646367530637163235e+00 1.666571727562751182e+00 1.681052698480354435e+00 1.702383180073310021e+00 1.726929445743749847e+00 1.746034354162755875e+00 1.763795658391916321e+00 1.779898959768362321e+00 1.816294334014909806e+00 1.889635815268402741e+00 1.932007220713738649e+00 1.943207629036785900e+00 1.960753157217236531e+00 1.994561736197750124e+00 2.005114984552490487e+00 2.039040348350442233e+00 2.060256664335351928e+00 2.064302003240370720e+00 2.090429921715111217e+00 2.105609518779633760e+00 2.145051921274954587e+00 2.187600946669193025e+00 2.246855413081360719e+00 2.261244644744884180e+00 2.289416515452483925e+00 2.311862266627887408e+00 2.343654171760357841e+00 2.369359217580821131e+00 2.418699689352967308e+00 2.445312607649315240e+00 2.473779217433854871e+00 2.536975608098062551e+00 2.615481860081628529e+00 2.723102496855705379e+00 2.744120595009049257e+00 2.747768528863043347e+00 2.827130205681238628e+00 2.899906364238699741e+00 2.966248278593839327e+00 2.981605115224740477e+00 3.039466356853551154e+00 3.080944242946925371e+00 3.146496677665656438e+00 3.173010619101501728e+00 3.345944384985567677e+00 3.392373692193081158e+00 3.444967436159249718e+00
1.231897673899784579e-01 1.312065838775734183e-01 2.501713187268994054e-01 2.919500835968323882e-01 3.436054617158035840e-01 3.809820191645015286e-01 3.871870946483482734e-01 4.068716155002866097e-01 4.483400165815991101e-01 4.668392433417128395e-01 4.941920448181325587e-01 5.336051018728332762e-01 5.621510383186718585e-01 5.911209930374972110e-01 6.083110819279805570e-01 6.159577460813088212e-01 6.423376590160553290e-01 6.755181110782132459e-01 6.923713058135742004e-01 7.072746962859365327e-01 7.288694504612596159e-01 7.440812358925921188e-01 7.612417589695813502e-01 7.877904990350448333e-01 7.996491433107467683e-01 8.128553231581513439e-01 8.378012137182684338e-01 8.512047887121483303e-01 8.733257751174527961e-01 8.825695744538489818e-01 8.995787182218801803e-01 9.121783316883124160e-01 9.182235684351581773e-01 9.409914957578576766e-01 9.531184248459900754e-01 9.695207846991970024e-01 9.855137208130725357e-01 1.004443723846437875e+00 1.021084663001818216e+00 1.036061981562235390e+00 1.057168465008077707e+00 1.070575028553741204e+00 1.076507736063540888e+00 1.104050975120383749e+00 1.114325599006237066e+00 1.130075527115513401e+00 1.153621952531824091e+00 1.171453790154194818e+00 1.185863844404296152e+00 1.196915809249374574e+00 1.213124226040346976e+00 1.228764987052433755e+00 1.251316873109010297e+00 1.268312334815908882e+00 1.285417693326247557e+00 1.313967348022417436e+00 1.321919589717870602e+00 1.344376855455421627e+00 1.349947320714238286e+00 1.364120104191910432e+00 1.384871241567668720e+00 1.412171362652679951e+00 1.428030317011649952e+00 1.436778699120127234e+00 1.455256738800903449e+00 1.470671398157047616e+00 1.492958992727918099e+00 1.513175841107101460e+00 1.541553938619856678e+00 1.549769279860093496e+00 1.565671460893329536e+00 1.579547448822309796e+00 1.606133213980366126e+00 1.645838623911451082e+00 1.670269868517288758e+00 1.679308650829756777e+00 1.702112652955020122e+00 1.723910989285167172e+00 1.745084396788980863e+00 1.761565443658619667e+00 1.779793993255345930e+00 1.812972487444260317e+00 1.888102713509706376e+00 1.930524064718410981e+00 1.944281325464820354e+00 1.962023586268450970e+00 1.992526456517125677e+00 2.004015513772534174e+00 2.040814506203827428e+00 2.060519668639127833e+00 2.064002746144134814e+00 2.089136999194545208e+00 2.108966566000003873e+00 2.147380940142176620e+00 2.188219673353991812e+00 2.243869351652648447e+00 2.262266066999566227e+00 2.291148553615677042e+00 2.308680011771996554e+00 2.343306313199014834e+00 2.369668163606200473e+00 2.417038430202735899e+00 2.439186298641017547e+00 2.472494119597682616e+00 2.539940890613359148e+00 2.610750014902182503e+00 2.723148702213480377e+00 2.741860201128721641e+00 2.746458796174965578e+00 2.830057543396384379e+00 2.900200738700418501e+00 2.961764661755186268e+00 2.978671863432634570e+00 3.038531808964402003e+00 3.072353387223963228e+00 3.147840863318840832e+00 3.176080177215688582e+00 3.351517587324090108e+00 3.395527712365911999e+00 3.445571945986048767e+00
1.009715480358313183e-01 1.067938324416216472e-01 2.090446913179913879e-01 2.878590730271090026e-01 3.355589292326860984e-01 3.841958969977427585e-01 3.956438481280938335e-01 4.120018144983689790e-01 4.454037621634588939e-01 4.714197049806228557e-01 5.032068464280496922e-01 5.368224601716113931e-01 5.671265447070200638e-01 5.871654030030700744e-01 6.079475719690237145e-01 6.213923870370530178e-01 6.408600585865485977e-01 6.805835944407278015e-01 6.868769504323340991e-01 7.074990312967424089e-01 7.272682754530582772e-01 7.429778089061669366e-01 7.592534808077338049e-01 7.904169396691087535e-01 7.964758371785233271e-01 8.145682010476251733e-01 8.360548930857477634e-01 8.521022416417931566e-01 8.700621986969757637e-01 8.844030073839074246e-01 8.957323072352467719e-01 9.079223349628121609e-01 9.201448556844846749e-01 9.428077767182205804e-01 9.511683565162676324e-01 9.705266590499348478e-01 9.832758395405679641e-01 1.006966487699009649e+00 1.022635594947453930e+00 1.036304702487095275e+00 1.060755943935514312e+00 1.068499782437982715e+00 1.079372018755048401e+00 1.103920868306115244e+00 1.114764940954969585e+00 1.134747540190059301e+00 1.154932874840967738e+00 1.167650508121240938e+00 1.188555947953308101e+00 1.197853260265722586e+00 1.212892643236519241e+00 1.227663453127427085e+00 1.249880092675068832e+00 1.267855137240118779e+00 1.285257783695135103e+00 1.313866217906942024e+00 1.323014017827768507e+00 1.342166172671549029e+00 1.347446867313773833e+00 1.363208160872860120e+00 1.385303340497420876e+00 1.415321437064981813e+00 1.427001848672759809e+00 1.437050705013261265e+00 1.454045815152690047e+00 1.475506504948522535e+00 1.495406195252799497e+00 1.511921289746744446e+00 1.536378328795840575e+00 1.547436489122609560e+00 1.565327464452080486e+00 1.580981853326424824e+00 1.607370108105294237e+00 1.645483839342994914e+00 1.672313788912205057e+00 1.679254648545191797e+00 1.702739043638508143e+00 1.720679449403046402e+00 1.743103544499481128e+00 1.758887098696212403e+00 1.779668787655664275e+00 1.809314475037667291e+00 1.886914429993980846e+00 1.929004888782403837e+00 1.945995714215011718e+00 1.962832897712518232e+00 1.990213398896445218e+00 2.003305848752606089e+00 2.042841968208751524e+00 2.060620633850934080e+00 2.064097472865887628e+00 2.087624565549849098e+00 2.113092794025975607e+00 2.149201689738411414e+00 2.188242601689884381e+00 2.241312996276812797e+00 2.263688501890110505e+00 2.292446053118771587e+00 2.305170132622111456e+00 2.342931104945571441e+00 2.369729817686784035e+00 2.413525336255869735e+00 2.434364069211483184e+00 2.472334086310035151e+00 2.542932735567968283e+00 2.608075758535289612e+00 2.722433081461370641e+00 2.737509077812401603e+00 2.747538881086008633e+00 2.832535460332454402e+00 2.900904604018336386e+00 2.956950500516348779e+00 2.976546143736531924e+00 3.035490383820969473e+00 3.065971674697185012e+00 3.149557612051972377e+00 3.179127993513958472e+00 3.356464817038297355e+00 3.398083671062968492e+00 3.446031267248977681e+00
7.712408532225964453e-02 8.147650280808717282e-02 1.608531355479969893e-01 2.856502626025130276e-01 3.293194344160069176e-01 3.866684998135227480e-01 4.023123847199076009e-01 4.177222726109260376e-01 4.428978655858170632e-01 4.765077109479627926e-01 5.108818308032715416e-01 5.401668761655150641e-01 5.718264356074427290e-01 5.837201328125124489e-01 6.054613742710448498e-01 6.288755542681578881e-01 6.383686288570027401e-01 6.791518164887124787e-01 6.877280474981951608e-01 7.080359285636155242e-01 7.264234387349836064e-01 7.423563846484131368e-01 7.554451049994082013e-01 7.910330041772875020e-01 7.950360050568111570e-01 8.173700629733778866e-01 8.348428050364299358e-01 8.513340747379215534e-01 8.664805374111183012e-01 8.855692456009560676e-01 8.904711317706387463e-01 9.056032255138791731e-01 9.234818999242063731e-01 9.446718183119524603e-01 9.502292293126287648e-01 9.710617335659935678e-01 9.806128707219580187e-01 1.008946370981255836e+00 1.024620672187597670e+00 1.036825471698627821e+00 1.063648776404219509e+00 1.066546484215589174e+00 1.081712357044163353e+00 1.102941078194968449e+00 1.114192415781416479e+00 1.140519372309305002e+00 1.154054341914446891e+00 1.166215371847301618e+00 1.189176815859925407e+00 1.198720645135595397e+00 1.213107570749360375e+00 1.226239226891987277e+00 1.249758662866208070e+00 1.268522675602142602e+00 1.284926125966403321e+00 1.313121687695880668e+00 1.321772880439034736e+00 1.337816276975757779e+00 1.348191996744953824e+00 1.363928871557795741e+00 1.386173267710126389e+00 1.417929684117624101e+00 1.424663790011363895e+00 1.440022752262278161e+00 1.453065000102859550e+00 1.478633741491209408e+00 1.497484602068803738e+00 1.510164999236413896e+00 1.530156432808573053e+00 1.546641237787031553e+00 1.565234714706948527e+00 1.582428050036341460e+00 1.608300426780665537e+00 1.645217349059359568e+00 1.671769775837887995e+00 1.681858276300570498e+00 1.704217720952326376e+00 1.717641409559762078e+00 1.739632999158441162e+00 1.756347401008469644e+00 1.779504370375890598e+00 1.805935372104711778e+00 1.886098854189692586e+00 1.927709824093722712e+00 1.948234169920741277e+00 1.962996271401665993e+00 1.987967555847846679e+00 2.002892662600360030e+00 2.044852915429273388e+00 2.060607104860868510e+00 2.064479376831736435e+00 2.086149633625768107e+00 2.117585624325961646e+00 2.150272575020002463e+00 2.187635311169816354e+00 2.239338631964390203e+00 2.265647851842185201e+00 2.292361350518540508e+00 2.302341243998062836e+00 2.342604501685503937e+00 2.369775615556754200e+00 2.407812655678404301e+00 2.432556064267093809e+00 2.472474649228261434e+00 2.545489208593909147e+00 2.607541351488207759e+00 2.721266124541441567e+00 2.732831581496204976e+00 2.749184682238701605e+00 2.834480903934557094e+00 2.901899672131578178e+00 2.952435181395926644e+00 2.975006774759032080e+00 3.030832408443453030e+00 3.062222236312442281e+00 3.151413475809651921e+00 3.181776845194437708e+00 3.360474887581402115e+00 3.400043125236495101e+00 3.446320359385348198e+00
5.206546513541596144e-02 5.511707916815975633e-02 1.089104008456813349e-01 2.844312849742624549e-01 3.249794839452360140e-01 3.891201478344457065e-01 4.055711441054019595e-01 4.218613408364929596e-01 4.431092120690354741e-01 4.810870725922689606e-01 5.139959470338530956e-01 5.459738776996365672e-01 5.753129035015801529e-01 5.811737278011910313e-01 6.016526527809765712e-01 6.319085303094283956e-01 6.412949170620417805e-01 6.737892444803249559e-01 6.904330266739960864e-01 7.092715584075881541e-01 7.273822357365031799e-01 7.411767404662772396e-01 7.514676491423212257e-01 7.898959017786592041e-01 7.950657865284609382e-01 8.202335092027452923e-01 8.348079250959213882e-01 8.487263469704594554e-01 8.630408081491172112e-01 8.817661720381047008e-01 8.912465486628865508e-01 9.043513447576666531e-01 9.270221671282626863e-01 9.449341945908350526e-01 9.504748915187118952e-01 9.715385298156963279e-01 9.780143977533525268e-01 1.009969776575635914e+00 1.026743633360057029e+00 1.037803325604732319e+00 1.061107331709895796e+00 1.070889406703635416e+00 1.082479897750974418e+00 1.101093093568972670e+00 1.113369559358564853e+00 1.142731273571175432e+00 1.155845776533372504e+00 1.167204529518236944e+00 1.187568498952742413e+00 1.198164667443659681e+00 1.214421720976145869e+00 1.224048900817034102e+00 1.250730782753562309e+00 1.270633258705623270e+00 1.284511762875381713e+00 1.311884106938013161e+00 1.319271611658478616e+00 1.331738655841975261e+00 1.351579541819558417e+00 1.365417215382805249e+00 1.387412121753248018e+00 1.417402479769021673e+00 1.424905660204510038e+00 1.443397307233147631e+00 1.453147781233092184e+00 1.479744837594254347e+00 1.497930921523049852e+00 1.508164456690380684e+00 1.525955091870186964e+00 1.546053769450298487e+00 1.565522102158379614e+00 1.583619191795955228e+00 1.608842186686411102e+00 1.644984566215723421e+00 1.670712154492345558e+00 1.684842498645819475e+00 1.706432676398939030e+00 1.715374621252897080e+00 1.734633459280808365e+00 1.754573248949621078e+00 1.779315369160146432e+00 1.803338967071951737e+00 1.885588121341892132e+00 1.926778246703839459e+00 1.950842208658253529e+00 1.962321147536861154e+00 1.986167971262781551e+00 2.002671169744630220e+00 2.046539982379001366e+00 2.060588527327147368e+00 2.064935421512563707e+00 2.084916079978738068e+00 2.121884311014235358e+00 2.150517007218581078e+00 2.186683213472015552e+00 2.237939760985053539e+00 2.268152033436510617e+00 2.290083408811752097e+00 2.301260262900001408e+00 2.342380568112314432e+00 2.369936720267003416e+00 2.401961480758821654e+00 2.432468022296864429e+00 2.472618027071021629e+00 2.547296637351640136e+00 2.608550177926447944e+00 2.719993967208443664e+00 2.728693256771562048e+00 2.750709550801762493e+00 2.835874438689981236e+00 2.902933667713352150e+00 2.948746713426900090e+00 2.973953641397851566e+00 3.026070982381073637e+00 3.060368495160608937e+00 3.153076271080653914e+00 3.183789686236849992e+00 3.363376426712998413e+00 3.401437653358062807e+00 3.446463115961030610e+00
2.620387100074797818e-02 2.781710868463835307e-02 5.493506200673651391e-02 2.838443965449257700e-01 3.224241594714463699e-01 3.910183523302124264e-01 4.067955824628004535e-01 4.232227578510859289e-01 4.453288045882425883e-01 4.848291247943800619e-01 5.128758506317656618e-01 5.537949949549763051e-01 5.761628055423636541e-01 5.797584105770895446e-01 5.977290874098490914e-01 6.298381104785314433e-01 6.506317233711169656e-01 6.677750483396813763e-01 6.908210913160046651e-01 7.105508401448681344e-01 7.299307703659434488e-01 7.399838603621654576e-01 7.479979832923883132e-01 7.889679382055981849e-01 7.950606112517887292e-01 8.219992401740989774e-01 8.364955706955675696e-01 8.451346802139783065e-01 8.601869175015119939e-01 8.783727765179395464e-01 8.936286858065819461e-01 9.035331937240139721e-01 9.300018547669312019e-01 9.437418387094512751e-01 9.512606076430432100e-01 9.719126640452621091e-01 9.762165345063955613e-01 1.010203526047682043e+00 1.028594369091695437e+00 1.038946558877164250e+00 1.058256109580953730e+00 1.075957983242232796e+00 1.082565632434330460e+00 1.098074909787351450e+00 1.113047361965144422e+00 1.141351665691257455e+00 1.161397690247585768e+00 1.168620694981381991e+00 1.184281191636281427e+00 1.197144728800228375e+00 1.216381419596402447e+00 1.221425034454447722e+00 1.251800503782563467e+00 1.273664111338392857e+00 1.283904249490315896e+00 1.310590873217708952e+00 1.316760807544304468e+00 1.327288518397681694e+00 1.354153572396539884e+00 1.366922185915655508e+00 1.388672192440992603e+00 1.415273123060535765e+00 1.426571018361437737e+00 1.445145644362742621e+00 1.455200090142001912e+00 1.479246602910081032e+00 1.496035373429182025e+00 1.507335883407880939e+00 1.524294283850087250e+00 1.545582623118769927e+00 1.565966124485119293e+00 1.584366831943210485e+00 1.609062158709391177e+00 1.644803701184189615e+00 1.670029209331175712e+00 1.686916147658817478e+00 1.708561324906079371e+00 1.714816953295244417e+00 1.729223904175252846e+00 1.753643997883812755e+00 1.779158803397544286e+00 1.801756653275920383e+00 1.885307936665686857e+00 1.926237810360232672e+00 1.953469167912243565e+00 1.960900314317558513e+00 1.985061776138328682e+00 2.002566591180038102e+00 2.047647012689109758e+00 2.060608746867738539e+00 2.065279739195450937e+00 2.084092065220613410e+00 2.125173419296304544e+00 2.150197019907873042e+00 2.185850712836792553e+00 2.237087371585274376e+00 2.270766491725125569e+00 2.286924592424304681e+00 2.301239663444090588e+00 2.342266398024762442e+00 2.370168066768088000e+00 2.397801452439322745e+00 2.432780026955998487e+00 2.472702332760426280e+00 2.548309130423678237e+00 2.609954710560947078e+00 2.718924951513067789e+00 2.725894508783392567e+00 2.751750349474793911e+00 2.836715021876883736e+00 2.903708436166761775e+00 2.946326661335517905e+00 2.973341864082301722e+00 3.022655008829676859e+00 3.059558372631144163e+00 3.154225644328499722e+00 3.185036416790492542e+00 3.365112611814187638e+00 3.402280627182668216e+00 3.446513281291729847e+00
-1.418580587553115117e-04 -1.132756865115539869e-04 5.354742947570126436e-08 2.836753121123065657e-01 3.215799197376791319e-01 3.917521411239890394e-01 4.070628254324271666e-01 4.233947553980196288e-01 4.465207740616234378e-01 4.864753477214980859e-01 5.116867174697760090e-01 5.581177952952836030e-01 5.751322679767898460e-01 5.795629736984146962e-01 5.960256387355401531e-01 6.289193316338413942e-01 6.581629998958427041e-01 6.618963919647795624e-01 6.905181682263594745e-01 7.110786495390294393e-01 7.312554092049708965e-01 7.402838782010369156e-01 7.458296840153505469e-01 7.886887352336725554e-01 7.949954002582196866e-01 8.225052177806699838e-01 8.384187595464173137e-01 8.426206049440410073e-01 8.590084717340774612e-01 8.772708667341809763e-01 8.946824028405503393e-01 9.031903711054956041e-01 9.313005739198719768e-01 9.429410060347737099e-01 9.516102395752645826e-01 9.719608985472750762e-01 9.756815819709968585e-01 1.010187541345020312e+00 1.029376972310053651e+00 1.039493634103155539e+00 1.057023591325759293e+00 1.078230613512153546e+00 1.082889440500723000e+00 1.096067174380004561e+00 1.113056795449183456e+00 1.140589179538165299e+00 1.164258620331950267e+00 1.169590528678443153e+00 1.182012692432081291e+00 1.196724656825296274e+00 1.218162109132540083e+00 1.219355995446018914e+00 1.252221767805427266e+00 1.275367177453297529e+00 1.283436048406777941e+00 1.310009349029281012e+00 1.315546272882640144e+00 1.325813731375465432e+00 1.355026541214537694e+00 1.367569348117078087e+00 1.389245718222311687e+00 1.414308332633929188e+00 1.427288802494223408e+00 1.445447449700990816e+00 1.456792426531701823e+00 1.478557023660601821e+00 1.494794115811640678e+00 1.507270967270275763e+00 1.523957207305610906e+00 1.545397357910415659e+00 1.566178564447678445e+00 1.584615199689417109e+00 1.609109078704936246e+00 1.644733474368443860e+00 1.669810335684518421e+00 1.687638983256637415e+00 1.709222787716858205e+00 1.715612357930341725e+00 1.726340020771904848e+00 1.753365041902338106e+00 1.779097724810651204e+00 1.801230818115220789e+00 1.885218098065520431e+00 1.926063244135443719e+00 1.954923521350174997e+00 1.959846692218401021e+00 1.984699032779964956e+00 2.002536335336058126e+00 2.048029533307393013e+00 2.060627216639555392e+00 2.065405322617637651e+00 2.083801551266994068e+00 2.126448770965780888e+00 2.149952194470444944e+00 2.185525574718346853e+00 2.236797210330395913e+00 2.272085720977081280e+00 2.285331591815754404e+00 2.301319429923730731e+00 2.342234308073698479e+00 2.370284249058800530e+00 2.396304985976246194e+00 2.432931491732355234e+00 2.472729002374950635e+00 2.548626997691092022e+00 2.610588621220037542e+00 2.718476262276044331e+00 2.724930643033159239e+00 2.752117034450949795e+00 2.836996793989459587e+00 2.903994592758852189e+00 2.945483074778166177e+00 2.973142036958449363e+00 3.021427673699107253e+00 3.059332309764529079e+00 3.154635760633216712e+00 3.185457467275372601e+00 3.365688106374384425e+00 3.402563985110465872e+00 3.446522906498722616e+00
-4.180415069793672056e-02 3.464001418602585813e-02 5.949229307883151935e-02 2.842069871914512658e-01 3.221735320319840667e-01 3.920049671521452783e-01 4.069194768592039879e-01 4.243599942118663204e-01 4.480025506064809204e-01 4.863473947898002137e-01 5.111397654614705521e-01 5.571725278563872674e-01 5.730075417348888811e-01 5.788452343867234173e-01 5.988675369061383646e-01 6.286512833754961393e-01 6.572741789355934783e-01 6.636070876481856562e-01 6.894634330326208094e-01 7.111898710304014326e-01 7.293821477758393179e-01 7.388027949826010410e-01 7.493016883361692804e-01 7.879247949331280587e-01 7.952641315702952962e-01 8.216971649154717339e-01 8.383247107252731478e-01 8.435009676293564462e-01 8.594896191270802177e-01 8.760222886159730882e-01 8.953591625345090899e-01 9.029207638762677401e-01 9.308166581857511002e-01 9.438745966715751390e-01 9.522687234779125820e-01 9.722753824333744133e-01 9.762938216451243489e-01 1.008457401332906622e+00 1.027287495045284160e+00 1.043094350686120997e+00 1.057633152758418404e+00 1.077758197221643899e+00 1.082448178416547169e+00 1.097318658209023745e+00 1.111576353462998545e+00 1.143341682445649710e+00 1.159568700265342089e+00 1.175208265340968339e+00 1.180608345198927323e+00 1.198474314458914058e+00 1.216402552142711757e+00 1.221004006109662754e+00 1.252506046322851452e+00 1.275430859016697394e+00 1.284741431941690992e+00 1.310258768849398070e+00 1.316920213465573086e+00 1.326522254000300993e+00 1.355379869291243544e+00 1.367391222720633959e+00 1.391862202635206325e+00 1.414819634591629738e+00 1.426686721931884394e+00 1.443747417660521837e+00 1.459381558682501856e+00 1.477518136352484968e+00 1.495636222468875287e+00 1.507845002788628763e+00 1.525536026265696066e+00 1.546310811004550922e+00 1.567138914324954335e+00 1.586650511254551033e+00 1.609451390386588798e+00 1.644723980418136389e+00 1.670404813002926092e+00 1.687764563650712368e+00 1.709194987389793807e+00 1.714911045454617478e+00 1.728038959594885959e+00 1.753421499753049062e+00 1.778549164905547375e+00 1.801762071406834309e+00 1.884978567833070606e+00 1.925946328684571496e+00 1.953142865136965334e+00 1.960310913210658423e+00 1.985003855034468634e+00 2.002800019701980627e+00 2.048334229357566372e+00 2.060090727725724324e+00 2.065831069517555907e+00 2.084565206045601915e+00 2.127154224023316775e+00 2.150469981419310450e+00 2.186825694704664258e+00 2.236990627143567334e+00 2.270763772960585403e+00 2.285640920898217132e+00 2.300818747742505721e+00 2.343895372247877251e+00 2.370240766473787009e+00 2.396419952762133487e+00 2.432433985525645159e+00 2.473364981013184583e+00 2.549158692483414868e+00 2.610729737645531401e+00 2.717119887775806486e+00 2.726608587524793847e+00 2.753536773439898333e+00 2.836135212740121592e+00 2.904010432449501522e+00 2.945024648122660071e+00 2.972207694906765507e+00 3.021529646417566273e+00 3.059464113244721339e+00 3.155206763977603579e+00 3.184304824730037176e+00 3.365281700291283151e+00 3.402058138905917239e+00 3.446137488125827097e+00
-4.041223618763998410e-02 6.492373836851857150e-02 9.838552363277636159e-02 2.858208357137118072e-01 3.242765083442289975e-01 3.927092546724762490e-01 4.073951801809627127e-01 4.263039303129691482e-01 4.521488236910764513e-01 4.862542971566291006e-01 5.097320596738432741e-01 5.541254311063282811e-01 5.677879249701466291e-01 5.789557384823211805e-01 6.042435078707318885e-01 6.283201318417790393e-01 6.565350596778253278e-01 6.660907715172894594e-01 6.873637731797088701e-01 7.107491129523655360e-01 7.247843440898643630e-01 7.385455174589510285e-01 7.546505011068873614e-01 7.863553643351612887e-01 7.957171907634927877e-01 8.196875968144207159e-01 8.376668878079855940e-01 8.457289327546796409e-01 8.605420816451876398e-01 8.734544941529968076e-01 8.964704112682937431e-01 9.028170731764538770e-01 9.291414499818999584e-01 9.461822037380032135e-01 9.543660179246701292e-01 9.731358984780011934e-01 9.779398917150177173e-01 1.003981040811364744e+00 1.025444222339896738e+00 1.046687675744586210e+00 1.060625821431134597e+00 1.076217220625213411e+00 1.082341827762675956e+00 1.098990810926208761e+00 1.110401465269680754e+00 1.148497491786484082e+00 1.155461938368797181e+00 1.177349379337365276e+00 1.182954631623834407e+00 1.201963188056348608e+00 1.212830006286655937e+00 1.224987735986304171e+00 1.253259359582207910e+00 1.275770278980217887e+00 1.288151233006289198e+00 1.310519254769134223e+00 1.320324754212588658e+00 1.329561271803594957e+00 1.356404239410095691e+00 1.368232130540625535e+00 1.396290874723346676e+00 1.417032956295811497e+00 1.425633380118298765e+00 1.442269210730262818e+00 1.463532263763991592e+00 1.475389019838233118e+00 1.497542569998680184e+00 1.510543967948956068e+00 1.528759034292804131e+00 1.548830402875949863e+00 1.569191681661751714e+00 1.593286522097583813e+00 1.611391552196623334e+00 1.644692740604293713e+00 1.672061114946607585e+00 1.687941529868597579e+00 1.709432705517962336e+00 1.713827877992896820e+00 1.731984448724004588e+00 1.753638826829355235e+00 1.777291150881316506e+00 1.803263315294206581e+00 1.884277280597038917e+00 1.925510248107300981e+00 1.948769740119889793e+00 1.961119711732368209e+00 1.985803789634034366e+00 2.003178066156821924e+00 2.049257458747204552e+00 2.059116604662984962e+00 2.066948155185740710e+00 2.086487579227468192e+00 2.129066537260451142e+00 2.152597212626869982e+00 2.190277580768428045e+00 2.237494898168024271e+00 2.267017470884665542e+00 2.286999338823775041e+00 2.299538639548190044e+00 2.348307749656659560e+00 2.370159403511673535e+00 2.396840359564978318e+00 2.431096033520397715e+00 2.475189770448817494e+00 2.550644195993946983e+00 2.611216940696491129e+00 2.714817495800678326e+00 2.729868620585824690e+00 2.757504243800243504e+00 2.833694579914435963e+00 2.904052994953150613e+00 2.943681910928800605e+00 2.969510031914034620e+00 3.021491271476169693e+00 3.060060202056578138e+00 3.156692959676535182e+00 3.181107335164884198e+00 3.364113687644262551e+00 3.400595903741905790e+00 3.445017486444960308e+00
2.939848516280542737e-02 9.123472620759030816e-02 1.388138819252188183e-01 2.888559027647153443e-01 3.284564947190323769e-01 3.933769606909560124e-01 4.096640280740141971e-01 4.285109452247997108e-01 4.579187653034335614e-01 4.868771091506436388e-01 5.080545910904334939e-01 5.487403595968641801e-01 5.634203933390085073e-01 5.794265129334407183e-01 6.094660235758376787e-01 6.286914198663305919e-01 6.566435210033588765e-01 6.669138085705297314e-01 6.865609875657029404e-01 7.085008536462273909e-01 7.198816813460364727e-01 7.399893112795212780e-01 7.592877083315247022e-01 7.848983536684626117e-01 7.959776605460996413e-01 8.174798164317629290e-01 8.360440087054529235e-01 8.480194026444430877e-01 8.604625506078191766e-01 8.723520050642278312e-01 8.967866092114408216e-01 9.038153583865229379e-01 9.263616691047538154e-01 9.491229791892482615e-01 9.574343122707379417e-01 9.746212185662490590e-01 9.800622043921854987e-01 9.988923339942810120e-01 1.024197906019370663e+00 1.047424915970468939e+00 1.062500766033238619e+00 1.076175313027341929e+00 1.083018183256136968e+00 1.099543506674567350e+00 1.113102076446425448e+00 1.146402316565970247e+00 1.159654481779158974e+00 1.177183017605231141e+00 1.187188284383494885e+00 1.205119165794803049e+00 1.208731318594536530e+00 1.231029638049517372e+00 1.254573796585687351e+00 1.277244240320192681e+00 1.291752946913833355e+00 1.310096149310637781e+00 1.323778174932783047e+00 1.336512498726069920e+00 1.358468233764696054e+00 1.371540677715824108e+00 1.398064315545830327e+00 1.419537284119629872e+00 1.425407039253345998e+00 1.444931901896657989e+00 1.466442110876370331e+00 1.474649159321264724e+00 1.499236208256352842e+00 1.516232301622779000e+00 1.531706209427975862e+00 1.552230717015117945e+00 1.571544674853858181e+00 1.601259998000339024e+00 1.619720036427426457e+00 1.644747273616583794e+00 1.674328977235620908e+00 1.687742127512184442e+00 1.710551521454063195e+00 1.713471112332369373e+00 1.737048534391673060e+00 1.754201641970937198e+00 1.776243693422809855e+00 1.805603793636809229e+00 1.883147920159609523e+00 1.924556828354907045e+00 1.942855290121063394e+00 1.962043721138072128e+00 1.986880998849641200e+00 2.002927608242850877e+00 2.049753493033583229e+00 2.058753044310828173e+00 2.069687188751586415e+00 2.088686413477930159e+00 2.131852018288809880e+00 2.157346935750773298e+00 2.194861488936902916e+00 2.238083775469490444e+00 2.261850107641521390e+00 2.289846133632600811e+00 2.298044620722092368e+00 2.354365333152411033e+00 2.370221887169039032e+00 2.397758327786613464e+00 2.429333128978586220e+00 2.477993473280027281e+00 2.552765742811559768e+00 2.612230546289363353e+00 2.712700664806960482e+00 2.733537910559421302e+00 2.763208863353210365e+00 2.830097847317071036e+00 2.904135603869288040e+00 2.941534858552830922e+00 2.965304236277417349e+00 3.020489380792620970e+00 3.061604682255865129e+00 3.158049719794813193e+00 3.177023448987540633e+00 3.362324517528873180e+00 3.398334597419355063e+00 3.443266390930818321e+00
7.804608775909452345e-02 1.161190304923576666e-01 1.798907145818840758e-01 2.943873040312257050e-01 3.348377517143748539e-01 3.928927336765535849e-01 4.136663794844870345e-01 4.318788787135143248e-01 4.643604886922020891e-01 4.886364616481332357e-01 5.068948595416031822e-01 5.420702938375097091e-01 5.616676356401216763e-01 5.798251839016489440e-01 6.136252167151435843e-01 6.300120954245126415e-01 6.573210011932032470e-01 6.656529442745564573e-01 6.880420379728605651e-01 7.047768469783757261e-01 7.158916408813417176e-01 7.425839461763669158e-01 7.623611201887335875e-01 7.835794766697327107e-01 7.957071606734600344e-01 8.163274793550991948e-01 8.337577994722341623e-01 8.477288707262290446e-01 8.593286684244941798e-01 8.737748334746899825e-01 8.965515819061037339e-01 9.053634812955977385e-01 9.232904986312508999e-01 9.520998872394196288e-01 9.605592449141422406e-01 9.766496581610231154e-01 9.819796073914113244e-01 9.955062322684967713e-01 1.021749883045074858e+00 1.047779907951055689e+00 1.059529475198792481e+00 1.075963872375168551e+00 1.086366454841627638e+00 1.102205225412462131e+00 1.117325126559646220e+00 1.140969604679117788e+00 1.165009349468586031e+00 1.180648626401468615e+00 1.188296580292176996e+00 1.205046886463592815e+00 1.208356454278206815e+00 1.236995965814811971e+00 1.257130807404013950e+00 1.280146754648520568e+00 1.294491359023852928e+00 1.309146250074036066e+00 1.326613229355237067e+00 1.344237501249106792e+00 1.363139819239387762e+00 1.377973171394906826e+00 1.398213599363785420e+00 1.419402144610951710e+00 1.424854759753487077e+00 1.451981850597777957e+00 1.467592288921975685e+00 1.477385986631989834e+00 1.500599043905165075e+00 1.523704614660804202e+00 1.534586610909902671e+00 1.555566168143742045e+00 1.574661428939236885e+00 1.604960081570788066e+00 1.637390277246192793e+00 1.645893219241621797e+00 1.676409757897025399e+00 1.687300337096785174e+00 1.711453215503597525e+00 1.715201462759615492e+00 1.743808484783980095e+00 1.755400151409683529e+00 1.776376436729805608e+00 1.808827224494024000e+00 1.881618257183701459e+00 1.922893666659582168e+00 1.936190578941513474e+00 1.963119559912354983e+00 1.987916457446262442e+00 2.001806433885046754e+00 2.048285646984155495e+00 2.059135996458359763e+00 2.075813467514374011e+00 2.090337877117862675e+00 2.135533277284561660e+00 2.164973281001840721e+00 2.199445979666275974e+00 2.238345502790758612e+00 2.256828492249596252e+00 2.293278638552313176e+00 2.297991589003637092e+00 2.361187709637941001e+00 2.370808864128610249e+00 2.399468055419616164e+00 2.427724235717360735e+00 2.481510071654478455e+00 2.555039994030980477e+00 2.614051014336505219e+00 2.710900288354557208e+00 2.737357115086934023e+00 2.769455485695191399e+00 2.826066017190390411e+00 2.904316909723135165e+00 2.938691036515486577e+00 2.959882656738547002e+00 3.017773820417084529e+00 3.064503684122796390e+00 3.156324941851114563e+00 3.175230346071894694e+00 3.360109710481087308e+00 3.395508145739225547e+00 3.441041347441612608e+00
1.167121015493205599e-01 1.416619915014882269e-01 2.192405112128378852e-01 3.044155693461180201e-01 3.427829422893084454e-01 3.908008367281492479e-01 4.170639907583785222e-01 4.380356470650222378e-01 4.720231302761622172e-01 4.906963788448526209e-01 5.073926025274299034e-01 5.362383551091537415e-01 5.630479283097906684e-01 5.802245241845060963e-01 6.157023332710580554e-01 6.326564750432743800e-01 6.577070203806205662e-01 6.642894038095955578e-01 6.901264342440356359e-01 7.017610298578315087e-01 7.130349627748940877e-01 7.459221490031868740e-01 7.635132465893444964e-01 7.816531802712713972e-01 7.948956527786772419e-01 8.168615061847298575e-01 8.310825605016498585e-01 8.439415972104966635e-01 8.588983390733473389e-01 8.756564990670314685e-01 8.961253448754801232e-01 9.064136329289237404e-01 9.212638022320804865e-01 9.547130107611452310e-01 9.632903680062508966e-01 9.769648062695696078e-01 9.841899321503827514e-01 9.957898027206951719e-01 1.017822648227152849e+00 1.046345965261641142e+00 1.058000126961068821e+00 1.072871394621695673e+00 1.091412269174968808e+00 1.106818143953579137e+00 1.121158190766979645e+00 1.135874586182844537e+00 1.166756931844942669e+00 1.184475838434901229e+00 1.188605669895378636e+00 1.204039392667610064e+00 1.211703225923641769e+00 1.240422867749221947e+00 1.261795247306668477e+00 1.282853435430606925e+00 1.298037113351165672e+00 1.308355307425757896e+00 1.329089407212204366e+00 1.348329833836345637e+00 1.369999356457436868e+00 1.387664541385754235e+00 1.399589023187362669e+00 1.417455713832567188e+00 1.424861171145005212e+00 1.457927278981553165e+00 1.468049960769491014e+00 1.481803167203517679e+00 1.502632648729871789e+00 1.530858596642738156e+00 1.539221186842798739e+00 1.559154714944009701e+00 1.578295734529189698e+00 1.606845536841700506e+00 1.644402802974274769e+00 1.660006867159488086e+00 1.677859300118903052e+00 1.688181490880013458e+00 1.711644217712855243e+00 1.718281791163857042e+00 1.753534647109854516e+00 1.758293979852529665e+00 1.778346293010725443e+00 1.813336173304858745e+00 1.879732948639887491e+00 1.920434761575522842e+00 1.929539207875639040e+00 1.964223866337118096e+00 1.988283621259939071e+00 2.000372750745864625e+00 2.045273398692811995e+00 2.059910623381824735e+00 2.084373806587926037e+00 2.091432328635425275e+00 2.140258564556078991e+00 2.174725197988230274e+00 2.203028695918452406e+00 2.237664177233578577e+00 2.253520336241841893e+00 2.294055573395450409e+00 2.303133039813606509e+00 2.367909381698282800e+00 2.372690752975187500e+00 2.402618383082849807e+00 2.426942093866813366e+00 2.485455420974417962e+00 2.556917576639191836e+00 2.617056687759796940e+00 2.709318365027513664e+00 2.741182922226477636e+00 2.774737961616767112e+00 2.822709663419082915e+00 2.904629330359569384e+00 2.935319393195983562e+00 2.953497169296416036e+00 3.013192403748538251e+00 3.068741385420693302e+00 3.149699756082084967e+00 3.177911639323299120e+00 3.357677559923335497e+00 3.392388063873869264e+00 3.438535928328900315e+00
1.477593699461824395e-01 1.698502225203631921e-01 2.525026767206644540e-01 3.217793473173328755e-01 3.509040626823781706e-01 3.884807851469528894e-01 4.176340129482861707e-01 4.464047423632492850e-01 4.822161377350482336e-01 4.914663561015991111e-01 5.109574736597003453e-01 5.336350155418539964e-01 5.674990443311539456e-01 5.810513226290279221e-01 6.148137078431847868e-01 6.372774451434488618e-01 6.563610932889916150e-01 6.648424195521729363e-01 6.908239400682280040e-01 7.014695861678902356e-01 7.119771511594538138e-01 7.492822159446981267e-01 7.629497999028371780e-01 7.791838701697084701e-01 7.934350644131823449e-01 8.185677987615306295e-01 8.277480641517775961e-01 8.393715051041434894e-01 8.583263089680160940e-01 8.764368043435166733e-01 8.949988200335546873e-01 9.064379598389460391e-01 9.217209634196810164e-01 9.566985800509579807e-01 9.655867275455084497e-01 9.745990094231552492e-01 9.868097356592278047e-01 9.992349861918078391e-01 1.013760496025574387e+00 1.042624837242527081e+00 1.059974639218178805e+00 1.069789668515301218e+00 1.095277633981844634e+00 1.111052778943232289e+00 1.123929526471911355e+00 1.132686026821896119e+00 1.165244805108311077e+00 1.182507620047394736e+00 1.192376291048731884e+00 1.204420514646596718e+00 1.216982081915656932e+00 1.241039896229047423e+00 1.266930883839803679e+00 1.285297196738351744e+00 1.301620342045703760e+00 1.310034953866543006e+00 1.331508943670403289e+00 1.350291228318856618e+00 1.375545665158404374e+00 1.393984390179755284e+00 1.404972017271537421e+00 1.418124801151859016e+00 1.427185087977584033e+00 1.460546901200802328e+00 1.468590879674213090e+00 1.483813041045794812e+00 1.506278930306672592e+00 1.536757393082069267e+00 1.545944118459977146e+00 1.564605194029136781e+00 1.581241154618697964e+00 1.608329949554171856e+00 1.646017458001971967e+00 1.670290609333270782e+00 1.679188433110543555e+00 1.694411193162509210e+00 1.712191613913407240e+00 1.722241959272495126e+00 1.757109280877742208e+00 1.771844585759237312e+00 1.782510431595804912e+00 1.820326639709805239e+00 1.877641507324244952e+00 1.917304948862222469e+00 1.923579664397484290e+00 1.964941597494439529e+00 1.987119407277376348e+00 1.999752662641538947e+00 2.041616472207875788e+00 2.061264512300351015e+00 2.088866368429714182e+00 2.096484951279862674e+00 2.145703488991817842e+00 2.185232148843727185e+00 2.205053763720735027e+00 2.235898330105884124e+00 2.252531305529349215e+00 2.294810174644626333e+00 2.310710125924920977e+00 2.372284955626174696e+00 2.377346448302519732e+00 2.408855052451643441e+00 2.427841797979441552e+00 2.489537508802622590e+00 2.557960238873306924e+00 2.621711780848239748e+00 2.707833719526567595e+00 2.744781871049438493e+00 2.777506018610895300e+00 2.821399431682529269e+00 2.904873815968988193e+00 2.931709242098361923e+00 2.946383466866825174e+00 3.007296400437444284e+00 3.073920656826422793e+00 3.140665228847902668e+00 3.183085884351533945e+00 3.355211959074262840e+00 3.389239735794784547e+00 3.435962535606209567e+00
1.715282075074687496e-01 1.989829671973417924e-01 2.756613232625677035e-01 3.450200128803230237e-01 3.577865126984685618e-01 3.899686247378574833e-01 4.160417799470093048e-01 4.539297811107225744e-01 4.892776485915565909e-01 4.958720910394229242e-01 5.176971214682171141e-01 5.369577516889035840e-01 5.728967391281368782e-01 5.837027368745446587e-01 6.124298718510143846e-01 6.430715413598480090e-01 6.536403664555447968e-01 6.669998257482504522e-01 6.899639766952091469e-01 7.041776571267965856e-01 7.131687780686715161e-01 7.508819469544473213e-01 7.621447528986732278e-01 7.770429822961382182e-01 7.911194987115026667e-01 8.200011052996003524e-01 8.233499453931549805e-01 8.367105009127009385e-01 8.576203754840265869e-01 8.754583655962734356e-01 8.924102359653389716e-01 9.063091184455729366e-01 9.245141424741321057e-01 9.573863533317177321e-01 9.665628596595625677e-01 9.727568702031893499e-01 9.883415802511361647e-01 1.002345853260204089e+00 1.012273363721454933e+00 1.040128362726923550e+00 1.061301752907894080e+00 1.069268370174269123e+00 1.097424433774326413e+00 1.113029190219170017e+00 1.125380736162559181e+00 1.132238573686596750e+00 1.161884817767260714e+00 1.180680437307733976e+00 1.193285857618770596e+00 1.206153904854719183e+00 1.222925687147303542e+00 1.240478473981960095e+00 1.268552106843393812e+00 1.290992987951204540e+00 1.300362416885930905e+00 1.316862566588703265e+00 1.334556774155627235e+00 1.352213123944423279e+00 1.378787927258899870e+00 1.396084280113726983e+00 1.405163109153497292e+00 1.425426706745010819e+00 1.435919539015703572e+00 1.460188862768661888e+00 1.469229373010159545e+00 1.484356626978925897e+00 1.510162144893774983e+00 1.542242791218310316e+00 1.552231213122535314e+00 1.572751590324864335e+00 1.582770914037576526e+00 1.609637803517111276e+00 1.648048140217551971e+00 1.671961080115542231e+00 1.678361146767243461e+00 1.701535560120845725e+00 1.714241671745954099e+00 1.729978293608316564e+00 1.758086125861893612e+00 1.786131695942123176e+00 1.790057583255148188e+00 1.832027515901089698e+00 1.875802873544928806e+00 1.914088100930018355e+00 1.918653524676626976e+00 1.964625889222853417e+00 1.984288505438731809e+00 2.000604127539982180e+00 2.037962668807014488e+00 2.063245527113998445e+00 2.088319322273300749e+00 2.105285607557729755e+00 2.151032081376842875e+00 2.194772541512859831e+00 2.205666765564152865e+00 2.234023695979424406e+00 2.253095180578412737e+00 2.296969631499904185e+00 2.318246047476923977e+00 2.375029648232417134e+00 2.381696206741538369e+00 2.419038187779270821e+00 2.432787180047782716e+00 2.493510961186823138e+00 2.558067483511588858e+00 2.628485298686763727e+00 2.706397175070640593e+00 2.747657206741894065e+00 2.777407734972036746e+00 2.822714982437974029e+00 2.904387626673099465e+00 2.927838371419913432e+00 2.939350306353148312e+00 3.001183297393005489e+00 3.079469875006373591e+00 3.131352126036042627e+00 3.189268283124703007e+00 3.352848077645938840e+00 3.386286636550129625e+00 3.433534666550856151e+00
1.906049642204672712e-01 2.248753790581469736e-01 2.905776349634324740e-01 3.554801691660766094e-01 3.671062013989504491e-01 4.030985042988377010e-01 4.146198966352007687e-01 4.596015919500687219e-01 4.889357674048546709e-01 5.052313983442510148e-01 5.281501322886150707e-01 5.467839871973784183e-01 5.753889375709989595e-01 5.879062877511862517e-01 6.138103719238590106e-01 6.475993693575901045e-01 6.513804650004548780e-01 6.700818079544196282e-01 6.887298367330274562e-01 7.091152485166160035e-01 7.160401280444332883e-01 7.493222901441490835e-01 7.623356397998408696e-01 7.757999841773028926e-01 7.885082847525051175e-01 8.177233664340695096e-01 8.201347080166666581e-01 8.378285867698291867e-01 8.573952095212394875e-01 8.726781584131979574e-01 8.885064432056170025e-01 9.070118777332391025e-01 9.281194138779569336e-01 9.559867790589559045e-01 9.647666760220743321e-01 9.738693293513889238e-01 9.889363189077479133e-01 1.002693955288503247e+00 1.014989055512845795e+00 1.040568822083398182e+00 1.060486574717859787e+00 1.072263972889519801e+00 1.098046876372883895e+00 1.112188066083158455e+00 1.126463577836994912e+00 1.132597239681025325e+00 1.159159630601317437e+00 1.179337921433266434e+00 1.191903788009013532e+00 1.208669681725550227e+00 1.226488988238912725e+00 1.241078638578930970e+00 1.267501085344157286e+00 1.294508007071505817e+00 1.300939964970597940e+00 1.323154209649476387e+00 1.339395608634176504e+00 1.355176100166409325e+00 1.379608046214250816e+00 1.397850816130234985e+00 1.403299993326208250e+00 1.429926167336281084e+00 1.447776264597218532e+00 1.459563724040708887e+00 1.471758249733390089e+00 1.486461352102894429e+00 1.512979990812455267e+00 1.547015401388458278e+00 1.557492037730519474e+00 1.580951281888078208e+00 1.584319611519593218e+00 1.610570785202384503e+00 1.650254779926242810e+00 1.671451057276261754e+00 1.677465991049363891e+00 1.703063340400817749e+00 1.717333175677479451e+00 1.740150689201759970e+00 1.759515527562604875e+00 1.794985825370845944e+00 1.800097459436036385e+00 1.847501908257660475e+00 1.875664925064616462e+00 1.912027965749327096e+00 1.914796351866956403e+00 1.962794654054770493e+00 1.980545366113001471e+00 2.002697423805278376e+00 2.034715866891967373e+00 2.065653812162373537e+00 2.087223667532388749e+00 2.113191044486381287e+00 2.155313362960026513e+00 2.201774788215173029e+00 2.205322009104170089e+00 2.233014811122458365e+00 2.254816617659692657e+00 2.300282161802430281e+00 2.324708047904521457e+00 2.377267530305333221e+00 2.383305482464046499e+00 2.426702556034925351e+00 2.447345021857369574e+00 2.497441474339608725e+00 2.557648806635966388e+00 2.637617367029581938e+00 2.705100777855943495e+00 2.748841352572409136e+00 2.776434583689292079e+00 2.825543104423139606e+00 2.902252117945943510e+00 2.921376481565024275e+00 2.935678899197069036e+00 2.996257093741802269e+00 3.084638368588142665e+00 3.123212172401431008e+00 3.195842483724993244e+00 3.350662454194276663e+00 3.383691794603994385e+00 3.431447583542156288e+00
2.056210118007938681e-01 2.459021304487507831e-01 3.006286848856261629e-01 3.552416364762645551e-01 3.711000547911934011e-01 4.119143332763288146e-01 4.267739637023738042e-01 4.660239861100871073e-01 4.893502292920691721e-01 5.111914230360744549e-01 5.411592730480573321e-01 5.580910013592853547e-01 5.763461696589857741e-01 5.884296538993029069e-01 6.235336428485989124e-01 6.476441473669453108e-01 6.526598093540032508e-01 6.740600885494933969e-01 6.880833261017654801e-01 7.144839389411852260e-01 7.204974489578523933e-01 7.467448834597936180e-01 7.620185033764350635e-01 7.751645430842917239e-01 7.866923455042894586e-01 8.114837625545476829e-01 8.205864335473839200e-01 8.417967889963637873e-01 8.582997296032359724e-01 8.684032461440930328e-01 8.841731592488373259e-01 9.084903102950354636e-01 9.312058107957544850e-01 9.527804910425715645e-01 9.624211195011102005e-01 9.757002811135960796e-01 9.890245309755870684e-01 1.003237678183891646e+00 1.019249980360638963e+00 1.043215188220390610e+00 1.060547703005888298e+00 1.076378624542454920e+00 1.097737324591745889e+00 1.109101981790480140e+00 1.127179643875426462e+00 1.132567869587638665e+00 1.158263062244277553e+00 1.177980070186986472e+00 1.190008226660065116e+00 1.211162964458797786e+00 1.225642122422473834e+00 1.244123945347390681e+00 1.266284210588231041e+00 1.289717898476850477e+00 1.308051080807905109e+00 1.325944958419140729e+00 1.345814772662595971e+00 1.359657569045138681e+00 1.378689466335337954e+00 1.399061071186533889e+00 1.402743639869922454e+00 1.432555052300940490e+00 1.447292702592288371e+00 1.465297461942354662e+00 1.480216249574699772e+00 1.491398071292939997e+00 1.514639408252425490e+00 1.550508031277040288e+00 1.561996284589077355e+00 1.582790300418810858e+00 1.590974488558316580e+00 1.611457734353381799e+00 1.651546646145160224e+00 1.669652931881633773e+00 1.679381087651911519e+00 1.702648815122377091e+00 1.719930065415386622e+00 1.745701367600011267e+00 1.764546894268283372e+00 1.803427067745700274e+00 1.808223154300161672e+00 1.857657629527324383e+00 1.880407402097726166e+00 1.911031805624572311e+00 1.914686199628178098e+00 1.959649210606869696e+00 1.976484576165079332e+00 2.005548436834090786e+00 2.032050280428190803e+00 2.067909599207252924e+00 2.086848532585319660e+00 2.119678880832348788e+00 2.157988627726755038e+00 2.203368714511962700e+00 2.206737678940832392e+00 2.232868574126169570e+00 2.257982212489395568e+00 2.304022535605125377e+00 2.330094465068010656e+00 2.378784180596911213e+00 2.383070401764629143e+00 2.431837431652529968e+00 2.464925613423892159e+00 2.502456220214138050e+00 2.557608394944050456e+00 2.648601947781892729e+00 2.704266157731257447e+00 2.747482163189644222e+00 2.777379852002920479e+00 2.828072356760685580e+00 2.897807581783797382e+00 2.911733661650159899e+00 2.936899829265787520e+00 2.993836664735932018e+00 3.088226655586697067e+00 3.117800578225625507e+00 3.202479904252225396e+00 3.348675990074816422e+00 3.381556568812578156e+00 3.429856625323599584e+00
2.162743267787545776e-01 2.621199524260338087e-01 3.070052475664332148e-01 3.537386095160175437e-01 3.700573972160381420e-01 4.132468732261651567e-01 4.400047623617780457e-01 4.768581988375586445e-01 4.910713230853503419e-01 5.159476578913360090e-01 5.524437362751161151e-01 5.606844024459063380e-01 5.808425679463282698e-01 5.913448057424980364e-01 6.315860087262519240e-01 6.489156587411362143e-01 6.553687677789821198e-01 6.780052210742825158e-01 6.888733594569625973e-01 7.180274330004916550e-01 7.254692692240186647e-01 7.470559224495689765e-01 7.612328739319943471e-01 7.731214275534364910e-01 7.872694989358552942e-01 8.050393787669510859e-01 8.241894655734119945e-01 8.460565475222083798e-01 8.605432710049383260e-01 8.640386379633004932e-01 8.801953318803138471e-01 9.099674396386284725e-01 9.333954830807703607e-01 9.492327654916008495e-01 9.606220728814509613e-01 9.773116625436145677e-01 9.881765296696316536e-01 1.005774439207954396e+00 1.024013406098993384e+00 1.046016633076127578e+00 1.063487182318884949e+00 1.080137900413450147e+00 1.097036220299663078e+00 1.105275665447342570e+00 1.127151099686938718e+00 1.132846508028966692e+00 1.158191568559855611e+00 1.176641356993813670e+00 1.188416665124549354e+00 1.213430344448565235e+00 1.222137120078215178e+00 1.247318373042769490e+00 1.265171065058085187e+00 1.284522558340708054e+00 1.314065491778391159e+00 1.326059724719265365e+00 1.351662142722357185e+00 1.364686550779245611e+00 1.377432465518118709e+00 1.399142084170774680e+00 1.403412126767415113e+00 1.431567759672993878e+00 1.446794307351369824e+00 1.470590303530996401e+00 1.487301403669692546e+00 1.502076678503915685e+00 1.515931566891494331e+00 1.553065641269761654e+00 1.564881539361675955e+00 1.584469851286641751e+00 1.595349585443049056e+00 1.614062514618149757e+00 1.651088203747567373e+00 1.668204795182634870e+00 1.683639722157671770e+00 1.702247401236392399e+00 1.721797381974036201e+00 1.745507472808279337e+00 1.772483785587590344e+00 1.810640861627114129e+00 1.816640136902404112e+00 1.859619782642632169e+00 1.885846223728153914e+00 1.909742552806645621e+00 1.923253524428754968e+00 1.956148973344737252e+00 1.972436047343186116e+00 2.008519268490808862e+00 2.029989581019269629e+00 2.068884426409823174e+00 2.088719608890551971e+00 2.124654347888340844e+00 2.159093189680221236e+00 2.200653148967565365e+00 2.210075567697661114e+00 2.232858766678416096e+00 2.262094667902340372e+00 2.307626704104491999e+00 2.334743730542449658e+00 2.378791571126825488e+00 2.382555594942381560e+00 2.436990301913297241e+00 2.475484120576821212e+00 2.510472625900105115e+00 2.559038474296561283e+00 2.659454995964822377e+00 2.704537652480849541e+00 2.744670620790915727e+00 2.781081137230119626e+00 2.828770586301802670e+00 2.889501221955040666e+00 2.903755042712752754e+00 2.940520539637977215e+00 2.994759657653488283e+00 3.088807801421487031e+00 3.116653782192770006e+00 3.208956399277039129e+00 3.346867849674122652e+00 3.379928735317010879e+00 3.428854519426864922e+00
2.225445080640020001e-01 2.736473613300356433e-01 3.096469847182537483e-01 3.531672416453615071e-01 3.678560376635470752e-01 4.148026092178028201e-01 4.457882671227622606e-01 4.841113552160927758e-01 4.978117234420009751e-01 5.194674558082181814e-01 5.509399182733126787e-01 5.661950178507062503e-01 5.838426702901634568e-01 6.012671289614228698e-01 6.322289570515000623e-01 6.496349249909474377e-01 6.607052766975579638e-01 6.798339696600097515e-01 6.922331549584711530e-01 7.205460978308230180e-01 7.266368037754079579e-01 7.525919887775774919e-01 7.605476391906289546e-01 7.707629446465795731e-01 7.892086525537571617e-01 8.010384634499548850e-01 8.307423509737799083e-01 8.487172348469698147e-01 8.576468175238580738e-01 8.677364362556079236e-01 8.771266164659310416e-01 9.100133721186031144e-01 9.359710282287583283e-01 9.461879435277696926e-01 9.599209520133337170e-01 9.781591515316073737e-01 9.875052204072269912e-01 1.009685129187479991e+00 1.028491500009367066e+00 1.048684420596123212e+00 1.068952972494100706e+00 1.081683295336392625e+00 1.096238609878583237e+00 1.104144723290814367e+00 1.126891076111508516e+00 1.133225942217631621e+00 1.157682192394068554e+00 1.175729244067644119e+00 1.187133270017619369e+00 1.215435934532216766e+00 1.217950962228387723e+00 1.249072127201145799e+00 1.261803596953142925e+00 1.281806111437584939e+00 1.317806074842239106e+00 1.325360616748951559e+00 1.356063263436750210e+00 1.367697311241542479e+00 1.377576955061923902e+00 1.398882665107628487e+00 1.402658098555332744e+00 1.429851573196660119e+00 1.449803573826461633e+00 1.476216805911555685e+00 1.490540129262348801e+00 1.509647052499489606e+00 1.521661750882098652e+00 1.555677131980244932e+00 1.565545330991146677e+00 1.585901333580426620e+00 1.597548353114804920e+00 1.618778344692549886e+00 1.649740820890542414e+00 1.667035229130642504e+00 1.689067683118630869e+00 1.702684133849835524e+00 1.722968507141233063e+00 1.743179976885469440e+00 1.779665538565231131e+00 1.816318368659994853e+00 1.825123871352239746e+00 1.859074666431649092e+00 1.886600917596732208e+00 1.910636325364582166e+00 1.935341756787593459e+00 1.954101419487542790e+00 1.968839937085148373e+00 2.010877042500641920e+00 2.028508762734943183e+00 2.068012221027888398e+00 2.093673085933897227e+00 2.128030606493644505e+00 2.159173352668838586e+00 2.197015686275650026e+00 2.213402098052229761e+00 2.232712560310893046e+00 2.265523726231182700e+00 2.311031803683195829e+00 2.338807872522245646e+00 2.376664349009809385e+00 2.382843753751194615e+00 2.442377736063039428e+00 2.478323301612738394e+00 2.519194163543344800e+00 2.562552472794521474e+00 2.666946810077450269e+00 2.706469443415899789e+00 2.743129563985839514e+00 2.786587403657545092e+00 2.826621151870809978e+00 2.877584874505334955e+00 2.899872707522972437e+00 2.945000733336072152e+00 2.999161337893018864e+00 3.086678251028859066e+00 3.119331825789787516e+00 3.215084368423819949e+00 3.345198802013488848e+00 3.378810232379261702e+00 3.428451489657400320e+00
2.251643038247043149e-01 2.790656679894775172e-01 3.099564382804751439e-01 3.547126536152898080e-01 3.665864152360790995e-01 4.156243685276844735e-01 4.500652209650191082e-01 4.834557176177689541e-01 5.080926831544981814e-01 5.204175354970130840e-01 5.438494809893956727e-01 5.741336926338929114e-01 5.859107554128566431e-01 6.106072675957742169e-01 6.309857133529525042e-01 6.499617702811391062e-01 6.625321663148525664e-01 6.797103537156354847e-01 6.961279387508360061e-01 7.202802741961767952e-01 7.287233946932444306e-01 7.552459957118256018e-01 7.603876381885965596e-01 7.727416816158944046e-01 7.880341878426716518e-01 8.043114659568745273e-01 8.382484734581489016e-01 8.487904510517378931e-01 8.560520218661117342e-01 8.729353632527926399e-01 8.768217908364436264e-01 9.079538747953519451e-01 9.392968140329543969e-01 9.446724161717725554e-01 9.604251157086682866e-01 9.774292626367386827e-01 9.889105223676608603e-01 1.014100201665900203e+00 1.031587197895339925e+00 1.051688506888808661e+00 1.073279603100166568e+00 1.081958121289575692e+00 1.096286038685870823e+00 1.107714397515626725e+00 1.127071005421753425e+00 1.133200285449394551e+00 1.156141794604383932e+00 1.175373796058088116e+00 1.186045262885099705e+00 1.213154575092148191e+00 1.218370293195726095e+00 1.249266824889113892e+00 1.255001925671933138e+00 1.281861395471781240e+00 1.317892906505082173e+00 1.326489709993967869e+00 1.358724113648126730e+00 1.368018232519646826e+00 1.379729100296182676e+00 1.396638449603066823e+00 1.401388697052367904e+00 1.430490001285774637e+00 1.454337042652185108e+00 1.481861546194426227e+00 1.492698520907853155e+00 1.509972813247277390e+00 1.531123570117794763e+00 1.558641498217344434e+00 1.564890834515085372e+00 1.585384507188599690e+00 1.601135142737055705e+00 1.623470693858539260e+00 1.648824669976834079e+00 1.665534741524759665e+00 1.694375189201567933e+00 1.704585028924836765e+00 1.723483419799360927e+00 1.740333674085432047e+00 1.785257886847915643e+00 1.819942250801827921e+00 1.832868303808954380e+00 1.858015331185889796e+00 1.884826989511122708e+00 1.913931644361144491e+00 1.942007117590985876e+00 1.957365313158223374e+00 1.966808066066838334e+00 2.011981248441141013e+00 2.027517649385566223e+00 2.066141749276374728e+00 2.100882616885110021e+00 2.129784756748623664e+00 2.159033619769676449e+00 2.193020651448465586e+00 2.216845485934913818e+00 2.232678458445266134e+00 2.266614180453132565e+00 2.314564820445698778e+00 2.342268813164978258e+00 2.373322713069052625e+00 2.383301249441981629e+00 2.447660302199483606e+00 2.478057470153961717e+00 2.524879698780283732e+00 2.567554301740015088e+00 2.669428887243816106e+00 2.709092551308711183e+00 2.745119412606361387e+00 2.792616775031179444e+00 2.821494772005542107e+00 2.865451206806802986e+00 2.898186184813230426e+00 2.949704476314294332e+00 3.006400887061320581e+00 3.083524209256188531e+00 3.123740449525418850e+00 3.220671067705889623e+00 3.343642826065179818e+00 3.378158859695784333e+00 3.428564429420568604e+00
2.253232484812067726e-01 2.767722879789594193e-01 3.116401329201605175e-01 3.570010931058226200e-01 3.675458791978628570e-01 4.152553529195131543e-01 4.550211079012788096e-01 4.804421290533653632e-01 5.122702969599759459e-01 5.220081843865985727e-01 5.377779179441226631e-01 5.799235493507773898e-01 5.880348556859419373e-01 6.158674313937971823e-01 6.311385446680434219e-01 6.490459113932468549e-01 6.623720829858205095e-01 6.787321665846864915e-01 6.979253116342030161e-01 7.177445139119601469e-01 7.321805805831695935e-01 7.533787544596494135e-01 7.622119608852652162e-01 7.762342844293641519e-01 7.859621172951567480e-01 8.120640282302032942e-01 8.421745186282786344e-01 8.487781210771329077e-01 8.582242311893428788e-01 8.730068426178971830e-01 8.829255894373988500e-01 9.051133568354305936e-01 9.381403165324957438e-01 9.489081690169979266e-01 9.618264809499176282e-01 9.759587916170431310e-01 9.924220660278310069e-01 1.018629642630654697e+00 1.033345242712083278e+00 1.053526880622224882e+00 1.072647351704342000e+00 1.083697554044870781e+00 1.100547272327782711e+00 1.113072103147754399e+00 1.128282498073834184e+00 1.132911368322671919e+00 1.153503768806653396e+00 1.175276640024550678e+00 1.185316652762793188e+00 1.209722296960631827e+00 1.220949138396436595e+00 1.245044293897819010e+00 1.250118135211361503e+00 1.281822649378253409e+00 1.316060301684027545e+00 1.329006619656988297e+00 1.359491124388505723e+00 1.367575563162335639e+00 1.382479762465084416e+00 1.392628089973366290e+00 1.401202181985571116e+00 1.431999816354476041e+00 1.459414297528030646e+00 1.486032996120155936e+00 1.494998047961856091e+00 1.509586677370136520e+00 1.537487805382792283e+00 1.557888705392935336e+00 1.566666575003664574e+00 1.585432448961751284e+00 1.605047167926868967e+00 1.627092501330842600e+00 1.648740348188781013e+00 1.663656737941492159e+00 1.698787319218769465e+00 1.708060589243300731e+00 1.723349452354378419e+00 1.737599817623824761e+00 1.789549711263487719e+00 1.821126802844904580e+00 1.839136741159135502e+00 1.857203727556649531e+00 1.882402155338685823e+00 1.918295796458974634e+00 1.942437434125459772e+00 1.961508800286977605e+00 1.970460311504589335e+00 2.011585340033825275e+00 2.026685660364484054e+00 2.064315688617251343e+00 2.108924651799108929e+00 2.130171781555930011e+00 2.159405739489341336e+00 2.188925195297474868e+00 2.220113265136774316e+00 2.233228353225383156e+00 2.264639927577164258e+00 2.318376153851299915e+00 2.345150846114865573e+00 2.369367852580378297e+00 2.383599089925621417e+00 2.452380661789934635e+00 2.477526590624757219e+00 2.527325525029160858e+00 2.572636343056936337e+00 2.668404009922733078e+00 2.710886740052629751e+00 2.750545203669982008e+00 2.797737071618908722e+00 2.814646679710584021e+00 2.854920033720854011e+00 2.897309668231063728e+00 2.954244308848932299e+00 3.015191367981066684e+00 3.080267202069980392e+00 3.128343135225490457e+00 3.225487141132797220e+00 3.342222092564394398e+00 3.377885528276381777e+00 3.429023200080652423e+00
2.241958358037753340e-01 2.702845155572463631e-01 3.146071117037783638e-01 3.580049571106758699e-01 3.708989839096526464e-01 4.140067947926560632e-01 4.606077466613213711e-01 4.770824959683195865e-01 5.082612149374767796e-01 5.268266821050057169e-01 5.333021605475409821e-01 5.835315389456610102e-01 5.904439771545949567e-01 6.176346480489869339e-01 6.327976432153594732e-01 6.450434987887715410e-01 6.639736959737931876e-01 6.775673953883737388e-01 6.975892112532301459e-01 7.153702422937059380e-01 7.335191590585390387e-01 7.520897280565637111e-01 7.653417457435741644e-01 7.773575367589717899e-01 7.853844306702120193e-01 8.196831756837746896e-01 8.415075993352341133e-01 8.503368182375925510e-01 8.615391715022306940e-01 8.731204715965745766e-01 8.881193355431257208e-01 9.040833118147189040e-01 9.351426173885096782e-01 9.538232792907644919e-01 9.637313105676658109e-01 9.747738479641818721e-01 9.975476790946544714e-01 1.023000248367552878e+00 1.034412378116844389e+00 1.053129901360517318e+00 1.071043325676159563e+00 1.083313207425826707e+00 1.108261564068353522e+00 1.117797138948824376e+00 1.129286127096243986e+00 1.134116398609724241e+00 1.150693673360885017e+00 1.175027158820039830e+00 1.185123569807776445e+00 1.207222612228311620e+00 1.223145459591699069e+00 1.237794608858269862e+00 1.248657575435078160e+00 1.280284236238994788e+00 1.314540490631274094e+00 1.331480347455748170e+00 1.359161418338513894e+00 1.366840287469244020e+00 1.384150321210449341e+00 1.390580826470092513e+00 1.400862610216181636e+00 1.433098028736939478e+00 1.463746474861006064e+00 1.487988548548864642e+00 1.497587100447181907e+00 1.510363965572417255e+00 1.541066460333450738e+00 1.553643466333426204e+00 1.569302345620992467e+00 1.587759346036095254e+00 1.607534103806232739e+00 1.630092225028070940e+00 1.648689483185020732e+00 1.661972067083851368e+00 1.702499304332721675e+00 1.712026159834315386e+00 1.722628085738692194e+00 1.735289452591201931e+00 1.792768887448282999e+00 1.820783290058773707e+00 1.842214788568902639e+00 1.857903870477434882e+00 1.880302116813812763e+00 1.921876357983566930e+00 1.941866468001638424e+00 1.962780228435883512e+00 1.978099780770474547e+00 2.009989314654467840e+00 2.025593210000170341e+00 2.063119833910789236e+00 2.116212628872463863e+00 2.129851402961880247e+00 2.160639559789455433e+00 2.184883615829061210e+00 2.222588833009608411e+00 2.235047137163307607e+00 2.260101316087253398e+00 2.322026248151543459e+00 2.347629011491467299e+00 2.365219209790919486e+00 2.383717761632460519e+00 2.456201721627020884e+00 2.477569239942109647e+00 2.527714706415788992e+00 2.576728074589158535e+00 2.666117707497205114e+00 2.711883245106514462e+00 2.757312231422320181e+00 2.799483450931115058e+00 2.809391353130656910e+00 2.846769971313165559e+00 2.896606989720468484e+00 2.958096221656861147e+00 3.023847417271132709e+00 3.077192645416736205e+00 3.132245258173040448e+00 3.229255276206200787e+00 3.341029603891205735e+00 3.377857955199540019e+00 3.429600503922788146e+00
2.228468460180653699e-01 2.646386329808412818e-01 3.168732828759769360e-01 3.581608190009161197e-01 3.742961056714830259e-01 4.127105565003256205e-01 4.657157532090288043e-01 4.744104137468655447e-01 5.035484439891469988e-01 5.271124112171045040e-01 5.332370965856361167e-01 5.855867939811572054e-01 5.923362803574580004e-01 6.188073718286011271e-01 6.331542735716748638e-01 6.411472340003377957e-01 6.660822691540430052e-01 6.767011186114249011e-01 6.966224636988912478e-01 7.134925180689006829e-01 7.333565653480427216e-01 7.519275550762526406e-01 7.684220673812859337e-01 7.770024281513995268e-01 7.855346375143451576e-01 8.250347961543721409e-01 8.406948625075382209e-01 8.507186682697626123e-01 8.638535980486087285e-01 8.737706122352800753e-01 8.892243225628753134e-01 9.065678346654251207e-01 9.322405494435672679e-01 9.565139028899036777e-01 9.652516832078170683e-01 9.741528096181688579e-01 1.002675653758670071e+00 1.027005079884712124e+00 1.034947720437844554e+00 1.051908690095350929e+00 1.068962776007144511e+00 1.082719811575659996e+00 1.112561567535101048e+00 1.123339011357416206e+00 1.128700067061355838e+00 1.135575529593223942e+00 1.150120515370168128e+00 1.174346563731691662e+00 1.185354792924218970e+00 1.205619488716354493e+00 1.222985926791210654e+00 1.234631154648164308e+00 1.247108520261404063e+00 1.278116198257966074e+00 1.313743862323843548e+00 1.333339826381304549e+00 1.358749137060906387e+00 1.365826786191458808e+00 1.383674545685789292e+00 1.391801540983543362e+00 1.400138828364949406e+00 1.433639323026329793e+00 1.466307930726998388e+00 1.488761767889859478e+00 1.499349558449152520e+00 1.512073348770736070e+00 1.543294365023597958e+00 1.549387486742543452e+00 1.570399975037271467e+00 1.590715042722192107e+00 1.608399030519791717e+00 1.632778768579304041e+00 1.647824187143224428e+00 1.661139708505272816e+00 1.705492704693589046e+00 1.714977206021822909e+00 1.721724762797855357e+00 1.733637073732381406e+00 1.794824518204297670e+00 1.820117108351495538e+00 1.842326861245050740e+00 1.859787718297815751e+00 1.878979242611874767e+00 1.923805409873074801e+00 1.941462342325751322e+00 1.964221166862252899e+00 1.984212224803968638e+00 2.007931746767043890e+00 2.024384299414007327e+00 2.062599767226552583e+00 2.121063945084538993e+00 2.129661797759696551e+00 2.162441495581488127e+00 2.181378360060611588e+00 2.223852182035411129e+00 2.238364529375868717e+00 2.254498474456366530e+00 2.324702002458461259e+00 2.349845421795714984e+00 2.361507474801962658e+00 2.383732620607558417e+00 2.458831870597995461e+00 2.477895991636614337e+00 2.527277690068098437e+00 2.579323947666962713e+00 2.664154203541767796e+00 2.712460267648820977e+00 2.763178623152730662e+00 2.796261065837607696e+00 2.808785945838172982e+00 2.841599898327125118e+00 2.896025261063361000e+00 2.960679945499760546e+00 3.030433105415409667e+00 3.074699173856414891e+00 3.134845777268894462e+00 3.231678973269913158e+00 3.340215063605446399e+00 3.377925065939093141e+00 3.430064320467209438e+00
2.222466695566165662e-01 2.625113727992113288e-01 3.176737511854487162e-01 3.581552983930585410e-01 3.756551600251478162e-01 4.121763975289496895e-01 4.681685424020783914e-01 4.731472719044901853e-01 5.015059058940555259e-01 5.260366491361484487e-01 5.342578748545491196e-01 5.863786370812961168e-01 5.929012639149137120e-01 6.197377527686841470e-01 6.321144320588624188e-01 6.401879492039894703e-01 6.669450042811471135e-01 6.763851663303104278e-01 6.962334218757907367e-01 7.126704631886051633e-01 7.331681541379250211e-01 7.520025936770499131e-01 7.697498805873469463e-01 7.766584140810089965e-01 7.856199094984405162e-01 8.269649459582655293e-01 8.404806500958983406e-01 8.506203785869144163e-01 8.646136511458963891e-01 8.741826126244208739e-01 8.888775788998601879e-01 9.084507718324466019e-01 9.308639389357484806e-01 9.573071364181002796e-01 9.657504544872932417e-01 9.739819300296236326e-01 1.004826504679419585e+00 1.029064908639498510e+00 1.034973417986725375e+00 1.051362669122410942e+00 1.067673054476168559e+00 1.082606461421266708e+00 1.113341847162850229e+00 1.126700794513833648e+00 1.128500428474818573e+00 1.134849569208352449e+00 1.151010014015666494e+00 1.173826725178419572e+00 1.185549863216762478e+00 1.205025766611687477e+00 1.221941047495438415e+00 1.234704547286976428e+00 1.246246405277865898e+00 1.277103026688388487e+00 1.313508980412292360e+00 1.334051093691574152e+00 1.358614689964869449e+00 1.365303879897417971e+00 1.383256841211583543e+00 1.392849704027349089e+00 1.399637472211630040e+00 1.433791580059832871e+00 1.467082070812292471e+00 1.488995193725878297e+00 1.499944282886033875e+00 1.512972586445902046e+00 1.544599615055095354e+00 1.547120051044541533e+00 1.570641360459460234e+00 1.591983179829184802e+00 1.608507858466430740e+00 1.634045022867657959e+00 1.647117228126870669e+00 1.660976598870713694e+00 1.706771741690856548e+00 1.715944193961046915e+00 1.721371751571312947e+00 1.732998183424366401e+00 1.795531378501129094e+00 1.819837597265106854e+00 1.841986486166005355e+00 1.860705133154031410e+00 1.878543252905830352e+00 1.924351307768693786e+00 1.941330179240228659e+00 1.964927467044734977e+00 1.986689704725150829e+00 2.006848287005734921e+00 2.023826056072059121e+00 2.062480574126531518e+00 2.122605913397473287e+00 2.129765841137497784e+00 2.163453666804045827e+00 2.179804608990734138e+00 2.224187660284087098e+00 2.240841719212432803e+00 2.251167879515294068e+00 2.325685935003072746e+00 2.351025469347968855e+00 2.359729907280765371e+00 2.383726474309272092e+00 2.459805552492572822e+00 2.478053626623529571e+00 2.526999417524812941e+00 2.580210331894442266e+00 2.663403667652666229e+00 2.712664464263825792e+00 2.765679262369776126e+00 2.794141924408653388e+00 2.809064603435829088e+00 2.839842031675324563e+00 2.895788486506800208e+00 2.961587540854246914e+00 3.032961710957987389e+00 3.073666486131235054e+00 3.135758259503141687e+00 3.232518141013010826e+00 3.339923318495155780e+00 3.377963419019939018e+00 3.430240500821963412e+00
2.904528801822689466e-01 3.228421807051726766e-01 3.449532147613765809e-01 3.570306826644645271e-01 3.904301531942271919e-01 4.142493521231698783e-01 4.577606346191891440e-01 4.796185682814588236e-01 4.919798409379899651e-01 5.057845655916419769e-01 5.249568854069178725e-01 5.550553677853143908e-01 5.749498146313074542e-01 5.893900030322491990e-01 6.375578277105501401e-01 6.486406662584989213e-01 6.585879300017822846e-01 6.857476418265850970e-01 7.061106542921792295e-01 7.261957547454898076e-01 7.333120192007394067e-01 7.414796170663311425e-01 7.667966359633762163e-01 7.878182613469224549e-01 7.901717962612537782e-01 7.997729639444718375e-01 8.379115697779414562e-01 8.514058640481849682e-01 8.542271168405985993e-01 8.683826520075021982e-01 8.807254956159176196e-01 9.141537203906344722e-01 9.248440578047714133e-01 9.430330066910941333e-01 9.819283052156128067e-01 9.945592397862285106e-01 1.003927165591824266e+00 1.031266980568632530e+00 1.038985416981533572e+00 1.050908916294736706e+00 1.068695407854659107e+00 1.074254511233564857e+00 1.089573913878186584e+00 1.104651510253986446e+00 1.123359256725364963e+00 1.148358253189601053e+00 1.162251879069653437e+00 1.184519755790297779e+00 1.191637745502893253e+00 1.202539459940775712e+00 1.237744745533784663e+00 1.238655842802826257e+00 1.272506010610912064e+00 1.280298944378618353e+00 1.318492696041511092e+00 1.320907640446006726e+00 1.325426552901176391e+00 1.361681057315491827e+00 1.383230932055073525e+00 1.399393862215783768e+00 1.410812087499982104e+00 1.426681872014483377e+00 1.456457774818007200e+00 1.475635689274557905e+00 1.499702411836518978e+00 1.507918657650808569e+00 1.548353290952062089e+00 1.559733326534923359e+00 1.588678960413202779e+00 1.598175396063370668e+00 1.607811573366136004e+00 1.637285837030110658e+00 1.656078435141337568e+00 1.674695396451455487e+00 1.696375626747656629e+00 1.715586072943777740e+00 1.723275874855475953e+00 1.749356189072107881e+00 1.786412233067940170e+00 1.826503274673368260e+00 1.848411132465631601e+00 1.865245442332057024e+00 1.886049413557357113e+00 1.896466478256475741e+00 1.923941542759795675e+00 1.954250996059163414e+00 1.971663666645995683e+00 2.006401411146447433e+00 2.041907772642238328e+00 2.049937545649398007e+00 2.097980116163153497e+00 2.145032387249218075e+00 2.160811920388854279e+00 2.168708061920823216e+00 2.200813056542830548e+00 2.243894056967938422e+00 2.268095062233129511e+00 2.321518346710209180e+00 2.334129869774669963e+00 2.381148182776620992e+00 2.431473158414612978e+00 2.453805418611230138e+00 2.473312445976962426e+00 2.500363939507005195e+00 2.561430314936336217e+00 2.673813214019183704e+00 2.731215056380905004e+00 2.753922808598805005e+00 2.792888925380482501e+00 2.811461768511757331e+00 2.855828790947246620e+00 2.931057948310483940e+00 2.949562796366554718e+00 3.046684141960109837e+00 3.082217658743330091e+00 3.139374809051528548e+00 3.252457526801113552e+00 3.325872400257727790e+00 3.396939177095122719e+00 3.439987529286347545e+00
2.909268161294583099e-01 3.218913051224674415e-01 3.438629361402482099e-01 3.578617397484568641e-01 3.906067718293095847e-01 4.143981792394877961e-01 4.571525691634556465e-01 4.778178662121252418e-01 4.924449253559908257e-01 5.081059826531513224e-01 5.254562569572367448e-01 5.546983556725996189e-01 5.744405401428952507e-01 5.914437554018751042e-01 6.345659940883089378e-01 6.491263849197287383e-01 6.585568908886622053e-01 6.885859062646944029e-01 7.058941597028327575e-01 7.255564938616287929e-01 7.338673500097457891e-01 7.418044973618379556e-01 7.670578464974463495e-01 7.851714678355919963e-01 7.917146830825955162e-01 7.996610281623247607e-01 8.375875173985151134e-01 8.486244252003198874e-01 8.538712199594720165e-01 8.711014699762364977e-01 8.811471560487634802e-01 9.128497521502946244e-01 9.251331109431448763e-01 9.423613167732544094e-01 9.808687946703338323e-01 9.924691893786856678e-01 1.004405937927881132e+00 1.030449241846069341e+00 1.038441330986944022e+00 1.052310690829270978e+00 1.067411287205694004e+00 1.074367432250517673e+00 1.089603733604944891e+00 1.104538917130878373e+00 1.121260996470612392e+00 1.149115029135251653e+00 1.163536345441816167e+00 1.181514051249650255e+00 1.193404670536108991e+00 1.203391239824976644e+00 1.231051023268444622e+00 1.245690386485790890e+00 1.272717502312144644e+00 1.280197681647467389e+00 1.315696912158677012e+00 1.320118205681348744e+00 1.328009763954447475e+00 1.362450696397649264e+00 1.382687867483339161e+00 1.399892661315692122e+00 1.409542874928752410e+00 1.427357089780830757e+00 1.455993665739034437e+00 1.476701075372635286e+00 1.498329768464817580e+00 1.509438553256016391e+00 1.547417195335079265e+00 1.559681358545014884e+00 1.588944932245057062e+00 1.597165382522650834e+00 1.608277362317566572e+00 1.635112828501938731e+00 1.657512803740886387e+00 1.673931203149907621e+00 1.695763033229904515e+00 1.715296422232706064e+00 1.723335676043429299e+00 1.749215691868760025e+00 1.786287221327787833e+00 1.825674428064637533e+00 1.849305627793347728e+00 1.864440904399236487e+00 1.885246600000942019e+00 1.897665467033673226e+00 1.923719640553688270e+00 1.954248014270855816e+00 1.970968483787372216e+00 2.005673816714566016e+00 2.042008127563484265e+00 2.050626727677119732e+00 2.098043207866369553e+00 2.144569696776911005e+00 2.160655291450670035e+00 2.169513354822554696e+00 2.200713180777174927e+00 2.244192343709235260e+00 2.267629740458081855e+00 2.320451654416929799e+00 2.333450624800466944e+00 2.382510191086658846e+00 2.432047399052893244e+00 2.452105651140351839e+00 2.474040937357578684e+00 2.499109169879658587e+00 2.562135650717522584e+00 2.672688930705867438e+00 2.730975626777583543e+00 2.753945676865561687e+00 2.792229239814693287e+00 2.811845839641438527e+00 2.858967651156406387e+00 2.928832964332089173e+00 2.950762686540012059e+00 3.045943742076946403e+00 3.081217532813798954e+00 3.138424983596411089e+00 3.251850943960857609e+00 3.325968409191021102e+00 3.396658527170912212e+00 3.439795444894793608e+00
2.919024994525831751e-01 3.189786799554657493e-01 3.417247893804353231e-01 3.593938659901980137e-01 3.913994800755887238e-01 4.145009913108005928e-01 4.555240631370187088e-01 4.738073560085291347e-01 4.943979633167721599e-01 5.123182263174668183e-01 5.265585145818025836e-01 5.543511540863639286e-01 5.739566747810007641e-01 5.962931693545509004e-01 6.282347860123368433e-01 6.482824458769004261e-01 6.603366037893122487e-01 6.937946183826216862e-01 7.055720788001780264e-01 7.250003807343960993e-01 7.346441004278754239e-01 7.422926279788381043e-01 7.683666734882538263e-01 7.806263659215167960e-01 7.929758165081695065e-01 7.993953741025299209e-01 8.356264628912810632e-01 8.419588708940106692e-01 8.552347343327977303e-01 8.757349813083339374e-01 8.825107069277907668e-01 9.089416364629639977e-01 9.255391980908980187e-01 9.409690394379274236e-01 9.769496186298110008e-01 9.888081221984785785e-01 1.004689446784221118e+00 1.029027155582112218e+00 1.036530805311050241e+00 1.055175925667290571e+00 1.064171657457723574e+00 1.074888156728586619e+00 1.089020486243157171e+00 1.104612135572741627e+00 1.116669730514871395e+00 1.150293464687882405e+00 1.166770820214404702e+00 1.176878891525454662e+00 1.195104055050859593e+00 1.205531845690827053e+00 1.224825458285665025e+00 1.252335608574297376e+00 1.272880599490162190e+00 1.280501423209321921e+00 1.311930761839943838e+00 1.318060593751165577e+00 1.331728618261120545e+00 1.364108365531761180e+00 1.380911006571525546e+00 1.401214859987617745e+00 1.407135343036023833e+00 1.428096396669682466e+00 1.455209570682743703e+00 1.479136784269352800e+00 1.496142045491355876e+00 1.512187268988083533e+00 1.544839292671532860e+00 1.559636374998612629e+00 1.588215958482624313e+00 1.595465965922925333e+00 1.609620418354390958e+00 1.630215270370775293e+00 1.659763334848940675e+00 1.671797674590332683e+00 1.694434298462190958e+00 1.714239267142405376e+00 1.723901230722996392e+00 1.748648242095967920e+00 1.785972878452604329e+00 1.823345827800068042e+00 1.851388885878826329e+00 1.861989010582249193e+00 1.883610246107812136e+00 1.900486896241978529e+00 1.923103332338296889e+00 1.954273209663895949e+00 1.969163007811904897e+00 2.003900358268068782e+00 2.042214110390125459e+00 2.052330770846618524e+00 2.098191289474753862e+00 2.143535085106906379e+00 2.159637867962928226e+00 2.171954146445829625e+00 2.200520001567534134e+00 2.244817707139612928e+00 2.266536434374280873e+00 2.317252202280172035e+00 2.332128516088642023e+00 2.385908035918932857e+00 2.433079572387132572e+00 2.447874500253956587e+00 2.475616256013908778e+00 2.496039962605986595e+00 2.563782833767588532e+00 2.669583896301187753e+00 2.730367477055253733e+00 2.753565125062749086e+00 2.791120916073135838e+00 2.813379490159630958e+00 2.867087223693923104e+00 2.922568558759269131e+00 2.953931740330155264e+00 3.043863481757349998e+00 3.078343557230022842e+00 3.135696992155923457e+00 3.249960846599048381e+00 3.326323296179307665e+00 3.395867991062369029e+00 3.439261550661364186e+00
2.919498302075269613e-01 3.143987860785079080e-01 3.401318727389259222e-01 3.602011856269426993e-01 3.933012136700706485e-01 4.138931468371403466e-01 4.532263232602685710e-01 4.697512603553177235e-01 4.972508597340616343e-01 5.144347322195534922e-01 5.280855914408216778e-01 5.555197738567609900e-01 5.741888048600294336e-01 6.022209523304783430e-01 6.217902121170318930e-01 6.456794028962781207e-01 6.639715838043855900e-01 6.952090700937897383e-01 7.066108945697855415e-01 7.256378151615676675e-01 7.356613541052905436e-01 7.422726965523954723e-01 7.700546100228222723e-01 7.763217856255615335e-01 7.932261175107286899e-01 7.991676616768460528e-01 8.277576790153635677e-01 8.388158796310148935e-01 8.570938168763156950e-01 8.790168403199190017e-01 8.852684367901797469e-01 9.026823357483583221e-01 9.253816780137296139e-01 9.402340911613232821e-01 9.703807152499770439e-01 9.860264332329071735e-01 1.003561186994530230e+00 1.028235826021632215e+00 1.033434741409212654e+00 1.056228691379460294e+00 1.061328361211079319e+00 1.075770611857981285e+00 1.087172464355622203e+00 1.104655876924154123e+00 1.112855901200294984e+00 1.150987635384580710e+00 1.170055370409981199e+00 1.173707207923859741e+00 1.196225190629372159e+00 1.207452830007225364e+00 1.219805293628840603e+00 1.256227089610394421e+00 1.271951764209198199e+00 1.283003984866678771e+00 1.309821368721632018e+00 1.315356236345608387e+00 1.335211563518386990e+00 1.365261985230419972e+00 1.377757979427372659e+00 1.401380198601712923e+00 1.406676365912076898e+00 1.427825337321356969e+00 1.454692936727815411e+00 1.481287002407088327e+00 1.495162758736148456e+00 1.514580852355876139e+00 1.541206289407392349e+00 1.559449907920573919e+00 1.583621882137961734e+00 1.595955345628216948e+00 1.611434804175944979e+00 1.624772161024485184e+00 1.658756771732839086e+00 1.670028293090319194e+00 1.693505417210630304e+00 1.712221714955808327e+00 1.725326641804703742e+00 1.747485709892325767e+00 1.785603533615817584e+00 1.819675236995601297e+00 1.852896002184057034e+00 1.858404958456890688e+00 1.882053165621851987e+00 1.903912467323009006e+00 1.922178816566364912e+00 1.954427680075430995e+00 1.966934981045064701e+00 2.002014780914707526e+00 2.042189077607470260e+00 2.054400521611178476e+00 2.098350416851486155e+00 2.142161218587090854e+00 2.157717631926416857e+00 2.175305305086668639e+00 2.200547953435049386e+00 2.244916556717096778e+00 2.265712010341539351e+00 2.312583964657905167e+00 2.330977157521706200e+00 2.389851550333843999e+00 2.431950867930162019e+00 2.443565936617813517e+00 2.477226378239459681e+00 2.492697838083612005e+00 2.565354741977160735e+00 2.665194647244579329e+00 2.729541957199086433e+00 2.752219757346782814e+00 2.790561393403268031e+00 2.816749798621732914e+00 2.877720163406492837e+00 2.913185177881014276e+00 2.958235109829762344e+00 3.040803950648173437e+00 3.074046685939058499e+00 3.131524391947087427e+00 3.246641269518958151e+00 3.327093338798194910e+00 3.394708638291403346e+00 3.438500479620420158e+00
2.888035986608436523e-01 3.091755497554328214e-01 3.396929997812915825e-01 3.597943134471814353e-01 3.959778753780516247e-01 4.122851004314119772e-01 4.505156881155786275e-01 4.666166791535273917e-01 4.996249606187403991e-01 5.130311335456926303e-01 5.299065589045223179e-01 5.590616384133411110e-01 5.741041976950337355e-01 6.079435504043716465e-01 6.176694395287308792e-01 6.421647626294914035e-01 6.674422194434285194e-01 6.922390801822344564e-01 7.069653135797906440e-01 7.258987664663747452e-01 7.380545353029581701e-01 7.429228257033707594e-01 7.652450162676104339e-01 7.782443230463308437e-01 7.928952553049869456e-01 7.991719972467582478e-01 8.174057328566648462e-01 8.378636529429600577e-01 8.572892831673515346e-01 8.806107999639117834e-01 8.886402799067703029e-01 8.961681243266277352e-01 9.247880113546457226e-01 9.405898517224913213e-01 9.638052689516428684e-01 9.834446219399652911e-01 1.000647476188141871e+00 1.027080500445690214e+00 1.031180919997710443e+00 1.053206475668152065e+00 1.060916789407011285e+00 1.076448381214109462e+00 1.084485543284815501e+00 1.103172680654396220e+00 1.112966283882392382e+00 1.151415364979836653e+00 1.169353396098187892e+00 1.175301972044581644e+00 1.197561276011839038e+00 1.207901197544214211e+00 1.216433656646907835e+00 1.255955169846906028e+00 1.270512453996396118e+00 1.287551528373036991e+00 1.309075875795623123e+00 1.313634029326496311e+00 1.338683426193078008e+00 1.364762354198262972e+00 1.373745185839416294e+00 1.398470877498911413e+00 1.408924556036013742e+00 1.427845801053252872e+00 1.453934844480570865e+00 1.481863730773908427e+00 1.496021799353526749e+00 1.515944069333725164e+00 1.537115280869979728e+00 1.557980792218547350e+00 1.577544708346858338e+00 1.597601968733416200e+00 1.611887189043771595e+00 1.621160277274346750e+00 1.652442710098583012e+00 1.670236648695513360e+00 1.693583774397998232e+00 1.709393141979561381e+00 1.727138851607619818e+00 1.745914093119216082e+00 1.785284989182990056e+00 1.814669889622803289e+00 1.848336962346486478e+00 1.858362988762912948e+00 1.880888597477733404e+00 1.907055386943792508e+00 1.920939250566976009e+00 1.954808592431874770e+00 1.965265452442075178e+00 2.000889362537070948e+00 2.041478049968654229e+00 2.056426036632299503e+00 2.098499161058177798e+00 2.139664772346989707e+00 2.156015935723851751e+00 2.178356169123461417e+00 2.201266371265831356e+00 2.243428512573507394e+00 2.266150992604810899e+00 2.307887337027556107e+00 2.329935749237428411e+00 2.392683602149667355e+00 2.425569096003568959e+00 2.441945638351411763e+00 2.478480330349317473e+00 2.490483355358842132e+00 2.565866748474361358e+00 2.660377719886783954e+00 2.728443327335417834e+00 2.750255083537076928e+00 2.790211408548392669e+00 2.821970019939236352e+00 2.887936931319329048e+00 2.903217818344415502e+00 2.962551876624424096e+00 3.037197893484838929e+00 3.069256202033713965e+00 3.126389337182060135e+00 3.241814829566143530e+00 3.328422958725852698e+00 3.393376285063848918e+00 3.437668346096236949e+00
2.812530618908334334e-01 3.031781261277015083e-01 3.398506230190709854e-01 3.592547175814410076e-01 3.972178649072974355e-01 4.101667856466666429e-01 4.478949125519647301e-01 4.644264862144132366e-01 5.001589670177687408e-01 5.101747278773979266e-01 5.307404870920244822e-01 5.636750537567931651e-01 5.727869335904558490e-01 6.115366408826400368e-01 6.181324700860730825e-01 6.380538262573725028e-01 6.683983923038622210e-01 6.884384589177232616e-01 7.031917315273098490e-01 7.249209265182214867e-01 7.387077770775550833e-01 7.467761202809014565e-01 7.588002007844226737e-01 7.796553260077601077e-01 7.920995079121572191e-01 8.007571651005287450e-01 8.096484710308942123e-01 8.372870957140715609e-01 8.535893265970178057e-01 8.823132673762169587e-01 8.898940786405824532e-01 8.935966747248855757e-01 9.244621064219423756e-01 9.407402818070714767e-01 9.596280187815442453e-01 9.803181643642728815e-01 9.964635839213225044e-01 1.023449432137026438e+00 1.032004023397289805e+00 1.049943983316476981e+00 1.059766139938266516e+00 1.075662841572855077e+00 1.082102814979657435e+00 1.102282572317503595e+00 1.115583265782527755e+00 1.151981182988417451e+00 1.167499684861679210e+00 1.178049291399580145e+00 1.198867595020020937e+00 1.206922345536648011e+00 1.215086498528631154e+00 1.252572573262553224e+00 1.269353608406549316e+00 1.290912726830916402e+00 1.308915557926409790e+00 1.314887680595526742e+00 1.342203333896461626e+00 1.361960546535518235e+00 1.370219792366463185e+00 1.393881519812588454e+00 1.410355364620863750e+00 1.430231377752450683e+00 1.452148323988738277e+00 1.481402183283310636e+00 1.497060864884623310e+00 1.515309462764020898e+00 1.533173877621669456e+00 1.553589745891502227e+00 1.573844048791691375e+00 1.599074141736763544e+00 1.608363322055182509e+00 1.621630686466950078e+00 1.643993024140695036e+00 1.670712064501047589e+00 1.694238561342867211e+00 1.706029305223338177e+00 1.728420105427244557e+00 1.744485953560578118e+00 1.785028452124578058e+00 1.808386353182193762e+00 1.839114070100992482e+00 1.860618101887225873e+00 1.879852757428619681e+00 1.908475469140007430e+00 1.919655412260148131e+00 1.955527186990566380e+00 1.965267131174809778e+00 2.000918138925118939e+00 2.039792179142307926e+00 2.058258124157706703e+00 2.098678978705373677e+00 2.135022275610102049e+00 2.155608855039091942e+00 2.180172477052004787e+00 2.203054215199029109e+00 2.240270932487723687e+00 2.267704396034437409e+00 2.304501497530842880e+00 2.328653052173048632e+00 2.392506701880068309e+00 2.416606139835666411e+00 2.441145574355672476e+00 2.478977478586455785e+00 2.490081322754165161e+00 2.564647007739067064e+00 2.655797127498888965e+00 2.726812462404971882e+00 2.748584412718107828e+00 2.789415899180278657e+00 2.827033345665847630e+00 2.887146440701501504e+00 2.905170580207363074e+00 2.965375342980041573e+00 3.033386815150225679e+00 3.065407391670042614e+00 3.120891045602790292e+00 3.235584513514140781e+00 3.330361055852294694e+00 3.392077747160572088e+00 3.436927563848804823e+00
2.702087195538439568e-01 2.944102247571836473e-01 3.386134942910265511e-01 3.605829588936845798e-01 3.943994413627797124e-01 4.079303088821236711e-01 4.464064355747652257e-01 4.627512273274034249e-01 4.976585588745876532e-01 5.082529496367561572e-01 5.298674509779963682e-01 5.620057691540482070e-01 5.756558302916883196e-01 6.132745769975875838e-01 6.203959688847372478e-01 6.347763168868335582e-01 6.645374524534954919e-01 6.849844953594791397e-01 6.953380763068992554e-01 7.233207410460471554e-01 7.373714598740682691e-01 7.482933098974234865e-01 7.580633372664069558e-01 7.772959938115926448e-01 7.890726119219292345e-01 8.050022219976203930e-01 8.079908559845931926e-01 8.364453810069097939e-01 8.486191115587248257e-01 8.844418659468451516e-01 8.888549761811381789e-01 8.948788981563519096e-01 9.244499264083597678e-01 9.396749113699209843e-01 9.591716228840576619e-01 9.766025899512881248e-01 9.918338331025301491e-01 1.019497933434087678e+00 1.033343240480231406e+00 1.047732193446322402e+00 1.057361343656371799e+00 1.073633435880623876e+00 1.080628307967459678e+00 1.103280637721865576e+00 1.118801970964398818e+00 1.152675480746853109e+00 1.165873269407823543e+00 1.180115565981750159e+00 1.199066228903727493e+00 1.206099348754221090e+00 1.215433053981999967e+00 1.248022265637747319e+00 1.268249734962522135e+00 1.290785246991363655e+00 1.309827825766604281e+00 1.318559845167932121e+00 1.345261191227413056e+00 1.357528267794196664e+00 1.368118854759688530e+00 1.388336126349211108e+00 1.410400942534911772e+00 1.434692457381296027e+00 1.449181355056905707e+00 1.480784938395883099e+00 1.495831167373300907e+00 1.511007403604420762e+00 1.529966684944081168e+00 1.548485637791915615e+00 1.572803899978495012e+00 1.599221924735582778e+00 1.603324588418979957e+00 1.622010020291643428e+00 1.637620801054411990e+00 1.670902274839838775e+00 1.694265140431497230e+00 1.702715526904921006e+00 1.728392169838814274e+00 1.743702578604483300e+00 1.784750460959673601e+00 1.800969115691664291e+00 1.828175437603832165e+00 1.863104183445214668e+00 1.878033384036631670e+00 1.906441538311284045e+00 1.919598700296690108e+00 1.956979452397267893e+00 1.967274082080399333e+00 2.001985227893715802e+00 2.037203620194610210e+00 2.059814420276909086e+00 2.098913802057164713e+00 2.128547315180632449e+00 2.156094475167141145e+00 2.180548197249038811e+00 2.205755595527538748e+00 2.236410370904633016e+00 2.269197802707389577e+00 2.303000074591765145e+00 2.326903960194266485e+00 2.387271404343795922e+00 2.408849315363853272e+00 2.439625299132402780e+00 2.478321159506212901e+00 2.491203276757743446e+00 2.561532482310761250e+00 2.651546936452139569e+00 2.724543271643046882e+00 2.747846419785293648e+00 2.787966906073297224e+00 2.827462809435189683e+00 2.883243777086823112e+00 2.915801469503025878e+00 2.965263471143745555e+00 3.029538983851374656e+00 3.063912637304536446e+00 3.115805739845081579e+00 3.228239740209620567e+00 3.332849217822012378e+00 3.390994277318962080e+00 3.436418437974435580e+00
2.564485616460893680e-01 2.817915439626702545e-01 3.335421969142709497e-01 3.641453779228426280e-01 3.887487576720475291e-01 4.044212687187966337e-01 4.452461136455787560e-01 4.618879412028810139e-01 4.918919657693383574e-01 5.077170385083938919e-01 5.272640794558148825e-01 5.541696881978652733e-01 5.818712371481371548e-01 6.145359515305693909e-01 6.181223209751495196e-01 6.354413222744087486e-01 6.545132056119782327e-01 6.798047055314452303e-01 6.885874292110686357e-01 7.203567657532714552e-01 7.365442158279320584e-01 7.471530479633226030e-01 7.611399529038906930e-01 7.746307449457093819e-01 7.859419490803668529e-01 8.053122578421130218e-01 8.139633981516928296e-01 8.353290647388521561e-01 8.472999206734379563e-01 8.848613175200328307e-01 8.883379294832274287e-01 8.967714031132675290e-01 9.237055587958507008e-01 9.393035448039673829e-01 9.613732761072030231e-01 9.727593179692166636e-01 9.873122006110709448e-01 1.016143304892190624e+00 1.034028091131196092e+00 1.045751829879147277e+00 1.054432912456843896e+00 1.072896351351197319e+00 1.079441448157700378e+00 1.105310579483087086e+00 1.121867872852601922e+00 1.153046829403585605e+00 1.164671824876577944e+00 1.181318716005775427e+00 1.197749778898738571e+00 1.206135016793149495e+00 1.217175852690457916e+00 1.243392496517792711e+00 1.267074348088005564e+00 1.288541483799773513e+00 1.310503483016705051e+00 1.322432008240577384e+00 1.345816579561002424e+00 1.354359164839012974e+00 1.367687179049918544e+00 1.383124563871619195e+00 1.409796379052431048e+00 1.438764130092399451e+00 1.446084332205231693e+00 1.479262463744473788e+00 1.490606302489888124e+00 1.504568991284762847e+00 1.526102522833933328e+00 1.546754620749556830e+00 1.572130674343173329e+00 1.595703393924636115e+00 1.599733742523232749e+00 1.618178888417500350e+00 1.637462567395883806e+00 1.671005088214301493e+00 1.692231285078581005e+00 1.700514898101708416e+00 1.726929045161616161e+00 1.743402635282254698e+00 1.784290431795195975e+00 1.792574348227408354e+00 1.816984037080898728e+00 1.864876181485305651e+00 1.874190701368910972e+00 1.902563051622595314e+00 1.920742240064726047e+00 1.959446152148399012e+00 1.970633804807964573e+00 2.003631913726787950e+00 2.034187159210577356e+00 2.060974915486780912e+00 2.099110141437332988e+00 2.121294781976323485e+00 2.156313267113850962e+00 2.180011558398930127e+00 2.208596384259465140e+00 2.232946498614346797e+00 2.269797156604985489e+00 2.302525075979030333e+00 2.324827369856630188e+00 2.377694219900504446e+00 2.403150856647654710e+00 2.437073174381019669e+00 2.476378317443287180e+00 2.492738425592741169e+00 2.557086651106391884e+00 2.646971322623664857e+00 2.722109957641491551e+00 2.748049034935816426e+00 2.785822311944351704e+00 2.821209200445468745e+00 2.887103465057791585e+00 2.926850230355354299e+00 2.961795166782104527e+00 3.025794339032141789e+00 3.064899091591230196e+00 3.112260433863456299e+00 3.220179042762984611e+00 3.335767776132330553e+00 3.390262482440588254e+00 3.436241462428633930e+00
2.397316116135937425e-01 2.657020383309089961e-01 3.230156884269809181e-01 3.671189570499774901e-01 3.846846516493537260e-01 3.997457791394007365e-01 4.388995680794204879e-01 4.641330409521365330e-01 4.840819589514877563e-01 5.061778008381925265e-01 5.244468793094525516e-01 5.447695830081751289e-01 5.864765725434563093e-01 6.124224285270648549e-01 6.153756211885920147e-01 6.326683309452949544e-01 6.450690469240254465e-01 6.746075517658953746e-01 6.855073526292052577e-01 7.160796639730543367e-01 7.371495364147154783e-01 7.455620851127282567e-01 7.633513466504064926e-01 7.739505338102115051e-01 7.836119087343221823e-01 8.065908314096453813e-01 8.182916063298810716e-01 8.371951869278027036e-01 8.492663304892591469e-01 8.826429229329632031e-01 8.886746636251406928e-01 8.982176530540674220e-01 9.223394348227059725e-01 9.410655696623861921e-01 9.643851606353803785e-01 9.696221603746537632e-01 9.833115304036392779e-01 1.013605674682460211e+00 1.033253914940297058e+00 1.043346699534238642e+00 1.051845877889715730e+00 1.074636810888964789e+00 1.078524816781742057e+00 1.107408938519990116e+00 1.124243255433742039e+00 1.152555602426770687e+00 1.164311746410546355e+00 1.181854344967825821e+00 1.195372776950314186e+00 1.206683936756559161e+00 1.219611443615844060e+00 1.239181372127284408e+00 1.265836194589572861e+00 1.285761603039251577e+00 1.309991604847929647e+00 1.324126235149135189e+00 1.341790819712910698e+00 1.355099024189459156e+00 1.368727146936270289e+00 1.380199547603840893e+00 1.408933769465285479e+00 1.437708303367817075e+00 1.446545955400645900e+00 1.471601575834660336e+00 1.485822272658980703e+00 1.499553964323101063e+00 1.520261881095594569e+00 1.548116076601701696e+00 1.570362082026694805e+00 1.590530795227644845e+00 1.595539754817586697e+00 1.613534883278822774e+00 1.640298178839713739e+00 1.671374681624870240e+00 1.688759000941584709e+00 1.698976491828373403e+00 1.724394896306286729e+00 1.742800221142447370e+00 1.782569743147629726e+00 1.784436688992384390e+00 1.806679973699774733e+00 1.860057816154131238e+00 1.872077564536476224e+00 1.900325627881440438e+00 1.922157921216717025e+00 1.962727922556238180e+00 1.974530703685115185e+00 2.005111928832008505e+00 2.031606718135162915e+00 2.061608990938370578e+00 2.098970883432524026e+00 2.114143877927977755e+00 2.155463935595892888e+00 2.179159921116143206e+00 2.210533152378162391e+00 2.230806418732596885e+00 2.269345476273548545e+00 2.300921921881242671e+00 2.322853276169457359e+00 2.367689843920161685e+00 2.397832642031988204e+00 2.433522628994815751e+00 2.472775020698964266e+00 2.493616788668977957e+00 2.552574850815830132e+00 2.641105580685368270e+00 2.720386676331048026e+00 2.748797862757191179e+00 2.782816633690883723e+00 2.812813929164024174e+00 2.895519142903479004e+00 2.937400001429104623e+00 2.956132359853131497e+00 3.022427924949627087e+00 3.066567786639019744e+00 3.111818335143073266e+00 3.211819162600100253e+00 3.338989461564283445e+00 3.389972382331019940e+00 3.436449348933968473e+00
2.191909113609253612e-01 2.469074394164301189e-01 3.072829746077131996e-01 3.655307261456923196e-01 3.853917495194879028e-01 3.949917637397009629e-01 4.248207829106431244e-01 4.673544666829749228e-01 4.774199980658151432e-01 5.007751603619428060e-01 5.239719849393551510e-01 5.357760087377297920e-01 5.875942070670580053e-01 6.052549740311075066e-01 6.136453157393371161e-01 6.216333504718299929e-01 6.477346061702151658e-01 6.707602591775405632e-01 6.841279843609970879e-01 7.119020073448696362e-01 7.362466542588446128e-01 7.452554593424329799e-01 7.648987190664241487e-01 7.742814709908701909e-01 7.821656280011233253e-01 8.096440282652209719e-01 8.204112512290488990e-01 8.421834942595191054e-01 8.523881893058390391e-01 8.784776618347046595e-01 8.899202898381852744e-01 8.982626219313984972e-01 9.219058317472360597e-01 9.436025546294923849e-01 9.653757994817304677e-01 9.698839266814593962e-01 9.804137617004240468e-01 1.011526477280451974e+00 1.030101680550847609e+00 1.041384089957070769e+00 1.050318992395008033e+00 1.076259658728643043e+00 1.079859494946766141e+00 1.109079973284612608e+00 1.125534944466379805e+00 1.151022442434808335e+00 1.165057048676382045e+00 1.181944773943146787e+00 1.192618237743449994e+00 1.207308028431569813e+00 1.221518687239939061e+00 1.235690373206912440e+00 1.264501061497049328e+00 1.283050656110668264e+00 1.308085283958536627e+00 1.322690372238991774e+00 1.336849113031862268e+00 1.356816691958120158e+00 1.369271735990896577e+00 1.381964072953262290e+00 1.408002768063697507e+00 1.433117127725753503e+00 1.445725401483666905e+00 1.460650401176694091e+00 1.483889168706907125e+00 1.496017871799573573e+00 1.512964100502839804e+00 1.550035025437637826e+00 1.567178318882064492e+00 1.585709038305350038e+00 1.589974307880711812e+00 1.609737986483513072e+00 1.642605147770773488e+00 1.672298792893057495e+00 1.685770749013055347e+00 1.696799663573635986e+00 1.721080876052832220e+00 1.740941091807427510e+00 1.774263169341522950e+00 1.782735118558704146e+00 1.797627085069829267e+00 1.846495200695135175e+00 1.874111217417223418e+00 1.900709451270510497e+00 1.923543792370997041e+00 1.966424999466398926e+00 1.978395307692405680e+00 2.005470943615466073e+00 2.030577105739130417e+00 2.061657798941681552e+00 2.097851111064553020e+00 2.107754722655743151e+00 2.153568205379486677e+00 2.177878115106922419e+00 2.210848931860407429e+00 2.230484149318662013e+00 2.267689464235102204e+00 2.297166178298327033e+00 2.320303522334921098e+00 2.360830742634223878e+00 2.392185036481702998e+00 2.429347096428403852e+00 2.466835138435772290e+00 2.493299612997701864e+00 2.549401501328440567e+00 2.633671746252288060e+00 2.719879087660917794e+00 2.749631330852318811e+00 2.778797265942150041e+00 2.806703854592600411e+00 2.904053082523273766e+00 2.944879454509951699e+00 2.952431959893965452e+00 3.019778848842117114e+00 3.066729729779632763e+00 3.115662890289841780e+00 3.203537071829160698e+00 3.342408596223900741e+00 3.390174283882405160e+00 3.437046457661153909e+00
1.940869106305384006e-01 2.257687300354935811e-01 2.886655308518722429e-01 3.594418550218610453e-01 3.846562738858762542e-01 3.887581000158710776e-01 4.115794802082866077e-01 4.606587136652103287e-01 4.799599199305862873e-01 4.935522835536357289e-01 5.235266583086202186e-01 5.298348927079344906e-01 5.841667100485802289e-01 5.964158040484436318e-01 6.073228620551660573e-01 6.207494573896246148e-01 6.520834863053398545e-01 6.671099029024291083e-01 6.838910055253751841e-01 7.089299051670888696e-01 7.335142687741226242e-01 7.463637838549744830e-01 7.657681983654378577e-01 7.740557187327844479e-01 7.827898239674176972e-01 8.136798488005225760e-01 8.225325569491065414e-01 8.473339507936969994e-01 8.553661689612918062e-01 8.729869313991218682e-01 8.920708862545002615e-01 8.980576826058442874e-01 9.219922415791022008e-01 9.455959105816049703e-01 9.644119433749438475e-01 9.735521668591149425e-01 9.792103580119404516e-01 1.009055845365053550e+00 1.025377505938109612e+00 1.040094116573491378e+00 1.050236455547017167e+00 1.075546714448101238e+00 1.084177224259990968e+00 1.110239743545289759e+00 1.125703220794374015e+00 1.148794040224423441e+00 1.166232396896457413e+00 1.181714748985361663e+00 1.190663198260565991e+00 1.207292436618099707e+00 1.221906425661973383e+00 1.233005482388613405e+00 1.262893415376336037e+00 1.280611432160448038e+00 1.305318387726195795e+00 1.317948376871727945e+00 1.334164326366697795e+00 1.357362774536949424e+00 1.369100860674220765e+00 1.387589838052079916e+00 1.407188274578083931e+00 1.426388689185538849e+00 1.435534210537639854e+00 1.458684539358162890e+00 1.480597883749802834e+00 1.493195408147636627e+00 1.505823901399228504e+00 1.550526844491412648e+00 1.563102440982392372e+00 1.580634938432814218e+00 1.584875930421894230e+00 1.605933325007496748e+00 1.643470019124155801e+00 1.672887519345372498e+00 1.684300918889825249e+00 1.693956709540126226e+00 1.717108703817204152e+00 1.737074755390465297e+00 1.766927722734858541e+00 1.781142410613610672e+00 1.789289604375672083e+00 1.830185227212225652e+00 1.876595349516797517e+00 1.903175039934565937e+00 1.924859166569281799e+00 1.970051985562079278e+00 1.981900234994032228e+00 2.004306669047886569e+00 2.031709957704095348e+00 2.061213799814851644e+00 2.094578837446845476e+00 2.102923237220890584e+00 2.151214056610954106e+00 2.175304048971927084e+00 2.209908412482789686e+00 2.231496678467589589e+00 2.264441557391027704e+00 2.293113489894314405e+00 2.315560157080526871e+00 2.358834033650897499e+00 2.386361774407100622e+00 2.425227420806830292e+00 2.458251892079732492e+00 2.491828111458984196e+00 2.548214540880628043e+00 2.625541297596654111e+00 2.720262785635864766e+00 2.750072856774078200e+00 2.774157102014036536e+00 2.804266660898349972e+00 2.909802213000114435e+00 2.942909408775124636e+00 2.958726594997588943e+00 3.018190518575114556e+00 3.064987958557662928e+00 3.123204655156776699e+00 3.195655325321514084e+00 3.345942647848230589e+00 3.390884282088298729e+00 3.437993561540213072e+00
1.644498323609530910e-01 2.023924154194629010e-01 2.686336894489444460e-01 3.483006894756860428e-01 3.669191581864538754e-01 3.881979146187977681e-01 4.110217319889686305e-01 4.491151473111723025e-01 4.811796744122800451e-01 4.904013995816952076e-01 5.206505959659942784e-01 5.285180735683150388e-01 5.774336700498661212e-01 5.909707406724262757e-01 6.029082357119324165e-01 6.216955372349292075e-01 6.552104850318427598e-01 6.646408134347414620e-01 6.843149572639966038e-01 7.073363349900295693e-01 7.310230298617572675e-01 7.467220033421000380e-01 7.653248305633619797e-01 7.750266093159625669e-01 7.844967338189575701e-01 8.171925089607284809e-01 8.258682836401136651e-01 8.509942262227954135e-01 8.572020167503163757e-01 8.679046019951470736e-01 8.929230609273147712e-01 9.006523840189881724e-01 9.211433624768161632e-01 9.471068893836221969e-01 9.638614598906547482e-01 9.765374893090574826e-01 9.807668251646636248e-01 1.005400251275542001e+00 1.020746462294602530e+00 1.039703050503044679e+00 1.051175305196845100e+00 1.074514261775856738e+00 1.088010219375254550e+00 1.110902182954679462e+00 1.125187517539059545e+00 1.146345394984080501e+00 1.166105447275524121e+00 1.182322221817048602e+00 1.190126072396659351e+00 1.205829346551819281e+00 1.220756331380451032e+00 1.231030541498938646e+00 1.260356508976443024e+00 1.278563416325226854e+00 1.302638868473428024e+00 1.311846291791794794e+00 1.333600043657221290e+00 1.356555705554052249e+00 1.368542548843571405e+00 1.393831354092321950e+00 1.406804553623296927e+00 1.413581805368838928e+00 1.428362211467909315e+00 1.459890886209879390e+00 1.475647040935265331e+00 1.488083884065550588e+00 1.502095254967813043e+00 1.548016159872867226e+00 1.558554594401661886e+00 1.575336327588256369e+00 1.580405227278380842e+00 1.602541746903473729e+00 1.643272916342506162e+00 1.670676214284017247e+00 1.682929761638633392e+00 1.692826549993979190e+00 1.712661670535843950e+00 1.731377783011593952e+00 1.761541128232770204e+00 1.777590183639799148e+00 1.781732675727516479e+00 1.815537367902740007e+00 1.878786785136961290e+00 1.907267298474642159e+00 1.926091788177327180e+00 1.973055063082957306e+00 1.984641256570578882e+00 2.002599936891302335e+00 2.034457231237860597e+00 2.060543366774313156e+00 2.088863947967059431e+00 2.099601514690362603e+00 2.148762466630528500e+00 2.170856420906054129e+00 2.208345008901198003e+00 2.233091752887772952e+00 2.259986292576899203e+00 2.290913372670318804e+00 2.309214277920447422e+00 2.360172019037334312e+00 2.380710222765093143e+00 2.421955273477185866e+00 2.447651846799993258e+00 2.489506699502444409e+00 2.548601141493852751e+00 2.618086302450477465e+00 2.720793293286889902e+00 2.749541642335293190e+00 2.769669809259974969e+00 2.805146663032595633e+00 2.911298270879509875e+00 2.941822464448829777e+00 2.965519853034094044e+00 3.017938099861499968e+00 3.062367014036459612e+00 3.132660307152395962e+00 3.188469402730566227e+00 3.349516496342248573e+00 3.392081849658800330e+00 3.439216244212156770e+00
1.311413649626282374e-01 1.772116451032544338e-01 2.455918899312069248e-01 3.297154954240303359e-01 3.525066372341814080e-01 3.880316499955287490e-01 4.146452976127916190e-01 4.380724675904345000e-01 4.748159778905341466e-01 4.922713190648037584e-01 5.210754261597775328e-01 5.268694383369956213e-01 5.728780335132064305e-01 5.877167133705676338e-01 5.998170336740178410e-01 6.222248471320118712e-01 6.544173743826564582e-01 6.662260261219589141e-01 6.852674536201254218e-01 7.065421197408811027e-01 7.292811321786623058e-01 7.456307737440437400e-01 7.647329797979498522e-01 7.770627528304866471e-01 7.862046145502745720e-01 8.193367757836633736e-01 8.305394744772695015e-01 8.519324882511464248e-01 8.568280462533713893e-01 8.661787160602043567e-01 8.926007876027275412e-01 9.055605362237101330e-01 9.190398492726744584e-01 9.486647094118791923e-01 9.636227823263856518e-01 9.762430997343033434e-01 9.855683521635195676e-01 1.001045970859644418e+00 1.016954839662491450e+00 1.040695736773743718e+00 1.052527142549547934e+00 1.073603518059474515e+00 1.090132256817208489e+00 1.110461672492703888e+00 1.124687006328988437e+00 1.144136031641074469e+00 1.164326700981051399e+00 1.183618612682618254e+00 1.191144781218429927e+00 1.202727021342079983e+00 1.218383553999391689e+00 1.230234490685065518e+00 1.255879750887372692e+00 1.276995859965035063e+00 1.299980795416500357e+00 1.307710211849058002e+00 1.333617084096442307e+00 1.354634431579532228e+00 1.366696422063865102e+00 1.392663997287308497e+00 1.403683621914307622e+00 1.408877075987263305e+00 1.424829644295540376e+00 1.460197597429926608e+00 1.470260599563171011e+00 1.481114352181791105e+00 1.501496999172105440e+00 1.542106508052205394e+00 1.553009914017631443e+00 1.570487896836195052e+00 1.576052680387674210e+00 1.600715933732180352e+00 1.642314412546128422e+00 1.663061899807177113e+00 1.680879686336643086e+00 1.694430977960868612e+00 1.708262970552802962e+00 1.725051333154024036e+00 1.757230047351930668e+00 1.767738571768830980e+00 1.778868587249185618e+00 1.806312925594591778e+00 1.880553403337739793e+00 1.912648027587153354e+00 1.927201614978296451e+00 1.974929587724607583e+00 1.985856665917609787e+00 2.002047865555748096e+00 2.037839992891693708e+00 2.059971556552542715e+00 2.082113290266806249e+00 2.096538929352239844e+00 2.145973304401201265e+00 2.165200956195686199e+00 2.205906676368050157e+00 2.235292069212948984e+00 2.255805436710696554e+00 2.290791544298044435e+00 2.303118157424031143e+00 2.361851006036636669e+00 2.375754695656080884e+00 2.420170750876787125e+00 2.436352778503097838e+00 2.486613997869193682e+00 2.549635257774372832e+00 2.612376556405665795e+00 2.720950040897029076e+00 2.747500334631901353e+00 2.765755267989661981e+00 2.808656349750197734e+00 2.909762441654312415e+00 2.943121782936175546e+00 2.969949690547480703e+00 3.018926152784739081e+00 3.059906689513623768e+00 3.142341900015967582e+00 3.182334078524521992e+00 3.353041977042538591e+00 3.393699955295222281e+00 3.440615286723351929e+00
9.540740838502491383e-02 1.508281976078170161e-01 2.164469179812921751e-01 3.118808245548681524e-01 3.428234307113959267e-01 3.879137647954780110e-01 4.161622085920164693e-01 4.309064531023842348e-01 4.677295467161012299e-01 4.911955834848454883e-01 5.230152232107277976e-01 5.275891223045412470e-01 5.715057884930646592e-01 5.852373988911951930e-01 5.980646915459063573e-01 6.222356218027748076e-01 6.522876296825946829e-01 6.694642598610144324e-01 6.865505753020724189e-01 7.062787681904770798e-01 7.279958201654056493e-01 7.436987534096276553e-01 7.642919468944235906e-01 7.790578674171410034e-01 7.879125994994361504e-01 8.204937557945514159e-01 8.356455239450769623e-01 8.495711555046646657e-01 8.560477410186861924e-01 8.673294259655456306e-01 8.927840135439872871e-01 9.092210048865684291e-01 9.176051717969428978e-01 9.501673425340497747e-01 9.631824932238689518e-01 9.740276431947370028e-01 9.894563599286011479e-01 9.983553407073059160e-01 1.014395217459146181e+00 1.042645595596181529e+00 1.054224507166271252e+00 1.073110703347416317e+00 1.090410413330235695e+00 1.108318320335519580e+00 1.123322228265511313e+00 1.143663197766302320e+00 1.162076319628994270e+00 1.183410289468098231e+00 1.192211554360797843e+00 1.200577276232574597e+00 1.215088580965870024e+00 1.230733301177938888e+00 1.249687340298321514e+00 1.275683588510324595e+00 1.296754427206682214e+00 1.307242901841721316e+00 1.333265302694154775e+00 1.350681396722362981e+00 1.362789936489585463e+00 1.382113005080572554e+00 1.401681923190798207e+00 1.414173819737719828e+00 1.423020108579781340e+00 1.457466428250450141e+00 1.465802341425830990e+00 1.476054312808604996e+00 1.501479538319923313e+00 1.533856005865088301e+00 1.546222962478370544e+00 1.565576300453638936e+00 1.572768953673957748e+00 1.600269501355345181e+00 1.639312453461052810e+00 1.651496241578301438e+00 1.679653965226409973e+00 1.694496423402375607e+00 1.705788112746442264e+00 1.719538251329175482e+00 1.751785949643050122e+00 1.759231329449876258e+00 1.777489096606843733e+00 1.802211277643118947e+00 1.881941309062328038e+00 1.918868147645580002e+00 1.928209636952728623e+00 1.975280649832721336e+00 1.985554514547962501e+00 2.003159348226275949e+00 2.041178654929542535e+00 2.059513018600770184e+00 2.075777594225560296e+00 2.093236048594152354e+00 2.142397945043724494e+00 2.159783641735930626e+00 2.202273742222983444e+00 2.238094463781711507e+00 2.253215450771271389e+00 2.291934699347015325e+00 2.298441946712768580e+00 2.361053832739799407e+00 2.372650817845618043e+00 2.419482741895586209e+00 2.426358349426320782e+00 2.483404823106425852e+00 2.550475734740861533e+00 2.608903423433951207e+00 2.720635419218902395e+00 2.743875647487160840e+00 2.762347093217774940e+00 2.814031840283414354e+00 2.907562832933119346e+00 2.944896260831827206e+00 2.972105973982205995e+00 3.020449195801287345e+00 3.058258747732194749e+00 3.150728432000525991e+00 3.177889775934851002e+00 3.356403777942681188e+00 3.395614907580881248e+00 3.442077376151259305e+00
5.759294390110967360e-02 1.236070672605435877e-01 1.808020118277045563e-01 2.998006477485818944e-01 3.350501926517263640e-01 3.880104112023389229e-01 4.136375721923903903e-01 4.288969251222230494e-01 4.613738849945244191e-01 4.882666478111525876e-01 5.200689895677492736e-01 5.357981365969957110e-01 5.712982726007111989e-01 5.835366267089399095e-01 5.976286613608946530e-01 6.223530730396443778e-01 6.510548166172971385e-01 6.717471545670257171e-01 6.876026222334084004e-01 7.069286220374388918e-01 7.270458125903738189e-01 7.416927081736256477e-01 7.628549038898314594e-01 7.810729215216499766e-01 7.897196282362148878e-01 8.212757309525163807e-01 8.400571162190554331e-01 8.464536212750454203e-01 8.555528021523788329e-01 8.689879981585361124e-01 8.938583546912771682e-01 9.077864197733047646e-01 9.205130495692754877e-01 9.510424526229721565e-01 9.610918907198270356e-01 9.719274001900259918e-01 9.882947472019530943e-01 1.000187829882485557e+00 1.014080129804214803e+00 1.044363056346605756e+00 1.056651349554616592e+00 1.073014222935871453e+00 1.089106063125593105e+00 1.105440173667881609e+00 1.119368665660882334e+00 1.146276653563214287e+00 1.159385812304498220e+00 1.181845206810021365e+00 1.189302469023910902e+00 1.203137115708035942e+00 1.211519075099081855e+00 1.230449537027872520e+00 1.244803948736952659e+00 1.274439725354433728e+00 1.293873185335282727e+00 1.308640051542494076e+00 1.331679204125941096e+00 1.343170459460092170e+00 1.358121588466495888e+00 1.374933946295668896e+00 1.399915563933077367e+00 1.418330709054837824e+00 1.423281741174376780e+00 1.450747709057047752e+00 1.463358185624788810e+00 1.474584752043384794e+00 1.501041594132940471e+00 1.524696997145436050e+00 1.539390095290872118e+00 1.560118871901229554e+00 1.570949976500464862e+00 1.599665097008682757e+00 1.628505523556666335e+00 1.645672204792810955e+00 1.677865893436157441e+00 1.692081714645784940e+00 1.706400262666171397e+00 1.715628018530346521e+00 1.744306758399424062e+00 1.755895665160562613e+00 1.776982199106664995e+00 1.800839142459048414e+00 1.883044335149081983e+00 1.924596950861639622e+00 1.930016454752225386e+00 1.973969054805032153e+00 1.985024659618903620e+00 2.004568275688654033e+00 2.044160087123604086e+00 2.058529074503224976e+00 2.071497339953909833e+00 2.089816668588039938e+00 2.138099891008185871e+00 2.155555473204223915e+00 2.197871875489259441e+00 2.239816620248675338e+00 2.253863326570356929e+00 2.292702339494699704e+00 2.296240529784804085e+00 2.357051724096451917e+00 2.371638707686119840e+00 2.413944437965135581e+00 2.424293965457461120e+00 2.480164052643593298e+00 2.550672386755698184e+00 2.607597163904954218e+00 2.720016813950401957e+00 2.739148251793882771e+00 2.759242974022106054e+00 2.820364836250171425e+00 2.905880602890176245e+00 2.946032106969150188e+00 2.972850697089316707e+00 3.021619287071263038e+00 3.057658395028381548e+00 3.155968861609171672e+00 3.176420364687372988e+00 3.359458887289301643e+00 3.397645787760024572e+00 3.443484844301632819e+00
-1.108206211455492994e-02 9.558290669719798904e-02 1.410246208302563253e-01 2.922166944039982228e-01 3.289956839147051837e-01 3.885252437477285103e-01 4.105725480972896579e-01 4.280117506800762417e-01 4.557396966901270940e-01 4.860948237554024165e-01 5.170478331510321990e-01 5.447130197398593054e-01 5.710663295657921745e-01 5.827173739557042209e-01 5.975521696157768403e-01 6.236164560169943361e-01 6.509369897754418988e-01 6.719566965672854053e-01 6.883413871954187080e-01 7.084990676643265761e-01 7.268954413302627371e-01 7.399729521182721870e-01 7.595362266668355122e-01 7.835146859232108296e-01 7.915300388525268183e-01 8.220399787930297020e-01 8.417720267838944004e-01 8.443839552630626466e-01 8.558692994814702804e-01 8.708957127730954095e-01 8.954972155073119833e-01 9.043896593721582056e-01 9.248886061344055998e-01 9.505845576792665286e-01 9.568587866080223714e-01 9.718472034428614625e-01 9.840286584992390395e-01 1.003683633338931402e+00 1.016413818847009543e+00 1.045247679859775847e+00 1.059069127650560160e+00 1.073221576015191081e+00 1.086538968545270212e+00 1.103159590659824829e+00 1.114529676575821027e+00 1.149437283775530894e+00 1.156582568731244542e+00 1.180182806507357629e+00 1.185146918141121608e+00 1.204321228653715936e+00 1.210333807330493228e+00 1.226882665681702012e+00 1.245208131522708372e+00 1.273559807835443980e+00 1.291158541716318942e+00 1.310189266556998966e+00 1.327241172061958130e+00 1.335125553044032687e+00 1.355283486023845851e+00 1.370774061642225483e+00 1.398257029881127878e+00 1.418522036782675411e+00 1.425377936313493521e+00 1.444233636509814955e+00 1.461827228843860516e+00 1.475638076619909089e+00 1.499730973345604568e+00 1.516376871911100821e+00 1.533395161593502642e+00 1.554650942014452530e+00 1.569824027105945152e+00 1.596539307346895864e+00 1.616658129924947840e+00 1.644686185496846864e+00 1.674912629322627966e+00 1.690237227864750391e+00 1.707797820039695491e+00 1.713497436785879957e+00 1.737674463872105335e+00 1.754534998759353037e+00 1.777289120939979483e+00 1.800642185333048095e+00 1.883931144611490138e+00 1.926528152825788487e+00 1.935601871698487519e+00 1.971395070729276666e+00 1.984830214894706124e+00 2.004992498725683081e+00 2.046441000997161641e+00 2.057233000365692011e+00 2.069697871237255349e+00 2.086772646951353227e+00 2.133718232375100943e+00 2.152655963730490729e+00 2.193373317158974434e+00 2.239281224809256177e+00 2.258331675765087532e+00 2.291023972144123455e+00 2.297556921388388851e+00 2.351840486350912585e+00 2.371195452614719201e+00 2.406510638204034880e+00 2.426960722949130567e+00 2.477200781530488616e+00 2.550239725458924411e+00 2.607917125646607381e+00 2.719334978231993993e+00 2.734063848227681781e+00 2.756443648970653637e+00 2.826687627659442814e+00 2.904881420983831841e+00 2.946322155057487624e+00 2.973022370326108721e+00 3.022038159210650665e+00 3.057908862030300767e+00 3.157081846043919615e+00 3.178535353331871427e+00 3.362049988973807579e+00 3.399570222133374564e+00 3.444724088001897222e+00
-3.965109521905049034e-02 6.637063576005289289e-02 9.968836366573100016e-02 2.874059343253627108e-01 3.247889683567087848e-01 3.896077945263272668e-01 4.086449725485284401e-01 4.262646329968140524e-01 4.509429350068933084e-01 4.856309007629145413e-01 5.143723158247238691e-01 5.522063631039816345e-01 5.714895509892095049e-01 5.820626109658184610e-01 5.970346611717379792e-01 6.260220878270850164e-01 6.521116736016370208e-01 6.696595103247044989e-01 6.892419989484508402e-01 7.100469437495053882e-01 7.281266088702694761e-01 7.388803055669855846e-01 7.545866286607924023e-01 7.860621911860968813e-01 7.932162298519893628e-01 8.226100403085565560e-01 8.401136788769200114e-01 8.438474752519219413e-01 8.572516046004812207e-01 8.734153560040733844e-01 8.965572048021941409e-01 9.020607452602812382e-01 9.285160227816829925e-01 9.479563497866054789e-01 9.533997744298822186e-01 9.726268935754907030e-01 9.792912319073858729e-01 1.006992055142582609e+00 1.020550749882813468e+00 1.044967488991672466e+00 1.059247841226284015e+00 1.074542424962184661e+00 1.084034836394447199e+00 1.100906038951520616e+00 1.111868993157700602e+00 1.147156523970998876e+00 1.158076264829239532e+00 1.179157169664592386e+00 1.180585928065115864e+00 1.200944440780487454e+00 1.213404666982334179e+00 1.223077901245067878e+00 1.248444336026403256e+00 1.273571411910378925e+00 1.287943668688781518e+00 1.311067452214465190e+00 1.320798351436384577e+00 1.330022673442172731e+00 1.354518085114528869e+00 1.368293088623856901e+00 1.395657233201944569e+00 1.416428098835162963e+00 1.426527062855330596e+00 1.442313911476882815e+00 1.460112639267813872e+00 1.477613456291215099e+00 1.497362792736588011e+00 1.510643745850146047e+00 1.528564356321757911e+00 1.549900416051516405e+00 1.568563399210209042e+00 1.590440301933638834e+00 1.611218876419174162e+00 1.644625123261245880e+00 1.672086145426321169e+00 1.689017869485031076e+00 1.708745690352548197e+00 1.713375220140668009e+00 1.732241492602053290e+00 1.753843479348462520e+00 1.778064379916821203e+00 1.800863126451552665e+00 1.884615461790883906e+00 1.926509886315508568e+00 1.942927839342672547e+00 1.967935403972964625e+00 1.984781612557609209e+00 2.004229406745263731e+00 2.047530439847264017e+00 2.057554959237682279e+00 2.068459464155752769e+00 2.084768602521101410e+00 2.129945658102104122e+00 2.150942167356389323e+00 2.189386400134409438e+00 2.238035753772727343e+00 2.264324580696038147e+00 2.288784126642753769e+00 2.299467990737539491e+00 2.346973051627330609e+00 2.370761956066024911e+00 2.400883716845429561e+00 2.429948472533393300e+00 2.474815957292584301e+00 2.549507195746665289e+00 2.609045421851972524e+00 2.718799484836879721e+00 2.729452754916998458e+00 2.754156259298562226e+00 2.832074206029487673e+00 2.904352332033730999e+00 2.946049508822035090e+00 2.973072002766120381e+00 3.021886891886220283e+00 3.058544366031391792e+00 3.156112738943883222e+00 3.181949605707702133e+00 3.364026589698595693e+00 3.401155898397889121e+00 3.445693356238032301e+00
-3.849092898829686860e-02 3.479944781016248295e-02 5.867257302313561712e-02 2.846086715785752785e-01 3.223663803552990204e-01 3.910183301484917995e-01 4.075204063436962398e-01 4.242788446851387119e-01 4.476716932013248829e-01 4.861374133316756496e-01 5.124202633113900118e-01 5.567467391925700060e-01 5.733935034381366647e-01 5.807897472675209727e-01 5.963349531230640599e-01 6.281503759027979861e-01 6.550082365749836377e-01 6.655121786465232336e-01 6.901431170603189447e-01 7.108659111408476283e-01 7.302277581027005748e-01 7.390763492555617598e-01 7.491307930171271501e-01 7.879767898036366125e-01 7.945045298176417470e-01 8.226465186823639364e-01 8.387730299630553610e-01 8.430419855917614669e-01 8.585336004991713788e-01 8.760590484072144912e-01 8.955274886765034470e-01 9.024954929459604314e-01 9.306783146569759246e-01 9.444409177057990767e-01 9.519736580256527025e-01 9.726103781219720412e-01 9.762375565551990597e-01 1.009355603278091706e+00 1.025793131317759510e+00 1.042365949273601933e+00 1.057693316402045669e+00 1.076985098945423047e+00 1.082927758909094207e+00 1.097779898154928491e+00 1.112299066333567010e+00 1.142650262788654336e+00 1.161645370276907618e+00 1.173445081407845203e+00 1.181245990423988479e+00 1.197918249497172960e+00 1.216415758238592604e+00 1.220696081737487892e+00 1.251225412872918996e+00 1.274595765711777240e+00 1.284803649708254003e+00 1.310756930738420589e+00 1.316584329653752716e+00 1.326886742317612722e+00 1.354810612488411170e+00 1.367471492346359119e+00 1.391546217938877339e+00 1.414730312881563590e+00 1.427069743168382976e+00 1.444017375113788804e+00 1.458026915982076677e+00 1.478623018293708125e+00 1.495292907454629283e+00 1.507970748600046429e+00 1.525218653529931467e+00 1.546594762413499469e+00 1.566978889349621706e+00 1.585956908227276863e+00 1.609518801797702237e+00 1.644703683136059302e+00 1.670354795446396201e+00 1.688043136520882781e+00 1.709118905282573708e+00 1.714696378228512508e+00 1.728109569547858770e+00 1.753481771443547332e+00 1.778802402322122278e+00 1.801123418908387341e+00 1.885061513276913070e+00 1.926207233388770979e+00 1.950120912721021060e+00 1.963599795510528878e+00 1.984730661605959900e+00 2.003068330917429751e+00 2.047894118241893491e+00 2.059369868241672563e+00 2.066644225322214368e+00 2.083959837782499491e+00 2.127369093216190610e+00 2.150155774121035535e+00 2.186560774358315751e+00 2.237117137557075530e+00 2.269684310769620073e+00 2.286536573933413585e+00 2.300834103628845995e+00 2.343501339510076775e+00 2.370415472394283185e+00 2.397454022004785745e+00 2.432136384747505264e+00 2.473266579774174634e+00 2.548872904587292876e+00 2.610144417417086249e+00 2.718529933425717804e+00 2.726155001202955841e+00 2.752645841099706114e+00 2.835709632042513029e+00 2.904082764317243548e+00 2.945655386896646188e+00 2.973118947553285096e+00 3.021572937760091282e+00 3.059112618393708072e+00 3.155048577830857681e+00 3.184531085761270308e+00 3.365265849250457020e+00 3.402199782097883762e+00 3.446310833544360186e+00
-1.418580587553115117e-04 -1.132756865115539869e-04 5.354742947570126436e-08 2.836753121123065657e-01 3.215799197376791319e-01 3.917521411239890394e-01 4.070628254324271666e-01 4.233947553980196288e-01 4.465207740616234378e-01 4.864753477214980859e-01 5.116867174697760090e-01 5.581177952952836030e-01 5.751322679767898460e-01 5.795629736984146962e-01 5.960256387355401531e-01 6.289193316338413942e-01 6.581629998958427041e-01 6.618963919647795624e-01 6.905181682263594745e-01 7.110786495390294393e-01 7.312554092049708965e-01 7.402838782010369156e-01 7.458296840153505469e-01 7.886887352336725554e-01 7.949954002582196866e-01 8.225052177806699838e-01 8.384187595464173137e-01 8.426206049440410073e-01 8.590084717340774612e-01 8.772708667341809763e-01 8.946824028405503393e-01 9.031903711054956041e-01 9.313005739198719768e-01 9.429410060347737099e-01 9.516102395752645826e-01 9.719608985472750762e-01 9.756815819709968585e-01 1.010187541345020312e+00 1.029376972310053651e+00 1.039493634103155539e+00 1.057023591325759293e+00 1.078230613512153546e+00 1.082889440500723000e+00 1.096067174380004561e+00 1.113056795449183456e+00 1.140589179538165299e+00 1.164258620331950267e+00 1.169590528678443153e+00 1.182012692432081291e+00 1.196724656825296274e+00 1.218162109132540083e+00 1.219355995446018914e+00 1.252221767805427266e+00 1.275367177453297529e+00 1.283436048406777941e+00 1.310009349029281012e+00 1.315546272882640144e+00 1.325813731375465432e+00 1.355026541214537694e+00 1.367569348117078087e+00 1.389245718222311687e+00 1.414308332633929188e+00 1.427288802494223408e+00 1.445447449700990816e+00 1.456792426531701823e+00 1.478557023660601821e+00 1.494794115811640678e+00 1.507270967270275763e+00 1.523957207305610906e+00 1.545397357910415659e+00 1.566178564447678445e+00 1.584615199689417109e+00 1.609109078704936246e+00 1.644733474368443860e+00 1.669810335684518421e+00 1.687638983256637415e+00 1.709222787716858205e+00 1.715612357930341725e+00 1.726340020771904848e+00 1.753365041902338106e+00 1.779097724810651204e+00 1.801230818115220789e+00 1.885218098065520431e+00 1.926063244135443719e+00 1.954923521350174997e+00 1.959846692218401021e+00 1.984699032779964956e+00 2.002536335336058126e+00 2.048029533307393013e+00 2.060627216639555392e+00 2.065405322617637651e+00 2.083801551266994068e+00 2.126448770965780888e+00 2.149952194470444944e+00 2.185525574718346853e+00 2.236797210330395913e+00 2.272085720977081280e+00 2.285331591815754404e+00 2.301319429923730731e+00 2.342234308073698479e+00 2.370284249058800530e+00 2.396304985976246194e+00 2.432931491732355234e+00 2.472729002374950635e+00 2.548626997691092022e+00 2.610588621220037542e+00 2.718476262276044331e+00 2.724930643033159239e+00 2.752117034450949795e+00 2.836996793989459587e+00 2.903994592758852189e+00 2.945483074778166177e+00 2.973142036958449363e+00 3.021427673699107253e+00 3.059332309764529079e+00 3.154635760633216712e+00 3.185457467275372601e+00 3.365688106374384425e+00 3.402563985110465872e+00 3.446522906498722616e+00
