1.095935668311691646e+00 1.105298408682366063e+00 1.387061809509819499e+00 1.446023953244012450e+00 1.683841748414870665e+00 1.770125617984311450e+00 1.861537922690866154e+00 2.139017357837875277e+00 2.194681042133091786e+00 2.268524209584660944e+00 2.291465044428535602e+00 2.391435072842623466e+00 2.554939680176838035e+00 2.582578135432343380e+00 2.667293681741716327e+00 2.769879629677766797e+00 2.787689069347189630e+00 3.040839039977976110e+00 3.102942432106619464e+00 3.229942036879525968e+00 3.259827569261871894e+00 3.349179241350562108e+00 3.518115980479088467e+00 3.656382879611712156e+00 3.685965381733585122e+00 3.834348221774766863e+00 3.986862521057347841e+00 4.072036671208365100e+00 4.073891343694477918e+00 4.326686648416617764e+00 4.444059130619400833e+00 4.496606219724316844e+00 4.548890946867687468e+00 4.654396190065205552e+00 4.828632612137898406e+00 4.938527342780994367e+00 5.074224192709554160e+00 5.115096036477848607e+00 5.257609420431211156e+00 5.321112476190477558e+00 5.563634304883720461e+00 5.678257398678221435e+00 5.721364046203590625e+00 5.873852719925200638e+00 5.934935882894285086e+00 6.203738205168251696e+00 6.239331516741108530e+00 6.308983101000516847e+00 6.431155243282259626e+00 6.567998431182903829e+00 6.645103238039715698e+00 6.772218674662918048e+00 6.906498325979332442e+00 6.993173097113795755e+00 7.234457344883353791e+00 7.315870736082844772e+00 7.575984143484988387e+00 7.678741651799326107e+00 7.739391340743875247e+00 7.884464779097310583e+00 8.093267479549151489e+00 8.154173934551927516e+00 8.247026592702679793e+00 8.375021352470856328e+00 8.568258574011535345e+00 8.632370598018111352e+00 8.910825659721785641e+00 9.079380792989761417e+00 9.137598457034316723e+00 9.272271863886844656e+00 9.485910104695333800e+00 9.618598439764788566e+00 9.661542790570315731e+00 1.005899210998104465e+01 1.009761478512079158e+01 1.024472196027813276e+01 1.030608061600583270e+01 1.045655309724651083e+01 1.056284345414590220e+01 1.064944458624831469e+01 1.078430549062694332e+01 1.107971193364769036e+01 1.122663960898315594e+01 1.135673815918889495e+01 1.149387605990089689e+01 1.158693218343735865e+01 1.176502255936666863e+01 1.183988395010975836e+01 1.203591266568237650e+01 1.234178323284791823e+01 1.240829385209877422e+01 1.250736586817186868e+01 1.257930310378293903e+01 1.277755796438862390e+01 1.289975218841575177e+01 1.300410973818182114e+01 1.322122863117157188e+01 1.324489504373887705e+01 1.353468605811884728e+01 1.356352071377766144e+01 1.366709050589223295e+01 1.388532494536694983e+01 1.397642775095018486e+01 1.423366219817699552e+01 1.428418569063121168e+01 1.455257212943316603e+01 1.475140170762767333e+01 1.492676959810955850e+01 1.499310826441875477e+01 1.537036385911929948e+01 1.547616123164346469e+01 1.558167670859383058e+01 1.573270129160693642e+01 1.586161097038701229e+01 1.596759056404593302e+01 1.629031700036359354e+01 1.652457037995515066e+01 1.669112579930848383e+01 1.682804335333161916e+01 1.691819613593785476e+01 1.711497471352524258e+01 1.737042021387351554e+01 1.745762074656015628e+01 1.747763704964775044e+01 1.781443245197723613e+01 1.823582343839445841e+01 1.851156381775200188e+01 1.890576758476803221e+01 1.915918014890959853e+01 1.952261049429545636e+01 1.975474172129689876e+01 2.001123744504073088e+01 2.051987875393460214e+01 2.094050055880170547e+01 2.149954858818943393e+01 2.164941963446517192e+01 2.209903636476019884e+01 2.231277544716905226e+01 2.277821095596335610e+01 2.285269718007702977e+01 2.315387116584832938e+01 2.348348614861740558e+01 2.382139237871098914e+01 2.454010989175214164e+01
1.080466861908921494e+00 1.101808934930953443e+00 1.314344877901294728e+00 1.495486750712661461e+00 1.659356809349133099e+00 1.785686497733208977e+00 1.874730912064571431e+00 2.135098826292795238e+00 2.197171531882344819e+00 2.237607666929195993e+00 2.290923736314089965e+00 2.401538151921788877e+00 2.548676178765188372e+00 2.578889758493376316e+00 2.679465194953873031e+00 2.761882670577730181e+00 2.799953659807127515e+00 3.025519344844524117e+00 3.115419870187569718e+00 3.223787454529829066e+00 3.279481039193457903e+00 3.351459103893506430e+00 3.525609825342781889e+00 3.652511684443665807e+00 3.685557406981022410e+00 3.837610706370170988e+00 3.986441188075343867e+00 4.041915708681603547e+00 4.108447886809850402e+00 4.324412594071115556e+00 4.443649882039172105e+00 4.475854392107113888e+00 4.564510651037164912e+00 4.654467696185050407e+00 4.823137936962480055e+00 4.938053128256806090e+00 5.068784109596880860e+00 5.116015860377750357e+00 5.258540487920144280e+00 5.320864057036056138e+00 5.564956321857469135e+00 5.680408634557798209e+00 5.724719294331975128e+00 5.874274827256872555e+00 5.938115496293625561e+00 6.200583213005974592e+00 6.241999557171637569e+00 6.310390819653595607e+00 6.431185602965851622e+00 6.569285552922815796e+00 6.648871415053720924e+00 6.773054899684585628e+00 6.909520789465560142e+00 6.994151926809968778e+00 7.231805732282087007e+00 7.318639414064871396e+00 7.571670036746282584e+00 7.671929082082204587e+00 7.749302465630163006e+00 7.885880876588315047e+00 8.095646652633181617e+00 8.148309585428783919e+00 8.249430288318976068e+00 8.371309187483916503e+00 8.567318829693629567e+00 8.636883663450698023e+00 8.900267802926981275e+00 9.079701095158066337e+00 9.146380107111037105e+00 9.270136876750585841e+00 9.488333592134106098e+00 9.614195885634403638e+00 9.667541909430848790e+00 1.006025934975379776e+01 1.009560332354590351e+01 1.024815703422437707e+01 1.030220755538987554e+01 1.045634549389209411e+01 1.056161585303642347e+01 1.066126268240346597e+01 1.078945995751901776e+01 1.107992365760534526e+01 1.122742791660702544e+01 1.135772708866926273e+01 1.148148042507416378e+01 1.158830435757384869e+01 1.176283946813332371e+01 1.184268606730747386e+01 1.203173333217173990e+01 1.233385259522625610e+01 1.240529413965739813e+01 1.250972441556592685e+01 1.257785480483619267e+01 1.276701659225137675e+01 1.291002267845880880e+01 1.300067716201737333e+01 1.321787633669744899e+01 1.325187204657157736e+01 1.353312687185996843e+01 1.356371183768965238e+01 1.367317494130562316e+01 1.388430874527307246e+01 1.397421873538979398e+01 1.421929818247575383e+01 1.428813568973127168e+01 1.454910689956004610e+01 1.475008446278089735e+01 1.491106341134776336e+01 1.500420887173030415e+01 1.536597320575192249e+01 1.547594073795554337e+01 1.557996006787269394e+01 1.573087009344449072e+01 1.586343639798208649e+01 1.596967226480761148e+01 1.628414819844449823e+01 1.651565016147538145e+01 1.668834016305007495e+01 1.681891542592927635e+01 1.691577816942122681e+01 1.710795226122953849e+01 1.736210571491479371e+01 1.745813704975752145e+01 1.748181171589772021e+01 1.781312420712884403e+01 1.822683888700973043e+01 1.850837295486027756e+01 1.888971968679772928e+01 1.913861223040773041e+01 1.947742823176272253e+01 1.978806898427763983e+01 2.002870334807204244e+01 2.051624876372706652e+01 2.093850998373260097e+01 2.148745628137396224e+01 2.164576532537968134e+01 2.209413192428899109e+01 2.232037739596707837e+01 2.277627184442794217e+01 2.283039720385310289e+01 2.315492775310104889e+01 2.348224440045495953e+01 2.381933927941949491e+01 2.453968017103619204e+01
1.032219561867840030e+00 1.089063670001300554e+00 1.204878306028341672e+00 1.533159386205674934e+00 1.624441216596052007e+00 1.797805738523283736e+00 1.911980301812427951e+00 2.112992386221174801e+00 2.175268615443818554e+00 2.215807019618640794e+00 2.282156604735533278e+00 2.414090249713991110e+00 2.547932876623076215e+00 2.573299102142928785e+00 2.677619395573822114e+00 2.783634172984801758e+00 2.803163509869348147e+00 3.008735552178230854e+00 3.135072125250021102e+00 3.220230387655633741e+00 3.313303480553007052e+00 3.358388899249570070e+00 3.545759780708138020e+00 3.644199058155416893e+00 3.684203845200948457e+00 3.847227720920411098e+00 3.977504941735794830e+00 4.025057414707173820e+00 4.144431529342592846e+00 4.317354673135021415e+00 4.429686114563407884e+00 4.456471490246609157e+00 4.579751997931650997e+00 4.657653690065958862e+00 4.807892862409449464e+00 4.935269279858365721e+00 5.054293779703353806e+00 5.119295166796586471e+00 5.260984418200027157e+00 5.321703382917493563e+00 5.568002645394540373e+00 5.679116978484507250e+00 5.740193821025554755e+00 5.874540079609896992e+00 5.947532053884674319e+00 6.192183313607093176e+00 6.249070880844326048e+00 6.314813361913382828e+00 6.432112766331817610e+00 6.571951946912681919e+00 6.659859483873728614e+00 6.775794204630579465e+00 6.918729396969136580e+00 6.996445289147763091e+00 7.225079422077742564e+00 7.325359419876122935e+00 7.559464440640867089e+00 7.658329712437995873e+00 7.770370559623359874e+00 7.887865363599074087e+00 8.100274866974370269e+00 8.136222090573127730e+00 8.254254006270171473e+00 8.362839388267165219e+00 8.564680521258189572e+00 8.647581906788810002e+00 8.876741587192478633e+00 9.077663859696629700e+00 9.167326527027654492e+00 9.263363581863345075e+00 9.493436401581977435e+00 9.610032376049863601e+00 9.679752459730021741e+00 1.006281516956640765e+01 1.009282957417818594e+01 1.025558900500235815e+01 1.029285497756682055e+01 1.045762166223868661e+01 1.055847690512213077e+01 1.068680220518486479e+01 1.080870604231189525e+01 1.107998918873581573e+01 1.122853627261793719e+01 1.136035846882432665e+01 1.145079430499347595e+01 1.158980407742528662e+01 1.175897183058223305e+01 1.184528267303169002e+01 1.202024140415706555e+01 1.231030127458385515e+01 1.239777172805043648e+01 1.251321938405678402e+01 1.257422270147374732e+01 1.274669870164606955e+01 1.292250185256853889e+01 1.300059338951654730e+01 1.321265586505562339e+01 1.326681432365331048e+01 1.352976508076522855e+01 1.356374886588519679e+01 1.368772002193190040e+01 1.388127604777904445e+01 1.396820487813673850e+01 1.418713121782010234e+01 1.429195815783208978e+01 1.453826711374254010e+01 1.474455861193933259e+01 1.487657766791285674e+01 1.502404922133982446e+01 1.535222926316085790e+01 1.547389754798332362e+01 1.557737059217401310e+01 1.572568437511480788e+01 1.586686183362958324e+01 1.597582300238780562e+01 1.626603652780920584e+01 1.648214389630189558e+01 1.667857795985273839e+01 1.678842653977691768e+01 1.691827587648795372e+01 1.708880987034073229e+01 1.734426232404302937e+01 1.745239942600706584e+01 1.749499030905015218e+01 1.780842475064014963e+01 1.819949904677010366e+01 1.849816184021229404e+01 1.883392389287292801e+01 1.908646264650016278e+01 1.940327951212583812e+01 1.983592966265350199e+01 2.007840314275099658e+01 2.050750858585701408e+01 2.093258519413616270e+01 2.145369255900297389e+01 2.163462573639605679e+01 2.208111672939804748e+01 2.234073127578349016e+01 2.274552692607179338e+01 2.280343810410814598e+01 2.315436924732078694e+01 2.347560780607835795e+01 2.381191687864066608e+01 2.453755166560714329e+01
9.540876488006286849e-01 1.035139088863137324e+00 1.108522489030403513e+00 1.511066756653548726e+00 1.625837140371707790e+00 1.799733914683383063e+00 1.940170906166581499e+00 2.057908359602101278e+00 2.160899844482710996e+00 2.218258380626368265e+00 2.279975331616249878e+00 2.412341978965249822e+00 2.559996956730277162e+00 2.565687600084870734e+00 2.676471575740724251e+00 2.786137301882693151e+00 2.819010809512528137e+00 3.015714702871886921e+00 3.149430985722807552e+00 3.226009183227636079e+00 3.339208788365551683e+00 3.372228183767986831e+00 3.568454245012020909e+00 3.638971895974339343e+00 3.684092639655578871e+00 3.861753442729444430e+00 3.953581739930289718e+00 4.029489180105153778e+00 4.176219401064225956e+00 4.302889184384980581e+00 4.404015447642230185e+00 4.458566880104274155e+00 4.576821748639215315e+00 4.664692239373252391e+00 4.787728119125773674e+00 4.927650913316888648e+00 5.035042651654179302e+00 5.125564629453712939e+00 5.265745735561048413e+00 5.324768121621957562e+00 5.570707479538900664e+00 5.670326298500536488e+00 5.767079240197976020e+00 5.872880075729932869e+00 5.962094887924749287e+00 6.181157994820456025e+00 6.257412249009478344e+00 6.323460903777252895e+00 6.435965584152242513e+00 6.573448207050364367e+00 6.676688266229797719e+00 6.781898664232734575e+00 6.932483057736700260e+00 6.999226226028688380e+00 7.216846542694431932e+00 7.332957077539298041e+00 7.541787584932442279e+00 7.642585586554178079e+00 7.791218125763160529e+00 7.887562185325045938e+00 8.093877668578553397e+00 8.134565890770790730e+00 8.257931489046796969e+00 8.355936232901548522e+00 8.561213079424812022e+00 8.657327186418340759e+00 8.854093677938807971e+00 9.070279204393168371e+00 9.186734998782002393e+00 9.253507080538948770e+00 9.499788916540959249e+00 9.612451148359404840e+00 9.695251267604730216e+00 1.006503095339875209e+01 1.009491877388070513e+01 1.025151000845407268e+01 1.029349140966900045e+01 1.046231062829104275e+01 1.054950982692117201e+01 1.071414407891174569e+01 1.084589781280549303e+01 1.107785271096308932e+01 1.122714460775791423e+01 1.135772607561314373e+01 1.141968899061371800e+01 1.158913035104699851e+01 1.175491465891109755e+01 1.183854588611411529e+01 1.200432782462424797e+01 1.227276494727002998e+01 1.238609777273735801e+01 1.251174977504013164e+01 1.256959212319415187e+01 1.272989662280395784e+01 1.291318414580069884e+01 1.301876140183848918e+01 1.321055390084063852e+01 1.328446190498337565e+01 1.352594194885536183e+01 1.356237904108995629e+01 1.370295729140951835e+01 1.387578538718377885e+01 1.395891340657525603e+01 1.414889886064131197e+01 1.429215482773687995e+01 1.451877760055709210e+01 1.472875659326370368e+01 1.483474844406217841e+01 1.503939349946559112e+01 1.532736276048509438e+01 1.546806253476917270e+01 1.557905261640781092e+01 1.571739537290198641e+01 1.586605333546728147e+01 1.598494646560002685e+01 1.623278061840180797e+01 1.641275117501360725e+01 1.665726022877610646e+01 1.675147929837132921e+01 1.693387713955200624e+01 1.706301429202334674e+01 1.732512770751348441e+01 1.744075192248334716e+01 1.750797432444028345e+01 1.779894903913578119e+01 1.815392662000088464e+01 1.847973427795312062e+01 1.873264218108918300e+01 1.903496956251559524e+01 1.934373852678656291e+01 1.986934353122850894e+01 2.014505126384901956e+01 2.049891871614861572e+01 2.092310907752631621e+01 2.140579798731208783e+01 2.161492425239481818e+01 2.206391137735173658e+01 2.236833613574316360e+01 2.267865139288660714e+01 2.280706456017976080e+01 2.314883872606327131e+01 2.345891089134052621e+01 2.379645913298828575e+01 2.453144824025083537e+01
8.509185322148814512e-01 9.133721776427611294e-01 1.040158893099858206e+00 1.461607904970880112e+00 1.641776366459515968e+00 1.799159262309792950e+00 1.911511631735929528e+00 2.032966922413943056e+00 2.164117961613938768e+00 2.220353315078283707e+00 2.292161729031609863e+00 2.396762880876464497e+00 2.548290021389745252e+00 2.588484615599932592e+00 2.691000255066304359e+00 2.762342500862361216e+00 2.847517992774475371e+00 3.041390145895791264e+00 3.154602746925251555e+00 3.243918609168671363e+00 3.350182430071082962e+00 3.393678537468838741e+00 3.578574701715960593e+00 3.641619066507914226e+00 3.689919305175925146e+00 3.875811571892022300e+00 3.931170246106625576e+00 4.043046619390709751e+00 4.198645634081882960e+00 4.278404048608132726e+00 4.395597830236784631e+00 4.464867905746201515e+00 4.560075918522162652e+00 4.661579827012829469e+00 4.773373727658733578e+00 4.914047336010129108e+00 5.015635043978810437e+00 5.134168088971911459e+00 5.274652878904234399e+00 5.328486442149691804e+00 5.570197506834918322e+00 5.660848626992201815e+00 5.794759325687478757e+00 5.869456447173440061e+00 5.978887487819131152e+00 6.170463753731888268e+00 6.262513959369032435e+00 6.338584874168691208e+00 6.444425005218668012e+00 6.571859763619864125e+00 6.697317089915907573e+00 6.793391059058709658e+00 6.943325154414186073e+00 7.005270173004589651e+00 7.209840143354613318e+00 7.338821792153002121e+00 7.521901903306447146e+00 7.623230236884679378e+00 7.801686305773708696e+00 7.887752406918327353e+00 8.075552360227911564e+00 8.142875380843262789e+00 8.258593871124226382e+00 8.357114676043162049e+00 8.558255751235018138e+00 8.658823584243121374e+00 8.841213407375100530e+00 9.056244250955213460e+00 9.186581916233553358e+00 9.250164945234827130e+00 9.510226730719008259e+00 9.615841682460784412e+00 9.716370653347624398e+00 1.006958495492342109e+01 1.010165236351115148e+01 1.022920011898581016e+01 1.031184417472336357e+01 1.046750040704743689e+01 1.053366017521275921e+01 1.074064655090865195e+01 1.089551247946111801e+01 1.106905811054754096e+01 1.122142797557697413e+01 1.132838741246666281e+01 1.141769881764486527e+01 1.158668101364807868e+01 1.174767613951554246e+01 1.181857058083066825e+01 1.198736639546637406e+01 1.222393395460170673e+01 1.236617666517908454e+01 1.250364946921560083e+01 1.256373810756738152e+01 1.272024879230616712e+01 1.288737715226271163e+01 1.304200181334268649e+01 1.321520294399021367e+01 1.330539109854431423e+01 1.352008771294912215e+01 1.355835525620562265e+01 1.371302401402335924e+01 1.386387151971788967e+01 1.394325029521326975e+01 1.411548145494099948e+01 1.429133533561167013e+01 1.448898121808265671e+01 1.468850146325946149e+01 1.479520223907317700e+01 1.503960915782288232e+01 1.529100329186010399e+01 1.545989845735390134e+01 1.558541913507164445e+01 1.570609634554747736e+01 1.585011178826586864e+01 1.599338743043227495e+01 1.617042158371780047e+01 1.633464234806580251e+01 1.662685631266301201e+01 1.673021319628026404e+01 1.695827913130043996e+01 1.703751367601995170e+01 1.730806533051077167e+01 1.742230484948846581e+01 1.751448250301491427e+01 1.778536143372518552e+01 1.809496846744719889e+01 1.845302415260724160e+01 1.861757100939856002e+01 1.900226801539258048e+01 1.929746892607141007e+01 1.989367333500297974e+01 2.020802156305380848e+01 2.049714678379112698e+01 2.091110852491718219e+01 2.135386444976261799e+01 2.158626409981884109e+01 2.204684474798446203e+01 2.239678132375893327e+01 2.261904427314242838e+01 2.281903324612850525e+01 2.313944765746438037e+01 2.343029694607538360e+01 2.377140645003625608e+01 2.451861530382017307e+01
7.283905675260070600e-01 7.726979807985127069e-01 9.350880133663610483e-01 1.428896864414831436e+00 1.643806423113446380e+00 1.797198306830180226e+00 1.860719727450034888e+00 2.025837809546346513e+00 2.169837574797054636e+00 2.234413631917765652e+00 2.304519305999015444e+00 2.383998328901194785e+00 2.536845703440432587e+00 2.611114432018864839e+00 2.713130866770464777e+00 2.743796407693344097e+00 2.875864056148365044e+00 3.067342175995475539e+00 3.155408693759242045e+00 3.270412593178310345e+00 3.353295924806730000e+00 3.416471682166181356e+00 3.577684939701490485e+00 3.643736501814428763e+00 3.697682195122792947e+00 3.878938283370869655e+00 3.930113289636923746e+00 4.056080662999210773e+00 4.208932796407125920e+00 4.255081947763451389e+00 4.400420553653637157e+00 4.472761651225460433e+00 4.538295845499651371e+00 4.639045919780561356e+00 4.771614614630919071e+00 4.895534738200859159e+00 4.999635394763504159e+00 5.143294366869966439e+00 5.286910694893732554e+00 5.332062025956599172e+00 5.562915208574250592e+00 5.658226570639035558e+00 5.811723118016432821e+00 5.869073731437868702e+00 5.994116242062794697e+00 6.162365346836051749e+00 6.262240898841947789e+00 6.360457883209575947e+00 6.456978497252125138e+00 6.567673250706172361e+00 6.720181124849683663e+00 6.809899191376159067e+00 6.940852524799092649e+00 7.020629857991383282e+00 7.206297128655953621e+00 7.341189489086717757e+00 7.501934883100691565e+00 7.598252423234988839e+00 7.795806285477272723e+00 7.892587783266380441e+00 8.057033597400497626e+00 8.147563031136884959e+00 8.255320665100471800e+00 8.368523772004037298e+00 8.556510013955136884e+00 8.650498867286032123e+00 8.838025394575417693e+00 9.035321603849954641e+00 9.165560778243330375e+00 9.253614734391364394e+00 9.522364355640792866e+00 9.617550263970951363e+00 9.743044111985497580e+00 1.007816821174895949e+01 1.011016653878601090e+01 1.020227507271882850e+01 1.033465151318888253e+01 1.045935278862065587e+01 1.052488964216137290e+01 1.076524466482212006e+01 1.094775300696491271e+01 1.104733034605505182e+01 1.121086791280712447e+01 1.128640585005731012e+01 1.143416069781880395e+01 1.158395816856115879e+01 1.173323725155480091e+01 1.178877595482458140e+01 1.197088750554978631e+01 1.216595031288813900e+01 1.232903965658380407e+01 1.249204061392380716e+01 1.255583385479117808e+01 1.271432316804058260e+01 1.284843603514305244e+01 1.305682007541951073e+01 1.322851495135234678e+01 1.333311977898542899e+01 1.350838789513881544e+01 1.355150522366041521e+01 1.371712787854312054e+01 1.383013566728457278e+01 1.392075487043832993e+01 1.410002103280748820e+01 1.429060121253534099e+01 1.444780667441083288e+01 1.461229222330454469e+01 1.476302695252810082e+01 1.501616518292025582e+01 1.525258447673771123e+01 1.545288975857445202e+01 1.558457461905951114e+01 1.569553466932736896e+01 1.581034211778765552e+01 1.599528370070464689e+01 1.610642861507029977e+01 1.629424521248799707e+01 1.659827492997814602e+01 1.672025938179499249e+01 1.698204864476728559e+01 1.702031258743137698e+01 1.729469498568208508e+01 1.739185437216540819e+01 1.751476452476137524e+01 1.777245859655169014e+01 1.803369051032243320e+01 1.842021003719939642e+01 1.852514983485162503e+01 1.898381817273136818e+01 1.925921725923842942e+01 1.991391573862687281e+01 2.025185880742794708e+01 2.050959548023854850e+01 2.089834240161965440e+01 2.130629622174701865e+01 2.155198883332075965e+01 2.203304628986899871e+01 2.241903441811839670e+01 2.258074010744055116e+01 2.283579920376459782e+01 2.312865191483321325e+01 2.339033182096837038e+01 2.373812040641721310e+01 2.449746667589529636e+01
5.920769053055876530e-01 6.260945013447183349e-01 7.834870398634586897e-01 1.424439661111606581e+00 1.626076990523382060e+00 1.784525896506775178e+00 1.833788005254318065e+00 2.019345417041753965e+00 2.167821755992684452e+00 2.256229865626696363e+00 2.312431731590876005e+00 2.386111004800151925e+00 2.526688256231330865e+00 2.625447629043927478e+00 2.727240736656181941e+00 2.744585726154739724e+00 2.909971583718807153e+00 3.081403468456447303e+00 3.159401251704088143e+00 3.297802353136767728e+00 3.353664344401488417e+00 3.439414830433141557e+00 3.574026238706542902e+00 3.640496123055204425e+00 3.692945048454503887e+00 3.881206432411977492e+00 3.947349586781957687e+00 4.060855410638059659e+00 4.206784660851430324e+00 4.250301998211781118e+00 4.402529220187139991e+00 4.477806301980409742e+00 4.520079466770104304e+00 4.610095666513545964e+00 4.773026292880615529e+00 4.875027703246442634e+00 4.988804835456735809e+00 5.151540642518236623e+00 5.296475437549077903e+00 5.339037079195956714e+00 5.548330979095497995e+00 5.665169030938911554e+00 5.810349902755618245e+00 5.876646141702668302e+00 6.005156828606831532e+00 6.157790523430122676e+00 6.257688194390895298e+00 6.386143846907437194e+00 6.470487058550459025e+00 6.564231008069644879e+00 6.743097350435458992e+00 6.828049843193471524e+00 6.928388736851067264e+00 7.041024795598463726e+00 7.207243305860413507e+00 7.339310373353947980e+00 7.481558749130448938e+00 7.568870714347935902e+00 7.777785310107860006e+00 7.898440224328393988e+00 8.041710316696809357e+00 8.147277180047410639e+00 8.248022358440627144e+00 8.385517944731144979e+00 8.555022308363916750e+00 8.637170870316023041e+00 8.836870594521347044e+00 9.010106801747500782e+00 9.137907349294343007e+00 9.253067880096526920e+00 9.524274241373033689e+00 9.625051688229030233e+00 9.771453999414831060e+00 1.008477782599421602e+01 1.012092726442569735e+01 1.017913457687639145e+01 1.035255515416095662e+01 1.043109461527134485e+01 1.052958457824614591e+01 1.078832479519273591e+01 1.098113837962651118e+01 1.102054183592539260e+01 1.119337575407577923e+01 1.125362320604293309e+01 1.144699681782203626e+01 1.158182521666101117e+01 1.171230278890318388e+01 1.175591705546956867e+01 1.195344288064475791e+01 1.209867145697014834e+01 1.226373320814460222e+01 1.248013651893833220e+01 1.254621167518761027e+01 1.270539893778470386e+01 1.279639904370054104e+01 1.306558425465102147e+01 1.324852201276817532e+01 1.336391737951255188e+01 1.349171049060601391e+01 1.354226493697668765e+01 1.371180408187803756e+01 1.376854595334098796e+01 1.390590875179667485e+01 1.410076273754705056e+01 1.428392688411315881e+01 1.439984769622628846e+01 1.452139323745317689e+01 1.473279844052939858e+01 1.498057342144238291e+01 1.522660099047180893e+01 1.544823363233907898e+01 1.556078087547581568e+01 1.569204011696735535e+01 1.577900999422121231e+01 1.599078545390087491e+01 1.608759269460359675e+01 1.627942082940687030e+01 1.657483383580150971e+01 1.671448144095482746e+01 1.698456902662359980e+01 1.702835353397942697e+01 1.728607752629321581e+01 1.734910109991426452e+01 1.751271970764749142e+01 1.776490264191929569e+01 1.797856975248887679e+01 1.838540170834032139e+01 1.846369178572655301e+01 1.897361898553974413e+01 1.922812204085424170e+01 1.993149912854058314e+01 2.026898473067775086e+01 2.053955448725474398e+01 2.088735359199927188e+01 2.126739328523118644e+01 2.151884170927235473e+01 2.202362851227772111e+01 2.242967790080985679e+01 2.256510440277335761e+01 2.285692218775186291e+01 2.311856827568243133e+01 2.334070783538770044e+01 2.370085677187657680e+01 2.446904240712150980e+01
4.470369990898528934e-01 4.754421974366479509e-01 6.023058085079638913e-01 1.439546606629766190e+00 1.596964460396853802e+00 1.758130849406283724e+00 1.834019104507783604e+00 2.017005737746120797e+00 2.156364466813828429e+00 2.272601202429457068e+00 2.331719268262137046e+00 2.393919591080213571e+00 2.518487394966346660e+00 2.629214286565463521e+00 2.725449243362243923e+00 2.766407330281571930e+00 2.950369649767948133e+00 3.083117158100908473e+00 3.168271770398661591e+00 3.316262973593889107e+00 3.357699595099822965e+00 3.462585725893668087e+00 3.567040019267412543e+00 3.631068906741914404e+00 3.677609903517913281e+00 3.891513530105265239e+00 3.968800850500750599e+00 4.058622199252216234e+00 4.201668688503525040e+00 4.259378756843190672e+00 4.394373814865845773e+00 4.470092352331473506e+00 4.513656860287616368e+00 4.589876893555008053e+00 4.769118255231250103e+00 4.855605111350202563e+00 4.983252105701715173e+00 5.158467687637190657e+00 5.296875458882594145e+00 5.353336991947708512e+00 5.530344996047960926e+00 5.677944787409392902e+00 5.797754453866140523e+00 5.885319429469115349e+00 6.011741811409404335e+00 6.156418757377120521e+00 6.250213471712402047e+00 6.411519943154219803e+00 6.481223999239009714e+00 6.565330559947711642e+00 6.761512787082631704e+00 6.842536514303555251e+00 6.919321635834664086e+00 7.057179538039127564e+00 7.212697734490687296e+00 7.333766008730573382e+00 7.458286070045917704e+00 7.540709990558438491e+00 7.752821030929306190e+00 7.901230054943209957e+00 8.028519878249621655e+00 8.145178023767897457e+00 8.237877491372756822e+00 8.401177310275564025e+00 8.551397209545145373e+00 8.624948814992089652e+00 8.830222693707753479e+00 8.985295021248470348e+00 9.108762268625360647e+00 9.248329473926265365e+00 9.509964960759356600e+00 9.640337163467945558e+00 9.797419334589259066e+00 1.007993348843432813e+01 1.013241196988183823e+01 1.017074472978769606e+01 1.034700782163265131e+01 1.040815985353792250e+01 1.052455406795453463e+01 1.081420586200807499e+01 1.093979946444482287e+01 1.104012923837776583e+01 1.117758070182681962e+01 1.123176656869380707e+01 1.144488207050239126e+01 1.157156860415677357e+01 1.169864252455007581e+01 1.172146821883237777e+01 1.192934019756194886e+01 1.202253270477113034e+01 1.217961761409258870e+01 1.246906976165179337e+01 1.253687504257144525e+01 1.268380788066638942e+01 1.275561736607860830e+01 1.307718646722652167e+01 1.326984178691717986e+01 1.337563909835847653e+01 1.348774142359748041e+01 1.353127636695541725e+01 1.366793123409981980e+01 1.374380224958362717e+01 1.390042386617769843e+01 1.409700752786081246e+01 1.426364252114064968e+01 1.436772647450983342e+01 1.445440539180878048e+01 1.470358841467123057e+01 1.495461726889878662e+01 1.521296569819824640e+01 1.544459072697721602e+01 1.552992641531947804e+01 1.568236358683669174e+01 1.578895707553005323e+01 1.598364640793040792e+01 1.609255533091817725e+01 1.627672229356172195e+01 1.655622388405061329e+01 1.671040677544492326e+01 1.697496713878105368e+01 1.704791536443824285e+01 1.728039999003766880e+01 1.730539982818261535e+01 1.751085902840543795e+01 1.776102574354178287e+01 1.793236507638647836e+01 1.835426371075436691e+01 1.842642792797624551e+01 1.896750084460233410e+01 1.920493524446082390e+01 1.994645540488410873e+01 2.026450968663760932e+01 2.057893898922058185e+01 2.088098717226953127e+01 2.123769893668167441e+01 2.149338796649888650e+01 2.201835588299195123e+01 2.243041635786563504e+01 2.256375695949083138e+01 2.288126968793407556e+01 2.311100928409295463e+01 2.328464876531771921e+01 2.366531856783867482e+01 2.443732496365857187e+01
2.969358962403574886e-01 3.209642373753565092e-01 4.071782404286574675e-01 1.462333074117302401e+00 1.569988100899242234e+00 1.732193176129657619e+00 1.841497811053599110e+00 2.016493635496379611e+00 2.143430302035984614e+00 2.281456354239529194e+00 2.360484616534628266e+00 2.400643792953954136e+00 2.511581488096316317e+00 2.625129741005666428e+00 2.723637473970319967e+00 2.786223772346623218e+00 2.992893154009694801e+00 3.078694759174752882e+00 3.175292779952940680e+00 3.322028943527736811e+00 3.372738064204681585e+00 3.481643421420650419e+00 3.550496086790977390e+00 3.617754798583511455e+00 3.666502112232328692e+00 3.901191063371833412e+00 3.988255345038039579e+00 4.060184733745615837e+00 4.198250906004023619e+00 4.267616791580372215e+00 4.381112076999045257e+00 4.456352375192397020e+00 4.514887879759150735e+00 4.577225292368938270e+00 4.761739649123037488e+00 4.838067399407394831e+00 4.981841062354408045e+00 5.163923403946131252e+00 5.290935989238755077e+00 5.370154693062025864e+00 5.513474335847112329e+00 5.691045432487444877e+00 5.782623060423582650e+00 5.889563606427596909e+00 6.015260894129576208e+00 6.157445536952384835e+00 6.240872361051884809e+00 6.432339299338786454e+00 6.488468062265098979e+00 6.570747254887022493e+00 6.770816228353266908e+00 6.848452634852415066e+00 6.924307415379487907e+00 7.064125313573454079e+00 7.221920684596290663e+00 7.326173441751758553e+00 7.431404628139947732e+00 7.520169747825383055e+00 7.723596620184078887e+00 7.900807003536042927e+00 8.014905508192471828e+00 8.143889897904118769e+00 8.227282651455109175e+00 8.411078645388560204e+00 8.544616449546706960e+00 8.618130352154748763e+00 8.817851334573006739e+00 8.960914366917652529e+00 9.081752281134381377e+00 9.244667058300478857e+00 9.487257604354692120e+00 9.654161131829061659e+00 9.818196117373178211e+00 1.006490549065714646e+01 1.013550530085887402e+01 1.018384962848311304e+01 1.030715110386114475e+01 1.040692842201148771e+01 1.049441644662037376e+01 1.084685778055809102e+01 1.089480481726654304e+01 1.104852657205411326e+01 1.117557554973631184e+01 1.121520996975467099e+01 1.142908120027291652e+01 1.154073433038407082e+01 1.166516488409398278e+01 1.172570047286217942e+01 1.188992721217107729e+01 1.196227075934470996e+01 1.211432200389522862e+01 1.245950369526760504e+01 1.253049881130400145e+01 1.265601400110503327e+01 1.274128429380532701e+01 1.309287335290927423e+01 1.328514450535936220e+01 1.336212604361364420e+01 1.349522449003896263e+01 1.352855655399658730e+01 1.362722532163568268e+01 1.374590898841009157e+01 1.390141413259219227e+01 1.407167559188356520e+01 1.425480762659975120e+01 1.435011757308991065e+01 1.442024635403003430e+01 1.467890706824287328e+01 1.494161697907025044e+01 1.520585792643065837e+01 1.544024529296969028e+01 1.551023624995261585e+01 1.566688210481197352e+01 1.582225582969436495e+01 1.597207251868769795e+01 1.610301539795332104e+01 1.628027451881192889e+01 1.654222754313225963e+01 1.670733755882072558e+01 1.696678842563660083e+01 1.706215192859535534e+01 1.725628095670175810e+01 1.729214093969997990e+01 1.750981304263581606e+01 1.775519708214118708e+01 1.789880864905019209e+01 1.833129208030375423e+01 1.840499324968918060e+01 1.896314590986547799e+01 1.918976789190456600e+01 1.995831800924266375e+01 2.025028160996314597e+01 2.061444874009519168e+01 2.088060862982044341e+01 2.121626342437331658e+01 2.147860398921089242e+01 2.201642196333732215e+01 2.242725976237829144e+01 2.256590536533618874e+01 2.290580492156536607e+01 2.310807398276704561e+01 2.322809748560366927e+01 2.363671291548809350e+01 2.440822197419450390e+01
1.429228396555084768e-01 1.631211291819033571e-01 2.074383195611634867e-01 1.481972458461745079e+00 1.553478107547104692e+00 1.712661216420316324e+00 1.848358103968075428e+00 2.014990829189088117e+00 2.135816047895354064e+00 2.286065011278358039e+00 2.382912610544393850e+00 2.407966836765544461e+00 2.505024496670138934e+00 2.618783651746373398e+00 2.721832197482924709e+00 2.799621558629373563e+00 3.029814302549743932e+00 3.073724555491252897e+00 3.172121016851036757e+00 3.326518057509188164e+00 3.394943944812833347e+00 3.482618626428338526e+00 3.533434910569021703e+00 3.607873232784080564e+00 3.662672596132170888e+00 3.905643544024474334e+00 4.001448090970461280e+00 4.068392212680008946e+00 4.195569371236563150e+00 4.268841964313193849e+00 4.368358679002542821e+00 4.456081759416568921e+00 4.512723912013857586e+00 4.565016204352684070e+00 4.757493796930859276e+00 4.823449011746797410e+00 4.982410370428789648e+00 5.167535315120181494e+00 5.284176677272898637e+00 5.383094384485949568e+00 5.501482251585191108e+00 5.700206601228398284e+00 5.770436847265855818e+00 5.890135677110875712e+00 6.017074056921443592e+00 6.159681081550613335e+00 6.232099841915137439e+00 6.445446130599907342e+00 6.493492859403552586e+00 6.576180892329168692e+00 6.772370683300518834e+00 6.848883842366187302e+00 6.937142788531639681e+00 7.063556522003285210e+00 7.232166116105586795e+00 7.318718310083886180e+00 7.407244012809843348e+00 7.509156988157206669e+00 7.696504347924983946e+00 7.898757648049460123e+00 8.002358555500002524e+00 8.144381240329996885e+00 8.219298237040709054e+00 8.414793225404464394e+00 8.537986985197024481e+00 8.616650159829244870e+00 8.806480028035805319e+00 8.936598858577335491e+00 9.064195657177068099e+00 9.244901852638667705e+00 9.466822938482019723e+00 9.660922636510882455e+00 9.832360956662629548e+00 1.004972764348185343e+01 1.013457357072661758e+01 1.020011394180831310e+01 1.026670991455863735e+01 1.040900834869164271e+01 1.045699022430003211e+01 1.086595071165409720e+01 1.088871342204219772e+01 1.104217825179137336e+01 1.116121251439150619e+01 1.122221489418606666e+01 1.140848495412280350e+01 1.150491373527818872e+01 1.162748497293471672e+01 1.175957228865837045e+01 1.184992465038540921e+01 1.193085349026875086e+01 1.207980698822136745e+01 1.245288893689561327e+01 1.252759547914326710e+01 1.263868132564052260e+01 1.273747031770455607e+01 1.310711656718178730e+01 1.328733496129139802e+01 1.335431255127219785e+01 1.348609223447882854e+01 1.353811037519590776e+01 1.361485326541867025e+01 1.374963870250398124e+01 1.390723381771418410e+01 1.403868684865102345e+01 1.426660388320846273e+01 1.432739922311492542e+01 1.441134536405189337e+01 1.466230281878735298e+01 1.493641098814812196e+01 1.520234088294717800e+01 1.543585331421250828e+01 1.550215980817406880e+01 1.565455322886603895e+01 1.585684140273492559e+01 1.595635129165148847e+01 1.611138151136120555e+01 1.628535816586392571e+01 1.653327585954443890e+01 1.670527534879202491e+01 1.696162546008034511e+01 1.706927778503144211e+01 1.723156384386352258e+01 1.729540586006514502e+01 1.750961941992720128e+01 1.774624959979897199e+01 1.788104093121047100e+01 1.831765833212187644e+01 1.839406124140452548e+01 1.896012746746259836e+01 1.918158286305739679e+01 1.996620115509575299e+01 2.023692643402231539e+01 2.063727712493138355e+01 2.088392773920825718e+01 2.120283986460292525e+01 2.147274592986617847e+01 2.201646975825608621e+01 2.242405763168703814e+01 2.256685453879203251e+01 2.292521026095039716e+01 2.311231418125539250e+01 2.317991288620741130e+01 2.361847648973851221e+01 2.438778096330523937e+01
-1.124391338711536658e-03 -8.999220897777843219e-04 1.192835768231195347e-07 1.489541025624283144e+00 1.548596936196647844e+00 1.705060811614796723e+00 1.851072584363098406e+00 2.013939390445707023e+00 2.133693277335924954e+00 2.287507167726744228e+00 2.389480523663892519e+00 2.413527271998523460e+00 2.501653468454275497e+00 2.615851120003374941e+00 2.720952771573863949e+00 2.804382418101442287e+00 3.046343552497278839e+00 3.071710656142129903e+00 3.166547393533232668e+00 3.329705028330653072e+00 3.410966492000014227e+00 3.469240593554997254e+00 3.531431502078469897e+00 3.604166409172857577e+00 3.661964249408712568e+00 3.906668311811578587e+00 4.006104750859970309e+00 4.073414417616725736e+00 4.194232087679083953e+00 4.267914286933260470e+00 4.362380983980811422e+00 4.463044114112069138e+00 4.506982279648363843e+00 4.559479511407877439e+00 4.756955451230393983e+00 4.817138728634810185e+00 4.982870789164882019e+00 5.168815175866086520e+00 5.281221814396152681e+00 5.387942346831790630e+00 5.497138976270709243e+00 5.703386970568133485e+00 5.765692372837314394e+00 5.889869790462600285e+00 6.017669667723400728e+00 6.160936037170615442e+00 6.228281743320989605e+00 6.449832536981594977e+00 6.495507266657641665e+00 6.578270988250796592e+00 6.771980032794796323e+00 6.848617688151577454e+00 6.943473707606227840e+00 7.062076284293875794e+00 7.237191921323264943e+00 7.315149933179273312e+00 7.397120939601427025e+00 7.505943431451827408e+00 7.684765812756799264e+00 7.897556361217884735e+00 7.997081938867128592e+00 8.145070415032321876e+00 8.216327204448965915e+00 8.415338608048910984e+00 8.535404927998868629e+00 8.616889592300417178e+00 8.802071290523302949e+00 8.925205454378488668e+00 9.058643308128297988e+00 9.245961593954392654e+00 9.458491842584093590e+00 9.662390670454380270e+00 9.837676587795462169e+00 1.004339456473663716e+01 1.013392406615038865e+01 1.020401129255384198e+01 1.025333792270378908e+01 1.040960179618746828e+01 1.044103741536802232e+01 1.086224607134779241e+01 1.090424735236255849e+01 1.103720720929968735e+01 1.114927059986541558e+01 1.123159945941740290e+01 1.139763101050754912e+01 1.149009503709965685e+01 1.161422862945533829e+01 1.178469584489758937e+01 1.182663442902236817e+01 1.191976313756814854e+01 1.206947744309954906e+01 1.245053164896778775e+01 1.252687589935146129e+01 1.263321125289853164e+01 1.273667417015608549e+01 1.311299345330630750e+01 1.328476796100071589e+01 1.335471848153637175e+01 1.348013842685500663e+01 1.354067755427770692e+01 1.361531022148367498e+01 1.375109885538515719e+01 1.391141915946768925e+01 1.402344236873234351e+01 1.427894326009444725e+01 1.431170461258191295e+01 1.441070062137663754e+01 1.465641918711772895e+01 1.493510380777933833e+01 1.520127864305406895e+01 1.543398027547980966e+01 1.550034801077460322e+01 1.564990259983003540e+01 1.587389978657469847e+01 1.594642178685529821e+01 1.611442605538078965e+01 1.628768701019503595e+01 1.653015342110614583e+01 1.670452879672531665e+01 1.695985808582318199e+01 1.707120381594813097e+01 1.722286409409283436e+01 1.729741034990763637e+01 1.750971612798765520e+01 1.774153371930269074e+01 1.787608545544619076e+01 1.831315756041042064e+01 1.839074449462495053e+01 1.895900388075326859e+01 1.917904721520812572e+01 1.996900921166784215e+01 2.023160719803745167e+01 2.064488411221467956e+01 2.088593340525784114e+01 2.119819148724311830e+01 2.147154512931986758e+01 2.201677710306081437e+01 2.242274153851012031e+01 2.256689883824675746e+01 2.293284535148580616e+01 2.311977589883670348e+01 2.315594819599491672e+01 2.361225031411072450e+01 2.438042942869087781e+01
6.645436226858658646e-02 1.584980668570281914e-01 2.701160531773147966e-01 1.485772977772588765e+00 1.551002365987717013e+00 1.710927458399621237e+00 1.853079595275905822e+00 2.015210923634973561e+00 2.136652113308017853e+00 2.284433853789726410e+00 2.388371040304085202e+00 2.420674950135085268e+00 2.504613584858006892e+00 2.615904403743828599e+00 2.724399553619928582e+00 2.803736829293866251e+00 3.030804284939561999e+00 3.084673441996566901e+00 3.168387196096630998e+00 3.328501983157751809e+00 3.406101263380861610e+00 3.467046613932118770e+00 3.532568444982936207e+00 3.609609198072247338e+00 3.658810377368193922e+00 3.897196565666241952e+00 3.998128307666731107e+00 4.073509180167269150e+00 4.192227707809068171e+00 4.266910021683815835e+00 4.367423745178667716e+00 4.457342985567868787e+00 4.518245212058679350e+00 4.558944808239326463e+00 4.757327033111937276e+00 4.816777853475613824e+00 4.979026392856196637e+00 5.170026396266942825e+00 5.282137197633142378e+00 5.389413719122903679e+00 5.492935622888385439e+00 5.702343971895366792e+00 5.770668154377934123e+00 5.889548748931002997e+00 6.017445312350012010e+00 6.157675085847635899e+00 6.230634073133056283e+00 6.451064272665778532e+00 6.493790461272738845e+00 6.573502513078874010e+00 6.769483252885257762e+00 6.853288907415326037e+00 6.946902290830547777e+00 7.063601597455553716e+00 7.235673939348951755e+00 7.315254408869868996e+00 7.406256131838884649e+00 7.509860196575520064e+00 7.690973511537115392e+00 7.888788347537211365e+00 8.002091540199224085e+00 8.143493746743510897e+00 8.225272666905047103e+00 8.418362539333005046e+00 8.533924640010528861e+00 8.617089907362128542e+00 8.801889208892841765e+00 8.929032769874911679e+00 9.066896563994317759e+00 9.259370765332896269e+00 9.466328911734754215e+00 9.651218822087500371e+00 9.848755702872288964e+00 1.004600368633538210e+01 1.013049985151453747e+01 1.020088621251651873e+01 1.025604463075311479e+01 1.041153074467258399e+01 1.045466328703274606e+01 1.086063207085621052e+01 1.090043246982868119e+01 1.104663805189010439e+01 1.115405566014134209e+01 1.123105337002043846e+01 1.140632616457133786e+01 1.148478631617362034e+01 1.162107306968332843e+01 1.178102691691292847e+01 1.182814504944856004e+01 1.192445094988371501e+01 1.207686436871468949e+01 1.245335167573091795e+01 1.252993081931326280e+01 1.262979038816653876e+01 1.273904974320801031e+01 1.310846397453559575e+01 1.328366092128798037e+01 1.335384063467852833e+01 1.348345110622319076e+01 1.354269761977197106e+01 1.361126429859390541e+01 1.375574834688236159e+01 1.391895542039654465e+01 1.402251046652843591e+01 1.426548128222660416e+01 1.432629248599046434e+01 1.441800913552012986e+01 1.466051017046223492e+01 1.493691862379957414e+01 1.519944892339078990e+01 1.543047590610610875e+01 1.550389035990851916e+01 1.564758885187095316e+01 1.585960077273337632e+01 1.596476361550765866e+01 1.611070000416255610e+01 1.628989412068004583e+01 1.652310256572402380e+01 1.670592987638795890e+01 1.695098433022090845e+01 1.707198572215950350e+01 1.723928267231932665e+01 1.730106501834572086e+01 1.751316035811746019e+01 1.773488490248175253e+01 1.788507102697912643e+01 1.831197937777254836e+01 1.839851348940638687e+01 1.896029684482810040e+01 1.919383951422537748e+01 1.995622324507451140e+01 2.024166013205250891e+01 2.064306117991033318e+01 2.088644938047280775e+01 2.119929651891025557e+01 2.147354647228881674e+01 2.201494357174167504e+01 2.241269797079185366e+01 2.256973642445410277e+01 2.293069622266504481e+01 2.311740009647948568e+01 2.315478789642418533e+01 2.361132738523528829e+01 2.437884078286498379e+01
2.386262941818368399e-01 3.059030661733658230e-01 5.097091511820454057e-01 1.472540171574719725e+00 1.561321923981946025e+00 1.727937498315666565e+00 1.861272018271686646e+00 2.023315808568580287e+00 2.145459450752132291e+00 2.276532258808468434e+00 2.389880203898263833e+00 2.435063844079740747e+00 2.513563601623806765e+00 2.617125794734624922e+00 2.734016953124569049e+00 2.802461732066733990e+00 3.005837487114538131e+00 3.100544957272220792e+00 3.174153487968967013e+00 3.324693876128918202e+00 3.394122308937167709e+00 3.461705256376646389e+00 3.536032783116340728e+00 3.623372741488252391e+00 3.650890130581982085e+00 3.871467452466839099e+00 3.979479635840597052e+00 4.069713473101320922e+00 4.184431414761832890e+00 4.268987667989570411e+00 4.377640226442952809e+00 4.448702028429094568e+00 4.539943944896023709e+00 4.562685896377419503e+00 4.756662286441360799e+00 4.816043027045235903e+00 4.968133592211827043e+00 5.173899098087133552e+00 5.281675820256814369e+00 5.392297520966085500e+00 5.482055260168166022e+00 5.698657363003687415e+00 5.783972065334768153e+00 5.888735989851733521e+00 6.016669580299747189e+00 6.148521989945654909e+00 6.238496914159419759e+00 6.451487667000713522e+00 6.490360804124081895e+00 6.560529115283981305e+00 6.762828733256541547e+00 6.864861253932515339e+00 6.955331233908353283e+00 7.067281200117430551e+00 7.231451553886827810e+00 7.316573517285141826e+00 7.427147501295119802e+00 7.521595041556144778e+00 7.706216326649462545e+00 7.871789685449900098e+00 8.008227856217279950e+00 8.145991843631733786e+00 8.245266539404010331e+00 8.424561999110457222e+00 8.530119671840280304e+00 8.620995264170954187e+00 8.800344312669112767e+00 8.939641050936922184e+00 9.088287660730472339e+00 9.291326962715654503e+00 9.486415469836874337e+00 9.624635706154828441e+00 9.873186678616015399e+00 1.005449787756165314e+01 1.011701215041953716e+01 1.019380447698010350e+01 1.027313081735303868e+01 1.041522117191605901e+01 1.049197911842332509e+01 1.085552677807784683e+01 1.089687167648242294e+01 1.106863246468979867e+01 1.116870486414031305e+01 1.123105350280867931e+01 1.142602889215164907e+01 1.147473864553917799e+01 1.163923026357273294e+01 1.177251759997595748e+01 1.183386854545311451e+01 1.193814344454124132e+01 1.209576746815940673e+01 1.246182199816085401e+01 1.253872660220385349e+01 1.262075837338187156e+01 1.274690008511019812e+01 1.309575421379727445e+01 1.327917826284073932e+01 1.335067775368244192e+01 1.349420136053952035e+01 1.354706292293279546e+01 1.360054765853501557e+01 1.376877603395819527e+01 1.393570845041645256e+01 1.402606671041173492e+01 1.425202771363469623e+01 1.434699008803492148e+01 1.443639653748940077e+01 1.467294459342092416e+01 1.494250844458569283e+01 1.519403567131217514e+01 1.542486080724019359e+01 1.550918822318248047e+01 1.563969330868171781e+01 1.584006099968371473e+01 1.599851686058608102e+01 1.610067256982733142e+01 1.629620241762599520e+01 1.650206067816872491e+01 1.670632181495522417e+01 1.693027732009688435e+01 1.708522072407852477e+01 1.726063502012236484e+01 1.732752189946521071e+01 1.752341763526453278e+01 1.771945002740881492e+01 1.790826972070443901e+01 1.830866574540235447e+01 1.842336029094268923e+01 1.896635584125004570e+01 1.923444820171851433e+01 1.992335771878670769e+01 2.026638581931025840e+01 2.063803980547623595e+01 2.088795180110174599e+01 2.120258655163772943e+01 2.147954182806623535e+01 2.200966165043958611e+01 2.238633945858196128e+01 2.257504437805695829e+01 2.292447128702893622e+01 2.310995259107353306e+01 2.315249361651717308e+01 2.360857132465798713e+01 2.437432456190699881e+01
3.912818870246981273e-01 4.474839517022219382e-01 7.542750117426770817e-01 1.452962700484333736e+00 1.582469402750360299e+00 1.755195028661197698e+00 1.879995218816490121e+00 2.043850014081559419e+00 2.157602175481546869e+00 2.269013024357519281e+00 2.396440258514288324e+00 2.450363491502893343e+00 2.528069348338946032e+00 2.622201527237306706e+00 2.748075874175871292e+00 2.802257342050209932e+00 2.978798817379260999e+00 3.110549253792551649e+00 3.182795168830894195e+00 3.318019195944938993e+00 3.380611876264106197e+00 3.454488180471246395e+00 3.543535255074244716e+00 3.633061303822822108e+00 3.647677776849812314e+00 3.835997743572543417e+00 3.956463516828026439e+00 4.059222721641398302e+00 4.173355510612449137e+00 4.276837971344831679e+00 4.386099092460643334e+00 4.440781947566570409e+00 4.554432312866362409e+00 4.583956253945542514e+00 4.753361114122689912e+00 4.814658675358123752e+00 4.952985960742804394e+00 5.179606323981779781e+00 5.275323347187153900e+00 5.392888237383311356e+00 5.468401309557453516e+00 5.692104973552488900e+00 5.800201237323430625e+00 5.888433381298352920e+00 6.014590730456394141e+00 6.136828582501405727e+00 6.251831451999686706e+00 6.445386401565742496e+00 6.486230472859902285e+00 6.544311029621689535e+00 6.753529905671477707e+00 6.878241679794273367e+00 6.966028904354998552e+00 7.070928182863212896e+00 7.224987267033559313e+00 7.320956879283275320e+00 7.446687502651342605e+00 7.540120807486447418e+00 7.718929388736669672e+00 7.862732607886829150e+00 8.005705302361024067e+00 8.159770463576741406e+00 8.265778351337074170e+00 8.430278114752795204e+00 8.523351418523382961e+00 8.635563371230670526e+00 8.796819471796354151e+00 8.955566968642486358e+00 9.113935572667084983e+00 9.327573915776953939e+00 9.503288910467203365e+00 9.596913395147270265e+00 9.894336747765692053e+00 1.006661706525237676e+01 1.009162374952855679e+01 1.018792951797025204e+01 1.031118172604572969e+01 1.041499556944360094e+01 1.055022814413476517e+01 1.084939840486908125e+01 1.090343143074867704e+01 1.109302720988903523e+01 1.119038131108142586e+01 1.123890858100285683e+01 1.142704587557716778e+01 1.148638573100955185e+01 1.166264012702804997e+01 1.176847662167882191e+01 1.184325525101384358e+01 1.196105810905503830e+01 1.211906679684793886e+01 1.247542151461355786e+01 1.255072823986006902e+01 1.261004001731679480e+01 1.276249497570309188e+01 1.307687513704776450e+01 1.326861964095003366e+01 1.334488008932442682e+01 1.351256346777463513e+01 1.354979769387019317e+01 1.358731939498926700e+01 1.378792301852655022e+01 1.394492675619931354e+01 1.404709425461023642e+01 1.425943112456566908e+01 1.436579206030015499e+01 1.445869378173975583e+01 1.469290728156286008e+01 1.495228569981335731e+01 1.518570770810775805e+01 1.542423271030691545e+01 1.550805935555573178e+01 1.562715246757977816e+01 1.583274212494482747e+01 1.603009565799979441e+01 1.608954878236658104e+01 1.630492328994411366e+01 1.646972839628629970e+01 1.669573899318002574e+01 1.690943595441357061e+01 1.712098597720378734e+01 1.726851425787607042e+01 1.738305377100174098e+01 1.754148422403367746e+01 1.770255591348882618e+01 1.794013807578301822e+01 1.830647472996156466e+01 1.846695071834054147e+01 1.898090181283284394e+01 1.929303909580747245e+01 1.987999752270760467e+01 2.029630419690245091e+01 2.063135856506810129e+01 2.089027034112520909e+01 2.120800931051909188e+01 2.148948063570410838e+01 2.200156715574081545e+01 2.235050796335794132e+01 2.257772782643172249e+01 2.291475660274402060e+01 2.309729622537221161e+01 2.315159011909905473e+01 2.360406616878606201e+01 2.436758018671176629e+01
5.389788766823385702e-01 5.867886846693066705e-01 9.967057561681434974e-01 1.440476831354889020e+00 1.612937458401481727e+00 1.792621657666131130e+00 1.910108891529838759e+00 2.075729198668845310e+00 2.164625994043815282e+00 2.273017858947202985e+00 2.407198458339673053e+00 2.465447122644682576e+00 2.546930527230180985e+00 2.634352355270941359e+00 2.764373107207104940e+00 2.805230494624135318e+00 2.951161295906468141e+00 3.115280976675984803e+00 3.190517977567857155e+00 3.309391329075022536e+00 3.368431981865004587e+00 3.446695376614443695e+00 3.556873884535091346e+00 3.622169485857722027e+00 3.661598081226771217e+00 3.797961581304167389e+00 3.934554103933034508e+00 4.043018763762509238e+00 4.166032083827319710e+00 4.286914343900428470e+00 4.390865053829180908e+00 4.429879458534982994e+00 4.568018592303206837e+00 4.610817102368966580e+00 4.749827152006719011e+00 4.810841918948527862e+00 4.938560568876206425e+00 5.184794292076999156e+00 5.261815876190543584e+00 5.388519746012906175e+00 5.455773477791908022e+00 5.683413472314995829e+00 5.811619935831139117e+00 5.891272421281488647e+00 6.008611083631030247e+00 6.128504757130998293e+00 6.268398369093827860e+00 6.431109833985133584e+00 6.476571944435083772e+00 6.533350203454638461e+00 6.743157667952930368e+00 6.888483653281788577e+00 6.977975869049611646e+00 7.072408196731781338e+00 7.216782157821184818e+00 7.329166310055559741e+00 7.456863352662810307e+00 7.561715158257469760e+00 7.717626497248271100e+00 7.867932181867034025e+00 7.997164598210714459e+00 8.181472543783423035e+00 8.279231255911094323e+00 8.436573223462612958e+00 8.514230626874885743e+00 8.661836246434454267e+00 8.793260239429626424e+00 8.974672677586294611e+00 9.135586692174271661e+00 9.361533442155248963e+00 9.494008725238938240e+00 9.584255423930073903e+00 9.903343987166637774e+00 1.004982249393802185e+01 1.008502968998129212e+01 1.018282777518291837e+01 1.035548146360662969e+01 1.040915824078435925e+01 1.062337782827974308e+01 1.084645319398383378e+01 1.092340838730059005e+01 1.111135274153824959e+01 1.120721672308337347e+01 1.126981846511466756e+01 1.140661032450012691e+01 1.151736115852449949e+01 1.168028995305672169e+01 1.178085007027681996e+01 1.185586459605064746e+01 1.199403076471337393e+01 1.214018803954146364e+01 1.249236276581654970e+01 1.255713137710933758e+01 1.260560069211293310e+01 1.278845758726586546e+01 1.305411847231469302e+01 1.324941012167991339e+01 1.333738675254450001e+01 1.353386368727624323e+01 1.354829778209506230e+01 1.357758645970012701e+01 1.381063864437954081e+01 1.394277748252179450e+01 1.407397140525178791e+01 1.430222406671100366e+01 1.438464676066145387e+01 1.448279866447364661e+01 1.471693905242574907e+01 1.496620268797560449e+01 1.517672598813092222e+01 1.543150643376758246e+01 1.549794116211299766e+01 1.561688026883459024e+01 1.583823722085581842e+01 1.603871676848176620e+01 1.609673244933564362e+01 1.631103657056139866e+01 1.643386643965876814e+01 1.666849624028347776e+01 1.689309135632489145e+01 1.715704857885450707e+01 1.730744196512878119e+01 1.744165716782207909e+01 1.757277875628262720e+01 1.768969477021870773e+01 1.797782851597310838e+01 1.831152922162401708e+01 1.853063730243521690e+01 1.900618554418740658e+01 1.936200229217750746e+01 1.983347861946527857e+01 2.032413260902839980e+01 2.062609525990607651e+01 2.089307047235328341e+01 2.121555214042329851e+01 2.150322163643625828e+01 2.199166537186405179e+01 2.231089175117846324e+01 2.257506650238181933e+01 2.290228696266571262e+01 2.308078501689709583e+01 2.315407288459418211e+01 2.359808301568771327e+01 2.435962131745545634e+01
6.804659795563001712e-01 7.266540588343700646e-01 1.221992632883410090e+00 1.455156431965103137e+00 1.649548997750630130e+00 1.840064464414961520e+00 1.947572292891935897e+00 2.110342278286074347e+00 2.162538468696377780e+00 2.296806957149500228e+00 2.421016524257568747e+00 2.481265257987418149e+00 2.569406961855634552e+00 2.656014932582310362e+00 2.780232266310571188e+00 2.813202476986834011e+00 2.925474974462145550e+00 3.116592584947761591e+00 3.194360002692424150e+00 3.301123160544515045e+00 3.356313084959361870e+00 3.438916419032322924e+00 3.571857989702007519e+00 3.610807710988241936e+00 3.670493088411417748e+00 3.767595835570086926e+00 3.918425362128439282e+00 4.024329484372270116e+00 4.165388635233398418e+00 4.296381957470035040e+00 4.392678917098895575e+00 4.414715423670257266e+00 4.583927152366780611e+00 4.627097888058989028e+00 4.751850128766679227e+00 4.803359012089038593e+00 4.929895202865668402e+00 5.186854425061423690e+00 5.242157519839810043e+00 5.379996519694252299e+00 5.446240604321727297e+00 5.673669491426291955e+00 5.813156659067710841e+00 5.898825368699014859e+00 5.995037106067652388e+00 6.128356212800436076e+00 6.285220131826681822e+00 6.407972207581957846e+00 6.464022992208050766e+00 6.529584970652693166e+00 6.733439478172718040e+00 6.892386629354906091e+00 6.990213103690799734e+00 7.070667342741634442e+00 7.207470539127978526e+00 7.340467181338894420e+00 7.456379263917003009e+00 7.581976681471166657e+00 7.708096143518563537e+00 7.871639395618794666e+00 7.990785412456007819e+00 8.203529104728515264e+00 8.282903783446856849e+00 8.443662256755112949e+00 8.508899016008676597e+00 8.692650638005417818e+00 8.794225167187532222e+00 8.992741449874930737e+00 9.150915743598604379e+00 9.389392934173656613e+00 9.464581810266384565e+00 9.582998230600244582e+00 9.900072692290493137e+00 1.001053133912396120e+01 1.009134046272788510e+01 1.017653356212308857e+01 1.038009547168127966e+01 1.040966116277754772e+01 1.069417350834941693e+01 1.084638974247157606e+01 1.095749131866802450e+01 1.111803415725079525e+01 1.122166686236976219e+01 1.131375576116213288e+01 1.139006684403358349e+01 1.154512854138162936e+01 1.168593412481377847e+01 1.180306565379451555e+01 1.187776430417121176e+01 1.203645177652297704e+01 1.215571622616437431e+01 1.250919440005607441e+01 1.255171243026100925e+01 1.261151574446224188e+01 1.282281029039646825e+01 1.303006596802967998e+01 1.322103744144501114e+01 1.332896173891865388e+01 1.353446511232831817e+01 1.355923965988971602e+01 1.357573918454959205e+01 1.383480140907206035e+01 1.393791618971225788e+01 1.408935568161099638e+01 1.435653031355700016e+01 1.441246725989550193e+01 1.451853987628129161e+01 1.474167275418768064e+01 1.498186593005776324e+01 1.517121125102648094e+01 1.543880112983209862e+01 1.549224045506741199e+01 1.561468994565557011e+01 1.585060659571699837e+01 1.602162300221928604e+01 1.612531347405155913e+01 1.630437813629057331e+01 1.640695258857429550e+01 1.663072201919587556e+01 1.687884272213103642e+01 1.715494501381749970e+01 1.739998478425294337e+01 1.750350661243742323e+01 1.762481432251051672e+01 1.768701452143931263e+01 1.802270559069583911e+01 1.832921359016572893e+01 1.861929164167137785e+01 1.904285168767111713e+01 1.943484320575813840e+01 1.978955080780824716e+01 2.034465791557908076e+01 2.062697732031600850e+01 2.089592879548185067e+01 2.122536433599789873e+01 2.152051796363877045e+01 2.198127822566457112e+01 2.227170133376954908e+01 2.256682926925396160e+01 2.288768473133135828e+01 2.306310430342380258e+01 2.316087225223932222e+01 2.359121999003120962e+01 2.435159042793149808e+01
8.138671692277522629e-01 8.679559467390253191e-01 1.373152985797814862e+00 1.548082946987205277e+00 1.689619201570654150e+00 1.895630780564909301e+00 1.986640929857815818e+00 2.120937369306139075e+00 2.181428625466435012e+00 2.331541763163541781e+00 2.436591588490348403e+00 2.499552667423637242e+00 2.594912506913137573e+00 2.687409807959680208e+00 2.792292068764902435e+00 2.827380823595945003e+00 2.906042273502091877e+00 3.115595206911994541e+00 3.194929303510875673e+00 3.294801300221509521e+00 3.342968340801984350e+00 3.430472462414818846e+00 3.561149678582839595e+00 3.621045905471813597e+00 3.669819985434421561e+00 3.759345103152368139e+00 3.908427939428055886e+00 4.007511666224315761e+00 4.170400773876802525e+00 4.303703601451400296e+00 4.390141009081916401e+00 4.400003115838234002e+00 4.597027982414336300e+00 4.625173981887631847e+00 4.763582548110970372e+00 4.793461741312530222e+00 4.929533448098008641e+00 5.182369599161580354e+00 5.219806399665604779e+00 5.370325946817204432e+00 5.440172109578853110e+00 5.663897395947691926e+00 5.806637940800810860e+00 5.907030778075521127e+00 5.973514016622057277e+00 6.135746854722635035e+00 6.299683145830514697e+00 6.378004831382702911e+00 6.456604490899622739e+00 6.527897103233549103e+00 6.725922789434431337e+00 6.889352418814661760e+00 6.999996599221791627e+00 7.066183373318912331e+00 7.197387319928235883e+00 7.352978275385775753e+00 7.446622664549511050e+00 7.598014648291704809e+00 7.701635702832101416e+00 7.859907191980584074e+00 7.987678236425010070e+00 8.220245448599445837e+00 8.279262691770073346e+00 8.446199710902128288e+00 8.513921074063363292e+00 8.719353078092122900e+00 8.806331731677568442e+00 9.003820438873821885e+00 9.162603816870886320e+00 9.395016483583866318e+00 9.445297278434631849e+00 9.583423898928723261e+00 9.882549821103298271e+00 9.970947330246778151e+00 1.009008801818235135e+01 1.017110254447390716e+01 1.037673684451325684e+01 1.042699320968749355e+01 1.075079969296547944e+01 1.084581091771550376e+01 1.100103540482351860e+01 1.111598017565883012e+01 1.123976582048265982e+01 1.132947602029280176e+01 1.140752992291265322e+01 1.156715163465480778e+01 1.168487126637287155e+01 1.181388006197040141e+01 1.191284227568998588e+01 1.208472354855286568e+01 1.216568935231878967e+01 1.251438389304203369e+01 1.255084753094386230e+01 1.261979763185123460e+01 1.285583860411375134e+01 1.300808482241667541e+01 1.318561393301936491e+01 1.331934981820711528e+01 1.352469655216594191e+01 1.356277391535648036e+01 1.358852740773334311e+01 1.385842935592188674e+01 1.393359577129604610e+01 1.409866726904479783e+01 1.437839316576360460e+01 1.444477599385823829e+01 1.457417550659839556e+01 1.476928714342241733e+01 1.499678112940199703e+01 1.517192692317652458e+01 1.542995140109072949e+01 1.551115997952319070e+01 1.562186580976116979e+01 1.586428875298467212e+01 1.599924132553991107e+01 1.615542570790574572e+01 1.627962762888481407e+01 1.639526586622513449e+01 1.659308758600197109e+01 1.686479394819992450e+01 1.713172909873070893e+01 1.745001559131033630e+01 1.759754513307048640e+01 1.769952046402397272e+01 1.771443453735255247e+01 1.808616515077326170e+01 1.836167572297325989e+01 1.874587959195035225e+01 1.909041403028958328e+01 1.950542755435655451e+01 1.975498672230601827e+01 2.035498716608479697e+01 2.063896958371486434e+01 2.089861148638145139e+01 2.123799659931644968e+01 2.154108014940875293e+01 2.197197421001966688e+01 2.223568822616287832e+01 2.255456942419623445e+01 2.287130072936732716e+01 2.304744613602796832e+01 2.317207338158188890e+01 2.358453295355815982e+01 2.434456718826152866e+01
9.395449704399051472e-01 1.008017943476174683e+00 1.436009189795801833e+00 1.701561447724264431e+00 1.743221511131427981e+00 1.954406296353621286e+00 2.022766683054420866e+00 2.116006555904696107e+00 2.227979224055443463e+00 2.363742742650978279e+00 2.452368016704788545e+00 2.522570540523779048e+00 2.620415552339111276e+00 2.724289417964376625e+00 2.795762072821421640e+00 2.850833508648040748e+00 2.897473602619722310e+00 3.114096307393205532e+00 3.194621902506907585e+00 3.290402913494411496e+00 3.327706191574932859e+00 3.423288191344372677e+00 3.530327944985665933e+00 3.623760733199029804e+00 3.686366320960684284e+00 3.773512477373244245e+00 3.901465343597205759e+00 3.996360012801384531e+00 4.178800644281357002e+00 4.306652455016465098e+00 4.379562944740116315e+00 4.394759665629286438e+00 4.595584282231577333e+00 4.615028930580295174e+00 4.776807997635294178e+00 4.788385715772108142e+00 4.936590168614480412e+00 5.164178523686240752e+00 5.203661241543305671e+00 5.362188461990038846e+00 5.437351847046967279e+00 5.654624450085648846e+00 5.796408700683650217e+00 5.906429457586880538e+00 5.950892764214651187e+00 6.145736975480468267e+00 6.309499698810396850e+00 6.348363562823577944e+00 6.454804448519095850e+00 6.525950949920279243e+00 6.721426271324791202e+00 6.881002433747118729e+00 7.002491496988613839e+00 7.061757028871088693e+00 7.186475226538590277e+00 7.362430500578315495e+00 7.432308365113198256e+00 7.607905613312467175e+00 7.703265463715679218e+00 7.836678015167944267e+00 7.978238526408869546e+00 8.230626670259477251e+00 8.272247569867284156e+00 8.442732970333581832e+00 8.524943003017948939e+00 8.739456484746710885e+00 8.832104190355806850e+00 9.003255448069687361e+00 9.173613720815334105e+00 9.367449443715287316e+00 9.450882742674570736e+00 9.586516911222172865e+00 9.846778362224879899e+00 9.936096841550510206e+00 1.007638799041733435e+01 1.017288557640172897e+01 1.037058708520074291e+01 1.044386447802386542e+01 1.079303214252914600e+01 1.084297507830647334e+01 1.104169188172519966e+01 1.111665833432766703e+01 1.125888691321437562e+01 1.132172808931782271e+01 1.144772526526096179e+01 1.158636595050028539e+01 1.168065870071237811e+01 1.181424244081619790e+01 1.194904921220375549e+01 1.213282704747341967e+01 1.217228265118630226e+01 1.249993875663552600e+01 1.256388997019367437e+01 1.262925168549883281e+01 1.287748167795547971e+01 1.299159971686085591e+01 1.314640765667015820e+01 1.330877957199093231e+01 1.351248261150387009e+01 1.356194305896599062e+01 1.360325730240531250e+01 1.387737030048728926e+01 1.393160229483071433e+01 1.410854213593248119e+01 1.438370355975028581e+01 1.446278977441212987e+01 1.461646634438957726e+01 1.479979529146864436e+01 1.501813455131511787e+01 1.517604736782070418e+01 1.541739686972078260e+01 1.553451652813941841e+01 1.563796451111355523e+01 1.587624344837428758e+01 1.598006895608385847e+01 1.617932325293829621e+01 1.624743128451732233e+01 1.639024212498748412e+01 1.656355235685190053e+01 1.685048535261909208e+01 1.710171401833845550e+01 1.746356269577476183e+01 1.763516712695426136e+01 1.776281439256936778e+01 1.781162687714714465e+01 1.818647819258505294e+01 1.840749691508601771e+01 1.892951303376871408e+01 1.914839327236278521e+01 1.956662393347642492e+01 1.974150011193825094e+01 2.035693812688836246e+01 2.066449665502877409e+01 2.090162219680468070e+01 2.125490264163839882e+01 2.156469037556826862e+01 2.196541442177165493e+01 2.220389461535362585e+01 2.254082227519564086e+01 2.285334359549700523e+01 2.303699051150794119e+01 2.318695130020726225e+01 2.357964852629965335e+01 2.433940634902164746e+01
1.058057262107990226e+00 1.142992720819497210e+00 1.484205892168783070e+00 1.757731925504685266e+00 1.856088367243810211e+00 1.997611990136521909e+00 2.069503581117994262e+00 2.131660243457584425e+00 2.288588767636204224e+00 2.385633659699618381e+00 2.469220107809314779e+00 2.550550918778546450e+00 2.640155709034105680e+00 2.754027381714541534e+00 2.793291280783786412e+00 2.881834476892983776e+00 2.903634831754503320e+00 3.116454743847167475e+00 3.193797243415067655e+00 3.287301250106910100e+00 3.311068739031591601e+00 3.421737697388397503e+00 3.500273761096329483e+00 3.611153696685566850e+00 3.716754514610124627e+00 3.800303289985455635e+00 3.897535837832907912e+00 3.992793314714600861e+00 4.187899318965198070e+00 4.302195235496274250e+00 4.372265235377922998e+00 4.392973570528562632e+00 4.569089814746527090e+00 4.613248211402848575e+00 4.768131793221739301e+00 4.807424679776812759e+00 4.947433320721286165e+00 5.133516261279799764e+00 5.195871402869721045e+00 5.357148094595137522e+00 5.437192090247063625e+00 5.645866879391450155e+00 5.785169190000093664e+00 5.883165504755434760e+00 5.941433575298315617e+00 6.153671463365922634e+00 6.306522289631349310e+00 6.332126946286273927e+00 6.455981596156808777e+00 6.523784843628420482e+00 6.719670232448346603e+00 6.870136176565773134e+00 6.993677499008311038e+00 7.060790138342549760e+00 7.174670388132466492e+00 7.358830440215716528e+00 7.424610291359694081e+00 7.610951561083402872e+00 7.711380678691442725e+00 7.811691092487699883e+00 7.954726046923248362e+00 8.236697394342916922e+00 8.265241701768445637e+00 8.436055837841690774e+00 8.531479066916665133e+00 8.758443064443206083e+00 8.864949433839957038e+00 8.991080178026228609e+00 9.183638776381485513e+00 9.333947576339358676e+00 9.454914518381150046e+00 9.594829288426483416e+00 9.795315916354391916e+00 9.905766232753743239e+00 1.005390962670290556e+01 1.018064756368976198e+01 1.036513227251938929e+01 1.046348384944055177e+01 1.081256849960517208e+01 1.084793089383652465e+01 1.106158470373522107e+01 1.113433389358994674e+01 1.127691599050763749e+01 1.131957215018437957e+01 1.148204041127982933e+01 1.160190162954292781e+01 1.167665434215098763e+01 1.181095178868608642e+01 1.197799072959951872e+01 1.216735836933910342e+01 1.218576922054890588e+01 1.247870501441660451e+01 1.257338967867127977e+01 1.264507044187846496e+01 1.288661399882003700e+01 1.298021161948234869e+01 1.310657034528027509e+01 1.329910291178116388e+01 1.349615678726851975e+01 1.356224064435490995e+01 1.361628921368204459e+01 1.388244834706146413e+01 1.393829077160228458e+01 1.412043696119287794e+01 1.438181519823160670e+01 1.447358563475626525e+01 1.463066406010219644e+01 1.481731007039874726e+01 1.505566318174275153e+01 1.518061848129950953e+01 1.541018197298983772e+01 1.554569010129562656e+01 1.565403754775453216e+01 1.588640797633774859e+01 1.596832762115797522e+01 1.619227864352713198e+01 1.621890648479546115e+01 1.638687401302581037e+01 1.654470570306160582e+01 1.683512555681048539e+01 1.707042581771060341e+01 1.747069695330427663e+01 1.764610517657746058e+01 1.781164223560863391e+01 1.788596260049308739e+01 1.830115738377192969e+01 1.846325598459179318e+01 1.913961907969060050e+01 1.923773190544702771e+01 1.961432300212670654e+01 1.976759030082382651e+01 2.035831397943699628e+01 2.070301762446985805e+01 2.090710227607387495e+01 2.127946940174275170e+01 2.159127351748472279e+01 2.196309157305928750e+01 2.217577230553303025e+01 2.252809391226108815e+01 2.283437967928609069e+01 2.303436328991672255e+01 2.320398871106577587e+01 2.357884607099006402e+01 2.433662370921264184e+01
1.168924612098654725e+00 1.268925082346560762e+00 1.532436766667131245e+00 1.793598586963929042e+00 1.906149669488969023e+00 2.023310219001409394e+00 2.121780102636027010e+00 2.180921286788021440e+00 2.356073231392543654e+00 2.404109793834802833e+00 2.491397853545123553e+00 2.579929260546321768e+00 2.649437298990692025e+00 2.756841204979583626e+00 2.798542594907765579e+00 2.904310450489608453e+00 2.933330619870868183e+00 3.127769320617375559e+00 3.186999384014166825e+00 3.285980709418736989e+00 3.302821361349570051e+00 3.425544667911214702e+00 3.484977270586673725e+00 3.598082604956512665e+00 3.740941162877855941e+00 3.821736279118056245e+00 3.908529626920233646e+00 3.996267051944405679e+00 4.195354775447514228e+00 4.292651685516537086e+00 4.366511832362182766e+00 4.393392302707351149e+00 4.535555872720941295e+00 4.610390675684039152e+00 4.758146528915744078e+00 4.826722989129166308e+00 4.957282693953354524e+00 5.101351828705372071e+00 5.190616304677621251e+00 5.355889716920762211e+00 5.438583377808859254e+00 5.637684946719278223e+00 5.773078205405871799e+00 5.845289086442646109e+00 5.940565039967913741e+00 6.157472088274350774e+00 6.288151998284365440e+00 6.334502278714642109e+00 6.457420593757773553e+00 6.521706062121823244e+00 6.719142178610814753e+00 6.859337036469572269e+00 6.976679165512170044e+00 7.062155905342102358e+00 7.162140571651987919e+00 7.337108157280426646e+00 7.429788405530477036e+00 7.607650080333423936e+00 7.718694290767340149e+00 7.795350899349759999e+00 7.916906985554505560e+00 8.237884069922712271e+00 8.262259758171724755e+00 8.426915941112126163e+00 8.529776862662167503e+00 8.779035493853196925e+00 8.895534883412674176e+00 8.972348648933298421e+00 9.190448616642594715e+00 9.303239564580765730e+00 9.450120248300111214e+00 9.608271984708830260e+00 9.737524684767832284e+00 9.876758046750191866e+00 1.003195426612879437e+01 1.018718333644744156e+01 1.035911586059963341e+01 1.049137177546033151e+01 1.080360831945609412e+01 1.086691651135242687e+01 1.106393159881072563e+01 1.115994114086160671e+01 1.129345132471810764e+01 1.133223257892782776e+01 1.150772997523083596e+01 1.160420023876938700e+01 1.168063937531934293e+01 1.180792137013107279e+01 1.199801072656265788e+01 1.217070486835088516e+01 1.222171700697350438e+01 1.245610949245978816e+01 1.257428507929824235e+01 1.266708396136009007e+01 1.289015933704767392e+01 1.296847856316919234e+01 1.306913727763243749e+01 1.329306639604213025e+01 1.347570769324372719e+01 1.356221145526011540e+01 1.363112326288228360e+01 1.387251625229740526e+01 1.395281235174573631e+01 1.413363275421110821e+01 1.437502937407158043e+01 1.448137321433428681e+01 1.462897335291475720e+01 1.481727309961330441e+01 1.509628172067944973e+01 1.519117385319957414e+01 1.540938200587603824e+01 1.554652046407540134e+01 1.565881694539480229e+01 1.589502936195906102e+01 1.596362587724431847e+01 1.618745860768310152e+01 1.620681935128943607e+01 1.638384021912722588e+01 1.653607693965135184e+01 1.681732545519237831e+01 1.704140078698283389e+01 1.747909972006431900e+01 1.765324439015797253e+01 1.783262902581515874e+01 1.794569501559609037e+01 1.838971460090324328e+01 1.852289877185405942e+01 1.922781589631973986e+01 1.941649902463330690e+01 1.966756541835498240e+01 1.984498441262707402e+01 2.037141642755266702e+01 2.075386203536204377e+01 2.092010149126473806e+01 2.131891425107047766e+01 2.162089084437232245e+01 2.196610699000975231e+01 2.215013388336848976e+01 2.251776262598117739e+01 2.281591850868805693e+01 2.304097262475085373e+01 2.322104556342865678e+01 2.358501168370558787e+01 2.433633440041082707e+01
1.270805964374001729e+00 1.380588638801244938e+00 1.581834485530749568e+00 1.825970133041733945e+00 1.905643849793582811e+00 2.051442291375118021e+00 2.151314783828203403e+00 2.238829577370347046e+00 2.372678041406934391e+00 2.457922837639377356e+00 2.525719231488179339e+00 2.603935918236258029e+00 2.649738934152189973e+00 2.744699182495311529e+00 2.794861624099162611e+00 2.929472921695922771e+00 2.971604646964759677e+00 3.136979693698632055e+00 3.179985433729345168e+00 3.288499097018484640e+00 3.314846930282515203e+00 3.431313261646992796e+00 3.491796923333877256e+00 3.586850125920837851e+00 3.758775954784875584e+00 3.822604645072624763e+00 3.940308354760690968e+00 4.005810153681049535e+00 4.200071788344430068e+00 4.285009166523903623e+00 4.355897839016503070e+00 4.392088487199377944e+00 4.502857737199040145e+00 4.606255491995136175e+00 4.754014241892852155e+00 4.836939229260887707e+00 4.961648670658509452e+00 5.077674892581002020e+00 5.185334889884720688e+00 5.358269760152475136e+00 5.440434528281748783e+00 5.630206230260790257e+00 5.755940486172898218e+00 5.808247737103974906e+00 5.941538911523174704e+00 6.157467093183519147e+00 6.269903482733554689e+00 6.340448722118429359e+00 6.456666319773479934e+00 6.520020645506068746e+00 6.717313527363519832e+00 6.848889084262927973e+00 6.960213630905705884e+00 7.063083312752708842e+00 7.149066385847512528e+00 7.306446781307797345e+00 7.439845610804669995e+00 7.598750070316184768e+00 7.717671629920733523e+00 7.795096878819532726e+00 7.870489609047702118e+00 8.233974358373631119e+00 8.263677149055284943e+00 8.414826499950420313e+00 8.523315859255855997e+00 8.799192287985325933e+00 8.906603130752392516e+00 8.963064794119073753e+00 9.191786819586686974e+00 9.277766006261515486e+00 9.437377865741490623e+00 9.622130223769497448e+00 9.685138569405449260e+00 9.849303236280604779e+00 1.001516532905412582e+01 1.018939140706794433e+01 1.035337455606936352e+01 1.052760182949849366e+01 1.078699957431820700e+01 1.087822106795423771e+01 1.106306475291232161e+01 1.117836676938465246e+01 1.130531726563763684e+01 1.136292427823608264e+01 1.152831424653595960e+01 1.158938778510775691e+01 1.169323403785016957e+01 1.180764663810988147e+01 1.200955015637792833e+01 1.216604073271834707e+01 1.225581004599362878e+01 1.243521831092846597e+01 1.257107814996866857e+01 1.268795422121075056e+01 1.289254012383535652e+01 1.295358913061160244e+01 1.303727014592270095e+01 1.329249790275727783e+01 1.345284627094157059e+01 1.356059895326599829e+01 1.365025705137943923e+01 1.385652601210841972e+01 1.396553513304570693e+01 1.414752738399322496e+01 1.436503025069997186e+01 1.448644421852554132e+01 1.462065722239175791e+01 1.480939150587505537e+01 1.511637233331282459e+01 1.521716691586928683e+01 1.541449431053453267e+01 1.554241402641713954e+01 1.565389179902590300e+01 1.589716862186107882e+01 1.596554797762403055e+01 1.617344153377021243e+01 1.620892157608765061e+01 1.637787952802212388e+01 1.653678980430332857e+01 1.679634323703088583e+01 1.701711704249082757e+01 1.749080424181561710e+01 1.765978934137866929e+01 1.783029221262357211e+01 1.800267719457739446e+01 1.845088397679134928e+01 1.857699740559051094e+01 1.926681150506163220e+01 1.953173071592548737e+01 1.973460259866210365e+01 1.995081713264101708e+01 2.040393310593876919e+01 2.081421078130842872e+01 2.094935198181961411e+01 2.138566013390027365e+01 2.165387591393032096e+01 2.197504666286389252e+01 2.212701966589403924e+01 2.250930502959748125e+01 2.280050263852178816e+01 2.305652339464426603e+01 2.323579794706715163e+01 2.360118113188294942e+01 2.433824387272692036e+01
1.361437962620585918e+00 1.470338742997870485e+00 1.634756210746165284e+00 1.852284850191314058e+00 1.897648755071332349e+00 2.072357080307374311e+00 2.170963934072550838e+00 2.279706875028512769e+00 2.366699175697883462e+00 2.491176360120082034e+00 2.568529842702021782e+00 2.611298107335107588e+00 2.654518515488933694e+00 2.731561636964105588e+00 2.781586186213984568e+00 2.936342779667887815e+00 3.028873444107712753e+00 3.121124233883875387e+00 3.199438899993463092e+00 3.291523571868222309e+00 3.344722625191060228e+00 3.439471507933345329e+00 3.516256862965203567e+00 3.580070677137884960e+00 3.769463744541809547e+00 3.820200751738064504e+00 3.969268741576155168e+00 4.022921212281516112e+00 4.200486641267387355e+00 4.284682903439152923e+00 4.340197923992238138e+00 4.384618318031838768e+00 4.473928839368106480e+00 4.601089403378493259e+00 4.758079964997504518e+00 4.833958467386026747e+00 4.959320544553857069e+00 5.069572687663556287e+00 5.178863441141856150e+00 5.363227471893483589e+00 5.442668693325111384e+00 5.621694374725333176e+00 5.727780220657145094e+00 5.784743773198535166e+00 5.943933191731816557e+00 6.155011051556826374e+00 6.253958395903911338e+00 6.347622610079737271e+00 6.451753941881578136e+00 6.519379741150976848e+00 6.711696203325089982e+00 6.835994532427268844e+00 6.954103862756347176e+00 7.062777498364648743e+00 7.135285267530920628e+00 7.273654145385059167e+00 7.449851353352518579e+00 7.585869330008187639e+00 7.711524347043233973e+00 7.795317556909431289e+00 7.833213629081316576e+00 8.229070134972928940e+00 8.264017246401134997e+00 8.399464858175001325e+00 8.518399875553415157e+00 8.815936519313950726e+00 8.883451915268960164e+00 8.978897317674555012e+00 9.183652217326560674e+00 9.261690628840620221e+00 9.419960464450838344e+00 9.613482826750363586e+00 9.664298121467318481e+00 9.826422760083497465e+00 1.000325877698136523e+01 1.018860862032411774e+01 1.034939606304834925e+01 1.056856406780653579e+01 1.076930822035978252e+01 1.087514092792774001e+01 1.106492697436647532e+01 1.118957982884749036e+01 1.131302138782734978e+01 1.140341730458266589e+01 1.154632701059063749e+01 1.156559088321135320e+01 1.170599944369391565e+01 1.181105094282236756e+01 1.201318426768206749e+01 1.215731295726889094e+01 1.228455715072146859e+01 1.241871859565707048e+01 1.256735272929449820e+01 1.270203080481047841e+01 1.288774658043943866e+01 1.294332636883481236e+01 1.301318452037471474e+01 1.329684239334540052e+01 1.343044328250105224e+01 1.355757199511971045e+01 1.367312960043920356e+01 1.384140016412332308e+01 1.397085207505435989e+01 1.416205621923067959e+01 1.435336835533222732e+01 1.448748731218830166e+01 1.461017531887287113e+01 1.480122779368013575e+01 1.511773046706873203e+01 1.524886218398139803e+01 1.542313293322036571e+01 1.553800941937295654e+01 1.564775445975793211e+01 1.588907217176245190e+01 1.597405974928751071e+01 1.616159843585898059e+01 1.621612786632804415e+01 1.636757467229263341e+01 1.654427840446579623e+01 1.677323727527627284e+01 1.699865231229182427e+01 1.750546485015535225e+01 1.766646879850126695e+01 1.781546798024435674e+01 1.805384094151979468e+01 1.849514356694011141e+01 1.861889352729243186e+01 1.928651087470663938e+01 1.960220678402427197e+01 1.979355232587670699e+01 2.001924973180803136e+01 2.043662865539683793e+01 2.086817876216232293e+01 2.099819321062624056e+01 2.148627286704341444e+01 2.169168448070045585e+01 2.198872747953178930e+01 2.211118874453320515e+01 2.250049081658209715e+01 2.279091387028465832e+01 2.307880445746516429e+01 2.324650119304276785e+01 2.362924277990917687e+01 2.434169668644046780e+01
1.436738850603229034e+00 1.533520109853276914e+00 1.690781898967882446e+00 1.859716977308054631e+00 1.910955693063326022e+00 2.081875444862561153e+00 2.185583248164190806e+00 2.297688107402051649e+00 2.365482384677188410e+00 2.498769933765114359e+00 2.575101108145234186e+00 2.612080958267217312e+00 2.668003687393051937e+00 2.724636156925979158e+00 2.774358402571481808e+00 2.927990571940615183e+00 3.062755536573564807e+00 3.131487501447150379e+00 3.221519262690263563e+00 3.297094655845790978e+00 3.382074218602658444e+00 3.442661242123628451e+00 3.544690204098410291e+00 3.588721708510469899e+00 3.766685437631147604e+00 3.832703561000665005e+00 3.982314779172473340e+00 4.046983135699724343e+00 4.191321997134332733e+00 4.293863937866064795e+00 4.325253541678333313e+00 4.371650796258740534e+00 4.448514570482298147e+00 4.596610210173481370e+00 4.759738323437186835e+00 4.826180068469585471e+00 4.956269856871733381e+00 5.073117233271211113e+00 5.171354323961387500e+00 5.368818509694968100e+00 5.446498868707345231e+00 5.606426084058401038e+00 5.700125984359410758e+00 5.772487995745335887e+00 5.947561150230937344e+00 6.151490645008837355e+00 6.240379921356329795e+00 6.356068789535730623e+00 6.442893100847252086e+00 6.519645746449361567e+00 6.701433194127805137e+00 6.820322703885620008e+00 6.962340295900274256e+00 7.061893192462918023e+00 7.120276659377337225e+00 7.242604001021865301e+00 7.458967949378166651e+00 7.571888332556190981e+00 7.704095983858164409e+00 7.762069484689591903e+00 7.838028072336904906e+00 8.225441775168318870e+00 8.260412624047937413e+00 8.381847058692240893e+00 8.519772908676626955e+00 8.826107847570003884e+00 8.848733562064753144e+00 9.002167914440375895e+00 9.164027701987350838e+00 9.257295431537171382e+00 9.403001123806456363e+00 9.579663510972656226e+00 9.676926939068877687e+00 9.810145551739324787e+00 9.994576435488159660e+00 1.018730105070254055e+01 1.034760656455194905e+01 1.061030531878857275e+01 1.075260932428263061e+01 1.085917587729150569e+01 1.107075702238681991e+01 1.119575187748595191e+01 1.131917056020580503e+01 1.144301124197865960e+01 1.153989602824155192e+01 1.156183179521977600e+01 1.171619334400215529e+01 1.181664115109021829e+01 1.200980518654553819e+01 1.214789588168970624e+01 1.230671645172305695e+01 1.240819549940694877e+01 1.256394673135945261e+01 1.270806615683436114e+01 1.287029433467101924e+01 1.294527781357673391e+01 1.299756273439322385e+01 1.330300816027665789e+01 1.341223359744128452e+01 1.355358204410192791e+01 1.369597768614935163e+01 1.383373037969908026e+01 1.396636319036057294e+01 1.417706606694618898e+01 1.434118393794079616e+01 1.448370167745412651e+01 1.459998711035014196e+01 1.479641440936623376e+01 1.511200554544414665e+01 1.527446230689996121e+01 1.542932087366405192e+01 1.553597570165198682e+01 1.564784806010699292e+01 1.587510918208943700e+01 1.598477732815955221e+01 1.615145307069391478e+01 1.622723983311235685e+01 1.635488241829503409e+01 1.655439752126560649e+01 1.675063918867101265e+01 1.698582320779909693e+01 1.752139032402874719e+01 1.767391224460071797e+01 1.779468932968145722e+01 1.809621425819429774e+01 1.852829825832847632e+01 1.864710799719015100e+01 1.929480717032300419e+01 1.965984775089208014e+01 1.984483753097055825e+01 2.004435290486111754e+01 2.044519821181279440e+01 2.090582021140265567e+01 2.104636022206506141e+01 2.159089757503431528e+01 2.173783030878705702e+01 2.199818044196894817e+01 2.211849623858442015e+01 2.248886374336811045e+01 2.278856095985733532e+01 2.310376727537403951e+01 2.325271543489748183e+01 2.366768890078820675e+01 2.434579141519236245e+01
1.489729866939312197e+00 1.579340033901806439e+00 1.733033124073741993e+00 1.864745743107093734e+00 1.938027635400254134e+00 2.080327093916500392e+00 2.198326188219339006e+00 2.295203721895887394e+00 2.369735131189595556e+00 2.495748273184347887e+00 2.553196507339246413e+00 2.606254243128198311e+00 2.678112405810295193e+00 2.732455856832253005e+00 2.776079405280030610e+00 2.913133515038797139e+00 3.056890896532244994e+00 3.173873752136302073e+00 3.234627048403540428e+00 3.308884545974804858e+00 3.414656867704058296e+00 3.444364171453726975e+00 3.551978776354272949e+00 3.625312371582943172e+00 3.756746218962204065e+00 3.855171357703689683e+00 3.986380842324307228e+00 4.069451185098028390e+00 4.172716719210105119e+00 4.299923429921056695e+00 4.324035615060380700e+00 4.356881578890913431e+00 4.425707109047005261e+00 4.597024029847092130e+00 4.743892354957587543e+00 4.828050752790105982e+00 4.958272367498420152e+00 5.079157816322512176e+00 5.164398435025181477e+00 5.372870197112336932e+00 5.452951496398469544e+00 5.582221843678792261e+00 5.685326621433574701e+00 5.765118145965076657e+00 5.951328843292750470e+00 6.148126049157877304e+00 6.229765101859230825e+00 6.365116217569807944e+00 6.432835053181019447e+00 6.519584492133120079e+00 6.688504664743557093e+00 6.806541919710446642e+00 6.979923831601516859e+00 7.061658786075232008e+00 7.103674709937334519e+00 7.216704522156551782e+00 7.467370260112752511e+00 7.559654412140687008e+00 7.690792898986195780e+00 7.734072379280283016e+00 7.852009135062870904e+00 8.223426018472206778e+00 8.254087739318338279e+00 8.364877318679701190e+00 8.527582438270099985e+00 8.806226017515902171e+00 8.838279775041089081e+00 9.026687515123533956e+00 9.138539566642121414e+00 9.258625767229190728e+00 9.391633488866158785e+00 9.548480307825911950e+00 9.693105029779383486e+00 9.799599539118199587e+00 9.988260989750942898e+00 1.018677840891758102e+01 1.034744223927133433e+01 1.064959134801042318e+01 1.073798410103394119e+01 1.083618168817551997e+01 1.107877710625754730e+01 1.119764222126876341e+01 1.132496662825128197e+01 1.147294364402628908e+01 1.151951519288544112e+01 1.157326393345970139e+01 1.172467704389525522e+01 1.182181485364927553e+01 1.200214979885648425e+01 1.214073306674552555e+01 1.232166475602790712e+01 1.240329835831901484e+01 1.256057662348891668e+01 1.270809025320611951e+01 1.285137472803410219e+01 1.294922482004521491e+01 1.299103067419906132e+01 1.330701909617366852e+01 1.340153232497978664e+01 1.354908736394852475e+01 1.371267751365013154e+01 1.384006876134171193e+01 1.395182770175017417e+01 1.419152519780217148e+01 1.432959693602450457e+01 1.447633778098241741e+01 1.459191199417772467e+01 1.479540295161160834e+01 1.510472559173485152e+01 1.529300939519229097e+01 1.542895457654034175e+01 1.553515936158320798e+01 1.565671211885983283e+01 1.586060613413889442e+01 1.599373026086828986e+01 1.614326252589778221e+01 1.623929434518224468e+01 1.634274140971596623e+01 1.656357245214727669e+01 1.673164214525243665e+01 1.697780099565262546e+01 1.753601806476970637e+01 1.768291095994270634e+01 1.777204220442568783e+01 1.812786165596710575e+01 1.855240872174628564e+01 1.866333603146486908e+01 1.929775905683440840e+01 1.970505642621435172e+01 1.989051919011141578e+01 2.004958668564921354e+01 2.043323015507645124e+01 2.093144325153227570e+01 2.107874890312807992e+01 2.165722143755926510e+01 2.178737132630483231e+01 2.199267134998120099e+01 2.216076963636843544e+01 2.247378957025956581e+01 2.279198069981192276e+01 2.312629166880106624e+01 2.325535776551157952e+01 2.370947979468071409e+01 2.434955934245150289e+01
1.516785349215264755e+00 1.616848839763378232e+00 1.744102272835242218e+00 1.883820853467591538e+00 1.960516907613848003e+00 2.072644745912909148e+00 2.211252900599419036e+00 2.284116663022317528e+00 2.369500567505780531e+00 2.492665041434210416e+00 2.534109071636299504e+00 2.591904597648269970e+00 2.685144339679674808e+00 2.745336315668073457e+00 2.780601148753037766e+00 2.898326133841709229e+00 3.051201703214001526e+00 3.200076215473773633e+00 3.240975665453712740e+00 3.324696974171860386e+00 3.407976752475678772e+00 3.478444249701244217e+00 3.544051255298435343e+00 3.663003563052891653e+00 3.747230251107763532e+00 3.874195652557051783e+00 3.989455863861447682e+00 4.080587650621134266e+00 4.159630044370239865e+00 4.291293365823531047e+00 4.327253336391964744e+00 4.359156786650062010e+00 4.404178999322721388e+00 4.602714965530941171e+00 4.722291215299646794e+00 4.832503577378241211e+00 4.964414311686470960e+00 5.082655499774010543e+00 5.159829702925868844e+00 5.374537323493753682e+00 5.460443932829675440e+00 5.559516846170741822e+00 5.679620854366187466e+00 5.761113984588906334e+00 5.953992662933855762e+00 6.145846248873596096e+00 6.222964822482668801e+00 6.372680570428073565e+00 6.425027395804545627e+00 6.518660281989756555e+00 6.677587624884352202e+00 6.798024638308300283e+00 6.998271801725984176e+00 7.063802369295498984e+00 7.086335796087412042e+00 7.199312147151609942e+00 7.474203531038914328e+00 7.551224926766598955e+00 7.672861552270136443e+00 7.724190903025064614e+00 7.862212701006520810e+00 8.222509981953516345e+00 8.248494248726975897e+00 8.352386442117536447e+00 8.537273108162915847e+00 8.777886111656796331e+00 8.840839185302982628e+00 9.051123288776597775e+00 9.112769463691192229e+00 9.260138464904997591e+00 9.387356124760579235e+00 9.526154468174546253e+00 9.705943732828458792e+00 9.792967712745724640e+00 9.984332491805689713e+00 1.018692949657846825e+01 1.034793019324028229e+01 1.068308124794493885e+01 1.072548914697520850e+01 1.081400398795813089e+01 1.108592403537025994e+01 1.119675077241710426e+01 1.132980995941018953e+01 1.148188003973625015e+01 1.151574997405904810e+01 1.157985422339182158e+01 1.173109319837609554e+01 1.182499604739559729e+01 1.199482330296457988e+01 1.213667679424215606e+01 1.233002557424036283e+01 1.240185428900020526e+01 1.255759272152292461e+01 1.270571152974959084e+01 1.283910931629727514e+01 1.294930335249820175e+01 1.299136050527777364e+01 1.330762441346900538e+01 1.339810000146863267e+01 1.354518021013410412e+01 1.372037026388768943e+01 1.386052724202810182e+01 1.392947931587724675e+01 1.420289903462017378e+01 1.432055245973808333e+01 1.446896904189128996e+01 1.458703273730397676e+01 1.479635951168501151e+01 1.509898938191491347e+01 1.530516819265753448e+01 1.542488143293143921e+01 1.553402738362753688e+01 1.566871561064222540e+01 1.584935175796944762e+01 1.599927911266161829e+01 1.613791544806792899e+01 1.624875727172743467e+01 1.633383136516342304e+01 1.656969460453938225e+01 1.671895664453253616e+01 1.697357595316763579e+01 1.754641639158724331e+01 1.769336079704184073e+01 1.775153302647449038e+01 1.814742822215644580e+01 1.856753701319246730e+01 1.867081790586368228e+01 1.929862949757097823e+01 1.973367749202456167e+01 1.992489084009044120e+01 2.004900112320952132e+01 2.041595027635811732e+01 2.094689039333914238e+01 2.109646388047571719e+01 2.168840689402669142e+01 2.182067753299778801e+01 2.198168972767091489e+01 2.221088081502326972e+01 2.245837170734989385e+01 2.279706443444788277e+01 2.314172577688210097e+01 2.325601468725458432e+01 2.374264014177986581e+01 2.435217203497557392e+01
1.524342418089687623e+00 1.633932496880717844e+00 1.741613873618418573e+00 1.895501881013648360e+00 1.969090997187009862e+00 2.068234042729717004e+00 2.218900514625879339e+00 2.276304896332127292e+00 2.368093677875060532e+00 2.490720735983358303e+00 2.529160097836319565e+00 2.584053960629877356e+00 2.688067186219923244e+00 2.750810455856534720e+00 2.783062476041973987e+00 2.891749827315256205e+00 3.049611874811573919e+00 3.207212401027454085e+00 3.243631854063732778e+00 3.333480080947650581e+00 3.399514882567310270e+00 3.503147678268696108e+00 3.531963036134702971e+00 3.679232233131136454e+00 3.742520234372162857e+00 3.881242989735997906e+00 3.991701424691487254e+00 4.080624785612699590e+00 4.158506989464660464e+00 4.284950807839373432e+00 4.324258581940652491e+00 4.374482042702370954e+00 4.387377256512102974e+00 4.606576533440713384e+00 4.712513438745110861e+00 4.833876816709127944e+00 4.967895634289775764e+00 5.083486050665793954e+00 5.158328228281542138e+00 5.374810607887075875e+00 5.464102489810795937e+00 5.550235620931723624e+00 5.678064814377023595e+00 5.759895741264078772e+00 5.954920227848771397e+00 6.145066608297230282e+00 6.220621954666724740e+00 6.375737580996587717e+00 6.422095736491599816e+00 6.518019080882134553e+00 6.673343392967118426e+00 6.795247572081056120e+00 7.006733968452381944e+00 7.070226382515943264e+00 7.072968869684888915e+00 7.193149842052395826e+00 7.477018718675783049e+00 7.548163332439874473e+00 7.664977696251152217e+00 7.722229952400892827e+00 7.865858645090153978e+00 8.222216668083852653e+00 8.246380854112333125e+00 8.347747972282077100e+00 8.541800954847799332e+00 8.766667091055984073e+00 8.841695300452482087e+00 9.067124882015399123e+00 9.096297850697443010e+00 9.260568841282752928e+00 9.386853292818324590e+00 9.517758098811041734e+00 9.711027812104740420e+00 9.790433015945493977e+00 9.982999676408773837e+00 1.018709099073374169e+01 1.034820751364791569e+01 1.070229907325271590e+01 1.071563039810924778e+01 1.080386578558623611e+01 1.108885824298297074e+01 1.119590731561726038e+01 1.133179847049481381e+01 1.147989671225155206e+01 1.151930896999108711e+01 1.158191761122105490e+01 1.173357964201553472e+01 1.182599874392506401e+01 1.199187863324438652e+01 1.213540128597815482e+01 1.233271733782765978e+01 1.240163612960851225e+01 1.255632655059429759e+01 1.270443178607495582e+01 1.283508859241307398e+01 1.294863449352271978e+01 1.299240613959577040e+01 1.330726233715437878e+01 1.339779076458248674e+01 1.354357147991790278e+01 1.372220159728774647e+01 1.387844318068792049e+01 1.391183901633340447e+01 1.420740545368188634e+01 1.431696955205775978e+01 1.446586130819659921e+01 1.458545519692101600e+01 1.479700578196415961e+01 1.509682909301983322e+01 1.530961138117319464e+01 1.542263029322492152e+01 1.553340842227420282e+01 1.567427664650131902e+01 1.584495394946715940e+01 1.600111478759999883e+01 1.613606569454394091e+01 1.625240842535753316e+01 1.633048765664572599e+01 1.657182022350797013e+01 1.671449046365109581e+01 1.697228449878229384e+01 1.755018857853909964e+01 1.769971677377509067e+01 1.774148481613204353e+01 1.815405124197565101e+01 1.857277239255391876e+01 1.867283105739450377e+01 1.929879613074851008e+01 1.974343560348066973e+01 1.993799070157668396e+01 2.004842445150275765e+01 2.040800007022150453e+01 2.095208028287486002e+01 2.110211286603562542e+01 2.169773405398434463e+01 2.183148257634223199e+01 2.197670917983529293e+01 2.223274390224740316e+01 2.245105112540532133e+01 2.279939001220119721e+01 2.314717478890537805e+01 2.325605762436794421e+01 2.375534510431852553e+01 2.435310124724280101e+01
1.366678125274494615e+00 1.557627990356851511e+00 1.792783397451285898e+00 1.876911219779450191e+00 1.920758448917452066e+00 1.950150620627755016e+00 2.078608654692008173e+00 2.233653577486073516e+00 2.269710984070433479e+00 2.396976045358663487e+00 2.480008169573803656e+00 2.526360367863881073e+00 2.655977974177739398e+00 2.703148434322471871e+00 2.860960369814605109e+00 2.954390218531948165e+00 2.984107220117505843e+00 3.080629992001432615e+00 3.168743855107190921e+00 3.238420076923372637e+00 3.301550697610982077e+00 3.510566413126703811e+00 3.565330982978394569e+00 3.613323206539837962e+00 3.740158815720117769e+00 3.774878761171811092e+00 4.011291247352152922e+00 4.102779910372532868e+00 4.133279547688783140e+00 4.261744429669032996e+00 4.351794866789784777e+00 4.408280420831802715e+00 4.550746423144569341e+00 4.655998021294834643e+00 4.750369651002772642e+00 4.891775607882509647e+00 4.990450628487905327e+00 5.085479752675825083e+00 5.158395378374049933e+00 5.334462928217852173e+00 5.476259386332062995e+00 5.572671890719993470e+00 5.665747444224240148e+00 5.811117846169267409e+00 5.875862323660666853e+00 6.025253753941337109e+00 6.282087024146310483e+00 6.299543592757628652e+00 6.446962982302106404e+00 6.514741019727979143e+00 6.613404439686123126e+00 6.778775003067195826e+00 6.933579456535261976e+00 7.062598773125219331e+00 7.131740224685532148e+00 7.206330197545375960e+00 7.380135184547014227e+00 7.513429105946817010e+00 7.666913087389258585e+00 7.771277803140381302e+00 7.997837184740565597e+00 8.103186486277966338e+00 8.273691912353895006e+00 8.521973896641437562e+00 8.610682961214365605e+00 8.696692169350427548e+00 8.894438397499612847e+00 8.968168198988047735e+00 9.079769091549845683e+00 9.228581980495276227e+00 9.297388124690892042e+00 9.561372600420652290e+00 9.614022929724706401e+00 9.735996562995962833e+00 9.794906170647893262e+00 9.877274953015563241e+00 1.023708798717846058e+01 1.049036729928651823e+01 1.056723896217061842e+01 1.066274393042719026e+01 1.079105806753592667e+01 1.094738224001560845e+01 1.122443696636385901e+01 1.148919797928398268e+01 1.163873002738391271e+01 1.177166735508443907e+01 1.179105204697175679e+01 1.196076900346124106e+01 1.208949296241924820e+01 1.221265034591517384e+01 1.230718583357945839e+01 1.237057266776859166e+01 1.255641114171313610e+01 1.271523263894839850e+01 1.273260457702271431e+01 1.288703825714515006e+01 1.302498701932393743e+01 1.330107921647025648e+01 1.340666550976495763e+01 1.358141808462380773e+01 1.379602532186676633e+01 1.390876640931895558e+01 1.401605524910756984e+01 1.405283346762003660e+01 1.441306530845864309e+01 1.448883170597466297e+01 1.468391586408945848e+01 1.488896770179671769e+01 1.504978866826771977e+01 1.515672226008721424e+01 1.520762723755295376e+01 1.536034837522811891e+01 1.546868362116876661e+01 1.574376302884049039e+01 1.611330493400166119e+01 1.616209129874284045e+01 1.629856734658185502e+01 1.648221452672165910e+01 1.655702537627299264e+01 1.672697222308421061e+01 1.696123934186200799e+01 1.744612042798013718e+01 1.771030578643075160e+01 1.775134687216203133e+01 1.808258049837908032e+01 1.879737736734169218e+01 1.908818555617362023e+01 1.919583669114952329e+01 1.967490725552485387e+01 2.024414917863491681e+01 2.028800278619494790e+01 2.049676303881458139e+01 2.059650170791188373e+01 2.112069538433689431e+01 2.156065415257143769e+01 2.177700224051116606e+01 2.196462861319287896e+01 2.204696378733762785e+01 2.244422239235145256e+01 2.274101418659037321e+01 2.299634571443741748e+01 2.348891814623527452e+01 2.397818060626417846e+01 2.451235299395496980e+01
1.363837740814189514e+00 1.557253423155954497e+00 1.788539001624242841e+00 1.882184408686863764e+00 1.906461848283437455e+00 1.964177853333225920e+00 2.063433341220474393e+00 2.228814215342161287e+00 2.291176925837605349e+00 2.395728942594616662e+00 2.480663431951166231e+00 2.525436665461115560e+00 2.656767760676066015e+00 2.711445649338764863e+00 2.853591689061892644e+00 2.953727810554623190e+00 2.991000941237848654e+00 3.080172712754265518e+00 3.172446716703731795e+00 3.232385770099421407e+00 3.300201675444943028e+00 3.507712727857780433e+00 3.563633926878114089e+00 3.621022929479349894e+00 3.737922780508201370e+00 3.772812290262850254e+00 3.997990704689922126e+00 4.111179285616100465e+00 4.136879364280201976e+00 4.260941377762958560e+00 4.351481982118550640e+00 4.404208860460650854e+00 4.551849892197629366e+00 4.652519405006889208e+00 4.748996902002759590e+00 4.889806625457670641e+00 4.989090295629228677e+00 5.088888060346352660e+00 5.160828612154220174e+00 5.337270805724921630e+00 5.479235891538490222e+00 5.564990800480290822e+00 5.672709570193910089e+00 5.814286827815978498e+00 5.880930066029828041e+00 6.028837027024628092e+00 6.278879154850494082e+00 6.300955897775567749e+00 6.446771493880293136e+00 6.517394127770708145e+00 6.614788111478442367e+00 6.773357697024142254e+00 6.931534175224931538e+00 7.066678495134336657e+00 7.136108633114790933e+00 7.210669468314389263e+00 7.383901177806326821e+00 7.516796291652206641e+00 7.667805211603795357e+00 7.771892519977485314e+00 7.989410592525039156e+00 8.111157855348432477e+00 8.276438126799938289e+00 8.521374142693248999e+00 8.608939628218404749e+00 8.699613964011811973e+00 8.892253527834130367e+00 8.975649705529935574e+00 9.085012457885973447e+00 9.225322050931701767e+00 9.298920017154996387e+00 9.548384814593758207e+00 9.621000324328459641e+00 9.734537538989570749e+00 9.810184689141042469e+00 9.883667126861174879e+00 1.024402232436467841e+01 1.047900591234833989e+01 1.056810170008132488e+01 1.067392105536806568e+01 1.079329970833296493e+01 1.094727215275506893e+01 1.122860010110058582e+01 1.148519739750497948e+01 1.163669482714401227e+01 1.176400457410703027e+01 1.178752071641942401e+01 1.195696385270402118e+01 1.210106508244564694e+01 1.221155696111882705e+01 1.226780340536659430e+01 1.242289547966802843e+01 1.255335914445692502e+01 1.270844685620771841e+01 1.274708086157736453e+01 1.287130559829038745e+01 1.303102318683701455e+01 1.330576974486787378e+01 1.341318912474901559e+01 1.358073144876242822e+01 1.379125457330774651e+01 1.391094869894137886e+01 1.401243625037536411e+01 1.404936985656524229e+01 1.441500448346819141e+01 1.449916608904134208e+01 1.468461099487356059e+01 1.487852540312084493e+01 1.505397252518445583e+01 1.515355143147379380e+01 1.520995167622182009e+01 1.536650494017790969e+01 1.547481569219455722e+01 1.574397763898421054e+01 1.610582389060859398e+01 1.617280899680814699e+01 1.629512647675191772e+01 1.647372871036969855e+01 1.656012988996924662e+01 1.673081710407032219e+01 1.696762091510676385e+01 1.744596714479177280e+01 1.770762584903632941e+01 1.775150612764307567e+01 1.808112233202926333e+01 1.879055595554219948e+01 1.906759772687759025e+01 1.920859494220105645e+01 1.967343872994227638e+01 2.022761670771523868e+01 2.028766593606153634e+01 2.049166973785674983e+01 2.059737678548796325e+01 2.112452651892236588e+01 2.155683725792935945e+01 2.177438841016941140e+01 2.196054307766217661e+01 2.204995842457381272e+01 2.244481616387743728e+01 2.273700724773025783e+01 2.299483369087885265e+01 2.348655864157626283e+01 2.397482027268717886e+01 2.450952776388789189e+01
1.354216059677190831e+00 1.556407408874626475e+00 1.772825299921825470e+00 1.880207265665724270e+00 1.897992872274868459e+00 1.988172819623744259e+00 2.033884465195931579e+00 2.222310946619133531e+00 2.332739624366300113e+00 2.390078142434927777e+00 2.482415609810832535e+00 2.525006207039669270e+00 2.660721746245767516e+00 2.730610654857209330e+00 2.836754759459182207e+00 2.952377782416599317e+00 3.007649242674134804e+00 3.078330483610263624e+00 3.176731382180111307e+00 3.223258201374453069e+00 3.294915593801996057e+00 3.500785626524811622e+00 3.555176816957399399e+00 3.640794756501828822e+00 3.731773335355830223e+00 3.768354710598624369e+00 3.974043136398564435e+00 4.110956713151850295e+00 4.158968042018889477e+00 4.256517378403781748e+00 4.348605120495689924e+00 4.396869862035049259e+00 4.551927260951113219e+00 4.643682214679541786e+00 4.744373441886450493e+00 4.886624736050800166e+00 4.983721952470328453e+00 5.099990068697651147e+00 5.168135415411613920e+00 5.345624170301298328e+00 5.487430790694768135e+00 5.548818739344505424e+00 5.686318727089537006e+00 5.818622618665533430e+00 5.900423311607661425e+00 6.038614900696209986e+00 6.269716322835575895e+00 6.304105228802489691e+00 6.447241310377428647e+00 6.524975258610497875e+00 6.618287111350579899e+00 6.760678349094069617e+00 6.926421467254877840e+00 7.072904109291250130e+00 7.150980114383992614e+00 7.223211214530951274e+00 7.394784826245995646e+00 7.525062317739246609e+00 7.671338200092336912e+00 7.775805435631605533e+00 7.967949631326753490e+00 8.130542005976819198e+00 8.283259145460522888e+00 8.519157571256378958e+00 8.607829346099089562e+00 8.706938023456041620e+00 8.884830781776015485e+00 8.998322766449962984e+00 9.097044849186550763e+00 9.216741051446199151e+00 9.302622758626895916e+00 9.521765487099937531e+00 9.635577075463624297e+00 9.742256163319858331e+00 9.832840056520586458e+00 9.909983178143120242e+00 1.026319241296040374e+01 1.045120467001135900e+01 1.057030882511025105e+01 1.070146803700789206e+01 1.079909211255149337e+01 1.094775143935005524e+01 1.123977952207280495e+01 1.147328506098903489e+01 1.163070649287429426e+01 1.174002452398282514e+01 1.178003634842527880e+01 1.195214928718131553e+01 1.212289972420704665e+01 1.219487825291249017e+01 1.224858363978110098e+01 1.248489704583570870e+01 1.256069165065778748e+01 1.269941824443736955e+01 1.277111669714464348e+01 1.284027817275798888e+01 1.303907188654190108e+01 1.331857626593849986e+01 1.343221868981813572e+01 1.357795642553517901e+01 1.377833868964682473e+01 1.391198681081696265e+01 1.400315751883748661e+01 1.404548016301942326e+01 1.442202451685368025e+01 1.452326558134975798e+01 1.468700449013762110e+01 1.485398638086043555e+01 1.506169712539095151e+01 1.514449049678075454e+01 1.521801471182066656e+01 1.538258743117250127e+01 1.549259660687290641e+01 1.574455288826464638e+01 1.609225572161626872e+01 1.619520310674106156e+01 1.628675266485977602e+01 1.644992130423485222e+01 1.656926310970612093e+01 1.674134268592120378e+01 1.698609340736517836e+01 1.744533515429625226e+01 1.769990642286080273e+01 1.775202170625481912e+01 1.807681928368990043e+01 1.877033821949109083e+01 1.902205732690708473e+01 1.923088070570403474e+01 1.966952275410852380e+01 2.018635085348662628e+01 2.027771636293400448e+01 2.048169752113798481e+01 2.059524146710258918e+01 2.113438795292203665e+01 2.154692359253111533e+01 2.176595843591422863e+01 2.194940904919492652e+01 2.205760062193505888e+01 2.244663303118791120e+01 2.272580827672029713e+01 2.299087194241213084e+01 2.347901329834725814e+01 2.396494054555582309e+01 2.450109618858978422e+01
1.335919385398524062e+00 1.554606698625998984e+00 1.739598039388495998e+00 1.854342074905438009e+00 1.912428376956097464e+00 2.008886682609173580e+00 2.020638548542201818e+00 2.215045945073509603e+00 2.365808355449694034e+00 2.383636163115309792e+00 2.482171424497331191e+00 2.531588921686754201e+00 2.668567755304805722e+00 2.745843209951214003e+00 2.824275769031902694e+00 2.951432344850648981e+00 3.024151866735474758e+00 3.075346399216379201e+00 3.172682640869964654e+00 3.220527606851448787e+00 3.290090285728214603e+00 3.481380764401914352e+00 3.547306695611718741e+00 3.657996167359871098e+00 3.724835581431658937e+00 3.767767329600663739e+00 3.954026443763295262e+00 4.105243085926118418e+00 4.184715310109639930e+00 4.245239620946400727e+00 4.336642615219957975e+00 4.397364217011132226e+00 4.544020765579289467e+00 4.636337272042766244e+00 4.734620860209327375e+00 4.887570024088189413e+00 4.975081905841656216e+00 5.115991121170806011e+00 5.181105303190825850e+00 5.359480303778067167e+00 5.497259212589082011e+00 5.533758417958146936e+00 5.699334704832366150e+00 5.817273876714130765e+00 5.936877408401770140e+00 6.051884404633644188e+00 6.256038438661676082e+00 6.307133082619000852e+00 6.450518736805185505e+00 6.536187798821036843e+00 6.622443065298350362e+00 6.747952985371385992e+00 6.920442614968620454e+00 7.073892295648721351e+00 7.174683117673251509e+00 7.242943347478391303e+00 7.411738250356401103e+00 7.533918622708492663e+00 7.679637683848118179e+00 7.787357483382329804e+00 7.938754973801128045e+00 8.154244438569300257e+00 8.291247114005132701e+00 8.516352959771753106e+00 8.609573776567591707e+00 8.719915657687973720e+00 8.874536765826238849e+00 9.029600803777919182e+00 9.109139408042175035e+00 9.206006735380045214e+00 9.306462254865165207e+00 9.496770639858022278e+00 9.657117195688680766e+00 9.761081873609024129e+00 9.847566989912804658e+00 9.959622129551469527e+00 1.029030478868202181e+01 1.041673466375823232e+01 1.057273664441348515e+01 1.073657638639830303e+01 1.080613759606446678e+01 1.095084498290761310e+01 1.125432426174290335e+01 1.145409114643775439e+01 1.162059838725486927e+01 1.170457547173790580e+01 1.177103931286248262e+01 1.195296731452365258e+01 1.212208705255595476e+01 1.219093935485933500e+01 1.226549288691927764e+01 1.249334409353860309e+01 1.261938349751388522e+01 1.268879751906839459e+01 1.276836716091450796e+01 1.283910921281800022e+01 1.303968551168530965e+01 1.333654227860110986e+01 1.346137260513374834e+01 1.357171724154000536e+01 1.375927626640518575e+01 1.390138902702194379e+01 1.398996611560641412e+01 1.405616527854109776e+01 1.443276264522054220e+01 1.454843120255139333e+01 1.469088053494809643e+01 1.482981575324818735e+01 1.506299447288008508e+01 1.513423659939049237e+01 1.523267382118493707e+01 1.540277055922376626e+01 1.552033805825354307e+01 1.574535779212497211e+01 1.607918058754960455e+01 1.621913374767935423e+01 1.627867948007896715e+01 1.641694684549906924e+01 1.658226117832940005e+01 1.675703655078487841e+01 1.701465105218733953e+01 1.744383382809105498e+01 1.768815685394499582e+01 1.775293859357988779e+01 1.806986937583494779e+01 1.873773336012307666e+01 1.896579851450479737e+01 1.924896394382533416e+01 1.966434032213177829e+01 2.012652463485393994e+01 2.025157793672850914e+01 2.047305650963764023e+01 2.058392076903519552e+01 2.114530085938363513e+01 2.153503082838841109e+01 2.175032900388763224e+01 2.193427441337085781e+01 2.206652927432374156e+01 2.244992411698605750e+01 2.270980601964823720e+01 2.298579974227102696e+01 2.346533747906946132e+01 2.394902472933469539e+01 2.448740338282594919e+01
1.307867286903213966e+00 1.548836200411390918e+00 1.688477170719571818e+00 1.826702609607009142e+00 1.918328365465858498e+00 2.008572039998869574e+00 2.052725577130015466e+00 2.206205387677808716e+00 2.350704378435841679e+00 2.400438776437960886e+00 2.479797211155861270e+00 2.547998224654302035e+00 2.677093826469657323e+00 2.741483339168023559e+00 2.830698131893259806e+00 2.950770327348941624e+00 3.025263456301074072e+00 3.077962392911303802e+00 3.169969326972005064e+00 3.213724069840811826e+00 3.294457990350935450e+00 3.440226293885778830e+00 3.547339229996153698e+00 3.656995766081423405e+00 3.721322574681849016e+00 3.780863644557319159e+00 3.942287440251392105e+00 4.101733613710066173e+00 4.200952103564699058e+00 4.227712395900820930e+00 4.314421261424630671e+00 4.405901102500107136e+00 4.530531069092027074e+00 4.634035506552026007e+00 4.721190344609691891e+00 4.894335117515356437e+00 4.965971455950718649e+00 5.130695225627986744e+00 5.200684162366093766e+00 5.378395250259688787e+00 5.496958126199358752e+00 5.531845020263792989e+00 5.711706683878410296e+00 5.811264338659861473e+00 5.980456170011459349e+00 6.065602000888020484e+00 6.241280513730930402e+00 6.309505273330637820e+00 6.458036157722081505e+00 6.547843037810824107e+00 6.627032388770509819e+00 6.740937806230640206e+00 6.915630906973553316e+00 7.069745471451081009e+00 7.198430857179573650e+00 7.268940933255599646e+00 7.432916785097656742e+00 7.540464443705425346e+00 7.694079866482386620e+00 7.809204424337462314e+00 7.905747998424249801e+00 8.175643607794734535e+00 8.299623989261869283e+00 8.515495659785702998e+00 8.609348198955354192e+00 8.742278474779304531e+00 8.864823128090440818e+00 9.057375959923074760e+00 9.118241792736789364e+00 9.197219887882923217e+00 9.308725859256968604e+00 9.483909505332876577e+00 9.685796451837370924e+00 9.784401869773429183e+00 9.863574127322031870e+00 1.002186100325408624e+01 1.031857557841076201e+01 1.038430895864527059e+01 1.057382952681504307e+01 1.077351618116266430e+01 1.081219561230124349e+01 1.095873255654461786e+01 1.126689527490500886e+01 1.142929339539522182e+01 1.160565074936369712e+01 1.166750489908184285e+01 1.176226912696338545e+01 1.195838422823283409e+01 1.210300341809878155e+01 1.220981251104886667e+01 1.229664888811476864e+01 1.248095049611711183e+01 1.266251732777430306e+01 1.269559061645886189e+01 1.274828135907777060e+01 1.287206988804951280e+01 1.303473680907418952e+01 1.335691187924013335e+01 1.349610956189545519e+01 1.356173299899258922e+01 1.373490506967199387e+01 1.387817912453283853e+01 1.397461727294664868e+01 1.408621005184380870e+01 1.444148054559317451e+01 1.456433535681680347e+01 1.469321931052963670e+01 1.482258679106665156e+01 1.504907220153255132e+01 1.513059484813208044e+01 1.525246691663911314e+01 1.542155489947451308e+01 1.555494096300293450e+01 1.574641723327901843e+01 1.606801425573623376e+01 1.623317517174230318e+01 1.628071057883892792e+01 1.638372464954273511e+01 1.659651932750998071e+01 1.677737010294488229e+01 1.704992836892194674e+01 1.744117268526339615e+01 1.767415198507803709e+01 1.775417615668535376e+01 1.806053776021653690e+01 1.869492460023774427e+01 1.890248320020442918e+01 1.925962306137270730e+01 1.965909516240117938e+01 2.004927401852706481e+01 2.020708733851859762e+01 2.046595311477105028e+01 2.056270934172521336e+01 2.114979864513216867e+01 2.152623844458451075e+01 2.172650155525228399e+01 2.191940327762542751e+01 2.207268502688011580e+01 2.245545566412855365e+01 2.269254607970964344e+01 2.298098140994549610e+01 2.344508739552134813e+01 2.392765413088140392e+01 2.446953354554129589e+01
1.269185680938891281e+00 1.531226026838427901e+00 1.630429823292106617e+00 1.795348717723208143e+00 1.917363659920320540e+00 2.017489306542716410e+00 2.087613745759586248e+00 2.196655460724453945e+00 2.324562058190217773e+00 2.396817001394471180e+00 2.479145586791967393e+00 2.568656087357405138e+00 2.677804792795622113e+00 2.729671771859258911e+00 2.844147178660491715e+00 2.945192806339127500e+00 3.013308101931639893e+00 3.087486869433521353e+00 3.165925408967191768e+00 3.213816764531931103e+00 3.299836962468289503e+00 3.389064479735345525e+00 3.545538707889818397e+00 3.645240621389705726e+00 3.720141509358017906e+00 3.806893040060016276e+00 3.937898892104919835e+00 4.099846085056046974e+00 4.194809588827768998e+00 4.215546870561411197e+00 4.286924964398326487e+00 4.412914915544922323e+00 4.527433795799440830e+00 4.628489513953773837e+00 4.712124824229105613e+00 4.902611734345326155e+00 4.957903950773678403e+00 5.142255345591610016e+00 5.224536929113476447e+00 5.400697543760218267e+00 5.484877066110218635e+00 5.542881605493687580e+00 5.726010643461355798e+00 5.803560703525646680e+00 6.014964698000696330e+00 6.079946676428809482e+00 6.230855712609143282e+00 6.313138642706720205e+00 6.469729795474606249e+00 6.553862577327619121e+00 6.635989411512572822e+00 6.741584144071551599e+00 6.913128127374724485e+00 7.062576281041608617e+00 7.215061332298762231e+00 7.299552962879670481e+00 7.454741060643762296e+00 7.546387906832419112e+00 7.713797654689630967e+00 7.834324040238866083e+00 7.878659952855118220e+00 8.186838197179563181e+00 8.312001929902109509e+00 8.516394377104363755e+00 8.605442483215261618e+00 8.770334538509853672e+00 8.856542566261722982e+00 9.071928892842480607e+00 9.128088908326292383e+00 9.193848293123835447e+00 9.310151300635403970e+00 9.486376698949550601e+00 9.717172306314067143e+00 9.808174315768287244e+00 9.888952239528766341e+00 1.008710114409064573e+01 1.032713265868330055e+01 1.037676633462668185e+01 1.057213788000417409e+01 1.080479304864409329e+01 1.082026903759366654e+01 1.097237578794729274e+01 1.127089686524857015e+01 1.140247775501646821e+01 1.158656588541404808e+01 1.163749368939204665e+01 1.175559767229419528e+01 1.196244464120889539e+01 1.208977413272837964e+01 1.222776515536623876e+01 1.233183555350855976e+01 1.246922577217852890e+01 1.264127444684364932e+01 1.269875581770796202e+01 1.278726602180785932e+01 1.290489023512086675e+01 1.303450163607334389e+01 1.337776794223463028e+01 1.352869089369297129e+01 1.355242002674798663e+01 1.370673318058697632e+01 1.384752124782379390e+01 1.396132623399544315e+01 1.412702809944690152e+01 1.444176369074066280e+01 1.456568940254929423e+01 1.469430822214838273e+01 1.484044849542446975e+01 1.502250204153931179e+01 1.513229423555580233e+01 1.527384991784542301e+01 1.543698819515432064e+01 1.559141417497794002e+01 1.574826054069324144e+01 1.605935361206527290e+01 1.623069075721024035e+01 1.629488941822133796e+01 1.636074869470196802e+01 1.661032951016932557e+01 1.680289622179614994e+01 1.708701321823873798e+01 1.743749421890449014e+01 1.766039192883443576e+01 1.775544448946891052e+01 1.804903398984498608e+01 1.864502965068250617e+01 1.883231990198323658e+01 1.926298443870667398e+01 1.965446237952629716e+01 1.995193095377068460e+01 2.014096345077488692e+01 2.045855119807360367e+01 2.053554352560592022e+01 2.114141818371871295e+01 2.152324303727882082e+01 2.169554205231180433e+01 2.190934550032294581e+01 2.207276420857997223e+01 2.246454563195478471e+01 2.267785592576684550e+01 2.297735204670805942e+01 2.341908825410916251e+01 2.390156980700849942e+01 2.444950667857042248e+01
1.218304137933347464e+00 1.483901778652824355e+00 1.587585127790685835e+00 1.759684607213284790e+00 1.915282907899238829e+00 2.026127274403961565e+00 2.105667516727354638e+00 2.193519250829348177e+00 2.298348939906946331e+00 2.375285397475590088e+00 2.473079777795633039e+00 2.584252528818334671e+00 2.663783686631852277e+00 2.724528047968127087e+00 2.847226545385645569e+00 2.925924358733805519e+00 3.009230718961726669e+00 3.097969279688259636e+00 3.157567280526275777e+00 3.224125470018183837e+00 3.290312967731957361e+00 3.353257909880022591e+00 3.536270620277007115e+00 3.636797660336392735e+00 3.721637842195570922e+00 3.836934614556437140e+00 3.936430427507311425e+00 4.096093496524660260e+00 4.172780010069143231e+00 4.202378287040119176e+00 4.264700707720385786e+00 4.417020027757911471e+00 4.540469771473350846e+00 4.614847477012170351e+00 4.712019808952462085e+00 4.906600099739433674e+00 4.951273473593534646e+00 5.152690070564324820e+00 5.247826405351002421e+00 5.423505539362173167e+00 5.472627182947433333e+00 5.554362561577211643e+00 5.743485647553681517e+00 5.796512648473557405e+00 6.028310757052302904e+00 6.096063764449736411e+00 6.229351569626988550e+00 6.321614971778258152e+00 6.483768116491554601e+00 6.549776355341176526e+00 6.654397094891336906e+00 6.748569344722916696e+00 6.913111263587150113e+00 7.053859627888759753e+00 7.222914451192564478e+00 7.331128061326015910e+00 7.471994920021107767e+00 7.556201660289829647e+00 7.736638901452225880e+00 7.820648744568362787e+00 7.899869837289218211e+00 8.182976104769455361e+00 8.330225183129783773e+00 8.515860815018189811e+00 8.601371291817827114e+00 8.792964202661019968e+00 8.847737258420210082e+00 9.078916255107044364e+00 9.136162600759661245e+00 9.200004759047985203e+00 9.314224855695309557e+00 9.499170788755545658e+00 9.747202568574980575e+00 9.830866369107937430e+00 9.925576097440535150e+00 1.014433387275928133e+01 1.031161357821424041e+01 1.040303597689405990e+01 1.056749355440862992e+01 1.081113790403506059e+01 1.084901086996327813e+01 1.099040462308420452e+01 1.125916344775601985e+01 1.138102692420166484e+01 1.156644602981912229e+01 1.161816307582178887e+01 1.175136746967576151e+01 1.195849745629549687e+01 1.208369287768115363e+01 1.224097574104292718e+01 1.235997884738032937e+01 1.246334547774094581e+01 1.261906577138767815e+01 1.268593874202749383e+01 1.283045817318450155e+01 1.292931890905330228e+01 1.305249490181696359e+01 1.339715757264025520e+01 1.352947221009924839e+01 1.357154414630218042e+01 1.367979137507011522e+01 1.381227639789455708e+01 1.395226977332736240e+01 1.416937130412696533e+01 1.443078135139937501e+01 1.455435088847129954e+01 1.470002481237582970e+01 1.487428675007436141e+01 1.499167142289373622e+01 1.513412254698968873e+01 1.529233198264020110e+01 1.545064125845663305e+01 1.562367276318847331e+01 1.575212618654309082e+01 1.605396641476921360e+01 1.622275185659243490e+01 1.630098885173219259e+01 1.636019671880682225e+01 1.662167181338202937e+01 1.683516367459297314e+01 1.711952695598386498e+01 1.743340236087110284e+01 1.764961762255012445e+01 1.775629131978420006e+01 1.803533339792812029e+01 1.859100703148370570e+01 1.875524084918735568e+01 1.925947988315846260e+01 1.965039855466414309e+01 1.982359703431476561e+01 2.005363736322827251e+01 2.044987564964659299e+01 2.050835416768193298e+01 2.111922741880344390e+01 2.152262825029451321e+01 2.166149705307405071e+01 2.190819282850096528e+01 2.206577147071622846e+01 2.247834123680280882e+01 2.266896730953903472e+01 2.297539208086604745e+01 2.338956536183020773e+01 2.387196649849451902e+01 2.442988244434058132e+01
1.153457410220862789e+00 1.404218097528457720e+00 1.564687401994449001e+00 1.720755234638646325e+00 1.912168061313234135e+00 2.029137575428766826e+00 2.086804952847196137e+00 2.203130712967250382e+00 2.277053397615179886e+00 2.349624748052685508e+00 2.453792949609773899e+00 2.581218972811178514e+00 2.641451657313359291e+00 2.723674712800304931e+00 2.831615308975487633e+00 2.906464383007052454e+00 3.011656525474013080e+00 3.102325602751134781e+00 3.158279179748663346e+00 3.207557724936449084e+00 3.299022600906106995e+00 3.336648279962040498e+00 3.525845952488306789e+00 3.633047696191778364e+00 3.724871090742999158e+00 3.866438091719566206e+00 3.933057134313224790e+00 4.083329771696083910e+00 4.152051514332546489e+00 4.184370136509520499e+00 4.254533382568335576e+00 4.422543853338757103e+00 4.559018262402513955e+00 4.601671154765929472e+00 4.715337933748618759e+00 4.904653073949667430e+00 4.944354972700067741e+00 5.163684646420796831e+00 5.265939951293812094e+00 5.440270770890739627e+00 5.468885972733158241e+00 5.562904935535627260e+00 5.755720339355818282e+00 5.799085782277412449e+00 6.028460001224605236e+00 6.104923259106818989e+00 6.237063522071267130e+00 6.337330162824268420e+00 6.495026860567901572e+00 6.539675192038364671e+00 6.682336282970204877e+00 6.759478573799011514e+00 6.915188836285773633e+00 7.044678724290652561e+00 7.223376407603025129e+00 7.358426841006662222e+00 7.481928622077824720e+00 7.572588113893407247e+00 7.755184796681349191e+00 7.795282668445645768e+00 7.946618698753542986e+00 8.166883665337669740e+00 8.347906756409239293e+00 8.511725428595211085e+00 8.599410168676772770e+00 8.802295536482176885e+00 8.835241964285344807e+00 9.087753581762125776e+00 9.138748009586109333e+00 9.216806224970129691e+00 9.324693132573337095e+00 9.515480290302077648e+00 9.775617897000138612e+00 9.851902279381683059e+00 9.969103654785378410e+00 1.018036424074311874e+01 1.030585050741115438e+01 1.043303045316624456e+01 1.056413432676737330e+01 1.081020790176320645e+01 1.088310120538834624e+01 1.100896200245866829e+01 1.123086678052406384e+01 1.137098468852074440e+01 1.154796844021846702e+01 1.160854588669706366e+01 1.174801606679304378e+01 1.194461522705136325e+01 1.207729705302300971e+01 1.224873947131993290e+01 1.237224237634299939e+01 1.246495761873376829e+01 1.260864207187067976e+01 1.267877322175372612e+01 1.283756715609904475e+01 1.295837495169861775e+01 1.308620431113587657e+01 1.341212236334879826e+01 1.351860675170635950e+01 1.359420541929090831e+01 1.366540811626927798e+01 1.377512400116340352e+01 1.394612244690405589e+01 1.420576711206745557e+01 1.441120153050232311e+01 1.453769564349904009e+01 1.470781477806296955e+01 1.490563241164559116e+01 1.496774262387443422e+01 1.513550269633808121e+01 1.530492603764972692e+01 1.546503524778960781e+01 1.564681987270505559e+01 1.575884156882171183e+01 1.605227949966671375e+01 1.621758246850673402e+01 1.629575054572730863e+01 1.637737965312817323e+01 1.662823514792981072e+01 1.687539237860331198e+01 1.714122797679444332e+01 1.742940895623872777e+01 1.764317756617809252e+01 1.775628964109455055e+01 1.801900631436194899e+01 1.853417104351648348e+01 1.867288021049950331e+01 1.924754986662257039e+01 1.962670582815739806e+01 1.966461180226400529e+01 1.995746202533410951e+01 2.043864808037871228e+01 2.048714904277342796e+01 2.108815296634151792e+01 2.151589158515526989e+01 2.163020501965446130e+01 2.191869627922044472e+01 2.205409565856628973e+01 2.249651619629506527e+01 2.266835622076756351e+01 2.297531289198118287e+01 2.335961216802159868e+01 2.384057353814397473e+01 2.441293560698638743e+01
1.073813565413891391e+00 1.307249989117090783e+00 1.545663473102812713e+00 1.680680560359453901e+00 1.903548292776264361e+00 2.013169357582975660e+00 2.053989104606976479e+00 2.206474337593754331e+00 2.255825695115480922e+00 2.333653702228792426e+00 2.414361396541027993e+00 2.550746828055497240e+00 2.619917762291496199e+00 2.727581837939360376e+00 2.807735167326872450e+00 2.897930210863365108e+00 3.007691383254617268e+00 3.087947020211764038e+00 3.163412477670169309e+00 3.200248499188973028e+00 3.317363468866431742e+00 3.335488886573700018e+00 3.520165550294908297e+00 3.631855160195190280e+00 3.726377107388880727e+00 3.893181062712590901e+00 3.925531484008899508e+00 4.053441203097152723e+00 4.140539966205378342e+00 4.182590691743167000e+00 4.248715884674344245e+00 4.428828640343215106e+00 4.567851900467491788e+00 4.604260298205962165e+00 4.715863862854782873e+00 4.900042797792760751e+00 4.933793101666259062e+00 5.175648634246235780e+00 5.275663515458011155e+00 5.439946795191288764e+00 5.484738761116267902e+00 5.569499237628240174e+00 5.749104800975406881e+00 5.823783591114909619e+00 6.026895685095836619e+00 6.102998460945292081e+00 6.250625847257795797e+00 6.358072850200295889e+00 6.493857245561005520e+00 6.534666707339867209e+00 6.717568303897426318e+00 6.772017235104685007e+00 6.918806679774352375e+00 7.036122794468504082e+00 7.218361346818625179e+00 7.375264638162128072e+00 7.488255819078131204e+00 7.593602688474984319e+00 7.742103562542690831e+00 7.803227763240266235e+00 7.996818077681089321e+00 8.144389903226247895e+00 8.356430852963528721e+00 8.505053766252846259e+00 8.597374237182407342e+00 8.794431799094693858e+00 8.825056903774580519e+00 9.087745291336135622e+00 9.145566458092350359e+00 9.240335636380160977e+00 9.342911180615937283e+00 9.532303887778555307e+00 9.801868837765345788e+00 9.872660644105405225e+00 1.001190566072495258e+01 1.019462726854082035e+01 1.031192393787794614e+01 1.045113901143889201e+01 1.057355701832741168e+01 1.080733237822568071e+01 1.091927454058056846e+01 1.102269902499805632e+01 1.119717429868993008e+01 1.136952709923133931e+01 1.153435216723094925e+01 1.160371426578947585e+01 1.174229729155326574e+01 1.192376972754027697e+01 1.206190850400834336e+01 1.225083887511827463e+01 1.236991676016774733e+01 1.246972823876252434e+01 1.261018306664441546e+01 1.268041316562267795e+01 1.282005083675070445e+01 1.299187253814597298e+01 1.312105436119819935e+01 1.341910026255822785e+01 1.351015574979456879e+01 1.360102681232727839e+01 1.367515204921666516e+01 1.374009230409102322e+01 1.394005837868300901e+01 1.423004964069913214e+01 1.438923360526273143e+01 1.452069712542517443e+01 1.471065387751847986e+01 1.489855716980223654e+01 1.497871238523778281e+01 1.514050616188706933e+01 1.531233962790314074e+01 1.548079330197986181e+01 1.566009094341221441e+01 1.576633194682487371e+01 1.605326701797610411e+01 1.622024597868996310e+01 1.628710148223963827e+01 1.639685401527692221e+01 1.662982544482118641e+01 1.692180053073854040e+01 1.714939167797354358e+01 1.742541056728956050e+01 1.763794819600252950e+01 1.775518593336224527e+01 1.799901481206868326e+01 1.847216583840948090e+01 1.859005644549059255e+01 1.921708257231298944e+01 1.940258021896800145e+01 1.965263738317866427e+01 1.986767060877623337e+01 2.042275803522047894e+01 2.047667955901021131e+01 2.105471084337573728e+01 2.149696544559393274e+01 2.160525168362215354e+01 2.193980890079049573e+01 2.204377764425261432e+01 2.251655391158368147e+01 2.267817579118047178e+01 2.297726323493353107e+01 2.333218323205726819e+01 2.380921172438432620e+01 2.439998889596285636e+01
9.799754626157739512e-01 1.199370939222369037e+00 1.520638620032694677e+00 1.643023794202731036e+00 1.875870707616326127e+00 1.959220243980319243e+00 2.047157485549718992e+00 2.187576796604967733e+00 2.232901645138657187e+00 2.320827412853767591e+00 2.358474481521706245e+00 2.514934513701389651e+00 2.601225149793946922e+00 2.730881465520104801e+00 2.792691130849803471e+00 2.890985263048921894e+00 2.985061461336089739e+00 3.079115478480705992e+00 3.162550313760205789e+00 3.221560634273538781e+00 3.299599378049740128e+00 3.375617546865349983e+00 3.519111849759482435e+00 3.633134857470999624e+00 3.722901072904953423e+00 3.905796645339514761e+00 3.921910352006785505e+00 4.017898139406787195e+00 4.140539193319126454e+00 4.197556630649828868e+00 4.243709469382205945e+00 4.432033075926634424e+00 4.572075684908397442e+00 4.617196859282360677e+00 4.711535521439260243e+00 4.896033255710990240e+00 4.918689246341048538e+00 5.188215335954652119e+00 5.276750794908080522e+00 5.432917439729098241e+00 5.505952588463390640e+00 5.578034839745789064e+00 5.735411757522824061e+00 5.858450626931078986e+00 6.026241736520550951e+00 6.095667056612994017e+00 6.268120075414707948e+00 6.376287534479065933e+00 6.482275734363982522e+00 6.537149986454087625e+00 6.756778488152270334e+00 6.784451222927168956e+00 6.923184591790800368e+00 7.029731973702584291e+00 7.209522303523903553e+00 7.377759638123353447e+00 7.495621399640221227e+00 7.615154556274839059e+00 7.716637718343456243e+00 7.826328999221872529e+00 8.040500385244806481e+00 8.124397799976568635e+00 8.351796673969271723e+00 8.496712129296501104e+00 8.591395193526874863e+00 8.773124657512763491e+00 8.823532756257167264e+00 9.072022234087167902e+00 9.154168951177570790e+00 9.270319791067201720e+00 9.365693854003856345e+00 9.550084914383045742e+00 9.821552972279530280e+00 9.897283349020046472e+00 1.004710063351938842e+01 1.020168889815954039e+01 1.031712149040622961e+01 1.045230222009203480e+01 1.059911256497154142e+01 1.080190489998713943e+01 1.095621993764794411e+01 1.102719005656752671e+01 1.117227539928839164e+01 1.137131436945647245e+01 1.152864976282547005e+01 1.159807939010422650e+01 1.172940728842216096e+01 1.190059879608138615e+01 1.203473033282462090e+01 1.224742498762988774e+01 1.236125693892532240e+01 1.247157963308866968e+01 1.261473867390639647e+01 1.268977592598604076e+01 1.279814279497313656e+01 1.302038966367517503e+01 1.314812591648615125e+01 1.341722629708356251e+01 1.350544442475226425e+01 1.360226576991779979e+01 1.369613996283941226e+01 1.371406098754327907e+01 1.393169911965066632e+01 1.423818437873438647e+01 1.437046731661186705e+01 1.450388853901279518e+01 1.470444457137627658e+01 1.486547824268664897e+01 1.500368558655142337e+01 1.515518714956178314e+01 1.531832354131481466e+01 1.549645922959567557e+01 1.566546536380838361e+01 1.577044616641835617e+01 1.605470125663489256e+01 1.623210639617073170e+01 1.627480523915228972e+01 1.641141188005160245e+01 1.662992510056321294e+01 1.696799133048659769e+01 1.714722538006111918e+01 1.742141285946732410e+01 1.762432639407833435e+01 1.775262144303392731e+01 1.797264109884988414e+01 1.839645159734883251e+01 1.851501959372427208e+01 1.906091791025781390e+01 1.923694945215505570e+01 1.965096990546111044e+01 1.979344063279830124e+01 2.040374740504623574e+01 2.047651565216193248e+01 2.102331040836758902e+01 2.146779200494399831e+01 2.158481012856740477e+01 2.196268450370286374e+01 2.204587064535284568e+01 2.253482165080008670e+01 2.269988832132681011e+01 2.298146265094189644e+01 2.330904292310327719e+01 2.377915902391547931e+01 2.439128440632388717e+01
8.738509018706467346e-01 1.082871996202505516e+00 1.486162870429909022e+00 1.608862623420443505e+00 1.800753499369778909e+00 1.908690473990130254e+00 2.049916144089902748e+00 2.140922915235455193e+00 2.218897253805477643e+00 2.265443792216804475e+00 2.342647382295311775e+00 2.490473937171278518e+00 2.585828827358895854e+00 2.720048060039681914e+00 2.792337180863832202e+00 2.873015163066362732e+00 2.962436236584559790e+00 3.087338801116974452e+00 3.162001417434383566e+00 3.244071756727655576e+00 3.287932806623669713e+00 3.414044978632165162e+00 3.522819271455165602e+00 3.637504871213194768e+00 3.713430229094777602e+00 3.885140337306680625e+00 3.934468581952588639e+00 3.997361367854066927e+00 4.148062183027734662e+00 4.221273493399273491e+00 4.241697710333241389e+00 4.430786664767760286e+00 4.583362826199535611e+00 4.623633797765368314e+00 4.704410703707549324e+00 4.892563483284556369e+00 4.902625754704994065e+00 5.200628834046409743e+00 5.271826109445441944e+00 5.424417975453754259e+00 5.519255299817817040e+00 5.594384285182091077e+00 5.724236527453780532e+00 5.894482409239421905e+00 6.022167458851903632e+00 6.089890569316073865e+00 6.290296638105796312e+00 6.381050729030855351e+00 6.476832148865808492e+00 6.539862028168901276e+00 6.788893803825998496e+00 6.801924052775087937e+00 6.926884696964711985e+00 7.028020802291941926e+00 7.198360693357698459e+00 7.368670377551570283e+00 7.503092422356949065e+00 7.630186537169584504e+00 7.698403149411506163e+00 7.847124730073590904e+00 8.052182011097082537e+00 8.131894553215509802e+00 8.335940857128711912e+00 8.485439211262100656e+00 8.579812727691370711e+00 8.750893202676719440e+00 8.824988227781085826e+00 9.046044726328480223e+00 9.157701588596054876e+00 9.302370491388872509e+00 9.389428096585216821e+00 9.568498292207280542e+00 9.831963022922140638e+00 9.927836931293166245e+00 1.007185412774007993e+01 1.020593560177155901e+01 1.031930363448997667e+01 1.044879551542523721e+01 1.062582490349721276e+01 1.079394603272606545e+01 1.098418821141099144e+01 1.102546280273794110e+01 1.116756735244929821e+01 1.137183330062950226e+01 1.152919839152163028e+01 1.159028062212645516e+01 1.170527580841380555e+01 1.187785119211803497e+01 1.200017759143789675e+01 1.223855726535377997e+01 1.234971840939193477e+01 1.246977860102378166e+01 1.261472257818886611e+01 1.269635648457206045e+01 1.278394234399704743e+01 1.303938531059275974e+01 1.316669038614831599e+01 1.341024313158274062e+01 1.350475646129931917e+01 1.360083032502549294e+01 1.369177173312519713e+01 1.372767189138794031e+01 1.391969262065806312e+01 1.423121576214397521e+01 1.435572121677420654e+01 1.448488630059455673e+01 1.468888283274888629e+01 1.482639945763895639e+01 1.501750588668027220e+01 1.518063530817271278e+01 1.532806022851201710e+01 1.551005342032164336e+01 1.566215959653380452e+01 1.576874245392119889e+01 1.605514065210473262e+01 1.624262149133245003e+01 1.626320486758951844e+01 1.641836938823200143e+01 1.663389952515085923e+01 1.700257041442739592e+01 1.714355923617459254e+01 1.741838121924034510e+01 1.758886572384596292e+01 1.774768930670196099e+01 1.793111703320225914e+01 1.829647411211949759e+01 1.845206109052495691e+01 1.879529546721665412e+01 1.918410150328198682e+01 1.962751819775026974e+01 1.975454863321293075e+01 2.038452594436925480e+01 2.048395820479439067e+01 2.099558219900765010e+01 2.143324396769098428e+01 2.156589210306044535e+01 2.197434141003489927e+01 2.207266245574097852e+01 2.254907853526081141e+01 2.273252071915799988e+01 2.298821672638870695e+01 2.329025170337470740e+01 2.375089208170812327e+01 2.438625887333731157e+01
7.584862249956987323e-01 9.592376089948237983e-01 1.447305356387941000e+00 1.561861214198686065e+00 1.687469664201958874e+00 1.867414293505256007e+00 2.050624865258756202e+00 2.089242818263834511e+00 2.190416629614002630e+00 2.234316167343740833e+00 2.340063035464890806e+00 2.473870793056119677e+00 2.574566442274431655e+00 2.693845616428373280e+00 2.797988430405136562e+00 2.844254100882487979e+00 2.959526179975614735e+00 3.096607484472014171e+00 3.166443440045153324e+00 3.254413436303396079e+00 3.292553075674248930e+00 3.441240449657114731e+00 3.534781705427509912e+00 3.645421160384010317e+00 3.700001118054107696e+00 3.852977479770276048e+00 3.942116355355456125e+00 3.998108867206020101e+00 4.160988894486119527e+00 4.230407566119156471e+00 4.261323022822772977e+00 4.427892348176989401e+00 4.593160681497666431e+00 4.623710085239442158e+00 4.697065183295627833e+00 4.883219013943833176e+00 4.896311169993423640e+00 5.211493288562461856e+00 5.264622945849553481e+00 5.415382413940967865e+00 5.521361404480349400e+00 5.618285888668771655e+00 5.720527412774152332e+00 5.928254159913672439e+00 6.009419936002039719e+00 6.090195050865564674e+00 6.317346839658628532e+00 6.369356426868752585e+00 6.483304663219269237e+00 6.541010443471218849e+00 6.798068952947982524e+00 6.834140035877627639e+00 6.928153835443945141e+00 7.034118444756913391e+00 7.186576506679760001e+00 7.354104573773933673e+00 7.507426669768998195e+00 7.626162954361630497e+00 7.697957757493736786e+00 7.860890065896236401e+00 8.034832390031558802e+00 8.163747788759364354e+00 8.314101627869929345e+00 8.470773574689298258e+00 8.564442249201650981e+00 8.730294834760721656e+00 8.826828644526909073e+00 9.014756433429196747e+00 9.158192585637209504e+00 9.326132963363825468e+00 9.416166936970965295e+00 9.583512780148675247e+00 9.836812051125960465e+00 9.961033010143779620e+00 1.008732907732205675e+01 1.020181426785759271e+01 1.032534130724450527e+01 1.044815178607955808e+01 1.064144290583703700e+01 1.078660667063268264e+01 1.098447264522684641e+01 1.103264568192844486e+01 1.118741231871668695e+01 1.136690653643056415e+01 1.152412401773264250e+01 1.158672416199467037e+01 1.167297946881934401e+01 1.185148948572725836e+01 1.196687197572837036e+01 1.222366283010289578e+01 1.233210804187609710e+01 1.246742723289234256e+01 1.260664666389726740e+01 1.268926736353165907e+01 1.277971762198946948e+01 1.304728965399178797e+01 1.318262026670965881e+01 1.340206245628210979e+01 1.350661913079016863e+01 1.359360231433852029e+01 1.368485525670190661e+01 1.375491260535251214e+01 1.390368779079993367e+01 1.421496354141751794e+01 1.434097391588582227e+01 1.446023452883358473e+01 1.466439872347068807e+01 1.478627140444642230e+01 1.501722942996803489e+01 1.520774852813886469e+01 1.534821491333141275e+01 1.551936973192294822e+01 1.564436591504824037e+01 1.576246773349140895e+01 1.605458293252662827e+01 1.621874107264503451e+01 1.627769255588300723e+01 1.642064302283805688e+01 1.664464837091751548e+01 1.701261709761950058e+01 1.714800019279214283e+01 1.741677594317026845e+01 1.752091748186596476e+01 1.773910410633094159e+01 1.785591638913827595e+01 1.818141194705377828e+01 1.839635731641583050e+01 1.860767624209292848e+01 1.913613741267902668e+01 1.956776757805007705e+01 1.976234204729973953e+01 2.036559866242749095e+01 2.049781182245278544e+01 2.097148995713942909e+01 2.139626346024438774e+01 2.154759140015859131e+01 2.197824844702980229e+01 2.211840229197877150e+01 2.255941573098021635e+01 2.277216455266284356e+01 2.299784951828681656e+01 2.327443608223886429e+01 2.372433347230549217e+01 2.438391418022431267e+01
6.378619161086417355e-01 8.298304666408731212e-01 1.397594228712583986e+00 1.453602279521073903e+00 1.614317227095286578e+00 1.829124586743840375e+00 2.024789482843953881e+00 2.064654137857616867e+00 2.152706646407839486e+00 2.237587902424695852e+00 2.340051042801227332e+00 2.460693695984215612e+00 2.566532295662870666e+00 2.659648360698150249e+00 2.797373841525224503e+00 2.821485673492922341e+00 2.969283679242997742e+00 3.095715357648022970e+00 3.179774874422963027e+00 3.257784074021437437e+00 3.307778356214069682e+00 3.454938312238846621e+00 3.554186074811445550e+00 3.654638982627543609e+00 3.685908174407307669e+00 3.823460041143261545e+00 3.949260877576223017e+00 4.007292135825849755e+00 4.178285514466477224e+00 4.228684530343507220e+00 4.293563868121847094e+00 4.427648702936023639e+00 4.580545100746403087e+00 4.631303176758708950e+00 4.691556612706938800e+00 4.874361832081291368e+00 4.897328986667605299e+00 5.217541261990040091e+00 5.259819445935810300e+00 5.406793751002564541e+00 5.517128354102218246e+00 5.642249611815687516e+00 5.726674646969533100e+00 5.957229406535248017e+00 5.988988349066667993e+00 6.095431859810943820e+00 6.334758814371439506e+00 6.363294437818461269e+00 6.493974239073099675e+00 6.540816609774664947e+00 6.801601845780229638e+00 6.858093280679156578e+00 6.927527708692581498e+00 7.048787995063880985e+00 7.176451697515559225e+00 7.338896098520685918e+00 7.507302914970127361e+00 7.604494169786645941e+00 7.709194879369574593e+00 7.864574685825531652e+00 8.019024261198456571e+00 8.188415413815880228e+00 8.293280697897801090e+00 8.454541145436495597e+00 8.549095759450707988e+00 8.708919635466221720e+00 8.827615475929519562e+00 8.983771515510239780e+00 9.157330041052865965e+00 9.335329682218285186e+00 9.448430762203820166e+00 9.589887527884659590e+00 9.840554486185732586e+00 9.993430615098390035e+00 1.009452648180249845e+01 1.019193186538779194e+01 1.033419214509964945e+01 1.045003500632827986e+01 1.064241188683749861e+01 1.078444236561298020e+01 1.096668962934758795e+01 1.104386752378347403e+01 1.122294732878379087e+01 1.135284218892031483e+01 1.150110486007124244e+01 1.158664577322170075e+01 1.165004813609951739e+01 1.181371593754765392e+01 1.194148436313643558e+01 1.220054286927712006e+01 1.230037162495326974e+01 1.246830634934569559e+01 1.258855122498578361e+01 1.266949691827268687e+01 1.277626069035282441e+01 1.304932673130373466e+01 1.320110088104720347e+01 1.339365171885192218e+01 1.350801062811088116e+01 1.358525946573823973e+01 1.367810118794161411e+01 1.378260050844999896e+01 1.388500794367958591e+01 1.419437686821389732e+01 1.431996131795879990e+01 1.442996971334176770e+01 1.462866237979625339e+01 1.474987811719064368e+01 1.500467398593396418e+01 1.522471702215015199e+01 1.538277756681493003e+01 1.552054295614993507e+01 1.561038673661349563e+01 1.575612625275200962e+01 1.605332373799546986e+01 1.618474512586480074e+01 1.629258956691128191e+01 1.642594650795174616e+01 1.666022724677769418e+01 1.699871228932582667e+01 1.715558186927099626e+01 1.739872110572117236e+01 1.744327232489970214e+01 1.771299933936766990e+01 1.776449401435287712e+01 1.809171106312187405e+01 1.835009779773080041e+01 1.851497870344758923e+01 1.908831621999794592e+01 1.949363495709472360e+01 1.979203988687761395e+01 2.034598592749065915e+01 2.051752688019612236e+01 2.095051261471649084e+01 2.135829555940978608e+01 2.153011522574722747e+01 2.198238619088680323e+01 2.217209803042229055e+01 2.256677987988825151e+01 2.281371210608726230e+01 2.301065160907301888e+01 2.325955226812278198e+01 2.369932270512137151e+01 2.438313488874254986e+01
5.163279204125018618e-01 6.959364413415866091e-01 1.222451612339429561e+00 1.417127512642438747e+00 1.585253441173315458e+00 1.795916714488968280e+00 1.982851094946572523e+00 2.050582403957865285e+00 2.130695763886087946e+00 2.250571959968049374e+00 2.344747098996587731e+00 2.448719688779724901e+00 2.558599084694780590e+00 2.627315116121892391e+00 2.785552085058430993e+00 2.811770411039165474e+00 2.984811570579109397e+00 3.087969298637537552e+00 3.191351596399057300e+00 3.267500853853583465e+00 3.323202911173227303e+00 3.463367268061518178e+00 3.572883164593088079e+00 3.656549472048867155e+00 3.669993099214590604e+00 3.815464422167059499e+00 3.956616915427716208e+00 4.017533384666501561e+00 4.197174221579524911e+00 4.227797236071384468e+00 4.321776442365782955e+00 4.434460003886731450e+00 4.555564311531486332e+00 4.624896444815410845e+00 4.699533142312805722e+00 4.867314477235803238e+00 4.904902580883019780e+00 5.214556377153443556e+00 5.261976676921262808e+00 5.399637589376484748e+00 5.510994199689971396e+00 5.661245815883482635e+00 5.741511493175029734e+00 5.959602397079908798e+00 5.984845585178936389e+00 6.103368537812272621e+00 6.316142241727366269e+00 6.392591852366233063e+00 6.502835356617737261e+00 6.540022964823059226e+00 6.801842474488022816e+00 6.867308918208530955e+00 6.929282647991219513e+00 7.066863028840118410e+00 7.171607151782537493e+00 7.326014948406186278e+00 7.503013838583112438e+00 7.573760573747198244e+00 7.718352246793021898e+00 7.860361598361124358e+00 8.013705575962701388e+00 8.192461665821651806e+00 8.279950556524088512e+00 8.439831992438154629e+00 8.537573477951273304e+00 8.685009300925470299e+00 8.826068754873940492e+00 8.958755038731421649e+00 9.154113233108347458e+00 9.331978087396906929e+00 9.481083982821258971e+00 9.587166407475686825e+00 9.844162331515770248e+00 1.002368320033380300e+01 1.009364114747985752e+01 1.018534714541331709e+01 1.033757563981467165e+01 1.045103013345955212e+01 1.063242351363401639e+01 1.078877717810968306e+01 1.094148869230580701e+01 1.105602618105925217e+01 1.125376189692886619e+01 1.132930595171196231e+01 1.146262900418703445e+01 1.157996781891737470e+01 1.165324052755334172e+01 1.176366792969774266e+01 1.192203919026139403e+01 1.216212543052066941e+01 1.224824466576041182e+01 1.247337103130400848e+01 1.256107377133190894e+01 1.264469420268103050e+01 1.277041362142238690e+01 1.305468923651834245e+01 1.322126828992426262e+01 1.338501557913975581e+01 1.350613190828324761e+01 1.358046657282596392e+01 1.366577140644212918e+01 1.380292660524453829e+01 1.387073932417748523e+01 1.416898950139658098e+01 1.428563473556461183e+01 1.440325395056090230e+01 1.458018919817249426e+01 1.472102990693327129e+01 1.498419132976734502e+01 1.522876190537945540e+01 1.541879087932355574e+01 1.551204077939709158e+01 1.558277590954515190e+01 1.575280604833545439e+01 1.605127370914867768e+01 1.615504883002197545e+01 1.629924652062424784e+01 1.643989745189329454e+01 1.667607579048337030e+01 1.697423982894786576e+01 1.714905087160540731e+01 1.732611504151696380e+01 1.743017215428621469e+01 1.763036833209244492e+01 1.773938727253539938e+01 1.802970810213060560e+01 1.832121226796246205e+01 1.846894869438746412e+01 1.904453806816183459e+01 1.941753212737687306e+01 1.982944643599964962e+01 2.032468606474034800e+01 2.054209785318770187e+01 2.093226105820136240e+01 2.132041306030444971e+01 2.151392641120490978e+01 2.198868435243757347e+01 2.222834568765679819e+01 2.257176253152739775e+01 2.285236057043704960e+01 2.302683767871986120e+01 2.324370559208006881e+01 2.367600367809806272e+01 2.438294301946629972e+01
3.977231021496560603e-01 5.585386592864483024e-01 9.987009581310208883e-01 1.422021882294932427e+00 1.567911499244518225e+00 1.768132877877269582e+00 1.940557803866257203e+00 2.034117771826072563e+00 2.123526707885185161e+00 2.265125141400988085e+00 2.355997657817223701e+00 2.436564712293966206e+00 2.545275219177224102e+00 2.608158292309550763e+00 2.770774216471002749e+00 2.806326588616943063e+00 3.002240234046688716e+00 3.079842822816095005e+00 3.192162876675590510e+00 3.285503684743658059e+00 3.338368512075311045e+00 3.472251144257375799e+00 3.586456425891561661e+00 3.636622286850487829e+00 3.658491390375041785e+00 3.836970916929929754e+00 3.962219810080934934e+00 4.028713995872491793e+00 4.207580573768428422e+00 4.235942928203409785e+00 4.340287747475237268e+00 4.450816354636404348e+00 4.529231399857102325e+00 4.600624797030484991e+00 4.719385540093703035e+00 4.856928271458408553e+00 4.920994597906312329e+00 5.204485043523916055e+00 5.268845971243296233e+00 5.394490750211947905e+00 5.505420411626044341e+00 5.674931251689431910e+00 5.759667370258143571e+00 5.933556316234912309e+00 6.001380745236810199e+00 6.113782508149824935e+00 6.292807573567744228e+00 6.422976676583547651e+00 6.506818957522643387e+00 6.541760680398966521e+00 6.798878265629300088e+00 6.864120278245782636e+00 6.934796984387269880e+00 7.078344702479975048e+00 7.177237311558616994e+00 7.317146021419689284e+00 7.493577100473302721e+00 7.539287885387867760e+00 7.719133868385450903e+00 7.857592228787370736e+00 8.015931242028260684e+00 8.178807333270766478e+00 8.269780391464957248e+00 8.429657295951974660e+00 8.531827564822732413e+00 8.660010841883110544e+00 8.821406012911783279e+00 8.943081032891525339e+00 9.145787889157553252e+00 9.318964302779018993e+00 9.500683953565314255e+00 9.586712408365974269e+00 9.845967733385176501e+00 1.004993521747981156e+01 1.008931705851513705e+01 1.018526527928364445e+01 1.032963664888659494e+01 1.044752692407445060e+01 1.061253321170221398e+01 1.079952869532664117e+01 1.091152584152624705e+01 1.106984661829927141e+01 1.124880217193774001e+01 1.130531356748707594e+01 1.142848858799888134e+01 1.157821010395621109e+01 1.165887644485315633e+01 1.171402518127649373e+01 1.190278191629666260e+01 1.209410216690369211e+01 1.219163259531925370e+01 1.247699875224977184e+01 1.253537402867064188e+01 1.262666704637119786e+01 1.276395537262609814e+01 1.306665567346894363e+01 1.323997334163492035e+01 1.337673539470870487e+01 1.350074463831880500e+01 1.357776420575040710e+01 1.364861622523225115e+01 1.380017447610637227e+01 1.387682200115112607e+01 1.413022203739745208e+01 1.424933797662376200e+01 1.438806634807573914e+01 1.452563924496540082e+01 1.469881441541537015e+01 1.496341398300931225e+01 1.522393825594097194e+01 1.542478965203813246e+01 1.551969705748702921e+01 1.558234699923617939e+01 1.575436901065781647e+01 1.604699873862008275e+01 1.613349484159309810e+01 1.629902249065687414e+01 1.646152968862782728e+01 1.668838061791364069e+01 1.695297988234851161e+01 1.712309481510317610e+01 1.728725335857329171e+01 1.741238617390430221e+01 1.756192545067534638e+01 1.773382105768879313e+01 1.797948664401505781e+01 1.830854430138775513e+01 1.844063045953091162e+01 1.900863799023377254e+01 1.934481568831413867e+01 1.986871286308337048e+01 2.030151545924019274e+01 2.056964510029034088e+01 2.091664163252763586e+01 2.128390220723904847e+01 2.149958590315460327e+01 2.199644811397270416e+01 2.228392796126927777e+01 2.257444163439137341e+01 2.288435883026099305e+01 2.304628846499143080e+01 2.322578674882126748e+01 2.365497218536995661e+01 2.438268567686519717e+01
2.843760535745028517e-01 4.180925294410809956e-01 7.609742095096374559e-01 1.441902853147750241e+00 1.556913838072864653e+00 1.744384887263363160e+00 1.902464618591634959e+00 2.021929585498495552e+00 2.124045892992827866e+00 2.275997999635978264e+00 2.373024400677011592e+00 2.423392750643678539e+00 2.527328490925561333e+00 2.604385923331627328e+00 2.755403013621872343e+00 2.802905036501744274e+00 3.018986845891743265e+00 3.074273210302162607e+00 3.185765412289950582e+00 3.304059663230012767e+00 3.355846893214493143e+00 3.481133276423210798e+00 3.586317971455198261e+00 3.609596201198684629e+00 3.655323371440828861e+00 3.870909986860999297e+00 3.967879309156092660e+00 4.041415400610500086e+00 4.206573555654423480e+00 4.252213157174637992e+00 4.350106639601190928e+00 4.471330730949680365e+00 4.507935571794566165e+00 4.573501063330304817e+00 4.738982780069986411e+00 4.842870921467096856e+00 4.942119440027724409e+00 5.191964687346192875e+00 5.275548261144620277e+00 5.391277204335716000e+00 5.501439875107786648e+00 5.684799012822066011e+00 5.773956039285098818e+00 5.909881424334216149e+00 6.011881886783739581e+00 6.126942123802373352e+00 6.270485225055950629e+00 6.443567494172194543e+00 6.504411896648055524e+00 6.550417203294497170e+00 6.792340610105161325e+00 6.857061817520971658e+00 6.940323473738622795e+00 7.077992733376864187e+00 7.193997451650552932e+00 7.312912790282240394e+00 7.470298785236752614e+00 7.515438732986168269e+00 7.711138907071051207e+00 7.863318957386132624e+00 8.018269277137765272e+00 8.160860346167268631e+00 8.254796619202542374e+00 8.424188412211112365e+00 8.530844107457200565e+00 8.638265948115686044e+00 8.814525337807873839e+00 8.935838914316251547e+00 9.128711629730979382e+00 9.297579937075182599e+00 9.493895922468604809e+00 9.605051958090569997e+00 9.844805939096671565e+00 1.006128024613186334e+01 1.009623819844372861e+01 1.018942079840061865e+01 1.030943513406136525e+01 1.043906562248798764e+01 1.057250537396216039e+01 1.081799545843656851e+01 1.088600596460672065e+01 1.107917632871858338e+01 1.121079019225570583e+01 1.127319036280474762e+01 1.142285537694648845e+01 1.156651264785825006e+01 1.162928874216290076e+01 1.171207825415790893e+01 1.188082365901514237e+01 1.201418557090729244e+01 1.214646824886782639e+01 1.247058261071537011e+01 1.252623186706119540e+01 1.262014174697805480e+01 1.275640081659597413e+01 1.308262351639563725e+01 1.325568063200964808e+01 1.336946549419019625e+01 1.349355819579910687e+01 1.357173061759510979e+01 1.363212242554965314e+01 1.378223018091926733e+01 1.389567821259380942e+01 1.407986856430181355e+01 1.423452948820400898e+01 1.437873772839024333e+01 1.447423369025421280e+01 1.468108242764519034e+01 1.494843322698326560e+01 1.521549209558178894e+01 1.541817375186368899e+01 1.552569834799550641e+01 1.560839475775705587e+01 1.576662456478872087e+01 1.603533819596375665e+01 1.611973050738028945e+01 1.629564220475916869e+01 1.648613182382525366e+01 1.669619704103769209e+01 1.694408327598948816e+01 1.709536527349527901e+01 1.727693165600382841e+01 1.736636713421222211e+01 1.752991247854049561e+01 1.773321815981992344e+01 1.793734558430413273e+01 1.830611083946935125e+01 1.842002660517596979e+01 1.898292031204453068e+01 1.927975524403926144e+01 1.990611704196608045e+01 2.027746660764665876e+01 2.059738879190550165e+01 2.090381839665410979e+01 2.125061459274486708e+01 2.148770666292003995e+01 2.200429967199341874e+01 2.233577518211279411e+01 2.257463368649207425e+01 2.290773626090242132e+01 2.306800997234761397e+01 2.320584262209309045e+01 2.363716804321188647e+01 2.438211764584689334e+01
1.754075949085592556e-01 2.745167175647829083e-01 5.169027762465726594e-01 1.465604453351398773e+00 1.551033632902401926e+00 1.724346212185533300e+00 1.873632428235570968e+00 2.015869725604264584e+00 2.127858981199852284e+00 2.282545495749273456e+00 2.390154238389427199e+00 2.410677980993875202e+00 2.512514239215924761e+00 2.608183543987550035e+00 2.739548639257714413e+00 2.802397804027939809e+00 3.033200747350294879e+00 3.071699766517331120e+00 3.177124693077024276e+00 3.318081255580468181e+00 3.376673133056007803e+00 3.485604120825381624e+00 3.557941575763252207e+00 3.606379712172520957e+00 3.656550301364630329e+00 3.896063950106117169e+00 3.980611093238266118e+00 4.054883922720582845e+00 4.202331231324551553e+00 4.263717164233996826e+00 4.356229085751127883e+00 4.475537349216553551e+00 4.504869301857929109e+00 4.555645108596523052e+00 4.752385638054920314e+00 4.828667079860976763e+00 4.962722580739418632e+00 5.180196992161038239e+00 5.279666173700050535e+00 5.389410634883767592e+00 5.499002684753470760e+00 5.692638212077111071e+00 5.777732907639505200e+00 5.894887322889988290e+00 6.016575478445496117e+00 6.141758240256331547e+00 6.250477086063890297e+00 6.451470791285395023e+00 6.499634785706283502e+00 6.563478142852348540e+00 6.783242617156334475e+00 6.851777498812835709e+00 6.943317274131911354e+00 7.071072213311794030e+00 7.214414520168429767e+00 7.312633642885508323e+00 7.435624644215925727e+00 7.507802446220273929e+00 7.699063581998276007e+00 7.876343773410782845e+00 8.014031453499798729e+00 8.148614559033518390e+00 8.236905555528824863e+00 8.420502608199557315e+00 8.532193551046578506e+00 8.624156946110231203e+00 8.807854617505897821e+00 8.932395777046744811e+00 9.101017592589764504e+00 9.272298013940707406e+00 9.476013925840190311e+00 9.632364195066646317e+00 9.841623312794791190e+00 1.005614568856579005e+01 1.011502936519070595e+01 1.019567303796465474e+01 1.028227296350835829e+01 1.042812048042833162e+01 1.051154321945334580e+01 1.084158311680683973e+01 1.087878978198031454e+01 1.107135884218516786e+01 1.117903701560798346e+01 1.124052896536632140e+01 1.142586914273632992e+01 1.152086378058060667e+01 1.161799756464536770e+01 1.173727380038289958e+01 1.185787388610867055e+01 1.195846519276377862e+01 1.210849966605447747e+01 1.246005448233770174e+01 1.252639915716163266e+01 1.262319435002880930e+01 1.274766811000625744e+01 1.309816983613984398e+01 1.326896055895496751e+01 1.336310647116815886e+01 1.348653362910553533e+01 1.355957965076461313e+01 1.362154074505357926e+01 1.376523398435917578e+01 1.390941318427577400e+01 1.404173593893429661e+01 1.424020175749555683e+01 1.436420243266216978e+01 1.443461480537951225e+01 1.466765357389457769e+01 1.494002383137359402e+01 1.520778947845162143e+01 1.542056940734320847e+01 1.551788051462805740e+01 1.563468437837484259e+01 1.579771251377380281e+01 1.601006055339157541e+01 1.611422605543926423e+01 1.629174643898534924e+01 1.650861376905473321e+01 1.670088009765386161e+01 1.694750150169402048e+01 1.707759905024469660e+01 1.727024794466079882e+01 1.731447281073597111e+01 1.751807307150053816e+01 1.773593953359928577e+01 1.790463464379565295e+01 1.830849620158093316e+01 1.840450221704708866e+01 1.896760404483094220e+01 1.922693134295460737e+01 1.993818907726486245e+01 2.025496259552926404e+01 2.062175779251386842e+01 2.089413315703813367e+01 2.122316379673689823e+01 2.147884211395760445e+01 2.201090480574593755e+01 2.237998800527691756e+01 2.257236748177554730e+01 2.292261337038291558e+01 2.308999805482623202e+01 2.318511270434390426e+01 2.362360954252212863e+01 2.438135038589011572e+01
5.156935341633814285e-02 1.289169035063247870e-01 2.726836379253438913e-01 1.483266696134962315e+00 1.548914528571474047e+00 1.710212735772008719e+00 1.856576414670831454e+00 2.014106856763748787e+00 2.131943953286749682e+00 2.286215806095111880e+00 2.393025293888693117e+00 2.409773971669479931e+00 2.504152193394933779e+00 2.613421997762563453e+00 2.726326950490470136e+00 2.803625635661183058e+00 3.042927220178113235e+00 3.071380050376757431e+00 3.169629357031285011e+00 3.326732764754435134e+00 3.398579045200970761e+00 3.478690607294192549e+00 3.536773516932133710e+00 3.605092823571661054e+00 3.660140789851549226e+00 3.905152533927515712e+00 3.998238831459115072e+00 4.067423078325304253e+00 4.197076963751087852e+00 4.267592570841264532e+00 4.360693230733457604e+00 4.466726123442162688e+00 4.507859295917186593e+00 4.555504909203178521e+00 4.757043731364078987e+00 4.819606632913404631e+00 4.977525887206818211e+00 5.171830028578004779e+00 5.281075702038589448e+00 5.388332313337381940e+00 5.497622865718567731e+00 5.699719604915576276e+00 5.771019050276606777e+00 5.890159514541324803e+00 6.017680009763144433e+00 6.155037738737728858e+00 6.234830030487296781e+00 6.451083519444124725e+00 6.496491644360941287e+00 6.574252128235008819e+00 6.775173025009664229e+00 6.849272248078881908e+00 6.943748866308980361e+00 7.064541950705502948e+00 7.230778006297854610e+00 7.314226719653134978e+00 7.407741598803290195e+00 7.506092359340017950e+00 7.688779585443024089e+00 7.890722041742217918e+00 8.003404490916459224e+00 8.144980955558507318e+00 8.222172796043581755e+00 8.416999346416265126e+00 8.534279820659042670e+00 8.618157868263478960e+00 8.803484394581575501e+00 8.928188430052371061e+00 9.071401018434462671e+00 9.252876125695511433e+00 9.462907696311077643e+00 9.654160650575208891e+00 9.838721569703130498e+00 1.004770528291505904e+01 1.012915951350490573e+01 1.020178076565998460e+01 1.026038573859059255e+01 1.041682586775471897e+01 1.045886327128446069e+01 1.085756396914975319e+01 1.089279260307378649e+01 1.104935013392675991e+01 1.115867076464901331e+01 1.122992173034398711e+01 1.141097695987830996e+01 1.149385128186673199e+01 1.161549548513064245e+01 1.176740255202155438e+01 1.183791714796088712e+01 1.192914898564720438e+01 1.208029785767232234e+01 1.245291910374395350e+01 1.252686401176332076e+01 1.262989497228677394e+01 1.273991247184307873e+01 1.310912192939230536e+01 1.327991312321709572e+01 1.335745262076629913e+01 1.348171342981118315e+01 1.354641989189443763e+01 1.361666947764608260e+01 1.375458416272629769e+01 1.391232103266632514e+01 1.402615642737047530e+01 1.425967424716993293e+01 1.433580728950183136e+01 1.441529978921805544e+01 1.465926242961682568e+01 1.493617742385656300e+01 1.520290542307798987e+01 1.542896196947154053e+01 1.550631605287552794e+01 1.564688297904431202e+01 1.584324486437323465e+01 1.597312735626784175e+01 1.611394282400015854e+01 1.628879204471938280e+01 1.652443291042479601e+01 1.670359843802334865e+01 1.695579730742267799e+01 1.707124550306243549e+01 1.724095793814609223e+01 1.729780942497123775e+01 1.751198044627864192e+01 1.773973437997843305e+01 1.788349386447517375e+01 1.831173566771337491e+01 1.839434388715386959e+01 1.896071518796413358e+01 1.919162239314627882e+01 1.996071814131791200e+01 2.023805704036712427e+01 2.063874564315619864e+01 2.088803002333145287e+01 2.120473319231222575e+01 2.147338493629985123e+01 2.201526105381975285e+01 2.241116355403620375e+01 2.256879590008832182e+01 2.293045545751617809e+01 2.310957551734346893e+01 2.316605320889858177e+01 2.361513230937812224e+01 2.438068942692335384e+01
-1.124391338711536658e-03 -8.999220897777843219e-04 1.192835768231195347e-07 1.489541025624283144e+00 1.548596936196647844e+00 1.705060811614796723e+00 1.851072584363098406e+00 2.013939390445707023e+00 2.133693277335924954e+00 2.287507167726744228e+00 2.389480523663892519e+00 2.413527271998523460e+00 2.501653468454275497e+00 2.615851120003374941e+00 2.720952771573863949e+00 2.804382418101442287e+00 3.046343552497278839e+00 3.071710656142129903e+00 3.166547393533232668e+00 3.329705028330653072e+00 3.410966492000014227e+00 3.469240593554997254e+00 3.531431502078469897e+00 3.604166409172857577e+00 3.661964249408712568e+00 3.906668311811578587e+00 4.006104750859970309e+00 4.073414417616725736e+00 4.194232087679083953e+00 4.267914286933260470e+00 4.362380983980811422e+00 4.463044114112069138e+00 4.506982279648363843e+00 4.559479511407877439e+00 4.756955451230393983e+00 4.817138728634810185e+00 4.982870789164882019e+00 5.168815175866086520e+00 5.281221814396152681e+00 5.387942346831790630e+00 5.497138976270709243e+00 5.703386970568133485e+00 5.765692372837314394e+00 5.889869790462600285e+00 6.017669667723400728e+00 6.160936037170615442e+00 6.228281743320989605e+00 6.449832536981594977e+00 6.495507266657641665e+00 6.578270988250796592e+00 6.771980032794796323e+00 6.848617688151577454e+00 6.943473707606227840e+00 7.062076284293875794e+00 7.237191921323264943e+00 7.315149933179273312e+00 7.397120939601427025e+00 7.505943431451827408e+00 7.684765812756799264e+00 7.897556361217884735e+00 7.997081938867128592e+00 8.145070415032321876e+00 8.216327204448965915e+00 8.415338608048910984e+00 8.535404927998868629e+00 8.616889592300417178e+00 8.802071290523302949e+00 8.925205454378488668e+00 9.058643308128297988e+00 9.245961593954392654e+00 9.458491842584093590e+00 9.662390670454380270e+00 9.837676587795462169e+00 1.004339456473663716e+01 1.013392406615038865e+01 1.020401129255384198e+01 1.025333792270378908e+01 1.040960179618746828e+01 1.044103741536802232e+01 1.086224607134779241e+01 1.090424735236255849e+01 1.103720720929968735e+01 1.114927059986541558e+01 1.123159945941740290e+01 1.139763101050754912e+01 1.149009503709965685e+01 1.161422862945533829e+01 1.178469584489758937e+01 1.182663442902236817e+01 1.191976313756814854e+01 1.206947744309954906e+01 1.245053164896778775e+01 1.252687589935146129e+01 1.263321125289853164e+01 1.273667417015608549e+01 1.311299345330630750e+01 1.328476796100071589e+01 1.335471848153637175e+01 1.348013842685500663e+01 1.354067755427770692e+01 1.361531022148367498e+01 1.375109885538515719e+01 1.391141915946768925e+01 1.402344236873234351e+01 1.427894326009444725e+01 1.431170461258191295e+01 1.441070062137663754e+01 1.465641918711772895e+01 1.493510380777933833e+01 1.520127864305406895e+01 1.543398027547980966e+01 1.550034801077460322e+01 1.564990259983003540e+01 1.587389978657469847e+01 1.594642178685529821e+01 1.611442605538078965e+01 1.628768701019503595e+01 1.653015342110614583e+01 1.670452879672531665e+01 1.695985808582318199e+01 1.707120381594813097e+01 1.722286409409283436e+01 1.729741034990763637e+01 1.750971612798765520e+01 1.774153371930269074e+01 1.787608545544619076e+01 1.831315756041042064e+01 1.839074449462495053e+01 1.895900388075326859e+01 1.917904721520812572e+01 1.996900921166784215e+01 2.023160719803745167e+01 2.064488411221467956e+01 2.088593340525784114e+01 2.119819148724311830e+01 2.147154512931986758e+01 2.201677710306081437e+01 2.242274153851012031e+01 2.256689883824675746e+01 2.293284535148580616e+01 2.311977589883670348e+01 2.315594819599491672e+01 2.361225031411072450e+01 2.438042942869087781e+01
1.393440202168498010e-01 1.494884934627126738e-01 2.538666412929937444e-01 1.479844254440546125e+00 1.540374146506929831e+00 1.694787070157755426e+00 1.856890249245322089e+00 2.010806854500666763e+00 2.135260512266694111e+00 2.293722804541501681e+00 2.385131329835231906e+00 2.417034734969806919e+00 2.505091101607093584e+00 2.619550955627087063e+00 2.723854416489827290e+00 2.802736420858616295e+00 3.045514960881205990e+00 3.069928855845872828e+00 3.165284629796611515e+00 3.308501819560893953e+00 3.391520026825114886e+00 3.454722915233647385e+00 3.562030583260810790e+00 3.605557383845945374e+00 3.675055770398745203e+00 3.902976643095854126e+00 4.002613435945403531e+00 4.073065089905274050e+00 4.197171913245797192e+00 4.266710115799361880e+00 4.362775441802738463e+00 4.468443668512685818e+00 4.508620478500405149e+00 4.564328946736750936e+00 4.757849220503868715e+00 4.825282780047165154e+00 4.983271431437011678e+00 5.169340421073096437e+00 5.282492862197322836e+00 5.383209866543093192e+00 5.496640811698293660e+00 5.692329276021658835e+00 5.774870366353287210e+00 5.889131056170478828e+00 6.028669734293480964e+00 6.156992102435723702e+00 6.243980582636827315e+00 6.451632293626282433e+00 6.493761046142760840e+00 6.595082145582221500e+00 6.774727667716065049e+00 6.851503452176111786e+00 6.943558575720630621e+00 7.064154923408334952e+00 7.237464609507794577e+00 7.312084193976239987e+00 7.401343672815168695e+00 7.506394735815384855e+00 7.684972638409293566e+00 7.896409699549673533e+00 7.992538823436174056e+00 8.149963726360464733e+00 8.228275346791466660e+00 8.412800192925697473e+00 8.542498978011455080e+00 8.623583534911659854e+00 8.799455804572616557e+00 8.927165086103880043e+00 9.060990985339612891e+00 9.276269436899259091e+00 9.462769514597685117e+00 9.658126468435931145e+00 9.833077071387084089e+00 1.005562670847429629e+01 1.012764312891790297e+01 1.020218850969387958e+01 1.026517727465060226e+01 1.040878698798557167e+01 1.045293605508154755e+01 1.084926132010719435e+01 1.092343693492598256e+01 1.102902038883723534e+01 1.115870670205288206e+01 1.123258460687315718e+01 1.138864136181550357e+01 1.148462768586818683e+01 1.161609407383270387e+01 1.178468258674602964e+01 1.182960626333517951e+01 1.193219036736278937e+01 1.207398212521951564e+01 1.244761312505996287e+01 1.253266304842804502e+01 1.262093964391951850e+01 1.274126539816618120e+01 1.311260265001492087e+01 1.328690402528376424e+01 1.335901008382817778e+01 1.347997857995720139e+01 1.353394016503423636e+01 1.362657987290636896e+01 1.375857010506747891e+01 1.391342463673142760e+01 1.401611313819969240e+01 1.426872524412077858e+01 1.432589492650353158e+01 1.441944673600221272e+01 1.466063418909945426e+01 1.493752392170996401e+01 1.519781728648448826e+01 1.543573751591353016e+01 1.549670090841111403e+01 1.565061701848255815e+01 1.586630200466977314e+01 1.595259047548876907e+01 1.611438785564840970e+01 1.628511404560720521e+01 1.653224482527507533e+01 1.670569866722645358e+01 1.695902903268714468e+01 1.707424424780300143e+01 1.721221676418835145e+01 1.730680002398765538e+01 1.750295483569937716e+01 1.773654258478864776e+01 1.787615783198932817e+01 1.832496459039762371e+01 1.839332916142026519e+01 1.895032719006052346e+01 1.917842286347136849e+01 1.997399437307543124e+01 2.023043442193951691e+01 2.063417269500175877e+01 2.089035125011945127e+01 2.119667987268061893e+01 2.146748865109475446e+01 2.201493161672855337e+01 2.239103857470355763e+01 2.258213679828985221e+01 2.293062427539327786e+01 2.311644857895495520e+01 2.315017218238694241e+01 2.361146168560505743e+01 2.437630771418998421e+01
2.777073314744080701e-01 2.973909787802334614e-01 5.016750686948184823e-01 1.450359578595695309e+00 1.512849416906904221e+00 1.675494472257743173e+00 1.868045948653572541e+00 2.001977577095918281e+00 2.142738220653412462e+00 2.304513991471747403e+00 2.375649312654562362e+00 2.425942794398014968e+00 2.511831900713358490e+00 2.628779268291813853e+00 2.730186617074063182e+00 2.800817210584456873e+00 3.039575053773804214e+00 3.066121213516865396e+00 3.159275918798063909e+00 3.254072523836922581e+00 3.355814436194594741e+00 3.454997558249003564e+00 3.566139353231585041e+00 3.627829908520248114e+00 3.711442967587703201e+00 3.893127898437855450e+00 3.998834776007838432e+00 4.072478956196880162e+00 4.197788106765796279e+00 4.266759539435702742e+00 4.365243001956232938e+00 4.477840029087496454e+00 4.517538616432962506e+00 4.575403789205703120e+00 4.762121524596894417e+00 4.845706252491774890e+00 4.984444301167011204e+00 5.168920281876797418e+00 5.285120038261415409e+00 5.372188582448374383e+00 5.494831507041582519e+00 5.669549544619560066e+00 5.786426851589530074e+00 5.891220267940367350e+00 6.049431449051289711e+00 6.157807625492505821e+00 6.274525912996490540e+00 6.444652626939719298e+00 6.501060741545069632e+00 6.639743135612707015e+00 6.784455170025236015e+00 6.857302609349161138e+00 6.944547919512027434e+00 7.069741379407866511e+00 7.236921505336205485e+00 7.304198207754395433e+00 7.411835900183754156e+00 7.507783842109329697e+00 7.684845320709908556e+00 7.892255336447572489e+00 7.984891613774825814e+00 8.156168963063063160e+00 8.255672511127015056e+00 8.407160000834776881e+00 8.559587634692130464e+00 8.640674662284499874e+00 8.797593045413814039e+00 8.934014824554775913e+00 9.067181418344629762e+00 9.347744669671506301e+00 9.481143655868056186e+00 9.652751204950073216e+00 9.823481112130714621e+00 1.008179137724568797e+01 1.012702382684692992e+01 1.019355227180808754e+01 1.029394095437622170e+01 1.041164975825095063e+01 1.048085810373988025e+01 1.083079891446813292e+01 1.095892854366303837e+01 1.101483675759280345e+01 1.118062001680033291e+01 1.123599659106452009e+01 1.136575296213428565e+01 1.147376954393571147e+01 1.161858093551778914e+01 1.178100122222691049e+01 1.184394759297882338e+01 1.196414015793417462e+01 1.208682519256773702e+01 1.243982095204219895e+01 1.254830500432598583e+01 1.259267284238789308e+01 1.275013414404014611e+01 1.310734664967823626e+01 1.329668093226958270e+01 1.336905160024342187e+01 1.347836819292319532e+01 1.352453120313506574e+01 1.365078060977817564e+01 1.378134882596568644e+01 1.391951672990573918e+01 1.400105961655058096e+01 1.424169538236245280e+01 1.436481997037522085e+01 1.444378788994217722e+01 1.467284336496381236e+01 1.494433733659655061e+01 1.518790862512724438e+01 1.544024414669775069e+01 1.548690265428300528e+01 1.565245975964135638e+01 1.585059748111975075e+01 1.596522637572236114e+01 1.611444724517983218e+01 1.627783657664873118e+01 1.653850565426917640e+01 1.670964219331693812e+01 1.695751677293589665e+01 1.708347111832128817e+01 1.718979947516371709e+01 1.732496357372754048e+01 1.748621897932103408e+01 1.772296853171462416e+01 1.787699364253036194e+01 1.834233582822056619e+01 1.841068090393758183e+01 1.892060998709011344e+01 1.918334684623327391e+01 1.998596160480154538e+01 2.022858319073201727e+01 2.060613738083104352e+01 2.090044822197312513e+01 2.119073261856971868e+01 2.145408480930996831e+01 2.200914267763723586e+01 2.231576281669436312e+01 2.261035909001057220e+01 2.292325000640525801e+01 2.310413120313886637e+01 2.313843414719321956e+01 2.360934696303733915e+01 2.436512646269818561e+01
4.135578753098994587e-01 4.418858683424581324e-01 7.358436811822460788e-01 1.400997797482466778e+00 1.465011453271229946e+00 1.662921580100976016e+00 1.876540570093004234e+00 1.990290947498479790e+00 2.158309568799622546e+00 2.301847037517634753e+00 2.366398105376441130e+00 2.438953485890942741e+00 2.517385015472847432e+00 2.638657547253498770e+00 2.733428716541910219e+00 2.807857380413558257e+00 3.018954030335749827e+00 3.064720010263308758e+00 3.142344025145842767e+00 3.202198151741240117e+00 3.324850582255689968e+00 3.459007864101453666e+00 3.544883991473882556e+00 3.654740081491297143e+00 3.752597536757502628e+00 3.882160006613742276e+00 4.000275043264283958e+00 4.075269711779369253e+00 4.188121195675901021e+00 4.270498647789856328e+00 4.372051092399000360e+00 4.481763600939026482e+00 4.534623611942560473e+00 4.588400893526565660e+00 4.772156089486403907e+00 4.871505229937135084e+00 4.985900573230153121e+00 5.164232609399182827e+00 5.285487066017847013e+00 5.362349684923006343e+00 5.491099885678812242e+00 5.643397573352743279e+00 5.786117449482528485e+00 5.902162570430621535e+00 6.061805474215431033e+00 6.173741549864153022e+00 6.301809972658695358e+00 6.420888852415634673e+00 6.524975644786674245e+00 6.693201286145655793e+00 6.803651641491732960e+00 6.861099316579180041e+00 6.947339065709841499e+00 7.077142690481005971e+00 7.232301035344367079e+00 7.294612957626561034e+00 7.424073042424859104e+00 7.510117848043131872e+00 7.683316325313996664e+00 7.884835622720672177e+00 7.981179343626163103e+00 8.159219862008200153e+00 8.276413537310547852e+00 8.401387929666150001e+00 8.577940779884182021e+00 8.657705544829946476e+00 8.805402523102152657e+00 8.947234569151303774e+00 9.075340532900877832e+00 9.396297562969147421e+00 9.519263858740430351e+00 9.672267229810689315e+00 9.816192644030261150e+00 1.009023518391020779e+01 1.016804268336872674e+01 1.018253827612675266e+01 1.032834090962482421e+01 1.042085278071210297e+01 1.051436072451148007e+01 1.081579763887847179e+01 1.097123830774309994e+01 1.103487512345352606e+01 1.120569739862163949e+01 1.124426450760609519e+01 1.134145863521561104e+01 1.146531603225740703e+01 1.161840958349491615e+01 1.177541525992482185e+01 1.186921762616015918e+01 1.200686871953157642e+01 1.210599269232378106e+01 1.242946369801525464e+01 1.254356216779699551e+01 1.258916598402283782e+01 1.275748106975371243e+01 1.309196573683080089e+01 1.330788334066262024e+01 1.338786093634587893e+01 1.347430490423854899e+01 1.352470582841804614e+01 1.367567104492946584e+01 1.381400848993485475e+01 1.393220276637704202e+01 1.399127375914545546e+01 1.420884029860061482e+01 1.441521027056153059e+01 1.448762030742346951e+01 1.469289463135380025e+01 1.495451825269654655e+01 1.517318619689702430e+01 1.544303449505860115e+01 1.547651705098540553e+01 1.565454122902711553e+01 1.583720908467978994e+01 1.597725000764453007e+01 1.611534969711975407e+01 1.626701506650133311e+01 1.654890202106604136e+01 1.671736679574719986e+01 1.695805211594816697e+01 1.709939815110335815e+01 1.716573295175348690e+01 1.734070633451205978e+01 1.746829536638477975e+01 1.770438032045013088e+01 1.787840601394042395e+01 1.833431782073866501e+01 1.845269896395380727e+01 1.886549141448882594e+01 1.920783576422905625e+01 1.999391699505275355e+01 2.023352714296744637e+01 2.056967117891509389e+01 2.090945616353532088e+01 2.117534786161634841e+01 2.142893732156078102e+01 2.199800612298266955e+01 2.222053420321947215e+01 2.263812187104478113e+01 2.290913575279892456e+01 2.308290544654363785e+01 2.312913746237822821e+01 2.360652038777250539e+01 2.434990036159363314e+01
5.444217320571009822e-01 5.805426531289943348e-01 9.420042109802900798e-01 1.334153134770698079e+00 1.409337389522942630e+00 1.660220927331766738e+00 1.878696613211258803e+00 1.981332864655118930e+00 2.177326961072548528e+00 2.273721167886876948e+00 2.358237397987013484e+00 2.452509738093764824e+00 2.523827119715742473e+00 2.640661931930209594e+00 2.735806541781518053e+00 2.827500098828747088e+00 2.983027700007175653e+00 3.066212462569337216e+00 3.117000964512217198e+00 3.173294491668645634e+00 3.295615662293123638e+00 3.460671917848442636e+00 3.518376273432167078e+00 3.679159561763488906e+00 3.783123428440011260e+00 3.874222958627480118e+00 4.002266209456875501e+00 4.086228273760011298e+00 4.173099614800592327e+00 4.274810172157024191e+00 4.381621047675662517e+00 4.481476120563448795e+00 4.550143262359357621e+00 4.602346993870333414e+00 4.788349756096810239e+00 4.897887103738273851e+00 4.986752882875269854e+00 5.153964193668040927e+00 5.279704532971425834e+00 5.360615427639689123e+00 5.485164809720077805e+00 5.617616678622437298e+00 5.776352710382761657e+00 5.919135030429987232e+00 6.065562814056042029e+00 6.199412157941727841e+00 6.320323941181725580e+00 6.390928111689553326e+00 6.554212945155899028e+00 6.738206386834757033e+00 6.828059621629042120e+00 6.861754580249314728e+00 6.951190674138609360e+00 7.084746274153005174e+00 7.221281548924121552e+00 7.286363601841985727e+00 7.434412253010867389e+00 7.512865989630371999e+00 7.680764935413599837e+00 7.876462025640693199e+00 7.981919127843712047e+00 8.161125236358946822e+00 8.281168264152704239e+00 8.396243627488106043e+00 8.592271431021208272e+00 8.667413552666987542e+00 8.819705605031563422e+00 8.966562450538701157e+00 9.082808593713259881e+00 9.403306967967054675e+00 9.538749073875480988e+00 9.717992168344904869e+00 9.818733402253444709e+00 1.009320371509146419e+01 1.016143222758415021e+01 1.023954229102876035e+01 1.036490217184100082e+01 1.043542344463359584e+01 1.054291791116049914e+01 1.080395881137770253e+01 1.095628482074416610e+01 1.108255320072722405e+01 1.122267870954613578e+01 1.126218780127232755e+01 1.133165624092751145e+01 1.146736068086832816e+01 1.161525398331840542e+01 1.177254990942723190e+01 1.190056439021753931e+01 1.205177874598679111e+01 1.212922254216920059e+01 1.241872203589950097e+01 1.250904054797641152e+01 1.262734157943060787e+01 1.276109838651491835e+01 1.306700719584785020e+01 1.330365043697864458e+01 1.342265783540837099e+01 1.347191086132500715e+01 1.353419074000465372e+01 1.369597350306254491e+01 1.383534272088074069e+01 1.395140111596199972e+01 1.399781141619234681e+01 1.418155078862534069e+01 1.446686545508824295e+01 1.455523979447806582e+01 1.472543313987768165e+01 1.496812614783979534e+01 1.515682266514819787e+01 1.543273116654667554e+01 1.547863391048116277e+01 1.565553712178945212e+01 1.583469889489190940e+01 1.598432044660309437e+01 1.611898241855364589e+01 1.625407405587450427e+01 1.656305501291768323e+01 1.672951403872655618e+01 1.696442649780282252e+01 1.711684733979230089e+01 1.715354729477461149e+01 1.734818822395894244e+01 1.745860688531027094e+01 1.768482132080110603e+01 1.787775272718799613e+01 1.829539386566844783e+01 1.849773938004003071e+01 1.879332269822046797e+01 1.926056304971463362e+01 1.997838451757075262e+01 2.026071160057069775e+01 2.053386140263336301e+01 2.090813551378602497e+01 2.114137033186569781e+01 2.139420228488287634e+01 2.197698866542115326e+01 2.213154081523501304e+01 2.266317633581629920e+01 2.288793934478747616e+01 2.306202680845790098e+01 2.312239020910683607e+01 2.360366917861107794e+01 2.433423102261924242e+01
6.657006976175395829e-01 7.090688115058149110e-01 1.080738797848380450e+00 1.255852445058824873e+00 1.382397904302958613e+00 1.665467384972263210e+00 1.872426550800764700e+00 1.980660886818709887e+00 2.180314004848039389e+00 2.233921804036229641e+00 2.349624831227447697e+00 2.461989648909754358e+00 2.534410625353609170e+00 2.629075170612118928e+00 2.749165123030572033e+00 2.845547501561624504e+00 2.951975153414242659e+00 3.068874319510779269e+00 3.096443033777618314e+00 3.154973340131651316e+00 3.266552119952776945e+00 3.459711031440110496e+00 3.495732322615558552e+00 3.699868005731765219e+00 3.803213140741231957e+00 3.868555292392879874e+00 4.001600332692411222e+00 4.101823433377774109e+00 4.159392541352572970e+00 4.279249511976487952e+00 4.389304021282094403e+00 4.480184989731673895e+00 4.559094996787771414e+00 4.615818760614155636e+00 4.807988295618731200e+00 4.921133500641436065e+00 4.986781673487160838e+00 5.139831744042417938e+00 5.269458743293384373e+00 5.366620964634701174e+00 5.477633632742310077e+00 5.595717502289016210e+00 5.764786872396746809e+00 5.934940925248727517e+00 6.067939594519970115e+00 6.225936659693909192e+00 6.328464332230532285e+00 6.363630624858282125e+00 6.581238299546463111e+00 6.774833336801677319e+00 6.842629519798252957e+00 6.862581606815417956e+00 6.955025118298272524e+00 7.092158210856773337e+00 7.205752803963297204e+00 7.280428022293882862e+00 7.441451681310197408e+00 7.514864237622782994e+00 7.678717829531569450e+00 7.869937751432155792e+00 7.984541516662178928e+00 8.163440677022872904e+00 8.275373171373320957e+00 8.391666384987127358e+00 8.601550455271819828e+00 8.672927378481780636e+00 8.831592013662026730e+00 8.988769002141753006e+00 9.086525792066780127e+00 9.394561955147182175e+00 9.544894852345116476e+00 9.740556329621753662e+00 9.832600449531655684e+00 1.009802137047559079e+01 1.014748042887161539e+01 1.028980343098908534e+01 1.040306361893608234e+01 1.045366183362620127e+01 1.056019319464166983e+01 1.079462297944517779e+01 1.094126743506909527e+01 1.111079302442031391e+01 1.122921619028604034e+01 1.128019143632161025e+01 1.133672182717771726e+01 1.148789529214639593e+01 1.161005061261685078e+01 1.177330576857918842e+01 1.193304557766328955e+01 1.208712855132807995e+01 1.215662280060621114e+01 1.240729167247417486e+01 1.248121563947368351e+01 1.267424415395817228e+01 1.276120342315260103e+01 1.303625157692245651e+01 1.328934861631159770e+01 1.345155731096234675e+01 1.348131195982763764e+01 1.354803642432478661e+01 1.371069400942187677e+01 1.384067024760864051e+01 1.395680760992113001e+01 1.401512780527884239e+01 1.417076352134991701e+01 1.451645460827598377e+01 1.461854387111709919e+01 1.478071595021678242e+01 1.499169489272055067e+01 1.514302076375447115e+01 1.541324314642329973e+01 1.549117931075890731e+01 1.565455812027967220e+01 1.584932541690348629e+01 1.598237692353879069e+01 1.612799371237619184e+01 1.624024648513351110e+01 1.657896325297208762e+01 1.674454440163422220e+01 1.697868620773373749e+01 1.710695315937176275e+01 1.719405349516937420e+01 1.734890960417028438e+01 1.746014258784970252e+01 1.766783730909059003e+01 1.786904648543730900e+01 1.821840574411737990e+01 1.852942664117122717e+01 1.872791315189450501e+01 1.933901473891544143e+01 1.992850397760956938e+01 2.031981337519030717e+01 2.050538332961117760e+01 2.087803793404084018e+01 2.108922806137370287e+01 2.136264566472894089e+01 2.194273408674015968e+01 2.207701734410731120e+01 2.268504299476730068e+01 2.286321097976102479e+01 2.304758840608089088e+01 2.311716310797910978e+01 2.360133154649744114e+01 2.432115736930360228e+01
7.658583632045151690e-01 8.162518349496694636e-01 1.102154954425222266e+00 1.177858642969291658e+00 1.425786169953684679e+00 1.678311835266628416e+00 1.858627464451907407e+00 1.989900870592395066e+00 2.129489015165958232e+00 2.230410493558533602e+00 2.343295038803217878e+00 2.466680418476485226e+00 2.546138008228767013e+00 2.612776933529833645e+00 2.770788013233990821e+00 2.841656068840095362e+00 2.947663781125524629e+00 3.071598833475147838e+00 3.082225289170120508e+00 3.142315293642586660e+00 3.241802777623896681e+00 3.457587142417414494e+00 3.482252696228846034e+00 3.713940137800824104e+00 3.815447159923452070e+00 3.864354611394601680e+00 4.000364719530731250e+00 4.112810966672797441e+00 4.151059403841642848e+00 4.283736282522375483e+00 4.392815900219258829e+00 4.479492907620406861e+00 4.563039389477627772e+00 4.625448536743300920e+00 4.825174401713935524e+00 4.936648949691408106e+00 4.987134354926755719e+00 5.126702801012755550e+00 5.260349598275251282e+00 5.374394699174168011e+00 5.470576659821781540e+00 5.581013809481071064e+00 5.756398125189457815e+00 5.945067093503933364e+00 6.071087121558996103e+00 6.248231412723703748e+00 6.320579308889571202e+00 6.351338045435650059e+00 6.600592883729650140e+00 6.806413441874263448e+00 6.844114159571657474e+00 6.859646328747478705e+00 6.958540928606588238e+00 7.098955807236405846e+00 7.191317732852395395e+00 7.276685961024194960e+00 7.445341442634611617e+00 7.515566899275454738e+00 7.677942488235705021e+00 7.866285891991273260e+00 7.986843022156347338e+00 8.166112208329534994e+00 8.267136703153205701e+00 8.388391520986262506e+00 8.606429511632111229e+00 8.676645082692008515e+00 8.838275248946326101e+00 9.008221171515090830e+00 9.085344845175503892e+00 9.384443276605912487e+00 9.549324309799937183e+00 9.744485855485686798e+00 9.844413929901651983e+00 1.010102806539348741e+01 1.013919490894702413e+01 1.031410279126735219e+01 1.043082498333529529e+01 1.047197380965444324e+01 1.056759649023159042e+01 1.078845219795877775e+01 1.093091408882561311e+01 1.111917175849599992e+01 1.123250599225174362e+01 1.129288613122107243e+01 1.133747037810039870e+01 1.151413672733552218e+01 1.160463493864279805e+01 1.177552527827090856e+01 1.195839112432906148e+01 1.210459629001915438e+01 1.218414834094750887e+01 1.239442384050508217e+01 1.246777122755147893e+01 1.271535384948554359e+01 1.276052339820740755e+01 1.300701224775261444e+01 1.327668358891816958e+01 1.345734817764219926e+01 1.350231966153107876e+01 1.356185370243036203e+01 1.371875479101767858e+01 1.384405807508805353e+01 1.394936647674470542e+01 1.402172631360073041e+01 1.417341875862972955e+01 1.455543702248548321e+01 1.464826672552750964e+01 1.482978181440090815e+01 1.503415760830179515e+01 1.513446196464103011e+01 1.539541108999684482e+01 1.550424167004152132e+01 1.565247264499122259e+01 1.587852238509059610e+01 1.596962858398450358e+01 1.614149942821851980e+01 1.622724075469353622e+01 1.659195263842214985e+01 1.675733387757450643e+01 1.699541535540698334e+01 1.709138717204994506e+01 1.726476296627660290e+01 1.735648260071564764e+01 1.746903258267531456e+01 1.765669861132985829e+01 1.784032290844573154e+01 1.812234088946108557e+01 1.854426704523435987e+01 1.869028266519939763e+01 1.942471391569440442e+01 1.985981821593200536e+01 2.040024514414324841e+01 2.048659960928050339e+01 2.080257462881135666e+01 2.105152555043687812e+01 2.134485398401427503e+01 2.191131549869865580e+01 2.205521925341810174e+01 2.270177552966917744e+01 2.284214550998722970e+01 2.303983642690707967e+01 2.311369397051921482e+01 2.359983084118400498e+01 2.431265551005047243e+01
8.111459466632254811e-01 8.657121555986958539e-01 1.085810491761200813e+00 1.136502723125366598e+00 1.459640740962982575e+00 1.688927958727849399e+00 1.848754081124678983e+00 1.999814142383279369e+00 2.093950107931294546e+00 2.233757422377399049e+00 2.341122634624904109e+00 2.467954955192171340e+00 2.551930405215290687e+00 2.604874824561846047e+00 2.784686800658538797e+00 2.830891086611911689e+00 2.952828691111875958e+00 3.072801984854264479e+00 3.076491604228979604e+00 3.137559951669350866e+00 3.231480351350640934e+00 3.456470480133644330e+00 3.478108057290213662e+00 3.718949720893214739e+00 3.819670709477431814e+00 3.862707680693604040e+00 3.999937060078478268e+00 4.116011575276445456e+00 4.148723575279714915e+00 4.285827218157113982e+00 4.393528946810205227e+00 4.479379465644774960e+00 4.564114412240136254e+00 4.628883227970836067e+00 4.832258696470772996e+00 4.941617954869302665e+00 4.987819201538076896e+00 5.121161581517699624e+00 5.256764658961031067e+00 5.377920830821625309e+00 5.467511050043359688e+00 5.575840298482772184e+00 5.753406571576763717e+00 5.948402950949823520e+00 6.072724015552019239e+00 6.258867291917299625e+00 6.311260739624106719e+00 6.350168165018167166e+00 6.607703571636236006e+00 6.824286640299169981e+00 6.843758517905356165e+00 6.851594195510394947e+00 6.960154319836957093e+00 7.102128654251751882e+00 7.185139862453037374e+00 7.275367754710784673e+00 7.446569689686865168e+00 7.515623342061771517e+00 7.677856063200463765e+00 7.865176215511788804e+00 7.987712469758090350e+00 8.167424625012060346e+00 8.263371029207675633e+00 8.387209833462582864e+00 8.607909349131560361e+00 8.678066575794664672e+00 8.840347632755182872e+00 9.016659463958754728e+00 9.083394846964015557e+00 9.380346079663604897e+00 9.551212581385847500e+00 9.744548763405559200e+00 9.848329893690046077e+00 1.010153818325765407e+01 1.013693441918186267e+01 1.032091912478432505e+01 1.043989457612991067e+01 1.048025591190611649e+01 1.056944439158515081e+01 1.078629227920807665e+01 1.092723427451796958e+01 1.112026485639021089e+01 1.123379261476605606e+01 1.129849974193654560e+01 1.133552866997680653e+01 1.152510812198613444e+01 1.160210137746388170e+01 1.177659941516819764e+01 1.196802412185827968e+01 1.210902726391579343e+01 1.219630764135798806e+01 1.238784656317606547e+01 1.246478763797293610e+01 1.273148693762308881e+01 1.276156774251700199e+01 1.299375040920390667e+01 1.327186441546523987e+01 1.345795043063202279e+01 1.351060194672326453e+01 1.356821882006484792e+01 1.372089825332427537e+01 1.384689977695772889e+01 1.394335089323797483e+01 1.402261264799036944e+01 1.417593534306712399e+01 1.457080551395690371e+01 1.465558474478034157e+01 1.484323889763530424e+01 1.506022223052402076e+01 1.513131850608938045e+01 1.538784403966502801e+01 1.550988201887308193e+01 1.565140455059922076e+01 1.589866905893020288e+01 1.595753873883998075e+01 1.614924890683562353e+01 1.622081032116966171e+01 1.659695360521833507e+01 1.676226934609692520e+01 1.700309431005958416e+01 1.708468687409361308e+01 1.729531155745520365e+01 1.737564407394796362e+01 1.747818282106101861e+01 1.765351568484945233e+01 1.780937947237879371e+01 1.807795497775287430e+01 1.854778282809846246e+01 1.867963760866161138e+01 1.946862921086262332e+01 1.982156788873696129e+01 2.045506888645714483e+01 2.047395031975862878e+01 2.074812324762523374e+01 2.104128215160479343e+01 2.133962681493013136e+01 2.189966384557835610e+01 2.204974659747272980e+01 2.270855284042179534e+01 2.283348300603815062e+01 2.303744698826357151e+01 2.311246770139464957e+01 2.359931703767568933e+01 2.430972452860417832e+01
7.703930877599420857e-01 1.308807006847593879e+00 1.332242150418594173e+00 1.426683480781456792e+00 1.590925260592002566e+00 1.774171533096956521e+00 1.934218421295582413e+00 2.002982552477193146e+00 2.149000075201148885e+00 2.228450747975989632e+00 2.280086710858738375e+00 2.556619818109286069e+00 2.587622701522847457e+00 2.690798651509245687e+00 2.708545228248219860e+00 2.820954711264684445e+00 2.863818864951257925e+00 3.017081603535023415e+00 3.129258530245544900e+00 3.182999425095320412e+00 3.348373549450947895e+00 3.451611344230041567e+00 3.525407183316196846e+00 3.687714739230830041e+00 3.713716040275022667e+00 3.793645573851680997e+00 3.833647349476104971e+00 3.846172441817914844e+00 4.094135148069272923e+00 4.110236967698311261e+00 4.275709889336234859e+00 4.572617398016634027e+00 4.656933133061581742e+00 4.796318871681249263e+00 4.846614949343915235e+00 4.972195786137501017e+00 5.027876734862110730e+00 5.137736803326724555e+00 5.278831717114123023e+00 5.408328874000802422e+00 5.474993340910277340e+00 5.591594670367516784e+00 5.755471855572703355e+00 5.806770574445803135e+00 5.928178039018821011e+00 6.109925699721877379e+00 6.314784245345616220e+00 6.401195246502489056e+00 6.469318516678420394e+00 6.577575559403812555e+00 6.704614961689347119e+00 6.770199943382822383e+00 6.991652995180349883e+00 7.008608949333138938e+00 7.246968922250737855e+00 7.254155613447132112e+00 7.488994384260245774e+00 7.622438593017559327e+00 7.692825491976949870e+00 7.951332198597365064e+00 8.005986098785916383e+00 8.247959038481093685e+00 8.315282320616969258e+00 8.408828154862922233e+00 8.586743630038260022e+00 8.619629517187313184e+00 8.829426072066734577e+00 9.059870366696248567e+00 9.225608549486899790e+00 9.288954567760006498e+00 9.426766397445286216e+00 9.611555535261626204e+00 9.843736030513950297e+00 9.913266595002026449e+00 1.007776867599549320e+01 1.018563828037579277e+01 1.031877738779189535e+01 1.041712134346588847e+01 1.054739399227770846e+01 1.066451329167538198e+01 1.085714349305439441e+01 1.103308393729149373e+01 1.118536758751436899e+01 1.131521295672996708e+01 1.145905974455995668e+01 1.164053785208464475e+01 1.170538217582878282e+01 1.188307535472529786e+01 1.212219918509636329e+01 1.230754116346728289e+01 1.240880499356475930e+01 1.245641238997525235e+01 1.267119309255277670e+01 1.279419159002054762e+01 1.283829980136029114e+01 1.298936553294033125e+01 1.300957382908629434e+01 1.338688182258601422e+01 1.358180472693076091e+01 1.366402734211582448e+01 1.379899322998309508e+01 1.381215513132200279e+01 1.392890549895130547e+01 1.406235500045596787e+01 1.446173822885686810e+01 1.450901236600781630e+01 1.481782022932070930e+01 1.489917876493937321e+01 1.514521857199922827e+01 1.525342677723375218e+01 1.542559182833094589e+01 1.548021062448940377e+01 1.577596208848317794e+01 1.592365116005639614e+01 1.596837257212487060e+01 1.622091987059931384e+01 1.649397802366884491e+01 1.671951417036320464e+01 1.679086492128342201e+01 1.690771190687878800e+01 1.716502797005045267e+01 1.734433632349261600e+01 1.740887403617708529e+01 1.759739956585165643e+01 1.790268728966876566e+01 1.822108406521168789e+01 1.854871674053578445e+01 1.884054702662017888e+01 1.937420106303715883e+01 1.959794767917047409e+01 1.976695436995611388e+01 2.009379795703378591e+01 2.066993707394107460e+01 2.091896970841797909e+01 2.130944667401098513e+01 2.163304774737084557e+01 2.204958206121147413e+01 2.230421734842754233e+01 2.272545681649244287e+01 2.308882261032197647e+01 2.309837015066275256e+01 2.351248626418412613e+01 2.384545106572381457e+01 2.450643855730406528e+01
7.770475418932891731e-01 1.264984500732062589e+00 1.344703738296191053e+00 1.408524592918128038e+00 1.618964265622520049e+00 1.769116040393206024e+00 1.934310300954424466e+00 2.005161749815661754e+00 2.149776724072616663e+00 2.227412367245502622e+00 2.282256168450969014e+00 2.548335475545112416e+00 2.590445359130591374e+00 2.684747217078349291e+00 2.714979013403681751e+00 2.814707742190164730e+00 2.874658193575144072e+00 2.991311023098761179e+00 3.118969309199889572e+00 3.200952177004427135e+00 3.350037544491933694e+00 3.446444327023312493e+00 3.529644544873149048e+00 3.671672788438818724e+00 3.724416345671297979e+00 3.800728668414870892e+00 3.837771385808669500e+00 3.856335763291406149e+00 4.078527720257596023e+00 4.133161929327861195e+00 4.279026283477112891e+00 4.567492094003115177e+00 4.657162085672138296e+00 4.794477495757803354e+00 4.843068255832644553e+00 4.969293350564770506e+00 5.026750841043709173e+00 5.137763125583437507e+00 5.279602418964880250e+00 5.412480261482864208e+00 5.471077736120244950e+00 5.595175444106983420e+00 5.754856646172766155e+00 5.807064084861802478e+00 5.932143314988048921e+00 6.113377113911309557e+00 6.312009258205391049e+00 6.401810922657013236e+00 6.466417278479748454e+00 6.578325957298694071e+00 6.705701957542385294e+00 6.774360361258498386e+00 6.986046157531474066e+00 7.009679238361077758e+00 7.237073752010766192e+00 7.267898873757857814e+00 7.488359097055589331e+00 7.622676907916247302e+00 7.699422568431108616e+00 7.948857757677751046e+00 8.009778722333541268e+00 8.244307402583203270e+00 8.313530945504574277e+00 8.410771129858749973e+00 8.578012897584802232e+00 8.629688338520059787e+00 8.827357489227122045e+00 9.059773071463196104e+00 9.227480819956170421e+00 9.290201759287867844e+00 9.433282408840293343e+00 9.612076962628760768e+00 9.832966014530228449e+00 9.921981928910957649e+00 1.007847581301372486e+01 1.018869401024589472e+01 1.031180688589308936e+01 1.042154562712898880e+01 1.055645192566393220e+01 1.066189763303804483e+01 1.084940195759154236e+01 1.103339579504976697e+01 1.119673919511424209e+01 1.131336433006307196e+01 1.145251810854090380e+01 1.164459001432066110e+01 1.170425056979211931e+01 1.188292335518608667e+01 1.212564368549204730e+01 1.230142391156502590e+01 1.240526874584952033e+01 1.245670013925177955e+01 1.266490889700498279e+01 1.278141122000585916e+01 1.284724500299849836e+01 1.297892166111165757e+01 1.303082111524752662e+01 1.338535036997687833e+01 1.358317563369921643e+01 1.366312184881386571e+01 1.379539446312616313e+01 1.381127180078568095e+01 1.392848347556973820e+01 1.406374337097108906e+01 1.445514114275217921e+01 1.451500039320699464e+01 1.481321806667304486e+01 1.489687697590305326e+01 1.514405376470873499e+01 1.524655414608877457e+01 1.543028608202244989e+01 1.548188837435166576e+01 1.577289713480543831e+01 1.592077033037852019e+01 1.597025624534448873e+01 1.622139306839526895e+01 1.649281876308108963e+01 1.670966160498971220e+01 1.680104801902728440e+01 1.690366843779374406e+01 1.716454845570727272e+01 1.734289037261528676e+01 1.740749931955312846e+01 1.759507773631305483e+01 1.789202678432720361e+01 1.821611725386642888e+01 1.854837912077030992e+01 1.883672727056867302e+01 1.933773187270367089e+01 1.958184274696548854e+01 1.979436577990814072e+01 2.009866820049238001e+01 2.066428918149759042e+01 2.090792080634333061e+01 2.131130070973937407e+01 2.162703016841907910e+01 2.205670824106934091e+01 2.229688089187409261e+01 2.272716846430772364e+01 2.306599663457825855e+01 2.310292153500340007e+01 2.350869273253199765e+01 2.383846292380173892e+01 2.450555598150149450e+01
7.947798150035649822e-01 1.195142652730907473e+00 1.287384521486520050e+00 1.426378267197051741e+00 1.660892435298603864e+00 1.755608462783975421e+00 1.931586637400858342e+00 2.013838672335105606e+00 2.151614511149749109e+00 2.223371767558825596e+00 2.290789121204794387e+00 2.534085095812102839e+00 2.589329118864343915e+00 2.675658566981093944e+00 2.722194694906006962e+00 2.795559987759509202e+00 2.900825419428215035e+00 2.939358811087024570e+00 3.109805260583763609e+00 3.220607788989521492e+00 3.356017603505587754e+00 3.438983085521345018e+00 3.536354718106204054e+00 3.653309284903677234e+00 3.741053131044913993e+00 3.802063953796394280e+00 3.844199173984738316e+00 3.890709452208098273e+00 4.067863913801139653e+00 4.167402916822943837e+00 4.288964201811420907e+00 4.553162281481482943e+00 4.658086387692341290e+00 4.787474435129070116e+00 4.833505011207559932e+00 4.960546027340348552e+00 5.022743376455511388e+00 5.138823465215654807e+00 5.281389640647445205e+00 5.420292484475203842e+00 5.465483092025029244e+00 5.604191198904765692e+00 5.752876138921031668e+00 5.808178892521127956e+00 5.943250172847882595e+00 6.123499139200274222e+00 6.304655879043624900e+00 6.401151982522145012e+00 6.461287696702004091e+00 6.578635130042369106e+00 6.710362080877692037e+00 6.785383159470314673e+00 6.973717216920032769e+00 7.011071480303179726e+00 7.225852303908657959e+00 7.287980809803290327e+00 7.486638933551691188e+00 7.622865139252784417e+00 7.718208056088372793e+00 7.941508873688852610e+00 8.020799144199097341e+00 8.231795804173918540e+00 8.309507458270159574e+00 8.416324669026549188e+00 8.564830526284056944e+00 8.647708103387079959e+00 8.820847691565298021e+00 9.060682626299632503e+00 9.225747548299123579e+00 9.299263183831513402e+00 9.451427797421136034e+00 9.613479720157330988e+00 9.809968317324289089e+00 9.941063625425249128e+00 1.008129324357824608e+01 1.019652699952063024e+01 1.029298108479212459e+01 1.043353374236207998e+01 1.057780353503138393e+01 1.065581312276290049e+01 1.083395164320177706e+01 1.103272348503679190e+01 1.122440226237749172e+01 1.130659404099592891e+01 1.143964213929074170e+01 1.164716822842871125e+01 1.170770767740313367e+01 1.187919531162549980e+01 1.213521316724222210e+01 1.228468226932707452e+01 1.239314593439966394e+01 1.245958452558778617e+01 1.264774385695552184e+01 1.275541753871645945e+01 1.286400251397020078e+01 1.297196477883330523e+01 1.306542937078147126e+01 1.338206403502322850e+01 1.358588545342656673e+01 1.365853495335888290e+01 1.378623620873481315e+01 1.381062782200053007e+01 1.392803548826609905e+01 1.406637880343128622e+01 1.444053479542682616e+01 1.452622571755460257e+01 1.479963334408724052e+01 1.489186470894435210e+01 1.513711229590055574e+01 1.523035298658731129e+01 1.544060728045772279e+01 1.548785052374402582e+01 1.576449253373423254e+01 1.591412693804830170e+01 1.597444046227071368e+01 1.622217666528490909e+01 1.648887313780781838e+01 1.669011897078355844e+01 1.681492802869959391e+01 1.689710841899015747e+01 1.716276622529787588e+01 1.733762637565258657e+01 1.740401140037930006e+01 1.758553211194873711e+01 1.786190725582325101e+01 1.820222498702377223e+01 1.854642743711799469e+01 1.882507768698358674e+01 1.925022269809098319e+01 1.952927900318335830e+01 1.986155798255202498e+01 2.011137261568951473e+01 2.064724998577505843e+01 2.088054012345964594e+01 2.131469316136030656e+01 2.161032754381802334e+01 2.207697092860568944e+01 2.227624785299638077e+01 2.273102800550959657e+01 2.301974715425901863e+01 2.309993282248299096e+01 2.349687170297866601e+01 2.381918662203106152e+01 2.450287058932513062e+01
8.159301872332709316e-01 1.108761277470899032e+00 1.208820318624362455e+00 1.455712642321881578e+00 1.678058750000241073e+00 1.732108661847548081e+00 1.930247022381965216e+00 2.026625438399254797e+00 2.155903850165969526e+00 2.216776610627272603e+00 2.305471583943875746e+00 2.521654755657368518e+00 2.578148492630188748e+00 2.663013717498376121e+00 2.726927130551346945e+00 2.757860675751312218e+00 2.897815065691478953e+00 2.940933528419488852e+00 3.107354203924729052e+00 3.226474604212079544e+00 3.363863268025468312e+00 3.436550522805022378e+00 3.541961341372005911e+00 3.645403207571634496e+00 3.758859354739841674e+00 3.797660125494160877e+00 3.851236517563666251e+00 3.926855434527368072e+00 4.071186038354370318e+00 4.205353796794303989e+00 4.305693473226785528e+00 4.531504622362212409e+00 4.660581959097974902e+00 4.772873069220533004e+00 4.819753037183966526e+00 4.945745342756696417e+00 5.015672098051407346e+00 5.142227984392143902e+00 5.282537530983288043e+00 5.419457635845732035e+00 5.472975613545530749e+00 5.615781095203354667e+00 5.749425669576656794e+00 5.810666282191932375e+00 5.959473072969166729e+00 6.139414741215162508e+00 6.294545564336227805e+00 6.395261920189070359e+00 6.459690288174043005e+00 6.576461261970107941e+00 6.719940924957226613e+00 6.800548892901216114e+00 6.960023430126803134e+00 7.013095470056457614e+00 7.214149495939287782e+00 7.308093015130180170e+00 7.484058625812883392e+00 7.622390410719050102e+00 7.745625218515430177e+00 7.928821525344388554e+00 8.037906993683364476e+00 8.209768061721405275e+00 8.305411082254543942e+00 8.422938723421717455e+00 8.557582027268690439e+00 8.665410618260237285e+00 8.810449355202193189e+00 9.063220973685485404e+00 9.211919506257997270e+00 9.320262955292122342e+00 9.477279812743555354e+00 9.615876832642817007e+00 9.785619076993258503e+00 9.964630976890553882e+00 1.008700947211557519e+01 1.020666246537193267e+01 1.026690314168016016e+01 1.044844393290260065e+01 1.059375261062396234e+01 1.065734325453187559e+01 1.082387835035346946e+01 1.102946947671883393e+01 1.125382516458017612e+01 1.129298346400490516e+01 1.143375232416752318e+01 1.163631388125292254e+01 1.172314181398015798e+01 1.186642428716065822e+01 1.214509733361684951e+01 1.226283946784256962e+01 1.237142935152403389e+01 1.246796980748485595e+01 1.262397325012163840e+01 1.272639278673020335e+01 1.288167376254094165e+01 1.297027378811544196e+01 1.310227878382547573e+01 1.337978174717610713e+01 1.358683134270243897e+01 1.364704976445879225e+01 1.377286375316753997e+01 1.381621512593759249e+01 1.392934036846700607e+01 1.406734974092089985e+01 1.442237184313465193e+01 1.453293815138681389e+01 1.478033291259742477e+01 1.488631742683987191e+01 1.511460135555817175e+01 1.521590400476804739e+01 1.544894078863110920e+01 1.549937360303634648e+01 1.575324342929888033e+01 1.590616111030911739e+01 1.597947977461722502e+01 1.622183035286289865e+01 1.648069144052429991e+01 1.666759071161108707e+01 1.680476865865334446e+01 1.690476992360233410e+01 1.715838903383613712e+01 1.732615718155656381e+01 1.739957019235382418e+01 1.756111013240482066e+01 1.782034133001405962e+01 1.818190895366067750e+01 1.853987952162887254e+01 1.880482431484396599e+01 1.913825330720190365e+01 1.945131818029896920e+01 1.993932699240231088e+01 2.012933340761532719e+01 2.061976260307341491e+01 2.085002757640692295e+01 2.131525725534970306e+01 2.158619947435295572e+01 2.210764644387709765e+01 2.224582407095830305e+01 2.273427324727860466e+01 2.296140684020942757e+01 2.309196045267852071e+01 2.347675724554609289e+01 2.379172102700858105e+01 2.449823968016071873e+01
8.231172051656627797e-01 1.011225274726650580e+00 1.141379504549280943e+00 1.478551444946886395e+00 1.638764582034348605e+00 1.715168320445170425e+00 1.934005345826467659e+00 2.037105192781200280e+00 2.160153819717759216e+00 2.216036849393979047e+00 2.320622280647153257e+00 2.512788891253144197e+00 2.558066812576102134e+00 2.637449472995092581e+00 2.717629377195049045e+00 2.743604129361371768e+00 2.877660554136996396e+00 2.982404954559103150e+00 3.111951478250929437e+00 3.224375876088956261e+00 3.369158542897668251e+00 3.435874930253331350e+00 3.549129867862820031e+00 3.646911671028955304e+00 3.763933788766613553e+00 3.800061540686571426e+00 3.864620572554428701e+00 3.952763700702915717e+00 4.085381545654421132e+00 4.242780082043924317e+00 4.329703584686936502e+00 4.503893553061596222e+00 4.665025103237519843e+00 4.752068693103346675e+00 4.801379889174304694e+00 4.924166548089183415e+00 5.008052707871203602e+00 5.147974656584241693e+00 5.280599660799288664e+00 5.412322683868285189e+00 5.491931764559801366e+00 5.628195985466703632e+00 5.745233638435117030e+00 5.814994791498272697e+00 5.978189586139970757e+00 6.159277573395167238e+00 6.283051781138561331e+00 6.385351867303248774e+00 6.461787444812092218e+00 6.573129719128903758e+00 6.733312914773809332e+00 6.817440246199010012e+00 6.948142094955292336e+00 7.017453921598341360e+00 7.202008567973513742e+00 7.324159445021723336e+00 7.480496710148413442e+00 7.620833716120102075e+00 7.775887279627164084e+00 7.910006832851466996e+00 8.057974626621890124e+00 8.183122125769546784e+00 8.302367508515386518e+00 8.426120911875681685e+00 8.560920439670676174e+00 8.679555336563140600e+00 8.798384031224143698e+00 9.064868120010396879e+00 9.188546918229747007e+00 9.347160502313382580e+00 9.503693747236297895e+00 9.620424109277456282e+00 9.766424473386804195e+00 9.990969553688600513e+00 1.009509413522201449e+01 1.021221249740155379e+01 1.024377807862997791e+01 1.045911240694597666e+01 1.058911413975271820e+01 1.067934012278002776e+01 1.082616031736464457e+01 1.102377324198520547e+01 1.125853787139963735e+01 1.128689483908131841e+01 1.144311990663951661e+01 1.161625159910061633e+01 1.174236540358578829e+01 1.184328418645463188e+01 1.213979245772301674e+01 1.224530897944985242e+01 1.234348617167393414e+01 1.248282915892374945e+01 1.259833547237827567e+01 1.269861541587909670e+01 1.289377699918262721e+01 1.297284903341077289e+01 1.313817315750086401e+01 1.338065515233557790e+01 1.358280076637906753e+01 1.362978843543194074e+01 1.375560227667485513e+01 1.383144241025225973e+01 1.393345880430908856e+01 1.406504868984086620e+01 1.440122449447533270e+01 1.452591093794006305e+01 1.476273320607405637e+01 1.487747867884752218e+01 1.507026441154096474e+01 1.520994357764508997e+01 1.545200074813803681e+01 1.551271835048860659e+01 1.574265523105930953e+01 1.589733875922870077e+01 1.598585522720777341e+01 1.621865900362626434e+01 1.646409752034197282e+01 1.663606259530508780e+01 1.676928316793539153e+01 1.692600154465123197e+01 1.714826882020267007e+01 1.730598309591042749e+01 1.739380248161996079e+01 1.751656142478054434e+01 1.778355341637897524e+01 1.815761506468913211e+01 1.852404033599983890e+01 1.877209011940641048e+01 1.902329893094901081e+01 1.936886547341212861e+01 2.000279335677881676e+01 2.015494938783239576e+01 2.058731094224952685e+01 2.082783875786961758e+01 2.130965883507966652e+01 2.155843633871374010e+01 2.214471245649072628e+01 2.221088889977187719e+01 2.273472989218079476e+01 2.290247938573312325e+01 2.308337546779654659e+01 2.344945330657893479e+01 2.376057570079727910e+01 2.449134014583585639e+01
7.884370377234687366e-01 9.082602921858747846e-01 1.108190793764606719e+00 1.476525947682233442e+00 1.556359303217692558e+00 1.714908217825454662e+00 1.937140504452812939e+00 2.031047067302615527e+00 2.160533612585926466e+00 2.233537058947921317e+00 2.331750752361641865e+00 2.508920120002294585e+00 2.531321053986730796e+00 2.611404259651715964e+00 2.700225018966535107e+00 2.763791350876602326e+00 2.863761634466198025e+00 3.023702745419244664e+00 3.122990174201843327e+00 3.220648814478918265e+00 3.372580718286777746e+00 3.431658390963419514e+00 3.557428714645216594e+00 3.654101619311494797e+00 3.752689288580409510e+00 3.809913071111329153e+00 3.889390355277925870e+00 3.972448245826633695e+00 4.102921145824042881e+00 4.273394739695955735e+00 4.360147776423877630e+00 4.471758312048275563e+00 4.667689528128994958e+00 4.730837567673862765e+00 4.778680957407158481e+00 4.895257354693598906e+00 5.003311038167406188e+00 5.155493746229760532e+00 5.274705850154793652e+00 5.406813517919021095e+00 5.511270670642530511e+00 5.640675737458451522e+00 5.742448472550099936e+00 5.821186139064300491e+00 5.996738480126981408e+00 6.179981403098189219e+00 6.271055835189314642e+00 6.376147123400947692e+00 6.464498277461486531e+00 6.571439079482900070e+00 6.748408695635802701e+00 6.833640699747938640e+00 6.939619837184357820e+00 7.024915824190479441e+00 7.191118944239621058e+00 7.333986715249173116e+00 7.475493854427924134e+00 7.616744052561010392e+00 7.801651601815069448e+00 7.887239018353287001e+00 8.073712449075655329e+00 8.160867196246238464e+00 8.300859453372435581e+00 8.425026865950041355e+00 8.573226763483113189e+00 8.688780324238969399e+00 8.786466084351031824e+00 9.062112499497073870e+00 9.160663084142338874e+00 9.373721686865973624e+00 9.521528885013131216e+00 9.626454612563351887e+00 9.757986014259277141e+00 1.001839215261985494e+01 1.010338057348416640e+01 1.019315839584200134e+01 1.024804331911495403e+01 1.046041193049201645e+01 1.057740499661681355e+01 1.070864010683884615e+01 1.084066008417378590e+01 1.101678271876840931e+01 1.123168575840032624e+01 1.129534362083983012e+01 1.146409715907515725e+01 1.159274282445282722e+01 1.175383385592625807e+01 1.181575296460528968e+01 1.211004480959870477e+01 1.222846698458848991e+01 1.231743044578245794e+01 1.250302008793349806e+01 1.257480570421606814e+01 1.267404106034903855e+01 1.288975458591234258e+01 1.298510424263868046e+01 1.317151989574380799e+01 1.338522614652454124e+01 1.357146903750847500e+01 1.361233544902405868e+01 1.373717936494758440e+01 1.385150384834947701e+01 1.393944047701346278e+01 1.406042472869345161e+01 1.437587995104285987e+01 1.450001819622227117e+01 1.475072813373987834e+01 1.485152122756538340e+01 1.501324842175038654e+01 1.520857780476692334e+01 1.545123226836617114e+01 1.552057240241447644e+01 1.573509220548622167e+01 1.588760572506097368e+01 1.599447304326679742e+01 1.620987749362516084e+01 1.642287240655826608e+01 1.658590600111452673e+01 1.673490620112872307e+01 1.694690607100632818e+01 1.712736516162206968e+01 1.727930739907151647e+01 1.738290071547729099e+01 1.747135401555932432e+01 1.776297176692064639e+01 1.812972483031900239e+01 1.849546495896591836e+01 1.871452266410208765e+01 1.893985279448593317e+01 1.929840571156561069e+01 2.003389690908321441e+01 2.019199579146156509e+01 2.056110337589138481e+01 2.081765755143820584e+01 2.129687414762258868e+01 2.153063828894383747e+01 2.216093045848734633e+01 2.220012019278479087e+01 2.273129810612252300e+01 2.285259023196204708e+01 2.307734602110720701e+01 2.341695025816692777e+01 2.372924602396601301e+01 2.448164358464413581e+01
7.071220774967039713e-01 7.978754990496530475e-01 1.106658883959888984e+00 1.382102462725490977e+00 1.533286835479788834e+00 1.718851658811182626e+00 1.938115007203712992e+00 2.001940321319831462e+00 2.163461358915679256e+00 2.263115907680842920e+00 2.338598166776044707e+00 2.493246671800946501e+00 2.519151965381623004e+00 2.601708086730539993e+00 2.690639390845736667e+00 2.784096745506860149e+00 2.861104947569529156e+00 3.059312422541812460e+00 3.138973454562851817e+00 3.219329236225517477e+00 3.375543510296936667e+00 3.424394072925192489e+00 3.563717948204163655e+00 3.660449334925943710e+00 3.739065911340491155e+00 3.820347383639633332e+00 3.920988415265488580e+00 3.990822190014568616e+00 4.120335430880728289e+00 4.293359682294925150e+00 4.391888188763291900e+00 4.437988058067064756e+00 4.658623260928473009e+00 4.711247703768518313e+00 4.762096244748381224e+00 4.861299334130617211e+00 5.001944135059808616e+00 5.163866911735778054e+00 5.267760840430298686e+00 5.401901278509204651e+00 5.525321384065524200e+00 5.652831086174839648e+00 5.743815892091088671e+00 5.828892167913625855e+00 6.012913479751032853e+00 6.196729104610541050e+00 6.259656953747883890e+00 6.371766799297652994e+00 6.466785175206574365e+00 6.572884744969158533e+00 6.763586181617679216e+00 6.846264193902575457e+00 6.935017509883151909e+00 7.034605964867333583e+00 7.184303061907321819e+00 7.337763742745039508e+00 7.468370860191139826e+00 7.607029309898765135e+00 7.810613892744747488e+00 7.872829554348332870e+00 8.074194691000393220e+00 8.152408458112931910e+00 8.301052105244826507e+00 8.423021932231963049e+00 8.587512113656730506e+00 8.692442271390172337e+00 8.775392596960866598e+00 9.052987870398046866e+00 9.133088843007865165e+00 9.394380093017140609e+00 9.526688923638634066e+00 9.627213963060468060e+00 9.764997366846145610e+00 1.004438222117332025e+01 1.010781510995525601e+01 1.016943005004006473e+01 1.026544058797963821e+01 1.045384686171252575e+01 1.056478442241280291e+01 1.073692262103731565e+01 1.086163197173103612e+01 1.101047450659695848e+01 1.120175608764534303e+01 1.129734872331920492e+01 1.148428534606387430e+01 1.157126761255458369e+01 1.174040034818686529e+01 1.180152008785783124e+01 1.206637944632706017e+01 1.219391866733507257e+01 1.229677352923003752e+01 1.251899333282705307e+01 1.256078771738764388e+01 1.265382589237747268e+01 1.286619656789068955e+01 1.300728192768540126e+01 1.320128110473907945e+01 1.339255976132709414e+01 1.355386878931547834e+01 1.359801280579319105e+01 1.372089061400897059e+01 1.386568413699659708e+01 1.394472683030697624e+01 1.405664835017239689e+01 1.434294778399685377e+01 1.445914978144329233e+01 1.473111103644289166e+01 1.478370479269676530e+01 1.497132289634530089e+01 1.520722824072784007e+01 1.544819349432273192e+01 1.551918722830103903e+01 1.572960119407738944e+01 1.587725132692347962e+01 1.600453606820656915e+01 1.618575545032106078e+01 1.633806500585117405e+01 1.654595175454112521e+01 1.671758972759937478e+01 1.696110454938366274e+01 1.709783328523394275e+01 1.725819820754541922e+01 1.736501322116741264e+01 1.745140785251457771e+01 1.775569783299663484e+01 1.809584814904885164e+01 1.845681559839281149e+01 1.863177673418289970e+01 1.890832242153026854e+01 1.924642526124101494e+01 2.003612501181611805e+01 2.022805677828537085e+01 2.055265950346147719e+01 2.081762768166445454e+01 2.127805871769802692e+01 2.150605403420405537e+01 2.212903346437767738e+01 2.224163400196303897e+01 2.272018092012610069e+01 2.282108836488466963e+01 2.307522958135677627e+01 2.338097516513196794e+01 2.369994067681434302e+01 2.446860834702691179e+01
6.025177757768102049e-01 6.775643637111784523e-01 1.060873865717985920e+00 1.298558938118334005e+00 1.536945039288847070e+00 1.723903842594422420e+00 1.925488262834890385e+00 1.979854533169481234e+00 2.164272771060163691e+00 2.290626000393918282e+00 2.342761275806457544e+00 2.466080958732065564e+00 2.524367498475724059e+00 2.605112546832137888e+00 2.689141463741267390e+00 2.787201564820450006e+00 2.883248295711980713e+00 3.082529407076552985e+00 3.158862123280303358e+00 3.225243419517013432e+00 3.377334624313148126e+00 3.418178825782478558e+00 3.567117382786821889e+00 3.659598392137896727e+00 3.727413545557139329e+00 3.834033525538473430e+00 3.950697375301318814e+00 4.010901517319087617e+00 4.137672254812786221e+00 4.301372676970093067e+00 4.404732745292554874e+00 4.421142712541398900e+00 4.634495137288201505e+00 4.683907621281890421e+00 4.765319265587474540e+00 4.828016141096635572e+00 5.001782826548154759e+00 5.170860402142965384e+00 5.264713820957176438e+00 5.394786190650179059e+00 5.531755175907863809e+00 5.664343730962692725e+00 5.750404778548181106e+00 5.837791719204313168e+00 6.025206971723994442e+00 6.203431169368481157e+00 6.250775558307450019e+00 6.375320035298822852e+00 6.469739418865898095e+00 6.576837106436673075e+00 6.777276069354868149e+00 6.852834859122709510e+00 6.934105273144469450e+00 7.044375323576742787e+00 7.184555716366344491e+00 7.337213049149631239e+00 7.458369891805156193e+00 7.588601528047144384e+00 7.796047509645979368e+00 7.877823248509875143e+00 8.059262611729847592e+00 8.155162604207902177e+00 8.302215011872236872e+00 8.421918192423930805e+00 8.596990642525659254e+00 8.686788295333395027e+00 8.768194682721473399e+00 9.037610426801384378e+00 9.109769541738346632e+00 9.401397963671907831e+00 9.519550044811094125e+00 9.622303379123803069e+00 9.783754706540870316e+00 1.006626272083197016e+01 1.010517405480192288e+01 1.015524782528709302e+01 1.028602239868694568e+01 1.044385270504857921e+01 1.054731206421281264e+01 1.076397285728141640e+01 1.087953064986159113e+01 1.100786001405406545e+01 1.117782840008190526e+01 1.129123781466962662e+01 1.148578194665064167e+01 1.156231232166088496e+01 1.170835217745767665e+01 1.179924791106950188e+01 1.201929361363333726e+01 1.214192486857645825e+01 1.226780837200003837e+01 1.251052900384928890e+01 1.256695274575706200e+01 1.264102071018553985e+01 1.282796377214546624e+01 1.303322085606178860e+01 1.322681248525921127e+01 1.340031590433385311e+01 1.353388320054009952e+01 1.358627840112122875e+01 1.370753446969763800e+01 1.385866885096387158e+01 1.394571292619051661e+01 1.405565199125300779e+01 1.429670929027363790e+01 1.441204326401095059e+01 1.463252056268212264e+01 1.474456870021274568e+01 1.495425982523771147e+01 1.520455464237706344e+01 1.544411834933402439e+01 1.551083805081171363e+01 1.572181295535779455e+01 1.586723465246958575e+01 1.601044105348477586e+01 1.612965673518851872e+01 1.627638044537207307e+01 1.653139386520818377e+01 1.671097013752025262e+01 1.696721026133808863e+01 1.707410558806601131e+01 1.724762815990666809e+01 1.734673465277178295e+01 1.745108784419111814e+01 1.775533873177417021e+01 1.805312008026829673e+01 1.841632635325141720e+01 1.854989082510704890e+01 1.890911494750432453e+01 1.921215096091520991e+01 2.002372827062950478e+01 2.024808463684011528e+01 2.056533920974700536e+01 2.082490870024171414e+01 2.125600340071247274e+01 2.148721531953315278e+01 2.209683256357543257e+01 2.228708909305918340e+01 2.269533004748225125e+01 2.281645760410254553e+01 2.307673551587715366e+01 2.334244543365717206e+01 2.367393744258636801e+01 2.445213822499454182e+01
4.888153851681445450e-01 5.492644987217689678e-01 9.028711655766491484e-01 1.315537133473003051e+00 1.541305864895853972e+00 1.727340645411023168e+00 1.894986094503016361e+00 1.984219834468079702e+00 2.159262974372693655e+00 2.307026755906530280e+00 2.345557573654767580e+00 2.446641688858303354e+00 2.526295732293601493e+00 2.614391928571719426e+00 2.697508949191354866e+00 2.779495817931541879e+00 2.922291427269025021e+00 3.091056739554877808e+00 3.173597164275913318e+00 3.247527181348305980e+00 3.377024183148702896e+00 3.416777051374602081e+00 3.568493822697718976e+00 3.651424112796226584e+00 3.714349693062226621e+00 3.851780155781513226e+00 3.972918113510349070e+00 4.033404590373649512e+00 4.154957023007139760e+00 4.296432692672765619e+00 4.385148356490438992e+00 4.437612679706685270e+00 4.600463902756929180e+00 4.653719101692332494e+00 4.774858237903017333e+00 4.804588496989746993e+00 5.000479321707032909e+00 5.173923122359832760e+00 5.268395416981273449e+00 5.386041000680640956e+00 5.530526867486607046e+00 5.675004850304330439e+00 5.759919204253535874e+00 5.847975069575846341e+00 6.032511197228678235e+00 6.198190128329041038e+00 6.244553870160675757e+00 6.387764630550592848e+00 6.474552707730116374e+00 6.581393799566435554e+00 6.787016040444484588e+00 6.853545808370656189e+00 6.935435721897357020e+00 7.052374380016403599e+00 7.192919933887134576e+00 7.334309414786963188e+00 7.444929877668347018e+00 7.562577574518665635e+00 7.774831380887804677e+00 7.887782497517732416e+00 8.039349485796376982e+00 8.158595857499189918e+00 8.301607764609219231e+00 8.419572930689872337e+00 8.597480162517308955e+00 8.667189852636022707e+00 8.769898130854768326e+00 9.017233284008948857e+00 9.091910428531145172e+00 9.384693689439208342e+00 9.501924925720693693e+00 9.622777911693450648e+00 9.804394858314683603e+00 1.007935730394552820e+01 1.010173245846204004e+01 1.015116229432654116e+01 1.030555079599649204e+01 1.043093733156384495e+01 1.052168239935310012e+01 1.079091869885302835e+01 1.088712558954812692e+01 1.101150156415440762e+01 1.116747925528982499e+01 1.127408797549783692e+01 1.146490485797547265e+01 1.156147333920743314e+01 1.168546678658631954e+01 1.179091032223309732e+01 1.197388896954006832e+01 1.207779744459214122e+01 1.221864292221376047e+01 1.249101208613284619e+01 1.256722887279026324e+01 1.264069503643725412e+01 1.278459245041659820e+01 1.305830023732645095e+01 1.324773752294767171e+01 1.340410661487306676e+01 1.351539216908425445e+01 1.357441950749674398e+01 1.369384688333529532e+01 1.381833462240492416e+01 1.393726208995435201e+01 1.405335985716914493e+01 1.424816930058978670e+01 1.436960580201399473e+01 1.453008118627600709e+01 1.472490168387463783e+01 1.494649700925126012e+01 1.520176274755741730e+01 1.544032660150805292e+01 1.550158965742232553e+01 1.570766663443371236e+01 1.586117072199574629e+01 1.599778290608723452e+01 1.609170971823852270e+01 1.626211913893158112e+01 1.652764046396436726e+01 1.670848392962680151e+01 1.696725012975679192e+01 1.706312850728835429e+01 1.724186624731888884e+01 1.733117781719652584e+01 1.746024263309356073e+01 1.775732175145633462e+01 1.800252194538974493e+01 1.838086028123822047e+01 1.848453793146131474e+01 1.892225867249692328e+01 1.919210726387213839e+01 2.000666141713183066e+01 2.025193664735945021e+01 2.059034336256786091e+01 2.083757267700332960e+01 2.123444146058832516e+01 2.147529030428383479e+01 2.206924494833380379e+01 2.232976681145291309e+01 2.266155740877010771e+01 2.283380390574101071e+01 2.308092445719913854e+01 2.330169495357656473e+01 2.365200141447337501e+01 2.443310217535580975e+01
3.704343073124950481e-01 4.155761693902003118e-01 6.958585713497732472e-01 1.370309305216867779e+00 1.544772602173184683e+00 1.726157678577397103e+00 1.870064452701038382e+00 1.996080209065770994e+00 2.149866333921551576e+00 2.308860761778129600e+00 2.352840423155027505e+00 2.433844420683220822e+00 2.522945503393784428e+00 2.621352105886962214e+00 2.710961005441145044e+00 2.775718898527206768e+00 2.964982299768337715e+00 3.089679292728576776e+00 3.176680259234438530e+00 3.284492862045150119e+00 3.378501572429822186e+00 3.419708592029927274e+00 3.568049785555619469e+00 3.638694663311707433e+00 3.697002863722922861e+00 3.871248366847562128e+00 3.987772292417278486e+00 4.054216567775665858e+00 4.170816552373636021e+00 4.282962928488365684e+00 4.376526473165057496e+00 4.445784701343987066e+00 4.564756383966468434e+00 4.623790689331833903e+00 4.770106554999114401e+00 4.804501154153567377e+00 4.996769752498370742e+00 5.173326821607150627e+00 5.275649100920540846e+00 5.379800109150459697e+00 5.523121294066592135e+00 5.684700542961048875e+00 5.767743439436867625e+00 5.859903619489251092e+00 6.033799125036523492e+00 6.186633929944820309e+00 6.238457445164429238e+00 6.406468634051790900e+00 6.481144110647201195e+00 6.584363915507063680e+00 6.789510906504719223e+00 6.851608215884432695e+00 6.937463051628066424e+00 7.058037786839874705e+00 7.206858066582050526e+00 7.330192827991819371e+00 7.428479470909771010e+00 7.536146068905011042e+00 7.751661685915816058e+00 7.894874604767272430e+00 8.021186225112039381e+00 8.158837996107736856e+00 8.291773243237905433e+00 8.414219246610912251e+00 8.585466262315836872e+00 8.642251998397545876e+00 8.778782701296961477e+00 8.992052955131700998e+00 9.078334499775493782e+00 9.341353145194402074e+00 9.483399636221550466e+00 9.632515047893857485e+00 9.820687627308126721e+00 1.007413792243223938e+01 1.010969993832151381e+01 1.015745082379505249e+01 1.031474215105732206e+01 1.041452637183261665e+01 1.049157686217829522e+01 1.081751515015921861e+01 1.088818704197077558e+01 1.101945658443456466e+01 1.117353396346956984e+01 1.124368357845765409e+01 1.143878795986404029e+01 1.154804322465251332e+01 1.168466305849252684e+01 1.176783844354294217e+01 1.193039604982077506e+01 1.200761944534495740e+01 1.215768868052193596e+01 1.247278023066916752e+01 1.255461261075454615e+01 1.264438665829359998e+01 1.275211265196454669e+01 1.308011557532682545e+01 1.326367630690430488e+01 1.339790350507219863e+01 1.350194277522528630e+01 1.355798647534588319e+01 1.367122271920893439e+01 1.376901755237923197e+01 1.392370612906079863e+01 1.404688122141410034e+01 1.423377211918048069e+01 1.433973021339913245e+01 1.447176636335195177e+01 1.470249699494912221e+01 1.494131518935612668e+01 1.520030978610442318e+01 1.543754345253105775e+01 1.549634068549355526e+01 1.568863569744031494e+01 1.586215244970809302e+01 1.597415829910790741e+01 1.609264632400754635e+01 1.626549911874361243e+01 1.652754729482684937e+01 1.670717420953898724e+01 1.696477465142364949e+01 1.706173728309862625e+01 1.723648243304270267e+01 1.731803482829557339e+01 1.747450762529034307e+01 1.775795857138501432e+01 1.795097473835398816e+01 1.835239355559366103e+01 1.843877001432190710e+01 1.893734427221064109e+01 1.918237227074345341e+01 1.999067010522416510e+01 2.024701123794430657e+01 2.061509056102353199e+01 2.085374490025086658e+01 2.121693283476233205e+01 2.146985952048763835e+01 2.204702947336222252e+01 2.236677885482101757e+01 2.262700113866972984e+01 2.286300227037362376e+01 2.308718739622545613e+01 2.325917672827636551e+01 2.363464146224568552e+01 2.441355219082604222e+01
2.486257451573079258e-01 2.783799645539751233e-01 4.713060066415812877e-01 1.428020447367294832e+00 1.547124868021341637e+00 1.719197200117309032e+00 1.856896792621518300e+00 2.006428027546019344e+00 2.140517878016136688e+00 2.300597236153455682e+00 2.367011173973739613e+00 2.424180314841772432e+00 2.515379478744361297e+00 2.621762596980584004e+00 2.718783073280018669e+00 2.784404834567204112e+00 3.004220508988450167e+00 3.083281905931113176e+00 3.173729282744641722e+00 3.315797194040444040e+00 3.391364836898084434e+00 3.425912083961033083e+00 3.563355200085775554e+00 3.622941394596808973e+00 3.678642247224931161e+00 3.889131413237287394e+00 3.997628077528954549e+00 4.067815014012572838e+00 4.183346802958179289e+00 4.271634485439670392e+00 4.372465896513593187e+00 4.449470550407280456e+00 4.536201701376044504e+00 4.593711052015100549e+00 4.762019707113616995e+00 4.812059402943152264e+00 4.990972795889611291e+00 5.171326764632288686e+00 5.280444138196635606e+00 5.380072609134750827e+00 5.512135918554675662e+00 5.693354268489983383e+00 5.770183953309126146e+00 5.873202913879074671e+00 6.029073994300525818e+00 6.174232552491847770e+00 6.232849260967997296e+00 6.426721607549764848e+00 6.488132421754211343e+00 6.583987625360455453e+00 6.784003210327476552e+00 6.849954848873577085e+00 6.939906433612351933e+00 7.061209150133220369e+00 7.221671189300180593e+00 7.324713880250100395e+00 7.412102383938216299e+00 7.517217328287721934e+00 7.724030530701168296e+00 7.898237156199638953e+00 8.007730256445059425e+00 8.155545206585335549e+00 8.263743190707726782e+00 8.410935844748903989e+00 8.562533287915616853e+00 8.626415276478924810e+00 8.789646443968793577e+00 8.962540218212552645e+00 9.067949366569473924e+00 9.291000821770579066e+00 9.469858448217397751e+00 9.646261767754232608e+00 9.831037950831628791e+00 1.006032013247938828e+01 1.012128025058615854e+01 1.017338043179219653e+01 1.029993700229581499e+01 1.040497816466961822e+01 1.046588801044653749e+01 1.084105349257980855e+01 1.089176913806979918e+01 1.102809285688872087e+01 1.118356108774352009e+01 1.121297437639964656e+01 1.141737079498325080e+01 1.152471933753001743e+01 1.167568986045722745e+01 1.174728736174596833e+01 1.188664749457035974e+01 1.195437082638095738e+01 1.210792120735581889e+01 1.245987406674657905e+01 1.254029673287269375e+01 1.264133588522235740e+01 1.273885967760409166e+01 1.309742872728845065e+01 1.327474567523693416e+01 1.338076906357481022e+01 1.349218384892181177e+01 1.354282141811784079e+01 1.364246704351171857e+01 1.375092568026119899e+01 1.391457548663338528e+01 1.403767446864479318e+01 1.424815104342417449e+01 1.432253049463208150e+01 1.443869707075980102e+01 1.467993837828124626e+01 1.493774011485068165e+01 1.520031841801621297e+01 1.543562864014775116e+01 1.549616766829746339e+01 1.566967323502817777e+01 1.586737911885607666e+01 1.595762644645281370e+01 1.610298219677356002e+01 1.627499526873601354e+01 1.652859432770967985e+01 1.670599199198170126e+01 1.696220059226589072e+01 1.706513016036230468e+01 1.723045338926365844e+01 1.730730620078273674e+01 1.749063525948783848e+01 1.775403285964218014e+01 1.790881327181291738e+01 1.833105601801792162e+01 1.841040116937330495e+01 1.894937629873085427e+01 1.917910807995208700e+01 1.997860311322255811e+01 2.023965548380559198e+01 2.063258741423516796e+01 2.086993630561358515e+01 2.120547634793575398e+01 2.146919556035712517e+01 2.203054872272532805e+01 2.239606776821183232e+01 2.259667476004633357e+01 2.289556368398470099e+01 2.309591796870211411e+01 2.321642975584431312e+01 2.362217680506084250e+01 2.439639648295386110e+01
1.238944651426645976e-01 1.388214974497523901e-01 2.386374013412204120e-01 1.472387575210916566e+00 1.548309253391903839e+00 1.709754733039111851e+00 1.852084980377068035e+00 2.012276165452891341e+00 2.135107279576354600e+00 2.291412873430303865e+00 2.382094837411561805e+00 2.416890992195193988e+00 2.506224305487910975e+00 2.618023865531612149e+00 2.720650221600980689e+00 2.798216779848545777e+00 3.033992462620007213e+00 3.075801347715173328e+00 3.169017449243916040e+00 3.327704152765773138e+00 3.407705822419004882e+00 3.446698670341627579e+00 3.548079571164330925e+00 3.608975707074829398e+00 3.666055336127325592e+00 3.901963616824323466e+00 4.003817356234061542e+00 4.072834071340500017e+00 4.191396829956012482e+00 4.267855402132319398e+00 4.366286629522281082e+00 4.456547054588302359e+00 4.516519732239172136e+00 4.569061275846710402e+00 4.758034699277458479e+00 4.816157664682973127e+00 4.985285906941497203e+00 5.169532014440756384e+00 5.281391432464571878e+00 5.385035296247327352e+00 5.501653680702503380e+00 5.700367746972842653e+00 5.767769520883741841e+00 5.884931225341025751e+00 6.021520300207360954e+00 6.164617202399099050e+00 6.229365004110877457e+00 6.443193220004671318e+00 6.493501729356956353e+00 6.580561425658595809e+00 6.775751783284003515e+00 6.848989078870697078e+00 6.942373078639351824e+00 7.062107514980986878e+00 7.232916230101824162e+00 7.318347541224944131e+00 7.400854063529999749e+00 7.508146638409134432e+00 7.696855924738341237e+00 7.898329115616915530e+00 7.999690331106207530e+00 8.149244711172940470e+00 8.229993895942675053e+00 8.413218807594853743e+00 8.542777347710217128e+00 8.619113871332730881e+00 8.798518586471649527e+00 8.936073758249754917e+00 9.061072806829900017e+00 9.257037965318199113e+00 9.461423165745468822e+00 9.657848256960237521e+00 9.836210966561113267e+00 1.004815334032073615e+01 1.013036962610453173e+01 1.019274388774927154e+01 1.026999500399129595e+01 1.040689030759501499e+01 1.044817673886532994e+01 1.085690449414995840e+01 1.089960433440930743e+01 1.103483970366591471e+01 1.116158046975202822e+01 1.122244802360817673e+01 1.140306115858951763e+01 1.150132700472019032e+01 1.163367353305003959e+01 1.176570491017181475e+01 1.184844808125551552e+01 1.192779323971732452e+01 1.207881373310969586e+01 1.245275102904609277e+01 1.253035664941877947e+01 1.263565920362825246e+01 1.273660488596101814e+01 1.310891393353898771e+01 1.328190665915707669e+01 1.336251341459207964e+01 1.348358846941327194e+01 1.353956465499105732e+01 1.362258762387732425e+01 1.375004107795858310e+01 1.391157176945325169e+01 1.402793366805250486e+01 1.426886306134284510e+01 1.431439076052608961e+01 1.441843233852377892e+01 1.466283540396890039e+01 1.493573176916717316e+01 1.520094497617638929e+01 1.543441072962932736e+01 1.549878879876113125e+01 1.565536092898550713e+01 1.587214022276898184e+01 1.594899660874095915e+01 1.611136522629240986e+01 1.628403012942058936e+01 1.652969240435202636e+01 1.670495779920482349e+01 1.696046283128730181e+01 1.706934261096785121e+01 1.722509733491925132e+01 1.730001355476880676e+01 1.750421149769939788e+01 1.774604118341458658e+01 1.788378699363484259e+01 1.831769588526521630e+01 1.839540700179682986e+01 1.895663203267906383e+01 1.917883449762921799e+01 1.997138192655732425e+01 2.023379732465698666e+01 2.064201389860563651e+01 2.088169584293714465e+01 2.119978142318048597e+01 2.147065730014456264e+01 2.202028336049384194e+01 2.241563618238955513e+01 2.257500725469113689e+01 2.292223579127230337e+01 2.310855863107168418e+01 2.317747641799255476e+01 2.361472303745782142e+01 2.438462207257480330e+01
-1.124391338711536658e-03 -8.999220897777843219e-04 1.192835768231195347e-07 1.489541025624283144e+00 1.548596936196647844e+00 1.705060811614796723e+00 1.851072584363098406e+00 2.013939390445707023e+00 2.133693277335924954e+00 2.287507167726744228e+00 2.389480523663892519e+00 2.413527271998523460e+00 2.501653468454275497e+00 2.615851120003374941e+00 2.720952771573863949e+00 2.804382418101442287e+00 3.046343552497278839e+00 3.071710656142129903e+00 3.166547393533232668e+00 3.329705028330653072e+00 3.410966492000014227e+00 3.469240593554997254e+00 3.531431502078469897e+00 3.604166409172857577e+00 3.661964249408712568e+00 3.906668311811578587e+00 4.006104750859970309e+00 4.073414417616725736e+00 4.194232087679083953e+00 4.267914286933260470e+00 4.362380983980811422e+00 4.463044114112069138e+00 4.506982279648363843e+00 4.559479511407877439e+00 4.756955451230393983e+00 4.817138728634810185e+00 4.982870789164882019e+00 5.168815175866086520e+00 5.281221814396152681e+00 5.387942346831790630e+00 5.497138976270709243e+00 5.703386970568133485e+00 5.765692372837314394e+00 5.889869790462600285e+00 6.017669667723400728e+00 6.160936037170615442e+00 6.228281743320989605e+00 6.449832536981594977e+00 6.495507266657641665e+00 6.578270988250796592e+00 6.771980032794796323e+00 6.848617688151577454e+00 6.943473707606227840e+00 7.062076284293875794e+00 7.237191921323264943e+00 7.315149933179273312e+00 7.397120939601427025e+00 7.505943431451827408e+00 7.684765812756799264e+00 7.897556361217884735e+00 7.997081938867128592e+00 8.145070415032321876e+00 8.216327204448965915e+00 8.415338608048910984e+00 8.535404927998868629e+00 8.616889592300417178e+00 8.802071290523302949e+00 8.925205454378488668e+00 9.058643308128297988e+00 9.245961593954392654e+00 9.458491842584093590e+00 9.662390670454380270e+00 9.837676587795462169e+00 1.004339456473663716e+01 1.013392406615038865e+01 1.020401129255384198e+01 1.025333792270378908e+01 1.040960179618746828e+01 1.044103741536802232e+01 1.086224607134779241e+01 1.090424735236255849e+01 1.103720720929968735e+01 1.114927059986541558e+01 1.123159945941740290e+01 1.139763101050754912e+01 1.149009503709965685e+01 1.161422862945533829e+01 1.178469584489758937e+01 1.182663442902236817e+01 1.191976313756814854e+01 1.206947744309954906e+01 1.245053164896778775e+01 1.252687589935146129e+01 1.263321125289853164e+01 1.273667417015608549e+01 1.311299345330630750e+01 1.328476796100071589e+01 1.335471848153637175e+01 1.348013842685500663e+01 1.354067755427770692e+01 1.361531022148367498e+01 1.375109885538515719e+01 1.391141915946768925e+01 1.402344236873234351e+01 1.427894326009444725e+01 1.431170461258191295e+01 1.441070062137663754e+01 1.465641918711772895e+01 1.493510380777933833e+01 1.520127864305406895e+01 1.543398027547980966e+01 1.550034801077460322e+01 1.564990259983003540e+01 1.587389978657469847e+01 1.594642178685529821e+01 1.611442605538078965e+01 1.628768701019503595e+01 1.653015342110614583e+01 1.670452879672531665e+01 1.695985808582318199e+01 1.707120381594813097e+01 1.722286409409283436e+01 1.729741034990763637e+01 1.750971612798765520e+01 1.774153371930269074e+01 1.787608545544619076e+01 1.831315756041042064e+01 1.839074449462495053e+01 1.895900388075326859e+01 1.917904721520812572e+01 1.996900921166784215e+01 2.023160719803745167e+01 2.064488411221467956e+01 2.088593340525784114e+01 2.119819148724311830e+01 2.147154512931986758e+01 2.201677710306081437e+01 2.242274153851012031e+01 2.256689883824675746e+01 2.293284535148580616e+01 2.311977589883670348e+01 2.315594819599491672e+01 2.361225031411072450e+01 2.438042942869087781e+01
3.621552991604623517e-02 1.564087184529734387e-01 2.612958274905624600e-01 1.487827989042126875e+00 1.550767888201657563e+00 1.709524821522055760e+00 1.848044879051010891e+00 2.018303053592064078e+00 2.139164243457698955e+00 2.285065913448435904e+00 2.389256382586645522e+00 2.416932246537173867e+00 2.504985815757269751e+00 2.617409553740310368e+00 2.723120991148539893e+00 2.800762337487372022e+00 3.032479086686438841e+00 3.083676280848899776e+00 3.167524275270817480e+00 3.327315031003621026e+00 3.409862672845842102e+00 3.462819122866413579e+00 3.531682083987743415e+00 3.610803729242570981e+00 3.665122026376050890e+00 3.901468055520755485e+00 3.993376423772008632e+00 4.075027007524603562e+00 4.194042645685364334e+00 4.268396378706413863e+00 4.362003689446545707e+00 4.458401704775415197e+00 4.517250095919824737e+00 4.561200625463587954e+00 4.756595590058903866e+00 4.815103651312321098e+00 4.979880330216369444e+00 5.171137254827086416e+00 5.281811466875809380e+00 5.390777352809988265e+00 5.493280257715327686e+00 5.706157696770122634e+00 5.765357161192838475e+00 5.887173554124601083e+00 6.024831589687971167e+00 6.161714024902988029e+00 6.228207113618858592e+00 6.448610334858599025e+00 6.490553705615647928e+00 6.575470238704144599e+00 6.769190732806078081e+00 6.857197088066079083e+00 6.944160758352009744e+00 7.062826673545853140e+00 7.237899263137982153e+00 7.313498510541307063e+00 7.408022547428362969e+00 7.509006180914580497e+00 7.689425430336379819e+00 7.893285297836103886e+00 7.996784294861991604e+00 8.147773626722214502e+00 8.220259632387492132e+00 8.416434420457715504e+00 8.535774233699973124e+00 8.620867520410500973e+00 8.805161393131642811e+00 8.928365055269829043e+00 9.062799931302345513e+00 9.251672545853976359e+00 9.470581989465838291e+00 9.646420630872635016e+00 9.855971225899271104e+00 1.004509978174677798e+01 1.012532117374147766e+01 1.020239190378142879e+01 1.026109760687526418e+01 1.041311007440054048e+01 1.044944252349487535e+01 1.086234259515828526e+01 1.089964205798589347e+01 1.104055654603668835e+01 1.115851874786376108e+01 1.123295659280367254e+01 1.140455438173009206e+01 1.149060764989170025e+01 1.161869875215484171e+01 1.178491080998364282e+01 1.182300812446511529e+01 1.192797278628323276e+01 1.207460118997599707e+01 1.245401283903024492e+01 1.253423265071875825e+01 1.263146256428803405e+01 1.273805667775734030e+01 1.310625419829079696e+01 1.328024158175716174e+01 1.335685375582486856e+01 1.348505571561184624e+01 1.354184255616470267e+01 1.361249627078384883e+01 1.375467823310284210e+01 1.391727667388252598e+01 1.402252831408083011e+01 1.427064730974789697e+01 1.432266123849505490e+01 1.441364830423015775e+01 1.466093000490925391e+01 1.493444394643429085e+01 1.519862080343042088e+01 1.543267884011525837e+01 1.550430950673621844e+01 1.564701046432539933e+01 1.586670427323455712e+01 1.595707697229455135e+01 1.610972268144139363e+01 1.628785298018791750e+01 1.652455556873194098e+01 1.670425860912881433e+01 1.695203237544034280e+01 1.707412000877510749e+01 1.723499618273984879e+01 1.730473124691791398e+01 1.750626353532278756e+01 1.774463787217000998e+01 1.787905170379988107e+01 1.831412725610788073e+01 1.839619872583109128e+01 1.895899913133066406e+01 1.919002485316104512e+01 1.995847486217329703e+01 2.024087383817580488e+01 2.064574348935055781e+01 2.088381096719053787e+01 2.119891804728335671e+01 2.147269704489469433e+01 2.201421667228619228e+01 2.242094311068043666e+01 2.256300960669865674e+01 2.293208524913086421e+01 2.311579763276584742e+01 2.315567778379429242e+01 2.361110015143471585e+01 2.437853927774595419e+01
2.105331894543026328e-01 2.932519299792776812e-01 4.949368162998607490e-01 1.480914168009918042e+00 1.558477217772472612e+00 1.721022155776456675e+00 1.844865826520933005e+00 2.032864929723095404e+00 2.155485989788506807e+00 2.278610374233514424e+00 2.389073798898234013e+00 2.426589889610702322e+00 2.514397620251798582e+00 2.621097422096732021e+00 2.729635285557635349e+00 2.791427503571653812e+00 3.008623939225592903e+00 3.100267107281088563e+00 3.170428591305848531e+00 3.320895956603168830e+00 3.404827372648416617e+00 3.450521580292658985e+00 3.533545699612631541e+00 3.623168500817407267e+00 3.676314749478599708e+00 3.885466474408553861e+00 3.967793863277406796e+00 4.070223739868684909e+00 4.188425625214189374e+00 4.274514800397110292e+00 4.360444012091860166e+00 4.454502323300564726e+00 4.535136035054707193e+00 4.569894060124338075e+00 4.754413486599467831e+00 4.810395157481239359e+00 4.971475293152829877e+00 5.177026960480643147e+00 5.280671581241878521e+00 5.397291670364809946e+00 5.483485436730473062e+00 5.712474904047359914e+00 5.765704203045815213e+00 5.879730875526817613e+00 6.042750136730048460e+00 6.162968368189652324e+00 6.228992590290032716e+00 6.443187922458803563e+00 6.480070140861462491e+00 6.566873465582892422e+00 6.762382098006976427e+00 6.878043756194494485e+00 6.945663821761090873e+00 7.064886505177905285e+00 7.239350314050158275e+00 7.310444616731607503e+00 7.433865201940424328e+00 7.518218852006691044e+00 7.701507879153383307e+00 7.883755443593449819e+00 7.994323744292464617e+00 8.157430186951225792e+00 8.230055858825759074e+00 8.415602759697149438e+00 8.537043029883928824e+00 8.637012346776568705e+00 8.812909586609478652e+00 8.936043955076128142e+00 9.076607786331113203e+00 9.265445204910026433e+00 9.498101009675096407e+00 9.610381483129101454e+00 9.886012635660650361e+00 1.006127448973085414e+01 1.009774018719988753e+01 1.020582099605721638e+01 1.028529435656263047e+01 1.042200168386032111e+01 1.046942853837449761e+01 1.085783447198078022e+01 1.089552015419645770e+01 1.104629841283782454e+01 1.118996740701855863e+01 1.123596486758467350e+01 1.142450187561410679e+01 1.149002926409448833e+01 1.163339796686394934e+01 1.178528193745667529e+01 1.181522889077641736e+01 1.194971525842656490e+01 1.208906620751080752e+01 1.246544338592184431e+01 1.255290428705205663e+01 1.262928451579485234e+01 1.274350439077382369e+01 1.308778712623970542e+01 1.326713927346700039e+01 1.336178415950258014e+01 1.349880640463606341e+01 1.354414978185714169e+01 1.360372791751486510e+01 1.376674717501960465e+01 1.393454117199294018e+01 1.402042315785876525e+01 1.426404814557851886e+01 1.434049662033884509e+01 1.442165236436060027e+01 1.467456607864960105e+01 1.493255295025103813e+01 1.519085559800050156e+01 1.543186744290703061e+01 1.551030705557445621e+01 1.564104967176091598e+01 1.585378248790344458e+01 1.597984154631095421e+01 1.609795997679238511e+01 1.628791242119578087e+01 1.650808524444325798e+01 1.670087846665851217e+01 1.693041759101780386e+01 1.709472870814635925e+01 1.725350948519209382e+01 1.733189269950484146e+01 1.749924376179711416e+01 1.775230588064978576e+01 1.788782223630258628e+01 1.831543093247959320e+01 1.841570162227792906e+01 1.896040940090720284e+01 1.922050858171089516e+01 1.993120830822977396e+01 2.026408799162714658e+01 2.064860126054450262e+01 2.087771795382026241e+01 2.120104970407609457e+01 2.147621119926954592e+01 2.200678839667478925e+01 2.241448128453494348e+01 2.255255450872378020e+01 2.292996214041017566e+01 2.310382829885227451e+01 2.315576640597832636e+01 2.360772851597969080e+01 2.437315340808261155e+01
3.570066744981567619e-01 4.229633124402814581e-01 7.308916133752708655e-01 1.468695079287973160e+00 1.572646350416370575e+00 1.735414189643008420e+00 1.855530855730321838e+00 2.057853719785741831e+00 2.181087079008185103e+00 2.271090479744652946e+00 2.391436741973255842e+00 2.440854760642921395e+00 2.528212735241708753e+00 2.625244990055800809e+00 2.739928754140591227e+00 2.780576706670828901e+00 2.981393601351137068e+00 3.112193710075780384e+00 3.174441156230884076e+00 3.311264955991554348e+00 3.398217222943177518e+00 3.440756072758496487e+00 3.537035539520665850e+00 3.631958833704676870e+00 3.695493546024880338e+00 3.860232323588953740e+00 3.941105887494104287e+00 4.055204307694231680e+00 4.172574393423684747e+00 4.286274269828169281e+00 4.361138752129896545e+00 4.457661891320830350e+00 4.545033858714368158e+00 4.592222504929394766e+00 4.746910814691795544e+00 4.807145186921156998e+00 4.960287058147483386e+00 5.183357556718516612e+00 5.274058031387427903e+00 5.402008847446992945e+00 5.472161491020067103e+00 5.715964033275849232e+00 5.770249302086304155e+00 5.870179348829323018e+00 6.063475963004314018e+00 6.162383715147493390e+00 6.232526005630603549e+00 6.430696376942287351e+00 6.472252018589173872e+00 6.553025130672220477e+00 6.753106014802501278e+00 6.902661498183246813e+00 6.947570255286139584e+00 7.067624583351197920e+00 7.239754334028431160e+00 7.309505479388590743e+00 7.460065144723399655e+00 7.533863010447840125e+00 7.714537175604509578e+00 7.875841522697189845e+00 7.988931430019798441e+00 8.175510822957406276e+00 8.241109378437649013e+00 8.409406300162736159e+00 8.535458435370141927e+00 8.671430591279401412e+00 8.821964841487432096e+00 8.945021060462975626e+00 9.101131046071078146e+00 9.283110050379935529e+00 9.516743481749147193e+00 9.575363733114347298e+00 9.891896151035538765e+00 1.005055610636497754e+01 1.010167295265309839e+01 1.021743944806521043e+01 1.033012910132915252e+01 1.043390321424410772e+01 1.049468880339931864e+01 1.084707790969425112e+01 1.090157367129122434e+01 1.105003593301516140e+01 1.123014609161048227e+01 1.125449979696472091e+01 1.145155508605942707e+01 1.149015004462370371e+01 1.165835233734686582e+01 1.178341982537903121e+01 1.180987839539369233e+01 1.198089614395257385e+01 1.211000893386859367e+01 1.248567596444592809e+01 1.256760488946106769e+01 1.263927156243895489e+01 1.275794015521304381e+01 1.306169086207790464e+01 1.324659031761606443e+01 1.336700492863495349e+01 1.351567787428786893e+01 1.354631342654834647e+01 1.359078213388993817e+01 1.378805575927630045e+01 1.395233079626059514e+01 1.402976455527100086e+01 1.427280588806176098e+01 1.435986910664711047e+01 1.443299816490420007e+01 1.469754002604951637e+01 1.493004083246494318e+01 1.517873783829711343e+01 1.543501117001066270e+01 1.550832822024693236e+01 1.563864286788689206e+01 1.584367151094517823e+01 1.600334415004336108e+01 1.608598695381739674e+01 1.628698009448384454e+01 1.648250451702254082e+01 1.668939039247776890e+01 1.690299114412854564e+01 1.714327668921880843e+01 1.726365380617712475e+01 1.737528909485141071e+01 1.749761203716955649e+01 1.776185477633482535e+01 1.790217772188622192e+01 1.831585563659627525e+01 1.845397514012423557e+01 1.896609389808584467e+01 1.926520295713373088e+01 1.989492484889657575e+01 2.029286584878128963e+01 2.065432622687071529e+01 2.086840539644599346e+01 2.120449460761125593e+01 2.148227525072331190e+01 2.199522759006023520e+01 2.240032223380359255e+01 2.253927929820721232e+01 2.292687476798211321e+01 2.308465666191724353e+01 2.315766101499140817e+01 2.360241108844827806e+01 2.436506907506827702e+01
5.006651439608381660e-01 5.501167624271617873e-01 9.634852953959920363e-01 1.458458996553319675e+00 1.592263291394607982e+00 1.753170884646678251e+00 1.886452703195509173e+00 2.090232069459661446e+00 2.207768702492483470e+00 2.270409355777684546e+00 2.400208857273401719e+00 2.458700258757180013e+00 2.543848523433765774e+00 2.629726931979492033e+00 2.750699423578269798e+00 2.775591050136877680e+00 2.952985706122041698e+00 3.117502040120984308e+00 3.176981296884224815e+00 3.299493291423893915e+00 3.398522994021480503e+00 3.433549202993062099e+00 3.540701525728215504e+00 3.635373461896879377e+00 3.715897468576504714e+00 3.832021478487019461e+00 3.915809534321384788e+00 4.034126892016415944e+00 4.153591783905929979e+00 4.290467505303616313e+00 4.372227175606505867e+00 4.465235498331138864e+00 4.548606241575493314e+00 4.621012786491545121e+00 4.730795108597700249e+00 4.809215131509092522e+00 4.951040362325707989e+00 5.186459339620284936e+00 5.261479590698657560e+00 5.399243948404431670e+00 5.464522155650147539e+00 5.711189239309597099e+00 5.777469336797822486e+00 5.864531168131236427e+00 6.078467764599893464e+00 6.160519713926292162e+00 6.238263490395763888e+00 6.415997377993854833e+00 6.466838787811791889e+00 6.536084623094721380e+00 6.743100392238609686e+00 6.922727019450469754e+00 6.951608509463513386e+00 7.070089781292738351e+00 7.237528599332354595e+00 7.312550302812338643e+00 7.476655019572520544e+00 7.555339436007125542e+00 7.718937211790864339e+00 7.874324997648002977e+00 7.983538903099634432e+00 8.200034706583755550e+00 8.248814441182952706e+00 8.402390677200235913e+00 8.528232667922706511e+00 8.719352092132030663e+00 8.829004266824556524e+00 8.952960415614221290e+00 9.134087039407090103e+00 9.303757864773231745e+00 9.491712222475756633e+00 9.573687393112162880e+00 9.878039530353182940e+00 1.000039356498519183e+01 1.012580259011381933e+01 1.023022890398447160e+01 1.037314634984490880e+01 1.046023893098558588e+01 1.052699789424908161e+01 1.083769157948013984e+01 1.091536503064089558e+01 1.105272027577834848e+01 1.123178333430027998e+01 1.132067347418638015e+01 1.146264168187654953e+01 1.151455094178409944e+01 1.168913557741596776e+01 1.177737508621338591e+01 1.181189556303448285e+01 1.201888881314193291e+01 1.213328140704606639e+01 1.251220462617474993e+01 1.256350951998580179e+01 1.266509842350380133e+01 1.279004181390564376e+01 1.303337739447149701e+01 1.322008706671368294e+01 1.337133129497234485e+01 1.351917546517301894e+01 1.354531972572539189e+01 1.358967087603868684e+01 1.381444614538852278e+01 1.394314505165388596e+01 1.407642319522763685e+01 1.429824931806667543e+01 1.438593764604975966e+01 1.445068584303437831e+01 1.473099719507311889e+01 1.492908990202388786e+01 1.516363862857980571e+01 1.544117260214107290e+01 1.549710690363205856e+01 1.564286300470468483e+01 1.583903466087869738e+01 1.601577753334018439e+01 1.608684684407747767e+01 1.628417758526082793e+01 1.645216090255535946e+01 1.666803933828089868e+01 1.687636664472098502e+01 1.719691753177164273e+01 1.729644591687772603e+01 1.741140503254066019e+01 1.751586411389869369e+01 1.777328840529450815e+01 1.792214474379922606e+01 1.831724000136084385e+01 1.851258104866867171e+01 1.897852020369279558e+01 1.931906460064486453e+01 1.985529057794721197e+01 2.032080495687716848e+01 2.066435524671100055e+01 2.085692670773403989e+01 2.120926188800298817e+01 2.149123528923855275e+01 2.198069160445485437e+01 2.237512529850275556e+01 2.252836975697928779e+01 2.292321363211758367e+01 2.306018066705492231e+01 2.316229043445367708e+01 2.359570811621034636e+01 2.435544484501296836e+01
6.417482073607547743e-01 6.764402616519205047e-01 1.184455989197575443e+00 1.463139500400740589e+00 1.616868904612263069e+00 1.778363642851231052e+00 1.931387322246308047e+00 2.125443707222188117e+00 2.219046247179849551e+00 2.290091982110581181e+00 2.419108130378350818e+00 2.480169063706996635e+00 2.558125450531357092e+00 2.637455768647852583e+00 2.755202422279755758e+00 2.786711475903751456e+00 2.926354782406860533e+00 3.117064080699910811e+00 3.176018689377027027e+00 3.289042649452651013e+00 3.404241672469734414e+00 3.429357884345876961e+00 3.544913783065546831e+00 3.631515609077662354e+00 3.731188128431185635e+00 3.808282726253583217e+00 3.893968417723980835e+00 4.010197049053017437e+00 4.140007002987310614e+00 4.284447837467857845e+00 4.391189742624272085e+00 4.472297470293769450e+00 4.551304282452999672e+00 4.646422905583383667e+00 4.708132702533075253e+00 4.815044043743232471e+00 4.949262111905055050e+00 5.183934588202359528e+00 5.244049419276367807e+00 5.387254232275036081e+00 5.463453679283643893e+00 5.699490285189966698e+00 5.776989966506980601e+00 5.870195684810459724e+00 6.079205192268635649e+00 6.164058967163793312e+00 6.241980126524464545e+00 6.407708842063279064e+00 6.457898134470942964e+00 6.519190556875699372e+00 6.735590067797861735e+00 6.930703361942197382e+00 6.960338597808348737e+00 7.071700823983261941e+00 7.231761000680027252e+00 7.319509647486661663e+00 7.482822109602936145e+00 7.580318833090014863e+00 7.710104153125199922e+00 7.876781041405040540e+00 7.981054285100907641e+00 8.223914178918343865e+00 8.253272432469206166e+00 8.399212166898683662e+00 8.518935139676212742e+00 8.769699160185604470e+00 8.832446109781839638e+00 8.956843203624453409e+00 9.171475766277200847e+00 9.325344807812840031e+00 9.449126461655835030e+00 9.585443096993330414e+00 9.858933041074225301e+00 9.948032241943026932e+00 1.013054454473469868e+01 1.023596288871005378e+01 1.037655915534492834e+01 1.050318692986095215e+01 1.057639460700336720e+01 1.083026646689631534e+01 1.093704500229154952e+01 1.105665576283747598e+01 1.122795405390726131e+01 1.137325997034908909e+01 1.146709672684884929e+01 1.155704863226453583e+01 1.171904835033575409e+01 1.177366976313231461e+01 1.181903784614138075e+01 1.206017469171133527e+01 1.215557733609725055e+01 1.253270019618566344e+01 1.255756120239842133e+01 1.268519867556317138e+01 1.283330440334719391e+01 1.301123839474176513e+01 1.318990378598004121e+01 1.337444230433041703e+01 1.350227441394640948e+01 1.353489745720917092e+01 1.361384498684891575e+01 1.384015592132816330e+01 1.391550719157996419e+01 1.413613848477052315e+01 1.432636430282849638e+01 1.441083323224722434e+01 1.449670278011978830e+01 1.477926461768231903e+01 1.493591456827761910e+01 1.514781567060061640e+01 1.544461847646057251e+01 1.548882852177651870e+01 1.564926917384349103e+01 1.584025175432182841e+01 1.601077848572258588e+01 1.610869184906964691e+01 1.627837692745954001e+01 1.642417708214840033e+01 1.664035707727644464e+01 1.685142784736889965e+01 1.720067146895837595e+01 1.739755391078244173e+01 1.744189938423329878e+01 1.755872885428220442e+01 1.779284045441239570e+01 1.794842113476175882e+01 1.832205654333004929e+01 1.859138349110184052e+01 1.899941547436196387e+01 1.937865155122075933e+01 1.981585214556051255e+01 2.034443256001833689e+01 2.068036638494566049e+01 2.084445368892797745e+01 2.121568339144418047e+01 2.150361274006480627e+01 2.196468307626581051e+01 2.233890890826033271e+01 2.252307073118041814e+01 2.291882262525917824e+01 2.303285391508527979e+01 2.317017560202371129e+01 2.358853009798959377e+01 2.434560296687094194e+01
7.781298184743966617e-01 8.023617391334365578e-01 1.361251585915408180e+00 1.513006260125609570e+00 1.646932559900501136e+00 1.811247074980004479e+00 1.982635830846840808e+00 2.155626776278138479e+00 2.223768586797216340e+00 2.320219279716036365e+00 2.448244923424997666e+00 2.505976905583285230e+00 2.569262779094628080e+00 2.653232965005524857e+00 2.760142845391596822e+00 2.809767787229816793e+00 2.904536285184418531e+00 3.112368469465306209e+00 3.172408978365638177e+00 3.284126176952359533e+00 3.397415240676131987e+00 3.436363940451733878e+00 3.552827800610650399e+00 3.617873277470218252e+00 3.741001721085941867e+00 3.791809228869544413e+00 3.880202620661619139e+00 3.985639552243474881e+00 4.135435885268643474e+00 4.275415459918182393e+00 4.407739052437597671e+00 4.473580686322360833e+00 4.556562900815125161e+00 4.658490875128275199e+00 4.688981100161599969e+00 4.820147008847929904e+00 4.958853483617784441e+00 5.175329536690890464e+00 5.222852867526613707e+00 5.368943614070215808e+00 5.467655538844518048e+00 5.683902264398951409e+00 5.765661788229792251e+00 5.885321102817600014e+00 6.064364617739350649e+00 6.176129661145367322e+00 6.240189653804443459e+00 6.409378741097353505e+00 6.442568071997096801e+00 6.504745088284324517e+00 6.733209440495160791e+00 6.929532259570290620e+00 6.967180094407838808e+00 7.072690875632503094e+00 7.221717937633207463e+00 7.329486172893507678e+00 7.481031054042157180e+00 7.606505298044137220e+00 7.691191403735389009e+00 7.878619527326937266e+00 7.978806675760165668e+00 8.231924491015359280e+00 8.265553262833789105e+00 8.397308588348421310e+00 8.515166210770122035e+00 8.814136522203025237e+00 8.833373025624474906e+00 8.953200878028779286e+00 9.208707591851164054e+00 9.337024393797344501e+00 9.418866562664099717e+00 9.595878969242765066e+00 9.835555729015425186e+00 9.904086832079430636e+00 1.012006324578394079e+01 1.023525435320198795e+01 1.035926313005116128e+01 1.053479957927884492e+01 1.063868276019443115e+01 1.082321923243638473e+01 1.096440725067169097e+01 1.106355201379795616e+01 1.122355181397957224e+01 1.139317860381085801e+01 1.148633150573256145e+01 1.159293179791554174e+01 1.174061316782275632e+01 1.178003966988985773e+01 1.183048993128671178e+01 1.209962953975189137e+01 1.217535405087874878e+01 1.251994227625901424e+01 1.257960218585237655e+01 1.269617151110964315e+01 1.285517266450760587e+01 1.300533107687197720e+01 1.315995096310569146e+01 1.337453373087645403e+01 1.347687631784462781e+01 1.352627481748076654e+01 1.364419632441535768e+01 1.385696672527989115e+01 1.388816196586838814e+01 1.418343790820138395e+01 1.434456340035157851e+01 1.441810560779101280e+01 1.456093447874812163e+01 1.483713974894118692e+01 1.496740113530311511e+01 1.513652598963233054e+01 1.544298335020537394e+01 1.549337142124712585e+01 1.565268014201068425e+01 1.584629526984434733e+01 1.599924598337161896e+01 1.614020519247151597e+01 1.626783559481088304e+01 1.640746606530752061e+01 1.661192263486758947e+01 1.682733149359876279e+01 1.718105479164516325e+01 1.741874947211620395e+01 1.758252052446180613e+01 1.760791486952546236e+01 1.784146051462705529e+01 1.798689819188822270e+01 1.833279162567723475e+01 1.868964942575361476e+01 1.903103200232139258e+01 1.944211203144353561e+01 1.977938258968462648e+01 2.036328698749788657e+01 2.070360025364145429e+01 2.083218418793357785e+01 2.122472207152633317e+01 2.152005473368452471e+01 2.194896806482686102e+01 2.229587998174231700e+01 2.252345544614319550e+01 2.291184142497206722e+01 2.300640127170926519e+01 2.318148481805078731e+01 2.358211571421656672e+01 2.433684610511460988e+01
9.065949483934417907e-01 9.276246525351862227e-01 1.438223187199790809e+00 1.644820598999090500e+00 1.685544305059249792e+00 1.853453343827049515e+00 2.034393248435413248e+00 2.171450710216686897e+00 2.241773229966036673e+00 2.345773732908090992e+00 2.478720789611729369e+00 2.535163035742209470e+00 2.584937885930189694e+00 2.676669249152427987e+00 2.771965749985958460e+00 2.840419129662231867e+00 2.889931513740549018e+00 3.105159417489320006e+00 3.167451784680218374e+00 3.286894328494629036e+00 3.378545707208588933e+00 3.445248200510678149e+00 3.563756216990600301e+00 3.600445246295890467e+00 3.745457310977846177e+00 3.783896291603530582e+00 3.877487265536039729e+00 3.963120802072421789e+00 4.139224141199615126e+00 4.268117320929222913e+00 4.414675579814141493e+00 4.466540748940414751e+00 4.563771373274584597e+00 4.645280959357579675e+00 4.690398404279174649e+00 4.822643334094785850e+00 4.977672251164880990e+00 5.161036748229032689e+00 5.199488533860770367e+00 5.348510105841767448e+00 5.474570101123255483e+00 5.666888347044761076e+00 5.747754050924140046e+00 5.901005028458544466e+00 6.042003659627561696e+00 6.190961188486219235e+00 6.234548447648357694e+00 6.406993107741760340e+00 6.434555304576350387e+00 6.492256719223405526e+00 6.735809650914793778e+00 6.924190526857239902e+00 6.966432448397634758e+00 7.072334302897621328e+00 7.207901802767330501e+00 7.339995674083239052e+00 7.474711399781082122e+00 7.627480823679349875e+00 7.671249092690413107e+00 7.880272194626708249e+00 7.969303575799329131e+00 8.228585031955562457e+00 8.279602741426559831e+00 8.391119136387644062e+00 8.522591151736442328e+00 8.831106344074983738e+00 8.849027463223862355e+00 8.943811328218306045e+00 9.234061270200413674e+00 9.330018181823405143e+00 9.417142040864336039e+00 9.604349062656226010e+00 9.795378065161861159e+00 9.886795594931818698e+00 1.009606012728252722e+01 1.023427980234917811e+01 1.033426334752823905e+01 1.055788992572115959e+01 1.069531539264747444e+01 1.082084815511873011e+01 1.098928822311034814e+01 1.107539212472318901e+01 1.122295039992300580e+01 1.139511751402427286e+01 1.151082776948624264e+01 1.161427215638578403e+01 1.175448728901871043e+01 1.179201298921812935e+01 1.184814747569512150e+01 1.213315865846905872e+01 1.219142366003702094e+01 1.249746807728543274e+01 1.260490279989917362e+01 1.270112809517630659e+01 1.284820717551610514e+01 1.300677407481294878e+01 1.313524484642153034e+01 1.336643313821443435e+01 1.345900277388007638e+01 1.352089025899721619e+01 1.367130538515551663e+01 1.383218931253288986e+01 1.389943694131938479e+01 1.421784584624761116e+01 1.435250711226095355e+01 1.441767099789119300e+01 1.459725210782040428e+01 1.487106572948503214e+01 1.502500427521261983e+01 1.514552182654494850e+01 1.544532059385889511e+01 1.550381383541990488e+01 1.565081879056472225e+01 1.585504594530525146e+01 1.598824620497816440e+01 1.617024359423766455e+01 1.625182869153817933e+01 1.640817987099134001e+01 1.658710729472257839e+01 1.680476116797551001e+01 1.715348666290154611e+01 1.742062435322410963e+01 1.764443813939975314e+01 1.770176914131957346e+01 1.792734860804355179e+01 1.808692894187656108e+01 1.835448211864015278e+01 1.880190797719999196e+01 1.908260752611720434e+01 1.950821724429346560e+01 1.974925375243880055e+01 2.038000341322929643e+01 2.073431234846403726e+01 2.082150129172584485e+01 2.123840551981868430e+01 2.154115977332027043e+01 2.193549694696987373e+01 2.225127695609992173e+01 2.252862782514886675e+01 2.289727169070260970e+01 2.298752917304054932e+01 2.319601727663452451e+01 2.357791042788564440e+01 2.433033325454053397e+01
1.024902550010515556e+00 1.050321369018042850e+00 1.480538270676083901e+00 1.708964927611727580e+00 1.777676112123672381e+00 1.923632592533674579e+00 2.078981086930602018e+00 2.183616867510508541e+00 2.270207764477509826e+00 2.362566609457994460e+00 2.498091343950248788e+00 2.561456760670756783e+00 2.621450745626061618e+00 2.701092618553731395e+00 2.789064614214945337e+00 2.876996737285808958e+00 2.888024802548883496e+00 3.098554745403854671e+00 3.161571771929668984e+00 3.290722702771299080e+00 3.363959980610839562e+00 3.442997236878751810e+00 3.560250219779205860e+00 3.602742263914377130e+00 3.739914165388291689e+00 3.790956719119102925e+00 3.882236899392467855e+00 3.948252314900445370e+00 4.148951195933728187e+00 4.264452224712062645e+00 4.407103623865104680e+00 4.454312760349909084e+00 4.564875223278605176e+00 4.631551031331648360e+00 4.697497270855909512e+00 4.823552106450475385e+00 4.997244156846067042e+00 5.137306338599851863e+00 5.181243829353808117e+00 5.329598898012060992e+00 5.482204648058760732e+00 5.650130939932356711e+00 5.726372148063947343e+00 5.910563474571090659e+00 6.019698242709216274e+00 6.202189545616139554e+00 6.229748073802066521e+00 6.384208835534709081e+00 6.449599896471767124e+00 6.480428728773066638e+00 6.740661464280166548e+00 6.916225567048146949e+00 6.959677502330339216e+00 7.067117442053651999e+00 7.192312940875693172e+00 7.346427548309446998e+00 7.469541062325589564e+00 7.616840414163435824e+00 7.678220108806792510e+00 7.883855948843518036e+00 7.947574367384079075e+00 8.222867268351993886e+00 8.285006211732190096e+00 8.382915963930647862e+00 8.536187187308419411e+00 8.828240140447197959e+00 8.860621821227304906e+00 8.942960868409086217e+00 9.225911047368020590e+00 9.335787872713776636e+00 9.427155150419778806e+00 9.610096389967768715e+00 9.745261871876580884e+00 9.891383280422664015e+00 1.006293257704256838e+01 1.023665240718478842e+01 1.030660732758945564e+01 1.057518880233075187e+01 1.072980922587229280e+01 1.083619847634198052e+01 1.100327874046725007e+01 1.109377249152661093e+01 1.123064799783908896e+01 1.139333499634391700e+01 1.152999988785373731e+01 1.162629679231960367e+01 1.176607090829014268e+01 1.180123742214028759e+01 1.186924902280728134e+01 1.215882335524012348e+01 1.220285265016928022e+01 1.247268525498503955e+01 1.262442501753287338e+01 1.269900709007962547e+01 1.283447774752909254e+01 1.299857632514660288e+01 1.311651674068772699e+01 1.334833126952041304e+01 1.345508594220318699e+01 1.352034180309661870e+01 1.369080959054915425e+01 1.379501718237142605e+01 1.392464170720802485e+01 1.424305199115044651e+01 1.434900205404096774e+01 1.441709755471295473e+01 1.460712766426478382e+01 1.488501860217436779e+01 1.505208456262622541e+01 1.519151997607246862e+01 1.545247865075994298e+01 1.551308315055890397e+01 1.564432707212288065e+01 1.586469896168446070e+01 1.597900890092350501e+01 1.619147534668516641e+01 1.623440807553157583e+01 1.642226203364963055e+01 1.656819867473759800e+01 1.678579641619897345e+01 1.712140688829537538e+01 1.742401058179159179e+01 1.766921592480958481e+01 1.776408400892345796e+01 1.797033320708507986e+01 1.827099660347484900e+01 1.841235401657905157e+01 1.890018688820309478e+01 1.918712915435774136e+01 1.957409878491855793e+01 1.973178917752742834e+01 2.039953812378537279e+01 2.077108157139266353e+01 2.081527653749815698e+01 2.126043121794796775e+01 2.156717801480181862e+01 2.192634939920826653e+01 2.220896840989065879e+01 2.253805717576765488e+01 2.287118720769439406e+01 2.298222795308214117e+01 2.321327015003216943e+01 2.357740123238686181e+01 2.432702136752969935e+01
1.131775550948821651e+00 1.167433384607779123e+00 1.521952716856858734e+00 1.739968815568769811e+00 1.834411203422001924e+00 2.023097857479241757e+00 2.104426602991096296e+00 2.211597452999845892e+00 2.300473991366083215e+00 2.369652307673711711e+00 2.501280423998876845e+00 2.594353061503029689e+00 2.665152420270137767e+00 2.726314112367197229e+00 2.803047520205964371e+00 2.888717490658814224e+00 2.933353947237290704e+00 3.098043021073200176e+00 3.156172211058351884e+00 3.278134097638889077e+00 3.373948350996511802e+00 3.426528412097166854e+00 3.546871063408472580e+00 3.621672452310565227e+00 3.733625646643839335e+00 3.806024993971676817e+00 3.883162053424054516e+00 3.953295287836983807e+00 4.162074451410881615e+00 4.264559654745897710e+00 4.384666189337361075e+00 4.440249396970996187e+00 4.553460661730271752e+00 4.628680124417330788e+00 4.705385269825147709e+00 4.823120867015821212e+00 5.007748786234271776e+00 5.101109389643072589e+00 5.177021240605004238e+00 5.313675046507421840e+00 5.489409940540834754e+00 5.634078988746964889e+00 5.704812326687052959e+00 5.910157111928366902e+00 6.002242542078596976e+00 6.206661001414284229e+00 6.226669114760460921e+00 6.360719087672702443e+00 6.460175204568561647e+00 6.477465878086380968e+00 6.744341648630981290e+00 6.905762034501259805e+00 6.951220357216269186e+00 7.053780969400012424e+00 7.176444985788560160e+00 7.343983776400614616e+00 7.472224041968335229e+00 7.585948962574672549e+00 7.702069474480776279e+00 7.888523717436259020e+00 7.916022289619033536e+00 8.212468895699661431e+00 8.283051697585731787e+00 8.377687058667545372e+00 8.545963890406289565e+00 8.816617362661014923e+00 8.849755824233335844e+00 8.961906646801994114e+00 9.196593921166474672e+00 9.351490161953320168e+00 9.433996829696940978e+00 9.609722782726018764e+00 9.702545179065435121e+00 9.903718913745194641e+00 1.002853382767213475e+01 1.023973774331333075e+01 1.028105710427147734e+01 1.058728150207236851e+01 1.073784719098767937e+01 1.087111988156268083e+01 1.100779753671342220e+01 1.111504491049379517e+01 1.124802255081733904e+01 1.139196554519644877e+01 1.154258833452543520e+01 1.163628292817209342e+01 1.177511943717088627e+01 1.180754028954284784e+01 1.188847223780895312e+01 1.217396927419224895e+01 1.221207915104510455e+01 1.244739040701434618e+01 1.263394228708675726e+01 1.268922140784227359e+01 1.282846693666849802e+01 1.298364460394710385e+01 1.309842035602146382e+01 1.332701484824750970e+01 1.345724932543512686e+01 1.352801687890714355e+01 1.369579543886258932e+01 1.376648707904603874e+01 1.395094858731462040e+01 1.425876733626996717e+01 1.433643525116127648e+01 1.441812097956718830e+01 1.460270377724545199e+01 1.489383588477447695e+01 1.505707524676391351e+01 1.524573224264387328e+01 1.545494448515788477e+01 1.551930506762792028e+01 1.563660657432653878e+01 1.587478095870273975e+01 1.597040381050841873e+01 1.619402657481022345e+01 1.622952072993687977e+01 1.643823397016457832e+01 1.655586259906598912e+01 1.677175620811714296e+01 1.708700332365241081e+01 1.743114533987401416e+01 1.768452703960701200e+01 1.780697940003585344e+01 1.798968518551354023e+01 1.836227639363952235e+01 1.856786397130612798e+01 1.894860720729352366e+01 1.936306592419823147e+01 1.963381380644835161e+01 1.974156052682569040e+01 2.042700872938172196e+01 2.079839119235050049e+01 2.083136476282108518e+01 2.129686062414457837e+01 2.159770748834155540e+01 2.192372045451118012e+01 2.217094278549117092e+01 2.255116192994351465e+01 2.283806210019517025e+01 2.298894678033086691e+01 2.323253853520213141e+01 2.358197155011078294e+01 2.432763911598860318e+01
1.224719914495572270e+00 1.277137445185363873e+00 1.565722293930546849e+00 1.762822879362380801e+00 1.868255277894955491e+00 2.098178383607043340e+00 2.118810211038808067e+00 2.249072108703693562e+00 2.327921333087513034e+00 2.371463571536884363e+00 2.494082737196055444e+00 2.637371639387064981e+00 2.683332121085195254e+00 2.760962810351109464e+00 2.810743632416381033e+00 2.908556416263324618e+00 2.985015403468193718e+00 3.110880616708501911e+00 3.155372542304583305e+00 3.257300225010510530e+00 3.390163808250294064e+00 3.413287790094178487e+00 3.531731703818103973e+00 3.643350187757461889e+00 3.736835331545588001e+00 3.821313210950447736e+00 3.878078117444739625e+00 3.980326901885421709e+00 4.176096758103347462e+00 4.267534535305477661e+00 4.353136778949140862e+00 4.425532163114747064e+00 4.532777220379708538e+00 4.631323142558152917e+00 4.714148261873718937e+00 4.819621816810799153e+00 4.998765299535159023e+00 5.067308403541763262e+00 5.183031762883968163e+00 5.298929855304542080e+00 5.495654404395644121e+00 5.618498818389022098e+00 5.687905324430730936e+00 5.899409751648206246e+00 5.991219184711941814e+00 6.203515398081000498e+00 6.222007088474086345e+00 6.343879001952903884e+00 6.449477309776312950e+00 6.494864954995897222e+00 6.744810664934536959e+00 6.891612765952519482e+00 6.944507550983599842e+00 7.034012255096817157e+00 7.159512742714943201e+00 7.332278121239534485e+00 7.484565592641383880e+00 7.553910976786864850e+00 7.725993470909223504e+00 7.867745486741861249e+00 7.905029259440264688e+00 8.194955293606742686e+00 8.277662639605198436e+00 8.375029683305179162e+00 8.545489998301682988e+00 8.790148581440375253e+00 8.837388986626869780e+00 8.988130994993342782e+00 9.168942136993454284e+00 9.357614436910715483e+00 9.433019454765172895e+00 9.592835413033421688e+00 9.684550239853946252e+00 9.917900813710096131e+00 1.000040188283892206e+01 1.023304366875101401e+01 1.026670644378015140e+01 1.059557313930362099e+01 1.073558479196519322e+01 1.090212681349754575e+01 1.101364783578448225e+01 1.113467621572272392e+01 1.127098364470270120e+01 1.139248663010383211e+01 1.155211064565478551e+01 1.164675765182086487e+01 1.177812187069195282e+01 1.181399661548464408e+01 1.190351382687217452e+01 1.217671752012704545e+01 1.222279073268887828e+01 1.242266195586617528e+01 1.262742132297687903e+01 1.267936617170126290e+01 1.283202437771182680e+01 1.296893572141886608e+01 1.308002815716032252e+01 1.330582941393922702e+01 1.345747692746677338e+01 1.354577494798361137e+01 1.367733702014796471e+01 1.376139609282133414e+01 1.397520155220794713e+01 1.425925423981326823e+01 1.432573468682661399e+01 1.441799895406445664e+01 1.459049427999801551e+01 1.490327393749922180e+01 1.505988117983512353e+01 1.529345321395323154e+01 1.544370188553153334e+01 1.552454356388186341e+01 1.563176172475496095e+01 1.588551379534398045e+01 1.596166270199810455e+01 1.617853591557793891e+01 1.624092562394135086e+01 1.644882385748158526e+01 1.654941860140037591e+01 1.676136044985158335e+01 1.705301172429210865e+01 1.744203953610050561e+01 1.769429111250832776e+01 1.783902891602419771e+01 1.800307805348774082e+01 1.840756333580048576e+01 1.872647444725145149e+01 1.895901625006284874e+01 1.951125434335675735e+01 1.971027335604420117e+01 1.979249564867032518e+01 2.046318142305598187e+01 2.080719232755161485e+01 2.088159995245829492e+01 2.135581932174082098e+01 2.163164219173341962e+01 2.192984273140432805e+01 2.213790005600829502e+01 2.256592281058488325e+01 2.280595306932109168e+01 2.300390922706772301e+01 2.325297113307189178e+01 2.359273913968615233e+01 2.433263603827206012e+01
1.301077240612954045e+00 1.378176102880283693e+00 1.609716185988357084e+00 1.779730929865078970e+00 1.899877704260451106e+00 2.101618912703930420e+00 2.170732340990563447e+00 2.274155489577964762e+00 2.338954891043515616e+00 2.381243021148095718e+00 2.485924045870431698e+00 2.669825399537496313e+00 2.686905109028754346e+00 2.786656191729281140e+00 2.822333883251431530e+00 2.931391817312562154e+00 3.021289002014579950e+00 3.134676416101545904e+00 3.168254950195715125e+00 3.250215559683791167e+00 3.375173340964069180e+00 3.435081146117956674e+00 3.513292533069062085e+00 3.663960447458055825e+00 3.753728822231289897e+00 3.832862284795831354e+00 3.880267180257893411e+00 4.015579343613058683e+00 4.188091998517744941e+00 4.270263513629287466e+00 4.321178278814417517e+00 4.413997436564756072e+00 4.505023125109682169e+00 4.635187071137121251e+00 4.721526302847535383e+00 4.810124884130195788e+00 4.963033769502666281e+00 5.056219868083300817e+00 5.190568738228033219e+00 5.283022850119905023e+00 5.500115693791699734e+00 5.604614242272241142e+00 5.679372834467492304e+00 5.881795050186468643e+00 5.985020997323496239e+00 6.188282990418262131e+00 6.218285346346464237e+00 6.334387817655115605e+00 6.437396286372748300e+00 6.511922409539591783e+00 6.742617763861044722e+00 6.871444266044140825e+00 6.940279405700743531e+00 7.014480384968063476e+00 7.140406511036031745e+00 7.314654492806170971e+00 7.497744220477593480e+00 7.531634608051183122e+00 7.747172547537480192e+00 7.825899208829852682e+00 7.914112752020201924e+00 8.171956936699297458e+00 8.269271039441445481e+00 8.372343906687772730e+00 8.532986887678047694e+00 8.756770654708594392e+00 8.828099928235181082e+00 9.010157635330282133e+00 9.152854582565558061e+00 9.351288895986453298e+00 9.424137015396061301e+00 9.559361721356085084e+00 9.691155055126204232e+00 9.933289386373829188e+00 9.983077340225486651e+00 1.021494149450661659e+01 1.026275296912281121e+01 1.060233462696275986e+01 1.073204284172109446e+01 1.091252133880538189e+01 1.102927833405549229e+01 1.115340291435988185e+01 1.129204281982529068e+01 1.139588873189904739e+01 1.156331875373893681e+01 1.165675165716762507e+01 1.177294200590231554e+01 1.182242372726284785e+01 1.191537191974816068e+01 1.217241999962890020e+01 1.223187972742253926e+01 1.239891350751527277e+01 1.260739157258139365e+01 1.267290522093618321e+01 1.284180283217039609e+01 1.295401833458052820e+01 1.306869387582314879e+01 1.328262638471508872e+01 1.345292172956510512e+01 1.356902273400356762e+01 1.365306366692331785e+01 1.377118274550203125e+01 1.399456247203604597e+01 1.424172119807020387e+01 1.432531537209306727e+01 1.441427749362990518e+01 1.457378980305566074e+01 1.491542459162345580e+01 1.506466744968680693e+01 1.533428869335934586e+01 1.542073939814894246e+01 1.552904234786353044e+01 1.563188151059972242e+01 1.589702152767945265e+01 1.595338638963366229e+01 1.615989439195779553e+01 1.625469873959929501e+01 1.645474209076870409e+01 1.654676501176479775e+01 1.675133761090152618e+01 1.702268653393486986e+01 1.745554205321066377e+01 1.769971431232882608e+01 1.786201285350750112e+01 1.801587649446284800e+01 1.844739369837174792e+01 1.885197905886605696e+01 1.895086700419415138e+01 1.955085085678756940e+01 1.981231317417412896e+01 1.988130057789016547e+01 2.049921286065897519e+01 2.082258956516785986e+01 2.093917301631586980e+01 2.144187055851855916e+01 2.166776330632144365e+01 2.194622441213246944e+01 2.211076451608587590e+01 2.257738838848283081e+01 2.278299019779862888e+01 2.302475338758332413e+01 2.327361177434487871e+01 2.361019093209500141e+01 2.434204815789396648e+01
1.359645545459898575e+00 1.469167363955996564e+00 1.648248180721400225e+00 1.797427092255174053e+00 1.933045867288776254e+00 2.092870410386165059e+00 2.209751910521080109e+00 2.279853072908610834e+00 2.341089685897574935e+00 2.387901354152389466e+00 2.487518030443010897e+00 2.647361489716216099e+00 2.721509916310238086e+00 2.798005782348087500e+00 2.842249630393080206e+00 2.938498823124956250e+00 3.038131216656778655e+00 3.147843035158319758e+00 3.195081555738510826e+00 3.268594899493638017e+00 3.373886435835422137e+00 3.450467426457858533e+00 3.501124493492049794e+00 3.679566421487041605e+00 3.781510821774455078e+00 3.838823485031428007e+00 3.899501114012152936e+00 4.047931295657471118e+00 4.193712378246851280e+00 4.260634158272379679e+00 4.308550069010031791e+00 4.409917208848362691e+00 4.470729624459465867e+00 4.637713651939482595e+00 4.724471226044629546e+00 4.791413810252339367e+00 4.922853242759822834e+00 5.059506404853373773e+00 5.189833327739890478e+00 5.269554573288811383e+00 5.501624709439756344e+00 5.594366726556023295e+00 5.679469893935459091e+00 5.861832231105715607e+00 5.981490037334678433e+00 6.167050525599903743e+00 6.211552548624783121e+00 6.328916137721738444e+00 6.428638894642562107e+00 6.524992862964671403e+00 6.740209953217299876e+00 6.843907739580981975e+00 6.936116346227822582e+00 7.002848671613319809e+00 7.120364693177542392e+00 7.293349149480381044e+00 7.486761676308844038e+00 7.543522002851084984e+00 7.764138299616222483e+00 7.785756160398792147e+00 7.923834234485124917e+00 8.145894448719237957e+00 8.256652962240220717e+00 8.368500361598222526e+00 8.511820317934660096e+00 8.723902558428168419e+00 8.821772628340006861e+00 9.021819196886088577e+00 9.151476780312174597e+00 9.337559994087962778e+00 9.410160070296189616e+00 9.523220792340447716e+00 9.704935298228157592e+00 9.947638135843822838e+00 9.979959337517689377e+00 1.019671846121424785e+01 1.025673591242880534e+01 1.060924105659790939e+01 1.072923092804669309e+01 1.090654438473392318e+01 1.104804066112981431e+01 1.117326442757002347e+01 1.130695533031065914e+01 1.140176006940477649e+01 1.157885650182308979e+01 1.166403549572939724e+01 1.176438968587308764e+01 1.182781295470408800e+01 1.192771139307533979e+01 1.216679609940756990e+01 1.223511751116869917e+01 1.237699335018180236e+01 1.258422143997128195e+01 1.266503492839322220e+01 1.285447914784105450e+01 1.293575125655028479e+01 1.307282662013661856e+01 1.325572719515267472e+01 1.343944230419600139e+01 1.358385550660776175e+01 1.365085383946391140e+01 1.378558412287106272e+01 1.400574026487774226e+01 1.421789497008489178e+01 1.432919281573011538e+01 1.440586554784508522e+01 1.455562496833630881e+01 1.492989525169112675e+01 1.507148665152939948e+01 1.535699028362140872e+01 1.540460571941835077e+01 1.553067151845712779e+01 1.563747032563229844e+01 1.590896932358891647e+01 1.594669228280154805e+01 1.614120519551805444e+01 1.626661158294245269e+01 1.645989451166330753e+01 1.654532125138500120e+01 1.673904531732533130e+01 1.699887086614390697e+01 1.746996280617928221e+01 1.770110883565255833e+01 1.787816848552191118e+01 1.802914998525371004e+01 1.848369892284994620e+01 1.892179479409767140e+01 1.896451473215197225e+01 1.954891108269312738e+01 1.988055217608325620e+01 1.997555866821517512e+01 2.052288513408780091e+01 2.084580799195129686e+01 2.099146291596834146e+01 2.154240043150693751e+01 2.170652010364692686e+01 2.196970118227101665e+01 2.209437717989295535e+01 2.257919784293833132e+01 2.277567563217651170e+01 2.304944568269301897e+01 2.329351959168627673e+01 2.363347225320196543e+01 2.435524582766451118e+01
1.401177899790601700e+00 1.548464146608401704e+00 1.675186608488121509e+00 1.821794341391297367e+00 1.963380462590181175e+00 2.084944828994542920e+00 2.221746987164968878e+00 2.281891456728213807e+00 2.338343371378207358e+00 2.388692731844108685e+00 2.496721514578360779e+00 2.620043807601422525e+00 2.738078285473308338e+00 2.809855095242300482e+00 2.862804941386302371e+00 2.930049653531446197e+00 3.047110837993925347e+00 3.149196393332889699e+00 3.215740729533571596e+00 3.286513345237681349e+00 3.393458147485247434e+00 3.457867098902617453e+00 3.511314728874259217e+00 3.687393566015532809e+00 3.808251655190488361e+00 3.847064514154507453e+00 3.932679467984610433e+00 4.070580989312472475e+00 4.184408921177432461e+00 4.248574240159230797e+00 4.319660765039833095e+00 4.413265198400746492e+00 4.433143481355894977e+00 4.635246746617206703e+00 4.717298570048171769e+00 4.767356669280663262e+00 4.898707274383744981e+00 5.063941087609984848e+00 5.175555508873188160e+00 5.266850383895302912e+00 5.500700434808826422e+00 5.586334105867680755e+00 5.685995487080895749e+00 5.843270105210133458e+00 5.979269679638543167e+00 6.147987587368114681e+00 6.198294861516949084e+00 6.324582178537685451e+00 6.424960391139936000e+00 6.533856263688835320e+00 6.739726716344279112e+00 6.811433156834912239e+00 6.929065742179669307e+00 7.002965606018895173e+00 7.101975492232567966e+00 7.269654817290201798e+00 7.469741087518716682e+00 7.570288378903353710e+00 7.749572402334241161e+00 7.777864538264244842e+00 7.932150780742843743e+00 8.118244209070638817e+00 8.240363314156956775e+00 8.363693907643753533e+00 8.489853979670558104e+00 8.694725385079742352e+00 8.818451770957633329e+00 9.024601576055788499e+00 9.159692333654367857e+00 9.323673313953142028e+00 9.392186854974610810e+00 9.493652751345690533e+00 9.716636046034230034e+00 9.953439443027704669e+00 9.995282380994643390e+00 1.018154399515290187e+01 1.024643499636332855e+01 1.061634054220618850e+01 1.072701587209952834e+01 1.089516526968336052e+01 1.106190950615070179e+01 1.119202637377571641e+01 1.131736261320970982e+01 1.140927941865808393e+01 1.159693534877395393e+01 1.166700136863297921e+01 1.175719677885471981e+01 1.182613884918790248e+01 1.194352163960577862e+01 1.216316329076461145e+01 1.223027931096471477e+01 1.235922952954479115e+01 1.256290589923593615e+01 1.265463856135410481e+01 1.286641631356568283e+01 1.291753720785273885e+01 1.309277213267536943e+01 1.322710950101780547e+01 1.341279323381316502e+01 1.358628581066939844e+01 1.367700444755615052e+01 1.380266423343431015e+01 1.400423227024632489e+01 1.420011570467008433e+01 1.433136185288749154e+01 1.439305067792321147e+01 1.453957359306959063e+01 1.494483649933409808e+01 1.507921287654961162e+01 1.533929967780390236e+01 1.542269307433065606e+01 1.552858003794663588e+01 1.564811847990826088e+01 1.592030643191219852e+01 1.594230367725476505e+01 1.612321949499632368e+01 1.627521014680806033e+01 1.646681964503094520e+01 1.654308520505651003e+01 1.672459477010215068e+01 1.698275181307112192e+01 1.748351535308510663e+01 1.769928045534319594e+01 1.788978528567407622e+01 1.804170405567377955e+01 1.851453400946127914e+01 1.890562648296727133e+01 1.904237907405761376e+01 1.953639423112964835e+01 1.992903233961712317e+01 2.004118535522401956e+01 2.053235251711257092e+01 2.087091628895029771e+01 2.103077467965010072e+01 2.162617385732057329e+01 2.175190787362722133e+01 2.198303333017950223e+01 2.210362189520377285e+01 2.257050208674449721e+01 2.278286181510473796e+01 2.307505203635718871e+01 2.331184920364627189e+01 2.365967556394111782e+01 2.437061936021696340e+01
1.427798524644591671e+00 1.613069016482508555e+00 1.691506342575309851e+00 1.849056386477426317e+00 1.977537399814721653e+00 2.091507271868827011e+00 2.211277149133654252e+00 2.280972963671316744e+00 2.330032590999108866e+00 2.398566211718294650e+00 2.497930925255289480e+00 2.602133257264206190e+00 2.740246594964132587e+00 2.815419281434866861e+00 2.878912033393041803e+00 2.923432272738358151e+00 3.057149932590891517e+00 3.147918613360781936e+00 3.216775077429398610e+00 3.297786414184272985e+00 3.392458785492136197e+00 3.488192951689737420e+00 3.540749137121242285e+00 3.685307455736962723e+00 3.819893328743898309e+00 3.866701680633212845e+00 3.967209782111174476e+00 4.083390991404886705e+00 4.163852663073754456e+00 4.250937188653240995e+00 4.337792898932429253e+00 4.392550198045658050e+00 4.427302583757955823e+00 4.625896523315126352e+00 4.690007137078488597e+00 4.757174671705332258e+00 4.893243637973368365e+00 5.057953148627465367e+00 5.160311926626424572e+00 5.272870654133675394e+00 5.499551017694611410e+00 5.577737412544029105e+00 5.694996431510822354e+00 5.828945830208157375e+00 5.977570589998517647e+00 6.135580737621729064e+00 6.180784596447064239e+00 6.320507108447237954e+00 6.425292228679800211e+00 6.539816802483615632e+00 6.741147517121497401e+00 6.780074230592084916e+00 6.919813661965479312e+00 7.012922797323244417e+00 7.086307697996866217e+00 7.246409324535521002e+00 7.457789822462434159e+00 7.597727420301787937e+00 7.723111207945721368e+00 7.783969735727286121e+00 7.939095822763071908e+00 8.090788678935378897e+00 8.224168267488442652e+00 8.358413491310326293e+00 8.474267431462811473e+00 8.671644044525937289e+00 8.816798427593418808e+00 9.023951682132102192e+00 9.168882404564572042e+00 9.315342096201224109e+00 9.371275120335560871e+00 9.475006630600399049e+00 9.723883472800430638e+00 9.954669358416817104e+00 1.001906138005190705e+01 1.016900139714467421e+01 1.023469160368225239e+01 1.062246429574956252e+01 1.072500276130792152e+01 1.088486555268175593e+01 1.107034871463723569e+01 1.120522178208994468e+01 1.132489616802344123e+01 1.141979396134358460e+01 1.161184781821350676e+01 1.166699921323370326e+01 1.175191258203896183e+01 1.181971134538991919e+01 1.196122416943960332e+01 1.216366814878232638e+01 1.221749988196019920e+01 1.234794739340342495e+01 1.254526797006700534e+01 1.264339395710477376e+01 1.287185817808052590e+01 1.290821404727459765e+01 1.312194651364546161e+01 1.320196053041964745e+01 1.337628857948122985e+01 1.358933533077411937e+01 1.370860346750574266e+01 1.382396754380317638e+01 1.398702781184951505e+01 1.419508624719876622e+01 1.432851778488803696e+01 1.437920864664779685e+01 1.452826996772418156e+01 1.495794580608833080e+01 1.508646697620107169e+01 1.531343248764761888e+01 1.544599199327666206e+01 1.552374300821715991e+01 1.566161525429713208e+01 1.592928740804702947e+01 1.594040018924795810e+01 1.610732604049933059e+01 1.628040002296484090e+01 1.647556404479135139e+01 1.653902594713791530e+01 1.671074546952221240e+01 1.697347411315096721e+01 1.749457555869207681e+01 1.769582775327236490e+01 1.789804156787966960e+01 1.805191379881748048e+01 1.853789446503937199e+01 1.888754637749629595e+01 1.910602630751069242e+01 1.952107582378004835e+01 1.996182099509058006e+01 2.008278340333091805e+01 2.053361526759826461e+01 2.089238158784240085e+01 2.105601335436459109e+01 2.167444697074880011e+01 2.180299271638505587e+01 2.197300058615120477e+01 2.214053263847473474e+01 2.255745953814271587e+01 2.279587111305193048e+01 2.309748457175654934e+01 2.332750719414692142e+01 2.368400759601850325e+01 2.438544737595136880e+01
1.442171691522645682e+00 1.655437452530935882e+00 1.704187728706656024e+00 1.868307563571403707e+00 1.972698222046549432e+00 2.116422787993748056e+00 2.196992217168682426e+00 2.263223381110571975e+00 2.331444987465518981e+00 2.411048558908857942e+00 2.487587367007846328e+00 2.597934013916582074e+00 2.738341734941668992e+00 2.812860868436535711e+00 2.883772533440052577e+00 2.927112991361399796e+00 3.070254825583182523e+00 3.146828203929143530e+00 3.205384776647410394e+00 3.304817641609921974e+00 3.384090993186550378e+00 3.509625147134651790e+00 3.585824448944030518e+00 3.671749306650667677e+00 3.822283191567621419e+00 3.886318785081731342e+00 3.986460254985161100e+00 4.095110767580599109e+00 4.148913412905508302e+00 4.253832279494278445e+00 4.351833880597579807e+00 4.368260403596887720e+00 4.439872529499307774e+00 4.614484942111355181e+00 4.658223292465089926e+00 4.757653149306910301e+00 4.898833881007734981e+00 5.040592452481697627e+00 5.155246313799379365e+00 5.280228873629328135e+00 5.499522158254595894e+00 5.569348803677273807e+00 5.702112017128272647e+00 5.820409752279235960e+00 5.976229444651416145e+00 6.130902562176843595e+00 6.164697902735835733e+00 6.317370998598150322e+00 6.426793584874462617e+00 6.544063514044195173e+00 6.741534461593187366e+00 6.758364568992508481e+00 6.911909331665970768e+00 7.027875165737764718e+00 7.072311175018888285e+00 7.228702277736033466e+00 7.451192273938295862e+00 7.619412801994603690e+00 7.706399730176075380e+00 7.784814924541223036e+00 7.945036556096906288e+00 8.068162276295362645e+00 8.212879084150110032e+00 8.353920423448505161e+00 8.466699395066127565e+00 8.656796488274144608e+00 8.815781168506081400e+00 9.023040866229381507e+00 9.174451053020433733e+00 9.314431473884381418e+00 9.352123074942689129e+00 9.465977184151388002e+00 9.727302860815692398e+00 9.955246478173487290e+00 1.003999547985721819e+01 1.015873792341226789e+01 1.022567025517455086e+01 1.062641207638702667e+01 1.072338017471711247e+01 1.087840211648837752e+01 1.107485050524879178e+01 1.121187715079640590e+01 1.132880235018293469e+01 1.143204844597902614e+01 1.161857752757437545e+01 1.166754279177770393e+01 1.174740928290080966e+01 1.181400001220430873e+01 1.197569941749206990e+01 1.216917377556278446e+01 1.220077102476700404e+01 1.234274832171681524e+01 1.253314450773736688e+01 1.263440293549137827e+01 1.286937751245988437e+01 1.290982912986406284e+01 1.314737437464262015e+01 1.318920321160217846e+01 1.334031113469519703e+01 1.359317257940872459e+01 1.373081224800038846e+01 1.385043747644637158e+01 1.395919371057384772e+01 1.419983896169775228e+01 1.432023676624613628e+01 1.437024781208129554e+01 1.452211465904210463e+01 1.496698697072213768e+01 1.509183329781982863e+01 1.529457116102397940e+01 1.546225031171304209e+01 1.551832967812356756e+01 1.567338202288133431e+01 1.593408172601197492e+01 1.594081154672052847e+01 1.609596878831988676e+01 1.628294470904196345e+01 1.648400377845473130e+01 1.653386629929867979e+01 1.670092832977748643e+01 1.696908506540605543e+01 1.750181911576689231e+01 1.769268679963301238e+01 1.790311408713739638e+01 1.805853707176422063e+01 1.855238639364212716e+01 1.887520324361057433e+01 1.914807799770511210e+01 1.950810974109316831e+01 1.998033704720315384e+01 2.010636445667506678e+01 2.053235160184870622e+01 2.090674243434906643e+01 2.106940192170565140e+01 2.169680327083789706e+01 2.184665502412182292e+01 2.195254996213970955e+01 2.217650316624491325e+01 2.254673512893440090e+01 2.280655380236679264e+01 2.311266214945743513e+01 2.333856090035883213e+01 2.370122004181821040e+01 2.439633593305555692e+01
1.446641308795514780e+00 1.668569520283571306e+00 1.711904517243494572e+00 1.874026548846600360e+00 1.968206884121473266e+00 2.133377507923735816e+00 2.188446162713695742e+00 2.252174892382278859e+00 2.333453424124063869e+00 2.416877968728342818e+00 2.480713400896839449e+00 2.598322654929157594e+00 2.737242597038848757e+00 2.810637139312966326e+00 2.884008759214822248e+00 2.930047133013443439e+00 3.077797315901535047e+00 3.146179728103847939e+00 3.198228397774354637e+00 3.306966953081203364e+00 3.380995248038920042e+00 3.515817316683511162e+00 3.615820691505674755e+00 3.655722424216864663e+00 3.822576711514297454e+00 3.894100878204214577e+00 3.989905833055552353e+00 4.103159338353282948e+00 4.143758276933205309e+00 4.252919321660857399e+00 4.351420064748559469e+00 4.366242048701782785e+00 4.446369505701134983e+00 4.609594158206789416e+00 4.644065680451742395e+00 4.758626459035479428e+00 4.903465152163049012e+00 5.030487042175012746e+00 5.154957402065194927e+00 5.283427825040622139e+00 5.499859859448544164e+00 5.565583602961210907e+00 5.704706779309115738e+00 5.817683270463987810e+00 5.975678106173195836e+00 6.130712542407864341e+00 6.157526153245436618e+00 6.316185614562475514e+00 6.427464809861993977e+00 6.545828750888158964e+00 6.739202796589227162e+00 6.752837538699895781e+00 6.908803641213995483e+00 7.037863709094937192e+00 7.063566741937818527e+00 7.221992743032862982e+00 7.449125095627206150e+00 7.627975975703060740e+00 7.700716287224750545e+00 7.784116597532505288e+00 7.947834589122165561e+00 8.058826545912117112e+00 8.208977562114451842e+00 8.352119257456266155e+00 8.464703958206538204e+00 8.651666722498589479e+00 8.815379894806969929e+00 9.022710223478991765e+00 9.176120896922046910e+00 9.316469653661458850e+00 9.343097155171086854e+00 9.463405979718954697e+00 9.728233914716760466e+00 9.955464367428911387e+00 1.004878683290602126e+01 1.015410347151742521e+01 1.022237047547881339e+01 1.062772897011721795e+01 1.072274151029539802e+01 1.087628479864486408e+01 1.107627574111548263e+01 1.121376625691952889e+01 1.132978003728645966e+01 1.143797100180523607e+01 1.161946446026720636e+01 1.166843488925267280e+01 1.174526651587463277e+01 1.181199926716599791e+01 1.198137703234100115e+01 1.217578747101878811e+01 1.218957873114604773e+01 1.234139680782219273e+01 1.252874243866156156e+01 1.263093247603786118e+01 1.286742488091863912e+01 1.291194375379124359e+01 1.315379330072060426e+01 1.319137798948490037e+01 1.332320161165102768e+01 1.359483101581286135e+01 1.373831956321707004e+01 1.386763439028600864e+01 1.394113203370583953e+01 1.420370963258678643e+01 1.431498174438583249e+01 1.436764134988143127e+01 1.452023052687662918e+01 1.497022514127821680e+01 1.509386283872468759e+01 1.528769522692909000e+01 1.546828120867044909e+01 1.551572437209135735e+01 1.567811598450057176e+01 1.593520165409703004e+01 1.594158319695175408e+01 1.609178997573655678e+01 1.628368012046038160e+01 1.648787501205770667e+01 1.653113307923873165e+01 1.669742043407811849e+01 1.696784581526062041e+01 1.750434310770401325e+01 1.769143612026670809e+01 1.790483596200624206e+01 1.806082850134433215e+01 1.855728620177444910e+01 1.887086731388997407e+01 1.916304097718404620e+01 1.950288043739418953e+01 1.998625422030370657e+01 2.011408936638966694e+01 2.053163123549556346e+01 2.091181079746259286e+01 2.107349599290257913e+01 2.170338459972276013e+01 2.186677132013577918e+01 2.193979241411792103e+01 2.219057917395484836e+01 2.254263971225815411e+01 2.281054049838565945e+01 2.311798681716409476e+01 2.334262613522752616e+01 2.370742424344662425e+01 2.440035491730607831e+01
1.370700552770593328e+00 1.532418732180439669e+00 1.598608374267127319e+00 1.871565839661287978e+00 1.901100407035379192e+00 2.013509291730646300e+00 2.130570978233241597e+00 2.209191680650295364e+00 2.287252926944789433e+00 2.356062703499651967e+00 2.487988009461469474e+00 2.571177864543250369e+00 2.756040015202379845e+00 2.793412209922790268e+00 2.889415216630252470e+00 2.910433873439910446e+00 2.968105235138001508e+00 3.088921049916697026e+00 3.176777304376487532e+00 3.285295250442189285e+00 3.311661224042731000e+00 3.425149564034066341e+00 3.561296508100333380e+00 3.718011045285028349e+00 3.750105186143925184e+00 3.778136494670909062e+00 3.903126733404471249e+00 4.046469871016854292e+00 4.122253208501089894e+00 4.250280174163966862e+00 4.383966513663366982e+00 4.426365093260844041e+00 4.495772961252414213e+00 4.615161979713903406e+00 4.724234909861401377e+00 4.906202067373010678e+00 5.085950892106127164e+00 5.141355926168403201e+00 5.237215937417777134e+00 5.364147695104286129e+00 5.400821418383065620e+00 5.519428360456976712e+00 5.652023736707842971e+00 5.772374432541409917e+00 5.962523006653439595e+00 6.065102705017157980e+00 6.163545014970303271e+00 6.259785624708142038e+00 6.399632133925548416e+00 6.504055266687951864e+00 6.666687054788079436e+00 6.773293479738784484e+00 6.889062124715400692e+00 7.056454789952888440e+00 7.173790917423453095e+00 7.198215117898135063e+00 7.499605941296383804e+00 7.523060974839824055e+00 7.610690510580608859e+00 7.734789364350360685e+00 7.887470161508272071e+00 8.117625013433572789e+00 8.296405964081069229e+00 8.475596877280089814e+00 8.606144602142711264e+00 8.732870003174227236e+00 8.913069886552175802e+00 8.983632936802640856e+00 9.100621793717659003e+00 9.199475097778204713e+00 9.244341077535601414e+00 9.473253439541212018e+00 9.591747869248704816e+00 9.693996400575946026e+00 9.864908276049664693e+00 1.004568650300183030e+01 1.019500047192874703e+01 1.049279519318146292e+01 1.051215338539958388e+01 1.059359206279297538e+01 1.084686462824932107e+01 1.107886353430598092e+01 1.116571883111860508e+01 1.135691366686136128e+01 1.162679245767492553e+01 1.174013924717742796e+01 1.185940839123097668e+01 1.187971549189271769e+01 1.202285635722018142e+01 1.221393047420495570e+01 1.236488681392027189e+01 1.254836048374805202e+01 1.260544304134498894e+01 1.261462953420003252e+01 1.273978740910340157e+01 1.278398458777362379e+01 1.321233459133528676e+01 1.326848374089379412e+01 1.346122622320883266e+01 1.373406717048834480e+01 1.376107925922222286e+01 1.378437742438286762e+01 1.397245679801904394e+01 1.408375497381639363e+01 1.425813341456287198e+01 1.447469825005675759e+01 1.476593710499223810e+01 1.487369958355020927e+01 1.500787801373839159e+01 1.510598789798565278e+01 1.531018677584903109e+01 1.537895687088434649e+01 1.547693273635882960e+01 1.577628176784919134e+01 1.607226622531089433e+01 1.619226173158818582e+01 1.624625840838827173e+01 1.651503898753612631e+01 1.666568014905904604e+01 1.671487616815422683e+01 1.693584411260747657e+01 1.738914383029167965e+01 1.779653713638535351e+01 1.795233273224368276e+01 1.816455641063749837e+01 1.834026356398047852e+01 1.913967911896597940e+01 1.938398217619840480e+01 1.975794703764273308e+01 1.987961254727047233e+01 2.020804333192873870e+01 2.052649653777983474e+01 2.075436843207053883e+01 2.109786035747115562e+01 2.167107162129721942e+01 2.177324091202098444e+01 2.196408203890184652e+01 2.214121823471586126e+01 2.244843223915727748e+01 2.264956964926796346e+01 2.296237018551381937e+01 2.353935383055167208e+01 2.401233480022207800e+01 2.447517209190810306e+01
1.371710146704600231e+00 1.532858388547835959e+00 1.597629877332666259e+00 1.868044654773790558e+00 1.906198423714136725e+00 2.004690358794578131e+00 2.135263010727563415e+00 2.201834532747763085e+00 2.296950050009182842e+00 2.351060796350176840e+00 2.492588437787309541e+00 2.572055223237943444e+00 2.756674389178308093e+00 2.793777549245587188e+00 2.886469204831362489e+00 2.915204662619569564e+00 2.965180059516110855e+00 3.084520498726158522e+00 3.184947658057914133e+00 3.290529968420189633e+00 3.305883902193273993e+00 3.421181177703033871e+00 3.565410515721456619e+00 3.710411413593899255e+00 3.747210946694707445e+00 3.779908132494054218e+00 3.901245378106199979e+00 4.053955314511041408e+00 4.122803869053943693e+00 4.249740736374194583e+00 4.378055754065727001e+00 4.424146556344953574e+00 4.504036596836473727e+00 4.608681442083243596e+00 4.726405658236735974e+00 4.904912756701576448e+00 5.081784645066651507e+00 5.145719582756153265e+00 5.233087398551253600e+00 5.359119478881070542e+00 5.401751363732091527e+00 5.524298163859013400e+00 5.656845855398466405e+00 5.780210522535342399e+00 5.965228278520092076e+00 6.063760851535684004e+00 6.168270971681987014e+00 6.261338641560357132e+00 6.398554649454172960e+00 6.506104957252099474e+00 6.660022977365231966e+00 6.776762281671112831e+00 6.890946158839407865e+00 7.051571142424522876e+00 7.177305527996664658e+00 7.206251710564366419e+00 7.486716510988571827e+00 7.538633113548572240e+00 7.620748683670075074e+00 7.737040603065977962e+00 7.881551476381550181e+00 8.121711205451294546e+00 8.301182226335201975e+00 8.477753448916287127e+00 8.605589557648269050e+00 8.724227987536680828e+00 8.923919898853448274e+00 8.977124388286213730e+00 9.109652980354796981e+00 9.178926175870822490e+00 9.263190827745422240e+00 9.476751504747241484e+00 9.582254810790153954e+00 9.706380350627908271e+00 9.870529087716652938e+00 1.004913605198215798e+01 1.019894941116986686e+01 1.047279893912435256e+01 1.051538147247448940e+01 1.061671070234093506e+01 1.084704156079586745e+01 1.107923944106675940e+01 1.116318878998112751e+01 1.135525043721898086e+01 1.162357370693164249e+01 1.173797400217152642e+01 1.185067538932503162e+01 1.189350723766304085e+01 1.202881830756675363e+01 1.221242370905192764e+01 1.235645767334665202e+01 1.255039087683095111e+01 1.258243569210332069e+01 1.263445195846112057e+01 1.274170738146176163e+01 1.279475911089406992e+01 1.321281709786483205e+01 1.326765811754874491e+01 1.346622771463698420e+01 1.372951054683260175e+01 1.375616974448328200e+01 1.378315860647997226e+01 1.398160924547311446e+01 1.408352239476768020e+01 1.425796111734256755e+01 1.448025015325683285e+01 1.475801179449209322e+01 1.487362735490735943e+01 1.501092857103685851e+01 1.510564309366055191e+01 1.531366020861402255e+01 1.538405552719446057e+01 1.548168621487988617e+01 1.577626607882589127e+01 1.607458219587227788e+01 1.619122574845649609e+01 1.624612118181649834e+01 1.651016954020523642e+01 1.666622062212578825e+01 1.671089736594202080e+01 1.694650557042300321e+01 1.739010639065334018e+01 1.779484739847373120e+01 1.794923608630654499e+01 1.816246071576860999e+01 1.833709256359926698e+01 1.913054667932665254e+01 1.938116008502993282e+01 1.975426445174843337e+01 1.987844424141427169e+01 2.020148569187103149e+01 2.052678300457202809e+01 2.074873295150448627e+01 2.109613665687416884e+01 2.166599882614561778e+01 2.177203500293779825e+01 2.196443595186544684e+01 2.213729541934758771e+01 2.244685626580661975e+01 2.265049761236775083e+01 2.296309633548127138e+01 2.353535286971144913e+01 2.400794905339038010e+01 2.447381291755534960e+01
1.373543650484408518e+00 1.533401768497588469e+00 1.593017094383757826e+00 1.857996132845951109e+00 1.916084240328762567e+00 1.987819003509794236e+00 2.138959046735040559e+00 2.194929215378261134e+00 2.308728234534378476e+00 2.345466177328136670e+00 2.502879095210343685e+00 2.577338045647347808e+00 2.754259108050483462e+00 2.794754514263933842e+00 2.878808205890343697e+00 2.921056579401470454e+00 2.964296681877747197e+00 3.081387737320002707e+00 3.198574159224724767e+00 3.286734642760714920e+00 3.305860198674712702e+00 3.414260819602388253e+00 3.572485155044594851e+00 3.686149162170105686e+00 3.743929594072267442e+00 3.785160916994990910e+00 3.896958352665656378e+00 4.073812627821125965e+00 4.124093135248253716e+00 4.247007058195969798e+00 4.361895021335978839e+00 4.423749880611372198e+00 4.520582985569449264e+00 4.593277641177807347e+00 4.731053709953004116e+00 4.899762211618048369e+00 5.072779955058430268e+00 5.156290330911134312e+00 5.221604520676004668e+00 5.346873081923208204e+00 5.406344817629178401e+00 5.536817534653461159e+00 5.671586595116638208e+00 5.798955727347725464e+00 5.969644350078681327e+00 6.064712047885107538e+00 6.180070434288261083e+00 6.266294383275027968e+00 6.395210801597749573e+00 6.512836996368793763e+00 6.643641823574514937e+00 6.784923317644169671e+00 6.894131461615186751e+00 7.042803090221566364e+00 7.187109223089723997e+00 7.224979253281960112e+00 7.472055840330400045e+00 7.561448255154931353e+00 7.649535214340480671e+00 7.743834154296556527e+00 7.866146112215075092e+00 8.131486147481654214e+00 8.315339327481286347e+00 8.483840341633861470e+00 8.603959688930249428e+00 8.705240734334866559e+00 8.947438265281133951e+00 8.965930156451236144e+00 9.129335092315393752e+00 9.146559156083075237e+00 9.292707708325066207e+00 9.486015959014304499e+00 9.562548653981306046e+00 9.735449130601836032e+00 9.886505048121973616e+00 1.005799803129699121e+01 1.021134545399227989e+01 1.043814108675348074e+01 1.052182328940772216e+01 1.066350398480799733e+01 1.084830800499069703e+01 1.107778824175682963e+01 1.115779035673407904e+01 1.135006502753411617e+01 1.161442031817861853e+01 1.173313157760985526e+01 1.184146093256372012e+01 1.191530840781060796e+01 1.204387449162259038e+01 1.220847803951795996e+01 1.233845336493580369e+01 1.253132466721050697e+01 1.258175550261990594e+01 1.264948111991058255e+01 1.274821247259875534e+01 1.282217058146860289e+01 1.321519177879675766e+01 1.326579736272800503e+01 1.347959899214596824e+01 1.371382873205639186e+01 1.374026933235268366e+01 1.378798647976197245e+01 1.399887202503393269e+01 1.408750702525431997e+01 1.425761998126417041e+01 1.449631276092823029e+01 1.473714972361332087e+01 1.487242307348481773e+01 1.501753680357190390e+01 1.510598494077678389e+01 1.532364920956337606e+01 1.539806179741471759e+01 1.549542108669719909e+01 1.577618929341846865e+01 1.608125088791741319e+01 1.618822282211266383e+01 1.624581052204078091e+01 1.649399412089434236e+01 1.666835773837021151e+01 1.670573674122918817e+01 1.697383885845170681e+01 1.739247542838723248e+01 1.778992492290259619e+01 1.793994122815131576e+01 1.815694104643616313e+01 1.832800475681337105e+01 1.910399685646696355e+01 1.937260243655110159e+01 1.974336811531266989e+01 1.987451993992272037e+01 2.018179953151294370e+01 2.052600988622570810e+01 2.073251867788901137e+01 2.109043728355671377e+01 2.165183938994242752e+01 2.176670724853403271e+01 2.196577948729586538e+01 2.212738639621343140e+01 2.244283714456515710e+01 2.265247504089716557e+01 2.296527827227819429e+01 2.352374804094345251e+01 2.399482556888134610e+01 2.446950168034071993e+01
1.373602240958952336e+00 1.531766383909029861e+00 1.580371312440322251e+00 1.839909325700118226e+00 1.910356140954285742e+00 1.992135642691881925e+00 2.125720744164495191e+00 2.205341572116792825e+00 2.297799643246583035e+00 2.358936505705203857e+00 2.509725897667123284e+00 2.591950284009790995e+00 2.742893485808501008e+00 2.794069507165667599e+00 2.863996504411208122e+00 2.921597218030485887e+00 2.977506199795150188e+00 3.086996149788843180e+00 3.204310872645070418e+00 3.259323301981339238e+00 3.324722584982794604e+00 3.409554460157594669e+00 3.570538267976893998e+00 3.659197310184216345e+00 3.736980403708223264e+00 3.792510193584933464e+00 3.896525579864948963e+00 4.099791175895949102e+00 4.125777138080417572e+00 4.239479987622157608e+00 4.341629705414192131e+00 4.426819857504633582e+00 4.535155066343239838e+00 4.579038116900044031e+00 4.735242239628547622e+00 4.886929945635114514e+00 5.066868323057684975e+00 5.164748263773288883e+00 5.207966563491133627e+00 5.336265710059152845e+00 5.415758463063770733e+00 5.551848107167258739e+00 5.695636668797463997e+00 5.819630055613964181e+00 5.967508710666202809e+00 6.078276483063867808e+00 6.193039875307468023e+00 6.276064080240651322e+00 6.390030508250300834e+00 6.524018531075547855e+00 6.624953274198781550e+00 6.793554210626183476e+00 6.894810254220129053e+00 7.038461376746427689e+00 7.202032293009250630e+00 7.246013437695493664e+00 7.463327468467646497e+00 7.583821439603990022e+00 7.691946490234501610e+00 7.755459504998745146e+00 7.846497330246311463e+00 8.142573414737187321e+00 8.337363151330189126e+00 8.492089683747309437e+00 8.601244985815476696e+00 8.687119590667132130e+00 8.951488345262216484e+00 8.978995830424288727e+00 9.109383696555529042e+00 9.159153577189258044e+00 9.321559330011787381e+00 9.497353354316890872e+00 9.544088677076587146e+00 9.772156880254867062e+00 9.910029613468031684e+00 1.006946871299572166e+01 1.023266106139616305e+01 1.040490481469207928e+01 1.053263910581688911e+01 1.071522789983272084e+01 1.085278124791704357e+01 1.106802149185439887e+01 1.115500140179889321e+01 1.134130290695805243e+01 1.160067599351265955e+01 1.172781709486807245e+01 1.183672798276860405e+01 1.193551154923077995e+01 1.205844669608137210e+01 1.220560650205148612e+01 1.232464468118113210e+01 1.249860977446639154e+01 1.259619053612078687e+01 1.265845012033463490e+01 1.276112588783600721e+01 1.285585721617157162e+01 1.322119824849416325e+01 1.326452954402821227e+01 1.349819603737704909e+01 1.368353970395025776e+01 1.372532509805199830e+01 1.379828538574512642e+01 1.400318520944979639e+01 1.410813134864114460e+01 1.425753213573262457e+01 1.452048293805496648e+01 1.470874672837041253e+01 1.486968677079802958e+01 1.502307712470214263e+01 1.510877222114090301e+01 1.533922151329486461e+01 1.541779335314566879e+01 1.551661137653559663e+01 1.577590921793037104e+01 1.609108650788552808e+01 1.618323961632103192e+01 1.624586871281478651e+01 1.646692143081950377e+01 1.667188766954153678e+01 1.671013767332782862e+01 1.701012458913617209e+01 1.739485993501568117e+01 1.778215317949183927e+01 1.792459622853148105e+01 1.814995238776353403e+01 1.831417279266992182e+01 1.906209090294764863e+01 1.935822017246116644e+01 1.972568954347266157e+01 1.986635135112896577e+01 2.014840453801733844e+01 2.051991404486618720e+01 2.070796379756388461e+01 2.107953034139637083e+01 2.163110966813582436e+01 2.175345435537366612e+01 2.196912117171121537e+01 2.211558761203651358e+01 2.243843166547750911e+01 2.265380015395098212e+01 2.296880371184895253e+01 2.350558771895116905e+01 2.397323490655257316e+01 2.446175999435100934e+01
1.369132510153445947e+00 1.524400375053748702e+00 1.555475197487660388e+00 1.802955296517532835e+00 1.899050800353743851e+00 2.021692369103353926e+00 2.102467739730584650e+00 2.219235980124569352e+00 2.282711564328527842e+00 2.377801620895095613e+00 2.508858581363001772e+00 2.609343340680635226e+00 2.722917846407099773e+00 2.785513493859440359e+00 2.850754304177743226e+00 2.926011442388584349e+00 2.992968692341873016e+00 3.093033860357574216e+00 3.193345103283816933e+00 3.241775181273191198e+00 3.339415486049715831e+00 3.402506323113413167e+00 3.556181007581031395e+00 3.645384826721321136e+00 3.719360254492887208e+00 3.801429064237470623e+00 3.906484002482259132e+00 4.117777717763982714e+00 4.135152483458266026e+00 4.225547368314214403e+00 4.321257437285594527e+00 4.429864982633866077e+00 4.544105266403880350e+00 4.575850021157226166e+00 4.737383889868937992e+00 4.863667291823782435e+00 5.069973912715412645e+00 5.152218642501313006e+00 5.210881729684500918e+00 5.333323903048682091e+00 5.430143178422262906e+00 5.564822026896925955e+00 5.725182807880438318e+00 5.836277146454383669e+00 5.958140684580105706e+00 6.106047712349973011e+00 6.201050304304819960e+00 6.292275340127868155e+00 6.384513943149171311e+00 6.534802156935068496e+00 6.613251382937861855e+00 6.798366939294828271e+00 6.894187583857778634e+00 7.040389706991061480e+00 7.219045972346423312e+00 7.267007761869230364e+00 7.458874167296359659e+00 7.604495261234915482e+00 7.736758881378746011e+00 7.775522053261990862e+00 7.828977677130599666e+00 8.152460063201727891e+00 8.363474389437037360e+00 8.498892023171043419e+00 8.596699728513740979e+00 8.678585221768312152e+00 8.948250800807000971e+00 8.997021416039464370e+00 9.083858950177413405e+00 9.187753549830373956e+00 9.347039844224953598e+00 9.501454569249366600e+00 9.540249410245216666e+00 9.811276444924924789e+00 9.936621896355937622e+00 1.008285769873789128e+01 1.026050876570928061e+01 1.037872828841194028e+01 1.054810277551340292e+01 1.076344868167073443e+01 1.086390908774908404e+01 1.104679524113228517e+01 1.115638929592640061e+01 1.133048775516339646e+01 1.158416052496853155e+01 1.172201457543641645e+01 1.183582134110107553e+01 1.194971997008181397e+01 1.206137355497816444e+01 1.220932763449303593e+01 1.232533589401169039e+01 1.246833215057669975e+01 1.260621794948097296e+01 1.266592512557568995e+01 1.278084346278359540e+01 1.288705687127947996e+01 1.322973369129891985e+01 1.326854822299060466e+01 1.351917551533400541e+01 1.364650991652272793e+01 1.371166041642070788e+01 1.380992763830781911e+01 1.398965374894509317e+01 1.414501589803838755e+01 1.425853754026922005e+01 1.454643579481025384e+01 1.467866458393835849e+01 1.486770434784583017e+01 1.502472140564163361e+01 1.511348008537099474e+01 1.535897641162465987e+01 1.543967958847707500e+01 1.554295365252649930e+01 1.577509680105974255e+01 1.610031874980387556e+01 1.617686831218874843e+01 1.624793881013376406e+01 1.643622317953822076e+01 1.667555531307406369e+01 1.672770735901104544e+01 1.705021988921199849e+01 1.739549933731430897e+01 1.777198835325779314e+01 1.790391137940533994e+01 1.814362107723413331e+01 1.829727094290160494e+01 1.900719671343918549e+01 1.933818871435948239e+01 1.970137178522185906e+01 1.985114685937653434e+01 2.009895589590871978e+01 2.050324921122517807e+01 2.067925813560763970e+01 2.106248114520415271e+01 2.160664941921138293e+01 2.172939862166289871e+01 2.197630108349902756e+01 2.210482710436781773e+01 2.243679183955843115e+01 2.265324262879116901e+01 2.297324065134888826e+01 2.348228287838713157e+01 2.394402586550847545e+01 2.445041860515263465e+01
1.356349910046564800e+00 1.502811549233579402e+00 1.522987977268663418e+00 1.745666460437446776e+00 1.901812231788091889e+00 2.054835416269700676e+00 2.076702841301329538e+00 2.218517595305013135e+00 2.281913408490827688e+00 2.393691744285863177e+00 2.503487370620578467e+00 2.607772187692515953e+00 2.702586923941347585e+00 2.767785315126970680e+00 2.853098563471045956e+00 2.931225736235435253e+00 2.994277751049020164e+00 3.086018351822761296e+00 3.178113813767082352e+00 3.242560786248796401e+00 3.338686090779928062e+00 3.391682320915442084e+00 3.550423018394261110e+00 3.633883258152232010e+00 3.698274446672705551e+00 3.811131858661475746e+00 3.924508689848403176e+00 4.117426011450659118e+00 4.156053963096252524e+00 4.207108882796169347e+00 4.301878403961490349e+00 4.432530013635382460e+00 4.552498408014255205e+00 4.581375452039199381e+00 4.737176527577524610e+00 4.833778057822684104e+00 5.074941194835902891e+00 5.131144175849982503e+00 5.226714068570405658e+00 5.337514277499504800e+00 5.449502074852744293e+00 5.573614447543432604e+00 5.752165512731619579e+00 5.848863444648542576e+00 5.949476254791222551e+00 6.139836559534657567e+00 6.202613008745402112e+00 6.312758353088288032e+00 6.380709747866749382e+00 6.536187503218379824e+00 6.619101746482180637e+00 6.796739814530956991e+00 6.897407027594791629e+00 7.045742931891981975e+00 7.232051427218014972e+00 7.291683106154977168e+00 7.454846211553840973e+00 7.621433329128840306e+00 7.761154316464993208e+00 7.806714803070133435e+00 7.831305827040857537e+00 8.159932759979941608e+00 8.389334778404876403e+00 8.500263605173646653e+00 8.589953630875090340e+00 8.684334389233836049e+00 8.945316814145538586e+00 8.999716932412979986e+00 9.078361693904851037e+00 9.218326270416831392e+00 9.365549511600193000e+00 9.495057026151709323e+00 9.558816548022416981e+00 9.847054846955028751e+00 9.961900367015312341e+00 1.010042294610994595e+01 1.028706594733129265e+01 1.036640664713383941e+01 1.056683885021756986e+01 1.080148273592837604e+01 1.088506801024736248e+01 1.101931314629472958e+01 1.115487076968935831e+01 1.132213126793460667e+01 1.156701080041636409e+01 1.171468601040868940e+01 1.183613846901180011e+01 1.195261602640453624e+01 1.205481336717218532e+01 1.221700582971053350e+01 1.234329107906680179e+01 1.244461369376902837e+01 1.260847218356415667e+01 1.267553374385977527e+01 1.280295002982330210e+01 1.291232518184882849e+01 1.323375808293080169e+01 1.328786190999551309e+01 1.353778289451913608e+01 1.361153465544949448e+01 1.369757839914030839e+01 1.381857223443033256e+01 1.396788855253770834e+01 1.418591859038986414e+01 1.426242847292692417e+01 1.455954329517833656e+01 1.465835512271338814e+01 1.487005458671418445e+01 1.502109363885075943e+01 1.511905828082372771e+01 1.538018857423552532e+01 1.546114223028462220e+01 1.557169589937340781e+01 1.577345898045719785e+01 1.609924376297108140e+01 1.617578204003366693e+01 1.625411951363810914e+01 1.641057548852265313e+01 1.667955923325148504e+01 1.675538502159548315e+01 1.709084654353063826e+01 1.739304270056050683e+01 1.775969477886667747e+01 1.787954142203671992e+01 1.813872860410946330e+01 1.827931574423598349e+01 1.894147561901526799e+01 1.931293282020334701e+01 1.966758561996342891e+01 1.982549297934776078e+01 2.002896774573853023e+01 2.047324989085002400e+01 2.065200261879622445e+01 2.103985894998047357e+01 2.158061180322844308e+01 2.169531668830054727e+01 2.198922509533082348e+01 2.209475109198469411e+01 2.244146472873475417e+01 2.265087099161627648e+01 2.297784596341710994e+01 2.345542478644856033e+01 2.390885619695670528e+01 2.443615212172528928e+01
1.328005937248356139e+00 1.452292028002901025e+00 1.500438955673045971e+00 1.680620055863722540e+00 1.910498674774869343e+00 2.049881961544881559e+00 2.078584759478672606e+00 2.209864750135778433e+00 2.289272100935082044e+00 2.403477769949278198e+00 2.494507946728506731e+00 2.576835430022389684e+00 2.689985137857310082e+00 2.749248242803231879e+00 2.863968016683039686e+00 2.912965547910571829e+00 2.985323266021707944e+00 3.081161305090216018e+00 3.163578404383593501e+00 3.247849268687127200e+00 3.324234267806129850e+00 3.390530302537472451e+00 3.561054716776516749e+00 3.609375772783566472e+00 3.689794669027206542e+00 3.819577683726171902e+00 3.942485543156298622e+00 4.113053038299108621e+00 4.166973048065258034e+00 4.188967378392507435e+00 4.288056626466910437e+00 4.437184550587243592e+00 4.558512693962307516e+00 4.592364457970041336e+00 4.735383031671839049e+00 4.805712355513589884e+00 5.056287210069354110e+00 5.135025091387526608e+00 5.243173115352674607e+00 5.347094634350545661e+00 5.473034373280728282e+00 5.577722747439682216e+00 5.765661335974876955e+00 5.863609030693732294e+00 5.947967287052205343e+00 6.170218219116102354e+00 6.201963025626281656e+00 6.331138670981824035e+00 6.381433155033705340e+00 6.528994231191459718e+00 6.641713396464977492e+00 6.791101136464653187e+00 6.906182016783356303e+00 7.051776340214963135e+00 7.236856132125643271e+00 7.321346409138866917e+00 7.448761557741415906e+00 7.632886520671355868e+00 7.768843880498042864e+00 7.812435589867694041e+00 7.882535592239838351e+00 8.163419567621893691e+00 8.412067953578121760e+00 8.493651854292011194e+00 8.584309807036957451e+00 8.701507317266759856e+00 8.932702677849142958e+00 8.994717584056679982e+00 9.093921533242657063e+00 9.250034705185770534e+00 9.375201473943485908e+00 9.489028652291928267e+00 9.591334898468673487e+00 9.872410464955979847e+00 9.985031221919578925e+00 1.012356226879521870e+01 1.030139548865771104e+01 1.037620205701376008e+01 1.058635434135613274e+01 1.082776176291560155e+01 1.091071396809554095e+01 1.099690081940281416e+01 1.114211566263677611e+01 1.132220969511180897e+01 1.155164785175178466e+01 1.170544877042904375e+01 1.183342600078205642e+01 1.194227214005957194e+01 1.204595244039310487e+01 1.222347087985787084e+01 1.237057702732815478e+01 1.243170463325813913e+01 1.260650168047801145e+01 1.268735027055760334e+01 1.281770947886741041e+01 1.293584254502440878e+01 1.323261237434054749e+01 1.332384608126486114e+01 1.353899800147493870e+01 1.359249257702880520e+01 1.368527805295794053e+01 1.381842029172403663e+01 1.394632829724897505e+01 1.422040800582271913e+01 1.427276293995991097e+01 1.454441635305974323e+01 1.466051199619717416e+01 1.487850038776929296e+01 1.501241724394960109e+01 1.512532507725494391e+01 1.539793896468492918e+01 1.548173412296500651e+01 1.559959449710797230e+01 1.577163806029765603e+01 1.608169008440361125e+01 1.618715545460330318e+01 1.626489098942583311e+01 1.639379029460448933e+01 1.668353845736939078e+01 1.678975726256178547e+01 1.712895077520652976e+01 1.738726386403739355e+01 1.774487184926952565e+01 1.785421365193390386e+01 1.813306164402137810e+01 1.826294546859310231e+01 1.886692785737887235e+01 1.928281905381023975e+01 1.960933330631901228e+01 1.978846120905324923e+01 1.993793246499176419e+01 2.043482007355357410e+01 2.063022241028103210e+01 2.101405432439453946e+01 2.155354423911971296e+01 2.165582468216117462e+01 2.200855017018988136e+01 2.208358884221528839e+01 2.245492920111639634e+01 2.264812756425561702e+01 2.298185797040456180e+01 2.342675138609556029e+01 2.387014939642955724e+01 2.442057041891720459e+01
1.274994789552937657e+00 1.383490483655418490e+00 1.483267302311881641e+00 1.618191803283020924e+00 1.912494264382413212e+00 2.021658853743108608e+00 2.087821315431482194e+00 2.206074082903141331e+00 2.291482317322008910e+00 2.398607952562676449e+00 2.477714818474258784e+00 2.537953029302059793e+00 2.682063672360077256e+00 2.731272487550728378e+00 2.839008701890426867e+00 2.884946489007576886e+00 2.998491858207754657e+00 3.075470371864654329e+00 3.144896571548448705e+00 3.247939340357807403e+00 3.321485633992999897e+00 3.398534755722280920e+00 3.566091907464781219e+00 3.590789051450285818e+00 3.694344632409474194e+00 3.825066370050476117e+00 3.952782542005174538e+00 4.106543240747352108e+00 4.156468045613358697e+00 4.182026181209133497e+00 4.285243977097473511e+00 4.443651572093432200e+00 4.556544249289872006e+00 4.608439540090714104e+00 4.734010157956860532e+00 4.786722890893913451e+00 5.019897923799713446e+00 5.155844920305742818e+00 5.255663942573276515e+00 5.361829719583622200e+00 5.498641790465207180e+00 5.577992092189098194e+00 5.762333384858473018e+00 5.882959862562096909e+00 5.955795565687893145e+00 6.182087215115600110e+00 6.212501584247302588e+00 6.342227012143456299e+00 6.388323057111763958e+00 6.520931068408500231e+00 6.672789838176888644e+00 6.786883274199081661e+00 6.918397378926973929e+00 7.057320190361774159e+00 7.233529843276216731e+00 7.349780463688963650e+00 7.442624519006377781e+00 7.639137020205239992e+00 7.771049147341093644e+00 7.820522298267523098e+00 7.937818311333924015e+00 8.161966552795231422e+00 8.429056069966165410e+00 8.479066253081798621e+00 8.583245756270788007e+00 8.723487614305678761e+00 8.909197270371052468e+00 8.991767661711008941e+00 9.120306258785150888e+00 9.280450861863407397e+00 9.379202508027560725e+00 9.485259036020492474e+00 9.633467630211811183e+00 9.882625065456032587e+00 1.000827399788048488e+01 1.014980091639299253e+01 1.030751702961846483e+01 1.040027102366039102e+01 1.060407118035519147e+01 1.084489194414676305e+01 1.092117138191175485e+01 1.099747475247440498e+01 1.111895051271886636e+01 1.133218948532641335e+01 1.154047762469767946e+01 1.169447433724806373e+01 1.182409027880898122e+01 1.192388760370640099e+01 1.203215781522483852e+01 1.222798976338432020e+01 1.238982757030251136e+01 1.243773959909675142e+01 1.260537594012986951e+01 1.270007031950442844e+01 1.281717923250264946e+01 1.296466334578811264e+01 1.322972823101821049e+01 1.337000799420578367e+01 1.351535705928596620e+01 1.359308458666042263e+01 1.367845145990678724e+01 1.380544963248897616e+01 1.393113776062935116e+01 1.424003172341157608e+01 1.429245476714531904e+01 1.451397482441266540e+01 1.467297073568826526e+01 1.488922995971223351e+01 1.500362472537648451e+01 1.513149645326964965e+01 1.540605047979929765e+01 1.550325636411889896e+01 1.562239243972026337e+01 1.577219378735254907e+01 1.605778545547183356e+01 1.620414631661685334e+01 1.627942362026707102e+01 1.638471869872756770e+01 1.668615711419848324e+01 1.682831037917828354e+01 1.716134094165650836e+01 1.737907232062284280e+01 1.772543628784177372e+01 1.783180421333456067e+01 1.812057831515680206e+01 1.825177912874535480e+01 1.878545885473529964e+01 1.924734989294557863e+01 1.948487880103551007e+01 1.974773913543945980e+01 1.984649393935488249e+01 2.039877594064661182e+01 2.061471288214260156e+01 2.098804519826844839e+01 2.152407266540825148e+01 2.161729475710462367e+01 2.203149302600850490e+01 2.207328560904735681e+01 2.247679202534171949e+01 2.264772871984273550e+01 2.298487094944940878e+01 2.339807442851260078e+01 2.383069719220633331e+01 2.440574298318252744e+01
1.195154032587645077e+00 1.298455876846017487e+00 1.469814806578482846e+00 1.565710521465352834e+00 1.897504202402851226e+00 1.982549232669855277e+00 2.095347320380942957e+00 2.203079851277098822e+00 2.282227363973448497e+00 2.363672521954017558e+00 2.456964235128742402e+00 2.509829409269590084e+00 2.675772742382181324e+00 2.709854246020654500e+00 2.774981355735762101e+00 2.888341230675437465e+00 3.013501801028073857e+00 3.052169236192408874e+00 3.139272641672443687e+00 3.254260368081997257e+00 3.321982636327812433e+00 3.416063497335597887e+00 3.538130399976372242e+00 3.608344884693316601e+00 3.706357858238026548e+00 3.827034824621352804e+00 3.952275399691357549e+00 4.088551286478121050e+00 4.146447648214121706e+00 4.182402164858364912e+00 4.290788737014648468e+00 4.449191129145539492e+00 4.549137126063866887e+00 4.625860575308982092e+00 4.735692363615161327e+00 4.778550867459083307e+00 4.979089132028426512e+00 5.177488708812925111e+00 5.262452074019604353e+00 5.381099976847362854e+00 5.521629539847395129e+00 5.578423348014868388e+00 5.750128098080203642e+00 5.900164400216263871e+00 5.971904570535405021e+00 6.179384626825505933e+00 6.230829893308312606e+00 6.348048197997425035e+00 6.397204560375696403e+00 6.515997694969732912e+00 6.707058434673996317e+00 6.788245797239593315e+00 6.931815066291535210e+00 7.062146749726739614e+00 7.222648411104509947e+00 7.366004008025226035e+00 7.444386338433639949e+00 7.642010308655227568e+00 7.771035138724989189e+00 7.831552212609402375e+00 7.985600529014482696e+00 8.157752896225677119e+00 8.433790676653083906e+00 8.462207405492772949e+00 8.585880654201940132e+00 8.744841953987089411e+00 8.882771352172238011e+00 8.988554983905064688e+00 9.151159300267451613e+00 9.303305104007128179e+00 9.382879771355371545e+00 9.485726843173175382e+00 9.680815326056368519e+00 9.880164033239278609e+00 1.003147302131211305e+01 1.017474113262288427e+01 1.031473261823286691e+01 1.042455060668077316e+01 1.061823263016265351e+01 1.084892993615405388e+01 1.092219842006402430e+01 1.100770982036457646e+01 1.110380160999980603e+01 1.134754753819284900e+01 1.153542883457308399e+01 1.168198492469833205e+01 1.180685898148742652e+01 1.190205901390580401e+01 1.201021264259026466e+01 1.222981140484366236e+01 1.239222085688434483e+01 1.246119940284088834e+01 1.260854723516670717e+01 1.271179778366626678e+01 1.280557824250750087e+01 1.299838654052135922e+01 1.322466346296080530e+01 1.341989636592820823e+01 1.348732049977365044e+01 1.359363341716661466e+01 1.367512444516774828e+01 1.378501418758801123e+01 1.392213475445005244e+01 1.424704594588540729e+01 1.431304317686032768e+01 1.448465129387911610e+01 1.468359821515007191e+01 1.489138908478473589e+01 1.500498217474607010e+01 1.513585478189963140e+01 1.540207015208953933e+01 1.552671368016883058e+01 1.563553113728208466e+01 1.577802147724556292e+01 1.603718058722496309e+01 1.621896288817733023e+01 1.629652937094892806e+01 1.637962402219926972e+01 1.668613653595815549e+01 1.686820052976993978e+01 1.718601663393084422e+01 1.736956600432978348e+01 1.769673503261317649e+01 1.781662628106105828e+01 1.809397893063443519e+01 1.824824639889521194e+01 1.869772723341448994e+01 1.919355230659433786e+01 1.927648937926392847e+01 1.970433835957780744e+01 1.978797541141068450e+01 2.037207103321960489e+01 2.060483941540676156e+01 2.096384561870660690e+01 2.149030386944702187e+01 2.158502236559897725e+01 2.203943493867124914e+01 2.208334619201827564e+01 2.250271092133705864e+01 2.265393601842029980e+01 2.298706060288251862e+01 2.337097497229094856e+01 2.379298353491956419e+01 2.439348022071241218e+01
1.093684521587954706e+00 1.197913006052640617e+00 1.452512166145153438e+00 1.530008243042604965e+00 1.859932428635632906e+00 1.924192710853263266e+00 2.107092239332049921e+00 2.191500178602693527e+00 2.255956264191646632e+00 2.315796260370209136e+00 2.429834736322488808e+00 2.494494732804676485e+00 2.647737631448503048e+00 2.690700297082667447e+00 2.747861313013481244e+00 2.887586884214492500e+00 2.987050192060347609e+00 3.057194100591525299e+00 3.142329149923730913e+00 3.270525099498885258e+00 3.318817188212120239e+00 3.437506851030747157e+00 3.516782244161763771e+00 3.625207757991519841e+00 3.722399923686017242e+00 3.826375672782480475e+00 3.942855235689931348e+00 4.057923779737096837e+00 4.150493204262884817e+00 4.185913975385488150e+00 4.300452034177833838e+00 4.451192911854157330e+00 4.540375004576135076e+00 4.643597041633718447e+00 4.740884869122567125e+00 4.777599811287251086e+00 4.938756166918206070e+00 5.194860182519215108e+00 5.264864926215441443e+00 5.401871867667422222e+00 5.532041072581699304e+00 5.589223712797629418e+00 5.736446367121795120e+00 5.911233600264343302e+00 5.991687742046003962e+00 6.176118267913601301e+00 6.246229051646570163e+00 6.348656298517362018e+00 6.407497608231168762e+00 6.514954420106613853e+00 6.739413791182058411e+00 6.798059698711041321e+00 6.944863363791554001e+00 7.066336697855994942e+00 7.205169803293391517e+00 7.365068052594641479e+00 7.457568846403041185e+00 7.642526040229424389e+00 7.768960417786430206e+00 7.843468471796572139e+00 8.018800074395096900e+00 8.156848082464239980e+00 8.417180379297594328e+00 8.453629694589940513e+00 8.587560745991895672e+00 8.762734067997927312e+00 8.859265899346839390e+00 8.983028407995774955e+00 9.181254397705773229e+00 9.311113186061781732e+00 9.390334854004681375e+00 9.495230837562024462e+00 9.728467345449073989e+00 9.872525105824582425e+00 1.005266844409713123e+01 1.019403774145919961e+01 1.032477137828212221e+01 1.044381242720112724e+01 1.062805174063769797e+01 1.083700841585095098e+01 1.092951973452974457e+01 1.099654375543611273e+01 1.112050840935996021e+01 1.136246210249708355e+01 1.153697136451156346e+01 1.166848102720244285e+01 1.178193595330823129e+01 1.187784815393936455e+01 1.198229639593187024e+01 1.222812006713671451e+01 1.238300917006036173e+01 1.248606648924022267e+01 1.261779558129908807e+01 1.271760940840005460e+01 1.279550821824126317e+01 1.303156606592534494e+01 1.321453244270637839e+01 1.345548249363301885e+01 1.347513499409371818e+01 1.359337907957902125e+01 1.366626059157237982e+01 1.376992953061709812e+01 1.391478033118160695e+01 1.424591254984502697e+01 1.432446643644080631e+01 1.446357242909220808e+01 1.468928083647349503e+01 1.487858605022543479e+01 1.501817929888427905e+01 1.513813318047906797e+01 1.539082574980090001e+01 1.555027229027802882e+01 1.563705198050254630e+01 1.578756007570599351e+01 1.602368495969150786e+01 1.622882638726339977e+01 1.631288399918478760e+01 1.637393746002886630e+01 1.668313556356627814e+01 1.690530001693906925e+01 1.720381068746173980e+01 1.735931247132490540e+01 1.765334880561906061e+01 1.780945057587080527e+01 1.804891559054229333e+01 1.824956192453031534e+01 1.859715482344941861e+01 1.896455532925439513e+01 1.918149675682797906e+01 1.964375474974071878e+01 1.977284394086639807e+01 2.035467646649468065e+01 2.059972290950346263e+01 2.094219328202037644e+01 2.145264765518593464e+01 2.156035822641456434e+01 2.202943354995790060e+01 2.211840903777967071e+01 2.252522954630949670e+01 2.267223766617414427e+01 2.298916590529097803e+01 2.334634486273719745e+01 2.375860293534301348e+01 2.438481450707287479e+01
9.764757036730565831e-01 1.084839761383048051e+00 1.424762017969620542e+00 1.514616375617628741e+00 1.776218407096707308e+00 1.864129529377485994e+00 2.110108845113090936e+00 2.161058951079554369e+00 2.234132794838756819e+00 2.278544477222776976e+00 2.396309418397120528e+00 2.483821936430157695e+00 2.607848665004858901e+00 2.678983507013699139e+00 2.750165527710834112e+00 2.874162699309394053e+00 2.956968709927902950e+00 3.072248502491102151e+00 3.148916527489524775e+00 3.283862767807970595e+00 3.322536388561866172e+00 3.444372455097971297e+00 3.521083845812464475e+00 3.634298500743831539e+00 3.737380496040495714e+00 3.824954794303330630e+00 3.928027700849606951e+00 4.031660987014719311e+00 4.158155055053327942e+00 4.192086170351095653e+00 4.313388865066096756e+00 4.449648125117160902e+00 4.532333862237487132e+00 4.661223315255397459e+00 4.747519298116749553e+00 4.776776555930302592e+00 4.905754293793895826e+00 5.206079029411449177e+00 5.265655641538582898e+00 5.419912694333469894e+00 5.528109336562303078e+00 5.613062570247516980e+00 5.725422966585845153e+00 5.915512954721115157e+00 6.010536391182375482e+00 6.173712771076103500e+00 6.262104012496317651e+00 6.339975484690134166e+00 6.424384344538487390e+00 6.515781033420537049e+00 6.763441700152167613e+00 6.818787073025316836e+00 6.955918893424397176e+00 7.069883827208261806e+00 7.184116549465473511e+00 7.355701852554241249e+00 7.472504958753539483e+00 7.639582652404718566e+00 7.765512091151427931e+00 7.853847534337101699e+00 8.032562449764666823e+00 8.164417842837773165e+00 8.391746171605419136e+00 8.445685603038489475e+00 8.583135905695151280e+00 8.776977554631770317e+00 8.840116595560360224e+00 8.974376670173267456e+00 9.203569587507663741e+00 9.306574033584485761e+00 9.401426827848316847e+00 9.514777213889484386e+00 9.770650250678990290e+00 9.869694647928312747e+00 1.007037353735497476e+01 1.020456922099634056e+01 1.033738163350747818e+01 1.045741305739542959e+01 1.063284235615262574e+01 1.081516944846829986e+01 1.093050696169450298e+01 1.098678541457244329e+01 1.115484212417898746e+01 1.137356315223167158e+01 1.154145288847351125e+01 1.165574713915681215e+01 1.174978032600256839e+01 1.185135681093252025e+01 1.195327394414409206e+01 1.222304808009283938e+01 1.236110214687916553e+01 1.250490274471819063e+01 1.263254100084334475e+01 1.271311491733226795e+01 1.279594722510582194e+01 1.305756386872917041e+01 1.319818840084690237e+01 1.344155224433147744e+01 1.350868154595341508e+01 1.359390262935889204e+01 1.365419739303013635e+01 1.376670304215843110e+01 1.390605350101555970e+01 1.423813992884645963e+01 1.432391740850253292e+01 1.445088686907350173e+01 1.468777278977154488e+01 1.485637848106828152e+01 1.502336426309117634e+01 1.514463968641643810e+01 1.538176755351108405e+01 1.557091345903137380e+01 1.562751741971937136e+01 1.579433131790159450e+01 1.601788843165995857e+01 1.623405612302184764e+01 1.631650971092120272e+01 1.636975792747992031e+01 1.667832077969333682e+01 1.693418059729709668e+01 1.721718968093392732e+01 1.734939855172781620e+01 1.759066712696787960e+01 1.780353460908493446e+01 1.798217972410975207e+01 1.824601206907378881e+01 1.845550156727558644e+01 1.872613792876651218e+01 1.913544409691768067e+01 1.957473075049695765e+01 1.978220296685595869e+01 2.034336824820380230e+01 2.059843368852838452e+01 2.092320371977246651e+01 2.141364042113844235e+01 2.154135356847298866e+01 2.201949843875437907e+01 2.216144358637883016e+01 2.253891152335315695e+01 2.270506803101079640e+01 2.299228160425471401e+01 2.332412168946722630e+01 2.372814968689509030e+01 2.437986192756820358e+01
8.486916089173803801e-01 9.621870665758243124e-01 1.393723474886174651e+00 1.509083882738071480e+00 1.634932818067700966e+00 1.820816244224654934e+00 2.087205141406152986e+00 2.127982627366729051e+00 2.222900497894036320e+00 2.259450492648608311e+00 2.367534808470285412e+00 2.468453919963461196e+00 2.585736463531209228e+00 2.663652539656678808e+00 2.757852047837437759e+00 2.842651196363517041e+00 2.952801736079153194e+00 3.080688813507422186e+00 3.159135546434086006e+00 3.287298756352075468e+00 3.337494072258611499e+00 3.434868164123582090e+00 3.550229253557099174e+00 3.634498688934849842e+00 3.744969309484205144e+00 3.822993963373925386e+00 3.915537321857360809e+00 4.018645907850689980e+00 4.165537764108115937e+00 4.199764148754455029e+00 4.328562532166244203e+00 4.447565823121686357e+00 4.524946117867190587e+00 4.674241685123488033e+00 4.752883929004204866e+00 4.769217087304387981e+00 4.890641153950803677e+00 5.211545201936179872e+00 5.266229972515760416e+00 5.431678873907371141e+00 5.519594626949232641e+00 5.640940027098367615e+00 5.719689636676545064e+00 5.912368094285659126e+00 6.027467028496221957e+00 6.170095083571711214e+00 6.281137969980147062e+00 6.326729599757529243e+00 6.446825542733176206e+00 6.516080434660433518e+00 6.778107050179874804e+00 6.846709125961533360e+00 6.962626227781622212e+00 7.072042081176148187e+00 7.165589403284932324e+00 7.344427253076111661e+00 7.482347635712386591e+00 7.630315242210181204e+00 7.761618081937729841e+00 7.860330185389893920e+00 8.031817231919324840e+00 8.175962897920744155e+00 8.367656769910974290e+00 8.434939508813995346e+00 8.571398463052952721e+00 8.786712970511539211e+00 8.823657724372976574e+00 8.962855990905321590e+00 9.210770885566470056e+00 9.298769940899862974e+00 9.417778245272156568e+00 9.537567218735594210e+00 9.800447691976387432e+00 9.883662959586946073e+00 1.008301515905534629e+01 1.020677399965551402e+01 1.035076839555423511e+01 1.046574061589115878e+01 1.063083360058286608e+01 1.079163608669807672e+01 1.091905446785966127e+01 1.099358495790463941e+01 1.118990104031150778e+01 1.138181690886279185e+01 1.153819228015820464e+01 1.164810936289367760e+01 1.171183244220646813e+01 1.182342546533950767e+01 1.192726950370119887e+01 1.221493988239677009e+01 1.232572187936029984e+01 1.251555917081394398e+01 1.264426600144665969e+01 1.270796280590393756e+01 1.279964564195801202e+01 1.306496129926920169e+01 1.318493612427218409e+01 1.342984111033356420e+01 1.352716985430652663e+01 1.358777469164666662e+01 1.365725244081307821e+01 1.377408583299000888e+01 1.389505080863994024e+01 1.422573460326049677e+01 1.431289097882020123e+01 1.444102486481507874e+01 1.467363656066075173e+01 1.482845677125597206e+01 1.499966208917024346e+01 1.516282558683703385e+01 1.538463018990339393e+01 1.558177622269468365e+01 1.561013148534296668e+01 1.579270006821627526e+01 1.601867551203439533e+01 1.623249894600522225e+01 1.629134666417280997e+01 1.638002130914685495e+01 1.667426150189173129e+01 1.694973166089985739e+01 1.722567912621546427e+01 1.734249814902950959e+01 1.750577212896671142e+01 1.777848462802717577e+01 1.789943216503822043e+01 1.819418295654153894e+01 1.832329038015410205e+01 1.859941092286864972e+01 1.909160644335233670e+01 1.950500503208670011e+01 1.980349542637729598e+01 2.033450453003545277e+01 2.060028986371242965e+01 2.090697779310466586e+01 2.137540367625683402e+01 2.152579450872396194e+01 2.201317742372958364e+01 2.220827077834007568e+01 2.254485282559145176e+01 2.274793437862546952e+01 2.299761585532100838e+01 2.330344922172038835e+01 2.370154738511806869e+01 2.437798351808868347e+01
7.153913264648019688e-01 8.322159943894429368e-01 1.355258804665778305e+00 1.448375005769299673e+00 1.531043663117005460e+00 1.787541017384638442e+00 2.044480553973134995e+00 2.101111293405037994e+00 2.194510991093313379e+00 2.271572625249817623e+00 2.349707338972764958e+00 2.451599123400375557e+00 2.578534665345836530e+00 2.641857373044187884e+00 2.762510456530747671e+00 2.809917548848795299e+00 2.964893917425696301e+00 3.083309465924165771e+00 3.169358439175354647e+00 3.291954784872854312e+00 3.352032985887154481e+00 3.425462249776574097e+00 3.583095993540013513e+00 3.627307145668897448e+00 3.741765508543754226e+00 3.821668841603774514e+00 3.914276763949702254e+00 4.017841283229999227e+00 4.172859926955412746e+00 4.209594587536393817e+00 4.341631749316963607e+00 4.449499995936065488e+00 4.517580145529277225e+00 4.670940369221810329e+00 4.749472170609983834e+00 4.769364244532177999e+00 4.895379915695214024e+00 5.213466306907243109e+00 5.266026620787433110e+00 5.435080570912285580e+00 5.512215697360083766e+00 5.666421054513886446e+00 5.721604923489835848e+00 5.902651600049740210e+00 6.042407799558671577e+00 6.164728737716885121e+00 6.287046872516000917e+00 6.330665756264686195e+00 6.470147815237114131e+00 6.515538209898386945e+00 6.787093399143433459e+00 6.873246685375361764e+00 6.962175758042560503e+00 7.071234248807755307e+00 7.157671604651178576e+00 7.333377790765942095e+00 7.485944311103503779e+00 7.611784275479020145e+00 7.756807373484817525e+00 7.862587236375174982e+00 8.026144178402802254e+00 8.183179654120849023e+00 8.346398078568252998e+00 8.423992212149096659e+00 8.556613851446945418e+00 8.779840237938699943e+00 8.816258332227342009e+00 8.950298502968591308e+00 9.203257140485270327e+00 9.289702482894796276e+00 9.443045848925311958e+00 9.554180647973902651e+00 9.820479496157615174e+00 9.916140817519758954e+00 1.008876401057557892e+01 1.020417787003882992e+01 1.036064218761592848e+01 1.046874137821804496e+01 1.062006884964015363e+01 1.077803217121944535e+01 1.090220623014377033e+01 1.100716227039693251e+01 1.121659299025456669e+01 1.139108805397355617e+01 1.151376150122873732e+01 1.164877408103274981e+01 1.167291899875077199e+01 1.179544975823079866e+01 1.190596532314317457e+01 1.220298204725494173e+01 1.227686121576064515e+01 1.251917948328158836e+01 1.263844858233002633e+01 1.271563396675443336e+01 1.278947259112799273e+01 1.304798983792420053e+01 1.318946109300852143e+01 1.342088563719109118e+01 1.352465480496773509e+01 1.358165419805303209e+01 1.366910043675347808e+01 1.379272132965949460e+01 1.388186909051475126e+01 1.420962856253391315e+01 1.429232898365679816e+01 1.442732610734619847e+01 1.463559110307111233e+01 1.479180248032331058e+01 1.495886127776288532e+01 1.518371011492781975e+01 1.540445928547161714e+01 1.555596295131505080e+01 1.560900703190517724e+01 1.578334520491182680e+01 1.602383785397809035e+01 1.620615493415128228e+01 1.626903802265566767e+01 1.639936511634728333e+01 1.667341333499522804e+01 1.695061244475594364e+01 1.722210918901866705e+01 1.733575692169037552e+01 1.741770613177922655e+01 1.769853554041457144e+01 1.784985200923363635e+01 1.809006693915736008e+01 1.829873456582918934e+01 1.853000081510549890e+01 1.905092841743347876e+01 1.943734314532843399e+01 1.983100398050774871e+01 2.032484472993440505e+01 2.060503644076423768e+01 2.089382366787481971e+01 2.133890935961208868e+01 2.151238104900309622e+01 2.201052480681178736e+01 2.225647193308898153e+01 2.254684303043651994e+01 2.279370765432580370e+01 2.300633833360449287e+01 2.328313181955335054e+01 2.367849365507039039e+01 2.437810608796691270e+01
5.814024744822323676e-01 6.968596947495153682e-01 1.201490231495337291e+00 1.394628695008766295e+00 1.530074613604631928e+00 1.763803233091774558e+00 1.992227493546519623e+00 2.075908496129556191e+00 2.169480129600800389e+00 2.284307008250521243e+00 2.347756960693492267e+00 2.438108592421940113e+00 2.576131143739724294e+00 2.614931056295702216e+00 2.763491222539860459e+00 2.787417056627939704e+00 2.983072517699915771e+00 3.082677876038916853e+00 3.175801573197454264e+00 3.301701542338013606e+00 3.362737863388908899e+00 3.422792404174416436e+00 3.600232012931895209e+00 3.621118121519287580e+00 3.727891243463195448e+00 3.831849132902494848e+00 3.920630907977932456e+00 4.025348404270012281e+00 4.180531102950642008e+00 4.223599499997673590e+00 4.347018114860904170e+00 4.458897856605230636e+00 4.509984410553700585e+00 4.645867613438276145e+00 4.748040481974458160e+00 4.779604496548516934e+00 4.910975369765395726e+00 5.213052154637065172e+00 5.265087225371620328e+00 5.430369588850195939e+00 5.507843696372755282e+00 5.684611432722155300e+00 5.732471664156976843e+00 5.889792936582434635e+00 6.053094892490324064e+00 6.159640991042814484e+00 6.272928520196932922e+00 6.358712029720924974e+00 6.488073279891072964e+00 6.518208568858356422e+00 6.792112208328354939e+00 6.891468208443916055e+00 6.954048201082211556e+00 7.068655360536450161e+00 7.163837843185756782e+00 7.323553728082572434e+00 7.484418053058297993e+00 7.583222083755210008e+00 7.748962744215123877e+00 7.863538750468904936e+00 8.020746102016987678e+00 8.183587742804684595e+00 8.323962918403978506e+00 8.415577833698151267e+00 8.545377749365593800e+00 8.750018774374971997e+00 8.819094585945009612e+00 8.940026330215985695e+00 9.186834319381484093e+00 9.278628174621033509e+00 9.475349289061016478e+00 9.559320084615432478e+00 9.840352063642333391e+00 9.957471382383719316e+00 1.008665525056957613e+01 1.020013914213540929e+01 1.036181927425938554e+01 1.046607246122156987e+01 1.060170140906965841e+01 1.078066854661330254e+01 1.088187473342849465e+01 1.102261799994571412e+01 1.122955963892593090e+01 1.140107299882117964e+01 1.146578384322586608e+01 1.163247267472935675e+01 1.166067276332874947e+01 1.176746081410095357e+01 1.188906839155256812e+01 1.218153151340689533e+01 1.221550978087689465e+01 1.251663787472990563e+01 1.261996434110010235e+01 1.272120484154940101e+01 1.275386826115448713e+01 1.303388148013056558e+01 1.320555847225471524e+01 1.341183546131113147e+01 1.351103928370107354e+01 1.358158924292669489e+01 1.367310758421511885e+01 1.381584175537212111e+01 1.386979937568800381e+01 1.418247554183855463e+01 1.426335021613951781e+01 1.440584222061768926e+01 1.456792534021354690e+01 1.475036762965575754e+01 1.493158964825501300e+01 1.519777967887062964e+01 1.543406827893400468e+01 1.551414109329909508e+01 1.561465516710925172e+01 1.577423150021874854e+01 1.603066439051609393e+01 1.616113003024488037e+01 1.626888756407975833e+01 1.642281490995230442e+01 1.667637224296978005e+01 1.694239457317020126e+01 1.719473283944565267e+01 1.730683980143564327e+01 1.738809728347861494e+01 1.760352039102560795e+01 1.782804511063483943e+01 1.801516617688585598e+01 1.829728625560077759e+01 1.848277502450740784e+01 1.901619959438991003e+01 1.937312519770962993e+01 1.986114334835050244e+01 2.031197901239248438e+01 2.061246555371389988e+01 2.088425459464609446e+01 2.130449534337528306e+01 2.150061870250388196e+01 2.201056000370933319e+01 2.230329486654717286e+01 2.254782684645131496e+01 2.283654781621176255e+01 2.301945687196532120e+01 2.326210527938972206e+01 2.365876623844959781e+01 2.437909368778862529e+01
4.506409474975808238e-01 5.577403774638735046e-01 9.813386398745511663e-01 1.403678391459830976e+00 1.536255876002341259e+00 1.748726891609089451e+00 1.937558626264086037e+00 2.053901346102773751e+00 2.152129780809496129e+00 2.288489363298536805e+00 2.360516363773265347e+00 2.427914914703324989e+00 2.562363829087208167e+00 2.599980001555190601e+00 2.760223682434399084e+00 2.776961633152683184e+00 3.002563201298934281e+00 3.080466831565171315e+00 3.177774556340944745e+00 3.313556182765691638e+00 3.371770049947770076e+00 3.428377329245409832e+00 3.587454088276339270e+00 3.626708134064993594e+00 3.707854931961958478e+00 3.858565611642792881e+00 3.927923986476296481e+00 4.037464677881489550e+00 4.188329694237920897e+00 4.241689858909831301e+00 4.344590655416938674e+00 4.472836545523095175e+00 4.503200813288312787e+00 4.612941151969664588e+00 4.751023684149094706e+00 4.790648300636218160e+00 4.930600726593367789e+00 5.208646792492931610e+00 5.265767426707999910e+00 5.420384632467826869e+00 5.505463869446712621e+00 5.695271932419618821e+00 5.747691638002435432e+00 5.878847286590491272e+00 6.056029360401810280e+00 6.157173757321199759e+00 6.257353750129228231e+00 6.390057291275160090e+00 6.493008699962130592e+00 6.531471575959851172e+00 6.793348960302634687e+00 6.894480121444886755e+00 6.945120005501332905e+00 7.067478770823178102e+00 7.179720050461439129e+00 7.316032184157136520e+00 7.478200745306853747e+00 7.548395667428493105e+00 7.736504836934123830e+00 7.867035806080067140e+00 8.016412642064528526e+00 8.178835801819898776e+00 8.296552009424578600e+00 8.411399223915823953e+00 8.541141165467298180e+00 8.709731643388437305e+00 8.819252525692878208e+00 8.934930689826545702e+00 9.163103045992951223e+00 9.268055135513106890e+00 9.504294568975437230e+00 9.559105684041977469e+00 9.858823936493804396e+00 1.000225295369516587e+01 1.007804957288915126e+01 1.019650489235817581e+01 1.035048658924933918e+01 1.045822348505864774e+01 1.057567477750455076e+01 1.079729009932269079e+01 1.086267906372528280e+01 1.103738860816865675e+01 1.123012832900641200e+01 1.137154757744155198e+01 1.143568856665378064e+01 1.159970579181911354e+01 1.166957947527827777e+01 1.173845042357342372e+01 1.187539488826043943e+01 1.211668993905353098e+01 1.217153972745141033e+01 1.250610332466908936e+01 1.259646553742829589e+01 1.267626196248209602e+01 1.274469370774086130e+01 1.304261447609152036e+01 1.322323344224706432e+01 1.340128961570488464e+01 1.349908878529557654e+01 1.358048746057966660e+01 1.366763967888607212e+01 1.381222992488210721e+01 1.387856349370580666e+01 1.412677292575606103e+01 1.424087703852362807e+01 1.438178408831750410e+01 1.450225614285669984e+01 1.471647087356869754e+01 1.492407108548483308e+01 1.520427043243378051e+01 1.544154888605356213e+01 1.550287478966802901e+01 1.561932612294341816e+01 1.577384778479835425e+01 1.603478968299227958e+01 1.612631397853948911e+01 1.627436708990332548e+01 1.644964728084600125e+01 1.668210902910349347e+01 1.693526452141664862e+01 1.714996175811923251e+01 1.728548910677747941e+01 1.738851420167332407e+01 1.752944893734175125e+01 1.780843424420231713e+01 1.796250941162469061e+01 1.829989135817840307e+01 1.844789508898255548e+01 1.898972841084237473e+01 1.931364720156934922e+01 1.989145300499076896e+01 2.029492267183875143e+01 2.062171483264312499e+01 2.087885967803394394e+01 2.127249877344950946e+01 2.149052554957960837e+01 2.201204632968828179e+01 2.234551128720827506e+01 2.254975983476338541e+01 2.287250290446670675e+01 2.303743925681665417e+01 2.323976871840365277e+01 2.364233142075157801e+01 2.438006995548804312e+01
3.253253256261018356e-01 4.158167104653202051e-01 7.476824584846800681e-01 1.428817863846847613e+00 1.542558091473949400e+00 1.737774398738213932e+00 1.891536936197302010e+00 2.036080083972096499e+00 2.141364539116632937e+00 2.288696699543444790e+00 2.378286989364922110e+00 2.418329486322875255e+00 2.536692110079823870e+00 2.602920896220237701e+00 2.748823723664064911e+00 2.780348967983661268e+00 3.020345968491400690e+00 3.077745879502047810e+00 3.176154340884714156e+00 3.322773663948611844e+00 3.382820456616847604e+00 3.439807800137704596e+00 3.568380420324246405e+00 3.625451132652758979e+00 3.687733977633772753e+00 3.889779851190978910e+00 3.939034648604269773e+00 4.050794662069127305e+00 4.194880470097873015e+00 4.259011174821539569e+00 4.341428992476568993e+00 4.478241016581178791e+00 4.504516775267005002e+00 4.583360373406284438e+00 4.754676283545942184e+00 4.799859431689528222e+00 4.950525400373260609e+00 5.198542292900180328e+00 5.269968665103129446e+00 5.408555870915009223e+00 5.503376866431445080e+00 5.701025895604697524e+00 5.759600375472290423e+00 5.874634677825450346e+00 6.049806569031829895e+00 6.157599885814511786e+00 6.244657226103334402e+00 6.417445871590403250e+00 6.491804013266765594e+00 6.549125035886337542e+00 6.790444481365626395e+00 6.881336457096157488e+00 6.942899372320637141e+00 7.067013914474676639e+00 7.199449288121983592e+00 7.311935256844313002e+00 7.462506206234625239e+00 7.519257182656182259e+00 7.720277186947304138e+00 7.874476657275711666e+00 8.011963243470612284e+00 8.170546178429070494e+00 8.266365420486247118e+00 8.411502691815975652e+00 8.541276308767400849e+00 8.668475399564085748e+00 8.814664965723936874e+00 8.934315120114527886e+00 9.131404858109851475e+00 9.259924660718215961e+00 9.503967948862962700e+00 9.579885067192673631e+00 9.868267799341182922e+00 1.004470722755911005e+01 1.006949740886527422e+01 1.019418153795443338e+01 1.032657433176845174e+01 1.044681335451767978e+01 1.053614103408126113e+01 1.082292874084772194e+01 1.085385814947309413e+01 1.104808110391191178e+01 1.122430041326793493e+01 1.129251702408827107e+01 1.143843480038394134e+01 1.156551688215568241e+01 1.166344554420444446e+01 1.172391674289317187e+01 1.186323462550731911e+01 1.203002811931701466e+01 1.213879124608262572e+01 1.248667939667134874e+01 1.256811062116509348e+01 1.264065167116285870e+01 1.274480494287578125e+01 1.306552161278931834e+01 1.324015409333780369e+01 1.338917383074288736e+01 1.349197254005521529e+01 1.357418365207631972e+01 1.365341143964237247e+01 1.378408323647776612e+01 1.390038816809628841e+01 1.406584734361422129e+01 1.423527657650201839e+01 1.436483238795084461e+01 1.445826563997824366e+01 1.469085647393005090e+01 1.492612846935043969e+01 1.520548340624710981e+01 1.542809672274337807e+01 1.551598461561917652e+01 1.562736585836119474e+01 1.578703186489993371e+01 1.602703771384027931e+01 1.610908876560074532e+01 1.628011306062507302e+01 1.647826625477728868e+01 1.668925572907036425e+01 1.693634194178802943e+01 1.711024203160175716e+01 1.727596708075597220e+01 1.736592716856385366e+01 1.749542739578359374e+01 1.778700643640112489e+01 1.792398963202570528e+01 1.830416277575344708e+01 1.842203145828523958e+01 1.897235057952959281e+01 1.926090086407366542e+01 1.992004545618752687e+01 2.027459513485921150e+01 2.063106540320122662e+01 2.087789003500454044e+01 2.124377561864010389e+01 2.148235612909640935e+01 2.201391795741523083e+01 2.237990270160089779e+01 2.255373111208847092e+01 2.289974155727310290e+01 2.305952003903815495e+01 2.321615722995338160e+01 2.362930845276714109e+01 2.438059699225921406e+01
2.045843748229007886e-01 2.712459084660966968e-01 5.084969070292302273e-01 1.457807349688454046e+00 1.546874575658869544e+00 1.724819794786544236e+00 1.863661225977768288e+00 2.023372132099328091e+00 2.135870441004272813e+00 2.288100005760185685e+00 2.393389360916211572e+00 2.408513155613405399e+00 2.516517876629307260e+00 2.609230805833700817e+00 2.735355666566750887e+00 2.790235065830335870e+00 3.034304000554239433e+00 3.075066000663865928e+00 3.172275511879522281e+00 3.327462834086321486e+00 3.396350290127890581e+00 3.452547016539038172e+00 3.550903656037708522e+00 3.617348877195385004e+00 3.672515559764170323e+00 3.904563354220098148e+00 3.965234267431177351e+00 4.062580142074081024e+00 4.197733143073685724e+00 4.267769789943182346e+00 4.346278763887253760e+00 4.471748894767016758e+00 4.511759276387390827e+00 4.563765122660967677e+00 4.756965042018917345e+00 4.807730104288928885e+00 4.967634141467814679e+00 5.185046398490817943e+00 5.275768789948323878e+00 5.397763405473687826e+00 5.500809206884319735e+00 5.703252526774051923e+00 5.765063598626507080e+00 5.878457051415997725e+00 6.037004321548511854e+00 6.159187873275461023e+00 6.235591915581185418e+00 6.436958586132660365e+00 6.491706565900897452e+00 6.564445264353495624e+00 6.783585665676966414e+00 6.864377151403330046e+00 6.943346412600171824e+00 7.065422765945954531e+00 7.218261192518548697e+00 7.311621979946450800e+00 7.433980180347832700e+00 7.507534963730686073e+00 7.703282568466109481e+00 7.884461318257704576e+00 8.006213699329912004e+00 8.159831205626321804e+00 8.239725912260032814e+00 8.413844147406573271e+00 8.540187665831117769e+00 8.637017674616673801e+00 8.808236829321360872e+00 8.933588373052909759e+00 9.095955603611251661e+00 9.253485992410972472e+00 9.483522248715296143e+00 9.616163557556115293e+00 9.863112289696614354e+00 1.005048502385606923e+01 1.009520565773403433e+01 1.019411295999553779e+01 1.029523989746511603e+01 1.043320067978562093e+01 1.048759684916926993e+01 1.084749886479880843e+01 1.086398874585372454e+01 1.105071819315608650e+01 1.120543011891926355e+01 1.123316144910721093e+01 1.143132240637231156e+01 1.152779082259079146e+01 1.163608360980359180e+01 1.174172508723029473e+01 1.185065739790059958e+01 1.196552859832017113e+01 1.210553144558400973e+01 1.246666566296362255e+01 1.254472553929389633e+01 1.263173756194127684e+01 1.274190523723456003e+01 1.308977779176279377e+01 1.325764937045584091e+01 1.337583502407028924e+01 1.348718826274661886e+01 1.356161334704019517e+01 1.363361978937754415e+01 1.376192909194002212e+01 1.391221561458705835e+01 1.403335006183485589e+01 1.424314293468502690e+01 1.435064402290342755e+01 1.442937077132374313e+01 1.467212108700840290e+01 1.493051117063496136e+01 1.520397077887884052e+01 1.542459470154327761e+01 1.551577630225412996e+01 1.563874534883385437e+01 1.581482935282452829e+01 1.600196966945217980e+01 1.610803793109220905e+01 1.628442464479143226e+01 1.650463488028968939e+01 1.669653082690110679e+01 1.694541507236421651e+01 1.708356847089461183e+01 1.726433587107516843e+01 1.732396398916563385e+01 1.749659429268612598e+01 1.776541735101453057e+01 1.789714099927013180e+01 1.830869154039683266e+01 1.840419706884398465e+01 1.896314042852540638e+01 1.921802499688011068e+01 1.994478462775925109e+01 2.025396360751485147e+01 2.063864493976539904e+01 2.088048823814934707e+01 2.122005912101452552e+01 2.147637834763926890e+01 2.201548746769936571e+01 2.240427117813572266e+01 2.255942008804192511e+01 2.291838030452655772e+01 2.308355864644315503e+01 2.319200267640049162e+01 2.361987124675416183e+01 2.438066369413128598e+01
7.128281702118854923e-02 1.266437701491071599e-01 2.694560935857163164e-01 1.480695161193595233e+00 1.548494602389432151e+00 1.711086016324522729e+00 1.853122907532413377e+00 2.016175199327253420e+00 2.133983707344652370e+00 2.287636197687017869e+00 2.393216866738359982e+00 2.409912132508984506e+00 2.505217217317925016e+00 2.614092053684847095e+00 2.724897613411134234e+00 2.800173827143509708e+00 3.043220614751328768e+00 3.072750296513917512e+00 3.168261269309597061e+00 3.329253391200065249e+00 3.407162765714881303e+00 3.463784344640098212e+00 3.537390168755452535e+00 3.608102173170668170e+00 3.664336879596647112e+00 3.906744841001315027e+00 3.994035813305233606e+00 4.070614068685900477e+00 4.196084257246882387e+00 4.268479881780776530e+00 4.357004576331539702e+00 4.465356610325369680e+00 4.510205589252779923e+00 4.558703319572352086e+00 4.757242687465508268e+00 4.814328286203333640e+00 4.978985831605480250e+00 5.173412411575466052e+00 5.279915812338415115e+00 5.390444793962582359e+00 5.498261962881919374e+00 5.703506890991733691e+00 5.765942622932988648e+00 5.885993664554830751e+00 6.023617499048424584e+00 6.160473656840604662e+00 6.230129058871535008e+00 6.447056818543771328e+00 6.493982611812507244e+00 6.574675646348001834e+00 6.775620144009735668e+00 6.852618674574010527e+00 6.943518680814444899e+00 7.063153281707806208e+00 7.232036725073452743e+00 7.313735803847938755e+00 7.407622082747369774e+00 7.505736172445880428e+00 7.689921765096340067e+00 7.893653806537849427e+00 8.000014134649337194e+00 8.149543423519698848e+00 8.222254723739961690e+00 8.415280207358872389e+00 8.536864377634280743e+00 8.621157528841258966e+00 8.803546093866900790e+00 8.928923747367221608e+00 9.068407234409381346e+00 9.248213860677680032e+00 9.465331616989363539e+00 9.648484057384591139e+00 9.847232761548232460e+00 1.004513060818955239e+01 1.012410381482243515e+01 1.019856706545131075e+01 1.026655366644596512e+01 1.041812983812241278e+01 1.045185801667088477e+01 1.085848937053441077e+01 1.089060889973848845e+01 1.104372582973596728e+01 1.116368102614285363e+01 1.122938687575975081e+01 1.141070468966902318e+01 1.149913204846487425e+01 1.161898353148349727e+01 1.176874432450706642e+01 1.183649477090105862e+01 1.193070227966816965e+01 1.207945988089135980e+01 1.245438640798425212e+01 1.253126671114138091e+01 1.263218279842531544e+01 1.273828627814316583e+01 1.310694914349324947e+01 1.327544202311890409e+01 1.336214930699958714e+01 1.348255592095011934e+01 1.354703570492803344e+01 1.361958094732933944e+01 1.375299375908411825e+01 1.391278833130346726e+01 1.402442640803965901e+01 1.426203404561825216e+01 1.432971306140208334e+01 1.441451206027354992e+01 1.466042478402165905e+01 1.493389448455989665e+01 1.520206935031530193e+01 1.542984380187013116e+01 1.550619454609050152e+01 1.564710727418989400e+01 1.585108187374015998e+01 1.596806731176172534e+01 1.611230312755738225e+01 1.628690193387783935e+01 1.652337466899535201e+01 1.670228258281347422e+01 1.695573867363798470e+01 1.707228022361149655e+01 1.723875026696964241e+01 1.730160409562412838e+01 1.750555074144557466e+01 1.774826189199633220e+01 1.788130408471949906e+01 1.831199025175772732e+01 1.839399497073481626e+01 1.895967691049126103e+01 1.918928896899604908e+01 1.996244009687942267e+01 2.023784203321394060e+01 2.064333373584694797e+01 2.088420346594446642e+01 2.120396214495272602e+01 2.147275555291783533e+01 2.201645743731883798e+01 2.241825955926495695e+01 2.256471908082126632e+01 2.292925293743060067e+01 2.310656466165323764e+01 2.316912571721522696e+01 2.361416057024113968e+01 2.438051662901133909e+01
-1.124391338711536658e-03 -8.999220897777843219e-04 1.192835768231195347e-07 1.489541025624283144e+00 1.548596936196647844e+00 1.705060811614796723e+00 1.851072584363098406e+00 2.013939390445707023e+00 2.133693277335924954e+00 2.287507167726744228e+00 2.389480523663892519e+00 2.413527271998523460e+00 2.501653468454275497e+00 2.615851120003374941e+00 2.720952771573863949e+00 2.804382418101442287e+00 3.046343552497278839e+00 3.071710656142129903e+00 3.166547393533232668e+00 3.329705028330653072e+00 3.410966492000014227e+00 3.469240593554997254e+00 3.531431502078469897e+00 3.604166409172857577e+00 3.661964249408712568e+00 3.906668311811578587e+00 4.006104750859970309e+00 4.073414417616725736e+00 4.194232087679083953e+00 4.267914286933260470e+00 4.362380983980811422e+00 4.463044114112069138e+00 4.506982279648363843e+00 4.559479511407877439e+00 4.756955451230393983e+00 4.817138728634810185e+00 4.982870789164882019e+00 5.168815175866086520e+00 5.281221814396152681e+00 5.387942346831790630e+00 5.497138976270709243e+00 5.703386970568133485e+00 5.765692372837314394e+00 5.889869790462600285e+00 6.017669667723400728e+00 6.160936037170615442e+00 6.228281743320989605e+00 6.449832536981594977e+00 6.495507266657641665e+00 6.578270988250796592e+00 6.771980032794796323e+00 6.848617688151577454e+00 6.943473707606227840e+00 7.062076284293875794e+00 7.237191921323264943e+00 7.315149933179273312e+00 7.397120939601427025e+00 7.505943431451827408e+00 7.684765812756799264e+00 7.897556361217884735e+00 7.997081938867128592e+00 8.145070415032321876e+00 8.216327204448965915e+00 8.415338608048910984e+00 8.535404927998868629e+00 8.616889592300417178e+00 8.802071290523302949e+00 8.925205454378488668e+00 9.058643308128297988e+00 9.245961593954392654e+00 9.458491842584093590e+00 9.662390670454380270e+00 9.837676587795462169e+00 1.004339456473663716e+01 1.013392406615038865e+01 1.020401129255384198e+01 1.025333792270378908e+01 1.040960179618746828e+01 1.044103741536802232e+01 1.086224607134779241e+01 1.090424735236255849e+01 1.103720720929968735e+01 1.114927059986541558e+01 1.123159945941740290e+01 1.139763101050754912e+01 1.149009503709965685e+01 1.161422862945533829e+01 1.178469584489758937e+01 1.182663442902236817e+01 1.191976313756814854e+01 1.206947744309954906e+01 1.245053164896778775e+01 1.252687589935146129e+01 1.263321125289853164e+01 1.273667417015608549e+01 1.311299345330630750e+01 1.328476796100071589e+01 1.335471848153637175e+01 1.348013842685500663e+01 1.354067755427770692e+01 1.361531022148367498e+01 1.375109885538515719e+01 1.391141915946768925e+01 1.402344236873234351e+01 1.427894326009444725e+01 1.431170461258191295e+01 1.441070062137663754e+01 1.465641918711772895e+01 1.493510380777933833e+01 1.520127864305406895e+01 1.543398027547980966e+01 1.550034801077460322e+01 1.564990259983003540e+01 1.587389978657469847e+01 1.594642178685529821e+01 1.611442605538078965e+01 1.628768701019503595e+01 1.653015342110614583e+01 1.670452879672531665e+01 1.695985808582318199e+01 1.707120381594813097e+01 1.722286409409283436e+01 1.729741034990763637e+01 1.750971612798765520e+01 1.774153371930269074e+01 1.787608545544619076e+01 1.831315756041042064e+01 1.839074449462495053e+01 1.895900388075326859e+01 1.917904721520812572e+01 1.996900921166784215e+01 2.023160719803745167e+01 2.064488411221467956e+01 2.088593340525784114e+01 2.119819148724311830e+01 2.147154512931986758e+01 2.201677710306081437e+01 2.242274153851012031e+01 2.256689883824675746e+01 2.293284535148580616e+01 2.311977589883670348e+01 2.315594819599491672e+01 2.361225031411072450e+01 2.438042942869087781e+01
