-2.227177202194667860e-01 -1.423686921712589426e-01 2.468904244757048061e-01 2.947359389284310294e-01 3.335895554868342772e-01 3.839820689456056590e-01 4.074608156380119528e-01 4.262001474321220895e-01 4.593848101194046851e-01 4.947483850874096478e-01 5.210477319013294695e-01 5.775136648356070657e-01 6.487288204537593472e-01 6.733281007111309169e-01 7.440135818032406201e-01 7.796554455460378286e-01 8.021904819960815614e-01 8.078210380711470240e-01 8.488855476335288586e-01 8.628457759837306895e-01 9.339974520407050562e-01 9.898999331399379598e-01 1.012483352041867013e+00 1.033331926691406277e+00 1.060776143534207572e+00 1.108931254052406556e+00 1.171864938075086071e+00 1.215621806634960222e+00 1.235462818074435809e+00 1.257150457739372840e+00 1.274176819918018566e+00 1.368747332317765464e+00 1.390706431244863372e+00 1.430918186384283919e+00 1.472438433669274183e+00 1.545547356779502612e+00 1.571371438148295940e+00 1.612469073375366380e+00 1.642740823578013210e+00 1.696264385828238019e+00 1.704685641338331781e+00 1.739651173573574017e+00 1.847101985069548924e+00 1.939132053294646774e+00 1.987846077052099147e+00 2.036721959813192928e+00 2.196947584987213986e+00 2.363557967214295452e+00 2.580290682256603851e+00 2.685828263093740897e+00 2.727562618794419524e+00 2.833119252655916132e+00 3.054021074495518295e+00 3.160134562035335826e+00 3.230466983350813948e+00 3.307051804847886967e+00 3.445651100299797154e+00 3.641528271888045509e+00 3.788574672502287299e+00 3.831044486212568767e+00
-2.202252691346100189e-01 -1.320627386929034697e-01 2.438607203770088439e-01 2.962376579501680984e-01 3.327941262295473490e-01 3.799661716953768309e-01 4.096675156367199921e-01 4.249312652315153649e-01 4.619701266063407363e-01 4.909507739658031111e-01 5.217919360513499916e-01 5.759054724637704403e-01 6.465936700340010335e-01 6.738729128843494731e-01 7.443624097976740961e-01 7.780779134135804576e-01 8.048791698998218891e-01 8.078543841276365489e-01 8.458009820964862424e-01 8.634546440862512773e-01 9.342814593367497755e-01 9.881510532066570818e-01 1.012409882927063354e+00 1.031389169212871160e+00 1.059726892721254199e+00 1.111369929402677093e+00 1.169887313741379886e+00 1.215263032479050986e+00 1.232257446418225433e+00 1.252675629300923132e+00 1.277121645632656399e+00 1.369707697996881857e+00 1.392661295193873716e+00 1.430345339942192817e+00 1.471113265305069140e+00 1.538223116256723033e+00 1.575701233622424313e+00 1.611910552101775362e+00 1.635079367992386512e+00 1.694465020675433697e+00 1.718305881688796388e+00 1.741189769685232092e+00 1.846735202850025459e+00 1.939515218433764510e+00 1.988204469431145149e+00 2.036534124547679792e+00 2.196919959385698728e+00 2.363610228071223673e+00 2.580898494652218655e+00 2.685660523835003755e+00 2.727185571387684693e+00 2.834572133581596542e+00 3.053475879573340546e+00 3.160300654389768038e+00 3.229805336059416110e+00 3.307226267533841302e+00 3.444962889750775137e+00 3.641367994617491721e+00 3.788013548595889457e+00 3.827986603269290189e+00
-2.130192372382826160e-01 -9.746988794669456113e-02 2.362334679392954218e-01 2.981479672301314277e-01 3.308373903720195353e-01 3.715229181682319637e-01 4.120471899736620203e-01 4.235736844528468215e-01 4.671703799140224378e-01 4.825842380897241712e-01 5.228157681016799563e-01 5.713485827953739271e-01 6.411271725799164711e-01 6.753431046137240434e-01 7.443285767893101923e-01 7.745101146240539469e-01 8.075116284878773865e-01 8.116353307517818472e-01 8.372338949752736736e-01 8.648119400880313057e-01 9.350226185923067312e-01 9.833247378757654644e-01 1.011705923011902986e+00 1.025756157182350359e+00 1.059038714685426985e+00 1.115932442304569561e+00 1.164699527417609071e+00 1.213944773898684382e+00 1.222379281513119142e+00 1.244968725575363200e+00 1.282061699637422114e+00 1.372263613215517930e+00 1.395760581073735684e+00 1.429584738315960779e+00 1.467246171510739439e+00 1.523747405207411587e+00 1.581995236542716121e+00 1.607308401063627823e+00 1.627280386922832722e+00 1.694910613524186926e+00 1.735928780996398801e+00 1.751418488505853244e+00 1.845737518399751531e+00 1.940645912575853727e+00 1.989199091029492328e+00 2.035990099475689874e+00 2.196827483650130031e+00 2.363753447708799360e+00 2.582692790103832792e+00 2.685203469791884956e+00 2.726266672898708610e+00 2.838633152598703635e+00 3.051903016964253368e+00 3.160484403950090115e+00 3.228185226600343238e+00 3.307601290190211873e+00 3.442921484246192598e+00 3.640832400276206471e+00 3.785972539131874814e+00 3.819320277003707353e+00
-2.023811867451734969e-01 4.505746332628048773e-02 2.265467882839187486e-01 2.949124537842268134e-01 3.292028936969968456e-01 3.629124853162456477e-01 4.099262190573386699e-01 4.238917931924284788e-01 4.672146810371750614e-01 4.796241266179449569e-01 5.234559463172424598e-01 5.646802191955919703e-01 6.341954787190019482e-01 6.773229884121633182e-01 7.413768075432887183e-01 7.709668911785126921e-01 8.063206412197378992e-01 8.177873868525904477e-01 8.259234059712216025e-01 8.667147306733908874e-01 9.358664616060761166e-01 9.763555058556735444e-01 1.008561597170254842e+00 1.019494163755997551e+00 1.060553975400848170e+00 1.117769660166860968e+00 1.158596457046555450e+00 1.204627008020214163e+00 1.214301922932556455e+00 1.237688002488181116e+00 1.287027789912992937e+00 1.372137309716421338e+00 1.397872815279525005e+00 1.428771943650992249e+00 1.463045009906715155e+00 1.509998426956135953e+00 1.585071034666560852e+00 1.599245894623426034e+00 1.629450520578051620e+00 1.696654485190253858e+00 1.742122362851024953e+00 1.775931454076909777e+00 1.844411666301716046e+00 1.942473281185761902e+00 1.990624873936696959e+00 2.035142718470312584e+00 2.196644910256097205e+00 2.363955809704802125e+00 2.585586624708456238e+00 2.684620603919259274e+00 2.725249795618375881e+00 2.844589482593135710e+00 3.049469059675121496e+00 3.159850566578174647e+00 3.226473970453320739e+00 3.307861626735695282e+00 3.439601966968422797e+00 3.639779749347665572e+00 3.780534024233855650e+00 3.807409242999122867e+00
-1.916044907273311282e-01 1.212796854919027112e-01 2.175168137321031037e-01 2.836984006096509026e-01 3.277092561311528707e-01 3.561711464686576623e-01 4.047281919252800342e-01 4.196077870773729512e-01 4.651539063434222965e-01 4.844579309936214995e-01 5.246603002417348227e-01 5.574088987641233617e-01 6.272038192253093225e-01 6.793124893810957854e-01 7.337707066655342336e-01 7.684093987302512696e-01 7.968067814325935361e-01 8.136947396331091209e-01 8.269511418153230320e-01 8.692897463057118745e-01 9.361777493382360538e-01 9.684299946547406668e-01 1.001262259655006037e+00 1.016682260626698531e+00 1.062857900710657555e+00 1.113847153268950452e+00 1.153872773843085620e+00 1.187823552776390512e+00 1.211195072775309356e+00 1.230987771416527154e+00 1.291817463224716800e+00 1.362999695477737250e+00 1.401473066889320496e+00 1.425885505995026614e+00 1.463606596474316568e+00 1.500716331169257067e+00 1.583293058428112854e+00 1.595107948721813163e+00 1.636107808446916279e+00 1.698928742690062332e+00 1.746732122162151901e+00 1.801555994091836865e+00 1.843332295013915489e+00 1.944928846447258275e+00 1.992238099973216769e+00 2.034064832570844583e+00 2.196341233827115769e+00 2.364188575286845229e+00 2.589438174993127006e+00 2.684210645912827431e+00 2.724474166586435153e+00 2.851657249878297051e+00 3.046395805876133789e+00 3.157438346242912530e+00 3.225391597258024046e+00 3.307806850159501266e+00 3.435148553056015963e+00 3.638035969265499769e+00 3.766606443944051197e+00 3.798080512398987363e+00
-1.866118486040598823e-01 1.580774332998225173e-01 2.132545902245513436e-01 2.679171457947929769e-01 3.227229994585582018e-01 3.516923429982551363e-01 3.957791823119834462e-01 4.119159788746449280e-01 4.680924058486821693e-01 4.911156363591847041e-01 5.271735545770982467e-01 5.518824374921803555e-01 6.207605358342110913e-01 6.808322570493284820e-01 7.224003136244702139e-01 7.638741745862177579e-01 7.784223507806754538e-01 8.122219712122467072e-01 8.296992871420675320e-01 8.720058183118378770e-01 9.351179921547720930e-01 9.608850340034872373e-01 9.923293874711773821e-01 1.016213789389297739e+00 1.062753769151392413e+00 1.106250306904344116e+00 1.149249876705626949e+00 1.173803155566729428e+00 1.206314429469521388e+00 1.225857761106616817e+00 1.295450713551669519e+00 1.348683217712020488e+00 1.402155901806808602e+00 1.426395083099215366e+00 1.467809553177623627e+00 1.496000951684281821e+00 1.579213725963430681e+00 1.594030746525128661e+00 1.644319483886617306e+00 1.701246333455074033e+00 1.751486365746568685e+00 1.823667657783581086e+00 1.844288790207643025e+00 1.947941741560307971e+00 1.993842413951469217e+00 2.032836925165195652e+00 2.195893518440975800e+00 2.364447611605229316e+00 2.594059944931241368e+00 2.684328455526887591e+00 2.724043878407551134e+00 2.859205636089090508e+00 3.042914799705443318e+00 3.152762069147748480e+00 3.224680405556167972e+00 3.307622557266186814e+00 3.429801875865283733e+00 3.635441903018919785e+00 3.742937923283353285e+00 3.793610319201617731e+00
-1.928959392654477079e-01 1.734951927964986373e-01 2.128130787769769716e-01 2.559156371570183164e-01 3.112505578745824453e-01 3.497077992023002180e-01 3.824629253619901137e-01 4.080735956010450582e-01 4.698606872767765452e-01 5.002142512558289678e-01 5.306098180978383594e-01 5.510840793215934230e-01 6.151044848049943559e-01 6.813076557996742277e-01 7.091814805829560475e-01 7.459359240847234229e-01 7.704308238227740580e-01 8.108724328310521479e-01 8.299058935109052682e-01 8.733448530433204349e-01 9.320603998513384836e-01 9.546040654690511884e-01 9.833905510492347846e-01 1.016853787869921533e+00 1.056611758355909370e+00 1.100070262311409364e+00 1.143398582026215804e+00 1.164202435508155276e+00 1.200718642177974527e+00 1.222690140723059260e+00 1.295575869178492212e+00 1.337715481342246049e+00 1.398609513192330844e+00 1.431950959871934437e+00 1.471010576199407227e+00 1.495473939512770745e+00 1.575419330984336952e+00 1.593464024207552621e+00 1.653033096114256750e+00 1.703198614774466435e+00 1.756223444007589451e+00 1.834255698522591294e+00 1.854720702193512372e+00 1.951439719270187112e+00 1.995338495353312425e+00 2.031544464712195186e+00 2.195300541146855799e+00 2.364763374126392037e+00 2.599238022983429985e+00 2.685214086290420799e+00 2.723940674246597915e+00 2.866797664152067604e+00 3.039242038584973216e+00 3.146073871851553072e+00 3.222778407552371771e+00 3.308022572043045617e+00 3.423920434931278844e+00 3.631813133947177974e+00 3.713573735693756817e+00 3.791320543891945505e+00
-2.076197485289109634e-01 1.782206644456079403e-01 2.034946193940900538e-01 2.556146829173702728e-01 2.941617094788414599e-01 3.496560527212133063e-01 3.693710585239666222e-01 4.069497095019731225e-01 4.684084862750919065e-01 5.088045853246072614e-01 5.350763955367620062e-01 5.565163055150215143e-01 6.106944585456280938e-01 6.796387618444124090e-01 6.949171240613443157e-01 7.247691296393734550e-01 7.684682938367880523e-01 8.076906239090440032e-01 8.285957437651586543e-01 8.718737626991106549e-01 9.268915911750024161e-01 9.497106148382412627e-01 9.747503873786530493e-01 1.017058122989379587e+00 1.046444911668270139e+00 1.096633034525928307e+00 1.137579245966086283e+00 1.157158697956523818e+00 1.197653293981481903e+00 1.220564850366042675e+00 1.290711496833580219e+00 1.334530259508700523e+00 1.394763160232925792e+00 1.437399778700097830e+00 1.471994608296775420e+00 1.498096592037017949e+00 1.572195990817221833e+00 1.592809333147666706e+00 1.661879719198553929e+00 1.704501900830866834e+00 1.760575549005358953e+00 1.836006784020828064e+00 1.871637103415009662e+00 1.955318400707809934e+00 1.996726514425194887e+00 2.030287019424271033e+00 2.194591071182469655e+00 2.365193745128038039e+00 2.604760179500066553e+00 2.686811786741770902e+00 2.724223965646638934e+00 2.874122525985051801e+00 3.035572113323935284e+00 3.138049964307191519e+00 3.217522441937807454e+00 3.310009189105213245e+00 3.417963767860631386e+00 3.626565518192495396e+00 3.681831146104522556e+00 3.789939954850340520e+00
-2.196242769284700025e-01 1.709689595953373664e-01 1.932971530728832266e-01 2.558174726629689477e-01 2.791960813178892553e-01 3.455712724081294041e-01 3.626420882446398930e-01 4.058407457250240991e-01 4.656628676219471408e-01 5.147350449946220818e-01 5.385977083674449162e-01 5.669840165219048878e-01 6.086309181210914909e-01 6.741151863219898566e-01 6.787170640127785370e-01 7.125390125031777488e-01 7.676748257011293264e-01 8.021705477381747551e-01 8.264861579675907288e-01 8.676895150643291199e-01 9.195605326800680990e-01 9.460195651793991134e-01 9.662411943448537821e-01 1.013057026882092426e+00 1.040871608812325988e+00 1.094379122526932147e+00 1.129529721167693790e+00 1.154524904963850185e+00 1.198147149633698394e+00 1.218905218084279429e+00 1.283421315586611655e+00 1.336484325468640266e+00 1.391904374599154615e+00 1.440260989650454793e+00 1.472310659773682584e+00 1.501677488757935830e+00 1.569382717878328615e+00 1.591883601197220388e+00 1.670614860357397591e+00 1.705099846676696007e+00 1.764216147079807895e+00 1.836808164413617828e+00 1.886919236263963517e+00 1.959377632426596128e+00 1.998066409217635453e+00 2.029189545651526316e+00 2.193822327309229880e+00 2.365801727729194948e+00 2.610442364541576854e+00 2.688658253596993841e+00 2.725182940756897487e+00 2.880902994146795404e+00 3.032082574080339210e+00 3.129374576353708193e+00 3.207527148849675935e+00 3.314131883807004630e+00 3.412413462298235611e+00 3.616784752552778759e+00 3.652650264180416606e+00 3.789099986844281620e+00
-2.180473595277175880e-01 1.517216899231316196e-01 1.831491349487248954e-01 2.476035765044393988e-01 2.748514568976772598e-01 3.357404476470277621e-01 3.632744786317682606e-01 4.025391473214447458e-01 4.643565722571572629e-01 5.195763420452338410e-01 5.378866612895297772e-01 5.788614366948017231e-01 6.098934211776172454e-01 6.599831357816475785e-01 6.691549167194722481e-01 7.093163584470493221e-01 7.677873244093071925e-01 7.947342339391735289e-01 8.233931081369901817e-01 8.628181100620996302e-01 9.100894307417818352e-01 9.423481847374418630e-01 9.585757952920251901e-01 1.005257935833799410e+00 1.042667649428948184e+00 1.092746011337776935e+00 1.119699081107077943e+00 1.155838394803960334e+00 1.201014137091832357e+00 1.217757749848217497e+00 1.276114811543680228e+00 1.339922854114961481e+00 1.390101946362977348e+00 1.440367232279907039e+00 1.472749947273234827e+00 1.504757965933263497e+00 1.566898326047114098e+00 1.590603519819652867e+00 1.678670125293861615e+00 1.705365663801456488e+00 1.766967944035191529e+00 1.837850625797344817e+00 1.899278076419495420e+00 1.963277524186802125e+00 1.999408615298742031e+00 2.028396245733556480e+00 2.193067462424665770e+00 2.366626017499514845e+00 2.616137631557564625e+00 2.689965444327938382e+00 2.727299021486089270e+00 2.886837504278007671e+00 3.028937083764420279e+00 3.120514267698042410e+00 3.193115570677418358e+00 3.320003051205149269e+00 3.407656775148293349e+00 3.594947371479153553e+00 3.635447998494731436e+00 3.788660329637766555e+00
-1.960331857436668490e-01 1.292782287834537969e-01 1.620632612905078540e-01 2.426578450108725082e-01 2.710438813342133102e-01 3.282369890680814084e-01 3.641362458907433375e-01 3.969259944082515479e-01 4.658246634320048485e-01 5.237457207876198284e-01 5.347814381655831006e-01 5.882396331526633659e-01 6.123771988290568347e-01 6.486023332668110486e-01 6.634829310101182376e-01 7.093491786599713800e-01 7.680009453771969863e-01 7.867833152094075855e-01 8.189329967816700862e-01 8.597701564219049075e-01 8.991300988692028096e-01 9.366116025256562283e-01 9.538798707679829736e-01 9.983150718418293268e-01 1.047356743167720650e+00 1.091239224266793206e+00 1.111373755892474557e+00 1.158520856848062719e+00 1.204037934278620048e+00 1.217690761030850721e+00 1.269575869442740590e+00 1.343018215806878857e+00 1.389204080236761563e+00 1.438812002297807924e+00 1.472813600210291840e+00 1.506792978669229566e+00 1.564825706506697500e+00 1.589018239261373200e+00 1.684682274716949646e+00 1.706499290679461378e+00 1.768818495514412836e+00 1.839157691558867658e+00 1.908783524712036161e+00 1.966610227416766721e+00 2.000727552128720887e+00 2.028028122900535024e+00 2.192396108094068818e+00 2.367655286391776581e+00 2.621718430885122242e+00 2.690044312275637672e+00 2.730871910667010738e+00 2.891611748030583851e+00 3.026275103980910153e+00 3.111615332766262565e+00 3.176157718788929607e+00 3.326665484848225773e+00 3.403898644648026828e+00 3.564905020009927039e+00 3.628231120701800538e+00 3.788529156203689130e+00
-1.509482450774966289e-01 1.062961491154911231e-01 1.324844309478160898e-01 2.414094363486818107e-01 2.658981268184635316e-01 3.252421508112136594e-01 3.621905182760964403e-01 3.926355219480957559e-01 4.686983448687596088e-01 5.249458482949982407e-01 5.358385027694174685e-01 5.932840128133787250e-01 6.111593905052115083e-01 6.458790487054397733e-01 6.613749154106643990e-01 7.092418057224305628e-01 7.652112750795180274e-01 7.817586802067045815e-01 8.131133489728261665e-01 8.595189459811840571e-01 8.882157125825144162e-01 9.294022909100341234e-01 9.519970991841015806e-01 9.935045445272376874e-01 1.052374482427700375e+00 1.088618945073985156e+00 1.106775159335076308e+00 1.161834597975572203e+00 1.204863369747938506e+00 1.219054036054615153e+00 1.264420622435802777e+00 1.344937589378687903e+00 1.389074983583379774e+00 1.436767688863136661e+00 1.471930756954727748e+00 1.507703352959635312e+00 1.563346712701506602e+00 1.587295300889515648e+00 1.686965042210345489e+00 1.710085462597265460e+00 1.769864283908080038e+00 1.840531552909628887e+00 1.915866221250337897e+00 1.969083051868329992e+00 2.001918855180882417e+00 2.028110383398835648e+00 2.191856205870805763e+00 2.368815816351286241e+00 2.627037352749372445e+00 2.688783859700016432e+00 2.735595286576034013e+00 2.894985189052004859e+00 3.024180614149237556e+00 3.102522539175216920e+00 3.159403940169569935e+00 3.333159131323910618e+00 3.401142663606322447e+00 3.535257204642035411e+00 3.624215503216204226e+00 3.788616793741355071e+00
-8.872885204243141644e-02 8.374241510704907854e-02 1.000633550520316772e-01 2.413565645164977014e-01 2.670227428102995293e-01 3.236528793176720042e-01 3.582798882601999635e-01 3.936565621097692924e-01 4.710189019799703170e-01 5.251744867196709299e-01 5.417678626125225216e-01 5.947111006663440280e-01 6.052372277842514858e-01 6.493668185739536192e-01 6.637889982957104751e-01 7.074965416478260494e-01 7.585641300449685875e-01 7.806649817650592738e-01 8.062033052820425372e-01 8.609837992780036142e-01 8.793693391325126951e-01 9.230750960302285257e-01 9.512122926703451276e-01 9.905333545991067412e-01 1.056812298437951991e+00 1.084225880355475846e+00 1.106205866679980332e+00 1.165906116167416018e+00 1.203304378689673770e+00 1.220104792875571720e+00 1.261530067051733317e+00 1.345461510332426336e+00 1.389558245867038577e+00 1.434941920012209993e+00 1.470090763802538891e+00 1.507704645185948822e+00 1.562575165506991270e+00 1.585645334601446521e+00 1.686111649377222577e+00 1.715517864046506302e+00 1.770254786479599884e+00 1.841762001161955542e+00 1.920991025105603933e+00 1.970645436434810271e+00 2.002877105760756393e+00 2.028525480531782499e+00 2.191465183198495925e+00 2.369977513006793490e+00 2.631878010405321433e+00 2.686629088461418569e+00 2.740642570219417706e+00 2.896919489311478912e+00 3.022644986271184386e+00 3.093185233114763566e+00 3.145574065019809407e+00 3.338773538121754481e+00 3.399231754546641504e+00 3.509587270411966831e+00 3.621550982156689802e+00 3.788827422802292677e+00
-3.784214099718735680e-02 5.768694678640421541e-02 7.347429726951351658e-02 2.476085050777611096e-01 2.730761154750516173e-01 3.203970528548248931e-01 3.568472497079759331e-01 4.004565687361161808e-01 4.726095025399375538e-01 5.265213210715693481e-01 5.493647009035527162e-01 5.949185982245275284e-01 5.968637313539795208e-01 6.554524241700617759e-01 6.687966200275937689e-01 7.035812082441835758e-01 7.524352655051506078e-01 7.792111682881632806e-01 7.993085898626212105e-01 8.616243957908269469e-01 8.746278867681513969e-01 9.190466960467460478e-01 9.507723299256740646e-01 9.888726741320856828e-01 1.060584163380058786e+00 1.079042381395373340e+00 1.107748824040212465e+00 1.170742953995432378e+00 1.200307526027945215e+00 1.219302755239550784e+00 1.261131004690514201e+00 1.344946563364889158e+00 1.390361781756045412e+00 1.433617031826612154e+00 1.467835329786605580e+00 1.507212019767415700e+00 1.562410330480216825e+00 1.584265121230317375e+00 1.684158318201510074e+00 1.720793142372094131e+00 1.770190272848327639e+00 1.842703555050643427e+00 1.924495539997061577e+00 1.971460250639468503e+00 2.003558785865599656e+00 2.029053456728334481e+00 2.191213539276419375e+00 2.370977573596913413e+00 2.635907569328847622e+00 2.684262446263606439e+00 2.745066076310695102e+00 2.897672824025442573e+00 3.021577071995652730e+00 3.084482541936980571e+00 3.136134490029527377e+00 3.343061816148511500e+00 3.397941902840411199e+00 3.489912219260973725e+00 3.619780029217628758e+00 3.789065097347476652e+00
-2.792752923800978504e-02 2.741115329260028835e-02 4.874805683094664277e-02 2.565513564143778735e-01 2.766157701702443017e-01 3.168899887691442041e-01 3.577408103192069588e-01 4.098368828494130534e-01 4.741574282499246840e-01 5.273026862620452393e-01 5.573857812725074856e-01 5.855109847270641987e-01 5.981852964893850100e-01 6.603962186243438337e-01 6.755410109343853442e-01 6.974616955411419017e-01 7.492930531238390923e-01 7.755200451527284322e-01 7.948662090820570736e-01 8.604739261177866139e-01 8.738187001777760754e-01 9.173765207663544530e-01 9.505126504402957588e-01 9.880606945401146923e-01 1.063961198950992726e+00 1.074134334278401548e+00 1.109474868271173253e+00 1.175607626200002143e+00 1.196746536677128825e+00 1.217604800808396615e+00 1.261975140498888814e+00 1.344138175110087152e+00 1.391080995636445383e+00 1.432839789298782085e+00 1.465990327779236768e+00 1.506685614177631694e+00 1.562546148194219331e+00 1.583332495906482507e+00 1.682497179512887353e+00 1.724509157241562285e+00 1.769945638131091847e+00 1.843283974081721288e+00 1.926558218454105464e+00 1.971789847864900969e+00 2.003964433297400483e+00 2.029471154579228998e+00 2.191077663373987239e+00 2.371656410312773300e+00 2.638662141564676933e+00 2.682411268057085074e+00 2.748068948830435954e+00 2.897758405595725950e+00 3.020904155272001290e+00 3.078230575816049086e+00 3.130943325041398939e+00 3.345754213984407421e+00 3.397132572065096223e+00 3.477599611786059697e+00 3.618753537104977269e+00 3.789246217632965763e+00
-2.492886877512027382e-04 -1.470658273888479075e-04 -2.965649574447236162e-08 2.609694231276587506e-01 2.765016742045755538e-01 3.156264015644904553e-01 3.582742926540342099e-01 4.143366111114861194e-01 4.750135209281551862e-01 5.273258797512754281e-01 5.622549598324378950e-01 5.796680323157126224e-01 5.994049566050332345e-01 6.619517954154181538e-01 6.809994080467611788e-01 6.924074459680209515e-01 7.486739527997160470e-01 7.731053385077052420e-01 7.935792878162605257e-01 8.597585946634909160e-01 8.739462690193006145e-01 9.170396476999252977e-01 9.504248998779246671e-01 9.878182902856044167e-01 1.066136957744384661e+00 1.071314997667744739e+00 1.110188603000076712e+00 1.178061556503678275e+00 1.194775353669809137e+00 1.216789624852132601e+00 1.262471179341029037e+00 1.343767491226350197e+00 1.391366182335136203e+00 1.432585488033436327e+00 1.465280212068367671e+00 1.506468493902404004e+00 1.562641578019401178e+00 1.582999600915075744e+00 1.681864213741949943e+00 1.725846036975655640e+00 1.769817751387257276e+00 1.843478902239476636e+00 1.927242098512754964e+00 1.971868365194845429e+00 2.004099401527428714e+00 2.029627611246196839e+00 2.191035332513243450e+00 2.371897032428912144e+00 2.639655247545310335e+00 2.681704876397179582e+00 2.749130267151244755e+00 2.897710105161737104e+00 3.020663018860135107e+00 3.075970328498785822e+00 3.129314486305606824e+00 3.346675332601047881e+00 3.396840849193235368e+00 3.473418916874837059e+00 3.618416232814112732e+00 3.789313410447959996e+00
1.914841206330692228e-02 3.632100004344273464e-02 5.699291318391561112e-02 2.598150982889787519e-01 2.779248147915616696e-01 3.160740351320677766e-01 3.596556471827488943e-01 4.140760213940937184e-01 4.745317268213473105e-01 5.287830941099490589e-01 5.578502238546505509e-01 5.799443140298968791e-01 6.010640597922841666e-01 6.624821894299719460e-01 6.818071725108747483e-01 6.925204958847643866e-01 7.472422797346015555e-01 7.720034709270759965e-01 7.953426929095270825e-01 8.573405742298074728e-01 8.756780649460595978e-01 9.171453787327140672e-01 9.508959455530401339e-01 9.854759677991185018e-01 1.064499096083315610e+00 1.072019777553905318e+00 1.110230772883622041e+00 1.180240330976494167e+00 1.193929736079031523e+00 1.216273480794229478e+00 1.264799888355077284e+00 1.342740566389421408e+00 1.390725196872246050e+00 1.434452374231184102e+00 1.465125178826475416e+00 1.506233636567337664e+00 1.563277207057435447e+00 1.583497905336692879e+00 1.680729515322515910e+00 1.725891494403170245e+00 1.771634266638753674e+00 1.845164383918429296e+00 1.927809028417785564e+00 1.971518559935566017e+00 2.003937002601131834e+00 2.029121732957270385e+00 2.189884695062155107e+00 2.372391073886410240e+00 2.639144468920167075e+00 2.681682163550783482e+00 2.749329352875722332e+00 2.898149607300898101e+00 3.021609595046803154e+00 3.076454673510401250e+00 3.128304121505246727e+00 3.347870495146892722e+00 3.400093177194727367e+00 3.473662818855740131e+00 3.618772508112923614e+00 3.789234972312149452e+00
4.550097692327788323e-02 6.782468450477632804e-02 1.118463812732779228e-01 2.575743311439838701e-01 2.815906163770131587e-01 3.174362145466572138e-01 3.632814896087854240e-01 4.132291787225905177e-01 4.731729489355279705e-01 5.323194620586365611e-01 5.490661244071596281e-01 5.788369414747378539e-01 6.047985604193205633e-01 6.637029975056500941e-01 6.837465003532354757e-01 6.934299743147185335e-01 7.434631257197048537e-01 7.698749651158093288e-01 7.991987045448450955e-01 8.515883727841508932e-01 8.793099836802088509e-01 9.176823220945921067e-01 9.523616852674127164e-01 9.791352085107317693e-01 1.062175052946888298e+00 1.071223053463609354e+00 1.111182520111103411e+00 1.182344550825418006e+00 1.194664444809351966e+00 1.215443857022295182e+00 1.271040426783605293e+00 1.339994160297174330e+00 1.388902720666254531e+00 1.438994996064558718e+00 1.465062042538873843e+00 1.505754130564660453e+00 1.564902233169986001e+00 1.585028656037934303e+00 1.677599605668188332e+00 1.725918717082456366e+00 1.776858925116881371e+00 1.850033786351933163e+00 1.929523278372436979e+00 1.970518145624124751e+00 2.003409436417677991e+00 2.027740107618595466e+00 2.186520405791675170e+00 2.373819706414428410e+00 2.637641437629637764e+00 2.681750106760347752e+00 2.749859403964202809e+00 2.899136184359503154e+00 3.023899848144933067e+00 3.077758784705310280e+00 3.126458445832254185e+00 3.350919055669191682e+00 3.409432716448890233e+00 3.474470061989587411e+00 3.619778643263766416e+00 3.788997692988152366e+00
7.088613317414262094e-02 9.840889780304611090e-02 1.624061115814656453e-01 2.557855662406777753e-01 2.874955518145633770e-01 3.196948208396540037e-01 3.678565392630407938e-01 4.117599232539600473e-01 4.711986496521342604e-01 5.311213013765875290e-01 5.462788886108840281e-01 5.760499846103674937e-01 6.084704938415381736e-01 6.645620081721345107e-01 6.853609036597206883e-01 6.964448975479555770e-01 7.388724859169900627e-01 7.682438217019155191e-01 8.030474869593511311e-01 8.439386478923985857e-01 8.833142417049399953e-01 9.191952980130990714e-01 9.548694067760336024e-01 9.705158915502493100e-01 1.060590982103541524e+00 1.067730572366048181e+00 1.113166402336912553e+00 1.177931959202573875e+00 1.201539209217776794e+00 1.215680661630902160e+00 1.279667221406596722e+00 1.336291159874651857e+00 1.386191496041055515e+00 1.443529989824963167e+00 1.466160780893293270e+00 1.505596370916647775e+00 1.566854994412880009e+00 1.587583712064641661e+00 1.673223277367696271e+00 1.725652368823253680e+00 1.784916685275177439e+00 1.857483385279094179e+00 1.932382183069815573e+00 1.969062852470843561e+00 2.002439899310088478e+00 2.025855143962288718e+00 2.181182283064572847e+00 2.376027685600640371e+00 2.635261595988140026e+00 2.682177094507433690e+00 2.750565418371822446e+00 2.899920164795685373e+00 3.026217958190998925e+00 3.078829208965870201e+00 3.127149446487411666e+00 3.354706031806069522e+00 3.423421769572825291e+00 3.476143727236269854e+00 3.621262219471266253e+00 3.788599420445092569e+00
9.595441012649982837e-02 1.276394638597563302e-01 2.052049568577532235e-01 2.554890568384174943e-01 2.969697730887661535e-01 3.225065741212029824e-01 3.720662254357683940e-01 4.100911419644902578e-01 4.689199197825983934e-01 5.223916058283939456e-01 5.532653292189146921e-01 5.730353128832702536e-01 6.111511512127121293e-01 6.637153440762841861e-01 6.858538851533804159e-01 7.006540710700861485e-01 7.362057129157203450e-01 7.679396154867625945e-01 8.053715297246613058e-01 8.353998507579190047e-01 8.870002040567033230e-01 9.222450421034902313e-01 9.563955716282409591e-01 9.635933048494138564e-01 1.058602349943696286e+00 1.063635319645888755e+00 1.114480593362041194e+00 1.170851953712179094e+00 1.209438618415989541e+00 1.218626199120347975e+00 1.289027770473810897e+00 1.332513931712496991e+00 1.383037890157356786e+00 1.445672363325542387e+00 1.468939198528715018e+00 1.506430730426763009e+00 1.568454822933860404e+00 1.590853233563430891e+00 1.668679660856588809e+00 1.724779715055579921e+00 1.795068909525187273e+00 1.866428336547885092e+00 1.936073749479410244e+00 1.967760542899958720e+00 2.001055122277122233e+00 2.023946440577128136e+00 2.174210783413176973e+00 2.378775132153797323e+00 2.632238409704259485e+00 2.683109371715191482e+00 2.751288185241743900e+00 2.899845697197551253e+00 3.027463507716434687e+00 3.077614233231405816e+00 3.134192745101299860e+00 3.358220743650248696e+00 3.439368132588865645e+00 3.479540221629484176e+00 3.622983808368719139e+00 3.788047784205305302e+00
1.202040392995588902e-01 1.555429633779831511e-01 2.322706150311724671e-01 2.606218014366438185e-01 3.114225023248405888e-01 3.252837884909175470e-01 3.754384958026857344e-01 4.097612544783069133e-01 4.663704696316551268e-01 5.143209693895578472e-01 5.593696747017599114e-01 5.732846087656960909e-01 6.130908345138600390e-01 6.602421284447236305e-01 6.855708074441645428e-01 7.018248001823328419e-01 7.390004213527724408e-01 7.691783121429471848e-01 8.045962004786073596e-01 8.280682064079305515e-01 8.899814940515902162e-01 9.270396178637515527e-01 9.495158385614189678e-01 9.673056458096267463e-01 1.053018005386427314e+00 1.062583302238486294e+00 1.113344119107244623e+00 1.163836733251168987e+00 1.215018751503271988e+00 1.226003078512822642e+00 1.297134970939321175e+00 1.329801550213431049e+00 1.379938392556573357e+00 1.445561375920733971e+00 1.471882520634031133e+00 1.508672227601800531e+00 1.569173046537865268e+00 1.594147976944300327e+00 1.665240019521623482e+00 1.723059152671195804e+00 1.806544530486044575e+00 1.875443656914781876e+00 1.939019286686304744e+00 1.968354323427997876e+00 1.999588128802324061e+00 2.022389860054950361e+00 2.166006231593671671e+00 2.381768091969817647e+00 2.628893600315547197e+00 2.684453672825517945e+00 2.751912805888428348e+00 2.898712414827346429e+00 3.027506326091989219e+00 3.073733680794968226e+00 3.147938276904416188e+00 3.360738232441384810e+00 3.453188099510414499e+00 3.486637183524577743e+00 3.624694931561470490e+00 3.787372324296609083e+00
1.424733804819461325e-01 1.820797086516431351e-01 2.383948174929750863e-01 2.739766814479643875e-01 3.205396484944024738e-01 3.360266165004116012e-01 3.779129125203016804e-01 4.141398657103171899e-01 4.633512110124019534e-01 5.085571585243335857e-01 5.591570395479277256e-01 5.800671872308450494e-01 6.151847583814578080e-01 6.541218979732886796e-01 6.837736252779160750e-01 6.993093049500550551e-01 7.463452626573715554e-01 7.713699509331952697e-01 8.004699531701242599e-01 8.243448425971230398e-01 8.921835919131052561e-01 9.331549441585881288e-01 9.419363998292668017e-01 9.748201189000779143e-01 1.045593794851797487e+00 1.062738016532954521e+00 1.108997073025501212e+00 1.158365184988687790e+00 1.219052512490771178e+00 1.236446770221364622e+00 1.301442806612381098e+00 1.329860703920470844e+00 1.377299179517592842e+00 1.444434231690793435e+00 1.473471695675902193e+00 1.512100154864743917e+00 1.568583675686667789e+00 1.596725205501295708e+00 1.664098741640266610e+00 1.720363623755751137e+00 1.818567221218990948e+00 1.883340673155161404e+00 1.938237070885731272e+00 1.973176682926278458e+00 1.998879090322854823e+00 2.021320569520841826e+00 2.157036282306324271e+00 2.384698705736752800e+00 2.625568976620830774e+00 2.685940628017863485e+00 2.752382023459370775e+00 2.896799245502489129e+00 3.026869487921819868e+00 3.068665327217853012e+00 3.165426785078589766e+00 3.361831225117302147e+00 3.461526023711557265e+00 3.498745922259999031e+00 3.626194294971852194e+00 3.786632154078842127e+00
1.612417272713722594e-01 2.064698920798349324e-01 2.375649318098546903e-01 2.850303527789334046e-01 3.181611955858013596e-01 3.537964247564410747e-01 3.788529313363634410e-01 4.262639754111241519e-01 4.606551505638932231e-01 5.048118106945714834e-01 5.568012481075897968e-01 5.876405154117233520e-01 6.185853786557704570e-01 6.460081009652977047e-01 6.780899701145818304e-01 6.974965104176233943e-01 7.512768008191554880e-01 7.745831315029129138e-01 7.977021316287784547e-01 8.231044870487285170e-01 8.937744239757156040e-01 9.347514792191183863e-01 9.413639990164808236e-01 9.835198948637197125e-01 1.037726005957970044e+00 1.062419534245967689e+00 1.102357874698853157e+00 1.154966119078964182e+00 1.222302122901373966e+00 1.248188041631437928e+00 1.300836357925348574e+00 1.333181396213272585e+00 1.375335129431184633e+00 1.443046710944320576e+00 1.473607883044361966e+00 1.516045953069351970e+00 1.566481612383810118e+00 1.598253996756007878e+00 1.665810806635569907e+00 1.716719879450629538e+00 1.830266442008688932e+00 1.889817988382567870e+00 1.933150740885345442e+00 1.980295703287086706e+00 2.000693306861777376e+00 2.020691096256005626e+00 2.147917359658942704e+00 2.387284431793105011e+00 2.622579879980623030e+00 2.687268606122489079e+00 2.752694415488308621e+00 2.894644511431084144e+00 3.026101802520281936e+00 3.063702445944328279e+00 3.183320835559461326e+00 3.361454290205549089e+00 3.465623396562270031e+00 3.512770025340759439e+00 3.627363832449827186e+00 3.785912722228074845e+00
1.750039772619364775e-01 2.254638859425003861e-01 2.382046998381792957e-01 2.914577418738113490e-01 3.140429825086388793e-01 3.647973261733077344e-01 3.795049776701625577e-01 4.389157612310455314e-01 4.637815492148328889e-01 5.026233444536666317e-01 5.542358329114894788e-01 5.929671056621976799e-01 6.234730719545655830e-01 6.371022329932491957e-01 6.687984053202006285e-01 6.978428688870036423e-01 7.491536523776980427e-01 7.801718666081890463e-01 7.993386168508566092e-01 8.221557093044963294e-01 8.949447042027317556e-01 9.309649238726989129e-01 9.479315718172567351e-01 9.924461240420312524e-01 1.030022955474671376e+00 1.060783229078173573e+00 1.095836917638058017e+00 1.153249374227629742e+00 1.224671872539140560e+00 1.259747057299622774e+00 1.297289035653602651e+00 1.337491778069166637e+00 1.374056561646709085e+00 1.441764994105785069e+00 1.472888205433598552e+00 1.519873827015672640e+00 1.563258105518964269e+00 1.598932332558919311e+00 1.669768714354215922e+00 1.712435101814094862e+00 1.840500766597518600e+00 1.895492193266429259e+00 1.925531398397212213e+00 1.984590866177186275e+00 2.006699810223372182e+00 2.020419783959690019e+00 2.139578264550022979e+00 2.389295494596916924e+00 2.620202372919335332e+00 2.688233781763615493e+00 2.752884781063714037e+00 2.892775816847082737e+00 3.025513984022424552e+00 3.059620452126032397e+00 3.198755497976936812e+00 3.360044026678052909e+00 3.467741126348084624e+00 3.524854322058706746e+00 3.628170515924529216e+00 3.785310312686001488e+00
1.829213365346653020e-01 2.309525240479196051e-01 2.475173368814040098e-01 2.938057925681576421e-01 3.108671375199532627e-01 3.683331038745309982e-01 3.817130779763906467e-01 4.409500161021325249e-01 4.761545081899257736e-01 5.023886147546922087e-01 5.514783733060582005e-01 5.964190487998844992e-01 6.237199857430387739e-01 6.341249931737504841e-01 6.592415579702750605e-01 6.988545836373716291e-01 7.448445133249498307e-01 7.852049615312332032e-01 8.028511152154997887e-01 8.208226963645952612e-01 8.957262804523377087e-01 9.288037888040675538e-01 9.530031400153832211e-01 1.000584835908584047e+00 1.023142497281596341e+00 1.058100619292117628e+00 1.091683628833792108e+00 1.152550855067533186e+00 1.226091617024154257e+00 1.269191727447458895e+00 1.293022172304127304e+00 1.340707911358677062e+00 1.373354199517720531e+00 1.440842561077957829e+00 1.472039744114981508e+00 1.522895026105834049e+00 1.560122997608132112e+00 1.599153487868666845e+00 1.674150617767979909e+00 1.708430761250803176e+00 1.847739587489370505e+00 1.901418713382460268e+00 1.916981065737617174e+00 1.985859193142823553e+00 2.013382582817472954e+00 2.020527229890489274e+00 2.133422776332717152e+00 2.390567202961040749e+00 2.618666881469877694e+00 2.688781649864451673e+00 2.752989194559107844e+00 2.891546505417254664e+00 3.025189384937095660e+00 3.056935058314610210e+00 3.209283318067229107e+00 3.358495677799467671e+00 3.468826107910737200e+00 3.532813592683125226e+00 3.628634376900264691e+00 3.784910562869920447e+00
1.853836003118282671e-01 2.314310159650681264e-01 2.529944540491584903e-01 2.939128704414361581e-01 3.097970131102542046e-01 3.687772663792598937e-01 3.830055844285436550e-01 4.403512446451309237e-01 4.821403143951716319e-01 5.033990058743510465e-01 5.498910267173664490e-01 5.980306304914599913e-01 6.202295573214245961e-01 6.369947276273767445e-01 6.542988860112167737e-01 6.993432147777131069e-01 7.429748739074524266e-01 7.870901472289758560e-01 8.046641985976499267e-01 8.200174850584848185e-01 8.960100381077559240e-01 9.281503013817705705e-01 9.548960419880101469e-01 1.004857600538190621e+00 1.019463236285949703e+00 1.056656356016380638e+00 1.090385027744346758e+00 1.152377000303248744e+00 1.226562277501332066e+00 1.273378827503194533e+00 1.290666032861945922e+00 1.341870865450878414e+00 1.373129854527717519e+00 1.440501749103789253e+00 1.471674489302041700e+00 1.524108274496190241e+00 1.558772449089855794e+00 1.599196635348795636e+00 1.676192040711087738e+00 1.706625239593990262e+00 1.850392859597322026e+00 1.907528407675521454e+00 1.909705191254616796e+00 1.986086862457395519e+00 2.015945490703415111e+00 2.020840643253422275e+00 2.131097508794244977e+00 2.391001862180917037e+00 2.618135221890121933e+00 2.688953718954539163e+00 2.753023311541880069e+00 2.891122424934674751e+00 3.025091791975968114e+00 3.055995976862532437e+00 3.213038807863453084e+00 3.357823338157305493e+00 3.469167114363623128e+00 3.535576187697277994e+00 3.628784982553642458e+00 3.784770705948569791e+00
-1.887537428871256528e-01 -9.442716197087808183e-02 2.085229813696540535e-01 2.975451804439652181e-01 3.070110081204229235e-01 3.504923146760902664e-01 4.003348092574272599e-01 4.682438750772536795e-01 4.919125175653911164e-01 5.286805109300851679e-01 5.578227019253398922e-01 6.068023210005891732e-01 6.210801722085020904e-01 6.595977491761106926e-01 6.727822861120835718e-01 7.032720632792074378e-01 7.568725496648800455e-01 8.079317413115095770e-01 8.125399912812500958e-01 8.897652595456909674e-01 9.141147414381117775e-01 9.770354425708075441e-01 1.033973221732007897e+00 1.046654118815763646e+00 1.083637379379774002e+00 1.088663034092392845e+00 1.124585445979035425e+00 1.171616841153801492e+00 1.225414650370856506e+00 1.291524239624081805e+00 1.317909239750931549e+00 1.366361400930209413e+00 1.392876682983037906e+00 1.437495959546172264e+00 1.484236520351299715e+00 1.559857606304291489e+00 1.578686831417735137e+00 1.599850372078228222e+00 1.612288494976032771e+00 1.696651459333530232e+00 1.733862625746650288e+00 1.814019092822993340e+00 1.860479351435832873e+00 1.910405626924396083e+00 2.021269870130959934e+00 2.033417424245492100e+00 2.140481492819668929e+00 2.370472468624351237e+00 2.571253601727918614e+00 2.717265916257353364e+00 2.767907334901408500e+00 2.819459105836786161e+00 3.096046312829173974e+00 3.123581604894568375e+00 3.240353423809060551e+00 3.342152825448322151e+00 3.499974286352606434e+00 3.636147694873770320e+00 3.798356850128326023e+00 3.831778869158034340e+00
-1.848065321099129632e-01 -9.343206817141221088e-02 2.104123752690005567e-01 2.974311249485917519e-01 3.053325437164183809e-01 3.515380355692065417e-01 4.003556144331047451e-01 4.676647898146560345e-01 4.900287946768855929e-01 5.291474544899480437e-01 5.536442225036380949e-01 6.079894844310961277e-01 6.223680091055997510e-01 6.576811299831452073e-01 6.757747935042365262e-01 7.062710236226370508e-01 7.571493828166718787e-01 8.035940950268836147e-01 8.147996951243623442e-01 8.895125030276369582e-01 9.141588609471295035e-01 9.749082573200418267e-01 1.032768604964015235e+00 1.044613850507056352e+00 1.079867559704686730e+00 1.092213749427867420e+00 1.125554142271336877e+00 1.171793239091774463e+00 1.225805736071062579e+00 1.290281764455326829e+00 1.315097832434878988e+00 1.367775832632726729e+00 1.393713123027935374e+00 1.437185744296936685e+00 1.484994812426081223e+00 1.554189734900706332e+00 1.577688916566355015e+00 1.601367325450711698e+00 1.612166116034614571e+00 1.694783511665626019e+00 1.739340962023880666e+00 1.813766065484361256e+00 1.862712594106836983e+00 1.910636666141140028e+00 2.021163862142115963e+00 2.032338236306769463e+00 2.141143944125216692e+00 2.370803223007577731e+00 2.571545063443475776e+00 2.716807834307749303e+00 2.768189738848008119e+00 2.819473850598381404e+00 3.096125191144889932e+00 3.124221560503102513e+00 3.239897396048048606e+00 3.341934205887654663e+00 3.499157975134976173e+00 3.636189848150863213e+00 3.797757339630551510e+00 3.829685523531619840e+00
-1.728554241584401574e-01 -9.140766621825786864e-02 2.152588811533735491e-01 2.971804656600742778e-01 3.016102355415749003e-01 3.537041168816525416e-01 4.003278859696205449e-01 4.661315811883916527e-01 4.844847557777618441e-01 5.290135068027636001e-01 5.466405686513784445e-01 6.030038928517149621e-01 6.309684004374008781e-01 6.556685355350584388e-01 6.813526735216781649e-01 7.141625221331174833e-01 7.580299517391739794e-01 7.965594100922747112e-01 8.156794967970627530e-01 8.879379151476597398e-01 9.147481370887822205e-01 9.691302078960741806e-01 1.027751668652280737e+00 1.040955643750876458e+00 1.074621712293450271e+00 1.096593094881691099e+00 1.128038501241922065e+00 1.172028283437891671e+00 1.226462771721089418e+00 1.286664170701862009e+00 1.308580573846392259e+00 1.370173445589657035e+00 1.395758177614752293e+00 1.437421610388729620e+00 1.485857454238938002e+00 1.539339344434367263e+00 1.577575010056139870e+00 1.599467080352387827e+00 1.616421772258855860e+00 1.691049152847423409e+00 1.752373216421485802e+00 1.812871171272391280e+00 1.868999607087287185e+00 1.911392449831054385e+00 2.020744289158618923e+00 2.029303719731153421e+00 2.143080144765735717e+00 2.371731436934938042e+00 2.572442948845149235e+00 2.715484128558495414e+00 2.768979107090172143e+00 2.819590500241879738e+00 3.096010325730432555e+00 3.126269622248385893e+00 3.238677458125995834e+00 3.341196288150594551e+00 3.496730942492737526e+00 3.636272044974358408e+00 3.795828558096317362e+00 3.823612350262352244e+00
-1.529733099119025275e-01 -9.036824358698075654e-02 2.209110850561047390e-01 2.960166475713949530e-01 2.995401401082179449e-01 3.554874960003840401e-01 3.996773280261843864e-01 4.638922997446419672e-01 4.759104394867910703e-01 5.257823069519430570e-01 5.436280492997545011e-01 5.929636487633356268e-01 6.404541298789728776e-01 6.571559718522551607e-01 6.881021503389567195e-01 7.241011622171192874e-01 7.596461442843150946e-01 7.891643511978648773e-01 8.133080515277261169e-01 8.831207406843424312e-01 9.167884559709096326e-01 9.613630852599598375e-01 1.018090820633891891e+00 1.038773669492130125e+00 1.069319442079727178e+00 1.099990469821623629e+00 1.131150136034874576e+00 1.171703713276273540e+00 1.226100948279185365e+00 1.280492071291283729e+00 1.302307814481615811e+00 1.369268244493965447e+00 1.399716772723728075e+00 1.439489337951170400e+00 1.483226102675773150e+00 1.522252373539746184e+00 1.578620925347884896e+00 1.596159136630108222e+00 1.623324718937485978e+00 1.687435951218926755e+00 1.768426403835107852e+00 1.811310055694180132e+00 1.877945679407946988e+00 1.912965826088920851e+00 2.019306455239485931e+00 2.025326357561848312e+00 2.146134274939992981e+00 2.373080701223231337e+00 2.574009703128515625e+00 2.713438082846892030e+00 2.770097635962903482e+00 2.820023261752853561e+00 3.094966336098037729e+00 3.129829995118018182e+00 3.237069111603084970e+00 3.339748080232309402e+00 3.492756934121499235e+00 3.636274768288870529e+00 3.791881422472227481e+00 3.814478153880935807e+00
-1.311900512792751883e-01 -8.424637288848778327e-02 2.248457605380422830e-01 2.942420514693318001e-01 3.012952210958389498e-01 3.564730287413428456e-01 3.967988380906573576e-01 4.597237801262774592e-01 4.676437133750284136e-01 5.217733348252492354e-01 5.432294406617172999e-01 5.816246918596228443e-01 6.449441877745983875e-01 6.620816080862366171e-01 6.975432475052053549e-01 7.324563012631301051e-01 7.618407338678867546e-01 7.827648668847252411e-01 8.080552539068328599e-01 8.739105984934785187e-01 9.202906930742597025e-01 9.536245214223636468e-01 1.006570606812538404e+00 1.037125823284863024e+00 1.064073946357647404e+00 1.102192090329215501e+00 1.134118271837443404e+00 1.170299509296976348e+00 1.223754213332022944e+00 1.271550582623065972e+00 1.298850366745347040e+00 1.363285992704345917e+00 1.406301699852309905e+00 1.441503740679049406e+00 1.474841739889048542e+00 1.510082789767554390e+00 1.580198513380596914e+00 1.595243095577151715e+00 1.629715399477633442e+00 1.685013498232677431e+00 1.784729350136842640e+00 1.809809444323587924e+00 1.887146126722478723e+00 1.916188239763456425e+00 2.014783662709230594e+00 2.022981027452666059e+00 2.150053833697145755e+00 2.374604348622110450e+00 2.576324566590341814e+00 2.710882733893428487e+00 2.771246167784834125e+00 2.821111501729220983e+00 3.092477415933694296e+00 3.134494899623602393e+00 3.235491770614688622e+00 3.337424473227387445e+00 3.487338691701535875e+00 3.636038391812054904e+00 3.783567129780364358e+00 3.805013491013530036e+00
-1.338664196127803963e-01 -4.121154175615645426e-03 2.256610399919460053e-01 2.941664880136721782e-01 3.046376390450227234e-01 3.573686140916194631e-01 3.895749567260208823e-01 4.524784700987960484e-01 4.642518226937917825e-01 5.192386531291557361e-01 5.421733672543114224e-01 5.708266780302480026e-01 6.469877083012440799e-01 6.655226868653200123e-01 7.099174525796996260e-01 7.355626111133063416e-01 7.615224283125620053e-01 7.812275138232985805e-01 8.015912115728004439e-01 8.612674950664318541e-01 9.240910372821394825e-01 9.472540295329306970e-01 9.954220579177500694e-01 1.034229666590170238e+00 1.059849656493515813e+00 1.102733554700178642e+00 1.136473234773612617e+00 1.167600187880393658e+00 1.220028739190769596e+00 1.260794822636163603e+00 1.296998112304832640e+00 1.355189698097778894e+00 1.412815244128878156e+00 1.438235042458055890e+00 1.469061846597213172e+00 1.502671970084652475e+00 1.582504880969370697e+00 1.596530240087727925e+00 1.634554913975253765e+00 1.684666733908629199e+00 1.796700558518479651e+00 1.812233072890274022e+00 1.893869764547341017e+00 1.922343405851397069e+00 2.007883152170682806e+00 2.022233189834792721e+00 2.154526216050915544e+00 2.376040993640427423e+00 2.579453044330693778e+00 2.708068605844554000e+00 2.772037152780757463e+00 2.823266586185070537e+00 3.088451672383598634e+00 3.139332441810206653e+00 3.234148788578631528e+00 3.334244785747396467e+00 3.480620450376052943e+00 3.635407216405630582e+00 3.768113514619471527e+00 3.798521130576335558e+00
-1.541824074279297685e-01 1.015241223924338299e-01 2.238350668392707077e-01 2.950262268053424619e-01 3.067870539065082336e-01 3.580299569525928205e-01 3.794014842105187246e-01 4.468206466614849104e-01 4.631524323123727416e-01 5.179034047233239679e-01 5.385168249206914171e-01 5.627342520397244918e-01 6.478838107045696848e-01 6.669026791387506758e-01 7.217001565418066367e-01 7.319933962021351048e-01 7.556857372730052536e-01 7.869345572163063407e-01 7.964499255956736246e-01 8.477974340638597672e-01 9.267440368558812480e-01 9.427464643531456856e-01 9.856244293679963242e-01 1.028231962158603796e+00 1.058308050125572386e+00 1.100826502858189171e+00 1.137900145884262360e+00 1.163957737646749813e+00 1.216496195259417545e+00 1.249389189838435277e+00 1.294363988636974216e+00 1.348232682300994911e+00 1.412545316320275024e+00 1.434750349612606612e+00 1.470976910580365837e+00 1.496930323441274524e+00 1.585389927810613830e+00 1.598553951756710223e+00 1.637942669420045627e+00 1.686712673852513333e+00 1.798315094568153194e+00 1.824102634798321132e+00 1.897271014623469032e+00 1.931339752049663350e+00 2.000534139146402879e+00 2.021928189065163917e+00 2.159234740874408143e+00 2.377168083429248124e+00 2.583416209897992477e+00 2.705248524837818636e+00 2.772089908514655754e+00 2.826861776950872596e+00 3.083034851918360353e+00 3.143327424042520413e+00 3.232726822638491537e+00 3.330559662521862752e+00 3.472798687843115406e+00 3.634262864589037800e+00 3.746789654076910114e+00 3.794407957591637182e+00
-1.781623055377239973e-01 1.434242579466697420e-01 2.208479339104878481e-01 2.949985456489539470e-01 3.041265510474269740e-01 3.521323031207042042e-01 3.770792937696996194e-01 4.430348900230006715e-01 4.630116261721052839e-01 5.164033048807966653e-01 5.313291597973874847e-01 5.596967763618804215e-01 6.467870391218926152e-01 6.679772218980772891e-01 7.205398792474256853e-01 7.282565896424190166e-01 7.518711638562400879e-01 7.915948255538295397e-01 7.969899307554934031e-01 8.365249601209865382e-01 9.270366873983877376e-01 9.404138791695133559e-01 9.773990135708016114e-01 1.018735626115726767e+00 1.059596554380829669e+00 1.096039565833025087e+00 1.137935624697391734e+00 1.160662123236434251e+00 1.213552916075806953e+00 1.238805529475298650e+00 1.290827718785893641e+00 1.342920872585477987e+00 1.404378219753445345e+00 1.439060240535715351e+00 1.474049858992942497e+00 1.493261035937677894e+00 1.587963973819346286e+00 1.599957448262489423e+00 1.641247868018993028e+00 1.690517339757352744e+00 1.796508610639668380e+00 1.837656612691144664e+00 1.898790713149287157e+00 1.941426387942027265e+00 1.993797009829840094e+00 2.021805253300115623e+00 2.163909543452306572e+00 2.377840541589212542e+00 2.588168326651783868e+00 2.702644002980238103e+00 2.771156856447362316e+00 2.832099899358073269e+00 3.076450708194856443e+00 3.145776356517995254e+00 3.230186344261080755e+00 3.327135033864450087e+00 3.464135043542534209e+00 3.632519355829308960e+00 3.721679099374480160e+00 3.791420767764265065e+00
-1.997057688343598369e-01 1.702587952251131687e-01 2.184665060719084839e-01 2.896041501872481660e-01 2.971055529553082719e-01 3.434915406437978325e-01 3.827652645644876173e-01 4.399006643067526756e-01 4.624652153247014730e-01 5.109628507590032731e-01 5.262059965645687898e-01 5.606614083074898947e-01 6.434528369470677855e-01 6.690176215308966112e-01 7.073131567787894758e-01 7.228426257712871061e-01 7.545223819144479815e-01 7.919170472242015313e-01 8.029865648420623225e-01 8.296416958260021124e-01 9.248333369272759841e-01 9.400452019075139498e-01 9.705533031957934709e-01 1.007097496799819192e+00 1.061509407294703777e+00 1.089545916127955927e+00 1.135963592057718907e+00 1.159392557951216762e+00 1.209364104177204524e+00 1.231674564505079950e+00 1.288248537962688012e+00 1.337494474831072200e+00 1.397155805041773391e+00 1.445183235229891672e+00 1.473585664888812374e+00 1.493742596311392612e+00 1.589224159579125217e+00 1.600018761999930428e+00 1.646001131378163063e+00 1.695041273443574692e+00 1.794360121670703245e+00 1.848548549450854228e+00 1.900063450202401638e+00 1.951247331017587294e+00 1.988450941561014096e+00 2.021821711194559779e+00 2.168356618234139166e+00 2.378007364758273123e+00 2.593588888422884153e+00 2.700414769806344761e+00 2.769190546833678823e+00 2.838947961124219876e+00 3.068955535608340224e+00 3.146405136316972495e+00 3.224962876055322614e+00 3.325005694077697083e+00 3.454956919752480093e+00 3.630019645557042818e+00 3.694232942380286655e+00 3.789169233014549221e+00
-2.146133217489454570e-01 1.830222710248592677e-01 2.181264652836797380e-01 2.738793910757002514e-01 2.930271642538712085e-01 3.399698536067370935e-01 3.873843215324373479e-01 4.371611283721595909e-01 4.575981890648102568e-01 5.035337719611473473e-01 5.265648362070618482e-01 5.633599270819285021e-01 6.388301253178100270e-01 6.686668823428556507e-01 6.928137108639422781e-01 7.175230429091408180e-01 7.558030081137522282e-01 7.935245443543820221e-01 8.067972394258720037e-01 8.276848925905087029e-01 9.209638711073483419e-01 9.408039521504768521e-01 9.646138061701826638e-01 9.951562687613009217e-01 1.060632308700156345e+00 1.084741667254454089e+00 1.131869492710805059e+00 1.160850558226686369e+00 1.202967192003911778e+00 1.229227644981241596e+00 1.287678193357048251e+00 1.331199967546005558e+00 1.393008965142078726e+00 1.450507897903797527e+00 1.470471581202642097e+00 1.496943005995943654e+00 1.588459851399616651e+00 1.599076387060082372e+00 1.652524594278842685e+00 1.699519239721063890e+00 1.792301488722926051e+00 1.855065687687269982e+00 1.902249438260707359e+00 1.960093048978407637e+00 1.985081154026786088e+00 2.021990295365368340e+00 2.172461999334811544e+00 2.377705922014284212e+00 2.599491131089814555e+00 2.698630847493410201e+00 2.766320919048693927e+00 2.847165207958338495e+00 3.060841708716727005e+00 3.145222461331092401e+00 3.215789417264625083e+00 3.324941378396445213e+00 3.445633036403724869e+00 3.626040892782025349e+00 3.666273599031521169e+00 3.787564747123145281e+00
-2.195108462812375150e-01 1.831338622434838803e-01 2.142972746430745479e-01 2.598785597710663864e-01 2.902824751860153540e-01 3.398263626533427062e-01 3.874499481357850383e-01 4.323325427012119637e-01 4.471683260241995916e-01 5.025373719453852805e-01 5.283582810483919978e-01 5.669420903275161905e-01 6.338517935566398975e-01 6.658669466000151083e-01 6.806616425840351647e-01 7.156960341945788340e-01 7.544165956175841181e-01 7.940976555546352955e-01 8.091297663413494767e-01 8.290355649680507533e-01 9.157816106271869927e-01 9.420138446233645713e-01 9.591027806392258270e-01 9.848289399012003509e-01 1.056103127892171090e+00 1.083433509397868866e+00 1.126212230564279215e+00 1.164660235470247329e+00 1.196599997741267130e+00 1.229322665902849554e+00 1.287842174966314701e+00 1.325780601479725318e+00 1.390932102581205587e+00 1.453500148388911617e+00 1.467973430325227868e+00 1.500172772683786571e+00 1.585705954133765916e+00 1.597717489203124730e+00 1.660061811755026318e+00 1.703613989819609875e+00 1.790271666519610338e+00 1.857013888646904309e+00 1.905608612784006395e+00 1.967269035821756162e+00 1.984162571723097512e+00 2.022352006877345065e+00 2.176176719955568828e+00 2.377039350966048126e+00 2.605645066204268279e+00 2.697246575055540774e+00 2.762807621077527198e+00 2.856354387575191556e+00 3.052453621144052054e+00 3.142257132133990716e+00 3.202610029506948397e+00 3.326921783398136601e+00 3.436527438019285174e+00 3.616574007750184450e+00 3.642901782294134527e+00 3.786574132206103283e+00
-2.116125272145883973e-01 1.756323601318812988e-01 1.989323479539830131e-01 2.538989072946479242e-01 2.903050999058930937e-01 3.389069479525088080e-01 3.823047377850481987e-01 4.185576602179226779e-01 4.427741160636283757e-01 5.071009003660049697e-01 5.298813669200413967e-01 5.714982291548786897e-01 6.285773847984114093e-01 6.609915669036202646e-01 6.733571455894369340e-01 7.152492728955828216e-01 7.537395182401613880e-01 7.911206378061044209e-01 8.114483798652858404e-01 8.316083775403597667e-01 9.091906973620674792e-01 9.427631673341703156e-01 9.537183518162793971e-01 9.781151884393357587e-01 1.051519871828604291e+00 1.083177068315987368e+00 1.119886626569165822e+00 1.169870805381881373e+00 1.191934929995055015e+00 1.230350432810190631e+00 1.285500675002216209e+00 1.324402831961824401e+00 1.389681369614736095e+00 1.452732334140267367e+00 1.468038563605759794e+00 1.502488642021781340e+00 1.581774011814154113e+00 1.595965707031419267e+00 1.667573375368928135e+00 1.707307007396722920e+00 1.788035739876839392e+00 1.855725184935616667e+00 1.909519365742853747e+00 1.971798178978960481e+00 1.986099771186478069e+00 2.022962544231393878e+00 2.179491821832252985e+00 2.376145356918446971e+00 2.611809800987442198e+00 2.696081581998778010e+00 2.759016202296562081e+00 2.865980822147342622e+00 3.044202961840670962e+00 3.137299181135064341e+00 3.186790270457801277e+00 3.330263770264940248e+00 3.427954266615345080e+00 3.594653512267130591e+00 3.632187439134384022e+00 3.786149919631891514e+00
-1.887966339859792342e-01 1.613100691634168915e-01 1.799552452640892086e-01 2.494799348225269775e-01 2.927782986478529303e-01 3.331711576781916651e-01 3.715427792309526911e-01 4.064467878157793090e-01 4.439027509323904552e-01 5.129282796990536353e-01 5.323138387256370896e-01 5.767086450917815466e-01 6.225676476409779392e-01 6.559296959123004367e-01 6.702866654528354395e-01 7.136506057807900927e-01 7.562379483255391444e-01 7.851419960826726552e-01 8.127781812331579259e-01 8.347840489301876499e-01 9.014330474092657752e-01 9.415853414969791446e-01 9.488321547569351644e-01 9.762565304933695787e-01 1.049385887065497291e+00 1.082347440805550676e+00 1.113872697506174347e+00 1.174849764295559540e+00 1.189665140846906555e+00 1.231837656440907480e+00 1.279135081614728220e+00 1.327963126360914847e+00 1.388602327032843586e+00 1.449434088749027572e+00 1.469377516179976251e+00 1.503868366432466352e+00 1.577466097381521548e+00 1.593766939152786888e+00 1.674113740923648841e+00 1.710762229497945874e+00 1.785346481389738393e+00 1.852919654462839238e+00 1.913380693887414497e+00 1.973729618919516815e+00 1.990085076305666112e+00 2.023861475048821301e+00 2.182413043573954603e+00 2.375164994702803511e+00 2.617766581445492680e+00 2.694829794302021853e+00 2.755397679041544201e+00 2.875370449714882426e+00 3.036573755442925737e+00 3.129719262748178910e+00 3.170774778985704145e+00 3.334140782063754305e+00 3.420156277083934437e+00 3.567707405251689501e+00 3.627809989940967039e+00 3.786211995265951202e+00
-1.503041843131982802e-01 1.393009868882937319e-01 1.653915102645475699e-01 2.424112223969247526e-01 2.922430594158312300e-01 3.256317208887654080e-01 3.593525927087063421e-01 4.012277363847789879e-01 4.482132852160832237e-01 5.173657339985190395e-01 5.378212823759553896e-01 5.816201458166894156e-01 6.155154848822453895e-01 6.519832555053604040e-01 6.699611139957885042e-01 7.109261566246090069e-01 7.607809053496198404e-01 7.778055509015062707e-01 8.119409331135040153e-01 8.389141754374166426e-01 8.934891974369966183e-01 9.360519279827730355e-01 9.476112459936198995e-01 9.777304676561241470e-01 1.050215380371471552e+00 1.080843017934890238e+00 1.109032823121540723e+00 1.177516840636095852e+00 1.190375684141182777e+00 1.233390387670106447e+00 1.270737977541235519e+00 1.333869391409036487e+00 1.387628964702710910e+00 1.445390696260367758e+00 1.470145968584251284e+00 1.504645901332236413e+00 1.573278187082186141e+00 1.591279706572918062e+00 1.678961673144875988e+00 1.714178464842754046e+00 1.782120070146842705e+00 1.849882481171068793e+00 1.916969341982145636e+00 1.974253784051382743e+00 1.994333222566964103e+00 2.025024898529637962e+00 2.184942368531440859e+00 2.374218406101793466e+00 2.623340525217391583e+00 2.693138605685398534e+00 2.752415817852807312e+00 2.883738187011079201e+00 3.030098385437483444e+00 3.118915465686329380e+00 3.157222093375095628e+00 3.337903513138932521e+00 3.413310096896161827e+00 3.541643898939114798e+00 3.624961445924157033e+00 3.786645818344734682e+00
-1.001255571199544531e-01 1.145165628085206555e-01 1.525584563500622937e-01 2.331406959372823717e-01 2.860333691650541188e-01 3.253713550799569587e-01 3.505268532537617610e-01 3.993051508411740724e-01 4.547659986767975115e-01 5.210145621435867680e-01 5.456723081336873893e-01 5.853351275553155819e-01 6.072988949494335653e-01 6.504380925749233544e-01 6.711516023371548734e-01 7.079902771289454666e-01 7.629169271261967422e-01 7.724382676162796502e-01 8.086335896245294697e-01 8.442518277494640566e-01 8.864401197997274773e-01 9.291228163010404328e-01 9.484751172988569179e-01 9.802151820967496265e-01 1.053520043581199994e+00 1.078828595455500139e+00 1.106118013647317211e+00 1.177800300477518158e+00 1.192915644266864250e+00 1.233694651653531649e+00 1.263262857679559259e+00 1.339404291600444274e+00 1.387147710981130988e+00 1.441380045186863468e+00 1.469804915116240007e+00 1.505185074442369597e+00 1.569528684476926950e+00 1.588770918663952258e+00 1.681790654749937941e+00 1.717604672934882171e+00 1.778559907746567692e+00 1.847322043937857039e+00 1.920219782440943934e+00 1.974059953358841435e+00 1.997928664644841756e+00 2.026337465569478802e+00 2.187069315372492717e+00 2.373391507890274088e+00 2.628397692862666002e+00 2.690784250903354380e+00 2.750393950359883100e+00 2.890318227965516851e+00 3.025263524752070055e+00 3.105945525776109939e+00 3.147133138666935892e+00 3.341141586493531435e+00 3.407542816000838748e+00 3.518459562376992533e+00 3.622719870206683179e+00 3.787309084601600873e+00
-5.503900050581570641e-02 9.030638763282210213e-02 1.318482742351814452e-01 2.322686925628168197e-01 2.821891034529998010e-01 3.252867572990537637e-01 3.489857802736401893e-01 4.001370042391422244e-01 4.618105083407502143e-01 5.247659124511832029e-01 5.534061348787818746e-01 5.869157367646679058e-01 5.995755902047987806e-01 6.522007806173844013e-01 6.728146658671302349e-01 7.049107872414649423e-01 7.583130327913277791e-01 7.728890509084765936e-01 8.036399460887928559e-01 8.501718751017030007e-01 8.808667224037572963e-01 9.233626106881884787e-01 9.495050316725898165e-01 9.827447559354435258e-01 1.058106221632955091e+00 1.076369022003718756e+00 1.105605438862197198e+00 1.177367980520912072e+00 1.195078444334321199e+00 1.230455950829861367e+00 1.259760129794151862e+00 1.342918483655989759e+00 1.387668806306950664e+00 1.437814128823125204e+00 1.468573236675081661e+00 1.505667689435579826e+00 1.566472141157142950e+00 1.586493091726146165e+00 1.682806016231454649e+00 1.720831739752642253e+00 1.775113980700947058e+00 1.845475982521778802e+00 1.923041659904277667e+00 1.973456924329222373e+00 2.000671422668133026e+00 2.027618853879225913e+00 2.188770889625410998e+00 2.372733967623625873e+00 2.632808099175805605e+00 2.687868457663459054e+00 2.749361695001019346e+00 2.894640370223401593e+00 3.022307378220658425e+00 3.093509429031479296e+00 3.139679653565659923e+00 3.343648520991459705e+00 3.402946103787837462e+00 3.499329924002848813e+00 3.620915049071165459e+00 3.788045291114304991e+00
-3.577541323655385880e-02 6.650654730696492489e-02 9.636693772958167259e-02 2.432711223718558857e-01 2.809210595379688646e-01 3.208354603431810004e-01 3.535769566666721042e-01 4.047734106260180709e-01 4.681093744598396333e-01 5.275078191803063143e-01 5.588627881271008846e-01 5.843840782561137148e-01 5.970965761897050195e-01 6.563782034240622787e-01 6.747927240276235805e-01 7.010524302351298642e-01 7.529914494492359056e-01 7.737265579947925076e-01 7.985152881050562312e-01 8.553573797647496813e-01 8.769370179148945343e-01 9.195387783755606392e-01 9.501383270276220205e-01 9.851479032519524504e-01 1.062426073079501654e+00 1.073823788611415475e+00 1.107118285538966074e+00 1.177208535334949735e+00 1.195922902845533597e+00 1.224239064635153529e+00 1.260215517508056937e+00 1.344119997569596991e+00 1.389144535122422530e+00 1.435005822797934982e+00 1.467016850683634521e+00 1.506086589172217716e+00 1.564293371063522953e+00 1.584650926494921563e+00 1.682650438916573288e+00 1.723491787128270225e+00 1.772283901722447430e+00 1.844304332678711855e+00 1.925277910205899889e+00 1.972710397695763396e+00 2.002587007889204962e+00 2.028683369867466446e+00 2.190017120893829716e+00 2.372265791971910787e+00 2.636377790485327832e+00 2.684881976347524457e+00 2.749054135889828832e+00 2.896826560531718275e+00 3.020998833953528084e+00 3.083831698921049025e+00 3.134150584991681754e+00 3.345372295719896361e+00 3.399589128056439424e+00 3.485105930493850313e+00 3.619557661919529767e+00 3.788702417320415350e+00
-3.088927224443908590e-02 3.935781297250909305e-02 5.310165273487826854e-02 2.552244660688646194e-01 2.787552307857560363e-01 3.169437154696454484e-01 3.571858743489188526e-01 4.112647794956919567e-01 4.729829609695508918e-01 5.278697748362670694e-01 5.614833427186327608e-01 5.809016000827473825e-01 5.985101568033552866e-01 6.604376941723792971e-01 6.780444539082868260e-01 6.959871258800588434e-01 7.497067229033973490e-01 7.734465770509606486e-01 7.948617516162131968e-01 8.586710217407435008e-01 8.746670487431201790e-01 9.175935914930369863e-01 9.503779502780929089e-01 9.870619435558801724e-01 1.065245617856396709e+00 1.071946887253491187e+00 1.109224016248552491e+00 1.177651004817603875e+00 1.195401801277779175e+00 1.218805788780142452e+00 1.261762521052074204e+00 1.343987620378715775e+00 1.390708857077865401e+00 1.433206026207274775e+00 1.465759784597495008e+00 1.506369680269600053e+00 1.563040785740356986e+00 1.583430774254128703e+00 1.682122167464488838e+00 1.725238330578630519e+00 1.770449688971746260e+00 1.843675200887480159e+00 1.926734096027961973e+00 1.972102357360397518e+00 2.003722431308924357e+00 2.029383694109523351e+00 2.190778892025908586e+00 2.371988517683766506e+00 2.638788302440606248e+00 2.682580302392664429e+00 2.749081899447634481e+00 2.897577815465091966e+00 3.020677877125026001e+00 3.077924690631897775e+00 3.130573409202128676e+00 3.346357656383784018e+00 3.397534564302587601e+00 3.476364328495148204e+00 3.618706810985029332e+00 3.789153270371724780e+00
-2.492886877512027382e-04 -1.470658273888479075e-04 -2.965649574447236162e-08 2.609694231276587506e-01 2.765016742045755538e-01 3.156264015644904553e-01 3.582742926540342099e-01 4.143366111114861194e-01 4.750135209281551862e-01 5.273258797512754281e-01 5.622549598324378950e-01 5.796680323157126224e-01 5.994049566050332345e-01 6.619517954154181538e-01 6.809994080467611788e-01 6.924074459680209515e-01 7.486739527997160470e-01 7.731053385077052420e-01 7.935792878162605257e-01 8.597585946634909160e-01 8.739462690193006145e-01 9.170396476999252977e-01 9.504248998779246671e-01 9.878182902856044167e-01 1.066136957744384661e+00 1.071314997667744739e+00 1.110188603000076712e+00 1.178061556503678275e+00 1.194775353669809137e+00 1.216789624852132601e+00 1.262471179341029037e+00 1.343767491226350197e+00 1.391366182335136203e+00 1.432585488033436327e+00 1.465280212068367671e+00 1.506468493902404004e+00 1.562641578019401178e+00 1.582999600915075744e+00 1.681864213741949943e+00 1.725846036975655640e+00 1.769817751387257276e+00 1.843478902239476636e+00 1.927242098512754964e+00 1.971868365194845429e+00 2.004099401527428714e+00 2.029627611246196839e+00 2.191035332513243450e+00 2.371897032428912144e+00 2.639655247545310335e+00 2.681704876397179582e+00 2.749130267151244755e+00 2.897710105161737104e+00 3.020663018860135107e+00 3.075970328498785822e+00 3.129314486305606824e+00 3.346675332601047881e+00 3.396840849193235368e+00 3.473418916874837059e+00 3.618416232814112732e+00 3.789313410447959996e+00
1.822583076721270845e-02 3.244076175729825734e-02 5.550567620159237159e-02 2.539625743577019201e-01 2.830199068234773296e-01 3.169525238117548160e-01 3.581161092888438535e-01 4.150621432605843264e-01 4.748476683331467330e-01 5.285539368963441120e-01 5.597592471682378834e-01 5.790156845178086042e-01 5.996536378042356397e-01 6.625239684709758325e-01 6.810452351159160811e-01 6.926927582820394669e-01 7.468403838575780052e-01 7.729455652073314864e-01 7.955708697788177464e-01 8.583839524929575138e-01 8.742606196055243695e-01 9.172867865713913993e-01 9.498173624104915280e-01 9.844175154222336577e-01 1.067664153595830223e+00 1.072769229616354236e+00 1.110178908983931123e+00 1.177543393871209876e+00 1.194731261448528148e+00 1.217515924780944170e+00 1.263108673447602692e+00 1.342191269945977039e+00 1.391694018172019431e+00 1.433865132462805558e+00 1.465553673136373414e+00 1.506222428114960987e+00 1.563241464035885597e+00 1.583359604880193006e+00 1.681679088128370303e+00 1.725736625637588340e+00 1.771457969350734185e+00 1.844476792986153191e+00 1.927104727573175857e+00 1.972161346686639005e+00 2.003244534059700932e+00 2.029892875036153121e+00 2.190189775676236739e+00 2.372518518094612894e+00 2.639235048035092124e+00 2.681249074426796497e+00 2.749984971710442760e+00 2.897346964272345726e+00 3.021820275091322117e+00 3.076132251808989526e+00 3.128760426061809596e+00 3.347558169781154724e+00 3.399439627933126928e+00 3.473639418219917729e+00 3.618777496612910927e+00 3.789144356841096073e+00
4.289052083622622857e-02 6.058122533241681179e-02 1.075216295518895276e-01 2.441289404240244432e-01 2.915467435970891530e-01 3.213114118066112135e-01 3.579280569570113535e-01 4.174166859118714212e-01 4.746571946557677779e-01 5.317555861515795845e-01 5.528572204374463395e-01 5.771997051482264940e-01 6.004827953558756759e-01 6.633810540564779590e-01 6.810741656587987469e-01 6.941793232027102523e-01 7.426951306163404043e-01 7.720099448059186686e-01 8.005721020415048628e-01 8.541452455840741198e-01 8.750704207447390637e-01 9.180237063000353803e-01 9.481165115151753975e-01 9.767840603472914829e-01 1.066232157807387004e+00 1.080955138702197615e+00 1.110217236506080951e+00 1.175788825497329881e+00 1.194661899742348599e+00 1.219725503545607825e+00 1.264991110403946628e+00 1.337872613494146767e+00 1.392416142680352298e+00 1.437308862475478177e+00 1.466451640239396337e+00 1.505705711926891954e+00 1.564853182962989253e+00 1.584490988014600754e+00 1.680930820674446435e+00 1.725425643994469738e+00 1.776335744148999529e+00 1.847420488922667747e+00 1.926616961630459590e+00 1.972978750321408015e+00 2.000966767883090025e+00 2.030618429750119525e+00 2.187702373762150820e+00 2.374346528181278781e+00 2.637998084826008505e+00 2.679949705306073682e+00 2.752459147878140389e+00 2.896242287389927839e+00 3.024956759119268312e+00 3.076328549048841232e+00 3.127721484835160659e+00 3.350012419257208052e+00 3.406934431819190312e+00 3.474380124885530385e+00 3.619809089552872727e+00 3.788656262412481990e+00
6.651010575185732632e-02 8.751797014143684883e-02 1.531705005849390844e-01 2.378137465572732756e-01 2.974421510353869591e-01 3.279544441688111989e-01 3.587464620349702371e-01 4.219199315510149262e-01 4.753583749421219640e-01 5.339092883712129867e-01 5.450221223295259598e-01 5.742655257300975924e-01 6.020783568386591789e-01 6.629205924913033066e-01 6.809458910707087975e-01 6.978334322228278985e-01 7.383618342789786126e-01 7.698858882673783599e-01 8.067572397692224229e-01 8.469433454125374627e-01 8.761243012334806179e-01 9.189766307366543652e-01 9.459660518875796509e-01 9.690342703444980721e-01 1.062681828812060303e+00 1.091524567530176570e+00 1.110470231164501387e+00 1.172592974463942728e+00 1.194651444278897356e+00 1.223430209589475570e+00 1.267907959340502710e+00 1.331800990612573399e+00 1.392909993192471108e+00 1.441966643273798310e+00 1.468183371190073583e+00 1.505434597547135489e+00 1.567010124937106452e+00 1.586478782169048474e+00 1.679291327504887299e+00 1.724908031550294263e+00 1.784218089759539883e+00 1.852158842850693432e+00 1.925615450148465246e+00 1.974076382295867127e+00 1.998029829890525244e+00 2.031686079025710967e+00 2.183708731830812599e+00 2.377262767568456781e+00 2.636007254107169739e+00 2.677984394211407881e+00 2.756316186950611424e+00 2.894348492538385553e+00 3.029262796731982288e+00 3.075761378046240058e+00 3.127742811048893401e+00 3.353634179549627170e+00 3.418317143591874885e+00 3.475935142898357366e+00 3.621367656114551803e+00 3.787903454993243990e+00
8.924206120739849868e-02 1.128375336356482461e-01 1.890606026653547933e-01 2.383578528316664669e-01 3.017760290953021562e-01 3.331001957231782273e-01 3.621246104670879373e-01 4.291438087948204472e-01 4.784334445453402584e-01 5.252088031442405658e-01 5.466313859612194070e-01 5.703830933742607412e-01 6.044337844553296923e-01 6.604857763398429560e-01 6.809369276224042089e-01 7.029131639343804139e-01 7.353427095928298796e-01 7.665367569844715456e-01 8.127026181666596738e-01 8.374280310873969402e-01 8.773009549623651537e-01 9.191551138122708853e-01 9.449615160634928790e-01 9.633786396161473364e-01 1.057983227272425442e+00 1.100900610606477148e+00 1.111297465495177272e+00 1.168351624321380289e+00 1.194710565064395658e+00 1.228555601412602227e+00 1.271165977582503936e+00 1.325216735826326708e+00 1.392559120499430092e+00 1.446905766911828151e+00 1.470825133014148411e+00 1.505938414691055049e+00 1.569211491801294933e+00 1.589250530873507872e+00 1.676724967191833393e+00 1.724099975317266331e+00 1.794517473097280602e+00 1.858415036652458108e+00 1.923993007674235756e+00 1.974929431372338007e+00 1.995519920053471452e+00 2.033038603282107282e+00 2.178406181574204403e+00 2.381047281836432994e+00 2.633352320067323671e+00 2.675589299657866960e+00 2.761236361549936014e+00 2.891599849301501823e+00 3.033895075901203775e+00 3.073644299964607640e+00 3.130239120192788160e+00 3.358055306513753280e+00 3.431690800982223344e+00 3.479018588256928002e+00 3.623254557487654015e+00 3.786967426388079705e+00
1.106510999494352554e-01 1.366401885981478603e-01 2.119740331666334632e-01 2.487451897309000959e-01 3.062562547572423854e-01 3.344886160253039975e-01 3.673288334194707017e-01 4.385281437080871814e-01 4.849980825878774660e-01 5.121692284560743769e-01 5.521514600875543355e-01 5.664609324062129803e-01 6.071912682319655641e-01 6.567249258730842865e-01 6.812093996970366439e-01 7.067724805315274139e-01 7.348825833939919283e-01 7.621859882252354224e-01 8.165088176333948899e-01 8.283448965435504796e-01 8.787237561457262869e-01 9.174561242246992432e-01 9.465634390172523727e-01 9.604450211368072976e-01 1.052289631777076240e+00 1.105993978251957666e+00 1.113917273333899116e+00 1.164220798251153433e+00 1.194835938315170765e+00 1.235017892257612049e+00 1.273291668899154239e+00 1.319625184682391206e+00 1.391147523148910325e+00 1.451686762646195339e+00 1.473893862020871470e+00 1.507578337022940529e+00 1.571103715898254150e+00 1.592425329187685090e+00 1.673638851581195297e+00 1.722892471532933900e+00 1.806306920443417674e+00 1.865705527787580476e+00 1.921822466658446249e+00 1.974948738756821420e+00 1.994523378769692767e+00 2.034659770952770952e+00 2.172042236135995896e+00 2.385367157074628874e+00 2.630155082978249403e+00 2.673018990791971472e+00 2.766859671822102129e+00 2.887967824622051705e+00 3.038316250443896749e+00 3.070024789225588524e+00 3.135316352614891056e+00 3.362971546733774630e+00 3.444179960244023952e+00 3.485036157813206081e+00 3.625263311345038097e+00 3.785944937813579436e+00
1.307325152543627744e-01 1.589390487514744932e-01 2.248766815401732344e-01 2.652254693957746268e-01 3.115114221893100499e-01 3.341095031616647115e-01 3.717639822811601436e-01 4.476613692579757831e-01 4.864389409923698393e-01 5.078907222563427970e-01 5.564607610106409030e-01 5.653366918022805221e-01 6.097953286121998717e-01 6.527714390919089338e-01 6.815487242597791928e-01 7.067955672439856230e-01 7.366573844983196340e-01 7.581714230614514660e-01 8.131694991939695250e-01 8.263147002313454559e-01 8.806327512290071935e-01 9.140960145533441050e-01 9.501912192319748041e-01 9.606269947975033530e-01 1.045675836178822982e+00 1.106303095074528287e+00 1.117206695101130354e+00 1.161792729359663268e+00 1.194988414280323763e+00 1.242754869424705255e+00 1.272328857694660309e+00 1.316696132486624204e+00 1.389009631543774326e+00 1.456231772611430442e+00 1.476528823198731466e+00 1.510463692312417949e+00 1.572417927031999785e+00 1.595390508745597069e+00 1.670761728362590404e+00 1.721231315558352071e+00 1.818525296247764267e+00 1.873222701992508066e+00 1.919395100584748715e+00 1.974268281699688821e+00 1.995357794516176453e+00 2.036484470645046674e+00 2.164935308555856697e+00 2.389797252295118746e+00 2.626598352667714575e+00 2.670515028832364468e+00 2.772801547123520560e+00 2.883544877014513119e+00 3.042312454041063763e+00 3.065712144218288415e+00 3.141882037458326948e+00 3.368066909359733518e+00 3.452979288724418172e+00 3.495224694620053807e+00 3.627222249297367362e+00 3.784934356347223972e+00
1.498364318078821145e-01 1.791839042707410734e-01 2.345084795720024928e-01 2.796698807872478598e-01 3.158976738883968460e-01 3.355614532419566309e-01 3.749959830688927576e-01 4.545034595407898004e-01 4.733755654459282924e-01 5.177166726736426305e-01 5.598309734346440525e-01 5.699713263720417311e-01 6.117861039018427372e-01 6.495440664921898755e-01 6.817955932544031983e-01 7.026208780065726911e-01 7.365617729979596628e-01 7.579821993921662671e-01 8.078922704619877493e-01 8.272690776350448694e-01 8.829620008820961985e-01 9.101414216602048413e-01 9.547098467683750034e-01 9.638504471266320373e-01 1.038379399157601801e+00 1.104007669969233607e+00 1.118410203996024643e+00 1.161883255609516441e+00 1.194998851407786500e+00 1.251547138421578831e+00 1.267646760936706807e+00 1.316913948093598075e+00 1.386763878166646924e+00 1.460432347563335842e+00 1.478159944816217486e+00 1.514418694818828293e+00 1.572855701100209114e+00 1.597524421603014000e+00 1.668911916174391941e+00 1.719145341868914878e+00 1.830192446295117348e+00 1.879829621960687147e+00 1.917166861760489338e+00 1.973802328691232955e+00 1.997497141975647317e+00 2.038319174416344470e+00 2.157526984088292910e+00 2.393885626248664078e+00 2.622954921553902530e+00 2.668275370811125757e+00 2.778656634903199141e+00 2.878613018571687832e+00 3.045809766405056962e+00 3.061554365293371660e+00 3.148621745326100285e+00 3.372977115499359080e+00 3.457893732883095428e+00 3.508238355252513152e+00 3.629014983488928703e+00 3.784022514522475955e+00
1.679913650848670059e-01 1.962231763217957836e-01 2.430837611947214427e-01 2.886824797311529078e-01 3.175301879369853419e-01 3.410255798574718944e-01 3.777471987757674565e-01 4.518537301176149268e-01 4.656653267704806698e-01 5.217651686522351007e-01 5.683954670538740039e-01 5.781169510240704579e-01 6.132413594407319923e-01 6.475928929310782456e-01 6.819739571434753067e-01 6.953151139057082153e-01 7.337943040125760596e-01 7.614580793306726658e-01 8.056462838356004408e-01 8.265619080586450451e-01 8.850123828330733744e-01 9.067270905163080652e-01 9.602083662434075517e-01 9.685870504790218272e-01 1.030956527366700959e+00 1.099739814542597172e+00 1.118317322679348136e+00 1.163555608968460664e+00 1.194610492783823252e+00 1.260320234816034946e+00 1.261422051175190573e+00 1.318868766595324260e+00 1.384908222271175937e+00 1.464090540159181497e+00 1.478732650750548494e+00 1.519057343746899491e+00 1.572166921785065785e+00 1.598483467101869948e+00 1.668624022278106134e+00 1.716760102509917285e+00 1.840487930123551719e+00 1.884426891114637792e+00 1.915583171809259522e+00 1.974195276201904159e+00 2.000392053011912363e+00 2.039836331907138867e+00 2.150437037237987514e+00 2.397250698592314322e+00 2.619578612053215405e+00 2.666436647342441013e+00 2.783995586582071802e+00 2.873659664821161197e+00 3.048714880009637973e+00 3.058101556397181842e+00 3.154551459538396774e+00 3.377311331593652266e+00 3.460506848895829268e+00 3.521087770460290756e+00 3.630567346177663079e+00 3.783274520714472455e+00
1.846381672253781248e-01 2.083765606204568410e-01 2.501119589467611926e-01 2.928144746289098599e-01 3.188572253783846788e-01 3.463297426702770521e-01 3.812383411131832767e-01 4.372443187466965586e-01 4.695527619371756556e-01 5.193999516291001317e-01 5.771104363512089552e-01 5.881096617823418082e-01 6.153406948557901268e-01 6.475988999693431669e-01 6.817086015937723342e-01 6.871294646418035779e-01 7.313718368291876049e-01 7.644931693928194161e-01 8.062209369576225360e-01 8.243935052045601175e-01 8.860078412786357438e-01 9.047061353432241937e-01 9.661984623815147444e-01 9.732012774220906159e-01 1.024338724535969192e+00 1.094642045694385279e+00 1.118071085095801775e+00 1.165364235875868237e+00 1.193739723373979045e+00 1.254713248223382926e+00 1.269203126925389169e+00 1.320948374986619323e+00 1.383636700093983096e+00 1.467026320489563940e+00 1.478507934855220585e+00 1.523800055701619582e+00 1.570421775409844622e+00 1.598460966758139756e+00 1.669716734982819695e+00 1.714356022297586657e+00 1.848688181256704866e+00 1.886676058350108764e+00 1.914777312278395094e+00 1.975277742858835950e+00 2.003607165683904512e+00 2.040712725843403241e+00 2.144460244791852599e+00 2.399666694734507999e+00 2.616844562158179066e+00 2.665079978044744724e+00 2.788356215153637852e+00 2.869332816384057683e+00 3.050844768673889540e+00 3.055664419721852987e+00 3.159076051780468131e+00 3.380703144393150339e+00 3.461942604473672080e+00 3.531492560605431485e+00 3.631806893981102125e+00 3.782729075730111301e+00
1.983089979309135276e-01 2.142928952804737386e-01 2.532809602893400514e-01 2.967759443457308466e-01 3.195903750049980396e-01 3.475476653917417558e-01 3.869200573966036782e-01 4.238787764028232874e-01 4.734369983069675603e-01 5.159021923785964692e-01 5.834131307530406874e-01 5.929485447121329855e-01 6.188995415916436205e-01 6.505657184508589763e-01 6.768718827674917726e-01 6.840391532625134108e-01 7.301092904754296065e-01 7.656954719329417403e-01 8.078893012403589591e-01 8.221529885480439725e-01 8.860710464075983728e-01 9.040268768981694070e-01 9.708858884619151475e-01 9.766486766233758443e-01 1.019698756038803777e+00 1.090481154282228582e+00 1.117944532119872436e+00 1.166535975395834424e+00 1.192760918934045566e+00 1.250556036917635394e+00 1.275211123626331045e+00 1.322322573531977241e+00 1.382923754908585989e+00 1.469053409726229109e+00 1.477927288189564647e+00 1.527662160050335949e+00 1.568363389411366438e+00 1.598067207508879539e+00 1.671222231876234865e+00 1.712449090012856834e+00 1.854074489430584061e+00 1.887285851744498810e+00 1.914492446237343604e+00 1.976346093020737049e+00 2.006375158159222405e+00 2.040922832303476042e+00 2.140437641005462410e+00 2.401081111854448835e+00 2.615069418939377499e+00 2.664250201986825051e+00 2.791255241813879628e+00 2.866338283734028547e+00 3.051901883009834560e+00 3.054486565569316525e+00 3.161882990273577665e+00 3.382861011124829620e+00 3.462688528046218295e+00 3.538150433476276113e+00 3.632629654530360686e+00 3.782401304835318445e+00
2.047264868609555422e-01 2.150614070167668757e-01 2.534222866005664265e-01 2.999273902069641284e-01 3.190165134316200191e-01 3.470300586050841241e-01 3.909491600812028955e-01 4.174828981582197063e-01 4.749956215576991991e-01 5.143598170537545533e-01 5.864578919223635278e-01 5.929879085416613904e-01 6.206871952465315978e-01 6.535340463425983737e-01 6.727536473785253879e-01 6.839859192146645617e-01 7.297550582756405779e-01 7.658681242175756632e-01 8.087207809297027872e-01 8.212174918933554668e-01 8.859664241750925262e-01 9.039359556235347926e-01 9.726252276727549440e-01 9.779734506239221581e-01 1.018029964384754793e+00 1.088866917474674345e+00 1.117909773681750485e+00 1.166916010961491335e+00 1.192327185124587352e+00 1.249127103360046176e+00 1.277411954782852188e+00 1.322780173172450002e+00 1.382695820475941639e+00 1.469821764133972808e+00 1.477603995571428852e+00 1.529222706121874831e+00 1.567394294331699189e+00 1.597866378808908916e+00 1.671916918026846277e+00 1.711700339656585745e+00 1.855973578432584814e+00 1.887324070819915933e+00 1.914431609890353325e+00 1.976775487601368786e+00 2.007516757008900310e+00 2.040885224059343361e+00 2.139016517730006228e+00 2.401541250516141535e+00 2.614455086843653131e+00 2.663971023353092882e+00 2.792278723031770937e+00 2.865261751781885913e+00 3.052045481098727198e+00 3.054316304137139060e+00 3.162831664558531042e+00 3.383601065326228063e+00 3.462922758512509080e+00 3.540430539009143285e+00 3.632921343295690164e+00 3.782292472045488019e+00
-2.074993301260140144e-01 -7.964905347245403167e-02 1.868190896664274070e-01 2.691363462538150508e-01 3.352118045504064447e-01 3.734084850196902061e-01 4.302034459240275943e-01 4.681619454695311044e-01 4.935485818326398322e-01 4.975587522358292381e-01 5.840776902187622133e-01 5.962414495949759363e-01 6.245105172503445656e-01 6.624563243742312979e-01 6.901874940403927017e-01 7.098131082820454685e-01 7.465793740798947198e-01 7.801739771413440661e-01 8.080852175126598258e-01 8.769052888264132761e-01 9.264110089949008087e-01 9.645935029685198669e-01 1.021778179815445275e+00 1.030771040259827132e+00 1.094575337468659759e+00 1.109950844646071300e+00 1.144113528874694419e+00 1.155459367011245408e+00 1.242702865591379213e+00 1.257217611031781868e+00 1.300720944148104019e+00 1.386417083336885403e+00 1.420256954120721504e+00 1.438213641041830027e+00 1.481024974989010756e+00 1.550138137129883242e+00 1.571353219737964046e+00 1.608673587455461629e+00 1.620690894728132880e+00 1.679487619214257377e+00 1.751204884996726774e+00 1.811481632956446042e+00 1.870145978567104850e+00 1.908921095866560558e+00 2.013594203978808839e+00 2.033844214319212362e+00 2.136346503959183796e+00 2.377509772709480718e+00 2.569221343547884562e+00 2.707940930726342010e+00 2.754221651660667458e+00 2.843564953862823153e+00 3.087917446720269687e+00 3.132117414928876187e+00 3.239358978668209765e+00 3.338822810385184248e+00 3.498340985517149448e+00 3.636946526390742118e+00 3.796772334242979330e+00 3.833722707421551856e+00
-2.046146411047725655e-01 -8.637222780185224713e-02 1.879039917238391477e-01 2.726726842832661313e-01 3.350288072783895177e-01 3.718930426912920861e-01 4.302942484876229878e-01 4.678425724288496901e-01 4.921420978553853187e-01 4.980606607568722755e-01 5.832783646203426597e-01 5.969360730321924269e-01 6.269652016715293597e-01 6.620608379880315031e-01 6.900713783872685081e-01 7.096007768476357835e-01 7.474637355119481130e-01 7.801022424398555977e-01 8.075349632292074809e-01 8.770381969343753470e-01 9.257851274804094199e-01 9.633077430322039003e-01 1.018914647939696660e+00 1.033620333557146997e+00 1.092333316250490904e+00 1.109918958723186799e+00 1.144457138728094403e+00 1.157382243494669227e+00 1.241184778867591598e+00 1.255896276535536149e+00 1.301030725861776816e+00 1.387920149279360693e+00 1.419185553833896440e+00 1.437846474697054733e+00 1.482426021779597258e+00 1.546808050131745604e+00 1.568513857747038109e+00 1.608051936429329976e+00 1.621259870306947848e+00 1.682297684539874716e+00 1.753724628974773880e+00 1.811083576787164029e+00 1.870369376422722052e+00 1.909338343241038682e+00 2.012995327410704860e+00 2.033874924864613298e+00 2.136595474346199008e+00 2.377438115173847066e+00 2.569498037916127853e+00 2.707632717553967172e+00 2.753645415053015189e+00 2.844083119385551583e+00 3.087803711509644167e+00 3.132131718548205601e+00 3.239242048134375107e+00 3.338362318160354558e+00 3.498303486375549554e+00 3.637412665894196095e+00 3.796375335834017761e+00 3.831973428328703246e+00
-1.960218036518899254e-01 -1.019640180080786107e-01 1.910104492769053586e-01 2.819799610337487272e-01 3.342301176372875493e-01 3.679368233376832942e-01 4.304002073652365423e-01 4.667605552275442826e-01 4.885172111872958522e-01 4.993484265011271517e-01 5.810476928478187642e-01 5.984176241444515432e-01 6.331740514732950853e-01 6.609226131526994008e-01 6.899735861813311999e-01 7.096915851034555356e-01 7.499945620093537713e-01 7.798485159703634206e-01 8.059966350456048145e-01 8.773261007434568493e-01 9.236107855894463148e-01 9.601160246223915395e-01 1.013599315114975141e+00 1.038875109769105576e+00 1.086823449746258552e+00 1.108802613422502414e+00 1.146113199307263741e+00 1.161951955022185290e+00 1.235493217856898696e+00 1.254072614836587496e+00 1.301388290571961148e+00 1.391976506079417586e+00 1.416045877172145362e+00 1.437310370060939535e+00 1.485642837858038190e+00 1.535899693654250830e+00 1.562614330505712523e+00 1.608465085437516651e+00 1.622438089235864078e+00 1.687985083367370853e+00 1.761178247273434749e+00 1.810026871890549449e+00 1.870999100622490419e+00 1.910571586440308334e+00 2.011283617539214141e+00 2.033920544824209919e+00 2.137349690719512196e+00 2.377227123138529130e+00 2.570320352320071056e+00 2.706699130674496967e+00 2.752049412985360544e+00 2.845557757386106168e+00 3.087457083522648027e+00 3.132140206061597709e+00 3.238822649996698111e+00 3.337072106031076402e+00 3.498175037817808253e+00 3.638708323846388648e+00 3.795128104410059766e+00 3.826832856342400557e+00
-1.820644160149545165e-01 -1.193192178822907873e-01 1.957576170456327425e-01 2.937969188065775450e-01 3.323006958183558068e-01 3.632736075067717896e-01 4.303309493714471690e-01 4.646562153031411624e-01 4.830359438799263216e-01 5.015816303591829062e-01 5.776913109328988272e-01 5.995568810978509910e-01 6.397923069993185496e-01 6.592462141096004924e-01 6.899885717654540285e-01 7.126515952759585604e-01 7.538497942916627670e-01 7.792747085464573065e-01 8.038359547486984003e-01 8.772951223914651209e-01 9.193711735565847087e-01 9.566554057813559941e-01 1.007648365650469557e+00 1.044660953262330549e+00 1.079659406133797628e+00 1.105685232730121870e+00 1.149288240547014395e+00 1.167192215477024009e+00 1.225723218934906100e+00 1.253775560143514101e+00 1.300826563021422633e+00 1.397358380554416968e+00 1.411627807851896232e+00 1.437056062608617069e+00 1.487265902389047767e+00 1.520489857797811428e+00 1.557349500615910376e+00 1.610642846641961778e+00 1.624337051648788943e+00 1.692796254229988584e+00 1.772620492781313173e+00 1.808790855034476897e+00 1.871939885992533137e+00 1.912567119453527420e+00 2.008668288502617472e+00 2.033886644815460887e+00 2.138625988658084065e+00 2.376889294844124922e+00 2.571668529271356363e+00 2.705129351787146419e+00 2.749765389399784432e+00 2.847795679642303845e+00 3.086858128452759864e+00 3.132048295648762082e+00 3.237900326102348902e+00 3.335215692083866923e+00 3.497901282431889136e+00 3.640543850471673615e+00 3.792755330029006000e+00 3.818732606074745295e+00
-1.653268301567658582e-01 -1.323546962164546814e-01 2.016134409723203680e-01 3.034153281261068869e-01 3.288381390500089707e-01 3.612274766333342102e-01 4.301129204144470419e-01 4.612737011666521170e-01 4.761661220683757745e-01 5.043196670372096513e-01 5.734996299832154643e-01 5.992941595131230370e-01 6.433099607579875201e-01 6.570940495854471486e-01 6.900193591626546663e-01 7.212919223082102649e-01 7.585962744957395198e-01 7.780589003996815078e-01 8.018160657387053414e-01 8.756800208300249411e-01 9.137184286461118576e-01 9.543703872756237327e-01 1.001529851548006889e+00 1.050228925548031933e+00 1.071860649280684807e+00 1.100628565277480764e+00 1.153256840865728883e+00 1.171134739705351535e+00 1.214795038758175849e+00 1.254491584010298366e+00 1.298765329773776456e+00 1.400923380815907171e+00 1.408862781372360873e+00 1.436301759937151479e+00 1.479153478406425304e+00 1.512892604603176316e+00 1.553176007420607574e+00 1.612830752812699053e+00 1.627791690291358284e+00 1.695608745921673988e+00 1.785354389458639890e+00 1.808760274944445134e+00 1.873101663809491724e+00 1.915242014992278419e+00 2.005405074305220747e+00 2.033705891145006994e+00 2.140438522488649298e+00 2.376446532613059048e+00 2.573519898776310821e+00 2.702951080626947000e+00 2.747175624395687521e+00 2.850586742120246875e+00 3.085966744250173477e+00 3.131723977066462883e+00 3.236166413352605353e+00 3.333191802403717041e+00 3.497375356114868161e+00 3.642492967246412139e+00 3.788213105814479231e+00 3.808985698686627952e+00
-1.633100263387225748e-01 -1.219198161109966289e-01 2.078974762781873042e-01 3.059176099021694295e-01 3.235077242800994957e-01 3.659881253389429268e-01 4.297391366978248750e-01 4.562362868929472626e-01 4.692458508063776512e-01 5.062746339402015572e-01 5.688957907871515784e-01 5.967369673240743300e-01 6.433209796836587557e-01 6.539159425661172920e-01 6.912308917173588529e-01 7.342191661473147501e-01 7.636505157278411504e-01 7.757961404560206331e-01 8.012487914740893391e-01 8.704026076940869494e-01 9.094227397225301823e-01 9.535229807872553920e-01 9.955493397186629956e-01 1.053282420299141986e+00 1.065611246914305754e+00 1.093998545712873804e+00 1.156846482151823396e+00 1.171689758788578173e+00 1.206148584199139284e+00 1.255547883018511390e+00 1.295118666819851772e+00 1.397547900343180993e+00 1.411673245193814319e+00 1.433065933623248966e+00 1.464829443153069732e+00 1.515262981584779345e+00 1.550075774891001235e+00 1.613825312983587112e+00 1.633069357872743987e+00 1.696823087920922069e+00 1.793578752614526595e+00 1.814273878115280958e+00 1.874457352799424825e+00 1.918499149462689291e+00 2.001754890282561483e+00 2.033371063149855829e+00 2.142786116044149036e+00 2.375929718264149226e+00 2.575859502855058381e+00 2.700270669637162779e+00 2.744580943361196734e+00 2.853776878367992431e+00 3.084717755960299179e+00 3.131027263231344282e+00 3.233262604583394317e+00 3.331457655746082214e+00 3.496427500085027340e+00 3.644062221363345344e+00 3.778730827660333969e+00 3.800750781600371386e+00
-1.759983086998497537e-01 -8.432603358904194879e-02 2.137239903469794200e-01 3.010881214511290094e-01 3.170352730968961086e-01 3.761287456021041864e-01 4.292869640258447084e-01 4.491831230696911592e-01 4.644591070826037948e-01 5.059723894344377859e-01 5.644488791948613082e-01 5.916914813348745916e-01 6.413336915298369911e-01 6.497944669822048880e-01 6.941521210853054402e-01 7.467054383830015185e-01 7.670688412186756899e-01 7.740471270857401942e-01 8.033657287234985400e-01 8.611177926038109387e-01 9.085132066517898064e-01 9.536413272027800536e-01 9.899955001433700108e-01 1.047776497832306308e+00 1.066431422478347102e+00 1.086448159572222183e+00 1.157085733471279632e+00 1.169935752363264525e+00 1.201696279306023074e+00 1.256462910829866608e+00 1.290270020471208534e+00 1.390242394686166838e+00 1.411713889418354073e+00 1.428879522219289155e+00 1.457197549509743562e+00 1.519680382570810728e+00 1.548450172672562353e+00 1.613634513802228554e+00 1.639446742172279370e+00 1.697074591496372964e+00 1.794798522986466693e+00 1.826670839447000150e+00 1.876081189073109945e+00 1.922257977287005204e+00 1.997975016163823003e+00 2.032927306608376394e+00 2.145644675869598839e+00 2.375375905202325111e+00 2.578687621399510910e+00 2.697280735107826288e+00 2.742149974092363607e+00 2.857286809639655978e+00 3.083022382084486424e+00 3.129839922654904072e+00 3.228878754461169454e+00 3.330413193552485662e+00 3.494827045996278247e+00 3.644767035137881805e+00 3.762919163150690416e+00 3.795922498953415491e+00
-1.910638038075792300e-01 3.575149232786056092e-02 2.179687582719802008e-01 2.919948768700310615e-01 3.117100285336144028e-01 3.840652209527525840e-01 4.297512094138941641e-01 4.417400273090956730e-01 4.630100111064546775e-01 5.026687819451353123e-01 5.601850257758943519e-01 5.853412805905017224e-01 6.384916377013087896e-01 6.455635224753122348e-01 6.971855963467826767e-01 7.531787424012043042e-01 7.663959252888119522e-01 7.776645702780400349e-01 8.074957419251344026e-01 8.511197724766916828e-01 9.100325439223337920e-01 9.542437085979542655e-01 9.851938081535007719e-01 1.037204310654997297e+00 1.068922574042782569e+00 1.080133110688755282e+00 1.150802814461071799e+00 1.171090480302538372e+00 1.199528902037562794e+00 1.256725453829171224e+00 1.284964448156405314e+00 1.377984281675652900e+00 1.407030508893652332e+00 1.430344480034175358e+00 1.456027267428121164e+00 1.523179128433739482e+00 1.548793852886938049e+00 1.612508676656870588e+00 1.646111569438681421e+00 1.696879848266171553e+00 1.793697763988068461e+00 1.840263729850790897e+00 1.878195645339757025e+00 1.926493064806921396e+00 1.994317907758668351e+00 2.032448617916846167e+00 2.148966006128696371e+00 2.374823452714990513e+00 2.582020654929142900e+00 2.694223863785906392e+00 2.739950587603734000e+00 2.861089101432831683e+00 3.080775350152410663e+00 3.128091706839844832e+00 3.222855259218732282e+00 3.330285393576127628e+00 3.492299848733113610e+00 3.644198630956408724e+00 3.742831685734809177e+00 3.793061625000005765e+00
-2.065952044234253271e-01 9.614853801536719924e-02 2.194386110349629826e-01 2.818447556831422673e-01 3.090340809713268966e-01 3.826606179065422664e-01 4.283934069697221125e-01 4.401528374558248968e-01 4.649850835267559934e-01 4.975437983808571607e-01 5.549341639381853986e-01 5.800498984138136027e-01 6.354436563469538779e-01 6.417795472122405087e-01 6.973699337568216583e-01 7.508460777912674411e-01 7.688394269928613411e-01 7.827150843082030240e-01 8.100104516906218022e-01 8.450428650824609589e-01 9.123110350020174897e-01 9.550245727293389386e-01 9.814478730039130072e-01 1.024711390559201574e+00 1.065026110699644590e+00 1.080589887977654984e+00 1.142350011680134392e+00 1.173401340725309216e+00 1.197436130666944765e+00 1.255803367434793705e+00 1.279942373099823172e+00 1.363101252645567696e+00 1.404140014013040227e+00 1.433616448070597293e+00 1.457523127975927979e+00 1.525072912614690912e+00 1.550998057448935707e+00 1.610567480768474224e+00 1.652522512573251001e+00 1.696640129152767518e+00 1.792150571349191202e+00 1.852001492727087584e+00 1.881286926014873240e+00 1.931241815507498849e+00 1.991028498521469237e+00 2.032012554886293287e+00 2.152680964783332929e+00 2.374306486662084659e+00 2.585883934552559271e+00 2.691334629650028454e+00 2.738018414094696595e+00 2.865168936817995782e+00 3.077866277643103388e+00 3.125779332338951111e+00 3.215229015003737256e+00 3.331077007626573216e+00 3.488561574927299347e+00 3.642045209546320272e+00 3.720173472954862781e+00 3.791197713915569256e+00
-2.210577666305360012e-01 1.273278890938454033e-01 2.173494935560266739e-01 2.735633224172068223e-01 3.092011905613440970e-01 3.723429394135905346e-01 4.226174224670120050e-01 4.420932676694028785e-01 4.700313688383238042e-01 4.947411594611117458e-01 5.483964804659960945e-01 5.770503844704198970e-01 6.320326548251878895e-01 6.391496242752975343e-01 6.921181369421480767e-01 7.464431948454375298e-01 7.718768922894410078e-01 7.869669293666370358e-01 8.089749604210709766e-01 8.443881043511732853e-01 9.141359958425971932e-01 9.558071428917086498e-01 9.787116218438259851e-01 1.011159562715157278e+00 1.058384996003318479e+00 1.084556192696125132e+00 1.134727110353738189e+00 1.174803608336582705e+00 1.195094857074917583e+00 1.253416360172358912e+00 1.275439247291321410e+00 1.350104515134101790e+00 1.402710398640347744e+00 1.436725912487755608e+00 1.459944708434567584e+00 1.525829264679920749e+00 1.554124449751198123e+00 1.607885554926066218e+00 1.658348015194093250e+00 1.696683613726863271e+00 1.790530076062642584e+00 1.860128980703220192e+00 1.886092206195725707e+00 1.936524351465229721e+00 1.988345466243783388e+00 2.031678309792570136e+00 2.156704167853585652e+00 2.373850174602030627e+00 2.590297280418195403e+00 2.688790870928040810e+00 2.736413864976955601e+00 2.869488483087845321e+00 3.074196405278784017e+00 3.122970798099335976e+00 3.206200108658968428e+00 3.332605991827010783e+00 3.483367052761968008e+00 3.637969040484275496e+00 3.696237482246948147e+00 3.790013834470671750e+00
-2.320651606919907906e-01 1.473323187855680449e-01 2.118950597999812446e-01 2.688763512353361529e-01 3.112150020984537080e-01 3.577047221132531596e-01 4.164624779329866300e-01 4.368144841205028328e-01 4.748795758243992138e-01 4.986995684458591094e-01 5.434602434973702101e-01 5.750628542496445395e-01 6.280496558044974531e-01 6.381401625254693455e-01 6.816793444849005290e-01 7.429196601306304881e-01 7.723863080369247625e-01 7.909321555375414814e-01 8.077414630998482892e-01 8.453309771351518176e-01 9.147141243891426798e-01 9.564734153724387955e-01 9.759006025617087410e-01 9.978445644121598512e-01 1.053271396312742247e+00 1.088644828376208906e+00 1.128544677318109368e+00 1.174601553196388037e+00 1.193248798124985521e+00 1.249491679459535876e+00 1.271419087493325772e+00 1.341081999810515901e+00 1.401577807318259872e+00 1.439553187446243721e+00 1.462378369407570933e+00 1.526002839663700872e+00 1.557195315749636322e+00 1.604587065660747047e+00 1.663398881993869649e+00 1.697283175716845838e+00 1.788850290808848609e+00 1.864089549908318322e+00 1.892685650583155077e+00 1.942176618664306353e+00 1.986513449903481998e+00 2.031471519316861318e+00 2.160938598581927383e+00 2.373467756459242128e+00 2.595256007144266075e+00 2.686689201267749016e+00 2.735244329459557200e+00 2.873965235026999743e+00 3.069704110778847639e+00 3.119784339947723861e+00 3.196064006589069528e+00 3.334595861644555015e+00 3.476573065563493881e+00 3.631062747049047079e+00 3.672907100960379978e+00 3.789348772779779218e+00
-2.367824866330847100e-01 1.590450954754900614e-01 2.044762651077588200e-01 2.671449135288012644e-01 3.128202832711724501e-01 3.431990703740488979e-01 4.100304489035455080e-01 4.249415594779696326e-01 4.778199662318841634e-01 5.047921637143210072e-01 5.443554684739170257e-01 5.726533405290105128e-01 6.243223019967522047e-01 6.380709526430823342e-01 6.690311781449653772e-01 7.398803519506971238e-01 7.696835496056131376e-01 7.955241496632468046e-01 8.076549302537009423e-01 8.453285951277992316e-01 9.136294642973540325e-01 9.567410652036247853e-01 9.703445756696260638e-01 9.875487661639146264e-01 1.051024358136402492e+00 1.092240536424769370e+00 1.123405639121374477e+00 1.173078189685522688e+00 1.192534879367323386e+00 1.243819089517707699e+00 1.268405429785027572e+00 1.336130058644249718e+00 1.400285493129199921e+00 1.442035813280148515e+00 1.464353603816735516e+00 1.525710475169948399e+00 1.559671884220472204e+00 1.600887350932628461e+00 1.667595856278653255e+00 1.698646796551423588e+00 1.787031998990116888e+00 1.864870787039653477e+00 1.899998816597947782e+00 1.947750860222660307e+00 1.985789674859508303e+00 2.031379412600673007e+00 2.165279724820642127e+00 2.373159758019510956e+00 2.600711401382730159e+00 2.685045149735547643e+00 2.734650853521544356e+00 2.878466829454073395e+00 3.064398705148380309e+00 3.116336004713530450e+00 3.185170843610362290e+00 3.336761199996208127e+00 3.468202767754025917e+00 3.618701577832100558e+00 3.653875026476809396e+00 3.789057615615906816e+00
-2.325956897102598175e-01 1.627129699825507758e-01 1.972129133724943584e-01 2.652481832394281702e-01 3.107821315730232570e-01 3.340184265173134492e-01 4.016437128275774926e-01 4.115802483231048026e-01 4.786077302922958632e-01 5.089328705841559275e-01 5.496618831606382427e-01 5.707754322336691111e-01 6.219735193547282215e-01 6.375783515732650342e-01 6.579287931947314094e-01 7.368004896263944392e-01 7.654828518768990175e-01 7.995935078859164324e-01 8.074608686961407544e-01 8.448543412822172582e-01 9.107349481044402228e-01 9.543715977867752720e-01 9.627977784049600585e-01 9.820239767028619005e-01 1.051741929788978513e+00 1.095116252285978087e+00 1.118516657590072683e+00 1.171320962411856126e+00 1.193010235287764953e+00 1.236604918234616157e+00 1.266922030406684607e+00 1.334230391808089777e+00 1.398825302472450405e+00 1.443873199432223364e+00 1.465747586777275346e+00 1.524764316004792120e+00 1.561392705568197092e+00 1.597080387459632655e+00 1.670962917598779907e+00 1.700881982772398882e+00 1.785002175764481613e+00 1.863622198530878959e+00 1.907059985087507625e+00 1.952684719400708424e+00 1.986378702600766433e+00 2.031357645158461622e+00 2.169619021902291056e+00 2.372915623013669428e+00 2.606555341827369698e+00 2.683813417053530603e+00 2.734768583859484181e+00 2.882820238468324803e+00 3.058390835642535333e+00 3.112665596887123964e+00 3.173938939569272755e+00 3.338863347433102646e+00 3.458488424662693017e+00 3.599019553904055257e+00 3.642101431048434979e+00 3.789000811333164798e+00
-2.176028755663351189e-01 1.579035400612484874e-01 1.911884007108855532e-01 2.596292324654894679e-01 3.065155897670350793e-01 3.303133626082445096e-01 3.900219463646339979e-01 4.012013964849421854e-01 4.776682548393784145e-01 5.132868851265764976e-01 5.493698763836427634e-01 5.744838623288198720e-01 6.212763535306671248e-01 6.350635545837824969e-01 6.522181769864030532e-01 7.334806517830926298e-01 7.611181911251515553e-01 8.008471385030913048e-01 8.068005590175164610e-01 8.455680264729843465e-01 9.059841403485665579e-01 9.452776506824561720e-01 9.605784625525481957e-01 9.791191791698771185e-01 1.054498960263190233e+00 1.097003393840717544e+00 1.113324190769781064e+00 1.170307450934404470e+00 1.194602013227525017e+00 1.228759971649873828e+00 1.266647470574561840e+00 1.334198368312669691e+00 1.397360426834420410e+00 1.444679676880535002e+00 1.466631290018589162e+00 1.522959411515518502e+00 1.562422142686612059e+00 1.593478544935005070e+00 1.673622360484504190e+00 1.703955550784479023e+00 1.782740530718500471e+00 1.861103972540961271e+00 1.913340405443654024e+00 1.956690131639721386e+00 1.988249464391272037e+00 2.031345388450302547e+00 2.173846388285714859e+00 2.372717783354226562e+00 2.612613506558098209e+00 2.682920515621046942e+00 2.735675011756268038e+00 2.886831881781955378e+00 3.051900930005889467e+00 3.108670206158460569e+00 3.162908511304026504e+00 3.340738489203424422e+00 3.447867938404270749e+00 3.575601112738753695e+00 3.635045329084429344e+00 3.789061167378144912e+00
-1.910351171810720783e-01 1.460596150856000308e-01 1.839027106558395186e-01 2.512316171272744869e-01 3.030781383269187113e-01 3.265591561048084568e-01 3.810978318842667134e-01 3.918214842768791284e-01 4.769025201354297194e-01 5.182821598394199425e-01 5.432361020538238883e-01 5.814986947991488409e-01 6.196936847636052015e-01 6.333893998456917585e-01 6.524854737918832637e-01 7.297654126450964229e-01 7.570750123112892638e-01 7.977448376309506095e-01 8.064438697806033396e-01 8.483879226211920033e-01 8.994607638190579291e-01 9.354932702925102816e-01 9.598434574428236221e-01 9.779324851531050466e-01 1.058040446699701320e+00 1.097127259774087094e+00 1.108389479641318065e+00 1.170415895894094449e+00 1.197264402093841662e+00 1.221129417162059028e+00 1.266868888855051667e+00 1.335193175475900329e+00 1.396034282870119547e+00 1.444217800015748843e+00 1.467100220753970730e+00 1.520304852982869104e+00 1.562924738981387396e+00 1.590333746089044098e+00 1.675752324580595642e+00 1.707691989354851447e+00 1.780294014614912657e+00 1.857862332508168013e+00 1.918485557015417564e+00 1.959960881335445437e+00 1.991023286792860558e+00 2.031282232537602983e+00 2.177850865593859542e+00 2.372547500972459922e+00 2.618650419592634115e+00 2.682296582519483330e+00 2.737344282159342779e+00 2.890315605627540307e+00 3.045237476954680389e+00 3.104097298262796123e+00 3.152777286027335091e+00 3.342306692630671261e+00 3.436927957785101739e+00 3.552003619414079161e+00 3.630099282663523663e+00 3.789156139215941632e+00
-1.541044616682281931e-01 1.290219494063309935e-01 1.716405429139973848e-01 2.449193943147726371e-01 2.972658956465331070e-01 3.227764213266781090e-01 3.774383419438666065e-01 3.840583223464695828e-01 4.770532206107905848e-01 5.231074072598058677e-01 5.371983777001877458e-01 5.868107315239953214e-01 6.149020640633847679e-01 6.366667353290090814e-01 6.561568673655013839e-01 7.253435426442899070e-01 7.535778749696998569e-01 7.923779784534883408e-01 8.053742581303118264e-01 8.526869997612290808e-01 8.917104001368957311e-01 9.277330858132960545e-01 9.586172121263352164e-01 9.784154797175245166e-01 1.061359093180064050e+00 1.093715465953803090e+00 1.105976964441870880e+00 1.171523128955112236e+00 1.200804566091730363e+00 1.214153387542471041e+00 1.266962872758290448e+00 1.336742347092802596e+00 1.394889513882921150e+00 1.442554083480544813e+00 1.467189132558434528e+00 1.517092174082428579e+00 1.563076678793133389e+00 1.587785921411012158e+00 1.677512348745837434e+00 1.711815282718574194e+00 1.777770587005043978e+00 1.854340723039960670e+00 1.922281715110236044e+00 1.962894464334963285e+00 1.994164306338305215e+00 2.031122439599995833e+00 2.181520012221226157e+00 2.372390845034606066e+00 2.624387512244435783e+00 2.681891779287191468e+00 2.739624996349323549e+00 2.893125657973639075e+00 3.038756437361896712e+00 3.098689622903042729e+00 3.144297124490090578e+00 3.343565917786167851e+00 3.426313124328383974e+00 3.530012409637174109e+00 3.626325866863043590e+00 3.789238932493125045e+00
-1.115631795225543177e-01 1.076463900515345629e-01 1.520159616600699204e-01 2.441992682937771109e-01 2.892901989539622409e-01 3.204835449724265928e-01 3.708614202493970557e-01 3.865172098461185368e-01 4.773105855144701981e-01 5.261904113146130824e-01 5.355055388574873065e-01 5.897670652955866455e-01 6.089138062388007588e-01 6.429706334628755293e-01 6.611790479462494874e-01 7.197555110473041751e-01 7.509216821026166722e-01 7.866946402449845888e-01 8.032014527186436270e-01 8.570782740367648422e-01 8.839640381414151094e-01 9.223435493844948097e-01 9.567845375973577093e-01 9.802210076252769744e-01 1.063859883440225973e+00 1.087583228733254304e+00 1.106166917355808632e+00 1.173240910574460338e+00 1.204575842881412173e+00 1.208296389440805640e+00 1.266544755536817446e+00 1.338579942498501874e+00 1.393883526107203785e+00 1.440059932239572182e+00 1.466924886471361766e+00 1.513777269930636216e+00 1.563027623674517308e+00 1.585861803752991017e+00 1.678990450372143339e+00 1.715992421054675976e+00 1.775322374134571168e+00 1.850910373673510634e+00 1.924755302076376573e+00 1.965676749961890568e+00 1.997239995339885832e+00 2.030846801937867596e+00 2.184739694282367584e+00 2.372242722797123449e+00 2.629532493378961888e+00 2.681671702561732040e+00 2.742248951178408944e+00 2.895189997784427760e+00 3.032821041171349208e+00 3.092524409628665705e+00 3.137952563561545727e+00 3.344569648605209000e+00 3.416638327791452046e+00 3.510701997174026534e+00 3.623402236351329186e+00 3.789291593464119146e+00
-7.176951332898402758e-02 8.271790973809360625e-02 1.239598834178047837e-01 2.490486008044235922e-01 2.829294829894368202e-01 3.184954919464654255e-01 3.645363832808375948e-01 3.950101922020475276e-01 4.768883564842864020e-01 5.263897687163177075e-01 5.404424256805708815e-01 5.909428428651491982e-01 6.029101306384991865e-01 6.505990748962513504e-01 6.660924496877536072e-01 7.127292725726743772e-01 7.493547857040043780e-01 7.816201881950454178e-01 8.001634408431280709e-01 8.601118436364567632e-01 8.778895524253689242e-01 9.191120779110126815e-01 9.546172365179665942e-01 9.827317057868550920e-01 1.065355112499624113e+00 1.081229082233841732e+00 1.107321379078902268e+00 1.175103870573835474e+00 1.202253378477984747e+00 1.209558378748863072e+00 1.265531993849352110e+00 1.340479589010534989e+00 1.392965984675675006e+00 1.437292908832009442e+00 1.466416489887282681e+00 1.510795403933982595e+00 1.562895158951012942e+00 1.584508221202118428e+00 1.680199613928392566e+00 1.719856020892901904e+00 1.773126200854489243e+00 1.847881544997284742e+00 1.926167053019851139e+00 1.968187077874880897e+00 1.999973584314331143e+00 2.030474407459389674e+00 2.187396649387311154e+00 2.372107539578097946e+00 2.633814576144356767e+00 2.681600053772413617e+00 2.744866233012200674e+00 2.896534609814677808e+00 3.027773192670167202e+00 3.086250151425911525e+00 3.133695268108354526e+00 3.345386081312260007e+00 3.408438107206412049e+00 3.494861311355621947e+00 3.621195815968856646e+00 3.789314959424480378e+00
-4.182790321392106103e-02 5.519412622943292712e-02 8.862552718318110478e-02 2.554017005772496463e-01 2.791178106512818280e-01 3.167824346809172131e-01 3.606684427033970408e-01 4.045723530347578034e-01 4.759928072963853229e-01 5.265509894221671594e-01 5.486037551295188663e-01 5.892126890006321727e-01 5.990680317780457953e-01 6.574049872752812940e-01 6.710426770050911260e-01 7.046719445353266664e-01 7.487496114207061737e-01 7.774225267891679003e-01 7.969150147904183745e-01 8.608396107766748129e-01 8.747949226744970996e-01 9.175850380336680878e-01 9.525281260713672760e-01 9.852564135905720333e-01 1.066000274817556326e+00 1.075957498415171187e+00 1.108690620455239362e+00 1.176692008320610050e+00 1.198259685935726182e+00 1.213200661907423150e+00 1.264167449648026853e+00 1.342168063941974410e+00 1.392159876506096738e+00 1.434838703960135353e+00 1.465855075288786225e+00 1.508461212161337217e+00 1.562761814524763704e+00 1.583635019813664391e+00 1.681107691143685079e+00 1.723019709356023998e+00 1.771366501564713980e+00 1.845510560056371929e+00 1.926869257454229878e+00 1.970175491018951952e+00 2.002159562815684968e+00 2.030072433843192581e+00 2.189385221002304149e+00 2.371996500686984977e+00 2.637016061743282958e+00 2.681624457008547235e+00 2.747097996956015198e+00 2.897283627921132698e+00 3.023914892775773744e+00 3.080855717208056177e+00 3.131104726894447854e+00 3.346045749009153525e+00 3.402163955679390117e+00 3.483099799917551032e+00 3.619645412303292620e+00 3.789319040403666072e+00
-2.380624177204370209e-02 2.609742815774149932e-02 4.907441966588856758e-02 2.596193678792131920e-01 2.771343968720239026e-01 3.158646320318491685e-01 3.588051251360510063e-01 4.117396034968878182e-01 4.752643877825670771e-01 5.270610696230729753e-01 5.573755468400534152e-01 5.835909133158869722e-01 5.989664735563278164e-01 6.610483761123502333e-01 6.770173704909528967e-01 6.968261419057044659e-01 7.486566880703976468e-01 7.743262365573483352e-01 7.944663256460824385e-01 8.601648632032760089e-01 8.740193919953049839e-01 9.171080364406751784e-01 9.509930338423447926e-01 9.871265429543574221e-01 1.066143634824144204e+00 1.072508644228504338e+00 1.109775793524178544e+00 1.177716352145135481e+00 1.195667042949953629e+00 1.215827353800654542e+00 1.262959578786236658e+00 1.343344474883749529e+00 1.391580176125850610e+00 1.433172599912437839e+00 1.465434202734099856e+00 1.506977707325237503e+00 1.562672209097708542e+00 1.583152937053617260e+00 1.681672526436785553e+00 1.725111843130345157e+00 1.770218293182693081e+00 1.843998624496053340e+00 1.927164602600911270e+00 1.971437829433755784e+00 2.003595252256587411e+00 2.029751654929004001e+00 2.190617645714428630e+00 2.371922872529091286e+00 2.638989424543024764e+00 2.681678867678140676e+00 2.748600233106460955e+00 2.897620240067001696e+00 3.021490461081619117e+00 3.077239146382673596e+00 3.129738751089180315e+00 3.346505730526334155e+00 3.398200566331450734e+00 3.475861902479288723e+00 3.618722767901606741e+00 3.789315610639755860e+00
-2.492886877512027382e-04 -1.470658273888479075e-04 -2.965649574447236162e-08 2.609694231276587506e-01 2.765016742045755538e-01 3.156264015644904553e-01 3.582742926540342099e-01 4.143366111114861194e-01 4.750135209281551862e-01 5.273258797512754281e-01 5.622549598324378950e-01 5.796680323157126224e-01 5.994049566050332345e-01 6.619517954154181538e-01 6.809994080467611788e-01 6.924074459680209515e-01 7.486739527997160470e-01 7.731053385077052420e-01 7.935792878162605257e-01 8.597585946634909160e-01 8.739462690193006145e-01 9.170396476999252977e-01 9.504248998779246671e-01 9.878182902856044167e-01 1.066136957744384661e+00 1.071314997667744739e+00 1.110188603000076712e+00 1.178061556503678275e+00 1.194775353669809137e+00 1.216789624852132601e+00 1.262471179341029037e+00 1.343767491226350197e+00 1.391366182335136203e+00 1.432585488033436327e+00 1.465280212068367671e+00 1.506468493902404004e+00 1.562641578019401178e+00 1.582999600915075744e+00 1.681864213741949943e+00 1.725846036975655640e+00 1.769817751387257276e+00 1.843478902239476636e+00 1.927242098512754964e+00 1.971868365194845429e+00 2.004099401527428714e+00 2.029627611246196839e+00 2.191035332513243450e+00 2.371897032428912144e+00 2.639655247545310335e+00 2.681704876397179582e+00 2.749130267151244755e+00 2.897710105161737104e+00 3.020663018860135107e+00 3.075970328498785822e+00 3.129314486305606824e+00 3.346675332601047881e+00 3.396840849193235368e+00 3.473418916874837059e+00 3.618416232814112732e+00 3.789313410447959996e+00
2.227592068767875536e-02 2.968114272120687611e-02 5.938758320895081572e-02 2.518347615042099141e-01 2.815259308912761438e-01 3.149419077688958013e-01 3.593450392495780021e-01 4.138395456223403213e-01 4.748376384312631426e-01 5.261402136691307740e-01 5.598836646483492663e-01 5.785328281084758384e-01 6.025238011937518179e-01 6.610934344448641253e-01 6.820812313648678682e-01 6.920747695115562204e-01 7.417949744408548485e-01 7.807229743047722215e-01 7.948493707483194060e-01 8.555476674922422031e-01 8.768151433599942202e-01 9.176136200592982517e-01 9.503051026046479555e-01 9.871733129723959665e-01 1.059017197830554258e+00 1.078278068505844622e+00 1.109349815690277907e+00 1.175130347985196222e+00 1.192967306876504541e+00 1.219436028195488797e+00 1.264436570073209865e+00 1.342856069497249338e+00 1.391658484856253430e+00 1.433624651190695376e+00 1.466362659125695078e+00 1.506396470121289521e+00 1.562000037062897251e+00 1.583532662816947267e+00 1.682892793001253162e+00 1.725201102505667272e+00 1.770685290190547656e+00 1.842599757649284076e+00 1.926839779919613971e+00 1.971879315210724792e+00 2.004910479530638945e+00 2.030891580544379238e+00 2.192112259632907900e+00 2.372352334855949429e+00 2.639586187011280227e+00 2.682122054954406032e+00 2.747544254233251770e+00 2.896646018695336888e+00 3.020886818528751405e+00 3.075999156119655797e+00 3.128582619130840570e+00 3.346380774338890252e+00 3.397017917378478469e+00 3.473463374843045237e+00 3.618654569359494033e+00 3.788790201894950638e+00
4.421995535193363330e-02 5.885819270005691883e-02 1.166345946852122006e-01 2.366613343157428218e-01 2.816354419566869938e-01 3.161903293649646618e-01 3.626536888558678506e-01 4.128017978737195115e-01 4.737718000678440844e-01 5.207621126413536361e-01 5.559343410046635459e-01 5.752334658809450385e-01 6.097728464253237002e-01 6.599002320963318624e-01 6.836069520657968024e-01 6.915245600149196870e-01 7.323124873478140673e-01 7.898468849722020124e-01 8.011122850811492890e-01 8.472922788304362296e-01 8.809917009890148032e-01 9.191595625431617789e-01 9.503825825526753812e-01 9.858174085300452916e-01 1.049495266171572405e+00 1.086803837982215359e+00 1.107141814404486446e+00 1.168667787729390284e+00 1.188876963526302566e+00 1.224932415862613366e+00 1.269214448395531658e+00 1.340092888349065037e+00 1.393018319695362939e+00 1.436078773788413532e+00 1.469302101945727079e+00 1.506122089899032401e+00 1.560586004911410862e+00 1.584789520703656418e+00 1.685764506411202568e+00 1.723449883346539702e+00 1.772944229304379560e+00 1.840242583553036493e+00 1.925566976978988043e+00 1.972368845631641499e+00 2.006512316228153736e+00 2.034677933836004815e+00 2.195098776955012987e+00 2.373728965684282155e+00 2.639443286276030420e+00 2.683235673869376559e+00 2.743018299292276918e+00 2.893742035020951509e+00 3.021492909205270028e+00 3.076071719627083922e+00 3.126600080413982408e+00 3.345590725708843749e+00 3.397487997928736014e+00 3.473586812172191784e+00 3.619308238384411514e+00 3.787356565821137000e+00
6.536875582946592711e-02 8.681302271115436120e-02 1.679843846776186422e-01 2.218990676463844514e-01 2.719188947253982080e-01 3.205146373775166202e-01 3.683668224997567187e-01 4.122742348480108454e-01 4.707830709834621707e-01 5.085575407262935554e-01 5.537311173073488080e-01 5.707502705051439307e-01 6.185407445529860215e-01 6.605545236399180675e-01 6.831966140577796498e-01 6.907937495845183351e-01 7.268583728256533538e-01 7.940703142998648545e-01 8.114847776744771313e-01 8.384505338669628882e-01 8.830276811583341878e-01 9.214712044318575934e-01 9.514912522001868211e-01 9.851689310876764472e-01 1.039278918167657162e+00 1.093443487330016062e+00 1.104965541900509107e+00 1.161894976649309408e+00 1.184582795131263078e+00 1.230345877619795969e+00 1.274680412149003850e+00 1.335823766217013375e+00 1.395880850949870577e+00 1.438785383652835037e+00 1.473156871657947953e+00 1.505525267223409847e+00 1.559354917404298879e+00 1.586182356060839682e+00 1.689887598554023374e+00 1.720987838852614971e+00 1.775785649576484548e+00 1.837142228116453779e+00 1.923531688027569464e+00 1.973777285535472936e+00 2.007708032079060789e+00 2.040404924536601605e+00 2.199281639114041731e+00 2.375965323826651598e+00 2.639374593872076069e+00 2.684676073707630728e+00 2.736343671637752717e+00 2.889786514535299222e+00 3.022309970361087839e+00 3.076154431347827956e+00 3.123933948445521303e+00 3.344543881638662342e+00 3.398100083612335620e+00 3.473760015477452612e+00 3.620207542970770298e+00 3.785387897632038534e+00
8.482134363692131473e-02 1.122003932380464669e-01 1.930938384041837041e-01 2.245405508498006242e-01 2.590956219311389419e-01 3.245823022885077069e-01 3.754780127206838736e-01 4.133684280372950104e-01 4.654419965689861605e-01 4.907466167051391381e-01 5.522647853128730411e-01 5.672487749685083402e-01 6.273553106278608738e-01 6.637038051236111569e-01 6.810753128478557183e-01 6.886022822981316960e-01 7.256467494178537869e-01 7.976701998827326889e-01 8.189796958982469288e-01 8.310472573661503715e-01 8.824267101290543813e-01 9.240002394516589890e-01 9.537753089755205416e-01 9.868863851255323949e-01 1.028485642627872121e+00 1.094857812501272454e+00 1.106143175451448357e+00 1.156493017245507682e+00 1.181355613016821460e+00 1.234508019399682022e+00 1.279248853284824072e+00 1.331148546624560502e+00 1.399572281939859053e+00 1.441024544727718348e+00 1.476686330532421820e+00 1.504603738962302151e+00 1.558868975591784833e+00 1.587333608170337307e+00 1.694411921703490531e+00 1.718228304868978151e+00 1.778348534220620225e+00 1.834213018818747987e+00 1.921286745733402634e+00 1.975695670796524306e+00 2.008222030014014781e+00 2.046505667145167795e+00 2.203578190482093024e+00 2.378690603119408387e+00 2.639495544839923102e+00 2.685965183563387981e+00 2.729049732427027752e+00 2.885850618939720391e+00 3.023117161509598638e+00 3.076215001128415061e+00 3.121319707207319549e+00 3.343531091249001275e+00 3.398680668350582579e+00 3.473938374723936739e+00 3.621114885780296166e+00 3.783406787453245546e+00
1.003571723037077756e-01 1.319778342260700954e-01 1.843997799511300217e-01 2.352016629671820902e-01 2.620922071057540936e-01 3.281412415160950280e-01 3.814250063538660585e-01 4.163326077116407675e-01 4.586391836016315837e-01 4.732012827786832299e-01 5.506936627470906398e-01 5.657969522703308884e-01 6.344857706461841662e-01 6.679137276580646709e-01 6.784212444674281306e-01 6.856251433498338210e-01 7.261522251893306468e-01 8.011526067458984990e-01 8.208467661729995646e-01 8.274873734340177922e-01 8.809368467701735872e-01 9.256731662211603595e-01 9.560900484706706948e-01 9.918259377006630739e-01 1.017843179313108193e+00 1.093150313548009622e+00 1.108979839952324964e+00 1.153151945481024621e+00 1.179542784001962774e+00 1.237076687443900314e+00 1.282154214189973995e+00 1.327526849922581409e+00 1.402677503244313506e+00 1.442480565518972080e+00 1.479007043708649327e+00 1.503676241451938456e+00 1.558970882063502428e+00 1.588072697283178458e+00 1.698263077483971317e+00 1.715713486357089534e+00 1.780033870361394710e+00 1.832207906985748869e+00 1.919564686309811918e+00 1.977292799509555277e+00 2.008331455677331068e+00 2.051108294253559894e+00 2.206789439331190650e+00 2.381055793861814873e+00 2.639749520250068038e+00 2.686732350366822786e+00 2.723304224379281990e+00 2.882985971989347362e+00 3.023703465356294640e+00 3.076242915803190314e+00 3.119441183973749698e+00 3.342809422648880258e+00 3.399087479341979634e+00 3.474072126970524810e+00 3.621784654179065477e+00 3.781948242367708879e+00
1.069183998333419344e-01 1.400364802678575604e-01 1.791817186595346667e-01 2.311261401528296178e-01 2.711428451288325769e-01 3.301726043137270250e-01 3.838009007415502660e-01 4.184163289219825499e-01 4.543214192713933564e-01 4.659097213871721821e-01 5.499878632271965051e-01 5.655043792535334735e-01 6.373879043222872021e-01 6.700783588121094203e-01 6.771489276696396331e-01 6.840267904451936554e-01 7.264633606184174308e-01 8.028109713815034798e-01 8.200992114041213421e-01 8.270431465691643336e-01 8.802853166824033959e-01 9.261803093053139202e-01 9.570206383874330092e-01 9.962380162202020273e-01 1.011586322651650605e+00 1.092283723910005611e+00 1.110121211499828009e+00 1.152041004787130563e+00 1.178983991098786710e+00 1.237943922231427907e+00 1.283139360979974164e+00 1.326163348716609125e+00 1.403888244997704371e+00 1.442987063323386332e+00 1.479795699174332180e+00 1.503275819467428942e+00 1.559103065801380694e+00 1.588326657846436563e+00 1.699916921723043872e+00 1.714555619883667337e+00 1.780606092124498607e+00 1.831509709255164875e+00 1.918923066563580360e+00 1.977905250874086418e+00 2.008329999347099548e+00 2.052812468001401935e+00 2.207977404643524544e+00 2.382010793711107244e+00 2.639888392876963419e+00 2.686950380575876984e+00 2.721121198297132615e+00 2.881941596835238428e+00 3.023917348076898381e+00 3.076249235415759564e+00 3.118761442548349194e+00 3.342549191970876077e+00 3.399232777680501805e+00 3.474121743915286942e+00 3.622031051897910636e+00 3.781412566769497552e+00
-1.817382812099417877e-01 -1.272102106771605401e-01 2.433816821705471478e-01 2.770912321207333329e-01 3.252394670010088640e-01 3.335380688337315491e-01 3.955723510746735894e-01 4.096209622129388661e-01 4.753862795873698976e-01 5.097223731022179072e-01 5.627758320745519516e-01 6.028218838608353503e-01 6.473870057653822174e-01 6.657304958100589420e-01 7.312281928697398348e-01 7.614269239433234526e-01 7.899260437297721538e-01 8.305055952075977022e-01 8.392511625584069268e-01 9.019967590548713110e-01 9.212665056856835788e-01 9.619024600032833883e-01 1.005230608277458249e+00 1.025446075180644234e+00 1.081113098499854486e+00 1.120203580269481858e+00 1.167790550892187973e+00 1.201620023568619633e+00 1.229996217684987680e+00 1.259634801464368348e+00 1.270097946691618240e+00 1.368811193249275915e+00 1.392834127844521097e+00 1.407476078305609279e+00 1.486177087480244463e+00 1.550510854744572287e+00 1.572826951190842815e+00 1.612967467513649167e+00 1.646883728876761044e+00 1.661811818027676413e+00 1.709507566626672137e+00 1.757262742140610401e+00 1.883361654059292123e+00 1.931238036661774737e+00 1.982172634946367973e+00 2.032684791033454008e+00 2.200368565844394997e+00 2.355391271767615979e+00 2.586273944322130092e+00 2.690988214149504287e+00 2.728835415249568630e+00 2.822613877833477503e+00 3.049517095478499584e+00 3.170650051440278450e+00 3.228237687385910881e+00 3.307393692986940970e+00 3.446513782315532737e+00 3.639729853215107003e+00 3.789553266076989058e+00 3.830065741857278994e+00
-1.801134479529490628e-01 -1.175102935159240969e-01 2.421417837557630903e-01 2.787280519976275683e-01 3.235251178142589112e-01 3.332226170100383023e-01 3.951954994352936401e-01 4.105165316386448215e-01 4.722323808928187705e-01 5.117580343896623862e-01 5.614740715097529256e-01 5.990147238744248925e-01 6.458854503502251543e-01 6.678346069089103887e-01 7.311782364094924214e-01 7.615288587939762488e-01 7.916712218004494650e-01 8.292209312624793105e-01 8.398974741187299475e-01 8.986804082615753586e-01 9.216973098927173647e-01 9.616282988628803707e-01 1.005112997622493731e+00 1.024584104727260803e+00 1.078383018224934542e+00 1.122321724004930354e+00 1.166991098410736782e+00 1.199020018762722017e+00 1.230170307271697405e+00 1.257303984958104692e+00 1.271906835481435571e+00 1.366666989262414589e+00 1.396473544729187610e+00 1.406819821498598744e+00 1.486051952814844590e+00 1.546808623854197817e+00 1.569028354828303495e+00 1.610753859875433180e+00 1.640485210549613271e+00 1.673428440521715022e+00 1.714405473808979563e+00 1.757878831821571453e+00 1.883118064850607398e+00 1.931284281711447504e+00 1.982261184915021568e+00 2.032650126302901761e+00 2.200111063482843576e+00 2.355939207977598038e+00 2.586462227528534275e+00 2.690375714983717081e+00 2.729760230544410415e+00 2.823102861576486156e+00 3.049134246832587269e+00 3.170742058181780454e+00 3.227761548640550426e+00 3.307555290843651630e+00 3.445841272168778335e+00 3.639583946932117176e+00 3.789377327877735180e+00 3.827096590107171181e+00
-1.745006272364310329e-01 -8.658117879458936128e-02 2.389904348608097584e-01 2.823435445140812239e-01 3.175243333725825678e-01 3.332417910130799354e-01 3.953155028084789357e-01 4.121535606489801218e-01 4.650336628147608842e-01 5.160794475851180341e-01 5.572601683782130166e-01 5.899473321822743532e-01 6.414753553806673558e-01 6.726587754219498505e-01 7.309979621987687803e-01 7.616370832846734995e-01 7.958642907447981418e-01 8.262803874726036835e-01 8.411195750460259690e-01 8.893359419921851305e-01 9.229053069047519209e-01 9.610235653779808374e-01 1.003840327293554102e+00 1.022943727165352978e+00 1.072105069086647156e+00 1.126311055101521408e+00 1.164098062836451231e+00 1.193182890892186210e+00 1.229772728833916640e+00 1.251665100631044858e+00 1.276018603709880406e+00 1.362103890968210607e+00 1.403035345878910878e+00 1.407140990076320097e+00 1.483689640932463139e+00 1.534459408346225517e+00 1.564584618845374253e+00 1.605915889014623010e+00 1.638494738578498700e+00 1.684750346647471586e+00 1.729620761100332915e+00 1.760169483583949201e+00 1.882575476493657085e+00 1.931435797749468941e+00 1.982520483672398859e+00 2.032570683398088995e+00 2.199398528024310462e+00 2.357436249505177717e+00 2.587073450483540427e+00 2.688848864913993886e+00 2.732187154617483849e+00 2.824591076791893141e+00 3.048010347530482278e+00 3.170717620039017248e+00 3.226650441047416606e+00 3.307939565895318790e+00 3.443845095054530958e+00 3.639101882389566889e+00 3.788766026914605956e+00 3.818380075530622086e+00
-1.647146838825835069e-01 3.291211024139539115e-02 2.346252404250624979e-01 2.855218357927482020e-01 3.073051494792767846e-01 3.336861561394318665e-01 3.977686966213703212e-01 4.131174565317993208e-01 4.575758563515867627e-01 5.202270534792122758e-01 5.496039485894657073e-01 5.796030862178884746e-01 6.354145343393158285e-01 6.771940676370368228e-01 7.306091623873627316e-01 7.612027213356341582e-01 7.994487538504018165e-01 8.232627837975273755e-01 8.419649482767712634e-01 8.760749874089717171e-01 9.245872790348304004e-01 9.606070865236271406e-01 1.000108407870111682e+00 1.022019185646098949e+00 1.064705743867596421e+00 1.128174391338194082e+00 1.158289579150347359e+00 1.187942791351802363e+00 1.227760807368347917e+00 1.243879931914241510e+00 1.281413588254605607e+00 1.355866774560194221e+00 1.403876352889686707e+00 1.415331970302608600e+00 1.473683552026613608e+00 1.523155145952319600e+00 1.563387862034576914e+00 1.600990056470791734e+00 1.641100439202486605e+00 1.690487448110527202e+00 1.747220828003862581e+00 1.767286173611176459e+00 1.882193904245471394e+00 1.931827615514019936e+00 1.982910804598531307e+00 2.032509762207652670e+00 2.198380232335431117e+00 2.359509129500275471e+00 2.588232529776287372e+00 2.687058177237815926e+00 2.735351316783769082e+00 2.827141617083146929e+00 3.046216361327930500e+00 3.169784566975506479e+00 3.225673576065228865e+00 3.308320025460760760e+00 3.440595463517630570e+00 3.638169352617805608e+00 3.787056527926018212e+00 3.804900615853373136e+00
-1.534041465651854452e-01 1.003955956980533137e-01 2.294410026947629466e-01 2.848062069847412392e-01 2.964858873231929204e-01 3.328501218257325367e-01 4.026540048519050008e-01 4.132569277020259335e-01 4.533064907693301615e-01 5.222702310994601360e-01 5.391388205832335911e-01 5.708116167448373801e-01 6.292101061457420208e-01 6.792826855243865314e-01 7.297192728957997421e-01 7.595930699964635879e-01 7.973695620210848878e-01 8.224130464145846808e-01 8.408798251479565611e-01 8.633408916523256371e-01 9.263895731594705696e-01 9.609342772356032070e-01 9.946782126337697649e-01 1.021264546320280298e+00 1.057118395144699408e+00 1.124299445462532798e+00 1.151237719766498468e+00 1.185104650576702667e+00 1.224475541469113304e+00 1.234829369866555560e+00 1.287279608643351780e+00 1.347163212396327969e+00 1.405316744293197306e+00 1.423248851523837066e+00 1.457905624952803736e+00 1.520430547886263639e+00 1.563626859487183163e+00 1.596565809814888492e+00 1.645678689615361900e+00 1.694048798307283610e+00 1.755594761794851966e+00 1.784197099584650781e+00 1.882496762353835118e+00 1.932863419569363694e+00 1.983338361522265503e+00 2.032542181816769933e+00 2.197227775052259968e+00 2.361716695766386653e+00 2.590101594209253566e+00 2.685586128501781022e+00 2.738479618176612451e+00 2.830848537023482159e+00 3.043861974066982334e+00 3.167061770523482256e+00 3.225485171842171095e+00 3.308516139587255545e+00 3.436229628292192473e+00 3.636647080399709964e+00 3.778285415531063229e+00 3.793156735890492293e+00
-1.474839843713396659e-01 1.332199988934619772e-01 2.246308570777085789e-01 2.729548006369570956e-01 2.946127583981930087e-01 3.292149573979226695e-01 4.044937191664937370e-01 4.166411617811935364e-01 4.546376433010376750e-01 5.185594706225800099e-01 5.299389248755851378e-01 5.654809415259520744e-01 6.236492001548984421e-01 6.780131799440735074e-01 7.273728328251011233e-01 7.560882698963520276e-01 7.877723186651079956e-01 8.231926446761700378e-01 8.359159493026880883e-01 8.567049712931996686e-01 9.281640238913642094e-01 9.621837661049630341e-01 9.893092601386215268e-01 1.018657838957850448e+00 1.049824682080685800e+00 1.114031800620914225e+00 1.145318717947284570e+00 1.183365105692998354e+00 1.220932224499927443e+00 1.226332611802557926e+00 1.291676211736626501e+00 1.337015359860460606e+00 1.406739945099415134e+00 1.425558563578702698e+00 1.449633897628719303e+00 1.521833515081958854e+00 1.564439627272301347e+00 1.592754768605162186e+00 1.651219921573785054e+00 1.696808484132552808e+00 1.759251852582244258e+00 1.803042555251154644e+00 1.883924508561462208e+00 1.935170461148616239e+00 1.983693486449420007e+00 2.032719638388880146e+00 2.196077992547264657e+00 2.363710394306783869e+00 2.592819546426567090e+00 2.684799768100623929e+00 2.740968198151775947e+00 2.835798863030348560e+00 3.041085995471245251e+00 3.162155740586892971e+00 3.225888345295433890e+00 3.308577654844147009e+00 3.430977875673938637e+00 3.634411738042657714e+00 3.756260693386006100e+00 3.790095574651303423e+00
-1.557880402949415877e-01 1.527230812352155798e-01 2.216253071794403728e-01 2.582754712108216166e-01 2.966333965285219976e-01 3.232087756086393648e-01 4.000346953846437015e-01 4.247065890207377681e-01 4.601814263731661692e-01 5.083562852436105395e-01 5.250793589647301252e-01 5.651877742617329448e-01 6.188696416882727425e-01 6.733906285969566419e-01 7.213542060677023970e-01 7.491000105426943723e-01 7.772215327669014240e-01 8.207498760467818455e-01 8.313114203174498673e-01 8.544511729941505207e-01 9.297760545671908128e-01 9.636453745736177634e-01 9.852642697210680645e-01 1.012473503748449799e+00 1.043708022919537681e+00 1.101631363898945226e+00 1.138777416183747171e+00 1.181573522660513964e+00 1.215780225163309858e+00 1.222738777979843983e+00 1.290593209904277838e+00 1.330049157969261708e+00 1.404230905914199301e+00 1.425325306047015683e+00 1.452286140188299157e+00 1.523964718901004822e+00 1.565385104640045544e+00 1.589717289494781305e+00 1.657259218490227060e+00 1.699115243540360254e+00 1.761826877559306448e+00 1.818499035906605998e+00 1.886784442657111649e+00 1.939265986125548125e+00 1.983940261676462091e+00 2.033040835066508567e+00 2.195010372814291344e+00 2.365324800681275264e+00 2.596442205941965398e+00 2.684856183339655811e+00 2.742440882966849625e+00 2.842005264747968329e+00 3.038046535304737450e+00 3.155339907489721707e+00 3.225581334037276093e+00 3.308920756725684420e+00 3.425182122890717107e+00 3.631345616142076960e+00 3.728735475234518315e+00 3.788974317371343048e+00
-1.771614735620997416e-01 1.650166353667971708e-01 2.179129916073934969e-01 2.483969935448550326e-01 2.967350662604984479e-01 3.182763608597031779e-01 3.932452834968366839e-01 4.323766568830858525e-01 4.627625109642171108e-01 5.012901167057772778e-01 5.216320464426118519e-01 5.702040497008210584e-01 6.147286982914806908e-01 6.659728787345077228e-01 7.083978988932819743e-01 7.401595084436033423e-01 7.723805300281473274e-01 8.145358566699383296e-01 8.290194091490828976e-01 8.521681665115610205e-01 9.304614564380815356e-01 9.638371727871151151e-01 9.823653994566301506e-01 1.004148214196926014e+00 1.039176245569982004e+00 1.090945921611425007e+00 1.130034439348383657e+00 1.180410150144441284e+00 1.210566190299457334e+00 1.223502597223658617e+00 1.281733330388888703e+00 1.330057500622169764e+00 1.399414047638857683e+00 1.428061526124272840e+00 1.457398008849078774e+00 1.525489640590850904e+00 1.566084761910054857e+00 1.587604964366711835e+00 1.663469383755508346e+00 1.701099942575003299e+00 1.763878784804680189e+00 1.829385593774069729e+00 1.891182074281982928e+00 1.945073227112503744e+00 1.984208052629284236e+00 2.033438879044967784e+00 2.194055248239902056e+00 2.366574876210836287e+00 2.600907805813438056e+00 2.685726568619513976e+00 2.742791609214593862e+00 2.849336744219008732e+00 3.034911465942941255e+00 3.147218740216557453e+00 3.222666969077029986e+00 3.310275840948380566e+00 3.419279996889872830e+00 3.627176525530231288e+00 3.698637193206579354e+00 3.788277084968082686e+00
-1.990688536835663325e-01 1.693341631840174777e-01 2.112321768695873958e-01 2.463635644483783971e-01 2.909885587555184339e-01 3.180307738692721986e-01 3.860214102970780381e-01 4.354492063778184208e-01 4.568810728577768487e-01 5.037036308538976881e-01 5.202339023548984143e-01 5.791938422384832474e-01 6.112217624788668369e-01 6.567395958399048217e-01 6.901443909681703737e-01 7.337595560234153602e-01 7.715215287704934033e-01 8.076934747883092180e-01 8.263967903540523352e-01 8.483905154180280128e-01 9.287879783191717031e-01 9.620026973009145888e-01 9.764486884669606459e-01 1.000073446627084417e+00 1.035976882811858513e+00 1.083674059922322463e+00 1.119930242868646619e+00 1.180409794964109693e+00 1.207544099087822786e+00 1.225415085506867507e+00 1.269605481815329950e+00 1.334018052095700568e+00 1.395693963822336237e+00 1.431259920917731243e+00 1.461922539639654905e+00 1.525853882044120313e+00 1.566260975153439317e+00 1.586418014125390075e+00 1.669500699057267390e+00 1.702939432581020762e+00 1.765492255668783095e+00 1.836091601992127620e+00 1.896876876833237580e+00 1.951695753803977196e+00 1.984846575438841576e+00 2.033793349859950084e+00 2.193217371065901755e+00 2.367581559615578257e+00 2.606041694898349803e+00 2.687195875037722725e+00 2.742210833286671257e+00 2.857485511089854047e+00 3.031848960345594701e+00 3.138388550124045384e+00 3.215597922060887459e+00 3.313265498051678914e+00 3.413734103503132555e+00 3.620775139585977964e+00 3.668610729009063931e+00 3.787821655509413965e+00
-2.103434107871962611e-01 1.617140317911963110e-01 2.042087501018134965e-01 2.480890654533322859e-01 2.852169065351002897e-01 3.178426005983004399e-01 3.797599547707714018e-01 4.264546355349866369e-01 4.534878523469412781e-01 5.096963856749145982e-01 5.226527742458572101e-01 5.884147633998201288e-01 6.094842914529708944e-01 6.473081694618346704e-01 6.728940245393124631e-01 7.294716339979080422e-01 7.717646269344687893e-01 8.012713429760985884e-01 8.226630543191839617e-01 8.439380499782909162e-01 9.237093848604126523e-01 9.572722068111831906e-01 9.684177270728573372e-01 1.000443560119275377e+00 1.035274456227430084e+00 1.080038161092357951e+00 1.110254273859295759e+00 1.180805937697275709e+00 1.206865198390978833e+00 1.226490418500363555e+00 1.258972476047355737e+00 1.338702869633797921e+00 1.393331164157534774e+00 1.433620694473067614e+00 1.465279235234020261e+00 1.524877900620490889e+00 1.565871574653124876e+00 1.585911459065040496e+00 1.674883138556527040e+00 1.704958505663534130e+00 1.766719551068807403e+00 1.839777475820337793e+00 1.903282648992498771e+00 1.957780000179196067e+00 1.986368358924164079e+00 2.033964220776140586e+00 2.192499504263035526e+00 2.368474327260583934e+00 2.611593795822237052e+00 2.688842284059777210e+00 2.741179502319946781e+00 2.865984958179671249e+00 3.029017162828387288e+00 3.129298150904650466e+00 3.204024418652983375e+00 3.317895990686096308e+00 3.408925263233660630e+00 3.607742120789423357e+00 3.644526707194340798e+00 3.787587476373613704e+00
-2.047252289746326337e-01 1.454854893280952410e-01 1.922559383796652310e-01 2.492215114832607714e-01 2.860401472866486161e-01 3.134858580042600984e-01 3.752894297936978374e-01 4.088851780010281378e-01 4.560034550957576260e-01 5.118830642634230044e-01 5.305956715251359812e-01 5.923889775017525672e-01 6.117308777116579055e-01 6.393896720959147961e-01 6.613233446620137013e-01 7.261278240367878833e-01 7.712947990435339296e-01 7.957213028938040500e-01 8.171931693944359809e-01 8.413382621613687551e-01 9.154992965845037967e-01 9.482986387705016895e-01 9.641589388512896708e-01 9.994456049657076679e-01 1.038802889097003135e+00 1.079290359943872124e+00 1.102314170873800014e+00 1.180814532137506534e+00 1.207552145280162970e+00 1.224962157164930732e+00 1.253082786714216024e+00 1.342694096205784282e+00 1.391828183638833538e+00 1.434925016584900126e+00 1.467379738505176334e+00 1.522641364667115749e+00 1.565102685267479643e+00 1.585697903413431309e+00 1.679044755720595417e+00 1.707592726457165089e+00 1.767642041402494923e+00 1.841639779655677822e+00 1.909683346763713319e+00 1.962330722789773274e+00 1.989088880222190436e+00 2.033836208199437223e+00 2.191914204760593954e+00 2.369321089463310770e+00 2.617287589620008070e+00 2.690053499231220613e+00 2.740397900564970346e+00 2.874268262928434847e+00 3.026551001847065159e+00 3.120195890084014767e+00 3.188955709151752860e+00 3.323576256987170741e+00 3.405067604115826541e+00 3.583681088042852458e+00 3.632271696371521585e+00 3.787573877307608416e+00
-1.792792592349433944e-01 1.255663472113103529e-01 1.721029770992121011e-01 2.492008062837474669e-01 2.892016147486386468e-01 3.078722557113960367e-01 3.713195470731926462e-01 3.928410261126280001e-01 4.605144032639634788e-01 5.124332404250898643e-01 5.393576847987435752e-01 5.929228432901941792e-01 6.129883444347394850e-01 6.339496943656499628e-01 6.587968598445806956e-01 7.228213752034338135e-01 7.686290878263115633e-01 7.915571156674336972e-01 8.102639949650963791e-01 8.423528207023687209e-01 9.054481019330224978e-01 9.384430051965756414e-01 9.616890437578011763e-01 9.964367468965268371e-01 1.045342812470646310e+00 1.079872752744052811e+00 1.097233691321006566e+00 1.180381246143172635e+00 1.207246780923484364e+00 1.221852763197176062e+00 1.252436339151458133e+00 1.345311890935132260e+00 1.390885482375594728e+00 1.435322236588199019e+00 1.468292189319236440e+00 1.519439767735605962e+00 1.564221926028139364e+00 1.585454177754318739e+00 1.681594230717759375e+00 1.711097387267010106e+00 1.768347064645641842e+00 1.842536433202043078e+00 1.915432802779205579e+00 1.965361232249695167e+00 1.992659062915189905e+00 2.033358917891598505e+00 2.191479024383188090e+00 2.370112593965948644e+00 2.622857284500773378e+00 2.690203824772229968e+00 2.740557725248855547e+00 2.881754756823612595e+00 3.024544082403086254e+00 3.111092831714678208e+00 3.172370480840625895e+00 3.329535069462736807e+00 3.402187732030624634e+00 3.555315785994241917e+00 3.626604383462751269e+00 3.787763088843502324e+00
-1.346555018887239108e-01 1.043193428522058569e-01 1.459859933910552243e-01 2.478012107474978909e-01 2.845413911380085259e-01 3.102988721166914932e-01 3.644313780467273722e-01 3.867691570281516777e-01 4.651874263343901417e-01 5.144365494431558661e-01 5.460955702631792308e-01 5.934637990637954275e-01 6.077260407239872819e-01 6.346703674091112024e-01 6.629623136290391239e-01 7.187025194960231511e-01 7.635465140562657238e-01 7.885191217474952774e-01 8.034325956796325441e-01 8.464314357557398694e-01 8.950370229983853898e-01 9.298294068716396188e-01 9.591981214448527249e-01 9.931581618861550220e-01 1.052312751347851627e+00 1.079263477358059831e+00 1.096707751606468717e+00 1.179747681540136872e+00 1.204185893749247116e+00 1.220256636432322406e+00 1.254571088020790315e+00 1.346322694895295990e+00 1.390459181803024080e+00 1.435049987042121833e+00 1.468207813934380379e+00 1.515745642635751844e+00 1.563457931710195981e+00 1.585024018806080237e+00 1.682653469404845170e+00 1.715220236999424275e+00 1.768895358886405367e+00 1.842973935014253994e+00 1.920081661400790729e+00 1.967517500787909768e+00 1.996323257653446204e+00 2.032569692455711063e+00 2.191200879128273549e+00 2.370794298513664966e+00 2.628057829629779185e+00 2.689022967026311051e+00 2.741947590800648538e+00 2.887955289610237397e+00 3.023027546082848183e+00 3.101831674096950486e+00 3.156702950303626132e+00 3.335122552715624522e+00 3.400157534205221932e+00 3.528373885155777323e+00 3.623240335859780892e+00 3.788106733677904181e+00
-8.025267542717302860e-02 8.264519063961847656e-02 1.166925510612881328e-01 2.471091343037845889e-01 2.796937123173285911e-01 3.143961577766995474e-01 3.586584913594932367e-01 3.906047986469258215e-01 4.688281363927374046e-01 5.186759531506014431e-01 5.513606243549719066e-01 5.931693627360087318e-01 5.998220379981585859e-01 6.416400167346516525e-01 6.684126377646490980e-01 7.131563298416059293e-01 7.576610873921100220e-01 7.849117503973560561e-01 7.982312503232934509e-01 8.518853061032094498e-01 8.856118920412433537e-01 9.233475129291693895e-01 9.563546232184886309e-01 9.906061871248946771e-01 1.058223270642972613e+00 1.076749944048983831e+00 1.100325515111306496e+00 1.179092672393742935e+00 1.200154331193879820e+00 1.219545872703322154e+00 1.257482982268229410e+00 1.345999982828478103e+00 1.390515743282668693e+00 1.434356809620766393e+00 1.467447121151374434e+00 1.512126265595713059e+00 1.562944956387782858e+00 1.584410695730002594e+00 1.682735176743688665e+00 1.719330343476761724e+00 1.769311571358831214e+00 1.843211551339584808e+00 1.923460093564651752e+00 1.969260012464476794e+00 1.999520620243278479e+00 2.031593532813014136e+00 2.191062638769678994e+00 2.371314587074296654e+00 2.632644922902751983e+00 2.686830745825500522e+00 2.744228055960140189e+00 2.892578200617819562e+00 3.021958707585535642e+00 3.092501812401406980e+00 3.144104009157505430e+00 3.339890092494332219e+00 3.398755371609608389e+00 3.505396194005268029e+00 3.621002569362748780e+00 3.788526219452220012e+00
-4.038256029905984423e-02 5.896041460978579396e-02 8.545370965189395818e-02 2.519672774563005424e-01 2.778617866474911158e-01 3.155598845728760926e-01 3.574178337094261471e-01 4.001866445268505990e-01 4.715696645456387559e-01 5.234151798379944598e-01 5.562183743927668900e-01 5.883859860951620169e-01 5.970352300859093075e-01 6.512316869893497451e-01 6.727737883480776615e-01 7.060453843439660204e-01 7.527459322200007463e-01 7.798369484476401770e-01 7.953194222428584537e-01 8.566906329607625326e-01 8.785209032106062743e-01 9.193567850128562258e-01 9.534817548242695562e-01 9.889666259738786325e-01 1.062578242707701959e+00 1.073980134455860380e+00 1.105112930435285357e+00 1.178536792252068643e+00 1.197039271789327897e+00 1.218506557071480367e+00 1.260105208092604068e+00 1.345023110870167349e+00 1.390862947377573766e+00 1.433519949390163584e+00 1.466431821747107067e+00 1.509123039364053342e+00 1.562701417740579357e+00 1.583738538793159512e+00 1.682386110593095063e+00 1.722774859289574412e+00 1.769599834107874914e+00 1.843359216996864003e+00 1.925653441861606474e+00 1.970648324246260685e+00 2.001982381677202660e+00 2.030625437133122269e+00 2.191022591205398218e+00 2.371656911836669490e+00 2.636336042603999896e+00 2.684360925473245008e+00 2.746654440448167200e+00 2.895595769313664469e+00 3.021244942656153842e+00 3.084052899048574936e+00 3.135553198757285109e+00 3.343546740833874598e+00 3.397762160180482383e+00 3.487948780464448895e+00 3.619532810583620197e+00 3.788925167876525890e+00
-2.820205775423778247e-02 3.066405219756320952e-02 5.105259472356191153e-02 2.583906952155933245e-01 2.769218878439110298e-01 3.156066913253610662e-01 3.579554095190690122e-01 4.101844085337996160e-01 4.739063476072370440e-01 5.264379082181627201e-01 5.604013157694252012e-01 5.822961311602873336e-01 5.983788133495868689e-01 6.592305473381125935e-01 6.770018559022012994e-01 6.979137674524884538e-01 7.496888373289891661e-01 7.750658018858568310e-01 7.939779266517735801e-01 8.592296878246359348e-01 8.748256978100981129e-01 9.175138851684591090e-01 9.512675338695927296e-01 9.880909222887872545e-01 1.065241475777841673e+00 1.072013971774132379e+00 1.108817175142597700e+00 1.178179725764283425e+00 1.195302504249052600e+00 1.217325942802343963e+00 1.261860110513082445e+00 1.344119945202415511e+00 1.391220262682538067e+00 1.432844330610866024e+00 1.465599014451936188e+00 1.507153013092677352e+00 1.562641662291139211e+00 1.583204615486497158e+00 1.682014796098588505e+00 1.725051329339812645e+00 1.769764871377747406e+00 1.843448241667077658e+00 1.926859675667367267e+00 1.971554550773926717e+00 2.003554035744680384e+00 2.029899532731698653e+00 2.191027967130889209e+00 2.371840641262511706e+00 2.638786817719896316e+00 2.682433848148669586e+00 2.748464753837768004e+00 2.897213701361323057e+00 3.020813381943207698e+00 3.078104994545995066e+00 3.130813301097842949e+00 3.345871749310927790e+00 3.397092708470835998e+00 3.477094331015962769e+00 3.618690949873650364e+00 3.789210159691930091e+00
-2.492886877512027382e-04 -1.470658273888479075e-04 -2.965649574447236162e-08 2.609694231276587506e-01 2.765016742045755538e-01 3.156264015644904553e-01 3.582742926540342099e-01 4.143366111114861194e-01 4.750135209281551862e-01 5.273258797512754281e-01 5.622549598324378950e-01 5.796680323157126224e-01 5.994049566050332345e-01 6.619517954154181538e-01 6.809994080467611788e-01 6.924074459680209515e-01 7.486739527997160470e-01 7.731053385077052420e-01 7.935792878162605257e-01 8.597585946634909160e-01 8.739462690193006145e-01 9.170396476999252977e-01 9.504248998779246671e-01 9.878182902856044167e-01 1.066136957744384661e+00 1.071314997667744739e+00 1.110188603000076712e+00 1.178061556503678275e+00 1.194775353669809137e+00 1.216789624852132601e+00 1.262471179341029037e+00 1.343767491226350197e+00 1.391366182335136203e+00 1.432585488033436327e+00 1.465280212068367671e+00 1.506468493902404004e+00 1.562641578019401178e+00 1.582999600915075744e+00 1.681864213741949943e+00 1.725846036975655640e+00 1.769817751387257276e+00 1.843478902239476636e+00 1.927242098512754964e+00 1.971868365194845429e+00 2.004099401527428714e+00 2.029627611246196839e+00 2.191035332513243450e+00 2.371897032428912144e+00 2.639655247545310335e+00 2.681704876397179582e+00 2.749130267151244755e+00 2.897710105161737104e+00 3.020663018860135107e+00 3.075970328498785822e+00 3.129314486305606824e+00 3.346675332601047881e+00 3.396840849193235368e+00 3.473418916874837059e+00 3.618416232814112732e+00 3.789313410447959996e+00
